id,volume,chapter,page,clause,family_seed,capability_area,impl_status,verif_status,release_status,phase_origin,package,evidence,remaining_work,notes,source_ref,evidence_scope
C-001,V0,"App C / ch.2 Mission, Category, and Doctrine",App C (after PARA 401),"The Eye shall be conceived, designed, sold, and operated as a Strategic Intelligence Operating System. It shall not be reduced to a chatbot, dashboard, BI tool, copilot, or reporting product.",V00-F001,governance-docs,partial,not-applicable,branch-only,not-applicable,P7-A,"apps/api/src (modules observation, intelligence, graph, prediction, twin, decision, executive); conformance.manifest.json; DECISIONS.md","The operating loop is only complete once agents (P7-A), governed learning (P7-B), marketplaces (P7-C) and the executive surface (P6) exist; today the product is the governed data/decision spine without the OS-level agent society.","Product-conception invariant; the whole register (P1–P7-F) is its remaining work. Inherited by V1 ch.4, 40, 41.",v00.txt:para 401:L654-L710,branch+main
C-002,V0,App C / ch.6 The Strategic Intelligence Lifecycle,App C (after PARA 401),"The product shall implement one continuous operating loop: Observe, Understand, Predict, Simulate, Decide, and Learn. No stage may be treated as a disconnected feature island.",V00-F002,executive-os,partial,passed:harness,branch-only,phase6,P7-B,"migrations/0022 (observe) -> 0023 (understand) -> 0024 (graph) -> 0029 (predict) -> 0032/0033 (twins, simulate) -> 0041/0042 (decide) -> 0045 decision.record_outcome/close_package; test/int/phase6-monitoring.test.ts: 'closure records the lessons as text on the outcomes'; test/int/phase4-acceptance.test.ts: 'D4 an outcome is scored'","The Learn stage stops at lessons-as-text on a closed package: no lesson object entering memory, no model/agent evaluation fed by outcomes, no governed release of improvements (master build prompt Phase 7).","Delivered chain Observe..Decide on main (Phases 1–5) and branch (Phase 6); Learn scheduled for Phase 7. Related: C-044, C-025.",v00.txt:para 401:L655-L710,branch+main+test
C-003,V0,App C / ch.2 Category definition,App C (after PARA 401),"Interfaces such as chat, dashboards, reports, and APIs may exist, but they are access modes to the operating system rather than the product definition.",V00-F003,ux,partial,not-applicable,branch-only,phase0,P7-E,apps/web/app/** (thin governed client over the API; every page reads the same governed objects); apps/web/lib; packages/contracts (ADR-P0-13); no conversational interface exists,Unified shell and complete workspaces (P7-E); if a conversational access mode is added it must go through the same PDP/provenance path (no design yet).,Design constraint rather than behaviour; satisfied by construction so far. | release_status merged → branch-only from the evidence at 2e83945,v00.txt:para 401:L656-L710,branch+main
C-004,V0,App C / ch.5 Decision sovereignty,App C (after PARA 401),"A named human authority shall make every final strategic or high-impact decision. The system may advise, prepare, and execute approved workflows, but it shall not silently assume decision rights.",V00-F004,decision,implemented,passed:harness,branch-only,phase6,R0,"migrations/0042_decision_approvals_and_commitment.sql (commit_package: C3, named human decision_authority not among approvers); apps/api/src/decision/approvals/approval.service.ts; test/int/phase6-approvals.test.ts: 'the human gate at the PEP: a non-human principal holding decision_authority is refused before any port', 'the ROUTE pins C3 whatever the envelope claims'; test/int/phase6-agents.test.ts: 'approve, dissent and commit are refused at the PDP with no grant'",Merge of PR #46 behind C15 (R0). Override of a recommendation is not a recorded object (ch.5 'any override' — see V00-T-024).,"The only decision object is the package; agents hold no approval or commitment write. V1 ch.6, 16.",v00.txt:para 401:L657-L710,branch+test
C-005,V0,App C / ch.5 Explanation without performative transparency,App C (after PARA 401),"Every material forecast, scenario, simulation result, risk, opportunity, and recommendation shall expose evidence, assumptions, uncertainty, lineage, alternatives, and accountable system versions.",V00-F005,decision,partial,passed:harness,branch-only,phase6,P6,"migrations/0029 (fct_names_drivers, fct_names_assumptions, evidence_refs required); migrations/0033 (run schema requires sensitivity, model, environment, operator); migrations/0048 (option uncertainty and controls derived at the port from cited records); test/int/phase6-review-corrections.test.ts: 'uncertainty and controls are derived at the port from the cited records'; test/int/phase6-decisions.test.ts: 'an option on a completed run binds version and digest, is SIMULATED, and carries uncertainty'; decision.dissent (0041)","Risks and opportunities are free-text arrays on a package, not explained objects; warnings carry no alternatives; no layered explanation surface (executive/analyst/auditor) in the UI; agent/model versions are not shown on every material output.","Forecasts (P4), simulations (P5) and packages (P6) satisfy the object-level part. V1 ch.5, 16, 29, 34.",v00.txt:para 401:L658-L710,branch+test
C-006,V0,App C / ch.3–4,App C (after PARA 401),"The common platform shall satisfy enterprise requirements for governance, security, scale, auditability, reliability, and lifecycle management from its first production architecture.",V00-F006,infrastructure,partial,passed:ci,merged,phase0,P7-D,"migrations/0009 (privilege separation), 0004/0005 (audit chain), RLS on every scoped table (test/int/domain-isolation.test.ts); .github/workflows/ci.yml: build-test, browser-regression, supply-chain; c15-patched-image-recheck.yml, c17-finalize.yml, c19-lifecycle.yml; docker-compose.yml (images pinned by digest); EXCEPTIONS.md EXC-P0-001","No HA/PITR/DR, telemetry, error budgets, capacity evidence or deployment profiles (P7-D); C15 util-linux image findings keep the release gate red (register §4, R-3); FINAL C16/C17 chain not run (R0).",Governance/audit/isolation are enterprise-grade; scale and reliability are unmeasured.,v00.txt:para 401:L659-L710,main+test
C-007,V0,App C / ch.4 Domain specialization,App C (after PARA 401),"A single domain-neutral core shall serve all customer classes. Domain ontologies, models, workflows, agents, and policies may extend the core without forking its constitutional semantics.",V00-F007,governance-docs,partial,passed:harness,branch-only,omission,P7-C,migrations/0002 tenancy.domains; migrations/0006 objects.schema_registry; migrations/0032 twin.twin_kind_schemas; test/int/domain-isolation.test.ts,"No extension mechanism: domain packs (ontology extensions, connectors, policies, metrics, twin templates, model suites, agent capabilities, executive views) with namespace/owner/evidence/evaluation/compatibility/lifecycle declarations do not exist (ch.4, V00-T-022).",The neutral core is Phase 0–6; governed specialization was never scheduled by the build prompt (omission). Ontology governance belongs to P3. | release_status merged → branch-only from the evidence at 2e83945,v00.txt:para 401:L660-L710,branch+main+test
C-008,V0,App C / ch.7 Canonical Architecture,App C (after PARA 401),"The ten named architecture layers are the canonical product structure. Cross-cutting planes may support them but shall not replace, collapse, or rename them without constitutional amendment.",V00-F008,governance-docs,partial,not-applicable,branch-only,phase0,P3,"apps/api/src: observation (L1), intelligence (L2), graph (L3/L4), twin (L5, L8), prediction (L6, L7), decision (L9), executive (L10); conformance.manifest.json (units mapped to layers/components)",L3 Enterprise Memory has no dedicated service (memory is canonical objects + graph search); L2 is extraction only; layer names are not the product's navigation structure in the web shell.,Ten layers preserved logically; not collapsed or renamed. | release_status merged → branch-only from the evidence at 2e83945,v00.txt:para 401:L661-L710,branch+main
C-009,V0,"App C / ch.7, 11 Knowledge Graph",App C (after PARA 401),"The Knowledge Graph shall be the connected semantic heart of The Eye and the shared context substrate for memory, twins, reasoning, prediction, scenarios, simulations, and decisions.",V00-F009,memory-graph,partial,passed:harness,branch-only,phase3,P3,"migrations/0024_graph_entities_edges_and_strategy.sql; 0025 impact; 0026 edge supersession; test/int/phase5-twins.test.ts: 'a twin without a boundary entity is refused'; migrations/0029 issue_forecast (assumptions must be strategy-graph ASUs); migrations/0041 (objectives are OBJs, packages reach the DEC); migrations/0048 replay_layers reads graph state","Ontology governance, hybrid semantic retrieval, permission-aware embeddings, graph reasoning for prediction/simulation/agents, master identity across languages (P3).",Anchoring is enforced at the ports; the graph's reasoning role is thin. | release_status merged → branch-only from the evidence at 2e83945,v00.txt:para 401:L662-L710,branch+main+test
C-010,V0,App C / ch.9 Time and revision; ch.3 prohibitions,App C (after PARA 401),"Observed evidence, extracted claims, inferred relationships, model outputs, human judgments, and synthetic scenario data shall remain explicitly distinguishable throughout the system.",V00-F010,data-platform,implemented,passed:harness,branch-only,phase0,done,"migrations/0006 truth_state CHECK ('observed','asserted','extracted','inferred','assessed','synthetic','decided','disputed','withdrawn') + synthetic_consistency; migrations/0035 twin.ground_element (extracted cannot ground observed); apps/api/src/prediction/controls.ts foldControls (synthetic folds upward); test/int/phase5-twins.test.ts: 'E2 · synthetic state folds UPWARD'; test/int/phase5-simulations.test.ts: 'the SIM object SYNTHETIC'; e2e/phase6-decisions.demo.spec.ts: 'SYNTHETIC consequences'","The stored enum differs from the glossary (no 'predicted','simulated','approved','superseded'; ADR-P0-06 maps them) — record as a conformance note, not a conflict, or amend; Phase 7 agent/learning outputs must adopt the enum.",Ambiguity for the owner: Appendix A truth states vs migration 0006 enum. | release_status merged → branch-only from the evidence at 2e83945,v00.txt:para 401:L663-L710,branch+main+test
C-011,V0,"App C / ch.9, 11, 20",App C (after PARA 401),"Material facts and relationships shall preserve event time, observation time, validity time, and system-record time so that past world states can be reconstructed without hindsight contamination.",V00-F011,data-platform,implemented,passed:harness,branch-only,phase0,done,"migrations/0006 (event_time, valid_from/valid_to, recorded_at, source_clock_quality; ADR-P0-07); test/int/phase1-acceptance.test.ts: 'four times are populated per the type rules', 'a known-at query reproduces the pre-correction state without hindsight'; apps/api/src/prediction/forecasting/forecasting.service.ts and src/decision/** (known_at, observed_through, decided_at, as_of); apps/api/src/twin/twins/twin.service.ts asOf; migrations/0037 branch_state_as_of under both clocks; migrations/0048 decision.replay_layers AS OF; migrations/0049 replay_contributors; test/int/phase5-twins.test.ts: 'RECORD time…', 'WORLD time…'; test/int/phase6-replay.test.ts: 'an earlier as_of excludes what came after it'","None for the delivered layers; Phase 7 agents, evaluations and learning must read under the same cut-offs (P7-A/P7-B).",The four clocks are enforced at ports and replay; Phase 6 corrections (0048/0049) are branch-only. | release_status merged → branch-only from the evidence at 2e83945,v00.txt:para 401:L664-L710,branch+main+test
C-012,V0,"App C / ch.8, 19",App C (after PARA 401),"Every material intelligence object shall carry source, chain of custody, transformation history, ownership, rights, quality, and version lineage back to its evidence.",V00-F012,data-platform,implemented,passed:harness,branch-only,phase1,R0,"migrations/0006 minimum_provenance; migrations/0022 custody_events, blob_manifests, connector_version/code_digest; test/int/phase1-acceptance.test.ts: 'every admitted item carries source identity, method, connector version, agent identity and code digest'; migrations/0023 intelligence.claim_lineage; test/int/phase2-acceptance.test.ts: 'the schema REFUSES a claim whose lineage is incomplete'; apps/api/src/prediction/controls.ts foldControls (inherited controls, fail-closed); migrations/0048/0049 (APR, CMT, RPL and briefings fold the controls of every contributor); test/int/phase6-review-corrections.test.ts: 'the version folds to confidential with the licence'; test/int/phase5-propagation.test.ts",Merge 0048/0049 (R0); rights enforcement at export once export exists (P7-F); a graph-addressable provenance view in the UI end to end (P7-E).,Provenance and inherited controls are the Phase 6 review-correction theme (PHASE6_REPORT.md §12). | UNRESOLVED pointer(s) at 2e83945: reverse path: migrations/0034 invalidations affected_twins/affected_simulations | release_status merged → branch-only from the evidence at 2e83945,v00.txt:para 401:L665-L710,branch+main+test
C-013,V0,App C / ch.8 Source universe; App B,App C (after PARA 401),The World Observation Layer shall support the full canonical source universe and allow governed custom sources without architectural rework.,V00-F013,observation,partial,passed:harness,branch-only,omission,P1,"apps/api/src/observation/connectors (rss.connector.ts, rest.connector.ts, upload.connector.ts, replay.ts); L1_CONNECTOR_COVERAGE.md (3 of 20 classes, all partial); SOURCE_INTEGRATION_STATUS.md (10 contracts, 4 live); e2e/phase1-observation.spec.ts","17 source classes absent (governments, regulations, markets, research, papers, patents, filings, supply chains, IoT, ERP/CRM CDC, satellites, climate, geopolitical, social, disconnected imports); credential binding path (SOURCE_INTEGRATION_STATUS §6); streaming/event ingestion; anti-malware sandbox.",Phase 1 scheduled three connectors only; the universe was never scheduled. PortWatch/Comtrade blocked by rights/decision. | UNRESOLVED pointer(s) at 2e83945: migrations/0038–0040 scheduled collection (branch) | release_status merged → branch-only from the evidence at 2e83945,v00.txt:para 401:L666-L710,branch+main+test
C-014,V0,"App C / ch.8, 12",App C (after PARA 401),"Sources, derived data, twins, models, and intelligence products shall declare measurable freshness, completeness, quality, and expiry expectations.",V00-F014,observation,partial,passed:harness,branch-only,phase1,P1,"migrations/0022 (freshness_threshold_seconds, cadence, coverage_measurements, source_health_events, quarantine expires_at); migrations/0028 (freshness_expectation, coverage_expectations); apps/api/src/observation/coverage/coverage.service.ts; e2e/phase1-observation.spec.ts: '5. coverage reports the planted gap'; test/int/phase6-scheduled-collection.test.ts: 'an UNCHANGED response is confirmed… freshness advanced'; migrations/0029 (refresh_cadence, supersession, response windows); migrations/0032/0035 twin element health and verification_state","Twins, behaviour models and intelligence products declare no freshness/expiry (staleness by age is not computed); memory writes have no expiry; freshness is not measured as an SLO.",Source side is delivered; derived-product side is not. | release_status merged → branch-only from the evidence at 2e83945,v00.txt:para 401:L667-L710,branch+main+test
C-015,V0,App C / ch.10 Durability and forgetting,App C (after PARA 401),"The Eye shall preserve institutional context, decisions, assumptions, evidence, outcomes, and lessons as durable memory, subject to lawful retention, deletion, and customer policy.",V00-F015,memory-graph,partial,unverified,branch-only,omission,P3,"migrations/0041/0043/0045 (package versions, dissent, replays, outcomes, lessons text); migrations/0014 evidence deauthorization; migrations/0022 blob_tombstones (reason); apps/api/src/prediction/controls.ts retention_profile carried","Retention schedules, legal holds, archival tiers, redaction and verifiable deletion preserving audit facts (ch.10) do not exist; lessons are text on a closed package, not governed objects.","Lawful-forgetting capabilities were never scheduled (omission); P3 'lawful lifecycle across derivatives'. | UNRESOLVED pointer(s) at 2e83945: append-only event tables with projections across all schemas (e.g. migrations/0006 recorded_at, *_append_only triggers) | release_status merged → branch-only from the evidence at 2e83945 | passed:harness lacked a resolved test/CI pointer → unverified",v00.txt:para 401:L668-L710,branch+main
C-016,V0,App C / ch.10 Memory writes,App C (after PARA 401),"Memory shall be permission-aware, tenant-isolated, versioned, retrievable, correctable, and protected from unverified model output becoming accepted organizational truth.",V00-F016,memory-graph,partial,passed:harness,merged,omission,P3,"apps/api/src/graph/search/search.service.ts (permission-aware search inside the caller's governed read, no existence oracle); test/int/domain-isolation.test.ts; migrations/0023 review queue; apps/api/src/intelligence/review/review.service.ts (correct = new version, prior untouched); test/int/phase2-acceptance.test.ts: 'every claim below the review threshold has a queued case', 'an abstention is its own outcome'","Retrieval is normalised-name metadata matching, not semantic/hybrid retrieval (Phase 3 scheduled 'permission-aware semantic retrieval'); no assessment object with governed acceptance; no expiry/review status on memory writes beyond claims.",Semantic retrieval is an omission against the Phase 3 plan.,v00.txt:para 401:L669-L710,main+test
C-017,V0,App C / ch.11 Strategy Graph,App C (after PARA 401),"Objectives, hypotheses, decisions, initiatives, capabilities, resources, indicators, risks, opportunities, and outcomes shall be connected in a governed Strategy Graph anchored to the Knowledge Graph.",V00-F017,memory-graph,partial,passed:harness,branch-only,phase3,P3,"migrations/0024 graph.strategy_current (OBJ, ASU, DEC, CMT, OUT) + graph.dependencies; migrations/0025/0034 invalidation walk to affected objectives/scenarios/twins/simulations; migrations/0029 (forecasts depend on ASUs, indicators); migrations/0045 record_outcome writes OUT; test/int/phase6-monitoring.test.ts: 'an invalidated input reaches the package through the operator-initiated walk, via its DEC'; apps/web/app/graph/strategy","Hypotheses, initiatives, capabilities, resources, risks, opportunities and owners are not strategy-graph node types; propagation is operator-initiated, not continuous.",Five of ten object classes exist. | release_status merged → branch-only from the evidence at 2e83945,v00.txt:para 401:L670-L710,branch+main+test
C-018,V0,App C / ch.12 Digital Twins,App C (after PARA 401),"Every Digital Twin shall be grounded in evidence, graph entities, temporal state, declared assumptions, and calibrated models; it shall never present synthetic state as observed fact.",V00-F018,twin-simulation,partial,passed:harness,branch-only,phase5,P5,"migrations/0032 twin registry (behaviour_models, twin_kind_schemas, limitations); migrations/0035 twin.ground_element (citations, truth-state rules, cut-offs); test/int/phase5-twins.test.ts: 'a twin without a boundary entity is refused', 'E2 · an EXTRACTED claim cannot ground an OBSERVED element', 'synthetic state folds UPWARD'","Behaviour models carry no calibration history, drift status or operating envelope; only a generic twin kind — enterprise, market, competitor, supply-chain, infrastructure families with validated domain behaviour are absent (P5).",Grounding discipline is enforced; calibration is not. | UNRESOLVED pointer(s) at 2e83945: state element kinds observed/estimated/predicted/simulated | release_status merged → branch-only from the evidence at 2e83945,v00.txt:para 401:L671-L710,branch+test
C-019,V0,App C / ch.12 Actual and simulated state,App C (after PARA 401),"Digital Twins shall support time travel, branching, comparison, replay, reconciliation, and versioned evolution across actual and simulated states.",V00-F019,twin-simulation,implemented,passed:harness,branch-only,phase5,P5,"apps/api/src/twin/twins/twin.service.ts (openVersion with branchId/forkedFromVersion, asOf, compare); migrations/0034 twin.reconciliations + record_reconciliation; test/int/phase5-twins.test.ts: 'an ALTERNATIVE branch forked from v1 coexists with the actual branch; comparison lists the difference', 'a change is a NEW version that supersedes'; test/int/phase5-propagation.test.ts: 'a simulated element citing a run is reconciled against a later observation'",Reconciliation is per element and operator-initiated (no continuous reconciliation against incoming observations); no branch promotion/merge.,UNRESOLVED pointer(s) at 2e83945: replay 'tested' layer (migrations/0043) | release_status merged → branch-only from the evidence at 2e83945,v00.txt:para 401:L672-L710,branch+test
C-020,V0,App C / ch.13 Prediction Engine,App C (after PARA 401),"The Prediction Engine shall support 30-day, 90-day, 180-day, 1-year, 3-year, and 5-year horizons with horizon-appropriate methods and uncertainty.",V00-F020,prediction,partial,passed:harness,branch-only,phase4,P4,"migrations/0029 horizon_code CHECK ('30d','90d','180d','1y','3y','5y'); apps/api/src/prediction/models/models.ts; migrations/0030 record_backtest per horizon; test/int/phase4-acceptance.test.ts: 'D3 · the learned model is used only when the backtest says it earned it'","One learned model plus a seasonal-naive baseline; no horizon-specific method families (event, causal, structural) and no validated treatment for 3y/5y (PHASE4 review: T3 unmeasured); per-target/horizon validation (P4).",The six codes are enforced; horizon-appropriateness is not. | release_status merged → branch-only from the evidence at 2e83945,v00.txt:para 401:L673-L710,branch+test
C-021,V0,App C / ch.13 Forecast package,App C (after PARA 401),"Forecasts shall communicate distributions, confidence, calibration, drivers, sensitivity, and failure conditions rather than false precision or unsupported certainty.",V00-F021,prediction,partial,passed:browser,branch-only,phase4,P4,"migrations/0029 (quantiles q10/q50/q90 ordered, drivers, assumptions, validation_state, attention_state, refresh_cadence); migrations/0030 backtests (coverage_80, pinball vs baseline) and outcome ledger; apps/web/app/prediction/calibration, prediction/forecasts; e2e/phase4-prediction.demo.spec.ts; test/int/phase4-acceptance.test.ts: 'D1 · a forecast names distribution, horizon, drivers, assumptions and evidence — or is refused', 'D4 · an outcome is scored… calibration reports it'",Sensitivity and explicit revision/failure conditions on forecasts; out-of-distribution warnings; model disagreement across methods (single method + baseline).,release_status merged → branch-only from the evidence at 2e83945,v00.txt:para 401:L674-L710,branch+test
C-022,V0,App C / ch.14 Scenario portfolio,App C (after PARA 401),"Scenario Intelligence shall maintain multiple coherent futures, including baseline, upside, downside, disruption, and user-defined alternatives; no single forecast shall masquerade as destiny.",V00-F022,prediction,partial,passed:harness,branch-only,phase4,P4,"migrations/0029 scenarios_current, branches_current kind IN ('baseline','upside','downside') with indicators; migrations/0037 branch flip under both clocks; migrations/0036 scenario_version_as_of; test/int/phase4-acceptance.test.ts: 'D5/D6 · an indicator breach FLIPS the branch with a receipt'; apps/web/app/prediction/scenarios","Disruption, stress, adversarial, counterfactual and user-defined scenario kinds; scenario anatomy (driving forces, actors, causal logic, expected impacts); owner notification when assumptions are invalidated; scenario marketplace (C-046).",Phase 4 scheduled upside/base/downside only; the rest is an omission (P4). | release_status merged → branch-only from the evidence at 2e83945,v00.txt:para 401:L675-L710,branch+test
C-023,V0,App C / ch.15 Experiment contract,App C (after PARA 401),"Every simulation shall declare initial state, assumptions, interventions, model versions, constraints, random seeds where applicable, outputs, and sensitivity so results can be reproduced and challenged.",V00-F023,twin-simulation,implemented,passed:harness,branch-only,phase5,done,"migrations/0033_simulation_runs.sql (initial_state_digest, model_ref, implementation_digest, environment_digest, stochastic_mode/rng/seed/samples, interventions, constraints, assumptions, sensitivity, operator; immutability; simulation.reproductions); test/int/phase5-simulations.test.ts: 'the same process reproduces the digest; a reproduction row records it; a seeded run reproduces too', 'a COLD process re-executes the stored contract', 'when the pinned implementation is no longer the one the run recorded, the verdict is UNREPRODUCIBLE'",None for the invariant; simulation method breadth is V00-T-059 (P5).,release_status merged → branch-only from the evidence at 2e83945,v00.txt:para 401:L676-L710,branch+test
C-024,V0,App C / ch.16 Option architecture,App C (after PARA 401),"Decision Intelligence shall compare viable options against explicit objectives, constraints, risks, opportunities, trade-offs, second-order effects, reversibility, and information value.",V00-F024,decision,partial,passed:browser,branch-only,phase6,P6,"migrations/0041 decision.package_versions (objectives, constraints, second_order, risks, opportunities, reversibility, information_value, choice.accepted_trade_offs), decision.options; test/int/phase6-decisions.test.ts: 'one common baseline: options whose simulated consequences rest on different control runs are refused'; e2e/phase6-decisions.demo.spec.ts; FULL_PRODUCT_DELIVERY_REGISTER.md §6","Conditional approvals are recorded but never evaluated at commitment/monitoring (register §6, missing); option generation (defer/stage/pilot/hedge/exit) and scoring with exposed weights and sensitivity; risk appetite and stakeholder obligations as declared objects; second-order/VoI are free text.",,v00.txt:para 401:L677-L710,branch+test
C-025,V0,App C / ch.16 Decision Replay,App C (after PARA 401),The Eye shall preserve the state of knowledge available at decision time and support replay against later evidence and outcomes without rewriting the historical record.,V00-F025,decision,implemented,passed:browser,branch-only,phase6,R0,"migrations/0043_decision_replay.sql; 0047 prior dissent; 0048 replay_layers AS OF as_of (observed layer); 0049 replay_contributors; apps/api/src/decision/replay/replay.service.ts; test/int/phase6-replay.test.ts: 'known / believed / tested hold only what was recorded under the cut-offs…', 'the world moves after the decision: a correction stays history…'; e2e/phase6-decisions.demo.spec.ts: 'REPLAY: five layers under their cut-offs'","Merge behind C15 (R0); replay-driven evaluation (avoidable vs irreducible uncertainty, lessons) belongs to the learning loop (P7-B).",,v00.txt:para 401:L678-L710,branch+test
C-026,V0,App C / ch.16 Recommendation contract,App C (after PARA 401),"Recommendations shall be evaluated against declared objectives, stakeholder obligations, risk appetite, policy, and strategic constraints rather than an opaque global score.",V00-F026,decision,partial,passed:harness,branch-only,phase6,P6,"test/int/phase6-decisions.test.ts: 'terms: objectives are OBJs, approvers are named humans or registered roles, conditions name what exists'; migrations/0041 (constraints, approver_policy); no global score exists anywhere",Stakeholder obligations and risk appetite are not declared objects; policy constraints are not evaluated against options; alignment scoring with visible weights absent.,,v00.txt:para 401:L679-L710,branch+test
C-027,V0,App C / ch.17 Executive Operating System,App C (after PARA 401),"The executive surface shall organize strategic attention, decisions, scenarios, evidence, objectives, commitments, and outcomes. It shall not degrade into a passive dashboard collection.",V00-F027,executive-os,partial,passed:browser,branch-only,phase6,P6,"migrations/0044 executive.rooms_current/room_members/briefings; apps/api/src/executive/briefings/briefing.service.ts (composed from stored records, windows ordered by time left); migrations/0045 review overdue; test/int/phase6-briefings.test.ts; e2e/phase6-decisions.demo.spec.ts: 'BRIEFINGS: the room, its members and cadence…'; apps/web/app/decisions, decisions/briefings","Objectives/weak-signal/health/risk/opportunity/simulation views on the executive surface; priority queue and attention governance (materiality, urgency, novelty; suppress duplicates; delegate; show deprioritised); Strategic Health Score; strategic planning (P6).",,v00.txt:para 401:L680-L710,branch+test
C-028,V0,App C / ch.18 Agent contract,App C (after PARA 401),"Every agent shall have a declared purpose, tools, data scope, permissions, budgets, escalation rules, prohibited actions, evaluation suite, and accountable owner.",V00-F028,agents,partial,passed:harness,branch-only,phase7,P7-A,"migrations/0046 executive.agents/agent_runs; apps/api/src/executive/agents/agents.service.ts:48-68 (owner, escalation human, budgets max_reads/max_gateway_calls/max_elapsed_ms, stop conditions, code digest, version); test/int/phase6-agents.test.ts: 'a budget of three reads: the run stops before anything is admitted, records the reason and escalates to the named human'; migrations/0038/0039 observation.agents (collection agent, revocation); test/int/phase6-scheduled-collection.test.ts: 'a REFUSED run: the agent is revoked'","Agent card with tools, data scope, permissions, prohibited actions, evaluation suite, known failure modes, rollback; a generic runtime; only decision/briefing/reporting/collection agents exist.",A bounded subset was delivered in Phase 6; the contract is Phase 7 in the build prompt.,v00.txt:para 401:L681-L710,branch+test
C-029,V0,App C / ch.18 Orchestration and separation of duties,App C (after PARA 401),"Planner, Supervisor, and Workflow agents shall enforce policy, separation of duties, checkpoints, timeouts, retries, human gates, and complete execution traces across multi-agent work.",V00-F029,agents,partial,passed:harness,branch-only,phase7,P7-A,"test/int/phase6-agents.test.ts: 'the planner: the room's…', 'the workflow contract reads every step of a decision from its governed events'; migrations/0049 (planner metadata scoped)","No Supervisor; no task graphs, checkpoints, retries, inter-agent contracts, sandboxed tools or resumption of interrupted workflows (Phase 7 acceptance).",Only a narrow planner/workflow reader over decision events exists. | UNRESOLVED pointer(s) at 2e83945: separation of duties at the PDP (agents cannot approve/commit),v00.txt:para 401:L682-L710,branch+test
C-030,V0,App C / ch.18 Tool and model boundaries,App C (after PARA 401),"The platform shall support multiple models and reasoning approaches behind governed interfaces so customers retain control over cost, sovereignty, performance, and vendor dependence.",V00-F030,intelligence,partial,passed:harness,merged,phase2,P2,"apps/api/src/intelligence/gateway/model-gateway.service.ts (replay/recorded modes, model_id, model_weights_digest, prompt_version/digest, latency, abstention; NO hosted model API); migrations/0023 intelligence.gateway_calls, methods_current lifecycle; test/int/phase2-acceptance.test.ts: 'each call carries mode, model, versions and an outcome', 'replay returns byte-identical responses'","Provider adapters (local/private/hosted), routing, cost accounting, per-model evaluation status; the register notes the Model Gateway narrative has no live call (§6).",Owner decision: no paid endpoint reached from the repository.,v00.txt:para 401:L683-L710,main+test
C-031,V0,App C / ch.18 Learning boundary; ch.23,App C (after PARA 401),"Continuous learning shall never permit unreviewed production models, agents, prompts, policies, ontologies, or decision logic to modify themselves silently.",V00-F031,learning-evaluation,partial,unverified,branch-only,phase7,P7-B,"migrations/0023 methods_current lifecycle (draft/approved/active/suspended/retired), prompt_version/prompt_digest pinned per call; migrations/0046 agent version + code_digest; migrations/0003 policy bundles versioned; governed forward-only migrations","No learning loop exists, so nothing self-modifies; the governed release pipeline (evaluation, approval record, canary, rollback) that would make the boundary enforceable is Phase 7.",Satisfied by absence today; must be re-verified when P7-B lands. | release_status merged → branch-only from the evidence at 2e83945 | passed:harness lacked a resolved test/CI pointer → unverified,v00.txt:para 401:L684-L710,branch+main
C-032,V0,App C / ch.24 Weak signals and early warning,App C (after PARA 401),"The system shall surface material changes, weak signals, risks, and opportunities before users ask, while respecting relevance, authority, attention, and notification policy.",V00-F032,prediction,partial,unverified,branch-only,phase4,P4,migrations/0029/0030 raise_warning on indicator breach routed to a named owner; apps/api/src/executive/briefings/briefing.service.ts (changes since the watermark); migrations/0045 condition breaches routed to rooms; forecasts attention_state,"Weak-signal detection, risk/opportunity products, notification/attention policy, cross-domain change surfacing; only indicator-threshold warnings exist.",Weak-signal detection was never scheduled (omission within P4). | UNRESOLVED pointer(s) at 2e83945: migrations/0038–0040 scheduled collection (continuous observation) | passed:harness lacked a resolved test/CI pointer → unverified,v00.txt:para 401:L685-L710,branch
C-033,V0,App C / ch.24,App C (after PARA 401),"Warnings shall be deduplicated, prioritized, evidence-backed, confidence-aware, time-bounded, and linked to affected objectives, assets, decisions, and response playbooks.",V00-F033,prediction,partial,passed:browser,branch-only,phase4,P4,"migrations/0029 §7 warnings_current (evidence, consequence, confidence, response window, named owner, acknowledge/expire); test/int/phase4-acceptance.test.ts: 'D6 · a warning nobody acknowledged before its window closed is recorded as EXPIRED'; apps/web/app/prediction/warnings; migrations/0045 links warnings to decision conditions","Deduplication/clustering, prioritisation, links to objectives and assets, response playbooks, evaluation for misses/false positives/latency.",release_status merged → branch-only from the evidence at 2e83945,v00.txt:para 401:L686-L710,branch+test
C-034,V0,App C / ch.24 Strategic Health Score,App C (after PARA 401),"Any Strategic Health Score shall expose component measures, weights, evidence, confidence, trend, and sensitivity. The score shall never replace the underlying analysis.",V00-F034,executive-os,missing,unverified,none,omission,P6,,"No health score exists (no code, table or page matches). Build a decomposable score: components linked to objectives/evidence/freshness/owners, weights, confidence, trend, sensitivity, alternative-weight view; score changes trigger review, never action.",Never scheduled by the build prompt; belongs to L10 (P6).,v00.txt:para 401:L687-L710,
C-035,V0,"App C / ch.7, 19",App C (after PARA 401),"Trust, provenance, identity, authorization, policy, safety, and audit shall operate across every layer and intelligence object, not as a downstream compliance add-on.",V00-F035,identity-policy,partial,unverified,branch-only,phase0,P7-D,"apps/api/src/policy/pdp.service.ts (default deny at the API boundary, purpose, consequence class); migrations/0019 capability binding; apps/api/src/prediction/controls.ts (controls on every derived object); apps/api/src/observation/connectors/content-controls.ts (untrusted content isolation)","Extend the same planes to the Phase 7 agent runtime, learning and marketplaces; AI safety evaluation (prompt injection on model outputs, tool safety) absent.",UNRESOLVED pointer(s) at 2e83945: RLS on every scoped table (test/int/domain-isolation.test.ts); audit chain (migrations/0004) | release_status merged → branch-only from the evidence at 2e83945 | passed:harness lacked a resolved test/CI pointer → unverified,v00.txt:para 401:L688-L710,branch+main
C-036,V0,App C / ch.19 Audit and non-repudiation,App C (after PARA 401),"Material access, transformations, agent actions, approvals, decisions, overrides, releases, and exports shall produce tamper-evident audit records attributable to identities and versions.",V00-F036,identity-policy,partial,passed:browser,branch-only,phase0,P7-D,"migrations/0004/0005 audit chain, seals, integrity incidents; apps/api/src/audit/audit.service.ts; test/int/gate22-audit-verify.test.ts: 'a byte-level rewrite that preserves the parsed JSON is caught'; migrations/0003 policy_decisions; migrations/0023 gateway_calls append-only; migrations/0046 agent_runs; migrations/0042 approvals/commitments append-only; e2e/phase0.spec.ts: '8. audit viewer shows events and chain-integrity status'","Exports and releases do not exist, so are not audited; audit retention/disclosure controlled separately from operational data (EXC-P0-001: audit shares the primary failure domain).",release_status merged → branch-only from the evidence at 2e83945,v00.txt:para 401:L689-L710,branch+main+test
C-037,V0,App C / ch.20 Interoperability and exit; ch.22,App C (after PARA 401),"Customers retain governance over their data, models, twins, policies, retention, residency, encryption, exports, and deletion within the chosen deployment and contractual boundary.",V00-F037,data-platform,partial,unverified,branch-only,omission,P7-F,migrations/0022 residency on contracts; apps/api/src/prediction/controls.ts (residency/retention/rights profiles carried); migrations/0014 evidence deauthorization; classification ceilings,"Export (bulk/metadata/graph/decisions/audit/config), verifiable deletion, retention schedules, customer-managed keys, residency enforcement and a customer governance console.",UNRESOLVED pointer(s) at 2e83945: tenant isolation (test/int/domain-isolation.test.ts) | release_status merged → branch-only from the evidence at 2e83945 | passed:harness lacked a resolved test/CI pointer → unverified,v00.txt:para 401:L690-L710,branch+main
C-038,V0,App C / ch.20 Interoperability and exit,App C (after PARA 401),"The Eye shall integrate through governed APIs, events, connectors, common data formats, and export paths; core customer knowledge shall not be trapped behind proprietary-only access.",V00-F038,data-platform,partial,unverified,branch-only,omission,P7-F,"apps/api/src/**/*.controller.ts (versioned REST API); packages/contracts (JSON Schema + JCS envelopes, ADR-P0-13); migrations/0006/0015 objects.object_outbox + apps/api/src/objects/outbox.publisher.ts","Bulk, metadata and graph export; model/scenario packaging; standard identity (OIDC/SAML) and policy integrations; consumer-facing event contracts.",UNRESOLVED pointer(s) at 2e83945: connectors rest/rss/upload | release_status merged → branch-only from the evidence at 2e83945 | passed:harness lacked a resolved test/CI pointer → unverified,v00.txt:para 401:L691-L710,branch+main
C-039,V0,App C / ch.21 Zero-trust operating model,App C (after PARA 401),"Identity, device, workload, agent, model, source, and data access shall be continuously authenticated, authorized, scoped, logged, and re-evaluated under least privilege.",V00-F039,identity-policy,partial,passed:harness,branch-only,phase0,P7-D,"migrations/0002 identity.principals (human/workload/agent), credentials rotation, sessions expiry/revocation; migrations/0007/0016 bootstrap rotation; migrations/0009/0010/0012 bound non-replayable context ctx.*; migrations/0019 capability binding; migrations/0048 revocation epoch; test/int/phase1-acceptance.test.ts: 'a WORKER JOB whose payload scope was tampered with is refused at execution'; test/int/phase6-review-corrections.test.ts: 'an authority whose decision_authority binding is revoked cannot commit'","Device posture, workload attestation/mTLS, SSO/MFA, risk-based continuous re-evaluation, network isolation (P7-D).",release_status merged → branch-only from the evidence at 2e83945,v00.txt:para 401:L692-L710,branch+main+test
C-040,V0,App C / ch.21 Privacy and lawful use,App C (after PARA 401),"Collection and use shall be purpose-bound, proportionate, policy-enforced, and minimized, with support for consent, legal basis, access, correction, retention, and deletion obligations.",V00-F040,identity-policy,partial,passed:harness,branch-only,omission,P7-D,"migrations/0022/0028 (purposes, legal_basis, permitted_use on source contracts); migrations/0006 purpose_scope; apps/api/src/policy/pdp.service.ts:1061 (purpose_id required); apps/api/src/observation/connectors/redaction.ts; test/int/phase1-hostile-input.test.ts; test/int/phase6-review-corrections.test.ts: 'a member reads a room briefing under the purpose it was admitted for'","Consent, data-subject access/correction/deletion workflows, minimisation policy, retention/deletion, policy on graph relationships.",release_status merged → branch-only from the evidence at 2e83945,v00.txt:para 401:L693-L710,branch+main+test
C-041,V0,App C / ch.21–22,App C (after PARA 401),"Data residency, key ownership, network isolation, local inference, model choice, administrative control, and disconnected operation shall be supported where customer policy requires them.",V00-F041,infrastructure,partial,unverified,merged,phase7,P7-D,"docker-compose.yml (local-only deployment, images pinned by digest); migrations/0009 config.runtime_profile (local/test/production); apps/api/src/intelligence/gateway/model-gateway.service.ts (no hosted model dependency); migrations/0022 residency field","Customer key ownership/KMS, network isolation, local inference adapters, administrative control plane, offline update path, residency enforcement, disconnected operation evidence.",passed:ci lacked a resolved test/CI pointer → unverified,v00.txt:para 401:L694-L710,main
C-042,V0,App C / ch.22 Semantic parity,App C (after PARA 401),"SaaS, Private Cloud, and On-Premise deployments shall preserve the same core semantics, governance model, APIs, artifacts, and intelligence lifecycle, with documented capability differences only where unavoidable.",V00-F042,infrastructure,missing,unverified,none,phase7,P7-D,docker-compose.yml (single local profile only); migrations/0009 config.runtime_profile,No SaaS / Private Cloud / On-Premise profiles exist; build the three profiles from one artifact set with a documented capability-difference register and parity tests (V6 §7 acceptance).,Parity is trivially true of a single codebase but there is nothing to compare.,v00.txt:para 401:L695-L710,main
C-043,V0,App C / ch.21 Resilience and safe degradation,App C (after PARA 401),"The platform shall fail safely, degrade intelligibly, recover predictably, preserve evidence and audit continuity, and expose when data, models, or dependencies are unavailable or stale.",V00-F043,infrastructure,partial,passed:harness,branch-only,phase0,P7-D,"apps/api/src/shared/degraded-store.ts (fail-closed audit degradation journal); apps/api/src/health/health.controller.ts (/readyz degraded); migrations/0020 governed degraded recovery; test/int/gate22-degraded-recovery.test.ts; test/int/phase1-fault-injection.test.ts; migrations/0040 scheduled attempt faults; test/int/phase6-scheduled-collection.test.ts: 'RESTART RECOVERY…', 'a FAILED run'; test/int/phase6-review-corrections.test.ts: 'a withdrawn source is reported unavailable NOW'; apps/web/app/*/layout.tsx degraded states","Redundancy, backup/restore, DR and cyber recovery, model outage handling, disconnected operation; local vault/journal backup procedure (register §7).",release_status merged → branch-only from the evidence at 2e83945,v00.txt:para 401:L696-L710,branch+main+test
C-044,V0,App C / ch.23 Learning loop,App C (after PARA 401),"Learning from outcomes, feedback, overrides, and new evidence shall pass through evaluation, approval, release, monitoring, rollback, and tenant-isolation controls.",V00-F044,learning-evaluation,missing,unverified,none,phase7,P7-B,migrations/0030 backtests,"Build the loop: feedback/override capture with source and context, benchmark datasets, proposed changes as versioned artifacts, offline evaluation, approval, progressive release, monitoring, rollback, tenant-isolated contribution.",UNRESOLVED pointer(s) at 2e83945: inputs only: migrations/0045 outcomes and lessons text,v00.txt:para 401:L697-L710,branch
C-045,V0,App C / ch.13 Evaluation; ch.23 Evaluation system,App C (after PARA 401),"Models, agents, forecasts, extractors, ontologies, simulations, and recommendations shall be evaluated for accuracy, calibration, robustness, drift, bias, safety, cost, and operational fitness.",V00-F045,learning-evaluation,partial,passed:harness,branch-only,phase4,P7-B,"migrations/0029/0030 backtests vs baseline, outcome_ledger, indicator_evaluations; test/int/phase4-acceptance.test.ts: 'D3/D4 · a backtest scores the learned model AGAINST seasonal naive…'; apps/web/app/prediction/calibration; migrations/0033 simulation.reproductions verdicts; migrations/0023 gateway outcome per call","Evaluation of extractors, entity resolution, ontologies, agents and recommendations; drift, bias, safety, cost and operator workload; versioned, contamination-protected evaluation datasets.",release_status merged → branch-only from the evidence at 2e83945,v00.txt:para 401:L698-L710,branch+main+test
C-046,V0,"App C / ch.14, 24 Marketplaces",App C (after PARA 401),"Scenario and Agent Marketplace packages shall be signed, versioned, inspectable, permission-scoped, licensed, evaluated, sandboxed, monitored, revocable, and traceable to publishers.",V00-F046,marketplace,missing,unverified,none,omission,P7-C,,"No marketplace, package manifest, signing, admission, sandbox or catalog exists; build signed package manifests, compatibility, admission testing, installation under customer policy, licensing, update/revocation.",Never scheduled by the build prompt.,v00.txt:para 401:L699-L710,
C-047,V0,"App C / ch.17, 25",App C (after PARA 401),"The product experience shall expose context, uncertainty, provenance, decision state, and consequence at the point of use; critical meaning shall not be hidden behind ornamental visualization.",V00-F047,ux,partial,passed:browser,branch-only,phase6,P7-E,"apps/web/app/decisions/page.tsx, prediction/forecasts/page.tsx, observation/evidence/[evdId]/page.tsx (as-of, truth state, SYNTHETIC marks, decision state, windows); e2e/phase6-decisions.demo.spec.ts; e2e/phase0.spec.ts: '6. known-at query returns the pre-correction state (UI)'; DECISIONS.md ADR-P0-14 (no optimistic consequential UI)","Unified shell and reusable components (apps/web/components holds two files); twin, room, graph-canvas and scenario workspaces; uncertainty visualisation of distributions; consequence and provenance trace at every point of use (P7-E).",,v00.txt:para 401:L700-L710,branch+main+test
C-048,V0,App C / ch.25 Role-specific operation,App C (after PARA 401),"Experiences shall be accessible and role-appropriate for executives, analysts, operators, domain experts, administrators, and governance teams without creating separate truths.",V00-F048,ux,partial,passed:browser,branch-only,phase0,P7-E,"migrations/0002/0022/0024/0029/0032/0041 identity.roles (platform_admin, domain_admin, auditor, collection_manager, forecast_owner, strategy_owner, executive, decision_approver…); apps/web/app/** aria-* attributes; e2e/phase0.spec.ts: '9. keyboard navigation and basic accessibility', '10. light/dark presentation and RTL-layout smoke'; packages/tokens (ADR-P0-14)","Role-specific workspaces for operators, domain experts and governance; WCAG 2.2 AA acceptance, screen-reader and localisation tests, mobile/offline (P7-E).",release_status merged → branch-only from the evidence at 2e83945,v00.txt:para 401:L701-L710,branch+main+test
C-049,V0,App C / ch.25 Operational quality attributes,App C (after PARA 401),"Reliability, performance, scale, freshness, accuracy, calibration, explainability, reproducibility, security, accessibility, and cost shall be measured as product behavior, not assumed as implementation detail.",V00-F049,infrastructure,partial,passed:ci,merged,phase7,P7-D,".github/workflows/ci.yml (build-test, browser-regression, supply-chain); docs/SCANNER_DISPOSITIONS.md; apps/api/src/health","SLOs and error budgets, performance/scale/freshness/cost telemetry, accessibility measurement, the four observability planes (Phase 7 acceptance; V4 SLO-001…022).","UNRESOLVED pointer(s) at 2e83945: calibration measured (migrations/0030 backtests, outcome ledger); reproducibility measured (migrations/0033 simulation.reproductions); c15/c17/c19 workflows",v00.txt:para 401:L702-L710,main+test
C-050,V0,App C / ch.5 High-impact boundaries; ch.21,App C (after PARA 401),"The Eye shall not autonomously execute decisions that materially determine life, liberty, legal status, access to essential services, employment, credit, or equivalent high-impact rights and interests.",V00-F050,decision,partial,passed:harness,branch-only,phase0,P7-A,migrations/0042 (commitment only by a human decision_authority); test/int/phase6-agents.test.ts: 'drafts option cards into a DRAFT version… its attempt to propose is refused at the PDP'; no external side-effect executor,An explicit high-impact classification of decisions (life/liberty/credit…) with decision-support-mode controls; the boundary must be encoded in policy before P7-A introduces approved external side effects.,Satisfied structurally today (nothing executes); not yet expressed as policy. | UNRESOLVED pointer(s) at 2e83945: no autonomous execution path exists: apps/api/src/policy/pdp.service.ts:1070 (consequence class above the rule's maximum fails closed without a human gate) | release_status merged → branch-only from the evidence at 2e83945,v00.txt:para 401:L703-L710,branch+test
C-051,V0,App C / ch.27 Change and Constitutional Amendment,App C (after PARA 401),"Changes to mission, product category, human authority, principles, canonical layers, core semantics, or constitutional invariants require explicit amendment, impact analysis, ratification, and versioned publication.",V00-F051,governance-docs,partial,not-applicable,merged,phase0,R0,"DECISIONS.md (ADR-P0-01…17, must never contradict Volume 0); EXCEPTIONS.md (EXC-P0-001: constitutional requirements are not waivable); conformance.manifest.json constitution_edition",No amendment register; implementation deviations (e.g. the truth-state enum of migration 0006 vs Appendix A) are not recorded as conflicts per ch.27 'No amendment by implementation'.,Governance record; no engineering package owns it.,v00.txt:para 401:L704-L710,main
C-052,V0,App C / ch.28 Documentation Program and Inheritance,App C (after PARA 401),"Volumes 1 through 10 shall inherit this constitution, use its canonical terms, trace material requirements to invariant IDs, and identify rather than conceal any unresolved conflict.",V00-F052,governance-docs,partial,not-applicable,branch-only,phase0,R0,conformance.manifest.json (units -> ES/IA/ADR ids); apps/api/src/prediction/controls.ts 'ES-29-002'); audit/requirements (this audit),Complete requirement-id traceability across Volumes 3–10 (the remaining audit files) and a per-volume register of unresolved deviations.,"UNRESOLVED pointer(s) at 2e83945: docs/The_Eye_Volume_*; migrations and services cite invariant/requirement ids (e.g. migrations/0033 'Vol 0 §15, C-023' | release_status merged → branch-only from the evidence at 2e83945",v00.txt:para 401:L705-L710,branch+main
V00-T-001,V0,"1 Purpose, Authority, and Use — Conformance",PARA 51–100,"A component is constitutionally conforming only when its purpose, inputs, outputs, authority, provenance, temporal behavior, security posture, evaluation method, and relationship to the strategic lifecycle are explicit. Feature completion alone is not conformance.",V00-F052,governance-docs,partial,not-applicable,merged,phase0,R0,conformance.manifest.json; DECISIONS.md,Evaluation method and lifecycle relationship are not declared per component; extend the manifest to every unit of Phases 1–6.,"No identifier in the source; tracking id assigned by this audit. | UNRESOLVED pointer(s) at 2e83945: migration headers state purpose/authority/ports (e.g. migrations/0033, 0042)",v00.txt:para 51:L101-L127:page-mismatch,main
V00-T-002,V0,2 Mission — Observe,PARA 101–150,"Observe. Acquire and preserve evidence about external and internal change with source identity, time, rights, quality, and chain of custody.",V00-F002,observation,partial,passed:harness,merged,phase1,P1,"migrations/0022 (contracts with rights, custody_events, blob_manifests, four times); test/int/phase1-acceptance.test.ts",Source universe breadth (C-013); internal-change sources (ERP/CRM/CDC).,No identifier in the source; tracking id assigned by this audit.,v00.txt:para 51:L110-L127:page-mismatch,main+test
V00-T-003,V0,2 Mission — Understand,PARA 101–150,"Understand. Convert evidence into entities, events, claims, relationships, patterns, hypotheses, and causal structures while preserving uncertainty and competing interpretations.",V00-F002,intelligence,partial,passed:harness,merged,phase2,P2,"migrations/0023 claims with lineage/confidence; migrations/0024 entities, edges, resolutions; test/int/phase2-acceptance.test.ts; test/int/phase3-acceptance.test.ts","Events, patterns, hypotheses and causal structures are not extracted objects; contradiction_refs are always empty (apps/api/src/intelligence/extraction/extraction.service.ts:332); real parsing/OCR/multilingual extraction (P2).",No identifier in the source; tracking id assigned by this audit.,v00.txt:para 51:L111-L127:page-mismatch,main+test
V00-T-004,V0,2 Mission — Predict,PARA 101–150,"Predict. Estimate future states, events, indicators, risks, and opportunities across the six canonical horizons using calibrated, explainable methods.",V00-F002,prediction,partial,passed:harness,branch-only,phase4,P4,migrations/0029/0030; test/int/phase4-acceptance.test.ts D1–D4,"Event, risk and opportunity prediction; horizon-appropriate model families (C-020).",No identifier in the source; tracking id assigned by this audit. | release_status merged → branch-only from the evidence at 2e83945,v00.txt:para 51:L112-L127:page-mismatch,branch+test
V00-T-005,V0,2 Mission — Simulate,PARA 101–150,"Simulate. Test interventions and external shocks against grounded Digital Twins and scenario assumptions before resources, authority, or lives are committed.",V00-F002,twin-simulation,partial,passed:harness,branch-only,phase5,P5,"migrations/0033 (shock flag, interventions bound to a control run, scenario_branch_id); test/int/phase5-simulations.test.ts","Simulation method portfolio and twin families (V00-T-059, C-018).",No identifier in the source; tracking id assigned by this audit. | release_status merged → branch-only from the evidence at 2e83945,v00.txt:para 51:L113-L127:page-mismatch,branch+test
V00-T-006,V0,2 Mission — Decide,PARA 101–150,"Decide. Present humans with traceable options, consequences, trade-offs, uncertainty, and recommended actions aligned to explicit objectives and constraints.",V00-F002,decision,partial,passed:browser,branch-only,phase6,P6,migrations/0041/0042; test/int/phase6-decisions.test.ts; e2e/phase6-decisions.demo.spec.ts,Recommendation as a distinct explained object (the choice is authored by the owner; the agent drafts option cards only); option generation and scoring (C-024).,No identifier in the source; tracking id assigned by this audit.,v00.txt:para 51:L114-L127:page-mismatch,branch+test
V00-T-007,V0,2 Mission — Learn,PARA 101–150,"Learn. Compare expectation with outcome, preserve the decision record, update memory, evaluate models and agents, and improve the system through governed release processes.",V00-F002,learning-evaluation,partial,passed:harness,branch-only,phase7,P7-B,"migrations/0045 record_outcome (expectation vs observed on the criterion, reconciliation of the simulated element), close_package lessons; test/int/phase6-monitoring.test.ts","Memory update from lessons, model/agent evaluation, governed release (C-044).",No identifier in the source; tracking id assigned by this audit.,v00.txt:para 51:L115-L127:page-mismatch,branch+test
V00-T-008,V0,3 Founding principles — Observe Everything,PARA 101–150,"Observe Everything. The platform shall be able to incorporate any lawful, authorized, relevant source class while making coverage limits visible.",V00-F013,observation,partial,passed:browser,merged,omission,P1,L1_CONNECTOR_COVERAGE.md; apps/api/src/observation/coverage/coverage.service.ts; e2e/phase1-observation.spec.ts '5. coverage reports the planted gap',Source classes (C-013); coverage limits are visible per contract but not as a product-wide field-of-view model.,No identifier in the source; tracking id assigned by this audit.,v00.txt:para 51:L125-L127:page-mismatch,main+test
V00-T-009,V0,3 Founding principles — Understand Before Predicting,PARA 101–150,"Understand Before Predicting. Prediction shall be grounded in entities, relationships, events, context, mechanisms, and temporal state—not pattern matching detached from meaning.",V00-F009,prediction,partial,unverified,branch-only,phase4,P4,"migrations/0029 issue_forecast (subject entity, assumptions in the strategy graph, evidence refs, known_at)",Forecast methods use series values only; mechanisms/events/relationships from the graph are not model inputs.,No identifier in the source; tracking id assigned by this audit. | release_status merged → branch-only from the evidence at 2e83945 | passed:harness lacked a resolved test/CI pointer → unverified,v00.txt:para 51:L126-L127:page-mismatch,branch
V00-T-010,V0,3 Founding principles — Explain Every Recommendation,PARA 101–150,"Explain Every Recommendation. A decision-maker must be able to inspect evidence, assumptions, drivers, uncertainty, alternatives, and provenance.",V00-F005,decision,partial,unverified,branch-only,phase6,P6,see C-005 evidence; apps/web/app/decisions/page.tsx,See C-005.,No identifier in the source; tracking id assigned by this audit. | passed:browser lacked a resolved test/CI pointer → unverified,v00.txt:para 51:L127-L127:page-mismatch,branch
V00-T-011,V0,3 Founding principles — Humans Decide,PARA 101–150,Humans Decide. The system informs and prepares decisions; accountable people retain final authority.,V00-F004,decision,implemented,unverified,branch-only,phase6,R0,see C-004 evidence,Merge (R0).,No identifier in the source; tracking id assigned by this audit. | passed:harness lacked a resolved test/CI pointer → unverified,v00.txt:para 101:L129-L169:page-mismatch,
V00-T-012,V0,3 Founding principles — Learn Continuously,PARA 101–150,"Learn Continuously. Outcomes and feedback shall improve memory, models, workflows, and policy through controlled learning loops.",V00-F044,learning-evaluation,missing,unverified,none,phase7,P7-B,,See C-044.,No identifier in the source; tracking id assigned by this audit.,v00.txt:para 101:L130-L169:page-mismatch,
V00-T-013,V0,3 Founding principles — Remember Permanently,PARA 101–150,"Remember Permanently. Institutional knowledge shall persist by default within lawful retention, deletion, classification, and customer-governance boundaries.",V00-F015,memory-graph,partial,unverified,merged,omission,P3,append-only tables and projections; migrations/0014 deauthorization; classification on every object (0006),"Retention schedules, deletion, customer-governance boundaries (C-015).",No identifier in the source; tracking id assigned by this audit. | passed:harness lacked a resolved test/CI pointer → unverified,v00.txt:para 101:L131-L169:page-mismatch,main
V00-T-014,V0,3 Founding principles — Protect by Design,PARA 101–150,"Protect by Design. Security, privacy, sovereignty, safety, and auditability are architectural properties.",V00-F035,identity-policy,partial,unverified,merged,phase0,P7-D,"see C-035, C-036, C-039 evidence","Sovereignty and privacy obligations (C-040, C-041).",No identifier in the source; tracking id assigned by this audit. | passed:harness lacked a resolved test/CI pointer → unverified,v00.txt:para 101:L132-L169:page-mismatch,
V00-T-015,V0,3 Founding principles — Enterprise First,PARA 101–150,"Enterprise First. Governance, lifecycle management, reliability, interoperability, and deployment control are baseline requirements, not later upgrades.",V00-F006,infrastructure,partial,unverified,merged,phase0,P7-D,see C-006 evidence,"Reliability, interoperability and deployment control (C-038, C-042, C-043).",No identifier in the source; tracking id assigned by this audit. | passed:ci lacked a resolved test/CI pointer → unverified,v00.txt:para 101:L133-L169:page-mismatch,
V00-T-016,V0,3 Constitutional prohibitions (1),PARA 101–150,"The product shall not present inference, synthetic data, or scenario output as observed fact.",V00-F010,data-platform,implemented,passed:browser,branch-only,phase0,done,"migrations/0006 truth_state/synthetic_state; apps/api/src/prediction/controls.ts (synthetic folds upward, fail-closed); test/int/phase5-twins.test.ts E2 cases; e2e/phase6-decisions.demo.spec.ts SYNTHETIC marks",None for delivered layers; Phase 7 agent outputs must carry the same marks (reporting agent already does: test/int/phase6-agents.test.ts 'renders a report marked agent-produced with SYNTHETIC marks').,No identifier in the source; tracking id assigned by this audit. | release_status merged → branch-only from the evidence at 2e83945,v00.txt:para 101:L135-L169:page-mismatch,branch+main+test
V00-T-017,V0,3 Constitutional prohibitions (2),PARA 101–150,The product shall not conceal material uncertainty to produce a cleaner executive narrative.,V00-F047,executive-os,partial,passed:harness,branch-only,phase6,P6,"test/int/phase6-briefings.test.ts: 'the narrative is optional, labelled, cites only included items and sits outside the content digest'; options carry uncertainty (0048)",Executive views of forecast distributions and twin blind spots; the narrative contract has no gateway call (register §6).,No identifier in the source; tracking id assigned by this audit.,v00.txt:para 101:L136-L169:page-mismatch,branch+test
V00-T-018,V0,3 Constitutional prohibitions (3),PARA 101–150,"The product shall not make a recommendation without showing which objectives, constraints, evidence, and assumptions shaped it.",V00-F026,decision,partial,passed:harness,branch-only,phase6,P6,"migrations/0041 (objectives, constraints, options citing runs/evidence); test/int/phase6-decisions.test.ts: 'refuses a citation that names nothing readable'","Assumptions are cited through forecasts/runs, not declared on the package; see C-024/C-026.",No identifier in the source; tracking id assigned by this audit.,v00.txt:para 101:L137-L169:page-mismatch,branch+test
V00-T-019,V0,3 Constitutional prohibitions (4),PARA 101–150,"The product shall not allow agents, models, or workflows to accumulate undeclared authority through convenience or repeated use.",V00-F028,agents,partial,passed:harness,branch-only,phase6,P7-A,apps/api/src/policy/pdp.service.ts (default deny; agents hold only granted actions); migrations/0046 (agent registration by the tenant administrator); test/int/phase6-agents.test.ts,"Authority accumulation controls for the Phase 7 runtime (tool capability scoping, budgets per workflow).",No identifier in the source; tracking id assigned by this audit.,v00.txt:para 101:L138-L169:page-mismatch,branch+main+test
V00-T-020,V0,3 Constitutional prohibitions (5),PARA 101–150,"The product shall not create separate, irreconcilable truths for executives, analysts, operators, and governance teams.",V00-F048,ux,implemented,unverified,branch-only,phase6,P7-E,apps/web reads the same API objects,Keep as role workspaces are added (P7-E).,No identifier in the source; tracking id assigned by this audit. | UNRESOLVED pointer(s) at 2e83945: single system of record: briefings composed from stored records under the reader's clearance (test/int/phase6-briefings.test.ts 'composed from stored records under the reader's…') | passed:browser lacked a resolved test/CI pointer → unverified,v00.txt:para 101:L139-L169:page-mismatch,branch
V00-T-021,V0,3 Constitutional prohibitions (6),PARA 101–150,The product shall not make lock-in a precondition for preserving or exporting customer knowledge.,V00-F038,data-platform,missing,unverified,none,omission,P7-F,,"No export path exists (C-037, C-038).",No identifier in the source; tracking id assigned by this audit.,v00.txt:para 101:L140-L169:page-mismatch,
V00-T-022,V0,4 Domain specialization,PARA 101–150,"Extensions must identify their namespace, owner, evidence requirements, evaluation criteria, compatibility range, and lifecycle. They may enrich the core; they may not redefine foundational terms in a way that breaks cross-domain reasoning.",V00-F007,marketplace,missing,unverified,none,omission,P7-C,,"No domain-pack/extension mechanism; see C-007, C-046.",No identifier in the source; tracking id assigned by this audit.,v00.txt:para 101:L151-L169:page-mismatch,
V00-T-023,V0,4 Organizational scale,PARA 101–150,"The intelligence lifecycle, trust model, and core semantics remain the same across scale. Simplicity may be achieved through configuration and experience design, not through removal of accountability.",V00-F007,infrastructure,partial,not-applicable,none,phase7,P7-D,,"Federated, multi-region, multi-classification and disconnected deployments; managed configuration for SMEs.","No identifier in the source; tracking id assigned by this audit. | UNRESOLVED pointer(s) at 2e83945: single deployment shape (docker-compose.yml); tenancy PLATFORM/TENANT/DOMAIN scope model (migrations/0002, ADR-P0-04) | release_status merged → none from the evidence at 2e83945",v00.txt:para 101:L153-L169:page-mismatch,
V00-T-024,V0,5 Decision sovereignty,PARA 101–150,"Every strategic decision record shall name the accountable human decision authority, the participants who reviewed it, the evidence and recommendations available, the approval state, and any override.",V00-F004,decision,partial,passed:harness,branch-only,phase6,P6,"migrations/0041/0042 (owner, approvers, approval state, decision_authority at commit, dissent); test/int/phase6-approvals.test.ts",Override is not a recorded object; participants who reviewed without approving are only room members (0044).,No identifier in the source; tracking id assigned by this audit.,v00.txt:para 101:L160-L169:page-mismatch,branch+test
V00-T-025,V0,5 High-impact boundaries,PARA 101–150,"Where a decision materially affects life, liberty, legal status, essential services, employment, credit, health, safety, or comparable rights and interests, the system shall operate in decision-support mode with explicit human review, applicable legal and policy controls, and an auditable basis.",V00-F050,decision,partial,unverified,merged,phase0,P7-A,see C-050 evidence,High-impact classification and decision-support-mode policy (C-050).,No identifier in the source; tracking id assigned by this audit. | passed:harness lacked a resolved test/CI pointer → unverified,v00.txt:para 101:L162-L169:page-mismatch,
V00-T-026,V0,5 Responsible institutional use,PARA 101–150,"The platform shall provide controls that make responsible operation possible: purpose binding, access control, policy enforcement, explainability, audit, contestability, override, retention, review, and shutdown.",V00-F050,identity-policy,partial,unverified,none,phase0,P7-D,,"Contestability workflow, override records, retention controls, kill/shutdown controls at every scope (V00-T-110).","No identifier in the source; tracking id assigned by this audit. | UNRESOLVED pointer(s) at 2e83945: purpose binding (pdp.service.ts), access control (RLS), policy enforcement (PDP), audit (0004), review (0023 review queue), dissent (0041), agent revocation (0039/0046) | release_status merged → none from the evidence at 2e83945 | passed:harness lacked a resolved test/CI pointer → unverified",v00.txt:para 101:L164-L169:page-mismatch,
V00-T-027,V0,5 Explanation without performative transparency,PARA 101–150,"Explainability shall communicate the basis of an output in a form appropriate to the decision. It includes evidence, assumptions, model and agent identity, important drivers, uncertainty, alternatives, limitations, sensitivity, and required verification. A concise reasoning summary and reproducible evidence path are the governing standard.",V00-F005,decision,partial,unverified,branch-only,phase6,P6,"see C-005; migrations/0033 (limitations, sensitivity); migrations/0046 agent identity on outputs",Reasoning summary per recommendation; required-verification statements; layered explanation UI (V00-T-104).,No identifier in the source; tracking id assigned by this audit. | passed:harness lacked a resolved test/CI pointer → unverified,v00.txt:para 101:L166-L169:page-mismatch,branch
V00-T-028,V0,6 Lifecycle continuity,PARA 151–200,"Each stage shall produce versioned objects that the next stage can consume and the previous stage can audit. A recommendation must link backward to scenarios, forecasts, twin state, claims, and evidence. It must link forward to the human decision, authorized action, observed outcome, and resulting lesson.",V00-F002,decision,partial,passed:harness,branch-only,phase6,P7-B,migrations/0049 decision.replay_contributors (backward links layer by layer); migrations/0045 (commitment -> outcome -> lessons); test/int/phase6-residual-corrections.test.ts: 'the replay names every contributor with its controls',Authorized action objects and lessons as governed objects are absent (forward chain ends at lessons text).,No identifier in the source; tracking id assigned by this audit.,v00.txt:para 101:L184-L190:page-mismatch,branch+test
V00-T-029,V0,6 Re-entry and iteration,PARA 151–200,The workflow model must support controlled iteration while preserving every prior state and reason for change.,V00-F002,decision,implemented,passed:harness,branch-only,phase6,R0,"append-only versions everywhere; migrations/0041 (a new package version supersedes, never carries the choice); test/int/phase6-decisions.test.ts: 'a new version carries the terms and options forward but NEVER the choice'; migrations/0034/0035 invalidation walk",Merge (R0).,No identifier in the source; tracking id assigned by this audit.,v00.txt:para 101:L186-L190:page-mismatch,branch+test
V00-T-030,V0,7 Layer contracts,PARA 151–200,"Every layer shall publish stable contracts for objects, events, provenance, time, identity, policy, quality, confidence, versioning, and failure.",V00-F008,data-platform,partial,unverified,branch-only,phase0,P3,"packages/contracts (envelope, header, error catalog, truth states, JCS); objects.schema_registry (0006); per-layer object schemas registered in migrations (e.g. 0033 run schema, 0024 strategy schema); objects.object_outbox events",Published event contracts for consumers; quality/failure contracts per layer; L3 memory contract (C-008).,No identifier in the source; tracking id assigned by this audit. | passed:harness lacked a resolved test/CI pointer → unverified | release_status merged → branch-only from the evidence at 59a2459,v00.txt:para 151:L209-L266:page-mismatch,branch+main
V00-T-031,V0,7 Cross-cutting planes,PARA 151–200,"Trust and provenance, security and policy, identity and authorization, data governance, agent orchestration, workflow, observability, evaluation, and deployment management operate across all ten layers. They are constitutional planes, not replacement layers.",V00-F008,governance-docs,partial,not-applicable,merged,phase0,P7-D,"apps/api/src/policy, identity, audit, pipeline, tenancy (planes); conformance.manifest.json CP-* namespace (ADR-P0-03)","Agent orchestration, observability, evaluation and deployment-management planes (Phase 7).",No identifier in the source; tracking id assigned by this audit.,v00.txt:para 151:L207-L266:page-mismatch,main
V00-T-032,V0,8 Source universe — support definition,PARA 151–200,"Support means more than connection: it includes discovery, authorization, acquisition, change detection, schema understanding, rights enforcement, source health, backfill, replay, and retirement.",V00-F013,observation,partial,passed:harness,branch-only,phase1,P1,"migrations/0022 (authorization, rights_state, lifecycle retire, health events, schema drift tolerance); apps/api/src/observation/connectors/rest.connector.ts (closed-range backfill, checkpoints); test/int/phase4-acceptance.test.ts: 'a re-walk over an overlapping range admits identical windows as audited no-ops and a changed window as a REVISION'",Discovery of sources; change detection beyond RSS republish/REST digest comparison; schema understanding for documents/media.,No identifier in the source; tracking id assigned by this audit. | UNRESOLVED pointer(s) at 2e83945: replay.ts | release_status merged → branch-only from the evidence at 2e83945,v00.txt:para 151:L218-L266:page-mismatch,branch+main+test
V00-T-033,V0,8 Observation object,PARA 151–200,"Every collected object shall preserve source identity, source type, acquisition method, event time where available, collection time, publication time, effective time, content hash, original payload reference, parser and connector version, licensing or usage restrictions, geographic scope, language, classification, sensitivity, tenant, and quality indicators.",V00-F012,observation,partial,passed:browser,merged,phase1,P1,"migrations/0022 (evidence header: connector, connector_version, method_ref, content_digest, classification, tenant; four times; blob_manifests); e2e/phase1-observation.spec.ts: '7. evidence custody, the four times, and a safe attachment-only download'","Geographic scope, language and sensitivity are not evidence fields; licensing appears on the contract, not the object.",No identifier in the source; tracking id assigned by this audit.,v00.txt:para 151:L220-L266:page-mismatch,main+test
V00-T-034,V0,8 Coverage intelligence,PARA 151–200,The layer shall model its own field of view. Downstream systems must be able to distinguish 'no event occurred' from 'the platform could not observe whether an event occurred.',V00-F013,observation,partial,passed:browser,branch-only,phase1,P1,"migrations/0022 coverage_measurements (expected vs actual coverage, freshness, completeness, latency); apps/api/src/observation/coverage/facts.service.ts; migrations/0040 scheduled attempt faults; e2e/phase1-observation.spec.ts '5. coverage reports the planted gap'","Field-of-view model across sources (regional blind spots, licensing exclusions, sampling bias) consumed downstream by forecasts/twins.",No identifier in the source; tracking id assigned by this audit. | release_status merged → branch-only from the evidence at 2e83945,v00.txt:para 151:L221-L266:page-mismatch,branch+main+test
V00-T-035,V0,8 Adversarial environment,PARA 151–200,"Observation workflows shall support source reputation, corroboration, anomaly detection, content authenticity signals, malicious payload isolation, prompt-injection resistance, and escalation to human review.",V00-F013,observation,partial,passed:harness,merged,phase1,P1,"apps/api/src/observation/connectors/content-controls.ts, http-client.ts (SSRF refusal), redaction.ts; migrations/0022 quarantine; test/int/phase1-hostile-input.test.ts; apps/api/src/observation/connectors/xml-worker.js (isolated parsing)","Source reputation, corroboration, anomaly detection, authenticity signals, anti-malware sandbox for documents.",No identifier in the source; tracking id assigned by this audit.,v00.txt:para 151:L224-L266:page-mismatch,main+test
V00-T-036,V0,9 Core transformations,PARA 151–200,"The layer coordinates collection, cleaning, normalization, language processing, classification, summarization, named-entity recognition, entity resolution, event extraction, relationship extraction, claim extraction, topic and theme analysis, geospatial and temporal alignment, contradiction detection, source comparison, weak-signal detection, and analytical assessment.",V00-F010,intelligence,partial,unverified,merged,phase2,P2,"migrations/0023 (claim extraction, methods); migrations/0024 (entity resolution on identifiers, relationship edges); apps/api/src/intelligence/extraction","Language processing, classification, summarization, NER beyond identifiers, event extraction, topic analysis, geospatial alignment, contradiction detection, weak-signal detection, assessments (P2).",No identifier in the source; tracking id assigned by this audit. | passed:harness lacked a resolved test/CI pointer → unverified,v00.txt:para 151:L231-L266:page-mismatch,main
V00-T-037,V0,9 Conflict and uncertainty,PARA 151–200,"Conflicting claims shall not be flattened into one convenient answer. The layer shall retain disagreement, identify source dependence, estimate confidence, surface missing evidence, and allow multiple assessments to coexist. Human analysts must be able to endorse, challenge, amend, or supersede an assessment without deleting the historical record.",V00-F010,intelligence,partial,unverified,merged,phase2,P2,"migrations/0023 claims with confidence, review approve/correct/reject as new versions; apps/api/src/intelligence/review/review.service.ts","Contradiction detection (contradiction_refs always empty), source-dependence analysis, assessment objects with endorse/challenge/amend/supersede.",No identifier in the source; tracking id assigned by this audit. | passed:harness lacked a resolved test/CI pointer → unverified,v00.txt:para 151:L239-L266:page-mismatch,main
V00-T-038,V0,9 Time and revision,PARA 151–200,"Each object shall declare when it was valid, when it was known, when it was revised, and what evidence caused the revision.",V00-F011,data-platform,implemented,passed:harness,merged,phase0,done,"migrations/0006 (valid_from/valid_to, recorded_at, correction_of/evidence_refs); test/int/phase3-corrections.test.ts: 'an EVIDENCE correction reaches the claims derived from it'",,No identifier in the source; tracking id assigned by this audit.,v00.txt:para 151:L241-L266:page-mismatch,main+test
V00-T-039,V0,10 Enterprise Memory,PARA 151–200,"Enterprise Memory … preserves access policy, provenance, time, version, classification, and tenant boundaries. Retrieval must be contextual and permission-aware rather than merely lexical.",V00-F016,memory-graph,partial,passed:harness,merged,omission,P3,apps/api/src/graph/search/search.service.ts; test/int/domain-isolation.test.ts,Contextual/semantic retrieval (C-016); memory over messages/telemetry/workflows.,No identifier in the source; tracking id assigned by this audit.,,main+test
V00-T-040,V0,10 Strategic Memory,PARA 151–200,"Strategic Memory … preserves objectives, hypotheses, assumptions, scenarios, forecasts, simulation configurations, recommendations, dissent, approvals, commitments, outcomes, post-decision reviews, and lessons.",V00-F015,memory-graph,partial,unverified,merged,phase6,P6,"migrations/0024 (OBJ, ASU), 0029 (scenarios, forecasts), 0033 (run contracts), 0041–0045 (dissent, approvals, commitments, outcomes, lessons), 0043 replays","Hypotheses, recommendations as objects, post-decision reviews and lessons as governed objects.",No identifier in the source; tracking id assigned by this audit. | release_status branch-only → merged from the evidence at 2e83945 | passed:harness lacked a resolved test/CI pointer → unverified,,main
V00-T-041,V0,10 Memory writes,PARA 151–200,"Model output shall not become accepted institutional memory merely because it was generated. Writes shall carry truth state, provenance, confidence, author, review status, expiry, and correction history. Retrieval systems must communicate whether content is observed, inferred, disputed, superseded, simulated, or approved.",V00-F016,memory-graph,partial,unverified,merged,phase2,P3,migrations/0023 (claims 'extracted' with review_current; abstention); migrations/0006 truth_state,Expiry on writes; governed acceptance of high-impact assessments; 'approved' as a retrievable state.,No identifier in the source; tracking id assigned by this audit. | UNRESOLVED pointer(s) at 2e83945: search hits carry kind and truth state (search.service.ts) | passed:harness lacked a resolved test/CI pointer → unverified,v00.txt:para 151:L252-L266:page-mismatch,main
V00-T-042,V0,10 Durability and forgetting,PARA 151–200,"The platform shall support legal holds, retention schedules, archival tiers, correction, redaction, and verifiable deletion while preserving permitted audit facts about the operation performed.",V00-F015,memory-graph,partial,unverified,merged,omission,P3,migrations/0014 evidence deauthorization; blob_tombstones (0022),"Legal holds, retention schedules, archival tiers, redaction, verifiable deletion with audit facts.","No identifier in the source; tracking id assigned by this audit. | UNRESOLVED pointer(s) at 2e83945: correction (0023/0030 corrections, 0026 supersession) | passed:harness lacked a resolved test/CI pointer → unverified",v00.txt:para 151:L254-L266:page-mismatch,main
V00-T-043,V0,11 Knowledge Graph scope,PARA 151–200,"Nodes and relationships are typed, versioned, time-aware, source-linked, confidence-bearing, policy-scoped, and globally identifiable within the appropriate tenant or federation boundary.",V00-F009,memory-graph,implemented,passed:harness,merged,phase3,P3,"migrations/0024 entities/edges (types, versions, valid intervals, evidence links, confidence, RLS scope, identifier systems); test/int/phase3-acceptance.test.ts",Federation boundaries beyond tenant/domain.,No identifier in the source; tracking id assigned by this audit.,v00.txt:para 151:L261-L266:page-mismatch,main+test
V00-T-044,V0,11 Graph truth model,PARA 201–250,"The graph shall preserve this state, the supporting and contradicting evidence, derivation method, confidence, validity interval, and reviewer status. Identity resolution decisions shall be reversible and merge history shall remain auditable.",V00-F009,memory-graph,implemented,passed:harness,merged,phase3,done,"migrations/0024 resolutions (proposed/accepted/rejected/superseded, model_confidence, split_entity); test/int/phase3-acceptance.test.ts: 'splits a merged entity without deleting anything', 'a known-at query BEFORE the split still reproduces the merged view'","Contradicting evidence on edges is not populated (contradiction detection absent, V00-T-037).",No identifier in the source; tracking id assigned by this audit.,v00.txt:para 151:L263-L266:page-mismatch,main+test
V00-T-045,V0,11 Strategy Graph — traceability,PARA 201–250,"A change in a supplier, regulation, market, technology, or geopolitical condition can be traced to the objectives and decisions it may affect.",V00-F017,memory-graph,partial,passed:harness,branch-only,phase3,P3,migrations/0025/0034 record_impact and the invalidation walk; test/int/phase5-propagation.test.ts; test/int/phase6-monitoring.test.ts,Continuous propagation (walk is operator-initiated); more strategy node types (C-017).,No identifier in the source; tracking id assigned by this audit.,v00.txt:para 151:L265-L266:page-mismatch,branch+test
V00-T-046,V0,11 Ontology governance,PARA 201–250,"Ontologies shall be modular, versioned, namespaced, reviewable, and backward-compatible where practical. Changes require impact analysis across data mappings, agents, models, twins, policies, simulations, APIs, and user experiences.",V00-F009,memory-graph,missing,unverified,none,omission,P3,"objects.schema_registry with compatibility mode (0006) is schema versioning, not ontology governance","Ontology objects, namespaces, review workflow and impact analysis do not exist.",No identifier in the source; tracking id assigned by this audit.,v00.txt:para 201:L268-L341:page-mismatch,main
V00-T-047,V0,12 Canonical twin portfolio,PARA 201–250,"Every customer may maintain Digital Twins for the company or institution, competitors, supply chain, products, markets, regulations, infrastructure, business processes, and organization. Twins may be composed … while preserving ownership and update boundaries.",V00-F018,twin-simulation,partial,unverified,branch-only,phase5,P5,"migrations/0032 twin_kind_schemas (generic kinds), twin boundary entities",Twin families with domain behaviour; composition of twins referencing other twins with ownership boundaries.,No identifier in the source; tracking id assigned by this audit. | release_status merged → branch-only from the evidence at 2e83945 | passed:harness lacked a resolved test/CI pointer → unverified,v00.txt:para 201:L275-L341:page-mismatch,branch
V00-T-048,V0,12 Twin anatomy,PARA 201–250,"Identity and scope … State … Behavior … Evidence … Interfaces … Validation: calibration history, known limitations, operating envelope, drift status, and approved uses.",V00-F018,twin-simulation,partial,unverified,branch-only,phase5,P5,"migrations/0032 (boundary, limitations, behaviour_models), 0035 (state elements with citations, verification), 0033 (validation_status on runs)","Interfaces/composition contracts; calibration history, operating envelope, drift status, approved uses.",No identifier in the source; tracking id assigned by this audit. | release_status merged → branch-only from the evidence at 2e83945 | passed:harness lacked a resolved test/CI pointer → unverified,,branch
V00-T-049,V0,12 Actual and simulated state,PARA 201–250,"A twin shall distinguish actual observed state, estimated current state, predicted state, and simulated state. Scenario branches must not overwrite the baseline. Users shall be able to compare branches, inspect their assumptions, reconcile them against later observation, and reproduce the model state used in a past decision.",V00-F019,twin-simulation,implemented,unverified,branch-only,phase5,P5,migrations/0032/0035 element kinds observed/estimated/predicted/simulated; apps/api/src/twin/twins/twin.service.ts compare/asOf; migrations/0034 reconciliations; migrations/0043 replay 'tested' layer,"verification evidence of the required class (harness, browser, CI or deployment) for the released artefact",No identifier in the source; tracking id assigned by this audit. | release_status merged → branch-only from the evidence at 2e83945 | passed:harness lacked a resolved test/CI pointer → unverified,v00.txt:para 201:L284-L341:page-mismatch,branch
V00-T-050,V0,12 Twin confidence,PARA 201–250,"Completeness and confidence shall be computed at component level. The interface must expose blind spots, staleness, model validity, and sensitivity alongside outputs.",V00-F014,twin-simulation,partial,unverified,branch-only,phase5,P5,"migrations/0035 (required keys, incomplete versions marked; apps/web/app/twins/page.tsx","Staleness by age, model validity and sensitivity on the twin surface; component-level confidence aggregation.",No identifier in the source; tracking id assigned by this audit. | UNRESOLVED pointer(s) at 2e83945: unusable_inputs/unavailable_inputs 0036) | release_status merged → branch-only from the evidence at 2e83945 | passed:harness lacked a resolved test/CI pointer → unverified,v00.txt:para 201:L285-L341:page-mismatch,branch
V00-T-051,V0,13 Prediction Engine — horizon treatment table,PARA 251–300,"30 days … High-frequency indicators, near-term events, intervention windows, and explicit data freshness. … 5 years … Structural uncertainty, alternative regimes, path dependence, option value, and resilience rather than point estimates.",V00-F020,prediction,partial,unverified,branch-only,phase4,P4,migrations/0029 horizon codes; migrations/0031 publication calendar (issuance vs response timing),"Horizon-specific treatment (regimes, option value at 5y; intervention windows at 30d) is not modelled.",No identifier in the source; tracking id assigned by this audit. | release_status merged → branch-only from the evidence at 2e83945 | passed:harness lacked a resolved test/CI pointer → unverified,,branch
V00-T-052,V0,13 Forecast package,PARA 251–300,"A material forecast shall include the target variable or event, horizon, as-of time, data window, method, model and feature versions, base rate, probability distribution or interval, confidence, calibration history, important drivers, causal assumptions where claimed, scenario dependencies, sensitivity, out-of-distribution warnings, expiry, and conditions that would cause revision.",V00-F021,prediction,partial,unverified,branch-only,phase4,P4,"migrations/0029 forecasts_current (series, horizon, origin_at, known_at, method/method_version, baseline_method, quantiles, drivers, assumptions, evidence_refs, refresh_cadence, validation_state, skill)","Base rate, feature versions, scenario dependencies, sensitivity, OOD warnings, explicit revision conditions.",No identifier in the source; tracking id assigned by this audit. | release_status merged → branch-only from the evidence at 2e83945 | passed:harness lacked a resolved test/CI pointer → unverified,v00.txt:para 201:L302-L341:page-mismatch,branch
V00-T-053,V0,13 Model ensembles and disagreement,PARA 251–300,The system shall show when different credible methods imply different futures and identify which assumptions drive the divergence.,V00-F021,prediction,missing,unverified,none,omission,P4,,Ensembles and disagreement analysis across methods.,No identifier in the source; tracking id assigned by this audit. | UNRESOLVED pointer(s) at 2e83945: one learned model vs seasonal-naive baseline (apps/api/src/prediction/models/models.ts),v00.txt:para 201:L304-L341:page-mismatch,
V00-T-054,V0,13 Evaluation,PARA 251–300,"Forecasts shall be scored after outcomes become observable using horizon-appropriate metrics, calibration curves, baseline comparisons, and segmented error analysis. Evaluation shall prevent hindsight leakage by reconstructing only the information available at forecast time. Performance shall be visible by domain, geography, regime, model, and confidence band.",V00-F045,prediction,partial,passed:harness,branch-only,phase4,P4,"migrations/0030 backtests (coverage_80, pinball, skill vs baseline) and outcome scoring under known_at; test/int/phase4-acceptance.test.ts D2–D4; apps/web/app/prediction/calibration",Segmented error analysis by geography/regime/confidence band; calibration curves.,No identifier in the source; tracking id assigned by this audit. | release_status merged → branch-only from the evidence at 2e83945,v00.txt:para 201:L306-L341:page-mismatch,branch+test
V00-T-055,V0,14 Scenario anatomy,PARA 251–300,"A scenario shall identify its purpose, scope, horizon, initial conditions, driving forces, critical uncertainties, actors, assumptions, causal logic, events, indicators, branch points, constraints, expected impacts, probability treatment where appropriate, and signals that strengthen or weaken it.",V00-F022,prediction,partial,unverified,branch-only,phase4,P4,"migrations/0029 scenarios_current/branches_current (assumptions, indicators, branch points, owners, response window); migrations/0036 scenario_version_as_of","Driving forces, actors, causal logic, expected impacts, probability treatment, strengthening/weakening signals.",No identifier in the source; tracking id assigned by this audit. | release_status merged → branch-only from the evidence at 2e83945 | passed:harness lacked a resolved test/CI pointer → unverified,v00.txt:para 201:L313-L341:page-mismatch,branch
V00-T-056,V0,14 Scenario portfolio,PARA 251–300,"The system shall support baseline, upside, downside, disruption, stress, adversarial, counterfactual, and user-defined scenarios.",V00-F022,prediction,partial,unverified,branch-only,omission,P4,"migrations/0029 kind IN ('baseline','upside','downside')","Disruption, stress, adversarial, counterfactual, user-defined kinds.",No identifier in the source; tracking id assigned by this audit. | release_status merged → branch-only from the evidence at 2e83945 | passed:harness lacked a resolved test/CI pointer → unverified,v00.txt:para 201:L315-L341:page-mismatch,branch
V00-T-057,V0,14 Living scenarios,PARA 251–300,"Scenarios shall remain linked to leading indicators and observed events. As the world changes, the platform updates scenario relevance, notifies owners when assumptions are invalidated, records transitions between branches, and preserves the original edition used for a decision.",V00-F022,prediction,partial,unverified,branch-only,phase4,P4,migrations/0037 branch flip with receipt under both clocks; migrations/0036 scenario version as-of bound to runs; migrations/0025 invalidations reach scenarios,Owner notification on invalidated assumptions; scenario relevance scoring.,No identifier in the source; tracking id assigned by this audit. | release_status merged → branch-only from the evidence at 2e83945 | passed:harness lacked a resolved test/CI pointer → unverified,v00.txt:para 201:L317-L341:page-mismatch,branch+main
V00-T-058,V0,14 Scenario Marketplace,PARA 251–300,"Governed scenario packages may be published, licensed, adapted, and evaluated across customers without exposing private data. Customer instantiation creates a separate governed copy linked to the publisher and version.",V00-F046,marketplace,missing,unverified,none,omission,P7-C,,See C-046.,No identifier in the source; tracking id assigned by this audit.,v00.txt:para 201:L319-L341:page-mismatch,
V00-T-059,V0,15 Simulation classes,PARA 251–300,"The engine shall support deterministic and stochastic simulations, discrete-event and system-dynamics models, agent-based models, Monte Carlo analysis, network propagation, optimization, stress testing, war-gaming, counterfactual analysis, and domain-specific methods.",V00-F023,twin-simulation,partial,unverified,branch-only,phase5,P5,migrations/0033 stochastic_mode deterministic/seeded; apps/api/src/twin/models (the shipped propagation model),"Discrete-event, system dynamics, agent-based, Monte Carlo beyond seeded sampling, optimisation, war-gaming, counterfactual methods.",No identifier in the source; tracking id assigned by this audit. | release_status merged → branch-only from the evidence at 2e83945 | passed:harness lacked a resolved test/CI pointer → unverified,v00.txt:para 201:L326-L341:page-mismatch,branch
V00-T-060,V0,15 Experiment contract,PARA 251–300,"Every run shall identify the twin and scenario versions, initial state, intervention, control case, constraints, policy boundaries, assumptions, model versions, parameters, random seeds, execution environment, outputs, uncertainty, sensitivity, and responsible operator. Runs shall be immutable once completed; corrections produce a new version linked to the original.",V00-F023,twin-simulation,implemented,passed:harness,branch-only,phase5,done,"migrations/0033 (control_run_id, corrects_run_id, immutability trigger); test/int/phase5-simulations.test.ts: 'a completed run is immutable'",,No identifier in the source; tracking id assigned by this audit. | release_status merged → branch-only from the evidence at 2e83945,v00.txt:para 201:L328-L341:page-mismatch,branch+test
V00-T-061,V0,15 Causal discipline,PARA 251–300,"The interface shall distinguish mechanistic assumptions, empirically estimated causal effects, correlations, expert judgments, and speculative relationships. When the model crosses its validated operating envelope, results must be marked accordingly and approval thresholds increased.",V00-F023,twin-simulation,partial,unverified,branch-only,phase5,P5,migrations/0033 validation_status (twin version UNVERIFIED appended when a cited input was corrected),Assumption-type taxonomy on runs; operating-envelope detection with raised approval thresholds.,No identifier in the source; tracking id assigned by this audit. | release_status merged → branch-only from the evidence at 2e83945 | passed:harness lacked a resolved test/CI pointer → unverified,v00.txt:para 201:L330-L341:page-mismatch,branch
V00-T-062,V0,15 Human challenge,PARA 251–300,"Decision-makers and domain experts shall be able to inspect assumptions, modify interventions, compare runs, challenge model structure, and request sensitivity analysis. Simulation results shall never be summarized into a recommendation without retaining access to the experiment and its limitations.",V00-F023,twin-simulation,partial,unverified,branch-only,phase5,P5,"migrations/0033 (intervention runs against a control, comparisons); options bind run version and digest (0041); apps/web/app/twins/simulations",Sensitivity on request; model-structure challenge workflow; run comparison UI.,No identifier in the source; tracking id assigned by this audit. | passed:harness lacked a resolved test/CI pointer → unverified,v00.txt:para 201:L332-L341:page-mismatch,branch
V00-T-063,V0,16 Decision object,PARA 251–300,"A strategic decision shall be a first-class, versioned object containing question, scope, owner, deadline, objectives, constraints, stakeholders, options, evidence, assumptions, forecasts, scenarios, simulations, risks, opportunities, trade-offs, confidence, dissent, recommendation, approval, conditions, actions, review triggers, and outcome measures.",V00-F024,decision,partial,unverified,branch-only,phase6,P6,"migrations/0041/0042/0045 (question/title, owner, deadline, objectives, constraints, options citing runs/forecasts, risks, opportunities, trade-offs, dissent, approvals with conditions, monitoring conditions, outcome_criteria)","Stakeholders, actions and a distinct recommendation object are absent.",No identifier in the source; tracking id assigned by this audit. | passed:harness lacked a resolved test/CI pointer → unverified,v00.txt:para 201:L339-L341:page-mismatch,branch
V00-T-064,V0,16 Option architecture,PARA 251–300,"The system shall identify viable alternatives, including defer, stage, pilot, acquire information, hedge, partner, exit, and maintain status quo where relevant. Options shall be assessed against explicit objectives and constraints; scoring models must expose weights and sensitivity.",V00-F024,decision,partial,unverified,branch-only,phase6,P6,no scoring model,Option generation (defer/stage/pilot/hedge/exit/status quo); scoring with exposed weights and sensitivity.,No identifier in the source; tracking id assigned by this audit. | UNRESOLVED pointer(s) at 2e83945: options are declared by the owner or drafted by the decision agent from control runs (test/int/phase6-agents.test.ts) | passed:harness lacked a resolved test/CI pointer → unverified,v00.txt:para 201:L341-L341:page-mismatch,
V00-T-065,V0,16 Recommendation contract,PARA 251–300,"A recommendation shall state what is proposed, for whom, by when, under which assumptions, why it is preferred, which alternatives were considered, what could make it wrong, what evidence is missing, which consequences are material, how reversible it is, and what monitoring or decision triggers follow approval. Confidence shall not exceed confidence in its evidence and assumptions.",V00-F026,decision,partial,unverified,branch-only,phase6,P6,"migrations/0041 choice (option_key, rationale, decision_deadline, accepted_trade_offs, action_owner, outcome_criteria), reversibility, monitoring_conditions; migrations/0048 option uncertainty derived from cited records (confidence cannot exceed inputs)","'What could make it wrong' and 'missing evidence' statements; the recommendation is the owner's choice, not a system recommendation.",No identifier in the source; tracking id assigned by this audit. | passed:harness lacked a resolved test/CI pointer → unverified,v00.txt:para 251:L344-L387:page-mismatch,branch
V00-T-066,V0,16 Decision Replay,PARA 251–300,"Decision Replay reconstructs the exact knowledge state available at decision time: source versions, claims, graph, twin state, forecasts, scenarios, simulations, recommendation, dissent, policy, and approvals. Later outcomes are then overlaid without altering the original.",V00-F025,decision,implemented,unverified,branch-only,phase6,R0,see C-025,Merge (R0).,No identifier in the source; tracking id assigned by this audit. | passed:browser lacked a resolved test/CI pointer → unverified,v00.txt:para 251:L346-L387:page-mismatch,
V00-T-067,V0,17 Executive workspaces,PARA 301–350,"The executive surface shall organize strategic objectives, external change, weak signals, early warnings, health, risks, opportunities, scenarios, decision queues, simulations, commitments, owners, review cadences, and outcomes. It shall support decision rooms where participants examine the same evidence and assumptions, record dissent, approve actions, and establish monitoring triggers.",V00-F027,executive-os,partial,unverified,branch-only,phase6,P6,migrations/0044 rooms/members/cadence; monitoring conditions (0045); apps/web/app/decisions,"Objectives, weak signals, health, risks/opportunities and simulations on the executive surface; decision queue.",No identifier in the source; tracking id assigned by this audit. | UNRESOLVED pointer(s) at 2e83945: dissent and approvals (0041/0042) | passed:browser lacked a resolved test/CI pointer → unverified,v00.txt:para 251:L353-L387:page-mismatch,branch
V00-T-068,V0,17 Briefing as a product,PARA 301–350,"Executive briefings shall be generated from live intelligence objects, not copied into isolated documents. Every statement must be traceable to evidence and current as-of time. Changes since the prior briefing, disputed assessments, stale dependencies, emerging scenario indicators, and required decisions shall be explicit.",V00-F027,executive-os,partial,passed:browser,branch-only,phase6,P6,"apps/api/src/executive/briefings/briefing.service.ts; test/int/phase6-briefings.test.ts: 'recomposition under the same watermark and known_at yields the same content digest'; migrations/0049 (historical contract state, approver eligibility at the cut-off); e2e BRIEFINGS",Disputed assessments and emerging scenario indicators as briefing items; distribution under approval policy (reporting agent renders only).,No identifier in the source; tracking id assigned by this audit.,v00.txt:para 251:L355-L387:page-mismatch,branch+test
V00-T-069,V0,17 Attention governance,PARA 301–350,"Priority shall combine materiality, urgency, confidence, novelty, strategic relevance, reversibility, and required action. Users must be able to understand why an item is elevated, tune policy, suppress duplicates, delegate review, and see what was deprioritized.",V00-F027,executive-os,missing,unverified,none,omission,P6,,"Priority model, explanation of elevation, policy tuning, duplicate suppression, delegation, deprioritised view.",No identifier in the source; tracking id assigned by this audit. | UNRESOLVED pointer(s) at 2e83945: briefing items ordered by time left only (briefing.service.ts),v00.txt:para 251:L357-L387:page-mismatch,
V00-T-070,V0,"17 Multiple interfaces, one truth",PARA 301–350,"They shall access the same governed intelligence objects. Conversation is an interface, not the architecture, and must not bypass provenance, permissions, or decision controls.",V00-F003,ux,implemented,unverified,branch-only,phase6,P7-E,apps/web reads only the governed API; no conversational interface exists; PDP at the API boundary,"verification evidence of the required class (harness, browser, CI or deployment) for the released artefact",No identifier in the source; tracking id assigned by this audit. | passed:browser lacked a resolved test/CI pointer → unverified,v00.txt:para 251:L359-L387:page-mismatch,branch
V00-T-071,V0,18 Agent families,PARA 351–400,"Observation, Crawler, Search, Collection; Cleaning, Classification, Summarization; NER, Relationship, Knowledge Graph; Reasoning, Prediction, Scenario, Simulation, Decision; Risk, Opportunity, Competitor, Supply Chain; Geopolitical, Technology, Cyber, Financial; Executive Briefing, Reporting; Governance, Learning; Planner, Supervisor, Workflow.",V00-F028,agents,partial,unverified,branch-only,phase7,P7-A,"decision, briefing, reporting agents (0046); forecast_agent role runs jobs (0029)","24 of the 29 canonical agents absent (crawler, search, cleaning, classification, summarization, NER, relationship, KG, reasoning, scenario, simulation, risk, opportunity, competitor, supply chain, four domain agents, governance, learning, supervisor, full planner/workflow).",No identifier in the source; tracking id assigned by this audit. | UNRESOLVED pointer(s) at 2e83945: collection agent (migrations/0038/0039) | passed:harness lacked a resolved test/CI pointer → unverified,v00.txt:para 251:L366-L387:page-mismatch,branch
V00-T-072,V0,18 Agent contract (agent card),PARA 351–400,"Every agent shall publish an agent card defining purpose, owner, model dependencies, tools, input and output schemas, data and tenant scope, permissions, budgets, timeouts, allowed autonomy, escalation rules, prohibited actions, evaluation suites, known failure modes, logging, and rollback. Agent identity and version shall appear in every material artifact it creates or changes.",V00-F028,agents,partial,unverified,branch-only,phase7,P7-A,see C-028,See C-028.,No identifier in the source; tracking id assigned by this audit. | UNRESOLVED pointer(s) at 2e83945: agent-produced marks with identity on outputs (test/int/phase6-agents.test.ts) | passed:harness lacked a resolved test/CI pointer → unverified,v00.txt:para 251:L378-L387:page-mismatch,
V00-T-073,V0,18 Orchestration and separation of duties,PARA 351–400,"A Planner may decompose work but may not grant itself permissions. A Supervisor may evaluate and route work but may not erase failures. Workflow policy shall define which steps are automatic, which require review, and which require decision authority. Agents shall not approve their own policy exceptions.",V00-F029,agents,partial,unverified,branch-only,phase7,P7-A,see C-029; PDP consequence classes define human gates,See C-029.,No identifier in the source; tracking id assigned by this audit. | passed:harness lacked a resolved test/CI pointer → unverified,v00.txt:para 251:L380-L387:page-mismatch,
V00-T-074,V0,18 Tool and model boundaries,PARA 351–400,"Tool access shall be capability-scoped and least-privileged. External side effects require explicit workflow authority, idempotency, and audit. Models shall be accessed through governed model interfaces that expose provider, version, configuration, data handling, cost, latency, and evaluation status.",V00-F030,agents,partial,unverified,merged,phase2,P7-A,migrations/0019 capability binding; no external side effects exist,"Sandboxed tools with capability scoping; side-effect authority/idempotency; provider, cost, data handling and evaluation status on the gateway.","No identifier in the source; tracking id assigned by this audit. | UNRESOLVED pointer(s) at 2e83945: model-gateway.service.ts (version, latency, outcome recorded) | passed:harness lacked a resolved test/CI pointer → unverified",v00.txt:para 251:L382-L387:page-mismatch,main
V00-T-075,V0,18 Learning boundary,PARA 351–400,"Agents may propose improvements to prompts, workflows, tools, policies, ontologies, and models. Proposals are artifacts, not production changes. Release requires evaluation, security review, policy review, approval, versioning, monitoring, and rollback appropriate to risk.",V00-F031,learning-evaluation,missing,unverified,none,phase7,P7-B,,Proposal artifacts and the governed release pipeline (C-044).,No identifier in the source; tracking id assigned by this audit.,v00.txt:para 251:L384-L387:page-mismatch,
V00-T-076,V0,19 Trust envelope,PARA 351–400,"Every intelligence object shall carry a trust envelope appropriate to its type: object identity, tenant, owner, source references, chain of custody, truth state, temporal state, classification, sensitivity, usage rights, transformation lineage, model and agent versions, quality, confidence, review status, policy decisions, signatures or hashes where required, expiry, and known limitations.",V00-F035,data-platform,partial,unverified,merged,phase0,P3,migrations/0006 canonical header (ADR-P0-05); controls folded onto every derived object,Expiry and known limitations on most object types; sensitivity as a field.,No identifier in the source; tracking id assigned by this audit. | UNRESOLVED pointer(s) at 2e83945: digests on versions/runs/briefings | passed:harness lacked a resolved test/CI pointer → unverified,v00.txt:para 251:L396-L419:page-mismatch,main
V00-T-077,V0,19 Provenance graph (both directions),PARA 351–400,"Provenance shall itself be graph-addressable. Users and auditors must be able to trace a recommendation to decision criteria, simulations, scenario branches, forecasts, twin state, graph claims, transformations, and original evidence. The reverse path shall also be possible: a corrected source should identify every downstream object and decision potentially affected.",V00-F012,data-platform,partial,passed:harness,branch-only,phase6,P7-E,"migrations/0049 replay_contributors; migrations/0034 invalidation walk (affected twins, simulations, packages); test/int/phase6-monitoring.test.ts",A user-facing provenance trace view; continuous reverse propagation.,No identifier in the source; tracking id assigned by this audit.,v00.txt:para 251:L398-L419:page-mismatch,branch+test
V00-T-078,V0,19 Trust policy,PARA 351–400,"Trust policy shall combine source authority, corroboration, recency, method fitness, lineage integrity, conflict, evaluation, and human review rather than assigning permanent universal reputation.",V00-F035,intelligence,missing,unverified,none,omission,P2,,A contextual trust policy combining these factors does not exist.,No identifier in the source; tracking id assigned by this audit. | UNRESOLVED pointer(s) at 2e83945: authority/legal_basis on contracts (0028) and method lifecycle (0023) are inputs only,v00.txt:para 251:L400-L419:page-mismatch,
V00-T-079,V0,19 Audit and non-repudiation,PARA 351–400,"Material reads, writes, transformations, exports, policy decisions, agent tool calls, model invocations, approvals, overrides, releases, and administrative actions shall be attributable and tamper-evident. Audit records must be searchable by object, identity, decision, tenant, policy, and time.",V00-F036,identity-policy,partial,unverified,merged,phase0,P7-D,see C-036; apps/web/app/admin/audit,See C-036.,No identifier in the source; tracking id assigned by this audit. | passed:browser lacked a resolved test/CI pointer → unverified,v00.txt:para 251:L402-L419:page-mismatch,main
V00-T-080,V0,20 Data product model,PARA 351–400,"Sources and derived datasets shall be managed as data products with owners, contracts, schemas, quality objectives, freshness objectives, lineage, access policy, retention, cost, and lifecycle state.",V00-F014,data-platform,partial,unverified,branch-only,phase1,P1,"migrations/0022/0028 source contracts (owner, steward, schema, freshness/coverage expectations, lifecycle); migrations/0029 series_registry",Derived datasets as data products; cost; retention as a product attribute; batch/stream/geospatial/media forms.,No identifier in the source; tracking id assigned by this audit. | release_status merged → branch-only from the evidence at 2e83945 | passed:harness lacked a resolved test/CI pointer → unverified,v00.txt:para 251:L409-L419:page-mismatch,branch
V00-T-081,V0,20 Canonical semantics,PARA 351–400,"Canonical identifiers, temporal semantics, truth states, provenance fields, confidence, policy labels, and version rules shall be shared across the platform. Lossy transformations must be declared. Data contracts shall make breaking changes visible before they corrupt downstream intelligence.",V00-F011,data-platform,partial,unverified,merged,phase0,P1,packages/contracts; migrations/0006 objects.schema_registry compatibility; migrations/0022 schema drift tolerance -> quarantine (test/int/phase1-acceptance.test.ts 'fails closed on schema drift'),Declaration of lossy transformations; contract breaking-change checks for derived products.,No identifier in the source; tracking id assigned by this audit. | passed:harness lacked a resolved test/CI pointer → unverified,v00.txt:para 251:L411-L419:page-mismatch,main
V00-T-082,V0,20 Ownership and federation,PARA 351–400,Central governance shall define non-negotiable controls; domain owners shall govern meaning and quality within those controls. Federation must not create untraceable replicas or inconsistent policy enforcement.,V00-F007,data-platform,partial,unverified,merged,phase0,P7-D,domain roles govern their objects,Federated discovery across units/agencies/regions; replica governance.,"No identifier in the source; tracking id assigned by this audit. | UNRESOLVED pointer(s) at 2e83945: PLATFORM/TENANT/DOMAIN scope model (0002, 0009) | passed:harness lacked a resolved test/CI pointer → unverified",v00.txt:para 251:L413-L419:page-mismatch,
V00-T-083,V0,20 Interoperability and exit,PARA 351–400,"The platform shall expose documented APIs, event contracts, bulk export, metadata export, graph export, model and scenario packaging, and standard identity and policy integrations. Customers shall be able to retrieve their authorized data, knowledge structures, decisions, audit material, and configuration in usable formats.",V00-F038,data-platform,partial,unverified,merged,omission,P7-F,see C-038,See C-038.,No identifier in the source; tracking id assigned by this audit. | passed:harness lacked a resolved test/CI pointer → unverified,v00.txt:para 251:L415-L419:page-mismatch,
V00-T-084,V0,21 Zero-trust operating model,PARA 301–350,"Every human, service, device, workload, agent, model, connector, source, and deployment component shall have verifiable identity and scoped authority. Access decisions shall combine role, attributes, purpose, tenant, classification, data policy, device and workload posture, network context, and risk. Authorization is continuous; network location is not trust.",V00-F039,identity-policy,partial,unverified,merged,phase0,P7-D,see C-039,See C-039.,No identifier in the source; tracking id assigned by this audit. | passed:harness lacked a resolved test/CI pointer → unverified,v00.txt:para 301:L423-L488:page-mismatch,
V00-T-085,V0,21 Data and model protection,PARA 301–350,"Protection shall include encryption in transit and at rest, customer-managed keys where required, secrets isolation, field- and row-level controls, confidential-computing options where appropriate, secure deletion, backup protection, exfiltration controls, watermarking or export controls for sensitive products, and isolation of training and evaluation data.",V00-F039,infrastructure,partial,unverified,merged,phase0,P7-D,"RLS row-level controls; secrets environment-only (.eye-local, C18 practice); migrations/0022 vault blob custody","Encryption at rest/KMS, customer-managed keys, confidential computing, secure deletion, backup protection, exfiltration/export controls, training-data isolation.",No identifier in the source; tracking id assigned by this audit. | UNRESOLVED pointer(s) at 2e83945: redaction.ts | passed:harness lacked a resolved test/CI pointer → unverified,v00.txt:para 301:L425-L488:page-mismatch,main
V00-T-086,V0,21 AI and information threats,PARA 301–350,"The security program shall address prompt injection, data poisoning, adversarial examples, malicious source content, model extraction, insecure tool use, hallucination, identity spoofing, supply-chain compromise, agent privilege escalation, covert channels, and manipulated feedback. Untrusted content shall not be able to grant tools, change policy, or cross tenant and classification boundaries.",V00-F039,identity-policy,partial,passed:ci,merged,phase0,P7-D,"test/int/adversarial.test.ts, gate21-adversarial.test.ts; abstention on model output","Prompt-injection and poisoning evaluation for model paths, model extraction, covert channels, manipulated feedback (no feedback path yet).","No identifier in the source; tracking id assigned by this audit. | UNRESOLVED pointer(s) at 2e83945: content-controls.ts and quarantine (untrusted content never reaches policy/tools); supply chain gates C15/C16/C17 (.github/workflows, scripts/gate)",v00.txt:para 301:L427-L488:page-mismatch,main+test
V00-T-087,V0,21 Privacy and lawful use,PARA 301–350,"Personal and sensitive data shall be collected and used only for authorized purpose with applicable legal basis, minimization, notice or consent where required, access and correction workflows, retention, deletion, and review. The Knowledge Graph must support policy on relationships as well as nodes.",V00-F040,identity-policy,partial,unverified,merged,omission,P7-D,see C-040,See C-040; relationship-level policy on graph edges.,No identifier in the source; tracking id assigned by this audit. | passed:harness lacked a resolved test/CI pointer → unverified,v00.txt:para 301:L429-L488:page-mismatch,
V00-T-088,V0,21 Resilience and safe degradation,PARA 301–350,"The platform shall be designed for fault containment, redundancy, backup, restore, disaster recovery, cyber recovery, dependency failure, model outage, connector degradation, and disconnected operation. When freshness, provenance, model availability, or policy services are degraded, the user must see the condition and the system must restrict actions accordingly.",V00-F043,infrastructure,partial,unverified,merged,phase0,P7-D,see C-043,See C-043.,No identifier in the source; tracking id assigned by this audit. | passed:harness lacked a resolved test/CI pointer → unverified,v00.txt:para 301:L431-L488:page-mismatch,
V00-T-089,V0,22 Deployment modes table,PARA 301–350,"SaaS … tenant isolation … residency, encryption, policy, portability. Private Cloud … customer-specific network, keys, regions, integrations, models. On-Premise … local operation, local administration, local inference options, offline update paths, and no mandatory external telemetry.",V00-F042,infrastructure,missing,unverified,none,phase7,P7-D,docker-compose.yml only,See C-042.,No identifier in the source; tracking id assigned by this audit.,,main
V00-T-090,V0,22 Semantic parity,PARA 301–350,"Core objects, APIs, provenance, policy, agent contracts, workflows, model interfaces, twin packaging, scenarios, decisions, audit, and user concepts shall remain consistent across modes. Differences must be documented as capability constraints, not hidden product fragmentation.",V00-F042,infrastructure,missing,unverified,none,phase7,P7-D,,See C-042.,No identifier in the source; tracking id assigned by this audit.,v00.txt:para 301:L444-L488:page-mismatch,
V00-T-091,V0,22 Control-plane boundaries,PARA 301–350,"Management capabilities shall be separable from customer data and intelligence planes. Remote support, telemetry, updates, marketplace access, and licensing must respect deployment policy and be independently controllable. On-premise and sovereign environments shall not depend on an external service for core decision operations.",V00-F041,infrastructure,partial,unverified,merged,phase0,P7-D,"no external service dependency for core operations (gateway replay mode, local compose)","Separable management plane, telemetry/update/licensing controls.",No identifier in the source; tracking id assigned by this audit. | UNRESOLVED pointer(s) at 2e83945: PLATFORM scope separated from TENANT/DOMAIN (0009) | passed:ci lacked a resolved test/CI pointer → unverified,v00.txt:para 301:L446-L488:page-mismatch,
V00-T-092,V0,22 Portability and reproducibility,PARA 301–350,"Artifacts required to reproduce material intelligence—data references, graph versions, model packages, prompts, policies, agent definitions, twin states, scenario packages, and simulation configuration—shall be versioned and portable within licensing and security constraints.",V00-F042,infrastructure,partial,unverified,none,phase5,P7-D,,Portability (export/import of these artifacts) absent.,"No identifier in the source; tracking id assigned by this audit. | UNRESOLVED pointer(s) at 2e83945: versioned: policy bundles (0003), methods/prompts (0023), agents (0046), twin versions (0032), scenario versions (0036), run contracts (0033), replay digests | release_status merged → none from the evidence at 2e83945 | passed:harness lacked a resolved test/CI pointer → unverified",v00.txt:para 301:L448-L488:page-mismatch,
V00-T-093,V0,23 Learning loop (six steps),PARA 301–350,"Capture … Evaluate performance against explicit baselines … Diagnose error sources … Propose changes as versioned artifacts … Evaluate offline and in controlled environments … Approve, release progressively, monitor, compare, and roll back.",V00-F044,learning-evaluation,missing,unverified,none,phase7,P7-B,capture and baseline evaluation exist for forecasts only (0030),See C-044.,No identifier in the source; tracking id assigned by this audit.,,branch
V00-T-094,V0,"23 Feedback is evidence, not truth",PARA 301–350,"Feedback shall retain source, role, context, and outcome and shall be evaluated before changing production behavior.",V00-F044,learning-evaluation,missing,unverified,none,phase7,P7-B,"review decisions and dissent are recorded with actor (0023, 0041) but feed nothing",Feedback objects and evaluation before production change.,No identifier in the source; tracking id assigned by this audit.,v00.txt:para 301:L462-L488:page-mismatch,main
V00-T-095,V0,23 Evaluation system,PARA 301–350,"Evaluation shall cover collection fidelity, extraction, entity resolution, relationship accuracy, retrieval, summarization, graph quality, forecast calibration, scenario coverage, simulation validity, recommendation quality, explanation usefulness, agent task success, tool safety, policy compliance, robustness, bias, latency, cost, and operator workload. Datasets and graders shall be versioned.",V00-F045,learning-evaluation,partial,unverified,merged,phase4,P7-B,see C-045; fixtures/ and replay sets are versioned inputs,See C-045.,No identifier in the source; tracking id assigned by this audit. | passed:harness lacked a resolved test/CI pointer → unverified,v00.txt:para 301:L464-L488:page-mismatch,
V00-T-096,V0,23 Tenant isolation (learning),PARA 301–350,"Customer data and feedback shall not be used to train shared models or improve other tenants without explicit authority, legal basis, contractual permission, and technical separation.",V00-F044,learning-evaluation,implemented,unverified,merged,phase0,P7-B,no training path exists; gateway makes no live calls,Re-verify when P7-B introduces learning (contribution boundaries inspectable).,Satisfied by absence of any learning path. No identifier in the source; tracking id assigned by this audit. | UNRESOLVED pointer(s) at 2e83945: tenant RLS (test/int/domain-isolation.test.ts) | passed:harness lacked a resolved test/CI pointer → unverified,v00.txt:para 301:L466-L488:page-mismatch,
V00-T-097,V0,24 Weak signals and early warning,PARA 301–350,"Weak Signal Detection shall identify low-frequency, low-confidence, or cross-domain changes that may become strategically material. The Early Warning System shall combine weak signals, leading indicators, scenario movement, threshold breaches, graph changes, twin degradation, forecast revision, and model-detected anomalies. It shall distinguish observation from interpretation.",V00-F033,prediction,partial,unverified,none,phase4,P4,,"Weak-signal detection; warnings from graph changes, twin degradation, forecast revision, anomalies.",No identifier in the source; tracking id assigned by this audit. | UNRESOLVED pointer(s) at 2e83945: warnings from indicator threshold breaches only (0029/0030) | release_status merged → none from the evidence at 2e83945 | passed:harness lacked a resolved test/CI pointer → unverified,v00.txt:para 301:L473-L488:page-mismatch,
V00-T-098,V0,24 Risk and opportunity symmetry,PARA 301–350,"Risk and Opportunity agents shall evaluate exposure, probability, impact, velocity, persistence, controllability, interdependence, and option value. Mitigation and exploitation actions shall be treated as strategic choices with costs, dependencies, and second-order effects.",V00-F032,prediction,missing,unverified,none,omission,P4,,Risk and opportunity products/agents.,No identifier in the source; tracking id assigned by this audit. | UNRESOLVED pointer(s) at 2e83945: risks/opportunities are free-text arrays on a decision package (0041),v00.txt:para 301:L475-L488:page-mismatch,
V00-T-099,V0,24 Strategic Health Score,PARA 301–350,"Components, weights, evidence, freshness, uncertainty, trend, peer or baseline comparison, and sensitivity shall remain visible.",V00-F034,executive-os,missing,unverified,none,omission,P6,,See C-034.,No identifier in the source; tracking id assigned by this audit.,v00.txt:para 301:L477-L488:page-mismatch,
V00-T-100,V0,24 Agent Marketplace,PARA 301–350,"Packages must declare publisher, purpose, permissions, model dependencies, data use, evaluation evidence, compatibility, cost, limitations, licensing, update policy, and revocation. Execution shall occur in a sandbox and customer policy shall control installation and activation.",V00-F046,marketplace,missing,unverified,none,omission,P7-C,,See C-046.,No identifier in the source; tracking id assigned by this audit.,v00.txt:para 301:L479-L488:page-mismatch,
V00-T-101,V0,24 Scenario Marketplace,PARA 301–350,"Marketplace quality is not established by popularity alone; validation evidence, update cadence, domain fitness, publisher accountability, and customer-specific calibration must be visible.",V00-F046,marketplace,missing,unverified,none,omission,P7-C,,See C-046.,No identifier in the source; tracking id assigned by this audit.,v00.txt:para 301:L481-L488:page-mismatch,
V00-T-102,V0,25 Experience hierarchy,PARA 351–400,"Every view shall make as-of time, truth state, confidence, provenance, policy, and decision status available at the point where interpretation occurs.",V00-F047,ux,partial,unverified,branch-only,phase6,P7-E,see C-047,Confidence and policy at every point of use; objective-first entry.,No identifier in the source; tracking id assigned by this audit. | passed:browser lacked a resolved test/CI pointer → unverified,v00.txt:para 301:L488-L488:page-mismatch,
V00-T-103,V0,25 Role-specific operation,PARA 351–400,"Executives require materiality, choices, consequence, commitments, and review. Analysts require evidence, methods, graph context, uncertainty, and challenge tools. Operators require actions, thresholds, workflow state, and escalation. Domain experts require semantic and model inspection. Administrators require identity, policy, deployment, health, and lifecycle control.",V00-F048,ux,partial,unverified,merged,phase0,P7-E,"apps/web/app/admin (identity, audit, objects), decisions (executive), graph/intelligence (analyst), observation (operator)",Domain-expert and governance workspaces; operator escalation views.,No identifier in the source; tracking id assigned by this audit. | passed:browser lacked a resolved test/CI pointer → unverified,v00.txt:para 351:L491-L500:page-mismatch,main
V00-T-104,V0,25 Explainability by interaction,PARA 351–400,"Explanations shall be layered. An executive can begin with a concise basis and material uncertainty; an analyst can descend into model drivers, competing hypotheses, source evidence, and sensitivity; an auditor can reconstruct lineage and approval.",V00-F047,ux,partial,unverified,branch-only,phase6,P7-E,replay layers (auditor); forecasts page shows drivers; decisions page shows approvals,A layered explanation pattern across executive/analyst/auditor views.,No identifier in the source; tracking id assigned by this audit. | passed:browser lacked a resolved test/CI pointer → unverified,v00.txt:para 351:L493-L500:page-mismatch,
V00-T-105,V0,25 Operational quality attributes,PARA 351–400,"Later volumes shall define measurable objectives, error budgets, acceptance gates, and operating procedures for each material workflow.",V00-F049,infrastructure,partial,unverified,merged,phase7,P7-D,see C-049,See C-049.,No identifier in the source; tracking id assigned by this audit. | passed:ci lacked a resolved test/CI pointer → unverified,v00.txt:para 351:L495-L500:page-mismatch,
V00-T-106,V0,25 Failure communication,PARA 351–400,"The product shall expose missing data, stale data, failed agents, unavailable models, incomplete twins, weak provenance, policy denials, evaluation gaps, and simulation limits in language appropriate to the user.",V00-F043,ux,partial,passed:browser,branch-only,phase6,P7-E,"e2e/phase0.spec.ts '7. policy denial in UI'; test/int/phase6-briefings.test.ts 'review overdue is a fact of the clock, said in words'; incomplete twin versions marked (0035); degraded layouts","Failed agents, unavailable models, evaluation gaps and simulation limits as user-facing states.",No identifier in the source; tracking id assigned by this audit.,v00.txt:para 351:L497-L500:page-mismatch,branch+main+test
V00-T-107,V0,26 Institutional decision rights,PARA 351–400,Business authority … Domain authority … Data authority … Model authority … Security and privacy authority … Platform authority … Human decision authority. Owns the final strategic or high-impact decision and its recorded rationale.,V00-F004,identity-policy,partial,unverified,branch-only,phase6,P6,"identity.roles vocabulary (collection_manager, strategy_owner, forecast_owner, decision_authority, platform_admin, auditor…)",Model authority and security/privacy authority roles do not exist.,No identifier in the source; tracking id assigned by this audit. | passed:harness lacked a resolved test/CI pointer → unverified,,
V00-T-108,V0,26 Policy as executable control,PARA 351–400,"Policies shall be represented in human-readable and machine-enforceable forms where practical. Policy decisions must return reasons, applicable rules, accountable owners, and appeal or exception paths.",V00-F035,identity-policy,partial,unverified,merged,phase0,P7-D,"migrations/0003 policy bundles; apps/api/src/policy/pdp.service.ts (decision, reason, rule, obligations); policy_decisions recorded","Accountable owner and appeal/exception path in decisions; policy for spending, jurisdictions, export, marketplace installation.",No identifier in the source; tracking id assigned by this audit. | passed:harness lacked a resolved test/CI pointer → unverified,v00.txt:para 351:L517-L569:page-mismatch,main
V00-T-109,V0,26 Exception governance,PARA 351–400,"Exceptions shall be explicit, narrow, time-bounded, approved by the correct authority, linked to compensating controls, and automatically reviewed at expiry.",V00-F051,governance-docs,partial,not-applicable,merged,phase0,R0,"EXCEPTIONS.md (EXC-P0-001 with owner, approver, consequence class, compensating controls)",Automatic review at expiry (no runtime exception register).,No identifier in the source; tracking id assigned by this audit.,v00.txt:para 351:L519-L569:page-mismatch,main
V00-T-110,V0,26 Kill and containment controls,PARA 351–400,"Authorized operators shall be able to suspend agents, models, connectors, workflows, marketplace packages, exports, and external actions at appropriate scopes. Containment must preserve evidence and audit, identify affected outputs, and support safe recovery.",V00-F028,identity-policy,partial,passed:harness,branch-only,phase6,P7-A,test/int/phase6-scheduled-collection.test.ts 'a REFUSED run: the agent is revoked'); method suspended state (0023),Scoped kill switches for workflows/models; affected-output identification; tested emergency controls.,No identifier in the source; tracking id assigned by this audit. | UNRESOLVED pointer(s) at 2e83945: agent revocation (0039/0046; contract retirement/suspension (0022),v00.txt:para 351:L521-L569:page-mismatch,branch+main+test
V00-T-111,V0,27 Change classes,PARA 351–400,Constitutional … Formal amendment … Architectural … Architecture decision record … Implementation … Normal engineering review … Configuration … Authorized customer or operator change with audit and policy validation.,V00-F051,governance-docs,partial,not-applicable,merged,phase0,R0,DECISIONS.md ADRs; governed forward-only migrations,"Customer/operator configuration change surface with audit (thresholds, roles, workflows).",No identifier in the source; tracking id assigned by this audit. | UNRESOLVED pointer(s) at 2e83945: audited configuration (migrations/0009 eye.* configuration ADR-P0-15),,main
V00-T-112,V0,27 Amendment procedure,PARA 351–400,"State the proposed amendment … Identify every affected invariant … Assess … consequences … Document alternatives … Obtain review … Ratify … publish a new version, migration position, and supersession record.",V00-F051,governance-docs,missing,not-applicable,none,not-applicable,R0,,No amendment has been proposed; the procedure is not instantiated as a register.,No identifier in the source; tracking id assigned by this audit.,,
V00-T-113,V0,27 No amendment by implementation,PARA 351–400,"If implementation cannot conform, the conflict shall be recorded and resolved through architecture change, scope adjustment, or formal amendment. Concealing the conflict is prohibited.",V00-F051,governance-docs,partial,not-applicable,branch-only,phase0,R0,EXCEPTIONS.md; FULL_PRODUCT_DELIVERY_REGISTER.md,Record the truth-state enum divergence (C-010) and any other implementation deviation as conflicts.,No identifier in the source; tracking id assigned by this audit. | release_status merged → branch-only from the evidence at 2e83945,v00.txt:para 351:L543-L569:page-mismatch,branch+main
V00-T-114,V0,28 Inheritance rules,PARA 351–400,"Every volume shall use the canonical product name, tagline, mission verbs, layer names, prediction horizons, deployment modes, and defined terms. Material requirements shall reference one or more C-xxx invariant IDs.",V00-F052,governance-docs,not-applicable,not-applicable,none,phase0,not-applicable,e.g. V1 Appendix D),,No identifier in the source; tracking id assigned by this audit. | UNRESOLVED pointer(s) at 2e83945: docs/The_Eye_Volume_1…10 (each carries a constitutional inheritance index | applicability: a documentary or normative-language row of the source; no product behaviour is claimed or owed by it | release_status merged → none from the evidence at 59a2459,v00.txt:para 351:L564-L569:page-mismatch,
V00-T-115,V0,28 Single terminology register,PARA 401+,"Core terms shall not drift between product, engineering, AI, data, and investor materials.",V00-F052,governance-docs,partial,not-applicable,merged,phase0,R0,"Appendix A glossary; V1 Appendix A identical; code uses canonical names (twin, scenario, forecast, package, replay)",Truth-state vocabulary in code differs from Appendix A (see C-010).,No identifier in the source; tracking id assigned by this audit.,v00.txt:para 401:L571-L710,
V00-T-116,V0,28 Traceability,PARA 401+,"Architecture components, engineering requirements, AI evaluations, data contracts, infrastructure controls, product requirements, interface patterns, and investor claims shall be traceable through a common identifier system.",V00-F052,governance-docs,partial,not-applicable,branch-only,phase0,R0,conformance.manifest.json; audit/requirements (this audit),Complete the atomic audit for Volumes 2–10 and keep it as the traceability spine.,No identifier in the source; tracking id assigned by this audit. | release_status merged → branch-only from the evidence at 2e83945,v00.txt:para 401:L573-L710,branch+main
V00-T-117,V0,Appendix A — Canonical Glossary,PARA 401+,"These definitions are normative across the documentation program. … Truth State: the explicit status of an object as observed, asserted, inferred, assessed, predicted, simulated, disputed, superseded, or approved.",V00-F052,governance-docs,partial,not-applicable,merged,phase0,R0,migrations/0006 truth_state enum; DECISIONS.md ADR-P0-06,"Reconcile the code enum ('extracted','synthetic','decided','withdrawn') with the glossary ('predicted','simulated','superseded','approved') or record the mapping as a conformance note.",Ambiguity for the owner. No identifier in the source; tracking id assigned by this audit.,v00.txt:para 401:L578-L710,main
V00-T-118,V0,Appendix B — Source Coverage Constitution (20 classes),PARA 401+,"The source catalogue defines mandatory capability classes: Governments, Regulations, News, Financial Markets, Research, Scientific Papers, Patents, Company Filings, Supply Chains, IoT, ERP, CRM, Internal Documents, Satellites, Climate, Geopolitical Events, Social Signals, APIs, RSS, Custom Sources.",V00-F013,observation,partial,unverified,merged,omission,P1,"L1_CONNECTOR_COVERAGE.md (RSS full; News, Internal Documents, APIs, Custom Sources partial; 15 classes not implemented)",See C-013.,No identifier in the source; tracking id assigned by this audit. | passed:browser lacked a resolved test/CI pointer → unverified,v00.txt:para 401:L618-L710,main
V00-T-119,V0,Appendix B — Universal source obligations (1),PARA 401+,"Authorization, rights, licensing, purpose, classification, and data-residency policy are known before use.",V00-F013,observation,implemented,passed:harness,merged,phase1,done,"migrations/0022 (rights_state confirmed before live activation, purposes, classification_ceiling, residency); test/int/phase1-acceptance.test.ts 'the registered contract carries the complete §7 field set'",,No identifier in the source; tracking id assigned by this audit.,v00.txt:para 401:L643-L710,main+test
V00-T-120,V0,Appendix B — Universal source obligations (2),PARA 401+,Original evidence and source metadata are preserved according to policy.,V00-F012,observation,implemented,unverified,merged,phase1,P1,"migrations/0022 blob_manifests, vault (apps/api/src/observation/vault); digest verified pre-store, post-store and on read","verification evidence of the required class (harness, browser, CI or deployment) for the released artefact",No identifier in the source; tracking id assigned by this audit. | passed:harness lacked a resolved test/CI pointer → unverified,v00.txt:para 401:L644-L710,main
V00-T-121,V0,Appendix B — Universal source obligations (3),PARA 401+,"Event, publication, collection, effective, and system-record time are captured where relevant.",V00-F011,observation,implemented,passed:browser,merged,phase1,done,test/int/phase1-acceptance.test.ts 'four times are populated per the type rules'; e2e/phase1-observation.spec.ts '7. … the four times',,No identifier in the source; tracking id assigned by this audit.,v00.txt:para 401:L645-L710,main+test
V00-T-122,V0,Appendix B — Universal source obligations (4),PARA 401+,"Connector, parser, schema, transformation, and content versions are traceable.",V00-F012,observation,implemented,unverified,branch-only,phase1,P1,"migrations/0022 connector_version, method_ref, code_digest, content_digest; contract schema versions (0028)","verification evidence of the required class (harness, browser, CI or deployment) for the released artefact",No identifier in the source; tracking id assigned by this audit. | passed:harness lacked a resolved test/CI pointer → unverified | release_status merged → branch-only from the evidence at 59a2459,v00.txt:para 401:L646-L710,branch+main
V00-T-123,V0,Appendix B — Universal source obligations (5),PARA 401+,"Freshness, completeness, quality, health, failure, and coverage gaps are measurable.",V00-F014,observation,implemented,passed:browser,branch-only,phase1,done,"migrations/0022 coverage_measurements, source_health_events; migrations/0040 attempt faults; e2e/phase1-observation.spec.ts '5', '6'",,No identifier in the source; tracking id assigned by this audit. | release_status merged → branch-only from the evidence at 2e83945,v00.txt:para 401:L647-L710,branch+main+test
V00-T-124,V0,Appendix B — Universal source obligations (6),PARA 401+,"Untrusted content is isolated from agent tools, policy, credentials, and cross-tenant context.",V00-F035,observation,implemented,passed:harness,merged,phase1,done,"apps/api/src/observation/connectors/content-controls.ts, xml-worker.js, redaction.ts; quarantine (0022); test/int/phase1-hostile-input.test.ts",,No identifier in the source; tracking id assigned by this audit.,v00.txt:para 401:L648-L710,main+test
V00-T-125,V0,Appendix B — Universal source obligations (7),PARA 401+,"Downstream objects can be identified when a source is corrected, withdrawn, retracted, or prohibited.",V00-F012,observation,implemented,passed:harness,branch-only,phase1,done,migrations/0022 correction_events/correction_current; migrations/0025/0034 impact and invalidation walk; test/int/phase3-corrections.test.ts 'an EVIDENCE correction reaches the claims derived from it'; test/int/phase5-propagation.test.ts,,No identifier in the source; tracking id assigned by this audit. | release_status merged → branch-only from the evidence at 2e83945,v00.txt:para 401:L649-L710,branch+main+test
V01-T-001,V1,Executive Thesis — The strategic promise,PARA 51–100,"Decide through complete, traceable packages in which a named human authority retains final responsibility. Learn from outcomes through Decision Replay, Strategic Memory, evaluation, and governed release processes.",V01-F001,decision,partial,unverified,branch-only,phase6,P7-B,C-044 missing,Governed release processes (C-044).,"C-001, C-002, C-004, C-052. No identifier in the source; tracking id assigned by this audit. Inherits the cited C-ids; status mirrors them. | UNRESOLVED pointer(s) at 2e83945: see C-004, C-024, C-025 (migrations/0041–0045) | passed:harness lacked a resolved test/CI pointer → unverified",v01.txt:para 101:L120-L124:page-mismatch,
V01-T-002,V1,1 The Strategic Environment Has Changed,PARA 101–150,"The advantage belongs to institutions that can shorten the distance between material change, shared understanding, accountable choice, and organizational learning.",V01-F001,governance-docs,partial,not-applicable,none,not-applicable,P7-B,,Explanatory; the measurable version is V01-T-004.,"C-002, C-032, C-049. No identifier in the source; tracking id assigned by this audit. Inherits the cited C-ids; status mirrors them. | release_status merged → none from the evidence at 2e83945",v01.txt:para 101:L141-L170:page-mismatch,
V01-T-003,V1,2 Why Institutions Lose Foresight,PARA 101–150,"Data without context produces volume, not orientation. Analysis without memory produces repetition, not learning. Prediction without relationships produces fragile confidence. Recommendations without provenance produce authority without accountability.",V01-F001,governance-docs,partial,not-applicable,none,not-applicable,P3,,"Explanatory prose; see C-010, C-015, C-016.","C-010, C-015, C-016. No identifier in the source; tracking id assigned by this audit. Inherits the cited C-ids; status mirrors them. | release_status merged → none from the evidence at 2e83945",v01.txt:para 101:L150-L170:page-mismatch,
V01-T-004,V1,3 The Cost of Fragmented Intelligence,PARA 101–150,"The Eye treats detection latency, interpretation latency, decision latency, and action latency as distinct conditions that can be measured and improved.",V01-F001,learning-evaluation,missing,unverified,none,phase7,P7-D,no latency measures exist (health endpoint only),Measure the four latencies as product telemetry (C-049; Phase 7 observability planes).,"C-006, C-025, C-049. No identifier in the source; tracking id assigned by this audit. Inherits the cited C-ids; status mirrors them.",v01.txt:para 101:L159-L170:page-mismatch,
V01-T-005,V1,4 A New Operating Category,PARA 151–200,"None of those surfaces defines the product. They are access modes to a deeper system that persists between sessions, preserves truth states and provenance, understands relationships, governs machine authority, and maintains a closed loop from observation to learning.",V01-F001,ux,partial,not-applicable,merged,phase0,P7-E,see C-003,"See C-003, C-002.","C-001, C-003, C-035. No identifier in the source; tracking id assigned by this audit. Inherits the cited C-ids; status mirrors them.",v01.txt:para 151:L173-L182:page-mismatch,
V01-T-006,V1,5 The Founding Mission and Doctrine,PARA 151–200,"The mission is intentionally circular rather than linear. Every outcome becomes new evidence; every lesson changes how the institution observes, interprets, and acts.",V01-F001,learning-evaluation,partial,unverified,branch-only,phase6,P7-B,migrations/0045 outcomes and lessons text,"Lessons as governed assets that change sources, ontology, models, thresholds (C-044).","C-002, C-005, C-052. No identifier in the source; tracking id assigned by this audit. Inherits the cited C-ids; status mirrors them. | UNRESOLVED pointer(s) at 2e83945: no lesson feeds observation/interpretation | passed:harness lacked a resolved test/CI pointer → unverified",v01.txt:para 151:L182-L182:page-mismatch,branch
V01-T-007,V1,6 Human Authority Is a System Property,PARA 151–200,"Every strategic or high-impact decision must identify the accountable human authority, the evidence and recommendations available, the review process, the approval state, and any override or dissent. Human authority is therefore enforced through product architecture, workflow, policy, audit, and interface design rather than through a disclaimer.",V01-F002,decision,partial,passed:harness,branch-only,phase6,P6,see C-004; migrations/0041 dissent; test/int/phase6-approvals.test.ts,Override as a recorded object (V00-T-024).,"C-004, C-028, C-050. No identifier in the source; tracking id assigned by this audit. Inherits the cited C-ids; status mirrors them.",v01.txt:para 151:L197-L204:page-mismatch,branch+test
V01-T-008,V1,7 One Closed Strategic Loop,PARA 151–200,"If a recommendation cannot be traced backward to evidence and forward to the human decision and outcome, the strategic loop is broken. Each object carries identity, time, provenance, truth state, ownership, policy, confidence, version, and lifecycle status appropriate to its role.",V01-F003,decision,partial,unverified,branch-only,phase6,P7-B,0045 outcomes),Lessons and actions as objects closing the forward chain.,"C-002, C-010, C-025. No identifier in the source; tracking id assigned by this audit. Inherits the cited C-ids; status mirrors them. | UNRESOLVED pointer(s) at 2e83945: see C-002, V00-T-028 (migrations/0049 replay_contributors | passed:harness lacked a resolved test/CI pointer → unverified",v01.txt:para 151:L221-L224:page-mismatch,branch
V01-T-009,V1,8 World Observation as a Persistent Field of View,PARA 201–250,"Discover and authorize sources before operational use. Measure freshness, completeness, health, and representativeness. Isolate manipulated or malicious content from tools and policy control. Propagate corrections to every downstream intelligence object affected.",V01-F004,observation,partial,unverified,merged,phase1,P1,"see C-012, C-013, C-014; V00-T-119…125",Source discovery; representativeness measurement; source universe breadth (C-013).,"C-012, C-013, C-014. No identifier in the source; tracking id assigned by this audit. Inherits the cited C-ids; status mirrors them. | passed:harness lacked a resolved test/CI pointer → unverified",v01.txt:para 201:L231-L260:page-mismatch,
V01-T-010,V1,9 From Evidence to Understanding,PARA 201–250,"These distinctions remain visible in storage, APIs, graph edges, user interfaces, and audit. Analysts can endorse, challenge, amend, or supersede an assessment without deleting its history. Leadership receives a structured view of disagreement rather than a falsely unified answer.",V01-F004,intelligence,partial,unverified,merged,phase2,P2,"see C-010, V00-T-037 (review as new versions)",Assessment objects with endorse/challenge/amend/supersede; contradiction detection; disagreement view for leadership.,"C-010, C-011, C-045. No identifier in the source; tracking id assigned by this audit. Inherits the cited C-ids; status mirrors them. | passed:harness lacked a resolved test/CI pointer → unverified",v01.txt:para 201:L242-L260:page-mismatch,
V01-T-011,V1,10 Enterprise Memory and Strategic Memory,PARA 201–250,"Model output does not become institutional truth merely because it was generated. Memory writes carry truth state, provenance, confidence, owner, review status, expiry, and correction history.",V01-F005,memory-graph,partial,unverified,merged,phase2,P3,"see C-016, V00-T-041",Expiry on memory writes; semantic retrieval; lawful forgetting (C-015).,"C-015, C-016, C-040. No identifier in the source; tracking id assigned by this audit. Inherits the cited C-ids; status mirrors them. | passed:harness lacked a resolved test/CI pointer → unverified",v01.txt:para 201:L257-L260:page-mismatch,
V01-T-012,V1,11 The Knowledge Graph as the Shared Model of Reality,PARA 201–250,"The graph preserves event, valid, observation, and system-record time; reconstructs what was believed on a date; and separates later corrections from original state. The Strategy Graph … exposes change paths, affected objectives, accountable owners, and pending decisions.",V01-F005,memory-graph,partial,passed:harness,merged,phase3,P3,test/int/phase3-acceptance.test.ts known-at cases),Strategy node types and continuous propagation (C-017).,"C-008, C-009, C-017. No identifier in the source; tracking id assigned by this audit. Inherits the cited C-ids; status mirrors them. | UNRESOLVED pointer(s) at 2e83945: see C-009, C-011, C-017 (migrations/0024–0026",v01.txt:para 201:L266-L271:page-mismatch,main+test
V01-T-013,V1,12 Digital Twins as Living Strategic Models,PARA 201–250,"Each twin declares its boundary, identity, state, relationships, behavior, evidence, assumptions, interfaces, controls, model dependencies, validation history, and known limitations. Synthetic state is clearly separated from observed state. Time travel, branching, replay, comparison, and reconciliation allow leaders to examine how the system evolved.",V01-F006,twin-simulation,partial,passed:harness,branch-only,phase5,P5,test/int/phase5-twins.test.ts),"Interfaces/composition, validation history, calibration (V00-T-048).","C-018, C-019, C-023. No identifier in the source; tracking id assigned by this audit. Inherits the cited C-ids; status mirrors them. | UNRESOLVED pointer(s) at 2e83945: see C-018, C-019 (migrations/0032–0037 | release_status merged → branch-only from the evidence at 2e83945",v01.txt:para 201:L275-L277:page-mismatch,branch+test
V01-T-014,V1,13 Prediction Across Six Horizons,PARA 251–300,"A material forecast communicates the outcome or state being estimated, its horizon, probability distribution, confidence, calibration, important drivers, assumptions, sensitivity, alternative models, failure conditions, provenance, and refresh cadence. The system … records when a model is operating outside the evidence on which it was validated.",V01-F007,prediction,partial,passed:browser,branch-only,phase4,P4,e2e/phase4-prediction.demo.spec.ts),"Sensitivity, alternative models, failure conditions, out-of-validation detection (V00-T-052/053).","C-020, C-021, C-049. No identifier in the source; tracking id assigned by this audit. Inherits the cited C-ids; status mirrors them. | UNRESOLVED pointer(s) at 2e83945: see C-020, C-021 (migrations/0029/0030 | release_status merged → branch-only from the evidence at 2e83945",v01.txt:para 251:L289-L318:page-mismatch,branch+test
V01-T-015,V1,14 Scenario Intelligence and the Discipline of Multiple Futures,PARA 251–300,"No single forecast may masquerade as destiny. The institution should be able to name the futures it is preparing for, the indicators it is watching, and the decisions that each future would change. Scenario Intelligence allows the institution to compare robustness, regret, reversibility, trigger points, and option value.",V01-F007,prediction,partial,unverified,branch-only,phase4,P4,0045 decision conditions name branches),Disruption/user-defined scenarios; robustness/regret/option-value comparison across futures.,"C-022, C-023, C-026. No identifier in the source; tracking id assigned by this audit. Inherits the cited C-ids; status mirrors them. | UNRESOLVED pointer(s) at 2e83945: see C-022 (migrations/0029 branches with indicators | passed:harness lacked a resolved test/CI pointer → unverified | release_status merged → branch-only from the evidence at 59a2459",v01.txt:para 251:L302-L318:page-mismatch,branch
V01-T-016,V1,15 Simulation Before Commitment,PARA 251–300,"Every material run declares the twin and scenario versions, initial state, assumptions, interventions, model versions, random seeds where applicable, constraints, outputs, sensitivity, and validation status. The platform never presents simulated output as observed fact. Identify information whose acquisition would most improve the decision.",V01-F006,twin-simulation,partial,passed:harness,branch-only,phase5,P5,test/int/phase5-simulations.test.ts),Value-of-information analysis; adversarial-response and sequencing sensitivity; method breadth (V00-T-059).,"C-018, C-023, C-024. No identifier in the source; tracking id assigned by this audit. Inherits the cited C-ids; status mirrors them. | UNRESOLVED pointer(s) at 2e83945: see C-023 (migrations/0033 | release_status merged → branch-only from the evidence at 2e83945",v01.txt:para 251:L309-L318:page-mismatch,branch+test
V01-T-017,V1,16 Decision Intelligence and Accountable Choice,PARA 251–300,"The Eye compares viable options against declared objectives, stakeholder obligations, risk appetite, policy, constraints, dependencies, timing, reversibility, information value, and second-order effects. Overrides are not treated as failure by default; they are evidence that must be examined against context and outcome. Outcome data then returns to the same record.",V01-F008,decision,partial,unverified,none,phase6,P6,,Stakeholder obligations and risk appetite as objects; override records; conditional approvals evaluated (register §6).,"C-004, C-005, C-024. No identifier in the source; tracking id assigned by this audit. Inherits the cited C-ids; status mirrors them. | UNRESOLVED pointer(s) at 2e83945: see C-024, C-026 (migrations/0041/0042/0045) | release_status branch-only → none from the evidence at 2e83945 | passed:browser lacked a resolved test/CI pointer → unverified",v01.txt:para 251:L322-L329:page-mismatch,
V01-T-018,V1,17 The Executive Operating System,PARA 301–350,"The workspace shows what changed since the last review, why it matters, which evidence and relationships support the assessment, who owns the response, and which decision window is closing. Multiple interfaces may exist, but there is one governed strategic truth. Conversation is an interface, not the architecture.",V01-F008,executive-os,partial,unverified,branch-only,phase6,P6,e2e BRIEFINGS),Attention governance and priority (V00-T-069); executive objective/health views.,"C-027, C-032, C-047. No identifier in the source; tracking id assigned by this audit. Inherits the cited C-ids; status mirrors them. | UNRESOLVED pointer(s) at 2e83945: see C-027 (briefing.service.ts: changed since watermark, owners, windows | passed:browser lacked a resolved test/CI pointer → unverified",v01.txt:para 301:L332-L341:page-mismatch,
V01-T-019,V1,18 A Governed Society of AI Agents,PARA 301–350,"Each agent declares purpose, owner, models, tools, permissions, scope, budgets, timeouts, evaluations, escalation, prohibitions, and rollback. Agents cannot self-authorize, approve exceptions, or turn recommendations into authority. Continuous learning never permits silent self-modification.",V01-F008,agents,partial,passed:harness,branch-only,phase7,P7-A,test/int/phase6-agents.test.ts),"Full agent cards, supervisor/workflow runtime, specialist agents (V00-T-071/072).","C-028, C-029, C-030, C-031. No identifier in the source; tracking id assigned by this audit. Inherits the cited C-ids; status mirrors them. | UNRESOLVED pointer(s) at 2e83945: see C-028, C-029, C-031 (migrations/0046",v01.txt:para 301:L345-L352:page-mismatch,branch+test
V01-T-020,V1,19 Proactive Intelligence and Weak Signals,PARA 301–350,"Weak Signal Detection records the observation, source quality, corroboration, related entities, potential mechanisms, scenario relevance, and conditions that would strengthen or falsify the signal. Users can see why an item was elevated, which policy was applied, and what was suppressed or deferred.",V01-F009,prediction,missing,unverified,none,omission,P4,,"Weak-signal detection and escalation policy (C-032, V00-T-097).","C-032, C-033, C-047. No identifier in the source; tracking id assigned by this audit. Inherits the cited C-ids; status mirrors them. | UNRESOLVED pointer(s) at 2e83945: indicator-threshold warnings only (migrations/0029)",v01.txt:para 301:L365-L383:page-mismatch,
V01-T-021,V1,20 Early Warning with Context,PARA 301–350,"Every warning identifies the affected objectives, assets, decisions, geographies, actors, and time horizons. It links to supporting and contradicting evidence, declares confidence, and separates the observed condition from the system's interpretation. Each material warning can trigger a governed response playbook. Evaluated for misses, false positives, latency, and consequence.",V01-F009,prediction,partial,unverified,branch-only,phase4,P4,apps/web/app/prediction/warnings; 0045 breach routing),"Affected objectives/assets/actors, contradicting evidence, dedup/clustering, playbooks, warning evaluation.","C-014, C-032, C-033. No identifier in the source; tracking id assigned by this audit. Inherits the cited C-ids; status mirrors them. | UNRESOLVED pointer(s) at 2e83945: see C-033 (migrations/0029 §7 | release_status merged → branch-only from the evidence at 2e83945 | passed:browser lacked a resolved test/CI pointer → unverified",v01.txt:para 301:L374-L383:page-mismatch,branch
V01-T-022,V1,21 Risk and Opportunity Are Symmetric,PARA 351–400,"Every material change should be assessed for what it can damage, what it can enable, which options it creates or destroys, and how quickly the institution must decide. The Eye … shows which actions are no-regret, reversible, contingent, or irreversible.",V01-F009,prediction,missing,unverified,none,omission,P4,reversibility text,Risk and opportunity products with exposure/velocity/controllability/option value (V00-T-098).,"C-024, C-026, C-032. No identifier in the source; tracking id assigned by this audit. Inherits the cited C-ids; status mirrors them. | UNRESOLVED pointer(s) at 2e83945: risks/opportunities arrays on packages (0041)",v01.txt:para 351:L394-L437:page-mismatch,
V01-T-023,V1,22 Domain Intelligence as One Connected World,PARA 351–400,"Domain agents and expert workflows apply the sources, ontologies, models, methods, policy, and evaluation required by their field. Specialist conclusions remain traceable to sources, method versions, assumptions, confidence, and accountable review.",V01-F009,agents,missing,unverified,none,omission,P7-A,,"Competitor, geopolitical, technology, cyber and financial intelligence agents/workflows and domain ontologies (C-007).","C-007, C-009, C-030. No identifier in the source; tracking id assigned by this audit. Inherits the cited C-ids; status mirrors them.",v01.txt:para 351:L399-L437:page-mismatch,
V01-T-024,V1,23 Supply Chain and Operational Resilience,PARA 351–400,"When a facility closes, a route degrades, a regulation changes, or a supplier weakens, The Eye propagates the event through the graph and twin. It estimates affected products, revenue, customers, obligations, alternatives, recovery time, and strategic options.",V01-F009,twin-simulation,partial,passed:harness,branch-only,phase5,P5,migrations/0034 invalidation walk to twins/runs; test/int/phase5-propagation.test.ts; generic twin kinds only (0032),A supply-chain twin family with dependency/route/inventory semantics and consequence estimation.,"C-017, C-018, C-043. No identifier in the source; tracking id assigned by this audit. Inherits the cited C-ids; status mirrors them. | release_status merged → branch-only from the evidence at 2e83945",v01.txt:para 351:L415-L437:page-mismatch,branch+test
V01-T-025,V1,24 The Strategic Health Score,PARA 351–400,"A strategic health measure must decompose into evidence, components, weights, confidence, trend, sensitivity, and the decisions it is intended to inform. Score changes can trigger investigation, scenario review, or decision workflows; they do not automatically authorize action.",V01-F010,executive-os,missing,unverified,none,omission,P6,,See C-034.,"C-034, C-047, C-049. No identifier in the source; tracking id assigned by this audit. Inherits the cited C-ids; status mirrors them.",v01.txt:para 351:L430-L437:page-mismatch,
V01-T-026,V1,25 Decision Replay and Institutional Learning,PARA 351–400,"Reconstruct the original decision environment. Evaluate forecast, simulation, process, and execution separately. Preserve dissent and override as evidence. Release improvements through governed learning controls. A lesson … states the reviewed conclusion, evidence, applicable context, owner, validity, and expected change … Lessons are versioned and can expire.",V01-F011,decision,partial,passed:browser,branch-only,phase6,P7-B,test/int/phase6-replay.test.ts); lessons as text (0045),"Separate evaluation of forecast/simulation/process/execution from replay; lesson objects with owner, validity, expiry; governed release (C-044).","C-011, C-025, C-044. No identifier in the source; tracking id assigned by this audit. Inherits the cited C-ids; status mirrors them. | UNRESOLVED pointer(s) at 2e83945: see C-025 (migrations/0043/0047/0048/0049",v01.txt:para 401:L440-L467:page-mismatch,branch+test
V01-T-027,V1,26 The Strategy Graph and Organizational Alignment,PARA 401–450,"A strategy is operational when every material objective can be traced to evidence, assumptions, capabilities, decisions, owners, commitments, and outcomes. The Strategy Graph reveals contradictions, orphaned initiatives, unsupported objectives, duplicated capabilities, dependency bottlenecks, and decisions without accountable owners.",V01-F005,memory-graph,partial,unverified,none,phase3,P3,,"Capabilities, initiatives, resources as nodes; alignment diagnostics (orphans, contradictions, bottlenecks).","C-017, C-026, C-027. No identifier in the source; tracking id assigned by this audit. Inherits the cited C-ids; status mirrors them. | UNRESOLVED pointer(s) at 2e83945: see C-017 (OBJ/ASU/DEC/CMT/OUT with owners and dependencies) | release_status branch-only → none from the evidence at 2e83945 | passed:harness lacked a resolved test/CI pointer → unverified",v01.txt:para 401:L455-L467:page-mismatch,
V01-T-028,V1,27 A Strategic Cadence from Daily Signals to Five-Year Choices,PARA 401–450,"The system records what was reviewed, what was delegated, and why an item was dismissed or escalated. Strategic continuity is achieved when daily sensing, executive review, portfolio governance, annual planning, and multi-year commitments operate on the same connected memory.",V01-F007,executive-os,partial,passed:harness,branch-only,phase6,P6,test/int/phase6-monitoring.test.ts),Delegation/dismissal/escalation records; weekly/monthly/annual governance forums over the same memory; strategic planning (P6).,"C-020, C-027, C-032. No identifier in the source; tracking id assigned by this audit. Inherits the cited C-ids; status mirrors them. | UNRESOLVED pointer(s) at 2e83945: room review cadence and overdue records (migrations/0044/0045",v01.txt:para 401:L460-L467:page-mismatch,branch+test
V01-T-029,V1,28 Governments and Defence,PARA 401–450,"Government and defence deployments may require multi-classification operation, sovereign infrastructure, disconnected environments, restricted model use, customer-controlled cryptography, compartmented data, and mission-specific audit. The same semantic and decision architecture must function within those constraints.",V01-F012,infrastructure,partial,unverified,branch-only,phase7,P7-D,apps/api/src/decision/clearance.ts),"Sovereign/disconnected profiles, customer-controlled cryptography, compartments (C-041, C-042).","Sector chapter; C-004, C-041, C-043. No identifier in the source; tracking id assigned by this audit. Inherits the cited C-ids; status mirrors them. | UNRESOLVED pointer(s) at 2e83945: classification ceilings and clearance reads (0022, 0048/0049 | release_status merged → branch-only from the evidence at 2e83945 | passed:harness lacked a resolved test/CI pointer → unverified",v01.txt:para 401:L480-L491:page-mismatch,branch
V01-T-030,V1,29 Financial Institutions and Healthcare,PARA 401–450,High-impact decisions affecting credit or essential access remain under explicit human authority. The platform supports institutional decisions without replacing clinical judgment or determining an individual's rights or care autonomously.,V01-F012,decision,partial,unverified,merged,phase0,P7-A,see C-050,High-impact classification policy (C-050).,"Sector chapter; C-005, C-040, C-050. No identifier in the source; tracking id assigned by this audit. Inherits the cited C-ids; status mirrors them. | passed:harness lacked a resolved test/CI pointer → unverified",v01.txt:para 401:L489-L491:page-mismatch,
V01-T-031,V1,"30 Manufacturing, Energy, and Critical Infrastructure",PARA 451–500,"Illustrative sector outcomes: resilient capacity, better capital timing, connected technology intelligence, supply assurance, scenario-tested transition.",V01-F012,governance-docs,partial,not-applicable,none,not-applicable,P5,,"Explanatory sector prose; capabilities inherit C-018, C-020, C-026.","C-018, C-020, C-026. No identifier in the source; tracking id assigned by this audit. Inherits the cited C-ids; status mirrors them. | release_status merged → none from the evidence at 2e83945",,
V01-T-032,V1,"31 Logistics, Telecom, and Retail Networks",PARA 451–500,Customer-level automated decisions remain governed by applicable rights and human-authority boundaries.,V01-F012,governance-docs,partial,not-applicable,none,not-applicable,P1,,"Explanatory sector prose; inherits C-007, C-013, C-043, C-050.","C-007, C-013, C-043. No identifier in the source; tracking id assigned by this audit. Inherits the cited C-ids; status mirrors them. | release_status merged → none from the evidence at 2e83945",v01.txt:para 451:L516-L543:page-mismatch,
V01-T-033,V1,"32 Fortune 500, Consulting, and SMEs",PARA 451–500,"The scope and operating model may change by customer size. The intelligence lifecycle, constitutional boundaries, and standard of accountability do not. The product becomes simpler through configuration and experience design—not by removing provenance, human authority, security, or the ability to retrieve the institution's own knowledge.",V01-F012,infrastructure,partial,not-applicable,none,phase7,P7-F,,"Managed configurations, federated enterprise deployments, client-specific consulting environments, export (C-037).","C-006, C-007, C-037. No identifier in the source; tracking id assigned by this audit. Inherits the cited C-ids; status mirrors them. | UNRESOLVED pointer(s) at 2e83945: single scope model (0002/0009) | release_status merged → none from the evidence at 2e83945",v01.txt:para 451:L529-L543:page-mismatch,
V01-T-034,V1,"33 One Core, Governed Specialization",PARA 451–500,Stable canonical semantics across all customers. Governed namespaces for domain and customer extensions. Explicit compatibility and evaluation contracts. No cross-tenant learning without authority and technical separation.,V01-F012,governance-docs,partial,unverified,merged,omission,P7-C,no extension mechanism (C-007),"Domain packs with namespaces, compatibility and evaluation contracts (V00-T-022).","C-006, C-007, C-044. No identifier in the source; tracking id assigned by this audit. Inherits the cited C-ids; status mirrors them. | UNRESOLVED pointer(s) at 2e83945: tenant isolation (test/int/domain-isolation.test.ts) | passed:harness lacked a resolved test/CI pointer → unverified",v01.txt:para 451:L538-L543:page-mismatch,
V01-T-035,V1,"34 Trust, Provenance, and Explainability",PARA 501–550,"Every recommendation must be explainable in the context of the decision, traceable to original evidence, and attributable to the models, agents, reviewers, and policies that shaped it. When a source is corrected, withdrawn, or compromised, the system can identify every downstream object, briefing, recommendation, and decision potentially affected.",V01-F013,data-platform,partial,unverified,branch-only,phase6,P7-E,"see C-005, C-012, V00-T-077",Layered explanation UI; continuous reverse propagation to briefings and decisions.,"C-005, C-012, C-035, C-036. No identifier in the source; tracking id assigned by this audit. Inherits the cited C-ids; status mirrors them. | passed:harness lacked a resolved test/CI pointer → unverified",v01.txt:para 501:L561-L575:page-mismatch,
V01-T-036,V1,"35 Security, Privacy, Sovereignty, and Resilience",PARA 501–550,"Authorization is continuous. Network location alone is never treated as trust. Customers control residency, encryption, model choice, administrative boundaries, exports, retention, and deletion within the selected deployment mode. When freshness, provenance, model availability, coverage, or policy services are impaired, the user sees the condition and the system restricts actions accordingly.",V01-F013,identity-policy,partial,unverified,merged,phase0,P7-D,"see C-039, C-040, C-041, C-043","See C-037, C-039–C-043.","C-039, C-040, C-041, C-043. No identifier in the source; tracking id assigned by this audit. Inherits the cited C-ids; status mirrors them. | passed:harness lacked a resolved test/CI pointer → unverified",v01.txt:para 501:L566-L575:page-mismatch,
V01-T-037,V1,"36 Three Deployment Modes, One Product",PARA 501–550,"Core objects, APIs, provenance, policy, agent contracts, workflows, model interfaces, twin packages, scenarios, decisions, audit, and user concepts remain consistent across modes. Differences in topology and managed services are declared as capability constraints, never hidden fragmentation.",V01-F013,infrastructure,missing,unverified,none,phase7,P7-D,docker-compose.yml only,See C-042.,"C-038, C-041, C-042. No identifier in the source; tracking id assigned by this audit. Inherits the cited C-ids; status mirrors them.",v01.txt:para 501:L585-L598:page-mismatch,main
V01-T-038,V1,37 Continuous Learning with Continuous Evaluation,PARA 501–550,"Changes to prompts, models, tools, agents, ontologies, thresholds, workflows, policies, and decision logic are proposed with expected benefit, risk, evidence, test plan, compatibility impact, and rollback path. They are evaluated offline … before progressive release. Feedback … is evaluated before changing production behavior.",V01-F011,learning-evaluation,missing,unverified,none,phase7,P7-B,forecast backtests only (0030),"See C-044, C-045.","C-031, C-044, C-045. No identifier in the source; tracking id assigned by this audit. Inherits the cited C-ids; status mirrors them.",v01.txt:para 501:L592-L598:page-mismatch,branch
V01-T-039,V1,38 Governed Marketplaces and a Strategic Ecosystem,PARA 551–600,"The ecosystem may extend capability, but it cannot bypass identity, policy, provenance, evaluation, sandboxing, customer control, or human authority. Packages are signed, versioned, licensed, permission-scoped, evaluated, inspectable, monitored, revocable, and traceable.",V01-F014,marketplace,missing,unverified,none,omission,P7-C,,See C-046.,"C-028, C-038, C-046. No identifier in the source; tracking id assigned by this audit. Inherits the cited C-ids; status mirrors them.",v01.txt:para 551:L608-L611:page-mismatch,
V01-T-040,V1,"39 Adoption, Value, and Strategic Maturity",PARA 551–600,"Value is measured through detection and understanding latency, decision cycle time, forecast calibration, warning precision, scenario coverage, prevented loss, captured opportunity, preserved option value, resilience, auditability, attention saved, and learning applied. Every measure links to the decision and objective it serves.",V01-F014,learning-evaluation,partial,unverified,branch-only,phase7,P7-F,forecast calibration measured (0030); the rest unmeasured,Product analytics and claim-to-evidence business reporting for the remaining measures (P7-F).,"C-006, C-027, C-049. No identifier in the source; tracking id assigned by this audit. Inherits the cited C-ids; status mirrors them. | passed:harness lacked a resolved test/CI pointer → unverified | release_status merged → branch-only from the evidence at 59a2459",v01.txt:para 551:L621-L622:page-mismatch,branch
V01-T-041,V1,40 The Strategic Intelligence Enterprise,PARA 551–600,The Eye makes strategic intelligence a permanent organizational capability rather than a periodic product of exceptional individuals and disconnected teams.,V01-F001,governance-docs,partial,not-applicable,none,not-applicable,P7-B,,"Explanatory end-state; inherits C-001, C-002, C-015.","C-001, C-002, C-015. No identifier in the source; tracking id assigned by this audit. Inherits the cited C-ids; status mirrors them. | release_status merged → none from the evidence at 2e83945",v01.txt:para 551:L639-L651:page-mismatch,
V01-T-042,V1,41 Category Leadership and Institutional Defensibility,PARA 551–600,"Customers retain governance and export rights over their authorized knowledge. The company must consistently sell, build, measure, and govern the closed strategic loop. Category integrity is an operating decision.",V01-F001,data-platform,partial,not-applicable,none,omission,P7-F,,Export rights realised as product capability.,"C-001, C-003, C-037, C-046. No identifier in the source; tracking id assigned by this audit. Inherits the cited C-ids; status mirrors them. | UNRESOLVED pointer(s) at 2e83945: no export path (C-037/C-038) | release_status merged → none from the evidence at 2e83945",v01.txt:para 551:L644-L651:page-mismatch,
V01-T-043,V1,42 The Long Horizon,PARA 601+,"The durable architecture is defined by the intelligence lifecycle, canonical semantics, Knowledge Graph centrality, temporal truth, Digital Twins, multi-horizon prediction, scenario plurality, reproducible simulation, human decision sovereignty, provenance, deployment parity, and governed learning.",V01-F001,governance-docs,partial,not-applicable,none,not-applicable,P7-B,,"Explanatory closing declaration; inherits C-002, C-004, C-051, C-052.","C-002, C-004, C-051, C-052. No identifier in the source; tracking id assigned by this audit. Inherits the cited C-ids; status mirrors them. | release_status merged → none from the evidence at 2e83945",v01.txt:para 601:L655-L702,
V01-T-044,V1,Appendix A — Executive Terminology,PARA 601+,These terms carry the canonical meaning established by the Product Constitution. Later volumes may specialize them but may not contradict them.,V01-F001,governance-docs,partial,not-applicable,merged,phase0,R0,identical to V0 Appendix A,Same truth-state vocabulary note as V00-T-117.,C-052. No identifier in the source; tracking id assigned by this audit. Inherits the cited C-ids; status mirrors them.,v01.txt:para 601:L664-L702,
V01-T-045,V1,Appendix B — The Ten Layers at a Glance,PARA 601+,The ten-layer logical architecture is the stable product structure. Principal outputs per layer: evidence/coverage/health; entities/claims/signals; versioned memory; identity/ontology/Strategy Graph; twin state/branches; forecasts/calibration/triggers; scenarios/signposts; reproducible runs; options/approvals; briefings/rooms/commitments.,V01-F001,governance-docs,partial,not-applicable,branch-only,phase0,P3,see C-008,L3 memory service and ontology outputs; signals (L2) absent.,C-008. No identifier in the source; tracking id assigned by this audit. Inherits the cited C-ids; status mirrors them.,v01.txt:para 601:L704-L718,
V01-T-046,V1,Appendix C — Executive Value Map,PARA 601+,Illustrative measures: detection latency; forecast calibration; horizon coverage; decision completeness; cycle time; replay coverage; recovery readiness; noise reduction; provenance coverage; residency compliance; calibration improvement; dependency visibility; export completeness; lifecycle coverage.,V01-F014,learning-evaluation,partial,unverified,merged,phase7,P7-F,forecast calibration and reproducibility are measured; others are not,Instrument the value measures (C-049; P7-F product analytics).,C-020…C-049 as tabled. No identifier in the source; tracking id assigned by this audit. Inherits the cited C-ids; status mirrors them. | passed:harness lacked a resolved test/CI pointer → unverified,,
V01-T-047,V1,Appendix D — Constitutional Inheritance Index,PARA 601+,Volume 1 inherits every constitutional invariant. The chapter references identify the principal executive narrative locations; the full normative rule remains controlled by Volume 0.,V01-F001,governance-docs,not-applicable,not-applicable,none,phase0,not-applicable,,,C-052. No identifier in the source; tracking id assigned by this audit. Inherits the cited C-ids; status mirrors them. | UNRESOLVED pointer(s) at 2e83945: docs/The_Eye_Volume_1_Executive_Vision_Book_v1.0 elvin.docx Appendix D (all 52 ids mapped to chapters) | release_status merged → none from the evidence at 2e83945 | applicability: a documentary or normative-language row of the source; no product behaviour is claimed or owed by it,v01.txt:para 601:L740-L796,
