id,volume,chapter,page,clause,family_seed,capability_area,impl_status,verif_status,release_status,phase_origin,package,evidence,remaining_work,notes,source_ref,evidence_scope,cap_alias
L1-C01,V3,9 World Observation Layer,25,"Source Registry and Contract Service Owns versioned source registry and contract definitions, resolution, compatibility, stewardship state, and lifecycle events within World Observation Layer.",V03-F003,observation,partial,passed:harness,branch-only,phase1,P1,"apps/api/src/observation/sources/sources.service.ts; apps/api/src/observation/sources/source-contract.ts; migrations/0022_observation.sql:743,811,883,1003; migrations/0028 (contract v2); test/int/phase1-acceptance.test.ts","Credential references are declared but never bound (source-contract.ts:256-259, http-client.ts:224,252); rights/purpose lifecycle beyond set_rights_state; stewardship state and lifecycle events for contracts",Volume 4 App A catalogues the same component; see v04.csv L1-C01 | release_status merged → branch-only from the evidence at 2e83945,v03.txt:page 25:L713-L747,branch+main+test,
L1-C02,V3,9 World Observation Layer,25,"Connector Runtime and Adapter SDK Mediates connector runtime and adapter sdk through authenticated, versioned, policy-evaluated contracts without leaking external semantics into the layer core.",V03-F003,observation,partial,passed:harness,branch-only,phase1,P1,apps/api/src/observation/connectors/sdk.ts; apps/api/src/observation/connectors/http-client.ts; migrations/0022:156; migrations/0028:32; test/int/phase1-acceptance.test.ts; test/int/phase1-fault-injection.test.ts,"Only upload/rss/rest connector kinds (1 of 20 Vol 0 source classes; L1_CONNECTOR_COVERAGE.md); enterprise apps/CDC, streaming, IoT, media, geospatial adapters absent; adapter SDK not published as versioned external contract","Volume 4 App A catalogues the same component; see v04.csv L1-C02 | UNRESOLVED pointer(s) at 2e83945: apps/api/src/observation/connectors/{upload,rss,rest}.connector.ts | release_status merged → branch-only from the evidence at 2e83945",v03.txt:page 25:L717-L747,branch+main+test,
L1-C03,V3,9 World Observation Layer,25,"Collection Scheduler and Subscription Manager Coordinates collection scheduler and subscription lifecycle, admission, ordering, retries, budgets, escalation, completion, and observable state.",V03-F003,observation,partial,passed:harness,branch-only,phase6,P1,"apps/api/src/observation/scheduling/scheduler.service.ts; apps/api/src/observation/scheduling/collection-worker.service.ts; migrations/0038_scheduled_collection.sql:172,193,202,233; migrations/0039; migrations/0040; test/int/phase6-scheduled-collection.test.ts; test/int/phase6-scheduler-capability.test.ts; test/int/phase6-scheduled-corrections.test.ts","Cadence polling only: no push subscriptions or stream endpoints, no per-source budgets/escalation, retry/backoff only in scheduler (scheduler.service.ts:165)",Scheduled collection is on branch scheduling/automatic-collection-2026-09 / phase6 stack (SCHEDULED_COLLECTION.md),v03.txt:page 25:L721-L747,branch+main+test,
L1-C04,V3,9 World Observation Layer,25,"Streaming and Batch Receivers Owns the streaming and batch receivers capability inside World Observation Layer, including contract validation, versioned behavior, operational evidence, and failure state.",V03-F003,observation,partial,passed:harness,merged,phase1,P1,apps/api/src/observation/connectors/upload.connector.ts; apps/api/src/observation/sources/upload.controller.ts; test/int/phase1-acceptance.test.ts,"Batch receiver = file upload only; no streaming receiver (checkpointed, backpressured, replayable evidence stream), no CDC/event/IoT intake",Volume 4 App A catalogues the same component; see v04.csv L1-C04,v03.txt:page 25:L725-L747,main+test,
L1-C05,V3,9 World Observation Layer,25,"Raw Preservation and Evidence Vault Persists authoritative raw preservation and evidence vault state with version, integrity, policy, retention, and recovery semantics.",V03-F003,observation,partial,passed:harness,merged,phase1,P1,"apps/api/src/observation/vault/vault.service.ts:21-22,134-179,201,225-227; apps/api/src/observation/vault/evidence.service.ts; migrations/0022:360,375,395,415; test/int/phase1-acceptance.test.ts; test/int/gate22-evidence-deauthorization.test.ts",retention_profile declared never enforced; legal_hold column never read; no retention-expiry/purge job (only quarantine TTL sweep); recovery/restore of the vault untested,Volume 4 App A catalogues the same component; see v04.csv L1-C05,v03.txt:page 25:L728-L747,main+test,
L1-C06,V3,9 World Observation Layer,25,"Authenticity and Chain-of-Custody Service Owns the authenticity and chain-of-custody service capability inside World Observation Layer, including contract validation, versioned behavior, operational evidence, and failure state.",V03-F003,observation,partial,passed:harness,merged,phase1,P1,"apps/api/src/observation/vault/vault.service.ts:134-179 (custody chain); apps/api/src/observation/agents/agents.service.ts (version-specific agent principal, code_digest); packages/contracts/src/jcs.ts (contentDigest); test/int/phase1-acceptance.test.ts; test/int/audit-chain.test.ts","No source-authenticity verification (signatures, TLS identity pinning, publisher keys); authenticity state is not a measured quality dimension",Volume 4 App A catalogues the same component; see v04.csv L1-C06,v03.txt:page 25:L731-L747,main+test,
L1-C07,V3,9 World Observation Layer,25,"Quarantine and Malware Inspection Owns the quarantine and malware inspection capability inside World Observation Layer, including contract validation, versioned behavior, operational evidence, and failure state.",V03-F003,observation,partial,passed:harness,merged,phase1,P1,"apps/api/src/observation/quarantine/quarantine.service.ts; apps/api/src/observation/sweeper/sweeper.service.ts:102-117; apps/api/src/observation/connectors/content-controls.ts; migrations/0022:452,472; test/int/phase1-hostile-input.test.ts; test/int/phase1-fault-injection.test.ts",No anti-malware scanning or sandboxed content processing; quarantine is schema/size/hostile-input based only,Volume 4 App A catalogues the same component; see v04.csv L1-C07,v03.txt:page 25:L735-L747,main+test,
L1-C08,V3,9 World Observation Layer,25,"Source Health, Freshness, and Coverage Monitor Measures source health, freshness, and coverage monitor health and fitness, emits decision-active quality state, and initiates exception or remediation workflow.",V03-F003,observation,partial,passed:harness,merged,phase1,P1,"apps/api/src/observation/coverage/coverage.service.ts:49; apps/api/src/observation/coverage/facts.service.ts; migrations/0022:503,550,2073 (observation.replay_health); apps/web/app/observation/sources; test/int/phase1-acceptance.test.ts",Health state is computed and displayed but no SourceHealthChanged event and no exception/remediation workflow is initiated; derived products do not receive source-health impact markers,Volume 4 App A catalogues the same component; see v04.csv L1-C08,v03.txt:page 25:L739-L747,main+test,
L1-C09,V3,9 World Observation Layer,25,"Correction and Withdrawal Intake Owns the correction and withdrawal intake capability inside World Observation Layer, including contract validation, versioned behavior, operational evidence, and failure state.",V03-F003,observation,implemented,passed:harness,merged,phase1,done,"apps/api/src/observation/corrections/corrections.service.ts:24-25; migrations/0022:579,597,1528,1555; test/int/phase1-acceptance.test.ts:702,731,751,770,805,939; test/int/phase3-corrections.test.ts",,Volume 4 App A catalogues the same component; see v04.csv L1-C09,v03.txt:page 25:L744-L747,main+test,
L2-C01,V3,10 Intelligence Layer,27,"Format Detection, OCR, Transcription, and Parsing Owns the format detection, ocr, transcription, and parsing capability inside Intelligence Layer, including contract validation, versioned behavior, operational evidence, and failure state.",V03-F004,intelligence,partial,passed:harness,merged,phase2,P2,apps/api/src/observation/connectors/upload.connector.ts; apps/api/src/observation/connectors/content-controls.ts; apps/api/src/observation/connectors/xml-parse.ts; test/int/phase1-acceptance.test.ts,"No format-detection service, no OCR, no transcription; parsing limited to upload text/CSV/XML paths",Volume 4 App A catalogues the same component; see v04.csv L2-C01,v03.txt:page 27:L811-L849,main+test,
L2-C02,V3,10 Intelligence Layer,27,"Cleaning, Normalization, and Language Services Owns the cleaning, normalization, and language services capability inside Intelligence Layer, including contract validation, versioned behavior, operational evidence, and failure state.",V03-F004,intelligence,missing,unverified,none,omission,P2,,"Cleaning, normalisation, unit/language detection and multilingual services do not exist",Volume 4 App A catalogues the same component; see v04.csv L2-C02,v03.txt:page 27:L816-L849,,
L2-C03,V3,10 Intelligence Layer,27,"Classification and Routing Owns the classification and routing capability inside Intelligence Layer, including contract validation, versioned behavior, operational evidence, and failure state.",V03-F004,intelligence,partial,unverified,merged,phase2,P2,"apps/api/src/intelligence/extraction/orchestrator.service.ts; apps/api/src/intelligence/methods/methods.service.ts:23-35; migrations/0023:72,404-521",Routing is by registered method only; no content classification (domain/risk/language) driving transformation-plan selection,Volume 4 App A catalogues the same component; see v04.csv L2-C03 | passed:harness lacked a resolved test/CI pointer → unverified,v03.txt:page 27:L821-L849,main,
L2-C04,V3,10 Intelligence Layer,27,"Summarization and Structured Extraction Owns the summarization and structured extraction capability inside Intelligence Layer, including contract validation, versioned behavior, operational evidence, and failure state.",V03-F004,intelligence,partial,passed:harness,merged,phase2,P2,"apps/api/src/intelligence/extraction/extraction.service.ts; migrations/0023_intelligence_extraction_and_claims.sql:251,286; test/int/phase2-acceptance.test.ts:363",Structured extraction yields claims only; no summarisation product,Volume 4 App A catalogues the same component; see v04.csv L2-C04,v03.txt:page 27:L825-L849,main+test,
L2-C05,V3,10 Intelligence Layer,27,"Named-Entity Recognition and Candidate Linking Owns the named-entity recognition and candidate linking capability inside Intelligence Layer, including contract validation, versioned behavior, operational evidence, and failure state.",V03-F004,intelligence,partial,passed:harness,merged,phase2,P2,"apps/api/src/intelligence/extraction/extraction.service.ts; apps/api/src/graph/entities/resolution.service.ts; apps/api/src/graph/entities/resolver.service.ts; test/int/phase3-acceptance.test.ts:377,460","No NER model; candidate linking happens at graph resolution time, not inside the Intelligence Layer with candidate confidence",Volume 4 App A catalogues the same component; see v04.csv L2-C05,v03.txt:page 27:L829-L849,main+test,
L2-C06,V3,10 Intelligence Layer,27,"Relationship, Event, and Claim Extraction Owns the relationship, event, and claim extraction capability inside Intelligence Layer, including contract validation, versioned behavior, operational evidence, and failure state.",V03-F004,intelligence,partial,passed:harness,merged,phase2,P2,"apps/api/src/intelligence/extraction/extraction.service.ts:339; migrations/0023:286-323 (claim_lineage, append-only); test/int/phase2-acceptance.test.ts:363,478",Claim extraction only; relationship and event extraction (EVT/REL candidates with lineage) not produced,Volume 4 App A catalogues the same component; see v04.csv L2-C06,v03.txt:page 27:L834-L849,main+test,
L2-C07,V3,10 Intelligence Layer,27,"Contradiction and Corroboration Detection Owns the contradiction and corroboration detection capability inside Intelligence Layer, including contract validation, versioned behavior, operational evidence, and failure state.",V03-F004,intelligence,missing,unverified,none,omission,P2,,No contradiction/corroboration detection service; contradiction_refs and corroboration_refs are always empty (objects.service.ts:260-278),Volume 4 App A catalogues the same component; see v04.csv L2-C07,v03.txt:page 27:L838-L849,,
L2-C08,V3,10 Intelligence Layer,27,"Confidence and Truth-State Assessor Executes the governed confidence and truth-state assessor method against declared inputs and versions; returns results, uncertainty, evaluation, and lineage.",V03-F004,intelligence,implemented,passed:harness,merged,phase2,P2,"packages/contracts/src/truth-state.ts:9-69; apps/api/src/objects/objects.service.ts:188-195; migrations/0023:301 (claim_lineage.confidence), :638-651 (abstention); apps/api/src/intelligence/gateway/model-gateway.service.ts:65,117-123; test/int/phase2-acceptance.test.ts:388",Confidence is not calibrated/evaluated against review outcomes; no truth-state transition matrix,Volume 4 App A catalogues the same component; see v04.csv L2-C08,v03.txt:page 27:L842-L849,main+test,
L2-C09,V3,10 Intelligence Layer,27,"Human Review Queue and Adjudication Coordinates durable human review queue and adjudication transitions, human tasks, deadlines, separation of duties, challenge, and audit evidence.",V03-F004,intelligence,partial,passed:harness,merged,phase2,P2,"apps/api/src/intelligence/review/review.service.ts; migrations/0023:329,347,757,786; apps/web/app/intelligence/review; test/int/phase2-acceptance.test.ts:427,518; test/unit/codex-corrections.test.ts:212,259","No review deadlines, separation of duties between extractor and reviewer, challenge/appeal path, or escalation on reviewer unavailability",Volume 4 App A catalogues the same component; see v04.csv L2-C09,v03.txt:page 27:L846-L849,main+test,
L2-C10,V3,10 Intelligence Layer,28,"Transformation Registry and Evaluation Harness Owns versioned transformation registry and evaluation harness definitions, resolution, compatibility, stewardship state, and lifecycle events within Intelligence Layer.",V03-F004,intelligence,partial,unverified,merged,phase2,P2,"apps/api/src/intelligence/methods/methods.service.ts:23-35; migrations/0023:52,72,404-521; apps/web/app/intelligence/methods","Method registry exists; no evaluation harness (benchmarks, held-out sets, fitness decisions) for transformations",Volume 4 App A catalogues the same component; see v04.csv L2-C10 | passed:harness lacked a resolved test/CI pointer → unverified,v03.txt:page 28:L854-L888,main,
L3-C01,V3,11 Enterprise Memory,29,"Memory Object Service Owns the memory object service capability inside Enterprise Memory, including contract validation, versioned behavior, operational evidence, and failure state.",V03-F005,memory-graph,implemented,passed:harness,merged,phase0,done,apps/api/src/objects/objects.service.ts; apps/api/src/objects/objects.controller.ts; migrations/0006_objects.sql; test/acceptance/acceptance.test.ts:482-723; test/int/phase1-acceptance.test.ts,,Volume 4 App A catalogues the same component; see v04.csv L3-C01,v03.txt:page 29:L920-L950,main+test,
L3-C02,V3,11 Enterprise Memory,29,"Document and Artifact Repository Persists authoritative document and artifact repository state with version, integrity, policy, retention, and recovery semantics.",V03-F005,memory-graph,partial,unverified,merged,phase1,P3,apps/api/src/observation/vault/vault.service.ts; migrations/0022:375 (blob_manifests),"Only source-evidence blobs; no repository for documents/communications, briefing artifacts, exports or attachments with retention semantics",Volume 4 App A catalogues the same component; see v04.csv L3-C02 | passed:harness lacked a resolved test/CI pointer → unverified,v03.txt:page 29:L923-L950,main,
L3-C03,V3,11 Enterprise Memory,29,"Temporal Record Store Persists authoritative temporal record store state with version, integrity, policy, retention, and recovery semantics.",V03-F005,memory-graph,implemented,passed:harness,merged,phase0,done,"migrations/0006_objects.sql:28,84; apps/api/src/objects/objects.service.ts:141-156 (getKnownAt); apps/api/src/objects/objects.controller.ts:129-146; test/int/phase1-acceptance.test.ts:290,328,827",,Volume 4 App A catalogues the same component; see v04.csv L3-C03,v03.txt:page 29:L925-L950,main+test,
L3-C04,V3,11 Enterprise Memory,29,"Version and Correction Ledger Owns the version and correction ledger capability inside Enterprise Memory, including contract validation, versioned behavior, operational evidence, and failure state.",V03-F005,memory-graph,implemented,passed:harness,merged,phase1,done,"apps/api/src/objects/objects.service.ts:91-121; migrations/0026:27,33,51-56; migrations/0027:112,294,324; apps/api/src/audit/audit.service.ts; test/int/phase1-acceptance.test.ts:702-805; test/int/phase3-corrections.test.ts:322,468,570",,Volume 4 App A catalogues the same component; see v04.csv L3-C04,v03.txt:page 29:L928-L950,main+test,
L3-C05,V3,11 Enterprise Memory,29,"Retention, Legal Hold, and Deletion Service Owns the retention, legal hold, and deletion service capability inside Enterprise Memory, including contract validation, versioned behavior, operational evidence, and failure state.",V03-F005,memory-graph,partial,passed:harness,branch-only,phase1,P3,"migrations/0022:375 (legal_hold), :956 (set_rights_state), :1279-1301 (record_manifest); apps/api/src/observation/vault/vault.service.ts:233 (tombstone); test/int/phase6-scheduled-corrections.test.ts:222",legal_hold never read or enforced; no retention-expiry job; deletion = blob tombstone without residual-reference proof; no customer-export-on-retention workflow,Volume 4 App A catalogues the same component; see v04.csv L3-C05 | release_status merged → branch-only from the evidence at 2e83945,v03.txt:page 29:L932-L950,branch+main+test,
L3-C06,V3,11 Enterprise Memory,29,"Permission-Aware Semantic Index Owns the permission-aware semantic index capability inside Enterprise Memory, including contract validation, versioned behavior, operational evidence, and failure state.",V03-F005,memory-graph,partial,passed:harness,merged,phase3,P3,"apps/api/src/graph/search/search.service.ts; apps/web/app/graph/search; test/int/phase3-acceptance.test.ts:762,774,795,804","Lexical, metadata-only index (MAX 50); no embeddings/pgvector, no semantic index, no index rebuild-from-canonical evidence",Volume 4 App A catalogues the same component; see v04.csv L3-C06,v03.txt:page 29:L937-L950,main+test,
L3-C07,V3,11 Enterprise Memory,29,"Memory Retrieval and Context Assembly Owns the memory retrieval and context assembly capability inside Enterprise Memory, including contract validation, versioned behavior, operational evidence, and failure state.",V03-F005,memory-graph,partial,unverified,merged,phase3,P3,apps/api/src/graph/search/search.service.ts; apps/api/src/intelligence/gateway/model-gateway.service.ts,No context-assembly service (interpret/authorize/retrieve/assemble/explain) feeding models or agents; retrieval is not purpose-aware,Volume 4 App A catalogues the same component; see v04.csv L3-C07 | passed:harness lacked a resolved test/CI pointer → unverified,v03.txt:page 29:L941-L950,main,
L3-C08,V3,11 Enterprise Memory,29,"Archive and Cold-Tier Manager Coordinates archive and cold-tier lifecycle, admission, ordering, retries, budgets, escalation, completion, and observable state.",V03-F005,memory-graph,missing,unverified,none,omission,P7-D,,No archive/cold-tier lifecycle,Volume 4 App A catalogues the same component; see v04.csv L3-C08,v03.txt:page 29:L944-L950,,
L3-C09,V3,11 Enterprise Memory,29,"Memory Integrity and Orphan Detection Owns the memory integrity and orphan detection capability inside Enterprise Memory, including contract validation, versioned behavior, operational evidence, and failure state.",V03-F005,memory-graph,partial,passed:harness,merged,phase0,P3,"migrations/0005:4 (audit.rebuild_chain_heads); test/int/gate22-audit-verify.test.ts; test/int/audit-chain.test.ts:117,180",Audit-chain integrity only; no memory orphan detection or referential-integrity monitor across objects/blobs/edges,Volume 4 App A catalogues the same component; see v04.csv L3-C09,v03.txt:page 29:L947-L950,main+test,
L4-C01,V3,12 Knowledge Graph,31,"Ontology Registry and Governance Workflow Owns versioned ontology registry and governance workflow definitions, resolution, compatibility, stewardship state, and lifecycle events within Knowledge Graph.",V03-F005,memory-graph,missing,unverified,none,omission,P3,,"No ontology registry, versioning, compatibility analysis or governance workflow; header.ontology_ref is null everywhere",Volume 4 App A catalogues the same component; see v04.csv L4-C01,v03.txt:page 31:L1015-L1027,,
L4-C02,V3,12 Knowledge Graph,31,"Identity Resolution and Entity Stewardship Owns the identity resolution and entity stewardship capability inside Knowledge Graph, including contract validation, versioned behavior, operational evidence, and failure state.",V03-F005,memory-graph,implemented,passed:harness,merged,phase3,P3,"apps/api/src/graph/entities/entities.service.ts; apps/api/src/graph/entities/resolution.service.ts; apps/api/src/graph/entities/resolver.service.ts; migrations/0024:109-245; apps/web/app/graph/resolutions; test/int/phase3-acceptance.test.ts:377,460,474",Multilingual/master identity and steward roles not implemented,Volume 4 App A catalogues the same component; see v04.csv L4-C02,v03.txt:page 31:L1020-L1027,main+test,
L4-C03,V3,12 Knowledge Graph,31,"Graph Write Validator Owns the graph write validator capability inside Knowledge Graph, including contract validation, versioned behavior, operational evidence, and failure state.",V03-F005,memory-graph,implemented,passed:harness,merged,phase3,done,"migrations/0025_impact_closure_and_edge_admission.sql:137; apps/api/src/graph/edges/edges.service.ts; test/int/phase3-acceptance.test.ts:503; test/unit/codex-corrections.test.ts:599,609",,Volume 4 App A catalogues the same component; see v04.csv L4-C03,v03.txt:page 31:L1024-L1027,main+test,
L4-C04,V3,12 Knowledge Graph,32,"Temporal Graph Store Persists authoritative temporal graph store state with version, integrity, policy, retention, and recovery semantics.",V03-F005,memory-graph,implemented,passed:harness,merged,phase3,done,"migrations/0024:385-403 (edge_events/edges_current, valid+system time); apps/api/src/graph/edges/edges.service.ts:61-66,121-286; test/int/phase3-acceptance.test.ts:839,850",,Volume 4 App A catalogues the same component; see v04.csv L4-C04,v03.txt:page 32:L1031-L1072,main+test,
L4-C05,V3,12 Knowledge Graph,32,"Provenance and Evidence Edge Service Owns the provenance and evidence edge service capability inside Knowledge Graph, including contract validation, versioned behavior, operational evidence, and failure state.",V03-F005,memory-graph,implemented,passed:harness,merged,phase3,done,packages/contracts/src/header.ts:82-89 (hasMinimumProvenance); migrations/0006:77; migrations/0024 (provenance on edges); test/int/phase3-acceptance.test.ts:627; test/int/phase2-acceptance.test.ts:339,,Volume 4 App A catalogues the same component; see v04.csv L4-C05,v03.txt:page 32:L1034-L1072,main+test,
L4-C06,V3,12 Knowledge Graph,32,"Graph Query and Traversal Service Owns the graph query and traversal service capability inside Knowledge Graph, including contract validation, versioned behavior, operational evidence, and failure state.",V03-F005,memory-graph,implemented,passed:harness,merged,phase3,done,"apps/api/src/graph/graph.controller.ts:48-58,417,500,561; apps/api/src/graph/graph.capabilities.ts:288-330; migrations/0027:382-393 (lossless cursor); apps/web/app/graph/explore; test/int/phase3-acceptance.test.ts:657,692,730",,Projection lag not measured,v03.txt:page 32:L1038-L1072,main+test,
L4-C07,V3,12 Knowledge Graph,32,"Reasoning and Constraint Engine Executes the governed reasoning and constraint method against declared inputs and versions; returns results, uncertainty, evaluation, and lineage.",V03-F005,memory-graph,missing,unverified,none,omission,P3,,"No reasoning/constraint engine (rule evaluation, inference, constraint checking) beyond edge-admission checks",Volume 4 App A catalogues the same component; see v04.csv L4-C07,v03.txt:page 32:L1041-L1072,,
L4-C08,V3,12 Knowledge Graph,32,"Graph Change Subscription Service Owns the graph change subscription service capability inside Knowledge Graph, including contract validation, versioned behavior, operational evidence, and failure state.",V03-F005,memory-graph,partial,passed:harness,merged,phase3,P3,"migrations/0024:519 (graph.dependencies), :1306 (graph.record_impact); migrations/0025:26-27,57; apps/api/src/graph/strategy/impact.service.ts; test/int/phase3-acceptance.test.ts:996,1016,1028","Impact is computed synchronously inside the write; no subscription registry, no GraphChanged event consumers",Volume 4 App A catalogues the same component; see v04.csv L4-C08,v03.txt:page 32:L1044-L1072,main+test,
L4-C09,V3,12 Knowledge Graph,32,"Merge, Split, and Reconciliation Manager Coordinates merge, split, and reconciliation lifecycle, admission, ordering, retries, budgets, escalation, completion, and observable state.",V03-F005,memory-graph,partial,passed:harness,merged,phase3,P3,"migrations/0024:226-245 (resolution_events/resolutions_current); apps/api/src/graph/entities/resolution.service.ts; test/int/phase3-acceptance.test.ts:460,474","Merge is recorded; split and reversal of a merge, ordering/retry/escalation of reconciliation not implemented",Volume 4 App A catalogues the same component; see v04.csv L4-C09,v03.txt:page 32:L1047-L1072,main+test,
L4-C10,V3,12 Knowledge Graph,32,"Graph Quality and Orphan Monitor Measures graph quality and orphan monitor health and fitness, emits decision-active quality state, and initiates exception or remediation workflow.",V03-F005,memory-graph,partial,unverified,merged,phase3,P3,migrations/0024:555-573 (invalidation_events/invalidations_current with truncated/unexplored); apps/api/src/graph/graph.controller.ts:417,"No identity precision/recall, edge validity, orphan-rate or revision-propagation metrics; no remediation workflow",Volume 4 App A catalogues the same component; see v04.csv L4-C10 | passed:harness lacked a resolved test/CI pointer → unverified,v03.txt:page 32:L1050-L1072,main,
L5-C01,V3,13 Digital Twins,34,"Twin Registry and Boundary Service Owns versioned twin registry and boundary definitions, resolution, compatibility, stewardship state, and lifecycle events within Digital Twins.",V03-F006,twin-simulation,implemented,passed:harness,branch-only,phase5,P5,"apps/api/src/twin/twins/twin.service.ts; migrations/0032_twin_registry.sql:42-61,99,126; test/int/phase5-twins.test.ts:109-287","One twin kind (supply-chain) only; enterprise, market, competitor, infrastructure, regulation, process, organisation twins absent",Volume 4 App A catalogues the same component; see v04.csv L5-C01,v03.txt:page 34:L1118-L1131,branch+test,
L5-C02,V3,13 Digital Twins,34,"State Estimation and Reconciliation Owns the state estimation and reconciliation capability inside Digital Twins, including contract validation, versioned behavior, operational evidence, and failure state.",V03-F006,twin-simulation,partial,passed:harness,branch-only,phase5,P5,"migrations/0034:23,135-205; migrations/0035:446,555; apps/api/src/twin/twins/twin.service.ts; test/int/phase5-propagation.test.ts:92,133; test/int/phase5-corrections.test.ts:372,388,397",No state estimator (state is taken from typed citations); no disagreement retention; scheduled/continuous reconciliation absent,Volume 4 App A catalogues the same component; see v04.csv L5-C02,v03.txt:page 34:L1121-L1131,branch+test,
L5-C03,V3,13 Digital Twins,34,"Model Binding and Operating-Envelope Registry Owns versioned model binding and operating-envelope registry definitions, resolution, compatibility, stewardship state, and lifecycle events within Digital Twins.",V03-F006,twin-simulation,partial,unverified,branch-only,phase5,P5,"migrations/0032:49 (twin.behaviour_models), :105 (supply-flow@1), :373 (materiality registry); apps/api/src/twin/models/supply-flow.ts",Single behaviour model; no operating-envelope declaration or envelope-breach handling; no model compatibility/stewardship lifecycle,Volume 4 App A catalogues the same component; see v04.csv L5-C03 | passed:harness lacked a resolved test/CI pointer → unverified,v03.txt:page 34:L1125-L1131,branch,
L5-C04,V3,13 Digital Twins,34,"Snapshot and Version Manager Coordinates snapshot and version lifecycle, admission, ordering, retries, budgets, escalation, completion, and observable state.",V03-F006,twin-simulation,implemented,passed:harness,branch-only,phase5,done,"migrations/0032:126-163 (twin_versions immutable), :458 (digest at admission); apps/api/src/twin/models/supply-flow.digest.ts; test/int/phase5-twins.test.ts",,Volume 4 App A catalogues the same component; see v04.csv L5-C04,v03.txt:page 34:L1129-L1131,branch+test,
L5-C05,V3,13 Digital Twins,35,"Branch and Time-Travel Manager Coordinates branch and time-travel lifecycle, admission, ordering, retries, budgets, escalation, completion, and observable state.",V03-F006,twin-simulation,implemented,passed:harness,branch-only,phase5,done,apps/api/src/twin/twins/twin.service.ts:633-664 (as-of/compare); migrations/0032 branches/forks; test/int/phase5-twins.test.ts,,Volume 4 App A catalogues the same component; see v04.csv L5-C05,v03.txt:page 35:L1135-L1182,branch+test,
L5-C06,V3,13 Digital Twins,35,"Twin Dependency Mapper Owns the twin dependency mapper capability inside Digital Twins, including contract validation, versioned behavior, operational evidence, and failure state.",V03-F006,twin-simulation,partial,unverified,branch-only,phase5,P5,apps/api/src/twin/twins/twin.service.ts:33-56 (typed grounding citations); migrations/0034 propagation,Graph-to-twin mapping only; no cross-twin dependency map or dependency-completeness measure,Volume 4 App A catalogues the same component; see v04.csv L5-C06 | passed:harness lacked a resolved test/CI pointer → unverified,v03.txt:page 35:L1138-L1182,branch,
L5-C07,V3,13 Digital Twins,35,"Behavior and Constraint Runtime Owns the behavior and constraint runtime capability inside Digital Twins, including contract validation, versioned behavior, operational evidence, and failure state.",V03-F006,twin-simulation,partial,passed:harness,branch-only,phase5,P5,"apps/api/src/twin/models/supply-flow.ts; test/unit/phase5-supply-flow.test.ts:99,106,135","Behaviour runtime is a single hard-coded flow model; no constraint runtime (topology, conservation, business rules) or envelope disablement",Volume 4 App A catalogues the same component; see v04.csv L5-C07,v03.txt:page 35:L1142-L1182,branch+test,
L5-C08,V3,13 Digital Twins,35,"Validation and Calibration Service Owns the validation and calibration service capability inside Digital Twins, including contract validation, versioned behavior, operational evidence, and failure state.",V03-F006,twin-simulation,partial,passed:harness,branch-only,phase5,P5,migrations/0032:229 (health); migrations/0035 reconciliation; test/int/phase5-twins.test.ts,"No calibration against observed outcomes, no fitness score, no validation record per snapshot",Volume 4 App A catalogues the same component; see v04.csv L5-C08,v03.txt:page 35:L1146-L1182,branch+test,
L5-C09,V3,13 Digital Twins,35,"Synthetic-State Labelling and Isolation Owns the synthetic-state labelling and isolation capability inside Digital Twins, including contract validation, versioned behavior, operational evidence, and failure state.",V03-F006,twin-simulation,implemented,passed:harness,branch-only,phase5,P5,migrations/0032:221 (element kinds observed/estimated/assumed/predicted/simulated); test/int/phase5-twins.test.ts; test/int/phase5-simulations.test.ts,No scenario element kind; branch-leakage prevention proven only for simulation outputs,Volume 4 App A catalogues the same component; see v04.csv L5-C09,v03.txt:page 35:L1150-L1182,branch+test,
L6-C01,V3,14 Prediction Engine,36,"Forecast Registry and Horizon Service Owns versioned forecast registry and horizon definitions, resolution, compatibility, stewardship state, and lifecycle events within Prediction Engine.",V03-F007,prediction,implemented,passed:harness,branch-only,phase4,done,"apps/api/src/prediction/forecasting/forecasting.service.ts:27-29 (six horizons); migrations/0029:50,102-149 (CHECK :109); test/int/phase4-acceptance.test.ts:487,505",,Volume 4 App A catalogues the same component; see v04.csv L6-C01,v03.txt:page 36:L1214-L1243,branch+test,
L6-C02,V3,14 Prediction Engine,36,"Feature and Context Assembler Owns the feature and context assembler capability inside Prediction Engine, including contract validation, versioned behavior, operational evidence, and failure state.",V03-F007,prediction,partial,unverified,branch-only,phase4,P4,apps/api/src/prediction/series/series.service.ts:1-19 (vintages); migrations/0029:50 (series_registry),Single self-series feature; no evidence/graph/twin context assembly for forecasts,Volume 4 App A catalogues the same component; see v04.csv L6-C02 | passed:harness lacked a resolved test/CI pointer → unverified,v03.txt:page 36:L1218-L1243,branch,
L6-C03,V3,14 Prediction Engine,36,"Model Gateway and Candidate Router Mediates model gateway and candidate router through authenticated, versioned, policy-evaluated contracts without leaking external semantics into the layer core.",V03-F007,prediction,partial,unverified,branch-only,phase4,P4,"apps/api/src/prediction/models/models.ts:31-33,104,214 (two model families)","No routing by task/domain/deployment/risk policy; model set is code constants, not a governed registry",Volume 4 App A catalogues the same component; see v04.csv L6-C03 | passed:harness lacked a resolved test/CI pointer → unverified,v03.txt:page 36:L1222-L1243,branch,
L6-C04,V3,14 Prediction Engine,36,"Ensemble and Disagreement Manager Coordinates ensemble and disagreement lifecycle, admission, ordering, retries, budgets, escalation, completion, and observable state.",V03-F007,prediction,missing,unverified,none,omission,P4,,No ensemble or model-disagreement management,Volume 4 App A catalogues the same component; see v04.csv L6-C04,v03.txt:page 36:L1225-L1243,,
L6-C05,V3,14 Prediction Engine,36,"Calibration and Uncertainty Service Owns the calibration and uncertainty service capability inside Prediction Engine, including contract validation, versioned behavior, operational evidence, and failure state.",V03-F007,prediction,implemented,passed:harness,branch-only,phase4,P4,"apps/api/src/prediction/forecasting/forecasting.service.ts:213-228 (quantiles), :457 (calibration()); migrations/0029:161 (backtests); test/int/phase4-acceptance.test.ts:487,505",No per-forecast calibration record; uncertainty widening on fitness failure limited to leash,Volume 4 App A catalogues the same component; see v04.csv L6-C05,v03.txt:page 36:L1228-L1243,branch+test,
L6-C06,V3,14 Prediction Engine,36,"Driver Attribution and Sensitivity Engine Executes the governed driver attribution and sensitivity method against declared inputs and versions; returns results, uncertainty, evaluation, and lineage.",V03-F007,prediction,partial,unverified,branch-only,phase4,P4,apps/api/src/prediction/forecasting/forecasting.service.ts:196-202 (drivers),Driver attribution is the single self-series; no multi-driver sensitivity,Volume 4 App A catalogues the same component; see v04.csv L6-C06 | passed:harness lacked a resolved test/CI pointer → unverified,v03.txt:page 36:L1232-L1243,branch,
L6-C07,V3,14 Prediction Engine,36,"Forecast Evaluation and Backtesting Measures forecast evaluation and backtesting health and fitness, emits decision-active quality state, and initiates exception or remediation workflow.",V03-F007,prediction,implemented,passed:harness,branch-only,phase4,done,"apps/api/src/prediction/forecasting/forecasting.service.ts:276 (backtest), :66,79-99,142-154 (validation modes, leash); apps/api/src/prediction/models/models.ts:264-267; migrations/0029:203-231 (outcome_ledger); migrations/0030:25-33,73-74; test/int/phase4-acceptance.test.ts:545,557; test/int/phase4-corrections-historical.test.ts",,Volume 4 App A catalogues the same component; see v04.csv L6-C07,v03.txt:page 36:L1236-L1243,branch+test,
L6-C08,V3,14 Prediction Engine,36,"Drift and Refresh Monitor Measures drift and refresh monitor health and fitness, emits decision-active quality state, and initiates exception or remediation workflow.",V03-F007,prediction,partial,passed:harness,branch-only,phase4,P4,"migrations/0031:25-34 (publication calendar); apps/api/src/prediction/forecasting/forecasting.service.ts:40-50,405-451; test/int/phase4-corrections-calendar.test.ts:72-118",No drift monitor; no forward refresh scheduler (forecasts are never auto-reissued),Volume 4 App A catalogues the same component; see v04.csv L6-C08,v03.txt:page 36:L1239-L1243,branch+test,
L6-C09,V3,14 Prediction Engine,36,"Forecast Version Store Persists authoritative forecast version store state with version, integrity, policy, retention, and recovery semantics.",V03-F007,prediction,implemented,passed:harness,branch-only,phase4,done,migrations/0029:75-149 (forecast_events/forecasts_current); migrations/0029 ~475-520 (attention_state on correction); test/int/phase4-corrections.test.ts,,Volume 4 App A catalogues the same component; see v04.csv L6-C09,v03.txt:page 36:L1241-L1243,branch+test,
L7-C01,V3,15 Scenario Intelligence,38,"Scenario Registry and Portfolio Manager Owns versioned scenario registry and portfolio definitions, resolution, compatibility, stewardship state, and lifecycle events within Scenario Intelligence.",V03-F008,prediction,implemented,passed:harness,branch-only,phase4,P4,"apps/api/src/prediction/scenarios/scenarios.service.ts; migrations/0029:238-257,321-353; apps/web/app/prediction/scenarios; test/int/phase4-acceptance.test.ts:573,628; test/int/phase5-corrections.test.ts:256,288","No portfolio-level review cadence, retirement history or decision-coverage state",Volume 4 App A catalogues the same component; see v04.csv L7-C01,v03.txt:page 38:L1307-L1341,branch+test,
L7-C02,V3,15 Scenario Intelligence,38,"Assumption and Hypothesis Register Owns versioned assumption and hypothesis register definitions, resolution, compatibility, stewardship state, and lifecycle events within Scenario Intelligence.",V03-F008,prediction,partial,passed:harness,merged,phase3,P4,"migrations/0024:478-508 (strategy_current ASU objects, verification_state); apps/api/src/graph/strategy/strategy.service.ts; test/int/phase3-acceptance.test.ts:902",Assumptions live in the Strategy Graph; no scenario-scoped assumption/hypothesis register with invalidation conditions,Volume 4 App A catalogues the same component; see v04.csv L7-C02,v03.txt:page 38:L1311-L1341,main+test,
L7-C03,V3,15 Scenario Intelligence,38,"Branch and Path Engine Executes the governed branch and path method against declared inputs and versions; returns results, uncertainty, evaluation, and lineage.",V03-F008,prediction,partial,unverified,branch-only,phase4,P4,apps/api/src/prediction/scenarios/scenarios.service.ts:64; migrations/0029:328 (three branch kinds); migrations/0037 (flip under both clocks),"Only baseline/upside/downside; no disruption, domain-specific or user-defined branches; no divergence logic",Volume 4 App A catalogues the same component; see v04.csv L7-C03 | passed:harness lacked a resolved test/CI pointer → unverified,v03.txt:page 38:L1314-L1341,branch,
L7-C04,V3,15 Scenario Intelligence,38,"Actor, Driver, and Mechanism Model Owns the actor, driver, and mechanism model capability inside Scenario Intelligence, including contract validation, versioned behavior, operational evidence, and failure state.",V03-F008,prediction,missing,unverified,none,omission,P4,,No actor/driver/mechanism model for scenarios,Volume 4 App A catalogues the same component; see v04.csv L7-C04,v03.txt:page 38:L1317-L1341,,
L7-C05,V3,15 Scenario Intelligence,38,"Indicator and Signpost Service Owns the indicator and signpost service capability inside Scenario Intelligence, including contract validation, versioned behavior, operational evidence, and failure state.",V03-F008,prediction,implemented,passed:harness,branch-only,phase4,done,"migrations/0029:275-317 (indicators_current, indicator_evaluations); apps/api/src/prediction/scenarios/scenarios.service.ts:181-230; migrations/0036:81-102; migrations/0037:26,48-67; test/int/phase5-corrections.test.ts:256,288,451,526",,Volume 4 App A catalogues the same component; see v04.csv L7-C05,v03.txt:page 38:L1321-L1341,branch+test,
L7-C06,V3,15 Scenario Intelligence,38,"Scenario Coherence Validator Owns the scenario coherence validator capability inside Scenario Intelligence, including contract validation, versioned behavior, operational evidence, and failure state.",V03-F008,prediction,partial,passed:harness,branch-only,phase4,P4,"apps/api/src/prediction/scenarios/scenarios.service.ts:61,66; migrations/0029:344,345; test/unit/phase5-refusals.test.ts:57","Structural coherence only; no assumption, temporal-ordering, forecast-relationship or prohibited-contradiction checks",Volume 4 App A catalogues the same component; see v04.csv L7-C06,v03.txt:page 38:L1325-L1341,branch+test,
L7-C07,V3,15 Scenario Intelligence,38,"Intervention and Impact Mapper Owns the intervention and impact mapper capability inside Scenario Intelligence, including contract validation, versioned behavior, operational evidence, and failure state.",V03-F008,prediction,missing,unverified,none,omission,P4,,"No scenario-level intervention and impact mapper (interventions exist only inside simulation runs, migrations/0033)",Related: L8-C03,v03.txt:page 38:L1329-L1341,,
L7-C08,V3,15 Scenario Intelligence,38,"Scenario Comparison and Review Workspace Coordinates durable scenario comparison and review workspace transitions, human tasks, deadlines, separation of duties, challenge, and audit evidence.",V03-F008,prediction,partial,unverified,branch-only,phase4,P4,apps/web/app/prediction/scenarios/page.tsx,"No comparison workspace, human review tasks, dissent, deadlines, retirement or promotion-to-simulation workflow",Volume 4 App A catalogues the same component; see v04.csv L7-C08 | UNRESOLVED pointer(s) at 2e83945: apps/api/e2e (phase4 browser suite) | passed:browser lacked a resolved test/CI pointer → unverified,v03.txt:page 38:L1333-L1341,branch,
L7-C09,V3,15 Scenario Intelligence,38,"Scenario Package Import and Localization Owns the scenario package import and localization capability inside Scenario Intelligence, including contract validation, versioned behavior, operational evidence, and failure state.",V03-F008,prediction,missing,unverified,none,phase7,P7-C,,No scenario package import/localisation (marketplace),Volume 4 App A catalogues the same component; see v04.csv L7-C09,v03.txt:page 38:L1338-L1341,,
L8-C01,V3,16 Simulation Engine,40,"Experiment Registry and Run Planner Owns versioned experiment registry and run planner definitions, resolution, compatibility, stewardship state, and lifecycle events within Simulation Engine.",V03-F009,twin-simulation,implemented,passed:harness,branch-only,phase5,done,apps/api/src/twin/simulations/simulation.service.ts; migrations/0033_simulation_runs.sql:30-107; migrations/0035:226-230; test/int/phase5-simulations.test.ts:81-225,,Volume 4 App A catalogues the same component; see v04.csv L8-C01,v03.txt:page 40:L1406-L1434,branch+test,
L8-C02,V3,16 Simulation Engine,40,"Twin, Scenario, and Model Version Resolver Executes the governed twin, scenario, and model version resolver method against declared inputs and versions; returns results, uncertainty, evaluation, and lineage.",V03-F009,twin-simulation,implemented,passed:harness,branch-only,phase5,done,"apps/api/src/twin/simulations/simulation.service.ts:312-352; migrations/0036:23,57 (input availability); test/int/phase5-simulations.test.ts",,Volume 4 App A catalogues the same component; see v04.csv L8-C02,v03.txt:page 40:L1410-L1434,branch+test,
L8-C03,V3,16 Simulation Engine,40,"Constraint and Intervention Engine Executes the governed constraint and intervention method against declared inputs and versions; returns results, uncertainty, evaluation, and lineage.",V03-F009,twin-simulation,partial,unverified,branch-only,phase5,P5,migrations/0033:47-107 (interventions on runs); apps/api/src/twin/models/supply-flow.ts,Constraints limited to the supply-flow model; no general constraint declaration/satisfaction engine,Volume 4 App A catalogues the same component; see v04.csv L8-C03 | passed:harness lacked a resolved test/CI pointer → unverified,v03.txt:page 40:L1414-L1434,branch,
L8-C04,V3,16 Simulation Engine,40,"Seed and Determinism Manager Coordinates seed and determinism lifecycle, admission, ordering, retries, budgets, escalation, completion, and observable state.",V03-F009,twin-simulation,implemented,passed:harness,branch-only,phase5,done,"migrations/0033:148 (exact digest equality); apps/api/src/twin/simulations/reproduce-worker.ts; apps/api/src/twin/simulations/simulation.service.ts:440-492,552; test/int/phase5-simulations.test.ts; test/unit/phase5-supply-flow.test.ts:99,106,135",,Volume 4 App A catalogues the same component; see v04.csv L8-C04,v03.txt:page 40:L1416-L1434,branch+test,
L8-C05,V3,16 Simulation Engine,40,"Solver and Simulator Adapter Fabric Mediates solver and simulator adapter fabric through authenticated, versioned, policy-evaluated contracts without leaking external semantics into the layer core.",V03-F009,twin-simulation,partial,unverified,branch-only,phase5,P5,apps/api/src/twin/models/supply-flow.ts (single in-process model),No solver/simulator adapter fabric; no containment of unstable adapters,Volume 4 App A catalogues the same component; see v04.csv L8-C05 | passed:harness lacked a resolved test/CI pointer → unverified,v03.txt:page 40:L1419-L1434,branch,
L8-C06,V3,16 Simulation Engine,40,"Distributed Run Orchestrator Coordinates distributed run orchestrator lifecycle, admission, ordering, retries, budgets, escalation, completion, and observable state.",V03-F009,twin-simulation,missing,unverified,none,omission,P5,,"Runs execute inline in the API process (60 s cap, simulation.service.ts:571); no queued, distributed or checkpointed execution",Volume 4 App A catalogues the same component; see v04.csv L8-C06,v03.txt:page 40:L1422-L1434,,
L8-C07,V3,16 Simulation Engine,40,"Impact and Second-Order Effect Analyzer Executes the governed impact and second-order effect analyzer method against declared inputs and versions; returns results, uncertainty, evaluation, and lineage.",V03-F009,twin-simulation,partial,unverified,branch-only,phase5,P5,"migrations/0033 outputs; migrations/0041:222 (dop_simulated_cites_run); apps/api/src/executive/agents/agents.service.ts:250,253",Direct outputs only; second-order effects are unvalidated free arrays (agents write secondOrder: []),Volume 4 App A catalogues the same component; see v04.csv L8-C07 | passed:harness lacked a resolved test/CI pointer → unverified,v03.txt:page 40:L1425-L1434,branch,
L8-C08,V3,16 Simulation Engine,40,"Sensitivity and Robustness Service Owns the sensitivity and robustness service capability inside Simulation Engine, including contract validation, versioned behavior, operational evidence, and failure state.",V03-F009,twin-simulation,implemented,passed:harness,branch-only,phase5,P5,apps/api/src/twin/simulations/simulation.service.ts:147-188 (sensitivity); test/int/phase5-simulations.test.ts,No robustness/stability analysis across seeds or assumption sets,Volume 4 App A catalogues the same component; see v04.csv L8-C08,v03.txt:page 40:L1429-L1434,branch+test,
L8-C09,V3,16 Simulation Engine,40,"Reproducibility and Validation Store Persists authoritative reproducibility and validation store state with version, integrity, policy, retention, and recovery semantics.",V03-F009,twin-simulation,implemented,passed:harness,branch-only,phase5,done,"migrations/0033:131 (reproductions), :148; apps/api/src/twin/simulations/reproduce-worker.ts; test/int/phase5-simulations.test.ts",,Volume 4 App A catalogues the same component; see v04.csv L8-C09,v03.txt:page 40:L1432-L1434,branch+test,
L9-C01,V3,17 Decision Intelligence,42,"Decision Registry and Context Resolver Owns versioned decision registry and context resolver definitions, resolution, compatibility, stewardship state, and lifecycle events within Decision Intelligence.",V03-F010,decision,implemented,passed:harness,branch-only,phase6,P6,"apps/api/src/decision/packages/package.service.ts; migrations/0041_decision_packages.sql:45-92 (state machine), :137 (immutability); test/int/phase6-decisions.test.ts:111,164",Context resolver binds simulations and strategy objects; forecast/scenario/twin context binding incomplete,Volume 4 App A catalogues the same component; see v04.csv L9-C01,v03.txt:page 42:L1503-L1513,branch+test,
L9-C02,V3,17 Decision Intelligence,42,"Objective, Constraint, and Obligation Service Owns the objective, constraint, and obligation service capability inside Decision Intelligence, including contract validation, versioned behavior, operational evidence, and failure state.",V03-F010,decision,partial,unverified,branch-only,phase6,P6,migrations/0024:478 (strategy OBJ objects); migrations/0041 (constraints/obligations as text),"Constraints and obligations are free text, not evaluated objects; no stakeholder-obligation service",Volume 4 App A catalogues the same component; see v04.csv L9-C02 | passed:harness lacked a resolved test/CI pointer → unverified,v03.txt:page 42:L1507-L1513,branch+main,
L9-C03,V3,17 Decision Intelligence,42,"Option and Alternative Manager Coordinates option and alternative lifecycle, admission, ordering, retries, budgets, escalation, completion, and observable state.",V03-F010,decision,implemented,passed:harness,branch-only,phase6,P6,"migrations/0041:195 (decision.options), :222; migrations/0049:18 (decision.derive_option); test/int/phase6-decisions.test.ts:164,179,225",Status-quo/defer/seek-information alternatives are not required by the completeness gate; option execution-readiness not modelled,Volume 4 App A catalogues the same component; see v04.csv L9-C03,v03.txt:page 42:L1511-L1513,branch+test,
L9-C04,V3,17 Decision Intelligence,43,"Evidence and Foresight Assembler Owns the evidence and foresight assembler capability inside Decision Intelligence, including contract validation, versioned behavior, operational evidence, and failure state.",V03-F010,decision,implemented,passed:harness,branch-only,phase6,P6,"migrations/0041:222 (dop_simulated_cites_run), :555 (propose_version completeness gate); test/int/phase6-decisions.test.ts:225,268","Assembles simulations and dissent; forecasts, scenarios, risks and prior decisions are not resolved into the information boundary",Volume 4 App A catalogues the same component; see v04.csv L9-C04,v03.txt:page 43:L1518-L1561,branch+test,
L9-C05,V3,17 Decision Intelligence,43,"Criteria, Trade-off, and Information-Value Engine Executes the governed criteria, trade-off, and information-value method against declared inputs and versions; returns results, uncertainty, evaluation, and lineage.",V03-F010,decision,partial,unverified,branch-only,phase6,P6,"migrations/0041 (options with criteria text); apps/api/src/executive/agents/agents.service.ts:250,253",Value of information is free text; trade-off/criteria engine and second-order validation absent,Volume 4 App A catalogues the same component; see v04.csv L9-C05 | passed:harness lacked a resolved test/CI pointer → unverified,v03.txt:page 43:L1521-L1561,branch,
L9-C06,V3,17 Decision Intelligence,43,"Recommendation and Explanation Service Owns the recommendation and explanation service capability inside Decision Intelligence, including contract validation, versioned behavior, operational evidence, and failure state.",V03-F010,decision,partial,passed:harness,branch-only,phase6,P6,"apps/api/src/executive/agents/agents.service.ts (three hard-coded agents, renderReport metered, provenance on outputs); test/int/phase6-agents.test.ts:52-224",Recommendations are template renders; no explanation service over criteria/evidence; decision agents never call the model gateway,Volume 4 App A catalogues the same component; see v04.csv L9-C06,v03.txt:page 43:L1527-L1561,branch+test,
L9-C07,V3,17 Decision Intelligence,43,"Approval, Dissent, and Override Workflow Coordinates durable approval, dissent, and override workflow transitions, human tasks, deadlines, separation of duties, challenge, and audit evidence.",V03-F010,decision,implemented,passed:harness,branch-only,phase6,P6,"apps/api/src/decision/approvals/approval.service.ts; migrations/0042:24,51,100,118,164,186,190,225; migrations/0041:242 (dissent); migrations/0043:103; migrations/0049:239,257; test/int/phase6-approvals.test.ts:45,59,91,105,141,154,208; test/unit/pdp-phase6-authority.test.ts",Conditional approvals stored but never evaluated (FULL_PRODUCT_DELIVERY_REGISTER §6); no override record type; no approval deadlines/escalation,Volume 4 App A catalogues the same component; see v04.csv L9-C07,v03.txt:page 43:L1531-L1561,branch+test,
L9-C08,V3,17 Decision Intelligence,43,"Decision Record and Commitment Service Owns the decision record and commitment service capability inside Decision Intelligence, including contract validation, versioned behavior, operational evidence, and failure state.",V03-F010,decision,implemented,passed:harness,branch-only,phase6,P6,"migrations/0043:33 (commit_package, C3 class, holds_role :129, committer != approver); apps/api/src/decision/clearance.ts:33-56; test/int/phase6-approvals.test.ts:141,154",No execution handoff interface for commitments (external execution gateway),Volume 4 App A catalogues the same component; see v04.csv L9-C08,v03.txt:page 43:L1535-L1561,branch+test,
L9-C09,V3,17 Decision Intelligence,43,"Monitoring Contract and Review Scheduler Measures monitoring contract and review scheduler health and fitness, emits decision-active quality state, and initiates exception or remediation workflow.",V03-F010,decision,implemented,passed:harness,branch-only,phase6,done,"apps/api/src/decision/monitoring/monitoring.service.ts; migrations/0045:21,42,74,221; migrations/0050 §1 (record_outcome); apps/api/src/executive/agents/agent-worker.service.ts (cadence reconciliation); test/int/phase6-monitoring.test.ts:53-190",,Volume 4 App A catalogues the same component; see v04.csv L9-C09,v03.txt:page 43:L1539-L1561,branch+test,
L10-C01,V3,18 Executive Operating System,45,"Executive Workspace and Responsibility Model Presents policy-filtered executive workspace and responsibility model products with evidence, uncertainty, authority, state, and required action intact.",V03-F011,executive-os,partial,passed:harness,branch-only,phase6,P6,"apps/api/src/executive/rooms/room.service.ts; migrations/0044:29-61 (rooms, members); apps/web/app/decisions/page.tsx; test/int/phase6-briefings.test.ts",No executive workspace or responsibility model (who owns which objective/commitment/warning); web surface is a decision list,Volume 4 App A catalogues the same component; see v04.csv L10-C01,v03.txt:page 45:L1609-L1640,branch+test,
L10-C02,V3,18 Executive Operating System,45,"Attention Policy and Materiality Engine Executes the governed attention policy and materiality method against declared inputs and versions; returns results, uncertainty, evaluation, and lineage.",V03-F011,executive-os,missing,unverified,none,omission,P6,,"No attention policy, materiality engine, prioritised attention queue or Strategic Health Score",Volume 4 App A catalogues the same component; see v04.csv L10-C02,v03.txt:page 45:L1614-L1640,,
L10-C03,V3,18 Executive Operating System,45,"Live Briefing Service Presents policy-filtered live briefing products with evidence, uncertainty, authority, state, and required action intact.",V03-F011,executive-os,implemented,passed:harness,branch-only,phase6,P6,apps/api/src/executive/briefings/briefing.service.ts; migrations/0044:81 (briefings); migrations/0050 (as-of source states with rights reconstruction); apps/web/app/decisions/briefings/page.tsx; test/int/phase6-briefings.test.ts:38-168,No audience policy per briefing; no offline briefing package,Volume 4 App A catalogues the same component; see v04.csv L10-C03,v03.txt:page 45:L1617-L1640,branch+test,
L10-C04,V3,18 Executive Operating System,45,"Decision and Scenario Rooms Presents policy-filtered decision and scenario rooms products with evidence, uncertainty, authority, state, and required action intact.",V03-F011,executive-os,partial,passed:harness,branch-only,phase6,P6,apps/api/src/executive/rooms/room.service.ts:24-58; migrations/0044:29-61; test/int/phase6-briefings.test.ts; test/int/phase6-agents.test.ts,Decision rooms only; no scenario rooms,Volume 4 App A catalogues the same component; see v04.csv L10-C04,v03.txt:page 45:L1619-L1640,branch+test,
L10-C05,V3,18 Executive Operating System,45,"Objective, Commitment, and Outcome Review Coordinates durable objective, commitment, and outcome review transitions, human tasks, deadlines, separation of duties, challenge, and audit evidence.",V03-F011,executive-os,partial,passed:harness,branch-only,phase6,P6,"migrations/0045:42 (decision.outcomes), :221 (close_package); migrations/0050 §1; apps/api/src/executive/rooms/room.service.ts:38 (review); test/int/phase6-monitoring.test.ts",Objective review (Strategy Graph OBJ) not connected to rooms; no SoD or deadline on reviews,Volume 4 App A catalogues the same component; see v04.csv L10-C05,v03.txt:page 45:L1622-L1640,branch+test,
L10-C06,V3,18 Executive Operating System,45,"Strategic Cadence Scheduler Coordinates strategic cadence scheduler lifecycle, admission, ordering, retries, budgets, escalation, completion, and observable state.",V03-F011,executive-os,implemented,passed:harness,branch-only,phase6,done,apps/api/src/executive/agents/agent-worker.service.ts (BullMQ cadence reconciliation); migrations/0044 cadence columns; test/int/phase6-agents.test.ts,,Volume 4 App A catalogues the same component; see v04.csv L10-C06,v03.txt:page 45:L1626-L1640,branch+test,
L10-C07,V3,18 Executive Operating System,45,"Notification and Escalation Service Owns the notification and escalation service capability inside Executive Operating System, including contract validation, versioned behavior, operational evidence, and failure state.",V03-F011,executive-os,missing,unverified,none,omission,P6,,"No notification transport, escalation chain, suppression or acknowledgement history",Volume 4 App A catalogues the same component; see v04.csv L10-C07,v03.txt:page 45:L1629-L1640,,
L10-C08,V3,18 Executive Operating System,45,"Role-Appropriate Access Modes Owns the role-appropriate access modes capability inside Executive Operating System, including contract validation, versioned behavior, operational evidence, and failure state.",V03-F011,executive-os,partial,unverified,branch-only,phase6,P7-E,apps/api/src/decision/clearance.ts:33-56 (read-time clearance); apps/api/src/policy/pdp.service.ts,"No role-appropriate access modes (mobile/offline/large display, executive vs analyst views)",Volume 4 App A catalogues the same component; see v04.csv L10-C08 | passed:harness lacked a resolved test/CI pointer → unverified,v03.txt:page 45:L1633-L1640,branch+main,
L10-C09,V3,18 Executive Operating System,45,"Executive Search and Explanation Owns the executive search and explanation capability inside Executive Operating System, including contract validation, versioned behavior, operational evidence, and failure state.",V03-F011,executive-os,partial,unverified,branch-only,phase3,P6,apps/api/src/graph/search/search.service.ts; apps/api/src/executive/briefings/briefing.service.ts (why-it-matters narrative),No executive search across rooms/briefings/decisions and no explanation service,Volume 4 App A catalogues the same component; see v04.csv L10-C09 | release_status merged → branch-only from the evidence at 2e83945 | passed:harness lacked a resolved test/CI pointer → unverified,v03.txt:page 45:L1637-L1640,branch+main,
L1-I01,V3,9 World Observation Layer,26,RegisterSource Command Creates or versions a governed source contract after authorization and rights checks.,V03-F003,observation,implemented,passed:harness,merged,phase1,done,apps/api/src/observation/observation.controller.ts; apps/api/src/observation/sources/sources.service.ts; test/int/phase1-acceptance.test.ts,,Volume 4 App C assigns payload/protocol; see v04.csv L1-I01,v03.txt:page 26:L752-L779,main+test,
L1-I02,V3,9 World Observation Layer,26,"Acquire Command / stream Collects content or state under contract, purpose, rate, and residency constraints.",V03-F003,observation,partial,passed:harness,merged,phase1,P1,apps/api/src/observation/acquisition/orchestrator.service.ts; apps/api/src/observation/acquisition/lifecycle.service.ts; migrations/0022:322-347 (attempt key); test/int/phase1-fault-injection.test.ts:578,No stream form; residency constraint not evaluated at acquisition; rate limits per contract not enforced,Volume 4 App C assigns payload/protocol; see v04.csv L1-I02,v03.txt:page 26:L754-L779,main+test,
L1-I03,V3,9 World Observation Layer,26,ObservationRecorded Domain event Announces an immutable observation and evidence reference.,V03-F003,observation,partial,passed:harness,merged,phase1,P1,"apps/api/src/objects/outbox.publisher.ts:74-96; migrations/0015_outbox_hardening.sql; test/int/gate22-outbox-hardening.test.ts:49,63,88,114",Outbox publishes at-least-once but no consumer subscribes to domain-events (CODEX_CORRECTION_PASS.md:91); no event schema version,Volume 4 App C assigns payload/protocol; see v04.csv L1-I03,v03.txt:page 26:L756-L779,main+test,
L1-I04,V3,9 World Observation Layer,26,"SourceHealthChanged Domain event Reports freshness, completeness, authenticity, latency, or coverage state changes.",V03-F003,observation,partial,unverified,merged,phase1,P1,apps/api/src/observation/coverage/coverage.service.ts,Health/coverage state is queryable but no SourceHealthChanged domain event is emitted,Volume 4 App C assigns payload/protocol; see v04.csv L1-I04 | passed:harness lacked a resolved test/CI pointer → unverified,v03.txt:page 26:L758-L779,main,
L1-I05,V3,9 World Observation Layer,26,"CorrectionReceived Domain event Introduces source correction, withdrawal, or supersession without destroying prior history.",V03-F003,observation,implemented,passed:harness,merged,phase1,P1,"apps/api/src/observation/corrections/corrections.service.ts; migrations/0022:1528,1555; test/int/phase1-acceptance.test.ts:702-805",Correction event has no subscriber beyond synchronous impact recording,Volume 4 App C assigns payload/protocol; see v04.csv L1-I05,v03.txt:page 26:L760-L779,main+test,
L2-I01,V3,10 Intelligence Layer,28,TransformEvidence Command Runs a declared transformation plan against immutable evidence.,V03-F004,intelligence,implemented,passed:harness,merged,phase2,done,apps/api/src/intelligence/intelligence.controller.ts; apps/api/src/intelligence/extraction/orchestrator.service.ts:156-171; test/int/phase2-acceptance.test.ts:363,,Volume 4 App C assigns payload/protocol; see v04.csv L2-I01,v03.txt:page 28:L860-L888,main+test,
L2-I02,V3,10 Intelligence Layer,28,"IntelligenceObject Proposed Domain event Publishes a claim, event, entity, relationship, or assessment candidate with lineage.",V03-F004,intelligence,partial,unverified,merged,phase2,P2,apps/api/src/pipeline/pipeline.service.ts (governed write of claims); migrations/0023:286,Claims only; entity/relationship/event/assessment candidates not published; no event consumer,Volume 4 App C assigns payload/protocol; see v04.csv L2-I02 | passed:harness lacked a resolved test/CI pointer → unverified,v03.txt:page 28:L863-L888,main,
L2-I03,V3,10 Intelligence Layer,28,ContradictionDetected Domain event Links incompatible assertions without collapsing them into a single truth state.,V03-F004,intelligence,missing,unverified,none,omission,P2,,No ContradictionDetected event; contradiction detection absent,Volume 4 App C assigns payload/protocol; see v04.csv L2-I03,v03.txt:page 28:L865-L888,,
L2-I04,V3,10 Intelligence Layer,28,"ReviewRequested Workflow event Routes ambiguous, high-impact, low-confidence, or policy- sensitive output to accountable humans.",V03-F004,intelligence,implemented,passed:harness,merged,phase2,done,"apps/api/src/intelligence/review/review.service.ts; migrations/0023:329,347; test/int/phase2-acceptance.test.ts:427,518",,Volume 4 App C assigns payload/protocol; see v04.csv L2-I04,v03.txt:page 28:L867-L888,main+test,
L2-I05,V3,10 Intelligence Layer,28,"TransformationEvaluated Domain event Records quality, safety, cost, latency, and fitness for the producing version.",V03-F004,intelligence,missing,unverified,none,omission,P2,,"No transformation-evaluation record (quality, safety, cost, latency, fitness) per producing version; gateway_calls (0023:158) log invocations only",Volume 4 App C assigns payload/protocol; see v04.csv L2-I05,v03.txt:page 28:L869-L888,,
L3-I01,V3,11 Enterprise Memory,30,"CommitMemory Command Persists a governed object version with policy, provenance, classification, and temporal metadata.",V03-F005,memory-graph,implemented,passed:harness,merged,phase0,done,"apps/api/src/pipeline/pipeline.service.ts:329-337; apps/api/src/pipeline/http.ts:104-145 (EnvelopeGuard); apps/api/src/objects/objects.controller.ts; test/acceptance/acceptance.test.ts:482,492,503",,Volume 4 App C assigns payload/protocol; see v04.csv L3-I01,v03.txt:page 30:L955-L982,main+test,
L3-I02,V3,11 Enterprise Memory,30,RetrieveContext Query Returns policy-filtered memory and explanation links for an explicit purpose.,V03-F005,memory-graph,partial,passed:harness,merged,phase3,P3,apps/api/src/graph/search/search.service.ts; test/int/phase3-acceptance.test.ts:762-804,No declared purpose on retrieval; no explanation links returned,Volume 4 App C assigns payload/protocol; see v04.csv L3-I02,v03.txt:page 30:L957-L982,main+test,
L3-I03,V3,11 Enterprise Memory,30,MemoryCorrected Domain event Versions a correction and identifies affected downstream objects.,V03-F005,memory-graph,implemented,passed:harness,merged,phase3,done,"apps/api/src/objects/objects.service.ts:91-121; migrations/0024:1306 (graph.record_impact); test/int/phase3-corrections.test.ts:322,468",,"Affected-downstream identification is synchronous via record_impact, not an event",v03.txt:page 30:L959-L982,main+test,
L3-I04,V3,11 Enterprise Memory,30,"RetentionActionDue Domain event Initiates archive, review, legal hold, deletion, or customer export workflow.",V03-F005,memory-graph,missing,unverified,none,omission,P3,,No RetentionActionDue event or retention workflow,Volume 4 App C assigns payload/protocol; see v04.csv L3-I04,v03.txt:page 30:L961-L982,,
L3-I05,V3,11 Enterprise Memory,30,"DeletionVerified Audit event Proves scope, authorization, execution, and residual references for a deletion action.",V03-F005,memory-graph,partial,passed:harness,branch-only,phase6,P3,"apps/api/src/observation/vault/vault.service.ts:233; apps/api/src/observation/acquisition/lifecycle.service.ts:80,1074; test/int/phase6-scheduled-corrections.test.ts:222",Tombstone with audit evidence but no residual-reference scan or scope/authorisation proof object,Volume 4 App C assigns payload/protocol; see v04.csv L3-I05,v03.txt:page 30:L963-L982,branch+main+test,
L4-I01,V3,12 Knowledge Graph,32,"ResolveIdentity Command / query Returns or proposes canonical identity with evidence, confidence, and stewardship state.",V03-F005,memory-graph,implemented,passed:harness,merged,phase3,done,"apps/api/src/graph/entities/resolver.service.ts; apps/api/src/graph/graph.controller.ts; test/int/phase3-acceptance.test.ts:377,460,474",,Volume 4 App C assigns payload/protocol; see v04.csv L4-I01,v03.txt:page 32:L1055-L1072,main+test,
L4-I02,V3,12 Knowledge Graph,32,"CommitGraphRevision Command Applies an atomic, validated node, edge, ontology, and provenance change set.",V03-F005,memory-graph,partial,unverified,merged,phase3,P3,apps/api/src/graph/edges/edges.service.ts; migrations/0025:137,Edges commit individually; no atomic multi-object Graph Revision (GRV) or ontology change set,Volume 4 App C assigns payload/protocol; see v04.csv L4-I02 | passed:harness lacked a resolved test/CI pointer → unverified,v03.txt:page 32:L1057-L1072,main,
L4-I03,V3,12 Knowledge Graph,32,"GraphChanged Domain event Publishes affected identities, relationships, temporal scopes, and downstream subscriptions.",V03-F005,memory-graph,partial,unverified,merged,phase3,P3,"migrations/0024:519,1306; apps/api/src/graph/strategy/impact.service.ts:401-527",Affected identities recorded synchronously; no published GraphChanged event with subscriptions,Volume 4 App C assigns payload/protocol; see v04.csv L4-I03 | passed:harness lacked a resolved test/CI pointer → unverified,v03.txt:page 32:L1059-L1072,main,
L4-I04,V3,12 Knowledge Graph,32,"TraverseContext Query Returns policy-filtered paths with provenance, time, truth state, and confidence.",V03-F005,memory-graph,implemented,passed:harness,merged,phase3,done,"apps/api/src/graph/graph.controller.ts:48-58,417,500,561; test/int/phase3-acceptance.test.ts:657,692,730; test/unit/codex-corrections.test.ts:395",,Volume 4 App C assigns payload/protocol; see v04.csv L4-I04,v03.txt:page 32:L1061-L1072,main+test,
L4-I05,V3,12 Knowledge Graph,32,"OntologyChange Proposed Workflow event Initiates compatibility, migration, domain, and governance review.",V03-F005,memory-graph,missing,unverified,none,omission,P3,,No ontology registry or change workflow,Volume 4 App C assigns payload/protocol; see v04.csv L4-I05,v03.txt:page 32:L1064-L1072,,
L5-I01,V3,13 Digital Twins,35,"CreateTwinDefinition Command Declares boundary, identity, evidence, behaviors, owners, validation, and limitations.",V03-F006,twin-simulation,implemented,passed:harness,branch-only,phase5,done,apps/api/src/twin/twins/twin.service.ts; migrations/0032:99-126; test/int/phase5-twins.test.ts:109-287,,Volume 4 App C assigns payload/protocol; see v04.csv L5-I01,v03.txt:page 35:L1155-L1182,branch+test,
L5-I02,V3,13 Digital Twins,35,ReconcileTwin Command Produces a new observed-state snapshot from evidence and graph revisions.,V03-F006,twin-simulation,implemented,passed:harness,branch-only,phase5,P5,"migrations/0034:23,135-205; migrations/0035:446,555; test/int/phase5-propagation.test.ts:92,133",Reconciliation triggered by graph/evidence corrections; no scheduled reconciliation,Volume 4 App C assigns payload/protocol; see v04.csv L5-I02,v03.txt:page 35:L1157-L1182,branch+test,
L5-I03,V3,13 Digital Twins,35,BranchTwin Command Creates an isolated synthetic branch for scenario or simulation use.,V03-F006,twin-simulation,implemented,passed:harness,branch-only,phase5,done,apps/api/src/twin/twins/twin.service.ts (branches/forks); migrations/0032:163; test/int/phase5-twins.test.ts,,Volume 4 App C assigns payload/protocol; see v04.csv L5-I03,v03.txt:page 35:L1159-L1182,branch+test,
L5-I04,V3,13 Digital Twins,35,"TwinStateChanged Domain event Publishes version, changed variables, confidence, freshness, and dependency impacts.",V03-F006,twin-simulation,partial,unverified,branch-only,phase5,P5,"migrations/0035:446,555 (propagation to dependants)",Synchronous propagation; no TwinStateChanged event with changed variables/confidence/freshness,Volume 4 App C assigns payload/protocol; see v04.csv L5-I04 | passed:harness lacked a resolved test/CI pointer → unverified,v03.txt:page 35:L1161-L1182,branch,
L5-I05,V3,13 Digital Twins,35,ValidateTwin Command / event Evaluates state and model fitness inside the declared operating envelope.,V03-F006,twin-simulation,partial,unverified,branch-only,phase5,P5,migrations/0032:229 (health),No model-fitness validation inside a declared operating envelope,Volume 4 App C assigns payload/protocol; see v04.csv L5-I05 | passed:harness lacked a resolved test/CI pointer → unverified,v03.txt:page 35:L1163-L1182,branch,
L6-I01,V3,14 Prediction Engine,37,"RequestForecast Command Creates or refreshes a forecast under a declared objective, target, horizon, context, and policy.",V03-F007,prediction,implemented,passed:harness,branch-only,phase4,done,apps/api/src/prediction/prediction.controller.ts; apps/api/src/prediction/forecasting/forecasting.service.ts:213-228; test/int/phase4-acceptance.test.ts:487,,Volume 4 App C assigns payload/protocol; see v04.csv L6-I01,v03.txt:page 37:L1248-L1275,branch+test,
L6-I02,V3,14 Prediction Engine,37,"ForecastProduced Domain event Publishes distribution, confidence, calibration, drivers, lineage, and expiry.",V03-F007,prediction,partial,unverified,branch-only,phase4,P4,migrations/0029:75 (forecast_events); apps/api/src/prediction/forecasting/forecasting.service.ts:213-228,Package published to store; no domain event consumed by scenarios/warnings,Volume 4 App C assigns payload/protocol; see v04.csv L6-I02 | passed:harness lacked a resolved test/CI pointer → unverified,v03.txt:page 37:L1250-L1275,branch,
L6-I03,V3,14 Prediction Engine,37,"ForecastFitnessChanged Domain event Signals drift, calibration failure, data shift, or operating- envelope breach.",V03-F007,prediction,partial,unverified,branch-only,phase4,P4,"apps/api/src/prediction/forecasting/forecasting.service.ts:115,120,125,180-183 (refusals, validation_impossible)",No drift/calibration-failure signal after issuance,Volume 4 App C assigns payload/protocol; see v04.csv L6-I03 | passed:harness lacked a resolved test/CI pointer → unverified,v03.txt:page 37:L1252-L1275,branch,
L6-I04,V3,14 Prediction Engine,37,BacktestForecast Command Evaluates historical versions without contaminating prior decision context.,V03-F007,prediction,implemented,passed:harness,branch-only,phase4,done,"apps/api/src/prediction/forecasting/forecasting.service.ts:66,276; migrations/0030:25,31-33; test/int/phase4-corrections-historical.test.ts",,Volume 4 App C assigns payload/protocol; see v04.csv L6-I04,v03.txt:page 37:L1254-L1275,branch+test,
L6-I05,V3,14 Prediction Engine,37,"ForecastWithdrawn Domain event Marks a version unfit and propagates impact to scenarios, warnings, simulations, and decisions.",V03-F007,prediction,partial,unverified,branch-only,phase4,P4,migrations/0029 ~475-520 (attention_state on correction); migrations/0036:81-102 (scenario as-of binding),Withdrawal marks attention_state only; impact not propagated to warnings/simulations/decisions as an event,Volume 4 App C assigns payload/protocol; see v04.csv L6-I05 | passed:harness lacked a resolved test/CI pointer → unverified,v03.txt:page 37:L1256-L1275,branch,
L7-I01,V3,15 Scenario Intelligence,39,"CreateScenario Command Declares baseline, branch logic, assumptions, drivers, owners, indicators, and review policy.",V03-F008,prediction,implemented,passed:harness,branch-only,phase4,done,apps/api/src/prediction/scenarios/scenarios.service.ts; migrations/0029:238-257; test/int/phase4-acceptance.test.ts:573,,Volume 4 App C assigns payload/protocol; see v04.csv L7-I01,v03.txt:page 39:L1346-L1374,branch+test,
L7-I02,V3,15 Scenario Intelligence,39,"BranchScenario Command Creates a versioned upside, downside, disruption, or user- defined alternative.",V03-F008,prediction,partial,unverified,branch-only,phase4,P4,"migrations/0029:321-353 (branches_current, three kinds)",No disruption or user-defined branch kinds,Volume 4 App C assigns payload/protocol; see v04.csv L7-I02 | passed:harness lacked a resolved test/CI pointer → unverified,v03.txt:page 39:L1348-L1374,branch,
L7-I03,V3,15 Scenario Intelligence,39,ScenarioIndicator Changed Domain event Updates branch relevance when a monitored signpost moves.,V03-F008,prediction,implemented,passed:harness,branch-only,phase4,done,"apps/api/src/prediction/scenarios/scenarios.service.ts:181-230,219-226 (owedFlips); migrations/0037; test/int/phase5-corrections.test.ts:256,288",,Volume 4 App C assigns payload/protocol; see v04.csv L7-I03,v03.txt:page 39:L1351-L1374,branch+test,
L7-I04,V3,15 Scenario Intelligence,39,"ScenarioCoherence Failed Domain event Identifies internal inconsistency, invalid assumption, or incompatible dependency.",V03-F008,prediction,partial,passed:harness,branch-only,phase4,P4,"apps/api/src/prediction/scenarios/scenarios.service.ts:61,66; test/unit/phase5-refusals.test.ts:57",Structural refusal only; no coherence-failure event covering assumptions/dependencies,Volume 4 App C assigns payload/protocol; see v04.csv L7-I04,v03.txt:page 39:L1353-L1374,branch+test,
L7-I05,V3,15 Scenario Intelligence,39,"ScenarioReviewed Workflow event Records human review, dissent, continuation, retirement, or promotion to simulation.",V03-F008,prediction,missing,unverified,none,omission,P4,,"No scenario review workflow event (dissent, continuation, retirement, promotion to simulation)",Volume 4 App C assigns payload/protocol; see v04.csv L7-I05,v03.txt:page 39:L1355-L1374,,
L8-I01,V3,16 Simulation Engine,41,"SubmitExperiment Command Validates declared state, versions, constraints, budgets, policy, and expected outputs.",V03-F009,twin-simulation,implemented,passed:harness,branch-only,phase5,done,"apps/api/src/twin/simulations/simulation.service.ts:312-352; migrations/0036:23,57; test/int/phase5-simulations.test.ts:81",,Volume 4 App C assigns payload/protocol; see v04.csv L8-I01,v03.txt:page 41:L1439-L1466,branch+test,
L8-I02,V3,16 Simulation Engine,41,"SimulationStarted Domain event Records resolved artifacts, execution identity, environment, seed, and run state.",V03-F009,twin-simulation,partial,unverified,branch-only,phase5,P5,migrations/0033:30-107 (run_events),Run records exist; no SimulationStarted domain event or environment capture beyond digest,Volume 4 App C assigns payload/protocol; see v04.csv L8-I02 | passed:harness lacked a resolved test/CI pointer → unverified,v03.txt:page 41:L1441-L1466,branch,
L8-I03,V3,16 Simulation Engine,41,"SimulationCompleted Domain event Publishes outputs, impacts, uncertainty, sensitivity, validation, and resource evidence.",V03-F009,twin-simulation,partial,unverified,branch-only,phase5,P5,migrations/0033:47-107; apps/api/src/twin/simulations/simulation.service.ts:147-188,Outputs and sensitivity stored; no resource evidence or consumed domain event,Volume 4 App C assigns payload/protocol; see v04.csv L8-I03 | passed:harness lacked a resolved test/CI pointer → unverified,v03.txt:page 41:L1443-L1466,branch,
L8-I04,V3,16 Simulation Engine,41,"ChallengeSimulation Workflow command Re-runs or disputes assumptions, models, constraints, and interpretation.",V03-F009,twin-simulation,partial,unverified,branch-only,phase5,P5,"apps/api/src/twin/simulations/reproduce-worker.ts; migrations/0033:131,148",Reproduction re-run only; no dispute/challenge of assumptions or interpretation as a workflow,Volume 4 App C assigns payload/protocol; see v04.csv L8-I04 | passed:harness lacked a resolved test/CI pointer → unverified,v03.txt:page 41:L1445-L1466,branch,
L8-I05,V3,16 Simulation Engine,41,SimulationInvalidated Domain event Marks results unfit and identifies dependent decision packages.,V03-F009,twin-simulation,partial,passed:harness,branch-only,phase5,P5,"migrations/0041:222 (dop_simulated_cites_run); test/int/phase5-corrections.test.ts:372,388,397",Dependent decision packages are linked but not marked when a run is invalidated,Volume 4 App C assigns payload/protocol; see v04.csv L8-I05,v03.txt:page 41:L1447-L1466,branch+test,
L9-I01,V3,17 Decision Intelligence,43,"OpenDecision Command Declares question, accountable authority, scope, objectives, options, stakeholders, and required evidence.",V03-F010,decision,implemented,passed:harness,branch-only,phase6,done,apps/api/src/decision/decision.controller.ts; apps/api/src/decision/packages/package.service.ts; migrations/0041:65; test/int/phase6-decisions.test.ts:111,,Volume 4 App C assigns payload/protocol; see v04.csv L9-I01,v03.txt:page 43:L1545-L1561,branch+test,
L9-I02,V3,17 Decision Intelligence,43,"DecisionPackageReady Domain event Publishes a complete reviewable package with uncertainty, alternatives, dissent, and provenance.",V03-F010,decision,implemented,passed:harness,branch-only,phase6,done,"migrations/0041:555 (propose_version completeness gate); test/int/phase6-decisions.test.ts:225,268",,Volume 4 App C assigns payload/protocol; see v04.csv L9-I02,v03.txt:page 43:L1547-L1561,branch+test,
L9-I03,V3,17 Decision Intelligence,43,"ApproveDecision Human command Records authenticated approval, rationale, obligations, overrides, and commitment state.",V03-F010,decision,implemented,passed:harness,branch-only,phase6,P6,"migrations/0042:164 (record_approval), :186,:190; test/int/phase6-approvals.test.ts:45-208",Conditions recorded but not evaluated; overrides not a distinct record,Volume 4 App C assigns payload/protocol; see v04.csv L9-I03,v03.txt:page 43:L1549-L1561,branch+test,
L9-I04,V3,17 Decision Intelligence,43,"DecisionCommitted Domain event Activates commitments, execution handoff, monitoring conditions, and replay snapshot.",V03-F010,decision,implemented,passed:harness,branch-only,phase6,done,"migrations/0043:33 (commit_package), :178 (replay_layers); migrations/0045:74 (evaluate_conditions); test/int/phase6-approvals.test.ts:141,154; test/int/phase6-replay.test.ts:76",,Volume 4 App C assigns payload/protocol; see v04.csv L9-I04,v03.txt:page 43:L1551-L1561,branch+test,
L9-I05,V3,17 Decision Intelligence,43,"DecisionReopened Workflow event Re-enters the decision lifecycle when evidence, assumptions, policy, or monitoring conditions change.",V03-F010,decision,partial,unverified,branch-only,phase6,P6,migrations/0042:186 (stale-context approval block); migrations/0043:103 (post-commit revocation history); migrations/0045:21 (condition_breaches),No reopen transition: breaches and stale context are recorded but the package is not re-entered into the lifecycle,Volume 4 App C assigns payload/protocol; see v04.csv L9-I05 | passed:harness lacked a resolved test/CI pointer → unverified,v03.txt:page 43:L1553-L1561,branch,
L10-I01,V3,18 Executive Operating System,46,"PublishBriefing Command Creates a live briefing bound to evidence, changes, objectives, decisions, and audience policy.",V03-F011,executive-os,implemented,passed:harness,branch-only,phase6,done,apps/api/src/executive/briefings/briefing.service.ts; migrations/0044:81; test/int/phase6-briefings.test.ts:38-168,,Volume 4 App C assigns payload/protocol; see v04.csv L10-I01,v03.txt:page 46:L1645-L1673,branch+test,
L10-I02,V3,18 Executive Operating System,46,"MaterialChangeRaised Domain event Routes change to accountable roles based on consequence, confidence, urgency, and attention policy.",V03-F011,executive-os,missing,unverified,none,omission,P6,,No MaterialChangeRaised routing (no attention policy or notification),Volume 4 App C assigns payload/protocol; see v04.csv L10-I02,v03.txt:page 46:L1647-L1673,,
L10-I03,V3,18 Executive Operating System,46,"ReviewConvened Workflow event Opens a governed review around a declared objective, decision, scenario, commitment, or outcome.",V03-F011,executive-os,implemented,passed:harness,branch-only,phase6,done,apps/api/src/executive/rooms/room.service.ts:24-38; migrations/0044:61 (room_events); test/int/phase6-briefings.test.ts,,Volume 4 App C assigns payload/protocol; see v04.csv L10-I03,v03.txt:page 46:L1649-L1673,branch+test,
L10-I04,V3,18 Executive Operating System,46,"ExecutiveAction Requested Human command Requests analysis, scenario, simulation, decision, delegation, suppression, or follow-up.",V03-F011,executive-os,partial,passed:harness,branch-only,phase6,P6,apps/api/src/executive/executive.controller.ts; apps/api/src/executive/agents/agents.service.ts; migrations/0046:16 (agent_runs); test/int/phase6-agents.test.ts:52-224,"Analysis requests run the three fixed agents; no delegation, suppression or follow-up request types",Volume 4 App C assigns payload/protocol; see v04.csv L10-I04,v03.txt:page 46:L1652-L1673,branch+test,
L10-I05,V3,18 Executive Operating System,46,"AttentionPolicyChanged Governance event Versions materiality, escalation, suppression, and notification rules.",V03-F011,executive-os,missing,unverified,none,omission,P6,,No attention/materiality policy object to version,Volume 4 App C assigns payload/protocol; see v04.csv L10-I05,v03.txt:page 46:L1654-L1673,,
SRC,V3,7 Canonical Intelligence Object Model / App B,109,"SRC Source Contract Observation Authority, rights, purpose, schema, latency, quality, authenticity, correction behavior, and ownership for a source.",V03-F003,observation,implemented,passed:harness,branch-only,phase1,P1,migrations/0022:743-1003; migrations/0028:20+; apps/api/src/observation/sources/source-contract.ts:242; test/int/phase1-acceptance.test.ts,Credential binding and authenticity fields unrealised,Object code from Appendix B (Chapter 7 lists the first twelve) | release_status merged → branch-only from the evidence at 2e83945,v03.txt:page 109:L4004-L4054,branch+main+test,
OBS,V3,7 Canonical Intelligence Object Model / App B,109,OBS Observation Record Observation An immutable record that a source produced content or state at a specific observation time.,V03-F003,observation,implemented,passed:harness,merged,phase1,done,migrations/0022 (observations/attempts :322-347); apps/api/src/observation/acquisition/lifecycle.service.ts; test/int/phase1-acceptance.test.ts,,Object code from Appendix B (Chapter 7 lists the first twelve),v03.txt:page 109:L4006-L4054,main+test,
EVD,V3,7 Canonical Intelligence Object Model / App B,109,"EVD Evidence Object Observation / Intelligence Preserved source material plus chain of custody, transformations, classification, quality, and coverage context.",V03-F003,observation,implemented,passed:harness,merged,phase1,P1,"migrations/0022:360-415 (blob_manifests, custody); apps/api/src/observation/vault/evidence.service.ts; test/int/phase1-acceptance.test.ts",Coverage context and transformation list on the object are partial; retention state not enforced,Object code from Appendix B (Chapter 7 lists the first twelve),v03.txt:page 109:L4009-L4054,main+test,
CLM,V3,7 Canonical Intelligence Object Model / App B,109,"CLM Claim Intelligence A source-attributed assertion with truth state, confidence, temporal scope, and supporting or contradicting evidence.",V03-F004,intelligence,implemented,passed:harness,merged,phase2,P2,"migrations/0023:286-323 (claim_lineage); apps/api/src/intelligence/extraction/extraction.service.ts:339; packages/contracts/src/truth-state.ts; test/int/phase2-acceptance.test.ts:363,478",contradiction_refs/corroboration_refs always empty,Object code from Appendix B (Chapter 7 lists the first twelve),v03.txt:page 109:L4012-L4054,main+test,
EVT,V3,7 Canonical Intelligence Object Model / App B,109,"EVT Event Intelligence A temporally scoped occurrence connected to actors, locations, assets, mechanisms, and evidence.",V03-F004,intelligence,missing,unverified,none,omission,P2,,No Event object family (temporally scoped occurrence with actors/locations/assets),Object code from Appendix B (Chapter 7 lists the first twelve),v03.txt:page 109:L4014-L4054,,
ENT,V3,7 Canonical Intelligence Object Model / App B,109,"ENT Entity Knowledge Graph A governed identity representing a company, country, person, product, technology, market, asset, objective, or other canonical thing.",V03-F005,memory-graph,implemented,passed:harness,merged,phase3,done,"migrations/0024:109-190 (entity_events, entities_current, identifiers); apps/api/src/graph/entities/entities.service.ts; test/int/phase3-acceptance.test.ts:377",,Object code from Appendix B (Chapter 7 lists the first twelve),v03.txt:page 109:L4017-L4054,main+test,
REL,V3,7 Canonical Intelligence Object Model / App B,109,"REL Relationship Knowledge Graph A typed, temporal, provenance-bearing connection between governed entities or intelligence objects.",V03-F005,memory-graph,implemented,passed:harness,merged,phase3,done,"migrations/0024:385-403 (edges with valid/system time, provenance); apps/api/src/graph/edges/edges.service.ts; test/int/phase3-acceptance.test.ts:503,839",,Object code from Appendix B (Chapter 7 lists the first twelve),v03.txt:page 109:L4020-L4054,main+test,
ASM,V3,7 Canonical Intelligence Object Model / App B,109,"ASM Assessment Intelligence A versioned analytical judgment that separates evidence, method, uncertainty, dissent, and accountable author.",V03-F004,intelligence,missing,unverified,none,omission,P2,,"No Assessment object (versioned human analytical judgment with method, dissent, accountable author); review decisions (0023:329) are not assessments",Object code from Appendix B (Chapter 7 lists the first twelve),v03.txt:page 109:L4022-L4054,,
MEM,V3,7 Canonical Intelligence Object Model / App B,109,"MEM Memory Entry Enterprise Memory A durable, permission-aware, versioned organizational record with retention and correction semantics.",V03-F005,memory-graph,partial,unverified,merged,phase0,P3,migrations/0006_objects.sql (canonical object header/versions); apps/api/src/objects/objects.service.ts,Canonical objects are versioned and permission-aware but carry no retention semantics (retention_profile unenforced),Object code from Appendix B (Chapter 7 lists the first twelve) | passed:harness lacked a resolved test/CI pointer → unverified,v03.txt:page 109:L4024-L4054,main,
GRV,V3,7 Canonical Intelligence Object Model / App B,109,"GRV Graph Revision Knowledge Graph An atomic, validated set of node, edge, ontology, provenance, and temporal changes.",V03-F005,memory-graph,missing,unverified,none,omission,P3,,No atomic Graph Revision object; edges/entities commit individually,Object code from Appendix B (Chapter 7 lists the first twelve),v03.txt:page 109:L4026-L4054,,
OBJ,V3,7 Canonical Intelligence Object Model / App B,109,"OBJ Objective Strategy Graph A governed strategic intent with owner, horizon, measures, constraints, dependencies, and review cadence.",V03-F005,memory-graph,implemented,passed:harness,merged,phase3,P3,migrations/0024:458-508 (strategy_current OBJ); apps/api/src/graph/strategy/strategy.service.ts; apps/web/app/graph/strategy; test/int/phase3-acceptance.test.ts:902,"Horizon, measures, constraints and review cadence fields not modelled on OBJ",Object code from Appendix B (Chapter 7 lists the first twelve),v03.txt:page 109:L4028-L4054,main+test,
RSK,V3,7 Canonical Intelligence Object Model / App B,109,"RSK Risk / Opportunity Strategy Graph A symmetric strategic exposure connected to drivers, affected objectives, scenarios, responses, and owners.",V03-F005,memory-graph,missing,unverified,none,omission,P4,,"No Risk/Opportunity object in the Strategy Graph (only OBJ|ASU|DEC|CMT|OUT, migrations/0024:483)",Object code from Appendix B (Chapter 7 lists the first twelve),v03.txt:page 109:L4030-L4054,,
TWN,V3,7 Canonical Intelligence Object Model / App B,109,"TWN Twin Snapshot Digital Twins A versioned state of a declared system boundary, grounded in evidence, graph identity, models, assumptions, and validity.",V03-F006,twin-simulation,implemented,passed:harness,branch-only,phase5,done,"migrations/0032:126-221 (twin_versions, state_elements); apps/api/src/twin/twins/twin.service.ts; test/int/phase5-twins.test.ts",,Object code from Appendix B (Chapter 7 lists the first twelve),v03.txt:page 109:L4032-L4054,branch+test,
FCT,V3,7 Canonical Intelligence Object Model / App B,109,"FCT Forecast Package Prediction A horizon-specific probability distribution with drivers, calibration, sensitivity, model lineage, and failure conditions.",V03-F007,prediction,implemented,passed:harness,branch-only,phase4,P4,"migrations/0029:102-149; apps/api/src/prediction/forecasting/forecasting.service.ts:213-228; test/int/phase4-acceptance.test.ts:487,505",No per-forecast calibration record; single driver; failure conditions limited to refusal states,Object code from Appendix B (Chapter 7 lists the first twelve),v03.txt:page 109:L4034-L4054,branch+test,
SCN,V3,7 Canonical Intelligence Object Model / App B,109,"SCN Scenario Branch Scenario A coherent future branch with baseline, assumptions, actors, drivers, indicators, interventions, impacts, and review state.",V03-F008,prediction,implemented,passed:harness,branch-only,phase4,P4,migrations/0029:238-353; apps/api/src/prediction/scenarios/scenarios.service.ts; test/int/phase4-acceptance.test.ts:573,No actors/drivers/interventions/impacts on the branch object,Object code from Appendix B (Chapter 7 lists the first twelve),v03.txt:page 109:L4036-L4054,branch+test,
SIM,V3,7 Canonical Intelligence Object Model / App B,109,"SIM Simulation Run Simulation A reproducible experiment with initial state, model and twin versions, constraints, seeds, interventions, outputs, and sensitivity.",V03-F009,twin-simulation,implemented,passed:harness,branch-only,phase5,done,migrations/0033:47-148; apps/api/src/twin/simulations/simulation.service.ts; test/int/phase5-simulations.test.ts:81-225,,Object code from Appendix B (Chapter 7 lists the first twelve),v03.txt:page 109:L4038-L4054,branch+test,
DEC,V3,7 Canonical Intelligence Object Model / App B,109,"DEC Decision Package Decision A complete choice environment containing objectives, options, evidence, forecasts, scenarios, simulations, uncertainty, dissent, approvals, and monitoring.",V03-F010,decision,implemented,passed:harness,branch-only,phase6,P6,migrations/0041:65-242; apps/api/src/decision/packages/package.service.ts; test/int/phase6-decisions.test.ts,Forecast/scenario binding and evaluated constraints missing from the package,Object code from Appendix B (Chapter 7 lists the first twelve),v03.txt:page 109:L4041-L4054,branch+test,
CMT,V3,7 Canonical Intelligence Object Model / App B,109,"CMT Commitment Decision / Executive An approved institutional promise with owner, resources, obligations, execution state, indicators, review dates, and closure criteria.",V03-F010,decision,implemented,passed:harness,branch-only,phase6,P6,"migrations/0043:33 (commit_package); migrations/0024:483 (CMT strategy object); test/int/phase6-approvals.test.ts:141,154","Resources, milestones, execution state and closure criteria not modelled",Object code from Appendix B (Chapter 7 lists the first twelve),v03.txt:page 109:L4044-L4054,branch+main+test,
OUT,V3,7 Canonical Intelligence Object Model / App B,109,"OUT Outcome Record Executive / Learning Observed consequences of an approved decision, linked to actions, context, later evidence, and evaluation.",V03-F011,executive-os,implemented,passed:harness,branch-only,phase6,done,migrations/0045:42 (decision.outcomes); migrations/0050 §1 (record_outcome); migrations/0024:483 (OUT); test/int/phase6-monitoring.test.ts,,Object code from Appendix B (Chapter 7 lists the first twelve),v03.txt:page 109:L4046-L4054,branch+main+test,
LES,V3,7 Canonical Intelligence Object Model / App B,109,"LES Lesson Proposal Learning A proposed, evidence-backed change to institutional memory, model, policy, workflow, ontology, or practice pending governance.",V03-F014,learning-evaluation,missing,unverified,none,phase7,P7-B,,"No Lesson Proposal object; close_package (0045:221) stores lessons as free text (""Nothing learns."", agents.service.ts:14)",Object code from Appendix B (Chapter 7 lists the first twelve),v03.txt:page 109:L4048-L4054,,
WRN,V3,7 Canonical Intelligence Object Model / App B,109,"WRN Warning Product Proactive Intelligence A deduplicated, prioritized alert with evidence, confidence, consequence, response window, owner, and closure criteria.",V03-F011,prediction,implemented,passed:harness,branch-only,phase4,P4,"migrations/0029:353-401 (warning_events, warnings_current); apps/api/src/prediction/scenarios/scenarios.service.ts:269-278; migrations/0031:168-196 (expiry); apps/web/app/prediction/warnings; test/int/phase4-acceptance.test.ts:573,628","No deduplication key, severity, escalation chain or suppression; closure criteria absent",Object code from Appendix B (Chapter 7 lists the first twelve),v03.txt:page 109:L4050-L4054,branch+test,
AGX,V3,7 Canonical Intelligence Object Model / App B,109,"AGX Agent Execution Agent System A bounded execution trace with agent identity, owner, purpose, plan, tools, data scope, budgets, outputs, evaluation, and stop state.",V03-F013,agents,implemented,passed:harness,branch-only,phase6,P7-A,"migrations/0046:16 (executive.agent_runs), :47 (close_once); migrations/0049:487 (register_agent); apps/api/src/executive/agents/agents.service.ts:76 (Meter); apps/api/src/observation/agents/agents.service.ts; test/int/phase6-agents.test.ts:52-224","No plan, tool list, data scope or stop-state fields; budgets metered but not enforced as hard limits with escalation",Object code from Appendix B (Chapter 7 lists the first twelve),v03.txt:page 109:L4052-L4054,branch+main+test,
POL,V3,7 Canonical Intelligence Object Model / App B,110,"POL Policy Decision Control Plane A recorded authorization, obligation, denial, exception, or purpose decision bound to identity, object, action, and time.",V03-F012,identity-policy,implemented,passed:harness,branch-only,phase0,P7-D,apps/api/src/policy/pdp.service.ts:14-49 (allow/deny/indeterminate/allow_with_obligations); migrations (policy schema); test/unit/pdp.test.ts; test/unit/pdp-phase6-authority.test.ts; test/int/gate22-authority-matrix.test.ts,Policy decisions are not persisted as versioned objects bound to the action for replay (recorded only via audit entries),Object code from Appendix B (Chapter 7 lists the first twelve) | release_status merged → branch-only from the evidence at 2e83945,v03.txt:page 110:L4058-L4071,branch+main+test,
AUD,V3,7 Canonical Intelligence Object Model / App B,110,"AUD Audit Evidence Control Plane Tamper-evident proof of material access, transformation, model or agent action, approval, decision, release, correction, or export.",V03-F012,identity-policy,implemented,passed:harness,merged,phase0,done,"apps/api/src/audit/audit.service.ts; packages/contracts/src/audit.ts:59-79 (JCS hash chain); migrations/0005; test/int/audit-chain.test.ts:117,180; test/int/gate22-audit-verify.test.ts; test/int/gate22-verifier-seal.test.ts",,Object code from Appendix B (Chapter 7 lists the first twelve),v03.txt:page 110:L4060-L4071,main+test,
ADR-0001,V3,App G Architecture Decision Baseline,121,Canonical ten-layer architecture Accepted The ten named layers are the product structure; control planes support but do not replace them. C-008,V03-F001,governance-docs,partial,unverified,merged,phase6,P6,.dependency-cruiser.cjs (module boundaries); DECISIONS.md ADR-P0-02,Enterprise Memory (L3) has no dedicated module (objects + search); control planes partially realised,"Controls chapter 4; no ADR files in repo (DECISIONS.md holds project ADR-P0-* only) | UNRESOLVED pointer(s) at 2e83945: apps/api/src/{observation,intelligence,graph,twin,prediction,decision,executive} | release_status branch-only → merged from the evidence at 2e83945 | passed:harness lacked a resolved test/CI pointer → unverified",v03.txt:page 121:L4799-L4861,main,
ADR-0002,V3,App G Architecture Decision Baseline,121,Knowledge Graph centrality Accepted Shared semantic identity and relationships are governed through the Knowledge Graph. C-009,V03-F005,memory-graph,implemented,passed:harness,branch-only,phase3,P3,migrations/0024; apps/api/src/graph/**; test/int/phase3-acceptance.test.ts,Ontology governance absent,Controls chapter 12; no ADR files in repo (DECISIONS.md holds project ADR-P0-* only) | release_status merged → branch-only from the evidence at 73813c2,v03.txt:page 121:L4802-L4861,branch+main+test,
ADR-0003,V3,App G Architecture Decision Baseline,121,"Canonical intelligence object header Accepted All material objects carry identity, version, time, truth, provenance, control, quality, and operational correlation. C-010–C-012",V03-F002,data-platform,implemented,passed:harness,merged,phase0,P3,"packages/contracts/src/header.ts:21-175 (43-field CanonicalHeader); migrations/0006:7,67-77; test/acceptance/acceptance.test.ts",Generic writer nulls confidence/uncertainty/provenance_ref/quality/ontology_ref (objects.service.ts:260-278),Controls chapter 7; no ADR files in repo (DECISIONS.md holds project ADR-P0-* only),v03.txt:page 121:L4805-L4861,main+test,
ADR-0004,V3,App G Architecture Decision Baseline,121,Bitemporal system record Accepted Valid and system time are preserved alongside event and observation time. C-011,V03-F012,data-platform,implemented,passed:harness,merged,phase0,done,"migrations/0006:28,84; apps/api/src/objects/objects.service.ts:141-156; apps/api/src/graph/edges/edges.service.ts:61-66; test/int/phase1-acceptance.test.ts:290,328; test/int/phase3-acceptance.test.ts:839,850",,Controls chapter 20; no ADR files in repo (DECISIONS.md holds project ADR-P0-* only),v03.txt:page 121:L4808-L4861,main+test,
ADR-0005,V3,App G Architecture Decision Baseline,121,"Immutable version history Accepted Corrections create new versions and propagation events; historical state is not overwritten. C-011, C-025",V03-F012,data-platform,implemented,passed:harness,branch-only,phase1,done,apps/api/src/objects/objects.service.ts:91-121; migrations/0026:27-56; migrations/0041:137 (immutability trigger); test/int/phase1-acceptance.test.ts:702-805; test/int/phase3-corrections.test.ts,,Controls chapter 20; no ADR files in repo (DECISIONS.md holds project ADR-P0-* only) | release_status merged → branch-only from the evidence at 2e83945,v03.txt:page 121:L4811-L4861,branch+main+test,
ADR-0006,V3,App G Architecture Decision Baseline,121,"Customer Intelligence Domain Accepted Customer evidence, knowledge, models, agents, policies, decisions, and audit are isolated by a stable domain boundary. C-037, C-039",V03-F001,identity-policy,implemented,passed:harness,merged,phase0,P7-D,apps/api/src/tenancy/tenancy.service.ts; apps/api/src/shared/scope.ts; RLS in migrations; test/int/domain-isolation.test.ts; test/acceptance/acceptance.test.ts:781,Domain isolation is logical (RLS) only; no cell/account/network isolation options,Controls chapter 6; no ADR files in repo (DECISIONS.md holds project ADR-P0-* only),,main+test,
ADR-0007,V3,App G Architecture Decision Baseline,121,Human final authority Accepted Decision Intelligence may recommend and prepare; a named human makes final high-impact decisions. C-004,V03-F010,decision,implemented,passed:harness,branch-only,phase6,done,"migrations/0042:164 (record_approval), 0043:33 (commit_package requires human approval, committer != approver); test/int/phase6-approvals.test.ts; test/unit/pdp-phase6-authority.test.ts",,Controls chapter 17; no ADR files in repo (DECISIONS.md holds project ADR-P0-* only),v03.txt:page 121:L4819-L4861,branch+test,
ADR-0008,V3,App G Architecture Decision Baseline,121,"Durable workflow and human gates Accepted Consequential state transitions use durable workflows with explicit roles, evidence, approval, retry, and audit. C-004, C-029",V03-F010,decision,partial,unverified,branch-only,phase6,P7-A,"migrations/0041 (package state machine), 0042 (approvals), 0046:178 (executive.workflow_of read-only projection); BullMQ workers","No durable workflow runtime (instances, timers, retries, compensation, migration); state machines are per-aggregate DB tables",Controls chapter 25; no ADR files in repo (DECISIONS.md holds project ADR-P0-* only) | passed:harness lacked a resolved test/CI pointer → unverified,v03.txt:page 121:L4822-L4861,branch,
ADR-0009,V3,App G Architecture Decision Baseline,121,"Bounded agent execution Accepted Agents operate through capability grants, supervision, budgets, evaluation, and stop conditions. C-028, C-029",V03-F013,agents,partial,passed:harness,branch-only,phase6,P7-A,"migrations/0046:16,47; apps/api/src/executive/agents/agents.service.ts:76 (Meter); apps/api/src/observation/agents/agents.service.ts; test/int/phase6-agents.test.ts","No capability-grant catalogue, supervision, hard budget stop/escalation, or generic agent runtime",Controls chapter 23; no ADR files in repo (DECISIONS.md holds project ADR-P0-* only),v03.txt:page 121:L4825-L4861,branch+main+test,
ADR-0010,V3,App G Architecture Decision Baseline,121,"Model gateway and pluralism Accepted Models remain replaceable, governed dependencies resolved by task and deployment policy. C-030",V03-F013,intelligence,partial,passed:harness,merged,phase2,P2,"apps/api/src/intelligence/gateway/model-gateway.service.ts:14-15,396,555 (replay/local-live); migrations/0023:140,158; test/int/phase2-acceptance.test.ts:388","No hosted provider adapters, routing by task/deployment policy, or fallback route policy",Controls chapter 24; no ADR files in repo (DECISIONS.md holds project ADR-P0-* only),v03.txt:page 121:L4828-L4861,main+test,
ADR-0011,V3,App G Architecture Decision Baseline,121,"Digital Twin state separation Accepted Observed, estimated, forecast, scenario, and simulated twin states remain distinct and versioned. C-018, C-019",V03-F006,twin-simulation,implemented,passed:harness,branch-only,phase5,P5,migrations/0032:221 (element kinds); test/int/phase5-twins.test.ts; test/int/phase5-simulations.test.ts,No scenario element kind; forecast state binding to twins absent,Controls chapter 13; no ADR files in repo (DECISIONS.md holds project ADR-P0-* only),v03.txt:page 121:L4831-L4861,branch+test,
ADR-0012,V3,App G Architecture Decision Baseline,121,"Probabilistic forecast package Accepted Forecast products carry distributions, calibration, sensitivity, lineage, and failure conditions. C-020, C-021",V03-F007,prediction,implemented,passed:harness,branch-only,phase4,P4,"migrations/0029:102-149; apps/api/src/prediction/forecasting/forecasting.service.ts:196-228,457; test/int/phase4-acceptance.test.ts",Sensitivity and per-forecast calibration missing,Controls chapter 14; no ADR files in repo (DECISIONS.md holds project ADR-P0-* only),v03.txt:page 121:L4834-L4861,branch+test,
ADR-0013,V3,App G Architecture Decision Baseline,121,Scenario portfolio Accepted Multiple coherent branches remain visible and monitored; no branch becomes destiny. C-022,V03-F008,prediction,partial,passed:harness,branch-only,phase4,P4,migrations/0029:321-353; apps/api/src/prediction/scenarios/scenarios.service.ts:64; test/int/phase5-corrections.test.ts:256,Three fixed branch kinds; no portfolio review or retirement,Controls chapter 15; no ADR files in repo (DECISIONS.md holds project ADR-P0-* only),v03.txt:page 121:L4836-L4861,branch+test,
ADR-0014,V3,App G Architecture Decision Baseline,121,"Reproducible simulation manifest Accepted Simulation binds exact inputs, versions, constraints, environment, seeds, outputs, and validation. C-023",V03-F009,twin-simulation,implemented,passed:harness,branch-only,phase5,done,migrations/0033:47-148; apps/api/src/twin/simulations/reproduce-worker.ts; test/int/phase5-simulations.test.ts,,Controls chapter 16; no ADR files in repo (DECISIONS.md holds project ADR-P0-* only),v03.txt:page 121:L4839-L4861,branch+test,
ADR-0015,V3,App G Architecture Decision Baseline,121,"Decision package completeness Accepted Objectives, options, evidence, uncertainty, trade-offs, dissent, authority, and monitoring form one package. C-024–C-026",V03-F010,decision,implemented,passed:harness,branch-only,phase6,P6,"migrations/0041:555 (completeness gate), :195,:242; test/int/phase6-decisions.test.ts:225,268",Trade-offs/VOI free text; forecasts and scenarios not bound,Controls chapter 17; no ADR files in repo (DECISIONS.md holds project ADR-P0-* only),v03.txt:page 121:L4842-L4861,branch+test,
ADR-0016,V3,App G Architecture Decision Baseline,121,"Deployment semantic parity Accepted SaaS, Private Cloud, and On-Premise implement one product contract. C-042",V03-F016,infrastructure,missing,unverified,none,phase7,P7-D,docker-compose.yml (local only); scripts/gate/target-descriptor.json:17-25,No SaaS/Private Cloud/On-Premise packaging or parity fixtures (EXCEPTIONS.md EXC-P0-004),Controls chapter 39; no ADR files in repo (DECISIONS.md holds project ADR-P0-* only),v03.txt:page 121:L4845-L4861,main+test,
ADR-0017,V3,App G Architecture Decision Baseline,121,"Sovereignty as policy dimensions Accepted Data, keys, models, administration, telemetry, supply, support, and continuity are independently governed. C-041",V03-F016,infrastructure,missing,unverified,none,omission,P7-D,"apps/api/src/config/config.ts (eye.* namespace, env only)","No residency, key-ownership, model-location, administration or telemetry policy dimensions",Controls chapter 43; no ADR files in repo (DECISIONS.md holds project ADR-P0-* only),v03.txt:page 121:L4848-L4861,main,
ADR-0018,V3,App G Architecture Decision Baseline,121,"Safe degradation hierarchy Accepted Failure may reduce capability but cannot fabricate currency, confidence, authorization, or approval. C-043, C-049",V03-F017,infrastructure,partial,passed:harness,merged,phase0,P7-D,apps/api/src/health/degraded-reconciliation.service.ts; apps/api/src/health/health.controller.ts:32-53; apps/api/src/shared/degraded-store.ts; test/int/gate22-degraded-recovery.test.ts; test/acceptance/acceptance.test.ts:1019,Degradation order (priority 1-5) not implemented; products do not declare freshness/partial state uniformly,Controls chapter 45; no ADR files in repo (DECISIONS.md holds project ADR-P0-* only),v03.txt:page 121:L4851-L4861,main+test,
ADR-0019,V3,App G Architecture Decision Baseline,121,"Governed marketplace packages Accepted Packages are signed, declared, sandboxed, evaluated, capability-scoped, monitored, and revocable. C-046",V03-F015,marketplace,missing,unverified,none,phase7,P7-C,,"No marketplace package manifest, admission, sandbox or revocation",Controls chapter 28; no ADR files in repo (DECISIONS.md holds project ADR-P0-* only),v03.txt:page 121:L4854-L4861,,
ADR-0020,V3,App G Architecture Decision Baseline,121,"Governed learning release Accepted Lessons become behavior only through evaluation, approval, deployment, monitoring, and rollback. C-031, C-044, C-045",V03-F014,learning-evaluation,missing,unverified,none,phase7,P7-B,migrations/0045:221 (close_package lessons text),"No Lesson Proposal, evaluation, approval, release, monitoring or rollback pipeline",Controls chapter 26; no ADR files in repo (DECISIONS.md holds project ADR-P0-* only),v03.txt:page 121:L4857-L4861,branch,
V03-T-001,V3,"1 Authority, Scope, and Architecture Status",9,Shall and must indicate mandatory conformance.,V03-F001,governance-docs,not-applicable,not-applicable,merged,not-applicable,not-applicable,DECISIONS.md,,tracking id: normative bullet without source identifier; document-control | UNRESOLVED pointer(s) at 2e83945: docs/The_Eye_Volume_3_Technical_Architecture_v1.0 elvin.pdf | release_status none → merged from the evidence at 2e83945 | applicability: a documentary or normative-language row of the source; no product behaviour is claimed or owed by it,v03.txt:page 9:L224-L250,main,
V03-T-002,V3,"1 Authority, Scope, and Architecture Status",9,Should indicates the normal enterprise implementation unless an approved exception demonstrates equivalent behavior.,V03-F001,governance-docs,not-applicable,not-applicable,merged,not-applicable,not-applicable,DECISIONS.md,,tracking id: normative bullet without source identifier; document-control | UNRESOLVED pointer(s) at 2e83945: docs/The_Eye_Volume_3_Technical_Architecture_v1.0 elvin.pdf | release_status none → merged from the evidence at 2e83945 | applicability: a documentary or normative-language row of the source; no product behaviour is claimed or owed by it,v03.txt:page 9:L225-L250,main,
V03-T-003,V3,"1 Authority, Scope, and Architecture Status",9,May indicates a permitted implementation choice behind the frozen contract.,V03-F001,governance-docs,not-applicable,not-applicable,merged,not-applicable,not-applicable,DECISIONS.md,,tracking id: normative bullet without source identifier; document-control | UNRESOLVED pointer(s) at 2e83945: docs/The_Eye_Volume_3_Technical_Architecture_v1.0 elvin.pdf | release_status none → merged from the evidence at 2e83945 | applicability: a documentary or normative-language row of the source; no product behaviour is claimed or owed by it,v03.txt:page 9:L227-L250,main,
V03-T-004,V3,"1 Authority, Scope, and Architecture Status",9,Cannot and must not identify prohibited behavior or a constitutional boundary.,V03-F001,governance-docs,not-applicable,not-applicable,merged,not-applicable,not-applicable,DECISIONS.md,,tracking id: normative bullet without source identifier; document-control | UNRESOLVED pointer(s) at 2e83945: docs/The_Eye_Volume_3_Technical_Architecture_v1.0 elvin.pdf | release_status none → merged from the evidence at 2e83945 | applicability: a documentary or normative-language row of the source; no product behaviour is claimed or owed by it,v03.txt:page 9:L228-L250,main,
V03-T-005,V3,"1 Authority, Scope, and Architecture Status",9,"Architecture Rule: An implementation detail is replaceable only when identity, semantics, time, provenance, policy, quality, auditability, and externally observable behavior remain intact.",V03-F001,governance-docs,not-applicable,not-applicable,merged,not-applicable,not-applicable,DECISIONS.md,,tracking id: boxed rule; document-control | UNRESOLVED pointer(s) at 2e83945: docs/The_Eye_Volume_3_Technical_Architecture_v1.0 elvin.pdf | release_status none → merged from the evidence at 2e83945 | applicability: a documentary or normative-language row of the source; no product behaviour is claimed or owed by it,,main,
V03-T-006,V3,"1 Authority, Scope, and Architecture Status",9,"Where explanatory language could be interpreted in more than one way, the constitutional invariant is controlling. Architecture may elaborate an invariant; it may not weaken, rename, collapse, or silently reinterpret it.",V03-F001,governance-docs,not-applicable,not-applicable,merged,not-applicable,not-applicable,DECISIONS.md,,tracking id: normative table row(s) quoted; document-control | UNRESOLVED pointer(s) at 2e83945: docs/The_Eye_Volume_3_Technical_Architecture_v1.0 elvin.pdf | release_status none → merged from the evidence at 2e83945 | applicability: a documentary or normative-language row of the source; no product behaviour is claimed or owed by it,v03.txt:page 9:L216-L250,main,
V03-T-007,V3,"1 Authority, Scope, and Architecture Status",9,"The architecture is frozen at the level defined here: the ten layers, their canonical responsibilities, the shared object and control semantics, the closed strategic loop, Knowledge Graph centrality, human decision sovereignty, and semantic parity across SaaS, Private Cloud, and On-Premise.",V03-F001,governance-docs,not-applicable,not-applicable,merged,not-applicable,not-applicable,DECISIONS.md,,tracking id: normative table row(s) quoted; document-control | UNRESOLVED pointer(s) at 2e83945: docs/The_Eye_Volume_3_Technical_Architecture_v1.0 elvin.pdf | release_status none → merged from the evidence at 2e83945 | applicability: a documentary or normative-language row of the source; no product behaviour is claimed or owed by it,v03.txt:page 9:L219-L250,main,
V03-T-008,V3,2 System Context and Stakeholders,10,Strategic analyst: may prepare and recommend; cannot silently approve. Platform administrator and SRE: cannot reinterpret strategic content or bypass decision authority. Data / ontology steward: may govern information integrity without deciding strategy.,V03-F001,governance-docs,partial,passed:harness,branch-only,phase6,P6,"migrations/0042:100,190 (approver eligibility, SoD); apps/api/src/policy/pdp.service.ts; test/int/gate22-authority-matrix.test.ts","Roles for domain expert, operator, GRC and steward are not distinct principals with the stated authority boundaries",tracking id: normative table row(s) quoted,,branch+main+test,
V03-T-009,V3,2 System Context and Stakeholders,11,"Human Sovereignty: Machine reach may extend observation, analysis, forecasting, simulation, and preparation. Purpose, policy, risk appetite, approval, final commitment, and high-impact rights remain human responsibilities.",V03-F001,governance-docs,implemented,passed:harness,branch-only,phase6,done,migrations/0042:164; migrations/0043:33; test/int/phase6-approvals.test.ts; test/unit/pdp-phase6-authority.test.ts,,tracking id: boxed rule,,branch+test,
V03-T-010,V3,2 System Context and Stakeholders,11,"The Eye may read from, write to, or trigger external systems only through declared contracts, authenticated identities, least-privilege permissions, policy evaluation, provenance, and audit. External execution is never inferred from a recommendation. A recommendation becomes an executable commitment only through an approved workflow owned by a named human authority.",V03-F001,governance-docs,partial,passed:harness,branch-only,phase6,P6,"migrations/0043:33 (commit_package bound action, C3 class); apps/api/src/policy/pdp.service.ts; test/int/phase6-approvals.test.ts:141","No execution gateway: commitments never trigger external systems, so the contract is enforced by absence",tracking id: normative table row(s) quoted,v03.txt:page 11:L312-L321,branch+main+test,
V03-T-011,V3,3 The Strategic Intelligence Lifecycle,12,"Observe — entry: authorized source and purpose; transformation: acquire and preserve governed evidence; exit: evidence has identity, time, rights, quality, and custody.",V03-F001,governance-docs,implemented,passed:harness,branch-only,phase1,done,migrations/0022; apps/api/src/observation/**; test/int/phase1-acceptance.test.ts,,tracking id: normative table row(s) quoted | release_status merged → branch-only from the evidence at 2e83945,,branch+main+test,
V03-T-012,V3,3 The Strategic Intelligence Lifecycle,12,"Understand — entry: evidence is available and policy-cleared; transformation: extract, resolve, relate, assess, and retain truth states; exit: structured understanding is reviewable and attributable.",V03-F001,governance-docs,partial,passed:harness,merged,phase2,P2,migrations/0023; apps/api/src/intelligence/**; test/int/phase2-acceptance.test.ts,Assessments and relating (events/relationships) absent,tracking id: normative table row(s) quoted,,main+test,
V03-T-013,V3,3 The Strategic Intelligence Lifecycle,12,"Predict — entry: target, horizon, context, and model set are declared; transformation: estimate distributions, drivers, calibration, and sensitivity; exit: Forecast Package is versioned, evaluated, and expiring.",V03-F001,governance-docs,implemented,passed:harness,branch-only,phase4,P4,apps/api/src/prediction/forecasting/forecasting.service.ts; test/int/phase4-acceptance.test.ts,Sensitivity absent,tracking id: normative table row(s) quoted | UNRESOLVED pointer(s) at 2e83945: migrations/0029-0031,,branch+test,
V03-T-014,V3,3 The Strategic Intelligence Lifecycle,12,"Simulate — entry: twin, scenario, intervention, constraints, and versions resolve; transformation: run reproducible experiments and sensitivity; exit: results carry validation and challenge evidence.",V03-F001,governance-docs,implemented,passed:harness,branch-only,phase5,done,"migrations/0033,0036; apps/api/src/twin/simulations/simulation.service.ts; test/int/phase5-simulations.test.ts",,tracking id: normative table row(s) quoted,,branch+test,
V03-T-015,V3,3 The Strategic Intelligence Lifecycle,12,"Decide — entry: objectives, options, evidence, uncertainty, and authority are complete; transformation: compare, explain, route approval, and commit; exit: decision record and monitoring contract are explicit.",V03-F001,governance-docs,implemented,passed:harness,branch-only,phase6,P6,test/int/phase6-decisions.test.ts; test/int/phase6-approvals.test.ts,Monitoring contract limited to conditions,"tracking id: normative table row(s) quoted | UNRESOLVED pointer(s) at 2e83945: migrations/0041-0043,0045",,branch+test,
V03-T-016,V3,3 The Strategic Intelligence Lifecycle,12,"Learn — entry: outcome, feedback, override, or correction is observed; transformation: diagnose and propose governed changes; exit: approved release is monitored and reversible.",V03-F001,governance-docs,missing,unverified,none,phase7,P7-B,migrations/0045:221 (close_package lessons text),"No Learn stage: no Lesson Proposal, evaluation, approval, release, monitoring or rollback",tracking id: normative table row(s) quoted,,branch,
V03-T-017,V3,3 The Strategic Intelligence Lifecycle,13,No stage may erase the evidence or uncertainty of an earlier stage.,V03-F001,governance-docs,implemented,passed:harness,branch-only,phase6,done,"migrations/0041:137; migrations/0043:178; apps/api/src/objects/objects.service.ts:91-121; test/int/phase6-replay.test.ts:76,129; test/int/phase1-acceptance.test.ts:702-805",,tracking id: normative bullet without source identifier,v03.txt:page 13:L376-L381,branch+main+test,
V03-T-018,V3,3 The Strategic Intelligence Lifecycle,13,No later outcome may rewrite what was knowable at decision time.,V03-F001,governance-docs,implemented,passed:harness,branch-only,phase6,done,"migrations/0041:137; migrations/0043:178; apps/api/src/objects/objects.service.ts:91-121; test/int/phase6-replay.test.ts:76,129; test/int/phase1-acceptance.test.ts:702-805",,tracking id: normative bullet without source identifier,v03.txt:page 13:L377-L381,branch+main+test,
V03-T-019,V3,3 The Strategic Intelligence Lifecycle,13,"No learning proposal may bypass evaluation, approval, release, monitoring, and rollback.",V03-F001,governance-docs,missing,unverified,none,phase7,P7-B,migrations/0045:221 (close_package lessons text),"No Learn stage: no Lesson Proposal, evaluation, approval, release, monitoring or rollback",tracking id: normative bullet without source identifier,v03.txt:page 13:L378-L381,branch,
V03-T-020,V3,3 The Strategic Intelligence Lifecycle,13,No access mode may create a parallel lifecycle or separate truth.,V03-F001,governance-docs,partial,unverified,branch-only,phase6,P7-E,apps/web/app/** (single web mode over the same API),Only one access mode exists; parity across modes untested,tracking id: normative bullet without source identifier | passed:harness lacked a resolved test/CI pointer → unverified,v03.txt:page 13:L379-L381,branch,
V03-T-021,V3,3 The Strategic Intelligence Lifecycle,13,"Every re-entry carries correlation and causation identifiers, object versions, policy context, and the state transition that caused the return.",V03-F001,governance-docs,partial,unverified,merged,phase3,P3,"apps/api/src/shared/correlation.ts; apps/api/src/pipeline/pipeline.service.ts:387-388,460 (causation_id); migrations/0024:555-573 (invalidations)","Re-entry (e.g. contradiction reopening resolution, fitness failure invalidating branches, policy change reopening a decision) is not modelled as typed transitions",tracking id: normative table row(s) quoted | passed:harness lacked a resolved test/CI pointer → unverified,v03.txt:page 13:L373-L381,main,
V03-T-022,V3,4 The Canonical Ten-Layer Architecture,14,"A layer is a responsibility boundary, not a deployable unit. One service may implement supporting behavior for more than one layer only when ownership, interfaces, policy, data, and telemetry remain explicit.",V03-F001,governance-docs,partial,unverified,branch-only,phase0,P6,apps/api/src/*/*.capabilities.ts; .dependency-cruiser.cjs; DECISIONS.md ADR-P0-02,Quality contract and failure-behaviour elements are not declared per layer,tracking id: normative table row(s) quoted | release_status merged → branch-only from the evidence at 2e83945 | passed:harness lacked a resolved test/CI pointer → unverified,v03.txt:page 14:L390-L402,branch+main,
V03-T-023,V3,4 The Canonical Ten-Layer Architecture,14,"Layer contract model — mandatory elements: Responsibility, Inputs and outputs, Owned state, Interfaces (versioned commands, queries, events, artifact packages, workflow transitions), Controls, Failure behavior, Quality contract.",V03-F001,governance-docs,partial,unverified,branch-only,phase0,P6,apps/api/src/*/*.capabilities.ts; .dependency-cruiser.cjs; DECISIONS.md ADR-P0-02,Quality contract and failure-behaviour elements are not declared per layer,tracking id: normative table row(s) quoted | release_status merged → branch-only from the evidence at 2e83945 | passed:harness lacked a resolved test/CI pointer → unverified,,branch+main,
V03-T-024,V3,4 The Canonical Ten-Layer Architecture,15,Layers exchange canonical objects; they do not infer meaning from storage tables or private model state.,V03-F001,governance-docs,implemented,unverified,merged,phase0,P7-F,apps/api/src/pipeline/pipeline.service.ts; packages/contracts/src/header.ts; .dependency-cruiser.cjs (contract-only module boundaries),"verification evidence of the required class (harness, browser, CI or deployment) for the released artefact",tracking id: normative bullet without source identifier | passed:harness lacked a resolved test/CI pointer → unverified,v03.txt:page 15:L406-L418,main,
V03-T-025,V3,4 The Canonical Ten-Layer Architecture,15,Commands request owned behavior; domain events announce committed state changes; queries return policy-filtered projections.,V03-F001,governance-docs,partial,unverified,merged,phase0,R0,apps/api/src/pipeline/http.ts; apps/api/src/objects/outbox.publisher.ts,Domain events are emitted but consumed by nobody; queries return policy-filtered projections,tracking id: normative bullet without source identifier | passed:harness lacked a resolved test/CI pointer → unverified,v03.txt:page 15:L408-L418,main,
V03-T-026,V3,4 The Canonical Ten-Layer Architecture,15,Every material interface carries the common contract envelope defined in Chapter 8.,V03-F001,governance-docs,implemented,passed:harness,merged,phase0,R0,packages/contracts/src/envelope.ts:19-138; apps/api/src/pipeline/http.ts:104-145; packages/contracts/test/envelope-header.test.ts:77-97,Envelope is enforced on writes; declared fields idempotency_key/deadline/expires_at never read,tracking id: normative bullet without source identifier,v03.txt:page 15:L410-L418,main+test,
V03-T-027,V3,4 The Canonical Ten-Layer Architecture,15,"A layer may reject, abstain, or route for review when its entry conditions are not met.",V03-F001,governance-docs,implemented,passed:harness,branch-only,phase2,done,apps/api/src/intelligence/gateway/model-gateway.service.ts:117-123; apps/api/src/intelligence/review/review.service.ts; apps/api/src/prediction/forecasting/forecasting.service.ts:115-125; test/int/phase2-acceptance.test.ts:388,,tracking id: normative bullet without source identifier | release_status merged → branch-only from the evidence at 2e83945,v03.txt:page 15:L411-L418,branch+main+test,
V03-T-028,V3,4 The Canonical Ten-Layer Architecture,15,Corrections propagate through subscriptions and impact analysis rather than destructive cross- layer writes.,V03-F001,governance-docs,partial,passed:harness,merged,phase3,P3,"migrations/0024:519,1306; apps/api/src/graph/strategy/impact.service.ts; test/int/phase3-corrections.test.ts","Synchronous impact recording, not subscriptions",tracking id: normative bullet without source identifier,v03.txt:page 15:L412-L418,main+test,
V03-T-029,V3,4 The Canonical Ten-Layer Architecture,15,"Replaceability Rule: Internal implementations are replaceable. Canonical object identity, temporal and truth semantics, provenance, policy, audit, and observable behavior are not.",V03-F001,governance-docs,partial,passed:ci,branch-only,phase0,P7-D,conformance.manifest.json; packages/contracts/fixtures; test/gate/**,Conformance fixtures cover Phase 0 contracts only,tracking id: boxed rule | release_status merged → branch-only from the evidence at 73813c2,,branch+main+test,
V03-T-030,V3,5 Cross-Cutting Control Planes,16,"Trust and Provenance plane: establishes source identity, chain of custody, transformation lineage, object-level evidence links, quality, and explanation paths; evidence produced: source, custody, transformation, object lineage, explanation, and correction records.",V03-F001,identity-policy,implemented,passed:harness,merged,phase3,P3,packages/contracts/src/header.ts:82-89; migrations/0023:286-323; migrations/0024:1306; apps/api/src/observation/vault/vault.service.ts:134-179; test/int/phase3-acceptance.test.ts:627,Explanation paths and quality partially realised,tracking id: normative table row(s) quoted,,main+test,
V03-T-031,V3,5 Cross-Cutting Control Planes,16,"Security and Privacy plane: enforces zero-trust access, classification, encryption, purpose limitation, minimization, threat controls, and safe handling.",V03-F001,identity-policy,partial,unverified,merged,phase0,P7-D,apps/api/src/policy/pdp.service.ts; apps/api/src/shared/correlation.ts (redaction); apps/api/src/observation/connectors/redaction.ts,"No encryption policy, purpose limitation, minimisation or threat controls",tracking id: normative table row(s) quoted | passed:harness lacked a resolved test/CI pointer → unverified,,main,
V03-T-032,V3,5 Cross-Cutting Control Planes,16,"Governance and Policy plane: turns constitutional, legal, customer, and institutional rules into versioned, executable controls and obligations; evidence: policy versions, decisions, obligations, denials, exceptions, expiry, and revocation.",V03-F001,identity-policy,partial,passed:harness,merged,phase0,P7-D,"apps/api/src/policy/pdp.service.ts:14-117 (obligations, decisions); test/unit/pdp.test.ts","Policy is code, not versioned executable rules with expiry/revocation",tracking id: normative table row(s) quoted,,main+test,
V03-T-033,V3,5 Cross-Cutting Control Planes,16,"Identity and Access plane: authenticates human, device, workload, model, agent, source, and tenant identities; authorizes least-privilege actions continuously.",V03-F001,identity-policy,partial,passed:harness,merged,phase0,P7-D,apps/api/src/identity/identity.service.ts; apps/api/src/identity/principals.service.ts; apps/api/src/observation/agents/agents.service.ts (agent principals); test/int/gate22-identity-mutators.test.ts,"No device, workload, model or source principals; no continuous re-authorisation",tracking id: normative table row(s) quoted,,main+test,
V03-T-034,V3,5 Cross-Cutting Control Planes,16,"Workflow and Audit plane: coordinates stateful work, human gates, separation of duties, retries, compensation, escalation, and non-repudiable execution evidence.",V03-F001,identity-policy,partial,passed:harness,branch-only,phase6,P7-A,apps/api/src/audit/audit.service.ts; test/int/phase6-approvals.test.ts,No retries/compensation/escalation runtime,"tracking id: normative table row(s) quoted | UNRESOLVED pointer(s) at 2e83945: migrations/0041-0043 (state machines, approvals, SoD)",,branch+main+test,
V03-T-035,V3,5 Cross-Cutting Control Planes,16,"Evaluation and Learning plane: measures source, extraction, model, forecast, scenario, simulation, agent, recommendation, and institutional performance; governs change proposals.",V03-F001,identity-policy,missing,unverified,none,phase7,P7-B,"apps/api/src/prediction/forecasting/forecasting.service.ts:276,457 (forecast backtests only)",No cross-product evaluation or change-proposal governance,tracking id: normative table row(s) quoted,,branch,
V03-T-036,V3,5 Cross-Cutting Control Planes,16,"Deployment and Sovereignty plane: preserves semantic parity while applying tenancy, residency, key ownership, network, model, administrative, and disconnected-operation constraints.",V03-F001,identity-policy,missing,unverified,none,phase7,P7-D,,No deployment/sovereignty plane,tracking id: normative table row(s) quoted,,,
V03-T-037,V3,5 Cross-Cutting Control Planes,17,"No Trust By Location: Network location, deployment mode, model provider, agent role, or internal service identity never creates implicit trust. Authorization is continuous, contextual, least-privilege, and attributable.",V03-F001,identity-policy,partial,passed:harness,merged,phase0,P7-D,apps/api/src/identity/identity.service.ts (context proof-of-possession); apps/api/src/policy/pdp.service.ts; test/int/gate22-capability-binding.test.ts,No workload identity between services; single-process monolith,tracking id: boxed rule,,main+test,
V03-T-038,V3,5 Cross-Cutting Control Planes,17,"Control evaluation occurs before and after material actions. Before execution, the platform determines whether the identity, purpose, object, data, model, agent, workflow state, deployment boundary, and requested side effects are permitted. After execution, it records what occurred, checks postconditions, publishes telemetry, and initiates compensation or containment when behavior diverges.",V03-F001,identity-policy,partial,unverified,merged,phase0,P7-A,"apps/api/src/pipeline/pipeline.service.ts (pre-write policy, post-write audit); apps/api/src/policy/pdp.service.ts","No postcondition checks, telemetry publication or compensation/containment after execution",tracking id: normative table row(s) quoted | passed:harness lacked a resolved test/CI pointer → unverified,v03.txt:page 17:L480-L490,main,
V03-T-039,V3,5 Cross-Cutting Control Planes,17,"Control decisions are themselves versioned objects. A denial, exception, override, or human approval is not a log message; it is governed evidence connected to the action and later decision replay.",V03-F001,identity-policy,partial,unverified,branch-only,phase6,P6,migrations/0042:24-51 (approvals as records); apps/api/src/audit/audit.service.ts (denials audited),"Policy denials/exceptions are audit entries, not versioned objects linked to replay",tracking id: normative table row(s) quoted | passed:harness lacked a resolved test/CI pointer → unverified,v03.txt:page 17:L484-L490,branch+main,
V03-T-040,V3,6 System Boundaries and Trust Zones,18,"The Customer Intelligence Domain is the primary isolation boundary for a customer's evidence, graph, memory, twins, models, agents, policies, workflows, decisions, and audit records. The domain carries a stable tenant identity through every object and action.",V03-F001,identity-policy,implemented,passed:harness,merged,phase0,P7-D,apps/api/src/tenancy/tenancy.service.ts; apps/api/src/shared/scope.ts; RLS in migrations; test/int/domain-isolation.test.ts,Logical (RLS) isolation only; cells/accounts/networks not available,tracking id: normative table row(s) quoted,v03.txt:page 18:L500-L524,main+test,
V03-T-041,V3,6 System Boundaries and Trust Zones,18,"Cross-domain operations are denied by default and require a declared federation, legal basis, policy, owner, purpose, object scope, transformation, and revocation path.",V03-F001,identity-policy,implemented,passed:harness,merged,phase0,P7-D,RLS policies; test/int/domain-isolation.test.ts; test/acceptance/acceptance.test.ts:781 (cross-tenant 403),No federation contract for authorised cross-domain operations,tracking id: normative table row(s) quoted,v03.txt:page 18:L505-L524,main+test,
V03-T-042,V3,6 System Boundaries and Trust Zones,18,"External source → ingress: Untrusted. Required gate: source contract, authenticity, rights, malware, schema, classification, and quarantine.",V03-F001,identity-policy,partial,passed:harness,merged,phase1,P1,apps/api/src/observation/quarantine/quarantine.service.ts; test/int/phase1-hostile-input.test.ts,Authenticity and malware gates absent,tracking id: normative table row(s) quoted | UNRESOLVED pointer(s) at 2e83945: source-contract.ts,,main+test,
V03-T-043,V3,6 System Boundaries and Trust Zones,18,"Ingress → customer domain: Denied until qualified. Required gate: tenant binding, purpose, quality, provenance, policy, and normalization.",V03-F001,identity-policy,implemented,passed:harness,merged,phase1,P1,apps/api/src/observation/acquisition/lifecycle.service.ts; migrations/0022; test/int/phase1-acceptance.test.ts,Normalisation gate absent,tracking id: normative table row(s) quoted,,main+test,
V03-T-044,V3,6 System Boundaries and Trust Zones,18,"Service → service: No implicit trust. Required gate: workload identity, action scope, object policy, correlation, and audit.",V03-F001,identity-policy,missing,unverified,none,omission,P7-D,,Single process; no workload identity or per-call action scope,tracking id: normative table row(s) quoted,,,
V03-T-045,V3,6 System Boundaries and Trust Zones,18,"Model / agent → tools and data: Capability denied by default. Required gate: purpose, owner, tool, data scope, budget, side-effect, and evaluation policy.",V03-F001,identity-policy,partial,unverified,branch-only,phase6,P7-A,migrations/0046:16; apps/api/src/executive/agents/agents.service.ts:76 (Meter); apps/api/src/intelligence/gateway/model-gateway.service.ts:14-15 (loopback only),"No capability grant catalogue, tool broker or side-effect policy",tracking id: normative table row(s) quoted | passed:harness lacked a resolved test/CI pointer → unverified,,branch+main,
V03-T-046,V3,6 System Boundaries and Trust Zones,18,"Customer domain → control plane: Metadata-minimized. Required gate: operational necessity, classification, minimization, regional and contractual policy.",V03-F001,identity-policy,missing,unverified,none,phase7,P7-D,,No control plane,tracking id: normative table row(s) quoted,,,
V03-T-047,V3,6 System Boundaries and Trust Zones,18,"Customer domain → export / execution: Human and policy gated. Required gate: approval, redaction, format, destination, data rights, audit, and revocation where supported.",V03-F001,identity-policy,missing,unverified,none,omission,P7-F,,No export/execution gate,tracking id: normative table row(s) quoted,,,
V03-T-048,V3,6 System Boundaries and Trust Zones,19,"Agent and Scenario Marketplace packages execute in a sandbox with explicit declared dependencies and no ambient access to customer memory, models, keys, networks, or external side effects. Capability grants are instance-specific, revocable, monitored, and constrained by the customer's deployment and policy boundary.",V03-F001,identity-policy,missing,unverified,none,phase7,P7-C,,No marketplace sandbox or capability grants,tracking id: normative table row(s) quoted,v03.txt:page 19:L528-L533,,
V03-T-049,V3,7 Canonical Intelligence Object Model,20,"Universal object header — Identity: object_id, object_type, tenant_id, domain_id. Version: schema_version, object_version, supersedes, lifecycle_state.",V03-F002,data-platform,implemented,passed:harness,merged,phase0,done,packages/contracts/src/header.ts:21-74; migrations/0006:7; packages/contracts/test/envelope-header.test.ts,,tracking id: normative table row(s) quoted,,main+test,
V03-T-050,V3,7 Canonical Intelligence Object Model,20,"Universal object header — Time: event_time, observation_time, valid_from/to, system_from/to (historical reconstruction without hindsight contamination).",V03-F002,data-platform,implemented,passed:harness,merged,phase0,done,"migrations/0006:28,84; apps/api/src/objects/objects.service.ts:141-156; test/int/phase1-acceptance.test.ts:290,328",,tracking id: normative table row(s) quoted,,main+test,
V03-T-051,V3,7 Canonical Intelligence Object Model,20,"Universal object header — Truth: truth_state, confidence, uncertainty, synthetic_state. Provenance: source_refs, evidence_refs, transformation_refs, model_refs, agent_refs.",V03-F002,data-platform,partial,unverified,merged,phase0,P3,packages/contracts/src/header.ts; apps/api/src/objects/objects.service.ts:260-278,Generic writer hard-nulls confidence/uncertainty/provenance_ref; only layer services populate subsets,tracking id: normative table row(s) quoted | passed:harness lacked a resolved test/CI pointer → unverified,,main,
V03-T-052,V3,7 Canonical Intelligence Object Model,20,"Universal object header — Control: classification, purpose, policy_refs, owner, approvals. Quality: freshness, completeness, fitness, expiry, evaluation_refs. Operations: correlation_id, causation_id, idempotency_key, trace_id.",V03-F002,data-platform,partial,unverified,merged,phase0,P3,packages/contracts/src/header.ts; apps/api/src/objects/objects.service.ts:260-278,rights/residency/retention/access_policy_ref/quality/freshness nulled by generic writer; idempotency_key/trace_id unused,tracking id: normative table row(s) quoted | passed:harness lacked a resolved test/CI pointer → unverified,,main,
V03-T-053,V3,7 Canonical Intelligence Object Model,20,"Objects are immutable by version. A correction, withdrawal, adjudication, approval, or outcome creates a new version or linked object and preserves the prior record. Projections may present a current view, but the authoritative history remains reconstructable.",V03-F002,data-platform,implemented,passed:harness,branch-only,phase1,done,apps/api/src/objects/objects.service.ts:91-121; migrations/0041:137; test/int/phase1-acceptance.test.ts:702-805,,tracking id: normative table row(s) quoted | release_status merged → branch-only from the evidence at 2e83945,v03.txt:page 20:L569-L581,branch+main+test,
V03-T-054,V3,7 Canonical Intelligence Object Model,21,Evidence is preserved; derived claims link to it rather than replacing it.,V03-F002,data-platform,implemented,passed:harness,merged,phase2,done,migrations/0022 (immutable evidence); migrations/0023:286-323; test/int/phase2-acceptance.test.ts:339,,tracking id: normative bullet without source identifier,v03.txt:page 21:L606-L616,main+test,
V03-T-055,V3,7 Canonical Intelligence Object Model,21,"Claims become accepted graph assertions only through ontology, identity, confidence, policy, and review rules.",V03-F002,data-platform,partial,passed:harness,merged,phase3,P3,migrations/0025:137 (edge admission); apps/api/src/intelligence/review/review.service.ts; test/int/phase3-acceptance.test.ts:503,No ontology or confidence rules in admission,tracking id: normative bullet without source identifier,v03.txt:page 21:L607-L616,main+test,
V03-T-056,V3,7 Canonical Intelligence Object Model,21,Model or agent output remains inferred or synthetic until an authorized process changes its truth state.,V03-F002,data-platform,implemented,passed:harness,merged,phase2,done,packages/contracts/src/truth-state.ts:9-69; apps/api/src/objects/objects.service.ts:188-195; test/int/phase2-acceptance.test.ts,,tracking id: normative bullet without source identifier,v03.txt:page 21:L609-L616,main+test,
V03-T-057,V3,7 Canonical Intelligence Object Model,21,A recommendation remains advisory until a named human authority creates a decision record and commitment.,V03-F002,data-platform,implemented,passed:harness,branch-only,phase6,done,migrations/0042:164; migrations/0043:33; test/int/phase6-approvals.test.ts:141,,tracking id: normative bullet without source identifier,v03.txt:page 21:L611-L616,branch+test,
V03-T-058,V3,7 Canonical Intelligence Object Model,21,"A lesson remains proposed until evaluation, approval, release, monitoring, and rollback controls are satisfied.",V03-F002,data-platform,missing,unverified,none,phase7,P7-B,migrations/0045:221 (close_package lessons text),No Lesson Proposal or governed release,tracking id: normative bullet without source identifier,v03.txt:page 21:L613-L616,branch,
V03-T-059,V3,8 Interaction Styles and the Contract Envelope,22,"Command: single accountable receiver; idempotent where retry is possible; produces success, rejection, or domain events.",V03-F002,data-platform,partial,unverified,merged,phase0,R0,apps/api/src/pipeline/http.ts:104-145; packages/contracts/src/errors.ts:16-45; migrations/0022:322-347 (attempt key),Envelope idempotency_key never read; no HTTP idempotency store,tracking id: normative table row(s) quoted | passed:harness lacked a resolved test/CI pointer → unverified,,main,
V03-T-060,V3,8 Interaction Styles and the Contract Envelope,22,"Query: no hidden write; result declares source revision, freshness, coverage, and partial-state markers.",V03-F002,data-platform,partial,unverified,merged,phase0,R0,"apps/api/src/objects/objects.service.ts:153 (as-of reads); apps/api/src/graph/graph.controller.ts:417,500,561 (completeness)",Responses do not declare source revision/freshness uniformly; no response envelope type,tracking id: normative table row(s) quoted | passed:harness lacked a resolved test/CI pointer → unverified,,main,
V03-T-061,V3,8 Interaction Styles and the Contract Envelope,22,Domain event: immutable event ID; ordered within aggregate or partition; consumers are idempotent and independently recoverable.,V03-F002,data-platform,partial,passed:harness,merged,phase0,R0,"migrations/0015_outbox_hardening.sql:35,52-56; apps/api/src/objects/outbox.publisher.ts:74-96; test/int/gate22-outbox-hardening.test.ts",Ordering not guaranteed; no consumers; no event schema version,tracking id: normative table row(s) quoted,,main+test,
V03-T-062,V3,8 Interaction Styles and the Contract Envelope,22,"Evidence stream: checkpointed, backpressured, replayable, classified, and tied to source contract and observation time.",V03-F002,data-platform,missing,unverified,none,omission,P1,,"No evidence stream (checkpointed, backpressured, replayable)",tracking id: normative table row(s) quoted,,,
V03-T-063,V3,8 Interaction Styles and the Contract Envelope,22,"Workflow transition: durable state machine; every transition has actor, policy, input versions, and audit evidence.",V03-F002,data-platform,partial,passed:harness,branch-only,phase6,P7-A,migrations/0041:45-92; migrations/0042; test/int/phase6-approvals.test.ts,No durable workflow runtime,tracking id: normative table row(s) quoted,,branch+test,
V03-T-064,V3,8 Interaction Styles and the Contract Envelope,22,"Artifact package: manifested, versioned, inspectable, permission-scoped, validated, and revocable.",V03-F002,data-platform,missing,unverified,none,phase7,P7-C,,No artifact packages,tracking id: normative table row(s) quoted,,,
V03-T-065,V3,8 Interaction Styles and the Contract Envelope,23,Schemas use explicit semantic versions and machine-readable compatibility metadata.,V03-F002,data-platform,partial,passed:ci,merged,phase0,P7-D,"migrations/0006:108-115 (objects.schema_registry, never read); packages/contracts/test/header-registry.test.ts:123,132",compatibility metadata never evaluated,tracking id: normative bullet without source identifier,v03.txt:page 23:L661-L673,main+test,
V03-T-066,V3,8 Interaction Styles and the Contract Envelope,23,"Additive evolution is preferred; breaking changes require migration, dual-read or dual-write strategy, rollback, and consumer verification.",V03-F002,data-platform,missing,unverified,none,omission,P7-D,apps/api/migrations (forward-only),No migration/dual-read/rollback/consumer-verification strategy,tracking id: normative bullet without source identifier,v03.txt:page 23:L662-L673,branch,
V03-T-067,V3,8 Interaction Styles and the Contract Envelope,23,Events are facts and are never mutated; correction is represented by a new event linked through causation and supersession.,V03-F002,data-platform,implemented,unverified,merged,phase1,P3,migrations/0015 (append-only outbox); apps/api/src/objects/objects.service.ts:91-121; apps/api/src/pipeline/pipeline.service.ts:387-388 (causation),"verification evidence of the required class (harness, browser, CI or deployment) for the released artefact",tracking id: normative bullet without source identifier | passed:harness lacked a resolved test/CI pointer → unverified,v03.txt:page 23:L664-L673,main,
V03-T-068,V3,8 Interaction Styles and the Contract Envelope,23,Queries declare revision and consistency requirements instead of assuming a single global transaction.,V03-F002,data-platform,partial,passed:harness,merged,phase0,R0,"apps/api/src/objects/objects.service.ts:110,153 (optimistic concurrency, as-of); test/acceptance/acceptance.test.ts:637,700,723",No read-your-writes token or revision watermark on responses,tracking id: normative bullet without source identifier,v03.txt:page 23:L666-L673,main+test,
V03-T-069,V3,8 Interaction Styles and the Contract Envelope,23,"Contract tests, conformance fixtures, and consumer-driven verification are release gates.",V03-F002,data-platform,partial,passed:ci,merged,phase0,P7-D,packages/contracts/fixtures/audit-hash.golden.json; conformance.manifest.json; .github/workflows/ci.yml:build-test,No consumer-driven verification,tracking id: normative bullet without source identifier,v03.txt:page 23:L668-L673,main+test,
V03-T-070,V3,8 Interaction Styles and the Contract Envelope,23,"Contract Rule: A service boundary is not governed if the payload is versioned but identity, time, provenance, truth state, policy context, and causation are missing.",V03-F002,data-platform,implemented,unverified,merged,phase0,P3,"packages/contracts/src/envelope.ts:19-138 (identity, time, provenance, truth, policy, causation required); apps/api/src/pipeline/http.ts:104-145","verification evidence of the required class (harness, browser, CI or deployment) for the released artefact",tracking id: boxed rule | passed:harness lacked a resolved test/CI pointer → unverified,,main,
V03-T-071,V3,9 World Observation Layer,26,Purpose and legal authority before collection,V03-F003,observation,implemented,passed:harness,merged,phase1,done,migrations/0022 (source contract purpose/rights); apps/api/src/observation/sources/source-contract.ts; test/int/phase1-acceptance.test.ts,,tracking id: normative bullet without source identifier,v03.txt:page 26:L763-L779,main+test,
V03-T-072,V3,9 World Observation Layer,26,"Tenant, classification, and residency assignment at ingress",V03-F003,observation,partial,unverified,merged,phase1,P1,apps/api/src/observation/acquisition/lifecycle.service.ts (tenant/classification at intake); packages/contracts/src/header.ts,Residency is never assigned or evaluated at ingress,tracking id: normative bullet without source identifier | passed:harness lacked a resolved test/CI pointer → unverified,v03.txt:page 26:L764-L779,main,
V03-T-073,V3,9 World Observation Layer,26,"Rate, robots, licence, and contractual limits",V03-F003,observation,partial,unverified,branch-only,phase1,P1,apps/api/src/observation/connectors/http-client.ts; migrations/0028 (licence/rights on contract v2),"No per-contract rate limiting or robots handling; licence terms recorded, not enforced",tracking id: normative bullet without source identifier | UNRESOLVED pointer(s) at 2e83945: apps/api/src/observation/connectors/config.ts:55 | release_status merged → branch-only from the evidence at 2e83945 | passed:harness lacked a resolved test/CI pointer → unverified,v03.txt:page 26:L765-L779,branch+main,
V03-T-074,V3,9 World Observation Layer,26,Authenticity and malware checks,V03-F003,observation,missing,unverified,none,omission,P1,,No authenticity verification or malware scanning at intake,tracking id: normative bullet without source identifier,v03.txt:page 26:L766-L779,,
V03-T-075,V3,9 World Observation Layer,26,Immutable evidence identifiers and custody events,V03-F003,observation,implemented,passed:harness,merged,phase1,done,"apps/api/src/observation/vault/vault.service.ts:134-179 (custody chain); apps/api/src/observation/agents/agents.service.ts (version-specific agent principal, code_digest); packages/contracts/src/jcs.ts (contentDigest); test/int/phase1-acceptance.test.ts; test/int/audit-chain.test.ts",,tracking id: normative bullet without source identifier,v03.txt:page 26:L767-L779,main+test,
V03-T-076,V3,9 World Observation Layer,26,Stale source state remains visible,V03-F003,observation,implemented,unverified,merged,phase1,P1,apps/api/src/observation/coverage/coverage.service.ts:49 (freshness dimension); apps/web/app/observation/sources,"verification evidence of the required class (harness, browser, CI or deployment) for the released artefact",tracking id: normative bullet without source identifier | passed:harness lacked a resolved test/CI pointer → unverified,v03.txt:page 26:L769-L779,main,
V03-T-077,V3,9 World Observation Layer,26,Derived products receive source-health impact markers,V03-F003,observation,missing,unverified,none,omission,P1,,"Source health is not propagated as an impact marker onto claims, forecasts or decisions",tracking id: normative bullet without source identifier,v03.txt:page 26:L770-L779,,
V03-T-078,V3,9 World Observation Layer,26,Unsafe content stays quarantined,V03-F003,observation,implemented,passed:harness,merged,phase1,done,"apps/api/src/observation/quarantine/quarantine.service.ts; migrations/0022:452,472; test/int/phase1-hostile-input.test.ts",,tracking id: normative bullet without source identifier,v03.txt:page 26:L771-L779,main+test,
V03-T-079,V3,9 World Observation Layer,26,No silent substitution of an unavailable source,V03-F003,observation,implemented,passed:harness,branch-only,phase1,done,apps/api/src/observation/acquisition/lifecycle.service.ts (faulted attempts recorded); migrations/0040 (scheduled attempt faults); test/int/phase1-fault-injection.test.ts,,tracking id: normative bullet without source identifier | release_status merged → branch-only from the evidence at 2e83945,v03.txt:page 26:L772-L779,branch+main+test,
V03-T-080,V3,9 World Observation Layer,26,Coverage gaps enter warning and decision packages,V03-F003,observation,missing,unverified,none,omission,P4,apps/api/src/observation/coverage/coverage.service.ts (gaps computed),Coverage gaps are not attached to warnings or decision packages,tracking id: normative bullet without source identifier,v03.txt:page 26:L773-L779,main,
V03-T-081,V3,9 World Observation Layer,26,"Layer Acceptance: World Observation Layer conforms only when its owned state, interface contracts, control obligations, quality dimensions, and degraded behavior remain independently testable in SaaS, Private Cloud, and On-Premise operation.",V03-F003,observation,partial,passed:harness,branch-only,phase0,P7-D,test/int/** (phase 1-6 harness on the local profile only); conformance.manifest.json; EXCEPTIONS.md EXC-P0-004,"Independent testability of owned state, contracts, controls, quality dimensions and degraded behaviour in SaaS, Private Cloud and On-Premise is unproven (local profile only)",tracking id: boxed rule | release_status merged → branch-only from the evidence at 2e83945,,branch+main+test,
V03-T-082,V3,10 Intelligence Layer,28,Truth-state labels on every output,V03-F004,intelligence,implemented,passed:harness,merged,phase2,done,packages/contracts/src/truth-state.ts; apps/api/src/objects/objects.service.ts:188-195; test/int/phase2-acceptance.test.ts,,tracking id: normative bullet without source identifier,v03.txt:page 28:L872-L888,main+test,
V03-T-083,V3,10 Intelligence Layer,28,Evidence references remain mandatory,V03-F004,intelligence,implemented,passed:harness,merged,phase2,done,packages/contracts/src/header.ts:82-89; migrations/0006:77; migrations/0023:286-323; test/int/phase2-acceptance.test.ts:339,,tracking id: normative bullet without source identifier,v03.txt:page 28:L873-L888,main+test,
V03-T-084,V3,10 Intelligence Layer,28,Model and prompt versions are explicit,V03-F004,intelligence,implemented,passed:harness,merged,phase2,done,"migrations/0023:72,158 (methods_current, gateway_calls); apps/api/src/intelligence/methods/methods.service.ts; test/int/phase2-acceptance.test.ts:363",,tracking id: normative bullet without source identifier,v03.txt:page 28:L874-L888,main+test,
V03-T-085,V3,10 Intelligence Layer,28,Human review thresholds follow risk and impact,V03-F004,intelligence,partial,unverified,merged,phase2,P2,apps/api/src/intelligence/review/review.service.ts (confidence threshold),Threshold is confidence-only; no risk/impact class routing,tracking id: normative bullet without source identifier | passed:harness lacked a resolved test/CI pointer → unverified,v03.txt:page 28:L875-L888,main,
V03-T-086,V3,10 Intelligence Layer,28,Derived objects never replace source evidence,V03-F004,intelligence,implemented,passed:harness,merged,phase2,done,migrations/0022 (immutable evidence); migrations/0023:286-323 (claims link to evidence); test/int/phase2-acceptance.test.ts,,tracking id: normative bullet without source identifier,v03.txt:page 28:L876-L888,main+test,
V03-T-087,V3,10 Intelligence Layer,28,Abstain when evidence or model fitness is insufficient,V03-F004,intelligence,implemented,passed:harness,merged,phase2,done,"apps/api/src/intelligence/gateway/model-gateway.service.ts:65,117-123; apps/api/src/intelligence/extraction/extraction.service.ts:207-224; test/int/phase2-acceptance.test.ts:388",,tracking id: normative bullet without source identifier,v03.txt:page 28:L878-L888,main+test,
V03-T-088,V3,10 Intelligence Layer,28,Route to deterministic fallback or human review,V03-F004,intelligence,partial,unverified,merged,phase2,P2,apps/api/src/intelligence/review/review.service.ts,No deterministic fallback route in the gateway,tracking id: normative bullet without source identifier | passed:harness lacked a resolved test/CI pointer → unverified,v03.txt:page 28:L879-L888,main,
V03-T-089,V3,10 Intelligence Layer,28,Expose reduced confidence and unavailable methods,V03-F004,intelligence,partial,unverified,merged,phase2,P2,migrations/0023:301 (confidence); apps/web/app/intelligence/methods,Unavailable methods are not surfaced on outputs,tracking id: normative bullet without source identifier | passed:harness lacked a resolved test/CI pointer → unverified,v03.txt:page 28:L880-L888,main,
V03-T-090,V3,10 Intelligence Layer,28,Quarantine prompt-injection or malicious content,V03-F004,intelligence,partial,passed:harness,merged,phase1,P2,test/int/phase1-hostile-input.test.ts; apps/api/src/observation/connectors/content-controls.ts,No prompt-injection detection in the extraction path,tracking id: normative bullet without source identifier,v03.txt:page 28:L881-L888,main+test,
V03-T-091,V3,10 Intelligence Layer,28,Prevent downstream promotion when required review is missing,V03-F004,intelligence,implemented,passed:harness,merged,phase2,done,"migrations/0023:329-347 (review gate); test/int/phase2-acceptance.test.ts:427,518",,tracking id: normative bullet without source identifier,v03.txt:page 28:L882-L888,main+test,
V03-T-092,V3,10 Intelligence Layer,28,"Layer Acceptance: Intelligence Layer conforms only when its owned state, interface contracts, control obligations, quality dimensions, and degraded behavior remain independently testable in SaaS, Private Cloud, and On-Premise operation.",V03-F004,intelligence,partial,passed:harness,branch-only,phase0,P7-D,test/int/** (phase 1-6 harness on the local profile only); conformance.manifest.json; EXCEPTIONS.md EXC-P0-004,"Independent testability of owned state, contracts, controls, quality dimensions and degraded behaviour in SaaS, Private Cloud and On-Premise is unproven (local profile only)",tracking id: boxed rule | release_status merged → branch-only from the evidence at 2e83945,,branch+main+test,
V03-T-093,V3,11 Enterprise Memory,30,Tenant and object-level access,V03-F005,memory-graph,implemented,passed:harness,merged,phase0,done,apps/api/src/policy/pdp.service.ts; RLS in migrations; test/int/domain-isolation.test.ts,,tracking id: normative bullet without source identifier,v03.txt:page 30:L966-L982,main+test,
V03-T-094,V3,11 Enterprise Memory,30,Versioned corrections rather than destructive overwrite,V03-F005,memory-graph,implemented,passed:harness,merged,phase1,done,apps/api/src/objects/objects.service.ts:91-121; test/int/phase1-acceptance.test.ts:702-805,,tracking id: normative bullet without source identifier,v03.txt:page 30:L968-L982,main+test,
V03-T-095,V3,11 Enterprise Memory,30,Lawful retention and verifiable deletion,V03-F005,memory-graph,partial,passed:harness,branch-only,phase1,P3,"migrations/0022:375 (legal_hold), :956 (set_rights_state), :1279-1301 (record_manifest); apps/api/src/observation/vault/vault.service.ts:233 (tombstone); test/int/phase6-scheduled-corrections.test.ts:222",legal_hold never read or enforced; no retention-expiry job; deletion = blob tombstone without residual-reference proof; no customer-export-on-retention workflow,tracking id: normative bullet without source identifier | release_status merged → branch-only from the evidence at 2e83945,v03.txt:page 30:L969-L982,branch+main+test,
V03-T-096,V3,11 Enterprise Memory,30,Isolation of unverified synthetic and model-generated content,V03-F005,memory-graph,implemented,unverified,branch-only,phase2,P3,packages/contracts/src/truth-state.ts (inferred/synthetic states); migrations/0032:221,"verification evidence of the required class (harness, browser, CI or deployment) for the released artefact",tracking id: normative bullet without source identifier | release_status merged → branch-only from the evidence at 2e83945 | passed:harness lacked a resolved test/CI pointer → unverified,v03.txt:page 30:L970-L982,branch+main,
V03-T-097,V3,11 Enterprise Memory,30,Fallback to metadata-only retrieval when content tier is unavailable,V03-F005,memory-graph,partial,unverified,merged,phase3,P3,apps/api/src/graph/search/search.service.ts (metadata-only always),No content tier; degraded fallback semantics undefined,tracking id: normative bullet without source identifier | passed:harness lacked a resolved test/CI pointer → unverified,v03.txt:page 30:L972-L982,main,
V03-T-098,V3,11 Enterprise Memory,30,Prevent stale index results from appearing current,V03-F005,memory-graph,partial,unverified,merged,phase3,P3,apps/api/src/graph/search/search.service.ts (queries canonical tables directly),No separate index; staleness marker absent,tracking id: normative bullet without source identifier | passed:harness lacked a resolved test/CI pointer → unverified,v03.txt:page 30:L973-L982,main,
V03-T-099,V3,11 Enterprise Memory,30,Expose partial reconstruction,V03-F005,memory-graph,partial,unverified,merged,phase3,P7-D,"apps/api/src/graph/graph.controller.ts:417,500,561 (traversal completeness)",Partial reconstruction not declared on object/memory reads,tracking id: normative bullet without source identifier | passed:harness lacked a resolved test/CI pointer → unverified,v03.txt:page 30:L974-L982,main,
V03-T-100,V3,11 Enterprise Memory,30,Pause deletion when referential scope cannot be proven,V03-F005,memory-graph,missing,unverified,none,omission,P3,,No referential-scope check before tombstoning,tracking id: normative bullet without source identifier,v03.txt:page 30:L975-L982,,
V03-T-101,V3,11 Enterprise Memory,30,"Recover indexes from canonical records, not vice versa",V03-F005,memory-graph,implemented,passed:harness,merged,phase1,done,"migrations/0005:4 (audit.rebuild_chain_heads); migrations/0022:1862, 0023:938, 0024:1436 (projection rebuilds); test/int/gate22-degraded-recovery.test.ts",,tracking id: normative bullet without source identifier,v03.txt:page 30:L976-L982,main+test,
V03-T-102,V3,11 Enterprise Memory,30,"Layer Acceptance: Enterprise Memory conforms only when its owned state, interface contracts, control obligations, quality dimensions, and degraded behavior remain independently testable in SaaS, Private Cloud, and On-Premise operation.",V03-F005,memory-graph,partial,passed:harness,branch-only,phase0,P7-D,test/int/** (phase 1-6 harness on the local profile only); conformance.manifest.json; EXCEPTIONS.md EXC-P0-004,"Independent testability of owned state, contracts, controls, quality dimensions and degraded behaviour in SaaS, Private Cloud and On-Premise is unproven (local profile only)",tracking id: boxed rule | release_status merged → branch-only from the evidence at 2e83945,,branch+main+test,
V03-T-103,V3,12 Knowledge Graph,32,"No edge without type, time, provenance, and policy context",V03-F005,memory-graph,implemented,passed:harness,merged,phase3,done,migrations/0024:385-403; migrations/0025:137 (edge admission); test/int/phase3-acceptance.test.ts:503,,tracking id: normative bullet without source identifier,v03.txt:page 32:L1067-L1072,main+test,
V03-T-104,V3,12 Knowledge Graph,32,Identity merges and splits are reversible,V03-F005,memory-graph,partial,passed:harness,merged,phase3,P3,"migrations/0024:226-245 (resolution_events/resolutions_current); apps/api/src/graph/entities/resolution.service.ts; test/int/phase3-acceptance.test.ts:460,474","Merge is recorded; split and reversal of a merge, ordering/retry/escalation of reconciliation not implemented",tracking id: normative bullet without source identifier,v03.txt:page 32:L1068-L1072,main+test,
V03-T-105,V3,12 Knowledge Graph,32,Ontology changes require compatibility analysis,V03-F005,memory-graph,missing,unverified,none,omission,P3,,No ontology registry,tracking id: normative bullet without source identifier,v03.txt:page 32:L1069-L1072,,
V03-T-106,V3,12 Knowledge Graph,32,Graph queries remain permission-aware,V03-F005,memory-graph,implemented,passed:harness,merged,phase3,done,"apps/api/src/graph/graph.controller.ts; apps/api/src/graph/search/search.service.ts; test/int/phase3-acceptance.test.ts:762,774",,tracking id: normative bullet without source identifier,v03.txt:page 32:L1070-L1072,main+test,
V03-T-107,V3,12 Knowledge Graph,32,Synthetic relationships are explicitly marked,V03-F005,memory-graph,partial,unverified,merged,phase3,P3,packages/contracts/src/truth-state.ts (synthetic state on header),Edges carry truth state but no synthetic-relationship marker distinct from twin branches,tracking id: normative bullet without source identifier | passed:harness lacked a resolved test/CI pointer → unverified,v03.txt:page 32:L1071-L1072,main,
V03-T-108,V3,12 Knowledge Graph,33,Serve last-known graph revision with staleness marker,V03-F005,memory-graph,missing,unverified,none,omission,P7-D,,No staleness marker on graph reads,tracking id: normative bullet without source identifier,v03.txt:page 33:L1076-L1086,,
V03-T-109,V3,12 Knowledge Graph,33,Queue writes when validation or consensus is unavailable,V03-F005,memory-graph,missing,unverified,none,omission,P7-D,,Writes fail instead of queueing,tracking id: normative bullet without source identifier,v03.txt:page 33:L1077-L1086,,
V03-T-110,V3,12 Knowledge Graph,33,Prevent partial multi-object revisions,V03-F005,memory-graph,partial,unverified,merged,phase3,P3,apps/api/src/pipeline/pipeline.service.ts (single-object transactional writes),"No multi-object Graph Revision, so atomicity across objects is unavailable",tracking id: normative bullet without source identifier | passed:harness lacked a resolved test/CI pointer → unverified,v03.txt:page 33:L1078-L1086,main,
V03-T-111,V3,12 Knowledge Graph,33,Expose unresolved identities rather than forcing links,V03-F005,memory-graph,implemented,passed:harness,merged,phase3,done,"apps/api/src/graph/entities/resolution.service.ts (unresolved candidates); apps/web/app/graph/resolutions; test/int/phase3-acceptance.test.ts:460,474",,tracking id: normative bullet without source identifier,v03.txt:page 33:L1079-L1086,main+test,
V03-T-112,V3,12 Knowledge Graph,33,Rebuild projections from revision history,V03-F005,memory-graph,implemented,passed:harness,merged,phase3,done,migrations/0024:1436 (graph projection rebuild); test/int/gate22-degraded-recovery.test.ts,,tracking id: normative bullet without source identifier,v03.txt:page 33:L1080-L1086,main+test,
V03-T-113,V3,12 Knowledge Graph,33,"Layer Acceptance: Knowledge Graph conforms only when its owned state, interface contracts, control obligations, quality dimensions, and degraded behavior remain independently testable in SaaS, Private Cloud, and On-Premise operation.",V03-F005,memory-graph,partial,passed:harness,branch-only,phase0,P7-D,test/int/** (phase 1-6 harness on the local profile only); conformance.manifest.json; EXCEPTIONS.md EXC-P0-004,"Independent testability of owned state, contracts, controls, quality dimensions and degraded behaviour in SaaS, Private Cloud and On-Premise is unproven (local profile only)",tracking id: boxed rule | release_status merged → branch-only from the evidence at 2e83945,,branch+main+test,
V03-T-114,V3,13 Digital Twins,35,Observed and synthetic state separation,V03-F006,twin-simulation,implemented,passed:harness,branch-only,phase5,done,migrations/0032:221; test/int/phase5-twins.test.ts,,tracking id: normative bullet without source identifier,v03.txt:page 35:L1166-L1182,branch+test,
V03-T-115,V3,13 Digital Twins,35,Exact evidence and graph revision per snapshot,V03-F006,twin-simulation,implemented,passed:harness,branch-only,phase5,done,apps/api/src/twin/twins/twin.service.ts:33-56 (typed citations); migrations/0032:458 (digest); test/int/phase5-twins.test.ts,,tracking id: normative bullet without source identifier,v03.txt:page 35:L1167-L1182,branch+test,
V03-T-116,V3,13 Digital Twins,35,Versioned model and assumption bindings,V03-F006,twin-simulation,implemented,unverified,branch-only,phase5,P5,"migrations/0032:49,105 (behaviour_models); migrations/0032:221 (assumed elements)","verification evidence of the required class (harness, browser, CI or deployment) for the released artefact",tracking id: normative bullet without source identifier | passed:harness lacked a resolved test/CI pointer → unverified,v03.txt:page 35:L1168-L1182,branch,
V03-T-117,V3,13 Digital Twins,35,Declared operating envelope,V03-F006,twin-simulation,missing,unverified,none,omission,P5,,No operating envelope on twins/models,tracking id: normative bullet without source identifier,v03.txt:page 35:L1164-L1182,,
V03-T-118,V3,13 Digital Twins,35,Simulation preserves the exact twin version used,V03-F006,twin-simulation,implemented,passed:harness,branch-only,phase5,done,"migrations/0033:47-107; migrations/0036:23,57; test/int/phase5-simulations.test.ts",,tracking id: normative bullet without source identifier,v03.txt:page 35:L1170-L1182,branch+test,
V03-T-119,V3,13 Digital Twins,35,Freeze last validated snapshot with freshness warning,V03-F006,twin-simulation,partial,unverified,branch-only,phase5,P5,migrations/0032:229 (health); migrations/0032 cut-offs,No freshness warning on stale snapshots,tracking id: normative bullet without source identifier | passed:harness lacked a resolved test/CI pointer → unverified,v03.txt:page 35:L1172-L1182,branch,
V03-T-120,V3,13 Digital Twins,35,Disable behaviors outside calibrated envelope,V03-F006,twin-simulation,missing,unverified,none,omission,P5,,No envelope,tracking id: normative bullet without source identifier,v03.txt:page 35:L1173-L1182,,
V03-T-121,V3,13 Digital Twins,35,Require reconciliation before merging a branch,V03-F006,twin-simulation,partial,unverified,branch-only,phase5,P5,apps/api/src/twin/twins/twin.service.ts (branches are never merged back),Branch merge does not exist; reconciliation-before-merge cannot be enforced,tracking id: normative bullet without source identifier | passed:harness lacked a resolved test/CI pointer → unverified,v03.txt:page 35:L1174-L1182,branch,
V03-T-122,V3,13 Digital Twins,35,Expose missing variables and dependency uncertainty,V03-F006,twin-simulation,partial,passed:harness,branch-only,phase5,P5,"migrations/0036:23,57 (input availability); test/int/phase5-simulations.test.ts",Dependency uncertainty not exposed on twin state,tracking id: normative bullet without source identifier,v03.txt:page 35:L1175-L1182,branch+test,
V03-T-123,V3,13 Digital Twins,35,Prevent synthetic branch leakage into observed state,V03-F006,twin-simulation,implemented,passed:harness,branch-only,phase5,done,"migrations/0032:163,221; test/int/phase5-simulations.test.ts",,tracking id: normative bullet without source identifier,v03.txt:page 35:L1176-L1182,branch+test,
V03-T-124,V3,13 Digital Twins,35,"Layer Acceptance: Digital Twins conforms only when its owned state, interface contracts, control obligations, quality dimensions, and degraded behavior remain independently testable in SaaS, Private Cloud, and On-Premise operation.",V03-F006,twin-simulation,partial,passed:harness,branch-only,phase0,P7-D,test/int/** (phase 1-6 harness on the local profile only); conformance.manifest.json; EXCEPTIONS.md EXC-P0-004,"Independent testability of owned state, contracts, controls, quality dimensions and degraded behaviour in SaaS, Private Cloud and On-Premise is unproven (local profile only)",tracking id: boxed rule | release_status merged → branch-only from the evidence at 2e83945,,branch+main+test,
V03-T-125,V3,14 Prediction Engine,37,Horizon-specific method selection,V03-F007,prediction,partial,unverified,branch-only,phase4,P4,"apps/api/src/prediction/models/models.ts:31-33,104,214",Two methods; selection not horizon-specific by policy,tracking id: normative bullet without source identifier | passed:harness lacked a resolved test/CI pointer → unverified,v03.txt:page 37:L1259-L1275,branch,
V03-T-126,V3,14 Prediction Engine,37,Distribution rather than point estimate by default,V03-F007,prediction,implemented,passed:harness,branch-only,phase4,done,apps/api/src/prediction/forecasting/forecasting.service.ts:213-228 (quantiles); test/int/phase4-acceptance.test.ts:487,,tracking id: normative bullet without source identifier,v03.txt:page 37:L1260-L1275,branch+test,
V03-T-127,V3,14 Prediction Engine,37,Model and feature lineage,V03-F007,prediction,implemented,unverified,branch-only,phase4,P4,migrations/0029:102-149 (model/series vintage on package); apps/api/src/prediction/series/series.service.ts:1-19,"verification evidence of the required class (harness, browser, CI or deployment) for the released artefact",tracking id: normative bullet without source identifier | passed:harness lacked a resolved test/CI pointer → unverified,v03.txt:page 37:L1261-L1275,branch,
V03-T-128,V3,14 Prediction Engine,37,Calibration and failure conditions,V03-F007,prediction,implemented,passed:harness,branch-only,phase4,P4,"apps/api/src/prediction/forecasting/forecasting.service.ts:115-125,180-183,457; test/int/phase4-acceptance.test.ts:505",No per-forecast calibration record,tracking id: normative bullet without source identifier,v03.txt:page 37:L1262-L1275,branch+test,
V03-T-129,V3,14 Prediction Engine,37,Alternative models and disagreement remain inspectable,V03-F007,prediction,missing,unverified,none,omission,P4,,No ensemble/disagreement,tracking id: normative bullet without source identifier,v03.txt:page 37:L1263-L1275,,
V03-T-130,V3,14 Prediction Engine,37,Abstain or widen uncertainty when fitness fails,V03-F007,prediction,implemented,passed:harness,branch-only,phase4,done,"apps/api/src/prediction/forecasting/forecasting.service.ts:79-99,142-154 (leash), :115-125 (refusals); test/int/phase4-acceptance.test.ts",,tracking id: normative bullet without source identifier,v03.txt:page 37:L1265-L1275,branch+test,
V03-T-131,V3,14 Prediction Engine,37,Serve prior forecast only with explicit expiry state,V03-F007,prediction,implemented,passed:harness,branch-only,phase4,done,"migrations/0031:25-34,168-196 (publication calendar, expiry); test/int/phase4-corrections-calendar.test.ts:72-118",,tracking id: normative bullet without source identifier,v03.txt:page 37:L1266-L1275,branch+test,
V03-T-132,V3,14 Prediction Engine,37,Exclude unavailable model paths and disclose loss,V03-F007,prediction,missing,unverified,none,omission,P4,,No model-path availability disclosure,tracking id: normative bullet without source identifier,v03.txt:page 37:L1267-L1275,,
V03-T-133,V3,14 Prediction Engine,37,Prevent warnings from treating withdrawn forecasts as current,V03-F007,prediction,implemented,passed:harness,branch-only,phase4,done,migrations/0029 ~475-520 (attention_state); migrations/0031:168-196; test/int/phase4-corrections.test.ts:217,,tracking id: normative bullet without source identifier,v03.txt:page 37:L1268-L1275,branch+test,
V03-T-134,V3,14 Prediction Engine,37,Route material failures to scenario and decision owners,V03-F007,prediction,partial,unverified,branch-only,phase4,P4,apps/api/src/prediction/scenarios/scenarios.service.ts:278 (warning routing),Forecast failures are not routed to scenario/decision owners,tracking id: normative bullet without source identifier | passed:harness lacked a resolved test/CI pointer → unverified,v03.txt:page 37:L1269-L1275,branch,
V03-T-135,V3,14 Prediction Engine,37,"Layer Acceptance: Prediction Engine conforms only when its owned state, interface contracts, control obligations, quality dimensions, and degraded behavior remain independently testable in SaaS, Private Cloud, and On-Premise operation.",V03-F007,prediction,partial,passed:harness,branch-only,phase0,P7-D,test/int/** (phase 1-6 harness on the local profile only); conformance.manifest.json; EXCEPTIONS.md EXC-P0-004,"Independent testability of owned state, contracts, controls, quality dimensions and degraded behaviour in SaaS, Private Cloud and On-Premise is unproven (local profile only)",tracking id: boxed rule | release_status merged → branch-only from the evidence at 2e83945,,branch+main+test,
V03-T-136,V3,15 Scenario Intelligence,39,Multiple branches remain visible,V03-F008,prediction,implemented,passed:harness,branch-only,phase4,done,migrations/0029:321-353; test/int/phase4-acceptance.test.ts:573,,tracking id: normative bullet without source identifier,v03.txt:page 39:L1358-L1374,branch+test,
V03-T-137,V3,15 Scenario Intelligence,39,Assumptions are explicit and versioned,V03-F008,prediction,partial,unverified,merged,phase3,P4,migrations/0024:478-508 (ASU strategy objects),Scenario branches do not bind versioned assumptions,tracking id: normative bullet without source identifier | passed:harness lacked a resolved test/CI pointer → unverified,v03.txt:page 39:L1359-L1374,main,
V03-T-138,V3,15 Scenario Intelligence,39,Evidence and forecast dependencies are linked,V03-F008,prediction,implemented,passed:harness,branch-only,phase5,done,"migrations/0036:81-102 (scenario as-of binding to forecasts); test/int/phase5-corrections.test.ts:451,526",,tracking id: normative bullet without source identifier,v03.txt:page 39:L1360-L1374,branch+test,
V03-T-139,V3,15 Scenario Intelligence,39,Indicators have owners and thresholds,V03-F008,prediction,implemented,passed:harness,branch-only,phase4,done,migrations/0029:275-317; test/int/phase4-acceptance.test.ts:628,,tracking id: normative bullet without source identifier,v03.txt:page 39:L1361-L1374,branch+test,
V03-T-140,V3,15 Scenario Intelligence,39,Imported packages cannot access customer memory by default,V03-F008,prediction,missing,unverified,none,phase7,P7-C,,No package import,tracking id: normative bullet without source identifier,v03.txt:page 39:L1362-L1374,,
V03-T-141,V3,15 Scenario Intelligence,39,Suspend a branch when critical assumptions become invalid,V03-F008,prediction,partial,unverified,merged,phase3,P4,migrations/0024:555-573 (invalidations); apps/api/src/graph/strategy/impact.service.ts,Assumption invalidation flags dependents but does not suspend scenario branches,tracking id: normative bullet without source identifier | passed:harness lacked a resolved test/CI pointer → unverified,v03.txt:page 39:L1364-L1374,main,
V03-T-142,V3,15 Scenario Intelligence,39,Expose missing indicators and stale dependencies,V03-F008,prediction,partial,passed:harness,branch-only,phase5,P4,migrations/0036:81-102; test/int/phase5-corrections.test.ts,Missing indicators not surfaced,tracking id: normative bullet without source identifier,v03.txt:page 39:L1365-L1374,branch+test,
V03-T-143,V3,15 Scenario Intelligence,39,Prevent incoherent branches from entering simulation,V03-F008,prediction,partial,passed:harness,branch-only,phase5,P4,"apps/api/src/prediction/scenarios/scenarios.service.ts:61,66; test/unit/phase5-refusals.test.ts:57",Structural check only,tracking id: normative bullet without source identifier,v03.txt:page 39:L1366-L1374,branch+test,
V03-T-144,V3,15 Scenario Intelligence,39,Retain retired branches for Decision Replay,V03-F008,prediction,missing,unverified,none,omission,P4,,No retirement,tracking id: normative bullet without source identifier,v03.txt:page 39:L1367-L1374,,
V03-T-145,V3,15 Scenario Intelligence,39,Route material branch movement to accountable owners,V03-F008,prediction,implemented,passed:harness,branch-only,phase4,done,apps/api/src/prediction/scenarios/scenarios.service.ts:269-278; test/int/phase4-acceptance.test.ts:628,,tracking id: normative bullet without source identifier,v03.txt:page 39:L1368-L1374,branch+test,
V03-T-146,V3,15 Scenario Intelligence,39,"Layer Acceptance: Scenario Intelligence conforms only when its owned state, interface contracts, control obligations, quality dimensions, and degraded behavior remain independently testable in SaaS, Private Cloud, and On-Premise operation.",V03-F008,prediction,partial,passed:harness,branch-only,phase0,P7-D,test/int/** (phase 1-6 harness on the local profile only); conformance.manifest.json; EXCEPTIONS.md EXC-P0-004,"Independent testability of owned state, contracts, controls, quality dimensions and degraded behaviour in SaaS, Private Cloud and On-Premise is unproven (local profile only)",tracking id: boxed rule | release_status merged → branch-only from the evidence at 2e83945,,branch+main+test,
V03-T-147,V3,16 Simulation Engine,41,"Exact model, twin, scenario, and policy versions",V03-F009,twin-simulation,implemented,unverified,branch-only,phase5,P5,apps/api/src/twin/simulations/simulation.service.ts:312-352; migrations/0033:47-107; migrations/0036,"verification evidence of the required class (harness, browser, CI or deployment) for the released artefact",tracking id: normative bullet without source identifier | passed:harness lacked a resolved test/CI pointer → unverified,v03.txt:page 41:L1450-L1466,branch,
V03-T-148,V3,16 Simulation Engine,41,Seed and environment capture,V03-F009,twin-simulation,implemented,unverified,branch-only,phase5,P5,migrations/0033:148; apps/api/src/twin/simulations/reproduce-worker.ts,Environment (runtime/version) capture limited to digest,tracking id: normative bullet without source identifier | passed:harness lacked a resolved test/CI pointer → unverified,v03.txt:page 41:L1451-L1466,branch,
V03-T-149,V3,16 Simulation Engine,41,Resource budgets and stop conditions,V03-F009,twin-simulation,partial,unverified,branch-only,phase5,P5,apps/api/src/twin/simulations/simulation.service.ts:571 (60 s cap),No declared budgets or stop conditions per experiment,tracking id: normative bullet without source identifier | passed:harness lacked a resolved test/CI pointer → unverified,v03.txt:page 41:L1452-L1466,branch,
V03-T-150,V3,16 Simulation Engine,41,No write-back to observed state,V03-F009,twin-simulation,implemented,passed:harness,branch-only,phase5,done,"migrations/0032:163,221; test/int/phase5-simulations.test.ts",,tracking id: normative bullet without source identifier,v03.txt:page 41:L1453-L1466,branch+test,
V03-T-151,V3,16 Simulation Engine,41,Reproducibility package accompanies material results,V03-F009,twin-simulation,implemented,passed:harness,branch-only,phase5,done,"migrations/0033:131,148; test/int/phase5-simulations.test.ts",,tracking id: normative bullet without source identifier,v03.txt:page 41:L1454-L1466,branch+test,
V03-T-152,V3,16 Simulation Engine,41,Fail closed when required versions cannot resolve,V03-F009,twin-simulation,implemented,passed:harness,branch-only,phase5,done,"migrations/0036:23,57; apps/api/src/twin/simulations/simulation.service.ts:312-352; test/int/phase5-simulations.test.ts",,tracking id: normative bullet without source identifier,v03.txt:page 41:L1456-L1466,branch+test,
V03-T-153,V3,16 Simulation Engine,41,Return partial runs only with declared missing outputs,V03-F009,twin-simulation,missing,unverified,none,omission,P5,,No partial-run state,tracking id: normative bullet without source identifier,v03.txt:page 41:L1457-L1466,,
V03-T-154,V3,16 Simulation Engine,41,Contain unstable solver adapters,V03-F009,twin-simulation,missing,unverified,none,omission,P5,,No adapters,tracking id: normative bullet without source identifier,v03.txt:page 41:L1458-L1466,,
V03-T-155,V3,16 Simulation Engine,41,Preserve checkpoints and audit continuity,V03-F009,twin-simulation,partial,unverified,branch-only,phase5,P5,migrations/0033:30 (run_events),No checkpoints,tracking id: normative bullet without source identifier | passed:harness lacked a resolved test/CI pointer → unverified,v03.txt:page 41:L1459-L1466,branch,
V03-T-156,V3,16 Simulation Engine,41,Prevent invalid results from remaining decision-active,V03-F009,twin-simulation,partial,unverified,branch-only,phase5,P5,migrations/0041:222 (dop_simulated_cites_run),Invalidated runs are not flagged on citing decision packages,tracking id: normative bullet without source identifier | passed:harness lacked a resolved test/CI pointer → unverified,v03.txt:page 41:L1460-L1466,branch,
V03-T-157,V3,16 Simulation Engine,41,"Layer Acceptance: Simulation Engine conforms only when its owned state, interface contracts, control obligations, quality dimensions, and degraded behavior remain independently testable in SaaS, Private Cloud, and On-Premise operation.",V03-F009,twin-simulation,partial,passed:harness,branch-only,phase0,P7-D,test/int/** (phase 1-6 harness on the local profile only); conformance.manifest.json; EXCEPTIONS.md EXC-P0-004,"Independent testability of owned state, contracts, controls, quality dimensions and degraded behaviour in SaaS, Private Cloud and On-Premise is unproven (local profile only)",tracking id: boxed rule | release_status merged → branch-only from the evidence at 2e83945,,branch+main+test,
V03-T-158,V3,17 Decision Intelligence,43,Separation of preparation and approval,V03-F010,decision,implemented,passed:harness,branch-only,phase6,done,"migrations/0042:190 (SoD); migrations/0043:33 (committer != approver); test/int/phase6-approvals.test.ts:91,105",,tracking id: normative bullet without source identifier,v03.txt:page 43:L1557-L1561,branch+test,
V03-T-159,V3,17 Decision Intelligence,43,Alternatives and dissent retained,V03-F010,decision,implemented,passed:harness,branch-only,phase6,done,"migrations/0041:195,242; migrations/0047; test/int/phase6-decisions.test.ts:179",,tracking id: normative bullet without source identifier,v03.txt:page 43:L1558-L1561,branch+test,
V03-T-160,V3,17 Decision Intelligence,43,Recommendation criteria remain inspectable,V03-F010,decision,partial,unverified,branch-only,phase6,P6,migrations/0041 (criteria text on options),"Criteria are free text, not inspectable scoring",tracking id: normative bullet without source identifier | passed:harness lacked a resolved test/CI pointer → unverified,v03.txt:page 43:L1559-L1561,branch,
V03-T-161,V3,17 Decision Intelligence,43,State of knowledge at decision time is immutable for replay,V03-F010,decision,implemented,passed:harness,branch-only,phase6,done,"migrations/0041:137; migrations/0043:178; test/int/phase6-replay.test.ts:76,129",,tracking id: normative bullet without source identifier,v03.txt:page 43:L1560-L1561,branch+test,
V03-T-162,V3,17 Decision Intelligence,44,Block commitment when mandatory evidence or approval is missing,V03-F010,decision,implemented,passed:harness,branch-only,phase6,done,migrations/0041:555 (completeness gate); migrations/0043:33; test/int/phase6-approvals.test.ts:141,,tracking id: normative bullet without source identifier,v03.txt:page 44:L1565-L1575,branch+test,
V03-T-163,V3,17 Decision Intelligence,44,Expose stale or withdrawn inputs,V03-F010,decision,implemented,passed:harness,branch-only,phase6,done,"migrations/0042:186 (stale-context approval block); test/int/phase6-review-corrections.test.ts:110,133",,tracking id: normative bullet without source identifier,v03.txt:page 44:L1566-L1575,branch+test,
V03-T-164,V3,17 Decision Intelligence,44,"Allow human deferral, rejection, or request for information",V03-F010,decision,partial,unverified,branch-only,phase6,P6,migrations/0041:65 (state machine); migrations/0042:225 (revoke_approval),No defer / request-for-information transitions,tracking id: normative bullet without source identifier | passed:harness lacked a resolved test/CI pointer → unverified,v03.txt:page 44:L1567-L1575,branch,
V03-T-165,V3,17 Decision Intelligence,44,Prevent agent self-approval,V03-F010,decision,implemented,passed:harness,branch-only,phase6,done,migrations/0042:100 (eligibility); test/unit/pdp-phase6-authority.test.ts; test/int/phase6-approvals.test.ts:59,,tracking id: normative bullet without source identifier,v03.txt:page 44:L1568-L1575,branch+test,
V03-T-166,V3,17 Decision Intelligence,44,Reopen rather than silently rewriting a committed decision,V03-F010,decision,partial,unverified,branch-only,phase6,P6,migrations/0041:137 (immutability); migrations/0043:103 (post-commit revocation history),No reopen transition,tracking id: normative bullet without source identifier | passed:harness lacked a resolved test/CI pointer → unverified,v03.txt:page 44:L1569-L1575,branch,
V03-T-167,V3,17 Decision Intelligence,44,"Layer Acceptance: Decision Intelligence conforms only when its owned state, interface contracts, control obligations, quality dimensions, and degraded behavior remain independently testable in SaaS, Private Cloud, and On-Premise operation.",V03-F010,decision,partial,passed:harness,branch-only,phase0,P7-D,test/int/** (phase 1-6 harness on the local profile only); conformance.manifest.json; EXCEPTIONS.md EXC-P0-004,"Independent testability of owned state, contracts, controls, quality dimensions and degraded behaviour in SaaS, Private Cloud and On-Premise is unproven (local profile only)",tracking id: boxed rule | release_status merged → branch-only from the evidence at 2e83945,,branch+main+test,
V03-T-168,V3,18 Executive Operating System,46,Role and need-to-know access,V03-F011,executive-os,implemented,passed:harness,branch-only,phase6,done,apps/api/src/decision/clearance.ts:33-56; migrations/0044:46 (room_members); test/int/phase6-briefings.test.ts,,tracking id: normative bullet without source identifier,v03.txt:page 46:L1657-L1673,branch+test,
V03-T-169,V3,18 Executive Operating System,46,Materiality and notification policy,V03-F011,executive-os,missing,unverified,none,omission,P6,,No attention/notification policy,tracking id: normative bullet without source identifier,v03.txt:page 46:L1658-L1673,,
V03-T-170,V3,18 Executive Operating System,46,Every displayed conclusion links to evidence and uncertainty,V03-F011,executive-os,partial,unverified,branch-only,phase6,P6,"apps/api/src/executive/briefings/briefing.service.ts (deterministic digest, labelled narrative)",Briefing sections cite sources; uncertainty not shown per conclusion,tracking id: normative bullet without source identifier | passed:harness lacked a resolved test/CI pointer → unverified,v03.txt:page 46:L1659-L1673,branch,
V03-T-171,V3,18 Executive Operating System,46,Suppression and delegation remain visible,V03-F011,executive-os,missing,unverified,none,omission,P6,,No suppression/delegation,tracking id: normative bullet without source identifier,v03.txt:page 46:L1660-L1673,,
V03-T-172,V3,18 Executive Operating System,46,Access mode never changes canonical meaning,V03-F011,executive-os,partial,unverified,branch-only,phase6,P7-E,apps/web/app/decisions/**,Single web access mode only,tracking id: normative bullet without source identifier | passed:harness lacked a resolved test/CI pointer → unverified,v03.txt:page 46:L1661-L1673,branch,
V03-T-173,V3,18 Executive Operating System,46,Expose incomplete briefings and unavailable dependencies,V03-F011,executive-os,partial,unverified,branch-only,phase6,P6,apps/api/src/executive/briefings/briefing.service.ts (source states as-of),Unavailable dependencies not declared on briefings,tracking id: normative bullet without source identifier | passed:harness lacked a resolved test/CI pointer → unverified,v03.txt:page 46:L1663-L1673,branch,
V03-T-174,V3,18 Executive Operating System,46,Prefer silence over false certainty for unsafe products,V03-F011,executive-os,partial,unverified,branch-only,phase6,P6,"apps/api/src/executive/briefings/briefing.service.ts (narrative outside digest, labelled)",No unsafe-product suppression rule,tracking id: normative bullet without source identifier | passed:harness lacked a resolved test/CI pointer → unverified,v03.txt:page 46:L1664-L1673,branch,
V03-T-175,V3,18 Executive Operating System,46,Retain urgent decision state during partial platform outage,V03-F011,executive-os,missing,unverified,none,omission,P7-D,,No degradation order,tracking id: normative bullet without source identifier,v03.txt:page 46:L1665-L1673,,
V03-T-176,V3,18 Executive Operating System,46,Preserve acknowledgement and escalation audit,V03-F011,executive-os,missing,unverified,none,omission,P6,apps/web/lib/warning-timing.ts (ack timeliness display only),No acknowledgement/escalation records,tracking id: normative bullet without source identifier,v03.txt:page 46:L1666-L1673,branch,
V03-T-177,V3,18 Executive Operating System,46,Allow controlled offline briefing packages where policy permits,V03-F011,executive-os,missing,unverified,none,phase7,P7-E,,No offline packages,tracking id: normative bullet without source identifier,v03.txt:page 46:L1667-L1673,,
V03-T-178,V3,18 Executive Operating System,46,"Layer Acceptance: Executive Operating System conforms only when its owned state, interface contracts, control obligations, quality dimensions, and degraded behavior remain independently testable in SaaS, Private Cloud, and On-Premise operation.",V03-F011,executive-os,partial,passed:harness,branch-only,phase0,P7-D,test/int/** (phase 1-6 harness on the local profile only); conformance.manifest.json; EXCEPTIONS.md EXC-P0-004,"Independent testability of owned state, contracts, controls, quality dimensions and degraded behaviour in SaaS, Private Cloud and On-Premise is unproven (local profile only)",tracking id: boxed rule | release_status merged → branch-only from the evidence at 2e83945,,branch+main+test,
V03-T-179,V3,19 Strategy Graph,48,"The Strategy Graph is a governed subgraph of the Knowledge Graph, not a separate planning database. Every material object has an owner, horizon, status, review cadence, and relationship to objectives.",V03-F005,memory-graph,partial,passed:harness,merged,phase3,P3,migrations/0024:458-573; apps/api/src/graph/strategy/strategy.service.ts; test/int/phase3-acceptance.test.ts:902,"Only OBJ|ASU|DEC|CMT|OUT with dependency edges; no supports/conflicts, exposes/mitigates, measured-by classes; no horizon/review cadence",tracking id: normative table row(s) quoted,v03.txt:page 48:L1690-L1723,main+test,
V03-T-180,V3,19 Strategy Graph,48,"Relationship classes supports / conflicts with, depends on, exposes / mitigates, decided by / commits, measured by / evidenced by, each with required control (direction, strength, owner, evidence, time, review; criticality, substitutability, lead time; mechanism, likelihood, response owner; human authority, rationale, approval, replay snapshot; definition, baseline, target, observation time).",V03-F005,memory-graph,partial,passed:harness,merged,phase3,P3,migrations/0024:458-573; apps/api/src/graph/strategy/strategy.service.ts; test/int/phase3-acceptance.test.ts:902,"Only OBJ|ASU|DEC|CMT|OUT with dependency edges; no supports/conflicts, exposes/mitigates, measured-by classes; no horizon/review cadence",tracking id: normative table row(s) quoted,,main+test,
V03-T-181,V3,19 Strategy Graph,49,"An objective without an accountable owner, horizon, and measure is incomplete.",V03-F005,memory-graph,partial,unverified,merged,phase3,P3,migrations/0024:478 (strategy objects have owner),Horizon and measure not required,tracking id: normative bullet without source identifier | passed:harness lacked a resolved test/CI pointer → unverified,v03.txt:page 49:L1727-L1738,main,
V03-T-182,V3,19 Strategy Graph,49,"An assumption without evidence, monitoring indicators, and invalidation conditions is uncontrolled.",V03-F005,memory-graph,partial,unverified,merged,phase3,P3,migrations/0024:504-508 (ASU verification_state); migrations/0024:555-573 (invalidations),No monitoring indicators or invalidation conditions bound to assumptions,tracking id: normative bullet without source identifier | passed:harness lacked a resolved test/CI pointer → unverified,v03.txt:page 49:L1728-L1738,main,
V03-T-183,V3,19 Strategy Graph,49,An initiative without an objective path is orphaned work and enters governance review.,V03-F005,memory-graph,missing,unverified,none,omission,P3,,No initiative object,tracking id: normative bullet without source identifier,v03.txt:page 49:L1729-L1738,,
V03-T-184,V3,19 Strategy Graph,49,"A recommendation without an objective, option, consequence, and authority path cannot become a decision package.",V03-F005,memory-graph,implemented,unverified,branch-only,phase6,P3,migrations/0041:555 (completeness gate requires objectives/options/authority),"verification evidence of the required class (harness, browser, CI or deployment) for the released artefact",tracking id: normative bullet without source identifier | passed:harness lacked a resolved test/CI pointer → unverified,v03.txt:page 49:L1730-L1738,branch,
V03-T-185,V3,19 Strategy Graph,49,A commitment remains linked to the decision context and later outcomes for Decision Replay.,V03-F005,memory-graph,implemented,passed:harness,branch-only,phase6,done,"migrations/0043:33,178; migrations/0045:42; test/int/phase6-replay.test.ts",,tracking id: normative bullet without source identifier,v03.txt:page 49:L1732-L1738,branch+test,
V03-T-186,V3,19 Strategy Graph,49,"Architecture Rule: The Strategy Graph does not score strategy by hiding judgment inside a composite metric. Every roll-up remains decomposable to objectives, evidence, assumptions, dependencies, risks, opportunities, commitments, and outcomes.",V03-F005,memory-graph,missing,unverified,none,omission,P6,,No Strategic Health Score or roll-up exists (absent rather than opaque),tracking id: boxed rule,,,
V03-T-187,V3,20 Temporal Truth and Truth-State Separation,50,Material objects carry valid time and system time. Observation time is recorded separately because a source may report an earlier event much later. Current views are projections over immutable version history.,V03-F012,data-platform,implemented,passed:harness,merged,phase0,done,"migrations/0006:28,84; apps/api/src/objects/objects.service.ts:141-156; test/int/phase1-acceptance.test.ts:290,328",,tracking id: normative table row(s) quoted,v03.txt:page 50:L1747-L1782,main+test,
V03-T-188,V3,20 Temporal Truth and Truth-State Separation,50,"Truth states Observed, Claimed, Inferred, Assessed, Decided, Synthetic, Withdrawn / superseded with promotion constraints: Inferred requires method, evidence, uncertainty, version, and evaluation; Assessed requires rationale, dissent, evidence coverage, and review state; Synthetic must remain isolated from observed state unless explicitly reconciled; Withdrawn history remains available and downstr",V03-F012,data-platform,implemented,unverified,merged,phase2,P2,packages/contracts/src/truth-state.ts:9-69; apps/api/src/objects/objects.service.ts:188-195,No Assessed object; no transition matrix (only EYE_WFL_001),tracking id: normative table row(s) quoted | passed:harness lacked a resolved test/CI pointer → unverified,,main,
V03-T-189,V3,20 Temporal Truth and Truth-State Separation,51,"Current effective state for operational use, with freshness and partial-state markers.",V03-F012,data-platform,partial,unverified,merged,phase0,P7-D,apps/api/src/objects/objects.service.ts:153,Freshness/partial-state markers not on every current read,tracking id: normative bullet without source identifier | passed:harness lacked a resolved test/CI pointer → unverified,v03.txt:page 51:L1786-L1792,main,
V03-T-190,V3,20 Temporal Truth and Truth-State Separation,51,"State valid at a declared world time, based on the best current reconstruction.",V03-F012,data-platform,implemented,passed:harness,branch-only,phase0,done,"apps/api/src/objects/objects.controller.ts:129-146; apps/api/src/graph/graph.controller.ts:48-58; migrations/0037; test/int/phase3-acceptance.test.ts:839,850; test/int/phase6-replay.test.ts:129",,tracking id: normative bullet without source identifier | release_status merged → branch-only from the evidence at 2e83945,v03.txt:page 51:L1787-L1792,branch+main+test,
V03-T-191,V3,20 Temporal Truth and Truth-State Separation,51,"State known at a declared system time, preserving the information boundary of an earlier decision.",V03-F012,data-platform,implemented,passed:harness,branch-only,phase0,done,"apps/api/src/objects/objects.controller.ts:129-146; apps/api/src/graph/graph.controller.ts:48-58; migrations/0037; test/int/phase3-acceptance.test.ts:839,850; test/int/phase6-replay.test.ts:129",,tracking id: normative bullet without source identifier | release_status merged → branch-only from the evidence at 2e83945,v03.txt:page 51:L1788-L1792,branch+main+test,
V03-T-192,V3,20 Temporal Truth and Truth-State Separation,51,"Change set between two revisions, including corrections and downstream impact.",V03-F012,data-platform,missing,unverified,none,omission,P3,,No revision-diff query,tracking id: normative bullet without source identifier,v03.txt:page 51:L1789-L1792,,
V03-T-193,V3,20 Temporal Truth and Truth-State Separation,51,"Scenario or simulation state, explicitly isolated from observed and assessed truth.",V03-F012,data-platform,implemented,passed:harness,branch-only,phase5,done,migrations/0032:221; migrations/0033; test/int/phase5-simulations.test.ts,,tracking id: normative bullet without source identifier,v03.txt:page 51:L1790-L1792,branch+test,
V03-T-194,V3,"21 Trust, Provenance, and Chain of Custody",52,Every material conclusion must support backward explanation and forward impact analysis.,V03-F012,data-platform,partial,passed:harness,merged,phase3,P3,"migrations/0023:286-323; migrations/0024:519,1306; apps/api/src/graph/strategy/impact.service.ts; apps/web/app/graph/impact; test/int/phase3-acceptance.test.ts:627,996","Forward impact excludes warnings, briefings, commitments; backward explanation does not resolve models/agents/reviewers/approvals as a path",tracking id: normative table row(s) quoted,v03.txt:page 52:L1801-L1819,main+test,
V03-T-195,V3,"21 Trust, Provenance, and Chain of Custody",52,"Provenance minimum evidence — Acquisition: source identity, authority, time, endpoint, checksum, custody actor, tenant, classification, and raw reference. Transformation: input versions, code/model/prompt version, parameters, execution identity, output checksum, evaluation, and exceptions.",V03-F012,data-platform,implemented,passed:harness,merged,phase1,P2,migrations/0022:360-415; apps/api/src/observation/vault/vault.service.ts:134-179; migrations/0023:158 (gateway_calls); test/int/phase1-acceptance.test.ts,"Transformation provenance lacks parameters, execution identity and exceptions",tracking id: normative table row(s) quoted,,main+test,
V03-T-196,V3,"21 Trust, Provenance, and Chain of Custody",52,"Provenance minimum evidence — Graph or memory commit: object versions, validation result, ontology and policy revision, actor, causation, and transaction boundary. Forecast / simulation: resolved data, twin, scenario, model, environment, seed, constraints, calibration or validation, and run manifest.",V03-F012,data-platform,partial,unverified,branch-only,phase5,P5,"migrations/0024:385 (edge_events with actor/causation); migrations/0033:47-148 (run manifest, seed, digest)",No ontology/policy revision on commits; forecast provenance lacks environment,tracking id: normative table row(s) quoted | passed:harness lacked a resolved test/CI pointer → unverified,,branch+main,
V03-T-197,V3,"21 Trust, Provenance, and Chain of Custody",52,"Provenance minimum evidence — Recommendation / decision: evidence set, alternatives, uncertainty, criteria, rationale, dissent, human authority, policy, and time. Correction / withdrawal: affected object, reason, authority, replacement or tombstone, propagation scope, completion, and unresolved consumers.",V03-F012,data-platform,implemented,unverified,branch-only,phase6,P3,"migrations/0041:195,242; migrations/0042:164; migrations/0022:1528 (correction cases)",Correction propagation scope/completion/unresolved consumers not recorded,tracking id: normative table row(s) quoted | passed:harness lacked a resolved test/CI pointer → unverified,,branch+main,
V03-T-198,V3,"21 Trust, Provenance, and Chain of Custody",53,Canonical evidence is content-addressed or equivalently integrity-protected and immutable by version.,V03-F012,data-platform,implemented,passed:harness,merged,phase1,done,packages/contracts/src/jcs.ts (contentDigest); migrations/0022:360 (checksums); test/int/rfc8785-crosslang.test.ts,,tracking id: normative bullet without source identifier,v03.txt:page 53:L1823-L1835,main+test,
V03-T-199,V3,"21 Trust, Provenance, and Chain of Custody",53,"Derived artifacts link to exact input versions and relevant fragments, not merely to a document title or search result.",V03-F012,data-platform,implemented,passed:harness,merged,phase2,done,migrations/0023:286-323 (claim_lineage to evidence + method version); test/int/phase2-acceptance.test.ts:339,,tracking id: normative bullet without source identifier,v03.txt:page 53:L1825-L1835,main+test,
V03-T-200,V3,"21 Trust, Provenance, and Chain of Custody",53,Administrative access and material transformations generate tamper-evident audit evidence.,V03-F012,data-platform,implemented,passed:harness,merged,phase0,done,apps/api/src/audit/audit.service.ts; test/int/audit-chain.test.ts; test/int/gate22-identity-mutators.test.ts,,tracking id: normative bullet without source identifier,v03.txt:page 53:L1827-L1835,main+test,
V03-T-201,V3,"21 Trust, Provenance, and Chain of Custody",53,Explanation paths are policy-filtered without fabricating continuity where a viewer lacks access.,V03-F012,data-platform,implemented,passed:harness,merged,phase3,done,"apps/api/src/graph/graph.controller.ts:417,500,561 (completeness disclosure); test/int/phase3-acceptance.test.ts:657",,tracking id: normative bullet without source identifier,v03.txt:page 53:L1828-L1835,main+test,
V03-T-202,V3,"21 Trust, Provenance, and Chain of Custody",53,"Missing, disputed, stale, or withdrawn evidence remains visible in product quality and decision completeness.",V03-F012,data-platform,partial,unverified,branch-only,phase4,P6,migrations/0042:186 (stale context blocks approval); migrations/0029 (attention_state),Not surfaced as product quality/decision completeness fields,tracking id: normative bullet without source identifier | passed:harness lacked a resolved test/CI pointer → unverified,v03.txt:page 53:L1829-L1835,branch,
V03-T-203,V3,"21 Trust, Provenance, and Chain of Custody",53,"Trust Rule: The platform must be able to say not only why a conclusion was produced, but which conclusions may no longer be safe when an input is corrected or withdrawn.",V03-F012,data-platform,partial,passed:harness,merged,phase3,P3,"migrations/0024:555-573; apps/api/src/graph/strategy/impact.service.ts; test/int/phase3-acceptance.test.ts:996,1016","Impact set incomplete (warnings, briefings, commitments)",tracking id: boxed rule,,main+test,
V03-T-204,V3,"22 Identity, Access, and Policy Enforcement",54,"Deny by default and grant the smallest action, object scope, purpose, duration, and environment required.",V03-F012,identity-policy,implemented,passed:harness,merged,phase0,P7-D,apps/api/src/policy/pdp.service.ts; test/unit/pdp.test.ts; test/int/gate22-authority-matrix.test.ts,Duration/environment scoping absent,tracking id: normative bullet without source identifier,v03.txt:page 54:L1856-L1866,main+test,
V03-T-205,V3,"22 Identity, Access, and Policy Enforcement",54,"Separate strategic authority, content stewardship, platform administration, security operations, and audit review.",V03-F012,identity-policy,partial,passed:harness,branch-only,phase0,P7-D,migrations/0042:190 (SoD); apps/api/src/tenancy/tenancy.controller.ts (platform admin); test/int/gate22-bootstrap.test.ts,Security operations and audit review are not separate roles,tracking id: normative bullet without source identifier | release_status merged → branch-only from the evidence at 2e83945,v03.txt:page 54:L1858-L1866,branch+main+test,
V03-T-206,V3,"22 Identity, Access, and Policy Enforcement",54,Record policy revision and decision result for material actions so later replay is meaningful.,V03-F012,identity-policy,partial,unverified,merged,phase0,P6,apps/api/src/audit/audit.service.ts,Policy revision identifier is not recorded with decisions,tracking id: normative bullet without source identifier | passed:harness lacked a resolved test/CI pointer → unverified,v03.txt:page 54:L1860-L1866,main,
V03-T-207,V3,"22 Identity, Access, and Policy Enforcement",54,"Re-evaluate long-running workflows and agent executions when identity, policy, classification, or threat state changes.",V03-F012,identity-policy,partial,unverified,branch-only,phase6,P7-A,migrations/0042:186 (stale-context approval),Agent executions are not re-evaluated on policy change,tracking id: normative bullet without source identifier | UNRESOLVED pointer(s) at 2e83945: revocation-epoch RLS (migrations/0048) | passed:harness lacked a resolved test/CI pointer → unverified,v03.txt:page 54:L1861-L1866,branch,
V03-T-208,V3,"22 Identity, Access, and Policy Enforcement",54,"Emergency access is time-bound, conspicuous, independently reviewed, and never erases the audit path.",V03-F012,identity-policy,missing,unverified,none,omission,P7-D,,No break-glass,tracking id: normative bullet without source identifier,v03.txt:page 54:L1863-L1866,,
V03-T-209,V3,"22 Identity, Access, and Policy Enforcement",54,"Authorization decision context: Principal (verified identity, role, organization, workload or agent owner, assurance level, session, device posture); Purpose (declared purpose, legal basis, requested outcome, allowed secondary use); Object (tenant, domain, owner, classification, residency, truth state, lifecycle, sensitivity, subject rights); Action; Environment (deployment cell, network, region,",V03-F012,identity-policy,partial,unverified,merged,phase0,P7-D,"apps/api/src/policy/pdp.service.ts:14-49 (principal, object, action, purposeId, obligations)","No assurance level/device posture, environment, subject-rights or residency dimensions",tracking id: normative table row(s) quoted | passed:harness lacked a resolved test/CI pointer → unverified,,main,
V03-T-210,V3,"22 Identity, Access, and Policy Enforcement",54,"Policy enforcement occurs at ingress, object access, search, graph traversal, context assembly, model invocation, agent tool use, workflow transition, approval, export, external execution, administration, and deletion. A front-end visibility rule is not an access control. Service and data boundaries independently enforce the same decision.",V03-F012,identity-policy,partial,passed:harness,branch-only,phase0,P7-D,apps/api/src/pipeline/pipeline.service.ts; apps/api/src/graph/search/search.service.ts; apps/api/src/decision/clearance.ts; RLS policies; test/int/gate22-authority-matrix.test.ts,"Not enforced at model invocation, agent tool use, export or external execution (surfaces absent)",tracking id: normative table row(s) quoted | release_status merged → branch-only from the evidence at 2e83945,v03.txt:page 54:L1852-L1866,branch+main+test,
V03-T-211,V3,23 Multi-Agent Orchestration,55,"Agent execution contract: Identity and owner (unique agent and version, accountable owner, tenant, deployment domain); Purpose and plan (declared objective, permitted decomposition, expected products, stop conditions, escalation path); Capability grant (explicit tools, data classes, object scopes, models, networks, side effects, time window); Budgets (token, compute, cost, latency, recursion, conc",V03-F013,agents,partial,unverified,branch-only,phase6,P7-A,migrations/0046:16; migrations/0049:487 (register_agent); apps/api/src/observation/agents/agents.service.ts (version-specific principal); apps/api/src/executive/agents/agents.service.ts:76 (Meter),"No plan/stop conditions/escalation, capability grant or enforced budgets",tracking id: normative table row(s) quoted | passed:harness lacked a resolved test/CI pointer → unverified,,branch+main,
V03-T-212,V3,23 Multi-Agent Orchestration,55,"Agent execution contract: Evidence and state (immutable inputs, working-state boundary, source citations, produced objects, truth-state constraints); Evaluation (pre-release tests, runtime monitors, product-specific quality checks, policy checks, post-run assessment); Supervision (planner, supervisor, workflow, human review thresholds, interruption, quarantine, rollback, audit).",V03-F013,agents,partial,passed:harness,branch-only,phase6,P7-A,"apps/api/src/executive/agents/agents.service.ts (provenance on outputs, redactRun); test/int/phase6-agents.test.ts",No evaluation or supervision,tracking id: normative table row(s) quoted,,branch+test,
V03-T-213,V3,23 Multi-Agent Orchestration,55,"The Planner decomposes work; the Workflow service persists and constrains state; the Supervisor evaluates progress, policy, product quality, and budget; specialized agents execute bounded tasks; human gates authorize consequential promotion or action. No agent can approve its own expanded authority or silently modify its governing prompt, tools, policy, model, evaluation, or release state.",V03-F013,agents,missing,unverified,none,phase7,P7-A,,No planner/supervisor/workflow agents; three fixed decision agents only,tracking id: normative table row(s) quoted,v03.txt:page 55:L1894-L1898,,
V03-T-214,V3,23 Multi-Agent Orchestration,56,"Treat retrieved content and external instructions as untrusted data, not authority.",V03-F013,agents,partial,unverified,merged,phase2,P7-A,apps/api/src/intelligence/gateway/model-gateway.service.ts (schema-bound outputs),"No agent tool loop, so retrieved instructions cannot yet expand authority; no explicit control",tracking id: normative bullet without source identifier | passed:harness lacked a resolved test/CI pointer → unverified,v03.txt:page 56:L1902-L1912,main,
V03-T-215,V3,23 Multi-Agent Orchestration,56,Use capability-scoped tool brokers; do not expose ambient credentials or unrestricted network access.,V03-F013,agents,missing,unverified,none,phase7,P7-A,,No tool broker,tracking id: normative bullet without source identifier,v03.txt:page 56:L1903-L1912,,
V03-T-216,V3,23 Multi-Agent Orchestration,56,"Persist intermediate claims and evidence links so a supervisor can challenge, resume, or reproduce the work.",V03-F013,agents,partial,passed:harness,branch-only,phase6,P7-A,migrations/0046:16 (agent_runs outputs); test/int/phase6-agents.test.ts,No resumable intermediate state,tracking id: normative bullet without source identifier,v03.txt:page 56:L1905-L1912,branch+test,
V03-T-217,V3,23 Multi-Agent Orchestration,56,"Stop, abstain, or route to a human when evidence, policy, evaluation, budget, or authority is insufficient.",V03-F013,agents,partial,unverified,branch-only,phase6,P7-A,apps/api/src/executive/agents/agents.service.ts:76 (Meter records budget),Budget exhaustion does not stop or escalate (Phase 7 acceptance),tracking id: normative bullet without source identifier | passed:harness lacked a resolved test/CI pointer → unverified,v03.txt:page 56:L1907-L1912,branch,
V03-T-218,V3,23 Multi-Agent Orchestration,56,"Quarantine anomalous executions and invalidate dependent outputs when a model, package, source, or agent version is withdrawn.",V03-F013,agents,missing,unverified,none,phase7,P7-A,,No quarantine/invalidation on agent or model withdrawal,tracking id: normative bullet without source identifier,v03.txt:page 56:L1909-L1912,,
V03-T-219,V3,24 Model Gateway and Model Pluralism,57,"Resolve an approved model and version by task, domain, risk, deployment, data boundary, language, cost, latency, and quality policy.",V03-F013,intelligence,partial,unverified,merged,phase2,P2,"apps/api/src/intelligence/gateway/model-gateway.service.ts:14-15,396,555",Replay/loopback only; no resolution by task/domain/risk/deployment,tracking id: normative bullet without source identifier | passed:harness lacked a resolved test/CI pointer → unverified,v03.txt:page 57:L1920-L1947,main,
V03-T-220,V3,24 Model Gateway and Model Pluralism,57,"Apply input minimization, classification, routing, encryption, regional and provider restrictions, and retention controls.",V03-F013,intelligence,missing,unverified,none,omission,P2,apps/api/src/observation/connectors/redaction.ts (intake redaction only),No gateway minimisation/classification/regional restrictions,tracking id: normative bullet without source identifier,v03.txt:page 57:L1922-L1947,main,
V03-T-221,V3,24 Model Gateway and Model Pluralism,57,"Bind prompts, tools, retrieval context, parameters, safety policy, and output schema to a versioned invocation plan.",V03-F013,intelligence,partial,unverified,merged,phase2,P2,"migrations/0023:72 (methods_current with prompt version), :140 (recorded_responses)",No tools/retrieval context/safety policy binding,tracking id: normative bullet without source identifier | passed:harness lacked a resolved test/CI pointer → unverified,v03.txt:page 57:L1924-L1947,main,
V03-T-222,V3,24 Model Gateway and Model Pluralism,57,"Capture invocation lineage, usage, latency, evaluation, failure, abstention, and provider-specific evidence without exposing sensitive content to global telemetry.",V03-F013,intelligence,implemented,passed:harness,merged,phase2,done,migrations/0023:158 (gateway_calls); apps/web/app/intelligence/gateway; test/int/phase2-acceptance.test.ts:363,,tracking id: normative bullet without source identifier,v03.txt:page 57:L1926-L1947,main+test,
V03-T-223,V3,24 Model Gateway and Model Pluralism,57,"Support deterministic, statistical, symbolic, optimization, domain, open-weight, customer-provided, and foundation models behind one governed contract.",V03-F013,intelligence,missing,unverified,none,omission,P2,,Single gateway contract for extraction only; no provider adapters,tracking id: normative bullet without source identifier,v03.txt:page 57:L1928-L1947,,
V03-T-224,V3,24 Model Gateway and Model Pluralism,57,"Architecture Rule: A model substitution is not equivalent merely because its interface accepts the same payload. It must preserve task semantics, data controls, evaluation thresholds, explanation evidence, and failure behavior.",V03-F013,intelligence,missing,unverified,none,omission,P2,,No fallback/drift/provider-change policy,tracking id: boxed rule,,,
V03-T-225,V3,24 Model Gateway and Model Pluralism,57,"Primary unavailable: use only a pre-approved equivalent route; otherwise abstain or queue. Never silently weaken residency, privacy, or quality policy.",V03-F013,intelligence,partial,unverified,merged,phase2,P2,apps/api/src/intelligence/gateway/model-gateway.service.ts:117-123 (abstain),No pre-approved equivalent route or queue,tracking id: normative table row(s) quoted | passed:harness lacked a resolved test/CI pointer → unverified,,main,
V03-T-226,V3,24 Model Gateway and Model Pluralism,57,"Quality threshold missed: try a declared ensemble, deterministic method, alternate model, or human review path; retain disagreement.",V03-F013,intelligence,missing,unverified,none,omission,P2,,No fallback/drift/provider-change policy,tracking id: normative table row(s) quoted,,,
V03-T-227,V3,24 Model Gateway and Model Pluralism,57,"Drift or incident: quarantine the affected version, identify dependent objects, activate rollback, and initiate re-evaluation.",V03-F013,intelligence,missing,unverified,none,omission,P2,,No fallback/drift/provider-change policy,tracking id: normative table row(s) quoted,,,
V03-T-228,V3,24 Model Gateway and Model Pluralism,57,On-Premise / disconnected: resolve locally available approved models and make reduced capability explicit in product state.,V03-F013,intelligence,missing,unverified,none,omission,P2,,No fallback/drift/provider-change policy,tracking id: normative table row(s) quoted,,,
V03-T-229,V3,24 Model Gateway and Model Pluralism,57,"Provider change: require compatibility, regression, safety, cost, latency, and explanation evaluation before promotion.",V03-F013,intelligence,missing,unverified,none,omission,P2,,No fallback/drift/provider-change policy,tracking id: normative table row(s) quoted,,,
V03-T-230,V3,"25 Workflow, State, and Human Gates",58,"The gate identifies accountable role, delegated authority, required independence, information package, permitted actions, deadline, and escalation.",V03-F010,decision,partial,unverified,branch-only,phase6,P6,"migrations/0042:100,118 (eligibility, quorum)",No deadline/escalation/information package on gates,tracking id: normative bullet without source identifier | passed:harness lacked a resolved test/CI pointer → unverified,v03.txt:page 58:L1968-L1983,branch,
V03-T-231,V3,"25 Workflow, State, and Human Gates",58,"Approval records the exact object versions, policy revision, rationale, conditions, dissent, overrides, and authenticated actor.",V03-F010,decision,implemented,passed:harness,branch-only,phase6,done,"migrations/0042:164,186; test/int/phase6-approvals.test.ts",,tracking id: normative bullet without source identifier,v03.txt:page 58:L1970-L1983,branch+test,
V03-T-232,V3,"25 Workflow, State, and Human Gates",58,A later correction reopens or invalidates affected work through a new transition; it never rewrites the earlier approval.,V03-F010,decision,partial,unverified,branch-only,phase6,P6,migrations/0042:186; migrations/0043:103,No reopen transition,tracking id: normative bullet without source identifier | passed:harness lacked a resolved test/CI pointer → unverified,v03.txt:page 58:L1972-L1983,branch,
V03-T-233,V3,"25 Workflow, State, and Human Gates",58,No timeout converts silence into approval for a consequential decision or external side effect.,V03-F010,decision,implemented,passed:harness,branch-only,phase6,done,migrations/0042 (approval only by explicit record_approval); test/int/phase6-approvals.test.ts,,tracking id: normative bullet without source identifier,v03.txt:page 58:L1974-L1983,branch+test,
V03-T-234,V3,"25 Workflow, State, and Human Gates",58,Workflow definitions are versioned release artifacts; in-flight instances retain or deliberately migrate their semantics.,V03-F010,decision,missing,unverified,none,phase7,P7-A,,No workflow definitions,tracking id: normative bullet without source identifier,v03.txt:page 58:L1975-L1983,,
V03-T-235,V3,"25 Workflow, State, and Human Gates",58,"Workflow state model: Draft / planned; Active / waiting; Challenged / remediating (revision while preserving earlier state); Approved / committed (a named authority has accepted the package and activated obligations); Rejected / cancelled (reason, actor, affected outputs, cleanup or compensation recorded); Completed / archived.",V03-F010,decision,partial,unverified,branch-only,phase6,P7-A,migrations/0041:45-92 (draft/proposed/approved/committed/closed),"No challenged/remediating, waiting or cancelled-with-compensation states",tracking id: normative table row(s) quoted | passed:harness lacked a resolved test/CI pointer → unverified,,branch,
V03-T-236,V3,"25 Workflow, State, and Human Gates",58,"The architecture assumes retries, duplicates, partial failures, delayed events, and human latency. Commands use stable idempotency keys where reissue is possible. Transitions commit with causation and audit evidence. External side effects use a governed outbox, callback, or reconciliation pattern so The Eye can prove intent, execution, rejection, and residual uncertainty.",V03-F010,decision,partial,passed:harness,merged,phase0,R0,migrations/0015; apps/api/src/objects/outbox.publisher.ts:74-96; migrations/0022:322-347; test/int/gate22-outbox-hardening.test.ts,Envelope idempotency_key unused; no callback/reconciliation pattern for external effects,tracking id: normative table row(s) quoted,v03.txt:page 58:L1978-L1983,main+test,
V03-T-237,V3,26 Evaluation and Continuous Learning,59,No interaction is silently converted into training data or shared improvement without authority and policy.,V03-F014,learning-evaluation,implemented,unverified,branch-only,phase2,P7-B,"apps/api/src/executive/agents/agents.service.ts:14 (""Nothing learns.""); apps/api/src/intelligence/gateway/model-gateway.service.ts (no training path)","verification evidence of the required class (harness, browser, CI or deployment) for the released artefact",tracking id: normative bullet without source identifier; trivially satisfied: no training path exists | release_status merged → branch-only from the evidence at 2e83945 | passed:harness lacked a resolved test/CI pointer → unverified,v03.txt:page 59:L2012-L2022,branch+main,
V03-T-238,V3,26 Evaluation and Continuous Learning,59,"Offline benchmarks, adversarial tests, replay, shadow evaluation, and controlled production metrics are used together.",V03-F014,learning-evaluation,missing,unverified,none,phase7,P7-B,"migrations/0045:221 (close_package lessons text); apps/api/src/prediction/forecasting/forecasting.service.ts:276,457 (backtest/calibration)","No evaluation portfolio, Lesson Proposal, versioned evaluation sets, regression gates or governed release of learned changes",tracking id: normative bullet without source identifier,v03.txt:page 59:L2014-L2022,branch,
V03-T-239,V3,26 Evaluation and Continuous Learning,59,"Evaluation sets are versioned, representative, protected from contamination, and segmented by domain and risk.",V03-F014,learning-evaluation,missing,unverified,none,phase7,P7-B,"migrations/0045:221 (close_package lessons text); apps/api/src/prediction/forecasting/forecasting.service.ts:276,457 (backtest/calibration)","No evaluation portfolio, Lesson Proposal, versioned evaluation sets, regression gates or governed release of learned changes",tracking id: normative bullet without source identifier,v03.txt:page 59:L2016-L2022,branch,
V03-T-240,V3,26 Evaluation and Continuous Learning,59,Material regressions block release or activate rollback even when aggregate scores improve.,V03-F014,learning-evaluation,missing,unverified,none,phase7,P7-B,"migrations/0045:221 (close_package lessons text); apps/api/src/prediction/forecasting/forecasting.service.ts:276,457 (backtest/calibration)","No evaluation portfolio, Lesson Proposal, versioned evaluation sets, regression gates or governed release of learned changes",tracking id: normative bullet without source identifier,v03.txt:page 59:L2018-L2022,branch,
V03-T-241,V3,26 Evaluation and Continuous Learning,59,Institutional lessons remain explainable and reversible; they do not become unreviewed memory or policy.,V03-F014,learning-evaluation,missing,unverified,none,phase7,P7-B,"migrations/0045:221 (close_package lessons text); apps/api/src/prediction/forecasting/forecasting.service.ts:276,457 (backtest/calibration)","No evaluation portfolio, Lesson Proposal, versioned evaluation sets, regression gates or governed release of learned changes",tracking id: normative bullet without source identifier,v03.txt:page 59:L2019-L2022,branch,
V03-T-242,V3,26 Evaluation and Continuous Learning,59,"Evaluation portfolio: sources and collection (coverage, freshness, authenticity, latency, correction rate, blind spots, rights compliance); extraction and graph (precision, recall, calibration, identity accuracy, contradiction retention, ontology conformance, orphan rate); retrieval and explanation (relevance, evidence coverage, permission correctness, citation validity, temporal correctness).",V03-F014,learning-evaluation,partial,unverified,branch-only,phase4,P7-B,"apps/api/src/prediction/forecasting/forecasting.service.ts:276,457; migrations/0029:161,203; apps/api/src/observation/coverage/coverage.service.ts:49",Only forecast calibration and source coverage are measured,tracking id: normative table row(s) quoted | passed:harness lacked a resolved test/CI pointer → unverified,,branch+main,
V03-T-243,V3,26 Evaluation and Continuous Learning,59,"Evaluation portfolio: forecast and scenario (proper scoring rules, calibration, sharpness, bias, scenario diversity, coherence, signpost utility, drift); simulation and decision (reproducibility, stability, sensitivity coverage, decision completeness, alternative coverage, outcome linkage); agents and workflows; institutional outcomes (decision latency, warning precision, commitment delivery, less",V03-F014,learning-evaluation,partial,unverified,branch-only,phase4,P7-B,"apps/api/src/prediction/forecasting/forecasting.service.ts:276,457; migrations/0029:161,203; apps/api/src/observation/coverage/coverage.service.ts:49",Only forecast calibration and source coverage are measured,tracking id: normative table row(s) quoted | passed:harness lacked a resolved test/CI pointer → unverified,,branch+main,
V03-T-244,V3,26 Evaluation and Continuous Learning,59,"An outcome, incident, drift signal, challenge, or evaluation result may create a Lesson Proposal. The proposal identifies evidence, affected components and products, expected benefit, risks, validation plan, owner, approval path, deployment scope, monitoring, and rollback. Approved changes are released through the same configuration, schema, model, agent, workflow, ontology, and policy controls as",V03-F014,learning-evaluation,missing,unverified,none,phase7,P7-B,"migrations/0045:221 (close_package lessons text); apps/api/src/prediction/forecasting/forecasting.service.ts:276,457 (backtest/calibration)","No evaluation portfolio, Lesson Proposal, versioned evaluation sets, regression gates or governed release of learned changes",tracking id: normative table row(s) quoted,v03.txt:page 59:L2007-L2022,branch,
V03-T-245,V3,"27 Search, Retrieval, and Context Assembly",60,"Search indexes are projections; canonical objects remain the authority for content, policy, and version history.",V03-F005,memory-graph,implemented,unverified,merged,phase3,P3,apps/api/src/graph/search/search.service.ts (queries canonical tables),"verification evidence of the required class (harness, browser, CI or deployment) for the released artefact",tracking id: normative bullet without source identifier | passed:harness lacked a resolved test/CI pointer → unverified,v03.txt:page 60:L2044-L2053,main,
V03-T-246,V3,"27 Search, Retrieval, and Context Assembly",60,"Security trimming is enforced before model context, not repaired after generation.",V03-F005,memory-graph,implemented,passed:harness,merged,phase3,done,"apps/api/src/graph/search/search.service.ts (permission-aware); test/int/phase3-acceptance.test.ts:762,774",,tracking id: normative bullet without source identifier,v03.txt:page 60:L2046-L2053,main+test,
V03-T-247,V3,"27 Search, Retrieval, and Context Assembly",60,Retrieved instructions are treated as evidence content and cannot expand agent authority.,V03-F005,memory-graph,missing,unverified,none,phase7,P7-A,,No agent retrieval loop,tracking id: normative bullet without source identifier,v03.txt:page 60:L2047-L2053,,
V03-T-248,V3,"27 Search, Retrieval, and Context Assembly",60,Temporal queries distinguish what is currently believed from what was knowable at an earlier decision time.,V03-F005,memory-graph,implemented,passed:harness,merged,phase3,done,"apps/api/src/graph/graph.controller.ts:48-58; test/int/phase3-acceptance.test.ts:839,850",,tracking id: normative bullet without source identifier,v03.txt:page 60:L2048-L2053,main+test,
V03-T-249,V3,"27 Search, Retrieval, and Context Assembly",60,A low-coverage result declares insufficiency and may request acquisition or human input instead of fabricating completeness.,V03-F005,memory-graph,partial,unverified,merged,phase3,P3,apps/api/src/graph/graph.controller.ts:417 (traversal truncation disclosed),Search does not declare insufficiency or request acquisition,tracking id: normative bullet without source identifier | passed:harness lacked a resolved test/CI pointer → unverified,v03.txt:page 60:L2050-L2053,main,
V03-T-250,V3,"27 Search, Retrieval, and Context Assembly",60,"The Context Assembly service translates a user, workflow, model, or agent request into a policy-filtered retrieval plan combining lexical and semantic document retrieval, graph traversal, temporal filters, structured queries, twin state, decision history, and source reacquisition. Results are ranked after authorization and carry exact object versions and evidence fragments.",V03-F005,memory-graph,missing,unverified,none,omission,P3,apps/api/src/graph/search/search.service.ts (lexical only),No context-assembly plan,tracking id: normative table row(s) quoted,v03.txt:page 60:L2030-L2053,main,
V03-T-251,V3,"27 Search, Retrieval, and Context Assembly",60,"Retrieval stages: Interpret (purpose, actor, question, scope, time, truth state, quality, expected output explicit); Authorize (candidate object access evaluated before content reaches ranking, model, or agent context); Retrieve (stable references and revision metadata); Assemble (deduplicate, diversify, resolve contradictions, allocate budget, preserve coverage gaps); Explain (citations, paths, e",V03-F005,memory-graph,missing,unverified,none,omission,P3,apps/api/src/graph/search/search.service.ts (lexical only),No context-assembly plan,tracking id: normative table row(s) quoted,,main,
V03-T-252,V3,28 Marketplace Package Architecture,61,"Ingest into quarantine; verify signature, provenance, licence, malware, dependencies, policy, and declared behavior.",V03-F015,marketplace,missing,unverified,none,phase7,P7-C,,No marketplace package architecture,tracking id: normative bullet without source identifier,v03.txt:page 61:L2070-L2083,,
V03-T-253,V3,28 Marketplace Package Architecture,61,Evaluate with representative fixtures and adversarial tests inside an isolated sandbox.,V03-F015,marketplace,missing,unverified,none,phase7,P7-C,,No marketplace package architecture,tracking id: normative bullet without source identifier,v03.txt:page 61:L2072-L2083,,
V03-T-254,V3,28 Marketplace Package Architecture,61,Approve for a customer domain with explicit capability grants; installation alone grants no access.,V03-F015,marketplace,missing,unverified,none,phase7,P7-C,,No marketplace package architecture,tracking id: normative bullet without source identifier,v03.txt:page 61:L2073-L2083,,
V03-T-255,V3,28 Marketplace Package Architecture,61,"Monitor package behavior, output quality, dependency health, publisher status, and discovered vulnerabilities.",V03-F015,marketplace,missing,unverified,none,phase7,P7-C,,No marketplace package architecture,tracking id: normative bullet without source identifier,v03.txt:page 61:L2074-L2083,,
V03-T-256,V3,28 Marketplace Package Architecture,61,"Suspend, revoke, or remove a package while preserving affected executions, decisions, and replay evidence.",V03-F015,marketplace,missing,unverified,none,phase7,P7-C,,No marketplace package architecture,tracking id: normative bullet without source identifier,v03.txt:page 61:L2076-L2083,,
V03-T-257,V3,28 Marketplace Package Architecture,61,"Marketplace Rule: Portability of capability never implies portability of authority. Every installed package remains subordinate to customer policy, deployment boundaries, human decision rights, and local evaluation.",V03-F015,marketplace,missing,unverified,none,phase7,P7-C,,No marketplace package architecture,tracking id: boxed rule,,,
V03-T-258,V3,28 Marketplace Package Architecture,61,"Signed package manifest: Identity (publisher, package, semantic version, signature, provenance, licence, support, end-of-life); Purpose; Dependencies (ontology, schema, agent, model, connector, workflow, policy, twin, data class, runtime compatibility); Capabilities (tools, networks, object scopes, external effects, secrets, budgets, human gates requested); Quality and safety (evaluation results,",V03-F015,marketplace,missing,unverified,none,phase7,P7-C,,No marketplace package architecture,tracking id: normative table row(s) quoted,,,
V03-T-259,V3,29 Proactive Intelligence and Early Warning,62,"Warning product contract: Change (what changed, when, where, relative to which baseline); Evidence (supporting and contradicting evidence, source health, provenance, freshness, coverage gaps); Assessment (confidence, uncertainty, mechanism, weak-signal status, novelty, alternative explanations); Consequence (affected objectives, assets, obligations, twins, scenarios, forecasts, commitments, respon",V03-F011,prediction,partial,passed:harness,branch-only,phase4,P4,"migrations/0029:353-401; apps/api/src/prediction/scenarios/scenarios.service.ts:269-278; test/int/phase4-acceptance.test.ts:573,628","Change/evidence/consequence/owner/window present; assessment, dedup key, acknowledgement, suppression, escalation, outcome missing",tracking id: normative table row(s) quoted,,branch+test,
V03-T-260,V3,29 Proactive Intelligence and Early Warning,62,"Weak Signal Detection combines novelty, acceleration, relationship change, diffusion, source diversity, contradiction, anomaly, emerging vocabulary, graph centrality, and strategic relevance. A weak signal is promoted when the platform can show a plausible mechanism connecting the change to an objective, exposure, capability, scenario, or decision window.",V03-F011,prediction,missing,unverified,none,omission,P4,,No weak-signal detection,tracking id: normative table row(s) quoted,v03.txt:page 62:L2103-L2107,,
V03-T-261,V3,29 Proactive Intelligence and Early Warning,63,Deduplicate related signals into one evolving intelligence product.,V03-F011,prediction,partial,unverified,branch-only,phase4,P4,apps/api/src/prediction/scenarios/scenarios.service.ts:219-226 (once-per-flip),No deduplication key,tracking id: normative bullet without source identifier | passed:harness lacked a resolved test/CI pointer → unverified,v03.txt:page 63:L2111-L2120,branch,
V03-T-262,V3,29 Proactive Intelligence and Early Warning,63,"Prioritize consequence, urgency, confidence, reversibility, and information value under role-specific attention policy.",V03-F011,prediction,missing,unverified,none,omission,P6,,No prioritisation/attention policy,tracking id: normative bullet without source identifier,v03.txt:page 63:L2112-L2120,,
V03-T-263,V3,29 Proactive Intelligence and Early Warning,63,"Suppress through governed rules with visible rationale, duration, owner, and audit—not through silent model filtering.",V03-F011,prediction,missing,unverified,none,omission,P6,,No suppression,tracking id: normative bullet without source identifier,v03.txt:page 63:L2114-L2120,,
V03-T-264,V3,29 Proactive Intelligence and Early Warning,63,"Track missed warnings, false alarms, timeliness, acknowledgement, action, and outcome by signal class.",V03-F011,prediction,partial,unverified,branch-only,phase4,P4,migrations/0029:203-231 (outcome_ledger); apps/web/lib/warning-timing.ts,T3 timeliness unmeasured (PHASE4_REPORT.md:193-196); no false-alarm/missed tracking by class,tracking id: normative bullet without source identifier | passed:harness lacked a resolved test/CI pointer → unverified,v03.txt:page 63:L2116-L2120,branch,
V03-T-265,V3,29 Proactive Intelligence and Early Warning,63,Separate risk and opportunity so favorable change receives the same analytical discipline as threat.,V03-F011,prediction,missing,unverified,none,omission,P4,,No risk/opportunity objects,tracking id: normative bullet without source identifier,v03.txt:page 63:L2118-L2120,,
V03-T-266,V3,30 Observe-to-Evidence Flow,65,"30.1 Authorize acquisition Resolve source contract, purpose, rights, tenant, credential reference, rate, residency, and collection window. Source Contract version and Policy Decision",V03-F003,observation,partial,unverified,merged,phase1,P1,apps/api/src/observation/acquisition/orchestrator.service.ts; migrations/0022 (contract resolution),"Credential reference, rate, residency and collection window not resolved",tracking id: canonical flow step 30.1 | passed:harness lacked a resolved test/CI pointer → unverified,v03.txt:page 65:L2139-L2194,main,
V03-T-267,V3,30 Observe-to-Evidence Flow,65,"30.2 Acquire and timestamp Capture payload and transport metadata; assign event, observation, and receipt times plus stable correlation. Observation Record candidate",V03-F003,observation,implemented,passed:harness,merged,phase1,done,apps/api/src/observation/acquisition/lifecycle.service.ts; migrations/0022:322-347; apps/api/src/shared/correlation.ts; test/int/phase1-acceptance.test.ts,,tracking id: canonical flow step 30.2,,main+test,
V03-T-268,V3,30 Observe-to-Evidence Flow,65,"30.3 Inspect and quarantine Verify authenticity where available; scan, classify, and isolate unsafe or malformed content. Qualified or quarantined payload",V03-F003,observation,partial,passed:harness,merged,phase1,P1,apps/api/src/observation/quarantine/quarantine.service.ts; test/int/phase1-hostile-input.test.ts,No authenticity verification or malware scan,tracking id: canonical flow step 30.3,,main+test,
V03-T-269,V3,30 Observe-to-Evidence Flow,65,"30.4 Preserve raw evidence Write immutable content, checksum, custody events, source reference, tenant, classification, and retention state. Evidence Object",V03-F003,observation,implemented,passed:harness,merged,phase1,done,apps/api/src/observation/vault/vault.service.ts:134-179; migrations/0022:360-415; test/int/phase1-acceptance.test.ts,,tracking id: canonical flow step 30.4,,main+test,
V03-T-270,V3,30 Observe-to-Evidence Flow,65,"30.5 Measure source state Update freshness, latency, completeness, authenticity, collection success, coverage, and blind spots. Source health and coverage revision",V03-F003,observation,implemented,passed:harness,merged,phase1,done,"apps/api/src/observation/coverage/coverage.service.ts:49; migrations/0022:503,550; test/int/phase1-acceptance.test.ts",,tracking id: canonical flow step 30.5,v03.txt:page 65:L2157-L2194,main+test,
V03-T-271,V3,30 Observe-to-Evidence Flow,65,30.6 Publish observation Commit the ObservationRecorded event only after evidence identity and custody are durable. Replayable domain event,V03-F003,observation,partial,passed:harness,merged,phase1,P1,apps/api/src/objects/outbox.publisher.ts:74-96; migrations/0015; test/int/gate22-outbox-hardening.test.ts,Event is published after commit but no consumer subscribes,tracking id: canonical flow step 30.6,v03.txt:page 65:L2161-L2194,main+test,
V03-T-272,V3,30 Observe-to-Evidence Flow,65,No collection without an active source contract and customer purpose.,V03-F003,observation,implemented,passed:harness,merged,phase1,done,apps/api/src/observation/acquisition/orchestrator.service.ts; test/int/phase1-acceptance.test.ts,,tracking id: normative bullet without source identifier,v03.txt:page 65:L2164-L2194,main+test,
V03-T-273,V3,30 Observe-to-Evidence Flow,65,Unsafe payloads never enter transformation context unmarked.,V03-F003,observation,implemented,passed:harness,merged,phase1,done,apps/api/src/observation/quarantine/quarantine.service.ts; test/int/phase1-hostile-input.test.ts,,tracking id: normative bullet without source identifier,v03.txt:page 65:L2165-L2194,main+test,
V03-T-274,V3,30 Observe-to-Evidence Flow,65,Evidence preservation precedes derived intelligence.,V03-F003,observation,implemented,passed:harness,merged,phase1,done,apps/api/src/observation/vault/vault.service.ts; migrations/0023 (extraction requires evidence); test/int/phase2-acceptance.test.ts:339,,tracking id: normative bullet without source identifier,v03.txt:page 65:L2166-L2194,main+test,
V03-T-275,V3,30 Observe-to-Evidence Flow,65,Failures alter source health and dependent product quality.,V03-F003,observation,partial,unverified,branch-only,phase1,P1,apps/api/src/observation/coverage/coverage.service.ts:49; migrations/0040,Dependent product quality not affected,tracking id: normative bullet without source identifier | release_status merged → branch-only from the evidence at 2e83945 | passed:harness lacked a resolved test/CI pointer → unverified,v03.txt:page 65:L2167-L2194,branch+main,
V03-T-276,V3,30 Observe-to-Evidence Flow,65,"Failure and recovery conditions [Credential or authority failure; Source unavailable or rate-limited; Authenticity uncertain; Malware or prompt-injection content; Schema drift; Residency or classification conflict]: Expose the failure state, preserve causation and partial work, apply the owning layer's degraded behavior, and route retry, compensation, challenge, or human review under policy.",V03-F003,observation,partial,passed:harness,branch-only,phase1,P1,apps/api/src/observation/fault-injection.ts (F01-F46); test/int/phase1-fault-injection.test.ts; migrations/0040 (scheduled attempt faults),"Authenticity, malware/prompt-injection and residency conditions have no handler",tracking id: failure/recovery table (conditions aggregated) | release_status merged → branch-only from the evidence at 2e83945,,branch+main+test,
V03-T-277,V3,30 Observe-to-Evidence Flow,65,"Required flow evidence — Execution state (step duration, end-to-end age, queue and wait time, retry, compensation, completion, unresolved dependency); Trust state (policy decisions, versions, lineage, review, approval, audit continuity); Product state (completeness, freshness, coverage, uncertainty, invalidation, affected consumers, decision-active status); Recovery state (last durable transition,",V03-F003,observation,partial,unverified,merged,phase0,P7-D,apps/api/src/shared/correlation.ts; apps/api/src/audit/audit.service.ts; migrations/0015 (outbox retry/lease); migrations/0022:322-347 (attempt causation),"Trust/recovery state partially auditable; no step duration, queue age, product-state or replay-position telemetry (four-plane observability is Phase 7)",tracking id: flow observability table | passed:harness lacked a resolved test/CI pointer → unverified,,main,
V03-T-278,V3,30 Observe-to-Evidence Flow,65,"A scheduled collection, source event, subscription message, user-authorized retrieval, internal-system change, or sensor observation enters the Source Contract Service.",V03-F003,observation,partial,unverified,merged,phase6,P1,apps/api/src/observation/scheduling/scheduler.service.ts; apps/api/src/observation/sources/upload.controller.ts,"Only scheduled polling and upload; no source events, subscriptions, internal-system change or sensors",tracking id: normative table row(s) quoted | release_status branch-only → merged from the evidence at 2e83945 | passed:harness lacked a resolved test/CI pointer → unverified,v03.txt:page 65:L2135-L2194,main,
V03-T-279,V3,31 Evidence-to-Understanding Flow,67,"31.1 Resolve transformation Bind parser, cleaning, classification, extraction, models, prompts, ontology, policy, and evaluation versions. Transformation manifest",V03-F004,intelligence,partial,unverified,merged,phase2,P2,apps/api/src/intelligence/extraction/orchestrator.service.ts; migrations/0023:72 (methods_current),No ontology/parser/cleaning/prompt binding; transformation manifest is the method version only,tracking id: canonical flow step 31.1 | passed:harness lacked a resolved test/CI pointer → unverified,,main,
V03-T-280,V3,31 Evidence-to-Understanding Flow,67,"31.2 Normalize evidence Extract structure, text, metadata, units, language, and fragments while retaining raw coordinates and checksums. Normalized evidence view",V03-F004,intelligence,missing,unverified,none,omission,P2,,No normalisation step (structure/units/language/fragments with raw coordinates),tracking id: canonical flow step 31.2,v03.txt:page 67:L2228-L2277,,
V03-T-281,V3,31 Evidence-to-Understanding Flow,67,"31.3 Extract intelligence Propose entities, relationships, events, claims, attributes, classifications, and summaries with confidence and lineage. Candidate intelligence objects",V03-F004,intelligence,partial,passed:harness,merged,phase2,P2,apps/api/src/intelligence/extraction/extraction.service.ts; migrations/0023:286-323; test/int/phase2-acceptance.test.ts:363,Claims only; entities/relationships/events/summaries not proposed,tracking id: canonical flow step 31.3,v03.txt:page 67:L2230-L2277,main+test,
V03-T-282,V3,31 Evidence-to-Understanding Flow,67,"31.4 Corroborate and challenge Retrieve related evidence; detect contradiction, duplication, novelty, missing context, and alternative interpretations. Evidence and contradiction set",V03-F004,intelligence,missing,unverified,none,omission,P2,,No corroboration/contradiction/duplication/novelty detection,tracking id: canonical flow step 31.4,,,
V03-T-283,V3,31 Evidence-to-Understanding Flow,67,"31.5 Adjudicate promotion Apply deterministic validation, thresholds, stewardship, and human review appropriate to impact and ambiguity. Approved, rejected, or pending candidates",V03-F004,intelligence,implemented,passed:harness,merged,phase2,done,"apps/api/src/intelligence/review/review.service.ts; migrations/0023:329-347; test/int/phase2-acceptance.test.ts:427,518",,tracking id: canonical flow step 31.5,v03.txt:page 67:L2236-L2277,main+test,
V03-T-284,V3,31 Evidence-to-Understanding Flow,67,"31.6 Commit understanding Create memory versions and atomic graph revision; publish affected identities, paths, twins, and downstream products. Claims, Events, Assessment, GraphRevision",V03-F004,intelligence,partial,unverified,merged,phase3,P3,apps/api/src/pipeline/pipeline.service.ts; apps/api/src/graph/edges/edges.service.ts; migrations/0024:1306,No atomic graph revision; downstream publication synchronous via record_impact,tracking id: canonical flow step 31.6 | passed:harness lacked a resolved test/CI pointer → unverified,,main,
V03-T-285,V3,31 Evidence-to-Understanding Flow,67,Every derived object cites exact evidence fragments and method versions.,V03-F004,intelligence,implemented,passed:harness,merged,phase2,done,migrations/0023:286-323; test/int/phase2-acceptance.test.ts:339,,tracking id: normative bullet without source identifier,v03.txt:page 67:L2247-L2277,main+test,
V03-T-286,V3,31 Evidence-to-Understanding Flow,67,Contradictory claims coexist until governed adjudication.,V03-F004,intelligence,partial,unverified,merged,phase2,P2,migrations/0023:286 (claims are independent records),No adjudication of contradictions (none detected),tracking id: normative bullet without source identifier | passed:harness lacked a resolved test/CI pointer → unverified,v03.txt:page 67:L2248-L2277,main,
V03-T-287,V3,31 Evidence-to-Understanding Flow,67,Model output remains inferred unless promoted through an authorized process.,V03-F004,intelligence,implemented,unverified,merged,phase2,P2,packages/contracts/src/truth-state.ts; apps/api/src/intelligence/review/review.service.ts,"verification evidence of the required class (harness, browser, CI or deployment) for the released artefact",tracking id: normative bullet without source identifier | passed:harness lacked a resolved test/CI pointer → unverified,v03.txt:page 67:L2249-L2277,main,
V03-T-288,V3,31 Evidence-to-Understanding Flow,67,High-impact or low-confidence promotion requires human review.,V03-F004,intelligence,partial,unverified,merged,phase2,P2,apps/api/src/intelligence/review/review.service.ts (confidence threshold),No impact-based routing,tracking id: normative bullet without source identifier | passed:harness lacked a resolved test/CI pointer → unverified,v03.txt:page 67:L2250-L2277,main,
V03-T-289,V3,31 Evidence-to-Understanding Flow,67,"Failure and recovery conditions [Unsupported format or language; Extraction confidence below threshold; Ontology incompatibility; Entity ambiguity; Prompt injection or unsafe content; Required reviewer unavailable]: Expose the failure state, preserve causation and partial work, apply the owning layer's degraded behavior, and route retry, compensation, challenge, or human review under policy.",V03-F004,intelligence,partial,unverified,merged,phase2,P2,apps/api/src/intelligence/extraction/extraction.service.ts:207-224 (abstention); apps/api/src/intelligence/review/review.service.ts,"Unsupported language, ontology incompatibility, entity ambiguity, reviewer unavailable not handled",tracking id: failure/recovery table (conditions aggregated) | passed:harness lacked a resolved test/CI pointer → unverified,,main,
V03-T-290,V3,31 Evidence-to-Understanding Flow,67,"Required flow evidence — Execution state (step duration, end-to-end age, queue and wait time, retry, compensation, completion, unresolved dependency); Trust state (policy decisions, versions, lineage, review, approval, audit continuity); Product state (completeness, freshness, coverage, uncertainty, invalidation, affected consumers, decision-active status); Recovery state (last durable transition,",V03-F004,intelligence,partial,unverified,merged,phase0,P7-D,apps/api/src/shared/correlation.ts; apps/api/src/audit/audit.service.ts; migrations/0015 (outbox retry/lease); migrations/0022:322-347 (attempt causation),"Trust/recovery state partially auditable; no step duration, queue age, product-state or replay-position telemetry (four-plane observability is Phase 7)",tracking id: flow observability table | passed:harness lacked a resolved test/CI pointer → unverified,,main,
V03-T-291,V3,31 Evidence-to-Understanding Flow,67,"An ObservationRecorded event or authorized reprocessing request selects an approved transformation plan for the evidence type, language, domain, and risk class.",V03-F004,intelligence,partial,unverified,merged,phase2,P2,apps/api/src/intelligence/extraction/orchestrator.service.ts,Plan selection not by language/domain/risk class,tracking id: normative table row(s) quoted | passed:harness lacked a resolved test/CI pointer → unverified,v03.txt:page 67:L2220-L2277,main,
V03-T-292,V3,32 Correction and Withdrawal Propagation,69,"32.1 Authenticate correction Verify authority, reason, affected version, scope, legal or policy basis, and supporting evidence. Correction case",,memory-graph,implemented,passed:harness,merged,phase1,done,"apps/api/src/observation/corrections/corrections.service.ts:24-25; migrations/0022:1528,1555; test/int/phase1-acceptance.test.ts:702",,tracking id: canonical flow step 32.1,,main+test,
V03-T-293,V3,32 Correction and Withdrawal Propagation,69,"32.2 Version canonical state Create replacement, withdrawal, tombstone, merge, split, or adjudication object; never overwrite history. New object version and causation event",,memory-graph,implemented,passed:harness,merged,phase1,done,"apps/api/src/objects/objects.service.ts:91-121; migrations/0026:27-56; migrations/0022:395 (tombstones); test/int/phase3-corrections.test.ts:322,468",,tracking id: canonical flow step 32.2,,main+test,
V03-T-294,V3,32 Correction and Withdrawal Propagation,69,"32.3 Compute impact Traverse provenance and subscriptions to find graph, memory, twins, forecasts, warnings, scenarios, simulations, decisions, briefings, and commitments. Impact set",,memory-graph,partial,passed:harness,branch-only,phase3,P3,"migrations/0024:519,1306; migrations/0025:26-57; apps/api/src/graph/strategy/impact.service.ts; migrations/0034,0035; test/int/phase3-acceptance.test.ts:996,1016","Impact reaches graph/strategy/twins/forecasts/scenarios; memory, warnings, simulations, briefings, commitments not traversed",tracking id: canonical flow step 32.3 | release_status merged → branch-only from the evidence at 2e83945,v03.txt:page 69:L2318-L2359,branch+main+test,
V03-T-295,V3,32 Correction and Withdrawal Propagation,69,"32.4 Invalidate or mark Change decision-active status, freshness, confidence, or completeness according to policy and materiality. Affected product revisions",,memory-graph,implemented,passed:harness,branch-only,phase4,done,"migrations/0029 ~475-520 (attention_state); migrations/0042:186; migrations/0035:446,555; test/int/phase4-corrections.test.ts; test/int/phase5-corrections.test.ts:372",,tracking id: canonical flow step 32.4,v03.txt:page 69:L2322-L2359,branch+test,
V03-T-296,V3,32 Correction and Withdrawal Propagation,69,32.5 Recompute or review Re-run eligible deterministic products; route high-impact or committed products to human owners. Replacement products or review tasks,,memory-graph,partial,unverified,branch-only,phase4,P4,migrations/0029 (attention_state never auto-reissued); apps/api/src/prediction/scenarios/scenarios.service.ts:278,No automatic recomputation; no human review tasks for committed products,tracking id: canonical flow step 32.5 | passed:harness lacked a resolved test/CI pointer → unverified,v03.txt:page 69:L2324-L2359,branch,
V03-T-297,V3,32 Correction and Withdrawal Propagation,69,"32.6 Close propagation Record reached consumers, failed deliveries, residual exposure, owner acknowledgement, and final audit evidence. Propagation completion evidence",,memory-graph,missing,unverified,none,omission,P3,,"No propagation-closure record (reached consumers, failed deliveries, residual exposure, acknowledgement)",tracking id: canonical flow step 32.6,v03.txt:page 69:L2328-L2359,,
V03-T-298,V3,32 Correction and Withdrawal Propagation,69,Historical decisions retain their original information boundary.,,memory-graph,implemented,passed:harness,branch-only,phase6,done,"migrations/0043:178; test/int/phase6-replay.test.ts:76,129",,tracking id: normative bullet without source identifier,v03.txt:page 69:L2333-L2359,branch+test,
V03-T-299,V3,32 Correction and Withdrawal Propagation,69,Current projections exclude withdrawn material according to policy.,,memory-graph,implemented,passed:harness,branch-only,phase3,done,migrations/0026:27-56 (supersession); migrations/0031:168-196; test/int/phase3-corrections.test.ts,,tracking id: normative bullet without source identifier | release_status merged → branch-only from the evidence at 2e83945,v03.txt:page 69:L2334-L2359,branch+main+test,
V03-T-300,V3,32 Correction and Withdrawal Propagation,69,No automatic rewrite of a human decision or commitment.,,memory-graph,implemented,unverified,branch-only,phase6,P3,migrations/0041:137; migrations/0043:103,"verification evidence of the required class (harness, browser, CI or deployment) for the released artefact",tracking id: normative bullet without source identifier | passed:harness lacked a resolved test/CI pointer → unverified,v03.txt:page 69:L2335-L2359,branch,
V03-T-301,V3,32 Correction and Withdrawal Propagation,69,Unresolved downstream impact remains visible until owned and closed.,,memory-graph,partial,unverified,merged,phase3,P3,migrations/0024:573 (invalidations_current); apps/web/app/graph/impact,No owner/closure on invalidations,tracking id: normative bullet without source identifier | passed:harness lacked a resolved test/CI pointer → unverified,v03.txt:page 69:L2336-L2359,main,
V03-T-302,V3,32 Correction and Withdrawal Propagation,69,"Failure and recovery conditions [Correction authority disputed; Provenance path incomplete; Consumer unavailable; Committed action already executed; Legal hold conflicts with deletion; Recomputation changes recommendation materially]: Expose the failure state, preserve causation and partial work, apply the owning layer's degraded behavior, and route retry, compensation, challenge, or human review",,memory-graph,partial,unverified,branch-only,phase3,P3,apps/api/src/graph/graph.controller.ts:417 (incomplete provenance disclosed); migrations/0043:103,"Authority dispute, consumer unavailable, executed-action and legal-hold conflicts not handled",tracking id: failure/recovery table (conditions aggregated) | release_status merged → branch-only from the evidence at 2e83945 | passed:harness lacked a resolved test/CI pointer → unverified,,branch+main,
V03-T-303,V3,32 Correction and Withdrawal Propagation,69,"Required flow evidence — Execution state (step duration, end-to-end age, queue and wait time, retry, compensation, completion, unresolved dependency); Trust state (policy decisions, versions, lineage, review, approval, audit continuity); Product state (completeness, freshness, coverage, uncertainty, invalidation, affected consumers, decision-active status); Recovery state (last durable transition,",,memory-graph,partial,unverified,merged,phase0,P7-D,apps/api/src/shared/correlation.ts; apps/api/src/audit/audit.service.ts; migrations/0015 (outbox retry/lease); migrations/0022:322-347 (attempt causation),"Trust/recovery state partially auditable; no step duration, queue age, product-state or replay-position telemetry (four-plane observability is Phase 7)",tracking id: flow observability table | passed:harness lacked a resolved test/CI pointer → unverified,,main,
V03-T-304,V3,32 Correction and Withdrawal Propagation,69,"A source correction, legal request, stewardship decision, model incident, identity merge or split, ontology correction, data-quality finding, or human challenge changes the fitness of an existing object.",,memory-graph,partial,unverified,merged,phase3,P3,apps/api/src/observation/corrections/corrections.service.ts; apps/api/src/objects/objects.service.ts:91-121; migrations/0024:226 (resolutions),"Legal request, model incident, ontology correction and data-quality finding triggers absent",tracking id: normative table row(s) quoted | passed:harness lacked a resolved test/CI pointer → unverified,v03.txt:page 69:L2303-L2359,main,
V03-T-305,V3,33 Graph-to-Twin Reconciliation,71,33.1 Resolve affected twins Use graph subscriptions and mapping versions to identify affected twin instances and state variables. Twin impact set,V03-F006,twin-simulation,implemented,passed:harness,branch-only,phase5,done,"migrations/0034:23,135-205; apps/api/src/twin/twins/twin.service.ts:33-56; test/int/phase5-propagation.test.ts:92",,tracking id: canonical flow step 33.1,,branch+test,
V03-T-306,V3,33 Graph-to-Twin Reconciliation,71,"33.2 Qualify input Evaluate source health, truth state, time, confidence, policy, mapping, units, and expected cadence. Qualified state observation",V03-F006,twin-simulation,missing,unverified,none,omission,P5,,"No input qualification (source health, cadence, units)",tracking id: canonical flow step 33.2,v03.txt:page 71:L2399-L2444,,
V03-T-307,V3,33 Graph-to-Twin Reconciliation,71,33.3 Estimate candidate state Apply declared estimator or model without mutating the active snapshot; retain uncertainty and disagreement. Candidate twin delta,V03-F006,twin-simulation,partial,unverified,branch-only,phase5,P5,"migrations/0035:446,555 (candidate deltas without mutating snapshot)",No estimator/model; no disagreement retention,tracking id: canonical flow step 33.3 | passed:harness lacked a resolved test/CI pointer → unverified,,branch,
V03-T-308,V3,33 Graph-to-Twin Reconciliation,71,"33.4 Validate constraints Check topology, conservation, ranges, business rules, temporal ordering, and cross-twin dependencies. Validation result",V03-F006,twin-simulation,missing,unverified,none,omission,P5,,No constraint validation,tracking id: canonical flow step 33.4,v03.txt:page 71:L2405-L2444,,
V03-T-309,V3,33 Graph-to-Twin Reconciliation,71,"33.5 Review material changes Route ambiguous, discontinuous, policy-sensitive, or high- consequence changes to the accountable twin owner. Approval or challenge",V03-F006,twin-simulation,missing,unverified,none,omission,P5,,No owner review routing for material twin changes,tracking id: canonical flow step 33.5,,,
V03-T-310,V3,33 Graph-to-Twin Reconciliation,71,"33.6 Publish snapshot Create a new versioned snapshot and issue change events to forecasts, scenarios, simulations, risks, and warnings. Twin Snapshot and change set",V03-F006,twin-simulation,implemented,passed:harness,branch-only,phase5,P5,"migrations/0032:126-163; migrations/0035:446,555; test/int/phase5-propagation.test.ts:133",Change events not issued to warnings/risks,tracking id: canonical flow step 33.6,v03.txt:page 71:L2411-L2444,branch+test,
V03-T-311,V3,33 Graph-to-Twin Reconciliation,71,Observed state is separated from estimated and simulated state.,V03-F006,twin-simulation,implemented,unverified,branch-only,phase5,P5,migrations/0032:221,"verification evidence of the required class (harness, browser, CI or deployment) for the released artefact",tracking id: normative bullet without source identifier | passed:harness lacked a resolved test/CI pointer → unverified,v03.txt:page 71:L2414-L2444,branch,
V03-T-312,V3,33 Graph-to-Twin Reconciliation,71,Mappings and estimators are versioned dependencies.,V03-F006,twin-simulation,partial,unverified,branch-only,phase5,P5,apps/api/src/twin/twins/twin.service.ts:33-56 (typed citations),No estimators,tracking id: normative bullet without source identifier | passed:harness lacked a resolved test/CI pointer → unverified,v03.txt:page 71:L2415-L2444,branch,
V03-T-313,V3,33 Graph-to-Twin Reconciliation,71,A simulation cannot write into the active observed twin.,V03-F006,twin-simulation,implemented,passed:harness,branch-only,phase5,done,"migrations/0032:163,221; test/int/phase5-simulations.test.ts",,tracking id: normative bullet without source identifier,v03.txt:page 71:L2416-L2444,branch+test,
V03-T-314,V3,33 Graph-to-Twin Reconciliation,71,Material gaps and stale state remain visible.,V03-F006,twin-simulation,partial,unverified,branch-only,phase5,P5,"migrations/0032:229 (health); migrations/0036:23,57",Stale state not flagged with freshness,tracking id: normative bullet without source identifier | passed:harness lacked a resolved test/CI pointer → unverified,v03.txt:page 71:L2417-L2444,branch,
V03-T-315,V3,33 Graph-to-Twin Reconciliation,71,"Failure and recovery conditions [Mapping no longer valid; Conflicting observations; Constraint violation; Telemetry gap; Estimator drift; Cross-twin dependency unavailable]: Expose the failure state, preserve causation and partial work, apply the owning layer's degraded behavior, and route retry, compensation, challenge, or human review under policy.",V03-F006,twin-simulation,partial,passed:harness,branch-only,phase5,P5,"migrations/0036:23,57 (input availability); test/int/phase5-corrections.test.ts","Constraint violation, telemetry gap, estimator drift and cross-twin dependency not handled",tracking id: failure/recovery table (conditions aggregated),,branch+test,
V03-T-316,V3,33 Graph-to-Twin Reconciliation,71,"Required flow evidence — Execution state (step duration, end-to-end age, queue and wait time, retry, compensation, completion, unresolved dependency); Trust state (policy decisions, versions, lineage, review, approval, audit continuity); Product state (completeness, freshness, coverage, uncertainty, invalidation, affected consumers, decision-active status); Recovery state (last durable transition,",V03-F006,twin-simulation,partial,unverified,merged,phase0,P7-D,apps/api/src/shared/correlation.ts; apps/api/src/audit/audit.service.ts; migrations/0015 (outbox retry/lease); migrations/0022:322-347 (attempt causation),"Trust/recovery state partially auditable; no step duration, queue age, product-state or replay-position telemetry (four-plane observability is Phase 7)",tracking id: flow observability table | passed:harness lacked a resolved test/CI pointer → unverified,,main,
V03-T-317,V3,33 Graph-to-Twin Reconciliation,71,"A GraphChanged event, telemetry update, internal-system change, correction, ontology revision, or scheduled reconciliation affects an entity or relationship mapped to a Digital Twin.",V03-F006,twin-simulation,partial,unverified,branch-only,phase5,P5,"migrations/0034:23,135-205",Only graph/evidence corrections trigger reconciliation,tracking id: normative table row(s) quoted | passed:harness lacked a resolved test/CI pointer → unverified,v03.txt:page 71:L2391-L2444,branch,
V03-T-318,V3,34 Forecast Production Flow,73,"34.1 Declare forecast target Define outcome, population or system, issue time, target window, horizons, units, owner, and decision use. Forecast specification",V03-F007,prediction,implemented,passed:harness,branch-only,phase4,done,"migrations/0029:50,102-149; apps/api/src/prediction/forecasting/forecasting.service.ts:27-29; test/int/phase4-acceptance.test.ts:487",,tracking id: canonical flow step 34.1,,branch+test,
V03-T-319,V3,34 Forecast Production Flow,73,"34.2 Freeze information set Resolve evidence, graph revision, twin snapshot, features, assumptions, policy, and known coverage gaps. Information boundary manifest",V03-F007,prediction,partial,unverified,branch-only,phase4,P4,apps/api/src/prediction/series/series.service.ts:1-19 (vintages),Information boundary is the series vintage only; no evidence/graph/twin/assumption manifest,tracking id: canonical flow step 34.2 | passed:harness lacked a resolved test/CI pointer → unverified,,branch,
V03-T-320,V3,34 Forecast Production Flow,73,"34.3 Select approved methods Resolve eligible deterministic, statistical, domain, and machine- learning models under deployment and risk policy. Model and ensemble plan",V03-F007,prediction,partial,unverified,branch-only,phase4,P4,apps/api/src/prediction/models/models.ts:31-33,Two families; no deployment/risk policy resolution,tracking id: canonical flow step 34.3 | passed:harness lacked a resolved test/CI pointer → unverified,,branch,
V03-T-321,V3,34 Forecast Production Flow,73,"34.4 Generate distributions Produce horizon-specific distributions, quantiles, intervals, drivers, sensitivities, and model disagreement. Forecast candidates",V03-F007,prediction,partial,unverified,branch-only,phase4,P4,apps/api/src/prediction/forecasting/forecasting.service.ts:196-228,Quantiles and single driver; no sensitivities or disagreement,tracking id: canonical flow step 34.4 | passed:harness lacked a resolved test/CI pointer → unverified,v03.txt:page 73:L2485-L2525,branch,
V03-T-322,V3,34 Forecast Production Flow,73,"34.5 Calibrate and challenge Apply backtests, proper scoring rules, drift checks, bias tests, expert review, and alternative assumptions. Evaluation and challenge record",V03-F007,prediction,partial,passed:harness,branch-only,phase4,P4,"apps/api/src/prediction/forecasting/forecasting.service.ts:276,457; migrations/0029:161; test/int/phase4-acceptance.test.ts:505,545","Backtests/calibration only; no drift/bias tests, expert review or alternative assumptions",tracking id: canonical flow step 34.5,,branch+test,
V03-T-323,V3,34 Forecast Production Flow,73,"34.6 Publish package Commit approved forecast with failure conditions, monitoring, update triggers, explanation, and downstream links. Forecast Package",V03-F007,prediction,implemented,passed:harness,branch-only,phase4,P4,migrations/0029:102-149; migrations/0031:25-34; test/int/phase4-acceptance.test.ts,No update triggers or explanation beyond drivers,tracking id: canonical flow step 34.6,v03.txt:page 73:L2491-L2525,branch+test,
V03-T-324,V3,34 Forecast Production Flow,73,All six canonical horizons are supported where the target is meaningful.,V03-F007,prediction,implemented,unverified,branch-only,phase4,P4,apps/api/src/prediction/forecasting/forecasting.service.ts:27-29; migrations/0029:109,"verification evidence of the required class (harness, browser, CI or deployment) for the released artefact",tracking id: normative bullet without source identifier | passed:harness lacked a resolved test/CI pointer → unverified,v03.txt:page 73:L2494-L2525,branch,
V03-T-325,V3,34 Forecast Production Flow,73,Point estimates cannot replace probability distributions.,V03-F007,prediction,implemented,unverified,branch-only,phase4,P4,apps/api/src/prediction/forecasting/forecasting.service.ts:213-228,"verification evidence of the required class (harness, browser, CI or deployment) for the released artefact",tracking id: normative bullet without source identifier | passed:harness lacked a resolved test/CI pointer → unverified,v03.txt:page 73:L2495-L2525,branch,
V03-T-326,V3,34 Forecast Production Flow,73,Model disagreement and weak coverage remain visible.,V03-F007,prediction,partial,unverified,branch-only,phase4,P4,apps/api/src/prediction/forecasting/forecasting.service.ts:180-183 (validation_impossible),No disagreement,tracking id: normative bullet without source identifier | passed:harness lacked a resolved test/CI pointer → unverified,v03.txt:page 73:L2496-L2525,branch,
V03-T-327,V3,34 Forecast Production Flow,73,Human judgment is labeled and versioned separately from model output.,V03-F007,prediction,missing,unverified,none,omission,P4,,No human-judgment overlay on forecasts,tracking id: normative bullet without source identifier,v03.txt:page 73:L2497-L2525,,
V03-T-328,V3,34 Forecast Production Flow,73,"Failure and recovery conditions [Target not forecastable; Insufficient history or coverage; Model drift; Calibration failure; Horizon mismatch; Policy or deployment prevents approved method]: Expose the failure state, preserve causation and partial work, apply the owning layer's degraded behavior, and route retry, compensation, challenge, or human review under policy.",V03-F007,prediction,partial,unverified,branch-only,phase4,P4,"apps/api/src/prediction/forecasting/forecasting.service.ts:115-125,180-183 (refusals, validation_impossible)","Model drift, calibration failure and policy-prevented method not handled",tracking id: failure/recovery table (conditions aggregated) | passed:harness lacked a resolved test/CI pointer → unverified,,branch,
V03-T-329,V3,34 Forecast Production Flow,73,"Required flow evidence — Execution state (step duration, end-to-end age, queue and wait time, retry, compensation, completion, unresolved dependency); Trust state (policy decisions, versions, lineage, review, approval, audit continuity); Product state (completeness, freshness, coverage, uncertainty, invalidation, affected consumers, decision-active status); Recovery state (last durable transition,",V03-F007,prediction,partial,unverified,merged,phase0,P7-D,apps/api/src/shared/correlation.ts; apps/api/src/audit/audit.service.ts; migrations/0015 (outbox retry/lease); migrations/0022:322-347 (attempt causation),"Trust/recovery state partially auditable; no step duration, queue age, product-state or replay-position telemetry (four-plane observability is Phase 7)",tracking id: flow observability table | passed:harness lacked a resolved test/CI pointer → unverified,,main,
V03-T-330,V3,34 Forecast Production Flow,73,"A scheduled horizon update, material evidence change, twin revision, scenario signpost, decision request, or analyst command opens a Forecast Run.",V03-F007,prediction,partial,unverified,branch-only,phase4,P4,apps/api/src/prediction/prediction.controller.ts; migrations/0031:25-34,Analyst command and calendar only; no evidence/twin/signpost triggers,tracking id: normative table row(s) quoted | passed:harness lacked a resolved test/CI pointer → unverified,v03.txt:page 73:L2469-L2525,branch,
V03-T-331,V3,35 Scenario Branch Lifecycle,75,"35.1 Establish baseline Freeze current evidence, graph revision, twin state, forecasts, objectives, and planning horizon. Scenario baseline",V03-F008,prediction,implemented,passed:harness,branch-only,phase5,done,migrations/0036:81-102 (scenario as-of binding); test/int/phase5-corrections.test.ts:451,,tracking id: canonical flow step 35.1,v03.txt:page 75:L2555-L2600,branch+test,
V03-T-332,V3,35 Scenario Branch Lifecycle,75,"35.2 Declare drivers and actors Model mechanisms, dependencies, constraints, uncertainties, agency, and exogenous conditions. Driver and actor model",V03-F008,prediction,missing,unverified,none,omission,P4,,No driver/actor model,tracking id: canonical flow step 35.2,,,
V03-T-333,V3,35 Scenario Branch Lifecycle,75,"35.3 Create branches Generate baseline, upside, downside, disruption, and domain- specific branches with explicit divergence logic. Scenario Branches",V03-F008,prediction,partial,unverified,branch-only,phase4,P4,migrations/0029:321-353; apps/api/src/prediction/scenarios/scenarios.service.ts:64,No disruption/domain-specific branches or divergence logic,tracking id: canonical flow step 35.3 | passed:harness lacked a resolved test/CI pointer → unverified,v03.txt:page 75:L2561-L2600,branch,
V03-T-334,V3,35 Scenario Branch Lifecycle,75,"35.4 Validate coherence Check internal consistency, temporal ordering, assumptions, graph dependencies, forecast relationships, and prohibited contradictions. Coherence assessment",V03-F008,prediction,partial,passed:harness,branch-only,phase4,P4,"apps/api/src/prediction/scenarios/scenarios.service.ts:61,66; test/unit/phase5-refusals.test.ts:57",Structural coherence only,tracking id: canonical flow step 35.4,v03.txt:page 75:L2564-L2600,branch+test,
V03-T-335,V3,35 Scenario Branch Lifecycle,75,"35.5 Define signposts Attach observable indicators, thresholds, source contracts, owners, confidence, and update cadence. Monitoring contract",V03-F008,prediction,implemented,passed:harness,branch-only,phase4,done,migrations/0029:275-317; test/int/phase4-acceptance.test.ts:628,,tracking id: canonical flow step 35.5,v03.txt:page 75:L2568-L2600,branch+test,
V03-T-336,V3,35 Scenario Branch Lifecycle,75,"35.6 Review portfolio Compare branch relevance, consequences, option robustness, missing branches, and retirement or simulation candidates. Governed scenario portfolio",V03-F008,prediction,missing,unverified,none,omission,P4,,No portfolio review,tracking id: canonical flow step 35.6,v03.txt:page 75:L2570-L2600,,
V03-T-337,V3,35 Scenario Branch Lifecycle,75,No single branch is presented as the future.,V03-F008,prediction,implemented,passed:harness,branch-only,phase4,done,migrations/0029:321-353; test/int/phase4-acceptance.test.ts:573,,tracking id: normative bullet without source identifier,v03.txt:page 75:L2573-L2600,branch+test,
V03-T-338,V3,35 Scenario Branch Lifecycle,75,Assumptions and branch divergence are explicit.,V03-F008,prediction,partial,unverified,branch-only,phase4,P4,migrations/0029:321-353,No divergence logic/assumptions per branch,tracking id: normative bullet without source identifier | passed:harness lacked a resolved test/CI pointer → unverified,v03.txt:page 75:L2574-L2600,branch,
V03-T-339,V3,35 Scenario Branch Lifecycle,75,Imported scenarios execute without ambient customer access.,V03-F008,prediction,missing,unverified,none,phase7,P7-C,,No import,tracking id: normative bullet without source identifier,v03.txt:page 75:L2575-L2600,,
V03-T-340,V3,35 Scenario Branch Lifecycle,75,Retirement preserves version history and decision links.,V03-F008,prediction,missing,unverified,none,omission,P4,,No retirement,tracking id: normative bullet without source identifier,v03.txt:page 75:L2576-L2600,,
V03-T-341,V3,35 Scenario Branch Lifecycle,75,"Failure and recovery conditions [Branch incoherent; Critical assumption invalidated; Signpost unavailable; Branches converge or fail to cover material uncertainty; Imported package incompatible; Owner misses review cadence]: Expose the failure state, preserve causation and partial work, apply the owning layer's degraded behavior, and route retry, compensation, challenge, or human review under poli",V03-F008,prediction,partial,passed:harness,branch-only,phase4,P4,test/unit/phase5-refusals.test.ts:57; migrations/0036:81-102,"Assumption invalidation, convergence, import and review-cadence conditions not handled",tracking id: failure/recovery table (conditions aggregated),,branch+test,
V03-T-342,V3,35 Scenario Branch Lifecycle,75,"Required flow evidence — Execution state (step duration, end-to-end age, queue and wait time, retry, compensation, completion, unresolved dependency); Trust state (policy decisions, versions, lineage, review, approval, audit continuity); Product state (completeness, freshness, coverage, uncertainty, invalidation, affected consumers, decision-active status); Recovery state (last durable transition,",V03-F008,prediction,partial,unverified,merged,phase0,P7-D,apps/api/src/shared/correlation.ts; apps/api/src/audit/audit.service.ts; migrations/0015 (outbox retry/lease); migrations/0022:322-347 (attempt causation),"Trust/recovery state partially auditable; no step duration, queue age, product-state or replay-position telemetry (four-plane observability is Phase 7)",tracking id: flow observability table | passed:harness lacked a resolved test/CI pointer → unverified,,main,
V03-T-343,V3,35 Scenario Branch Lifecycle,75,"A strategic question, risk or opportunity, forecast shift, weak signal, executive request, planning cycle, or imported governed package creates or updates a scenario portfolio.",V03-F008,prediction,partial,unverified,branch-only,phase4,P4,apps/api/src/prediction/scenarios/scenarios.service.ts,Manual creation only,tracking id: normative table row(s) quoted | passed:harness lacked a resolved test/CI pointer → unverified,v03.txt:page 75:L2551-L2600,branch,
V03-T-344,V3,36 Simulation Run Lifecycle,77,"36.1 Define experiment Declare question, intervention, constraints, measures, expected outputs, budgets, validation, and owner. Experiment specification",V03-F009,twin-simulation,implemented,passed:harness,branch-only,phase5,P5,migrations/0033:47-107; apps/api/src/twin/simulations/simulation.service.ts; test/int/phase5-simulations.test.ts:81,Budgets/validation criteria not declared per experiment,tracking id: canonical flow step 36.1,v03.txt:page 77:L2634-L2681,branch+test,
V03-T-345,V3,36 Simulation Run Lifecycle,77,"36.2 Resolve immutable inputs Bind twin, scenario, graph, model, solver, policy, data, configuration, and environment versions. Run manifest",V03-F009,twin-simulation,implemented,unverified,branch-only,phase5,P5,"apps/api/src/twin/simulations/simulation.service.ts:312-352; migrations/0036:23,57","verification evidence of the required class (harness, browser, CI or deployment) for the released artefact",tracking id: canonical flow step 36.2 | passed:harness lacked a resolved test/CI pointer → unverified,,branch,
V03-T-346,V3,36 Simulation Run Lifecycle,77,"36.3 Validate feasibility Check required state, constraints, capability, policy, capacity, determinism, and stop conditions. Admission decision",V03-F009,twin-simulation,partial,unverified,branch-only,phase5,P5,"migrations/0036:23,57 (input availability)",No capacity/determinism/stop-condition admission,tracking id: canonical flow step 36.3 | passed:harness lacked a resolved test/CI pointer → unverified,v03.txt:page 77:L2640-L2681,branch,
V03-T-347,V3,36 Simulation Run Lifecycle,77,"36.4 Execute and checkpoint Run isolated work with stable seeds where applicable, resource controls, progress events, and recoverable checkpoints. Simulation execution trace",V03-F009,twin-simulation,partial,unverified,branch-only,phase5,P5,apps/api/src/twin/simulations/simulation.service.ts:440-492 (separate process),No checkpoints or progress events,tracking id: canonical flow step 36.4 | passed:harness lacked a resolved test/CI pointer → unverified,,branch,
V03-T-348,V3,36 Simulation Run Lifecycle,77,"36.5 Analyze impacts Compute direct, indirect, second-order, distributional, temporal, sensitivity, and robustness results. Impact and sensitivity set",V03-F009,twin-simulation,partial,unverified,branch-only,phase5,P5,apps/api/src/twin/simulations/simulation.service.ts:147-188,Direct impacts and sensitivity only,tracking id: canonical flow step 36.5 | passed:harness lacked a resolved test/CI pointer → unverified,v03.txt:page 77:L2646-L2681,branch,
V03-T-349,V3,36 Simulation Run Lifecycle,77,36.6 Validate and publish Challenge assumptions and stability; attach reproducibility evidence; release or invalidate the run. Simulation Run package,V03-F009,twin-simulation,implemented,passed:harness,branch-only,phase5,P5,"migrations/0033:131,148; apps/api/src/twin/simulations/reproduce-worker.ts; test/int/phase5-simulations.test.ts",No challenge/invalidate release step,tracking id: canonical flow step 36.6,v03.txt:page 77:L2648-L2681,branch+test,
V03-T-350,V3,36 Simulation Run Lifecycle,77,Exact input and execution versions are resolvable.,V03-F009,twin-simulation,implemented,unverified,branch-only,phase5,P5,migrations/0033:47-148; migrations/0036,"verification evidence of the required class (harness, browser, CI or deployment) for the released artefact",tracking id: normative bullet without source identifier | passed:harness lacked a resolved test/CI pointer → unverified,v03.txt:page 77:L2651-L2681,branch,
V03-T-351,V3,36 Simulation Run Lifecycle,77,Synthetic state remains isolated from observed and assessed state.,V03-F009,twin-simulation,implemented,passed:harness,branch-only,phase5,done,migrations/0032:221; test/int/phase5-simulations.test.ts,,tracking id: normative bullet without source identifier,v03.txt:page 77:L2652-L2681,branch+test,
V03-T-352,V3,36 Simulation Run Lifecycle,77,Material results include sensitivity and validation.,V03-F009,twin-simulation,implemented,unverified,branch-only,phase5,P5,apps/api/src/twin/simulations/simulation.service.ts:147-188,No validation record,tracking id: normative bullet without source identifier | passed:harness lacked a resolved test/CI pointer → unverified,v03.txt:page 77:L2653-L2681,branch,
V03-T-353,V3,36 Simulation Run Lifecycle,77,Invalidation propagates to active decision packages.,V03-F009,twin-simulation,partial,unverified,branch-only,phase6,P5,migrations/0041:222,Decision packages not marked on run invalidation,tracking id: normative bullet without source identifier | passed:harness lacked a resolved test/CI pointer → unverified,v03.txt:page 77:L2654-L2681,branch,
V03-T-354,V3,36 Simulation Run Lifecycle,77,"Failure and recovery conditions [Input version missing; Constraint unsatisfied; Solver unstable; Budget or timeout exceeded; Partial run; Validation or reproducibility failure]: Expose the failure state, preserve causation and partial work, apply the owning layer's degraded behavior, and route retry, compensation, challenge, or human review under policy.",V03-F009,twin-simulation,partial,unverified,branch-only,phase5,P5,"migrations/0036:23,57; apps/api/src/twin/simulations/simulation.service.ts:571 (timeout)","Constraint unsatisfied, solver instability, partial run not handled",tracking id: failure/recovery table (conditions aggregated) | passed:harness lacked a resolved test/CI pointer → unverified,,branch,
V03-T-355,V3,36 Simulation Run Lifecycle,77,"Required flow evidence — Execution state (step duration, end-to-end age, queue and wait time, retry, compensation, completion, unresolved dependency); Trust state (policy decisions, versions, lineage, review, approval, audit continuity); Product state (completeness, freshness, coverage, uncertainty, invalidation, affected consumers, decision-active status); Recovery state (last durable transition,",V03-F009,twin-simulation,partial,unverified,merged,phase0,P7-D,apps/api/src/shared/correlation.ts; apps/api/src/audit/audit.service.ts; migrations/0015 (outbox retry/lease); migrations/0022:322-347 (attempt causation),"Trust/recovery state partially auditable; no step duration, queue age, product-state or replay-position telemetry (four-plane observability is Phase 7)",tracking id: flow observability table | passed:harness lacked a resolved test/CI pointer → unverified,,main,
V03-T-356,V3,36 Simulation Run Lifecycle,77,"An approved analyst, agent, workflow, or decision package submits an experiment against a declared twin snapshot and scenario branch.",V03-F009,twin-simulation,implemented,passed:harness,branch-only,phase5,done,apps/api/src/twin/simulations/simulation.service.ts; test/int/phase5-simulations.test.ts,,tracking id: normative table row(s) quoted,v03.txt:page 77:L2630-L2681,branch+test,
V03-T-357,V3,37 Decision Package and Approval Flow,79,"37.1 Frame the decision Declare question, owner, final authority, objectives, stakeholders, constraints, obligations, timing, and reversibility. Decision definition",V03-F010,decision,implemented,passed:harness,branch-only,phase6,P6,migrations/0041:65; apps/api/src/decision/packages/package.service.ts; test/int/phase6-decisions.test.ts:111,"Constraints, obligations, timing, reversibility not modelled",tracking id: canonical flow step 37.1,v03.txt:page 79:L2711-L2763,branch+test,
V03-T-358,V3,37 Decision Package and Approval Flow,79,"37.2 Develop viable options Include status quo, defer, seek information, and other realistic alternatives; identify dependencies and execution readiness. Option set",V03-F010,decision,implemented,passed:harness,branch-only,phase6,P6,migrations/0041:195; migrations/0049:18; test/int/phase6-decisions.test.ts:164,Status quo/defer/seek-information not required,tracking id: canonical flow step 37.2,,branch+test,
V03-T-359,V3,37 Decision Package and Approval Flow,79,"37.3 Assemble intelligence Resolve evidence, graph, memory, twin, forecasts, scenarios, simulations, risks, opportunities, and prior decisions. Information boundary",V03-F010,decision,partial,unverified,branch-only,phase6,P6,migrations/0041:222; migrations/0043:178 (replay_layers),Forecasts/scenarios/risks/prior decisions not resolved,tracking id: canonical flow step 37.3 | passed:harness lacked a resolved test/CI pointer → unverified,v03.txt:page 79:L2717-L2763,branch,
V03-T-360,V3,37 Decision Package and Approval Flow,79,"37.4 Compare and recommend Apply inspectable criteria; show trade-offs, uncertainty, dissent, sensitivity, robustness, value of information, and failure conditions. Decision Package revision",V03-F010,decision,partial,unverified,branch-only,phase6,P6,"migrations/0041 (options, dissent); apps/api/src/executive/agents/agents.service.ts",Trade-offs/VOI/sensitivity/robustness free text,tracking id: canonical flow step 37.4 | passed:harness lacked a resolved test/CI pointer → unverified,,branch,
V03-T-361,V3,37 Decision Package and Approval Flow,79,"37.5 Review and decide Named humans approve, reject, defer, request information, override, or condition the recommendation under separation-of- duties policy. Final Decision Record",V03-F010,decision,implemented,passed:harness,branch-only,phase6,done,"migrations/0042:164,186,190; test/int/phase6-approvals.test.ts:45-208",,tracking id: canonical flow step 37.5,v03.txt:page 79:L2726-L2763,branch+test,
V03-T-362,V3,37 Decision Package and Approval Flow,79,"37.6 Create commitments Bind approved option to owners, resources, obligations, milestones, indicators, review cadence, execution interfaces, and closure criteria. Commitments and monitoring contracts",V03-F010,decision,implemented,passed:harness,branch-only,phase6,P6,"migrations/0043:33; migrations/0045:74 (conditions); test/int/phase6-approvals.test.ts:141,154","Resources, milestones, execution interfaces, closure criteria not bound",tracking id: canonical flow step 37.6,v03.txt:page 79:L2731-L2763,branch+test,
V03-T-363,V3,37 Decision Package and Approval Flow,79,AI and agents cannot be the final authority.,V03-F010,decision,implemented,passed:harness,branch-only,phase6,done,migrations/0042:100; test/unit/pdp-phase6-authority.test.ts,,tracking id: normative bullet without source identifier,v03.txt:page 79:L2737-L2763,branch+test,
V03-T-364,V3,37 Decision Package and Approval Flow,79,"Alternatives, dissent, uncertainty, and missing evidence remain visible.",V03-F010,decision,implemented,passed:harness,branch-only,phase6,P6,"migrations/0041:195,242; test/int/phase6-decisions.test.ts:179",Missing-evidence markers absent,tracking id: normative bullet without source identifier,v03.txt:page 79:L2738-L2763,branch+test,
V03-T-365,V3,37 Decision Package and Approval Flow,79,Approval binds exact package and policy versions.,V03-F010,decision,implemented,passed:harness,branch-only,phase6,done,"migrations/0042:164,186; test/int/phase6-approvals.test.ts",,tracking id: normative bullet without source identifier,v03.txt:page 79:L2739-L2763,branch+test,
V03-T-366,V3,37 Decision Package and Approval Flow,79,External execution requires a separately governed commitment and interface.,V03-F010,decision,missing,unverified,none,omission,P6,,No execution interface,tracking id: normative bullet without source identifier,v03.txt:page 79:L2740-L2763,,
V03-T-367,V3,37 Decision Package and Approval Flow,79,"Failure and recovery conditions [No named authority; Mandatory evidence incomplete; Option not executable; Separation-of-duties conflict; Policy denial; Material input changes during review]: Expose the failure state, preserve causation and partial work, apply the owning layer's degraded behavior, and route retry, compensation, challenge, or human review under policy.",V03-F010,decision,implemented,passed:harness,branch-only,phase6,P6,"migrations/0041:555; migrations/0042:100,186,190; test/int/phase6-approvals.test.ts",Option-not-executable not modelled,tracking id: failure/recovery table (conditions aggregated),,branch+test,
V03-T-368,V3,37 Decision Package and Approval Flow,79,"Required flow evidence — Execution state (step duration, end-to-end age, queue and wait time, retry, compensation, completion, unresolved dependency); Trust state (policy decisions, versions, lineage, review, approval, audit continuity); Product state (completeness, freshness, coverage, uncertainty, invalidation, affected consumers, decision-active status); Recovery state (last durable transition,",V03-F010,decision,partial,unverified,merged,phase0,P7-D,apps/api/src/shared/correlation.ts; apps/api/src/audit/audit.service.ts; migrations/0015 (outbox retry/lease); migrations/0022:322-347 (attempt causation),"Trust/recovery state partially auditable; no step duration, queue age, product-state or replay-position telemetry (four-plane observability is Phase 7)",tracking id: flow observability table | passed:harness lacked a resolved test/CI pointer → unverified,,main,
V03-T-369,V3,37 Decision Package and Approval Flow,79,"A named authority, delegated workflow, material warning, commitment review, scenario threshold, or strategic cadence opens a decision with declared scope and deadline.",V03-F010,decision,implemented,passed:harness,branch-only,phase6,P6,migrations/0041:65; test/int/phase6-decisions.test.ts:111,No deadline on decisions; warning/cadence triggers absent,tracking id: normative table row(s) quoted,v03.txt:page 79:L2707-L2763,branch+test,
V03-T-370,V3,38 Decision Replay and Outcome Learning,81,"38.1 Restore decision-time state Resolve the exact evidence, graph, memory, twins, forecasts, scenarios, simulations, package, policy, and actor authority known then. Historical information boundary",V03-F014,learning-evaluation,implemented,passed:harness,branch-only,phase6,done,"migrations/0043:178; migrations/0048:412; migrations/0049:455; migrations/0050 §2; test/int/phase6-replay.test.ts:76,129",,tracking id: canonical flow step 38.1,,branch+test,
V03-T-371,V3,38 Decision Replay and Outcome Learning,81,"38.2 Reconstruct reasoning Present options, criteria, recommendation, dissent, assumptions, uncertainty, approvals, overrides, and rationale without later facts. Decision narrative and trace",V03-F014,learning-evaluation,implemented,passed:harness,branch-only,phase6,done,"migrations/0047 (prior dissent); apps/api/src/decision/replay/replay.service.ts; test/int/phase6-replay.test.ts:141,185",,tracking id: canonical flow step 38.2,,branch+test,
V03-T-372,V3,38 Decision Replay and Outcome Learning,81,"38.3 Connect execution Link commitments, resources, operational actions, deviations, external conditions, and governance events. Execution timeline",V03-F014,learning-evaluation,missing,unverified,none,omission,P6,,No execution timeline linked to commitments,tracking id: canonical flow step 38.3,v03.txt:page 81:L2810-L2853,,
V03-T-373,V3,38 Decision Replay and Outcome Learning,81,"38.4 Assess outcomes Compare intended and observed effects, leading and lagging measures, side effects, counterfactual limitations, and attribution confidence. Outcome evaluation",V03-F014,learning-evaluation,partial,passed:harness,branch-only,phase6,P7-B,migrations/0045:42; migrations/0050 §1 (record_outcome); test/int/phase6-monitoring.test.ts,"No intended-vs-observed comparison, side effects, attribution confidence",tracking id: canonical flow step 38.4,v03.txt:page 81:L2813-L2853,branch+test,
V03-T-374,V3,38 Decision Replay and Outcome Learning,81,"38.5 Identify lessons Separate process, evidence, model, forecast, scenario, simulation, governance, execution, and environmental causes. Lesson Proposals",V03-F014,learning-evaluation,missing,unverified,none,phase7,P7-B,migrations/0045:221 (lessons text),No Lesson Proposal,tracking id: canonical flow step 38.5,v03.txt:page 81:L2817-L2853,branch,
V03-T-375,V3,38 Decision Replay and Outcome Learning,81,"38.6 Govern change Test, approve, release, monitor, and retain rollback for accepted changes to memory, models, agents, policy, workflow, ontology, or practice. Released learning and audit evidence",V03-F014,learning-evaluation,missing,unverified,none,phase7,P7-B,,No governed change release,tracking id: canonical flow step 38.6,v03.txt:page 81:L2820-L2853,,
V03-T-376,V3,38 Decision Replay and Outcome Learning,81,Replay preserves what was knowable at the time.,V03-F014,learning-evaluation,implemented,passed:harness,branch-only,phase6,done,"migrations/0043:178; migrations/0048:412; test/int/phase6-replay.test.ts:76,129",,tracking id: normative bullet without source identifier,v03.txt:page 81:L2826-L2853,branch+test,
V03-T-377,V3,38 Decision Replay and Outcome Learning,81,Outcome evaluation separates decision quality from luck where evidence allows.,V03-F014,learning-evaluation,missing,unverified,none,omission,P7-B,,No outcome attribution,tracking id: normative bullet without source identifier,v03.txt:page 81:L2827-L2853,,
V03-T-378,V3,38 Decision Replay and Outcome Learning,81,Lessons remain proposals until governance approves them.,V03-F014,learning-evaluation,missing,unverified,none,phase7,P7-B,,No learning pipeline,tracking id: normative bullet without source identifier,v03.txt:page 81:L2828-L2853,,
V03-T-379,V3,38 Decision Replay and Outcome Learning,81,No evaluation silently trains or changes production behavior.,V03-F014,learning-evaluation,missing,unverified,none,phase7,P7-B,,No learning pipeline,tracking id: normative bullet without source identifier,v03.txt:page 81:L2829-L2853,,
V03-T-380,V3,38 Decision Replay and Outcome Learning,81,"Failure and recovery conditions [Historical object unavailable; Execution occurred outside governed interfaces; Outcome attribution weak; Policy or identity revision unresolved; Counterfactual impossible; Lesson lacks owner or validation]: Expose the failure state, preserve causation and partial work, apply the owning layer's degraded behavior, and route retry, compensation, challenge, or human re",V03-F014,learning-evaluation,partial,unverified,branch-only,phase6,P7-B,migrations/0048:412 (replay contributors/unavailable layers),"Attribution, counterfactual and lesson conditions absent",tracking id: failure/recovery table (conditions aggregated) | passed:harness lacked a resolved test/CI pointer → unverified,,branch,
V03-T-381,V3,38 Decision Replay and Outcome Learning,81,"Required flow evidence — Execution state (step duration, end-to-end age, queue and wait time, retry, compensation, completion, unresolved dependency); Trust state (policy decisions, versions, lineage, review, approval, audit continuity); Product state (completeness, freshness, coverage, uncertainty, invalidation, affected consumers, decision-active status); Recovery state (last durable transition,",V03-F014,learning-evaluation,partial,unverified,merged,phase0,P7-D,apps/api/src/shared/correlation.ts; apps/api/src/audit/audit.service.ts; migrations/0015 (outbox retry/lease); migrations/0022:322-347 (attempt causation),"Trust/recovery state partially auditable; no step duration, queue age, product-state or replay-position telemetry (four-plane observability is Phase 7)",tracking id: flow observability table | passed:harness lacked a resolved test/CI pointer → unverified,,main,
V03-T-382,V3,38 Decision Replay and Outcome Learning,81,"A scheduled review, outcome observation, commitment exception, warning, correction, incident, audit, leadership request, or model evaluation opens a replay case.",V03-F014,learning-evaluation,implemented,passed:harness,branch-only,phase6,P6,"migrations/0043:141,413 (record_replay); test/int/phase6-replay.test.ts",Replay is on request only,tracking id: normative table row(s) quoted,v03.txt:page 81:L2794-L2853,branch+test,
V03-T-383,V3,39 Deployment Model and Semantic Parity,84,"The ten layers, canonical objects, truth states, temporal model, provenance, decision rights, audit semantics, and core workflows remain identical.",V03-F016,infrastructure,partial,unverified,branch-only,phase0,P7-D,apps/api (single codebase); conformance.manifest.json,Parity untested: only the local profile exists,tracking id: normative bullet without source identifier | release_status merged → branch-only from the evidence at 2e83945 | passed:harness lacked a resolved test/CI pointer → unverified,v03.txt:page 84:L2894-L2918,branch+main,
V03-T-384,V3,39 Deployment Model and Semantic Parity,84,"APIs, events, package manifests, ontology contracts, policy decisions, export formats, and conformance fixtures remain portable across modes.",V03-F016,infrastructure,partial,unverified,merged,phase0,P7-D,packages/contracts; conformance.manifest.json,No export formats or package manifests,tracking id: normative bullet without source identifier | passed:ci lacked a resolved test/CI pointer → unverified,v03.txt:page 84:L2896-L2918,main,
V03-T-385,V3,39 Deployment Model and Semantic Parity,84,"Capability availability may be constrained by disconnected operation, local models, capacity, or customer policy, but reduced capability is explicit and never presented as equivalent output.",V03-F016,infrastructure,missing,unverified,none,phase7,P7-D,,No capability-availability declaration per deployment,tracking id: normative bullet without source identifier,v03.txt:page 84:L2898-L2918,,
V03-T-386,V3,39 Deployment Model and Semantic Parity,84,"Customer data, keys, models, administration, telemetry, support, and update boundaries are declared per deployment and independently testable.",V03-F016,infrastructure,missing,unverified,none,phase7,P7-D,,No per-deployment boundary declaration,tracking id: normative bullet without source identifier,v03.txt:page 84:L2900-L2918,,
V03-T-387,V3,39 Deployment Model and Semantic Parity,84,Promotion between environments resolves the same signed artifacts and configuration intent under environment-specific policy.,V03-F016,infrastructure,missing,unverified,none,phase7,P7-D,.github/workflows/ci.yml (no deploy job),No environments or signed promotion,tracking id: normative bullet without source identifier,v03.txt:page 84:L2902-L2918,main+test,
V03-T-388,V3,39 Deployment Model and Semantic Parity,84,"Logical deployment units: Customer Intelligence Domain; Intelligence Cell (scalable failure and data locality unit); Shared Control Services (identity federation, package distribution, policy templates, licensing, support); Edge / Collection Zone (store-and-forward custody); Execution Gateway (governed egress for notifications, exports, callbacks, enterprise actions); Recovery Domain (independent",V03-F016,infrastructure,missing,unverified,none,phase7,P7-D,,"No cells, control services, edge zone, execution gateway or recovery domain",tracking id: normative table row(s) quoted,,,
V03-T-389,V3,40 SaaS Operating Envelope,85,No request trusts a tenant identifier supplied only by the client; identity and routing bind it independently.,V03-F016,infrastructure,implemented,passed:harness,merged,phase0,done,apps/api/src/identity/identity.service.ts (session-bound context); apps/api/src/shared/scope.ts; test/int/gate22-capability-binding.test.ts,,tracking id: normative bullet without source identifier,v03.txt:page 85:L2930-L2960,main+test,
V03-T-390,V3,40 SaaS Operating Envelope,85,"High-risk administrative actions use privileged access management, just-in-time elevation, approval, recording, and customer-visible audit where contracted.",V03-F016,infrastructure,missing,unverified,none,phase7,P7-D,,"No SaaS cell architecture, PAM/JIT, cross-cell controls, regional failover or quotas",tracking id: normative bullet without source identifier,v03.txt:page 85:L2932-L2960,,
V03-T-391,V3,40 SaaS Operating Envelope,85,"Cross-cell data movement is denied unless a governed federation, migration, recovery, or customer export workflow authorizes it.",V03-F016,infrastructure,missing,unverified,none,phase7,P7-D,,"No SaaS cell architecture, PAM/JIT, cross-cell controls, regional failover or quotas",tracking id: normative bullet without source identifier,v03.txt:page 85:L2934-L2960,,
V03-T-392,V3,40 SaaS Operating Envelope,85,Regional failover respects residency and key policy; availability does not override sovereignty.,V03-F016,infrastructure,missing,unverified,none,phase7,P7-D,,"No SaaS cell architecture, PAM/JIT, cross-cell controls, regional failover or quotas",tracking id: normative bullet without source identifier,v03.txt:page 85:L2936-L2960,,
V03-T-393,V3,40 SaaS Operating Envelope,85,"Noisy-neighbor controls, workload quotas, agent budgets, and admission policies protect strategic workloads under shared operation.",V03-F016,infrastructure,missing,unverified,none,phase7,P7-D,,"No SaaS cell architecture, PAM/JIT, cross-cell controls, regional failover or quotas",tracking id: normative bullet without source identifier,v03.txt:page 85:L2937-L2960,,
V03-T-394,V3,40 SaaS Operating Envelope,85,"A SaaS cell contains the customer-domain data and execution services required for the canonical product while limiting blast radius, operational contention, and regional scope. A routing and admission layer selects the authorized cell after identity, tenant, region, and service-state checks. Global functions hold only the metadata required to locate, license, update, and operate cells under policy",V03-F016,infrastructure,missing,unverified,none,phase7,P7-D,,"No SaaS cell architecture, PAM/JIT, cross-cell controls, regional failover or quotas",tracking id: normative table row(s) quoted,v03.txt:page 85:L2926-L2960,,
V03-T-395,V3,40 SaaS Operating Envelope,85,"Responsibility boundary (SaaS): platform owns cell infrastructure, monitoring, recovery, vulnerability and release operations, federation, workload identity, isolation, encryption, backups, retention enforcement, export and deletion mechanisms, gateway, runtime isolation; customer owns tenant configuration, identity source integrity, purpose, classification, source rights, allowed providers and pa",V03-F016,infrastructure,missing,unverified,none,phase7,P7-D,,"No SaaS cell architecture, PAM/JIT, cross-cell controls, regional failover or quotas",tracking id: normative table row(s) quoted,,,
V03-T-396,V3,41 Private Cloud Operating Envelope,86,"Deploy into declared accounts, subscriptions, projects, networks, clusters, regions, and key boundaries owned according to contract.",V03-F016,infrastructure,missing,unverified,none,phase7,P7-D,,No private-cloud envelope,tracking id: normative bullet without source identifier,v03.txt:page 86:L2968-L2990,,
V03-T-397,V3,41 Private Cloud Operating Envelope,86,"Integrate customer identity, keys, logging, security operations, private connectivity, registries, data services, and recovery controls through supported contracts.",V03-F016,infrastructure,missing,unverified,none,phase7,P7-D,,No private-cloud envelope,tracking id: normative bullet without source identifier,v03.txt:page 86:L2970-L2990,,
V03-T-398,V3,41 Private Cloud Operating Envelope,86,"Permit management-plane connectivity only through declared, mutually authenticated, least- privilege endpoints; support relay, proxy, one-way, or offline promotion patterns where required.",V03-F016,infrastructure,missing,unverified,none,phase7,P7-D,,No private-cloud envelope,tracking id: normative bullet without source identifier,v03.txt:page 86:L2972-L2990,,
V03-T-399,V3,41 Private Cloud Operating Envelope,86,"Keep operational telemetry minimized, classified, region-aware, and separable from customer intelligence content.",V03-F016,infrastructure,missing,unverified,none,phase7,P7-D,,No private-cloud envelope,tracking id: normative bullet without source identifier,v03.txt:page 86:L2974-L2990,,
V03-T-400,V3,41 Private Cloud Operating Envelope,86,Validate customer-specific infrastructure and security controls without forking canonical application semantics.,V03-F016,infrastructure,missing,unverified,none,phase7,P7-D,,No private-cloud envelope,tracking id: normative bullet without source identifier,v03.txt:page 86:L2976-L2990,,
V03-T-401,V3,41 Private Cloud Operating Envelope,86,"Parity Rule: A dedicated environment may add customer controls and integrations. It may not remove provenance, human authority, temporal truth, evaluation, audit, or portability obligations.",V03-F016,infrastructure,missing,unverified,none,phase7,P7-D,,No private-cloud envelope,tracking id: boxed rule,,,
V03-T-402,V3,41 Private Cloud Operating Envelope,86,"Operating model options: Vendor managed; Co-managed (every duty has one accountable owner, interface, escalation, evidence, and continuity plan); Customer managed (the customer operates approved artifacts and runbooks; support receives only explicitly authorized diagnostics and access).",V03-F016,infrastructure,missing,unverified,none,phase7,P7-D,,No private-cloud envelope,tracking id: normative table row(s) quoted,,,
V03-T-403,V3,42 On-Premise Operating Envelope,87,"Provide offline package, ontology, policy, model, connector, revocation, and vulnerability update bundles with chain of custody.",V03-F016,infrastructure,missing,unverified,none,phase7,P7-D,,No on-premise/disconnected envelope,tracking id: normative bullet without source identifier,v03.txt:page 87:L3002-L3024,,
V03-T-404,V3,42 On-Premise Operating Envelope,87,Support local model resolution and deterministic fallbacks; declare when an approved cloud- dependent capability is unavailable.,V03-F016,infrastructure,missing,unverified,none,phase7,P7-D,,No on-premise/disconnected envelope,tracking id: normative bullet without source identifier,v03.txt:page 87:L3004-L3024,,
V03-T-405,V3,42 On-Premise Operating Envelope,87,"Maintain local audit continuity, usage accounting, evaluation, backups, recovery, and administrative evidence.",V03-F016,infrastructure,missing,unverified,none,phase7,P7-D,,No on-premise/disconnected envelope,tracking id: normative bullet without source identifier,v03.txt:page 87:L3006-L3024,,
V03-T-406,V3,42 On-Premise Operating Envelope,87,"Use store-and-forward collection and export with deduplication, ordering, custody, reconciliation, and conflict handling.",V03-F016,infrastructure,missing,unverified,none,phase7,P7-D,,No on-premise/disconnected envelope,tracking id: normative bullet without source identifier,v03.txt:page 87:L3008-L3024,,
V03-T-407,V3,42 On-Premise Operating Envelope,87,Make time quality explicit where secure time synchronization is degraded or contested.,V03-F016,infrastructure,missing,unverified,none,phase7,P7-D,,No on-premise/disconnected envelope,tracking id: normative bullet without source identifier,v03.txt:page 87:L3010-L3024,,
V03-T-408,V3,42 On-Premise Operating Envelope,87,"The platform operates from locally available identity, policy, keys, evidence, models, packages, observability, documentation, licences, and time services. Dependencies that normally cross the boundary are mirrored through signed, inspectable bundles and controlled transfer procedures. Loss of external connectivity changes freshness and available capability, not truth labels or governance.",V03-F016,infrastructure,missing,unverified,none,phase7,P7-D,,No on-premise/disconnected envelope,tracking id: normative table row(s) quoted,v03.txt:page 87:L2998-L3024,,
V03-T-409,V3,42 On-Premise Operating Envelope,87,"Environmental assumptions: Air-gapped (no ambient external dependency); Intermittent link (checkpoint, queue, deduplicate, reconcile, expose external freshness); Limited capacity (admission control, tiering, prioritized products, bounded agents, reduced models, explicit service envelopes); Customer hardware (supported platform profile, preflight validation, conformance tests); Restricted administr",V03-F016,infrastructure,missing,unverified,none,phase7,P7-D,,No on-premise/disconnected envelope,tracking id: normative table row(s) quoted,,,
V03-T-410,V3,"43 Sovereignty, Residency, Keys, and Disconnected",88,"Sovereignty Rule: Availability may fail closed when the only alternative would violate residency, key ownership, approved model, or administrative-boundary policy.",V03-F016,infrastructure,partial,unverified,merged,phase0,P7-D,apps/api/src/config/config.ts (fail-closed config); apps/api/src/health/health.controller.ts:36-53,No sovereignty policy to fail closed against,tracking id: boxed rule | passed:harness lacked a resolved test/CI pointer → unverified,,main,
V03-T-411,V3,"43 Sovereignty, Residency, Keys, and Disconnected",88,"Sovereignty policy dimensions: data and metadata location; keys and secrets ownership, rotation, revocation, recovery, audit; permitted model providers, locations, weights, prompts, telemetry, retention, training uses; administration identities, jurisdictions, networks, approvals, recording, emergency procedures; software supply signing, verification, mirroring, promotion, revocation, rollback; su",V03-F016,infrastructure,missing,unverified,none,omission,P7-D,,No sovereignty/residency/key policy dimensions or key-role separation,tracking id: normative table row(s) quoted,,,
V03-T-412,V3,"43 Sovereignty, Residency, Keys, and Disconnected",88,"Data encryption, transport identity, artifact signing, audit integrity, backup protection, secret wrapping, and customer export use separated key roles. Key references are carried with protected objects and operations. Rotation and revocation are designed as normal lifecycle events with impact analysis and recovery.",V03-F016,infrastructure,missing,unverified,none,omission,P7-D,,No sovereignty/residency/key policy dimensions or key-role separation,tracking id: normative table row(s) quoted,v03.txt:page 88:L3048-L3056,,
V03-T-413,V3,44 Security Architecture,89,"Assume external sources may contain malware, deception, poisoned data, hidden instructions, and adversarial narratives.",V03-F017,identity-policy,partial,passed:harness,merged,phase1,P1,test/int/phase1-hostile-input.test.ts; apps/api/src/observation/quarantine/quarantine.service.ts,No malware/deception/poisoning controls,tracking id: normative bullet without source identifier,v03.txt:page 89:L3079-L3090,main+test,
V03-T-414,V3,44 Security Architecture,89,"Assume credentials, models, packages, connectors, users, administrators, and workloads may be compromised.",V03-F017,identity-policy,partial,passed:harness,branch-only,phase0,P7-D,apps/api/src/identity/identity.service.ts:82 (revokeCredential); migrations/0048 (revocation epoch); test/int/gate22-evidence-deauthorization.test.ts,No compromise detection or rotation,tracking id: normative bullet without source identifier | release_status merged → branch-only from the evidence at 2e83945,v03.txt:page 89:L3081-L3090,branch+main+test,
V03-T-415,V3,44 Security Architecture,89,"Protect against cross-tenant access, unauthorized graph traversal, strategic inference leakage, model extraction, tool misuse, and covert exfiltration.",V03-F017,identity-policy,partial,passed:harness,merged,phase0,P7-D,test/int/domain-isolation.test.ts; test/int/adversarial.test.ts; apps/api/src/graph/graph.controller.ts (policy-filtered traversal),"No strategic-inference leakage, model extraction or covert exfiltration controls",tracking id: normative bullet without source identifier,v03.txt:page 89:L3083-L3090,main+test,
V03-T-416,V3,44 Security Architecture,89,"Detect manipulation of evidence, time, provenance, forecasts, scenarios, simulations, recommendations, approvals, and audit records.",V03-F017,identity-policy,partial,passed:harness,branch-only,phase0,P7-D,packages/contracts/src/audit.ts:59-79 (hash chain); test/int/gate22-audit-verify.test.ts; migrations/0033:148 (run digests),Only audit chain and digests; no detection for time/provenance/forecast manipulation,tracking id: normative bullet without source identifier | release_status merged → branch-only from the evidence at 2e83945,v03.txt:page 89:L3085-L3090,branch+main+test,
V03-T-417,V3,44 Security Architecture,89,"Design containment at source, package, agent, model, service, tenant, cell, region, and deployment boundaries.",V03-F017,identity-policy,missing,unverified,none,phase7,P7-D,,No containment boundaries beyond tenant RLS,tracking id: normative bullet without source identifier,v03.txt:page 89:L3087-L3090,,
V03-T-418,V3,44 Security Architecture,89,"Identity and privilege: phishing-resistant assurance where warranted, workload identity, least privilege, continuous authorization, separation of duties, privileged access, and break-glass review.",V03-F017,identity-policy,partial,passed:harness,branch-only,phase0,P7-D,"apps/api/src/identity/identity.service.ts (password credentials, session context keys); migrations/0042:190 (SoD); test/int/gate22-identity-mutators.test.ts","No MFA/phishing-resistant assurance, workload identity, PAM or break-glass",tracking id: normative table row(s) quoted | release_status merged → branch-only from the evidence at 2e83945,,branch+main+test,
V03-T-419,V3,44 Security Architecture,89,"Application and API: schema validation, object authorization, rate and abuse controls, secure defaults, dependency isolation, secret handling, and security testing.",V03-F017,identity-policy,partial,passed:harness,merged,phase0,R0,"apps/api/src/pipeline/http.ts:104-145 (schema validation), :48-102 (intake limiter); apps/api/src/policy/pdp.service.ts; test/int/adversarial.test.ts; test/int/gate21-adversarial.test.ts",No rate/abuse controls at the API boundary,tracking id: normative table row(s) quoted,,main+test,
V03-T-420,V3,44 Security Architecture,89,"Data and knowledge: classification, encryption, tenant isolation, object policy, minimization, integrity, retention, deletion, backup protection, and exfiltration controls.",V03-F017,identity-policy,partial,unverified,merged,phase0,P7-D,RLS tenant isolation; apps/api/src/shared/correlation.ts (redaction); apps/api/src/observation/connectors/redaction.ts,"No encryption policy, retention/deletion enforcement, backup protection or exfiltration controls",tracking id: normative table row(s) quoted | passed:harness lacked a resolved test/CI pointer → unverified,,main,
V03-T-421,V3,44 Security Architecture,89,"AI and agents: prompt-injection resistance, tool mediation, capability grants, context isolation, model evaluation, package sandboxing, budget, supervision, and output gating.",V03-F017,identity-policy,partial,passed:harness,merged,phase2,P7-A,"apps/api/src/intelligence/gateway/model-gateway.service.ts (schema-bound outputs, abstention); test/int/phase1-hostile-input.test.ts","No prompt-injection resistance, tool mediation, capability grants or output gating for agents",tracking id: normative table row(s) quoted,,main+test,
V03-T-422,V3,44 Security Architecture,89,"Supply chain: provenance, signed artifacts, dependency inventory, build isolation, vulnerability management, promotion policy, revocation, and reproducible evidence.",V03-F017,identity-policy,implemented,passed:ci,merged,phase0,done,".github/workflows/ci.yml (supply-chain); .github/workflows/c19-anchor.yml, c19-lifecycle.yml; scripts/generate-sbom.mjs; scripts/gate/scanner-pins.json; docs/SCANNER_DISPOSITIONS.md; test/gate/supply-chain.test.ts",,tracking id: normative table row(s) quoted,,main+test,
V03-T-423,V3,44 Security Architecture,89,"Platform and network: segmentation, hardened workload identity, egress control, runtime protection, patching, configuration policy, secure boot where applicable, and recovery.",V03-F017,identity-policy,missing,unverified,none,phase7,P7-D,,"No segmentation, egress control, runtime protection or patching pipeline (no app image)",tracking id: normative table row(s) quoted,,,
V03-T-424,V3,44 Security Architecture,89,"Detection and response: security telemetry, tamper-evident audit, threat analytics, investigation, containment, customer notification, forensics, and lessons governed into release.",V03-F017,identity-policy,missing,unverified,none,omission,P7-D,apps/api/src/audit/audit.service.ts (tamper-evident audit only),"No security telemetry, threat analytics, containment, notification or forensics",tracking id: normative table row(s) quoted,,main,
V03-T-425,V3,45 Resilience and Safe Degradation,90,"Every user-visible product declares freshness, coverage, dependency health, partial state, last successful revision, and unavailable capability when material.",V03-F017,infrastructure,partial,unverified,merged,phase1,P7-D,"apps/api/src/observation/coverage/coverage.service.ts:49; apps/api/src/graph/graph.controller.ts:417,500,561; apps/api/src/health/health.controller.ts:36-53",Not declared per product uniformly,tracking id: normative bullet without source identifier | passed:harness lacked a resolved test/CI pointer → unverified,v03.txt:page 90:L3108-L3122,main,
V03-T-426,V3,45 Resilience and Safe Degradation,90,"Queues and workflows preserve causation, ordering requirements, idempotency, deadlines, and recovery position.",V03-F017,infrastructure,partial,passed:harness,merged,phase0,R0,"migrations/0015:35,52-56; apps/api/src/objects/outbox.publisher.ts; test/int/gate22-outbox-hardening.test.ts",No ordering guarantee or deadlines,tracking id: normative bullet without source identifier,v03.txt:page 90:L3110-L3122,main+test,
V03-T-427,V3,45 Resilience and Safe Degradation,90,"The system fails closed for unauthorized access, unsafe external execution, missing final approval, or violated sovereignty policy.",V03-F017,infrastructure,implemented,passed:harness,branch-only,phase6,done,apps/api/src/policy/pdp.service.ts (deny default); migrations/0043:33 (commit requires approval); apps/api/src/config/config.ts (fail-closed); test/int/gate22-authority-matrix.test.ts,,tracking id: normative bullet without source identifier,v03.txt:page 90:L3112-L3122,branch+main+test,
V03-T-428,V3,45 Resilience and Safe Degradation,90,It may fail open only for explicitly classified non-sensitive availability functions under approved policy and with visible reduced assurance.,V03-F017,infrastructure,missing,unverified,none,omission,P7-D,,No classified fail-open functions,tracking id: normative bullet without source identifier,v03.txt:page 90:L3114-L3122,,
V03-T-429,V3,45 Resilience and Safe Degradation,90,"Recovery reconciles canonical state, projections, indexes, external effects, and audit evidence before declaring full health.",V03-F017,infrastructure,partial,passed:harness,merged,phase0,P7-D,apps/api/src/health/degraded-reconciliation.service.ts; apps/api/src/audit/reconcile-degraded.ts; test/int/gate22-degraded-recovery.test.ts,"Reconciles audit/degraded store only; not projections, indexes or external effects",tracking id: normative bullet without source identifier,v03.txt:page 90:L3116-L3122,main+test,
V03-T-430,V3,45 Resilience and Safe Degradation,90,Resilience Rule: A stale answer clearly marked stale is a degraded product. A stale answer presented as current is an integrity failure.,V03-F017,infrastructure,partial,unverified,branch-only,phase1,P7-D,apps/api/src/observation/coverage/coverage.service.ts:49 (freshness); migrations/0031:168-196 (warning expiry),No uniform stale marker on responses,tracking id: boxed rule | release_status merged → branch-only from the evidence at 2e83945 | passed:harness lacked a resolved test/CI pointer → unverified,,branch+main,
V03-T-431,V3,45 Resilience and Safe Degradation,90,"Degradation order: 1 identity, tenant isolation, policy enforcement, evidence integrity, audit continuity, human authority, and safe stop; 2 current warnings, active decisions, commitments, critical workflows, correction state, operational health; 3 evidence acquisition, graph and twin updates, priority forecasts, executive briefings; 4 broader search, scenarios, simulations, agent automation, bac",V03-F017,infrastructure,missing,unverified,none,omission,P7-D,,No degradation-order enforcement,tracking id: normative table row(s) quoted,,,
V03-T-432,V3,46 Observability and Site Reliability,91,Trace context follows a product from source contract through decision and outcome without placing sensitive content in global telemetry.,V03-F017,infrastructure,missing,unverified,none,phase7,P7-D,"apps/api/src/shared/correlation.ts; apps/api/src/health/health.controller.ts:32,37","No tracing/metrics, SLOs, runbooks, probes or incident-to-lesson records",tracking id: normative bullet without source identifier,v03.txt:page 91:L3148-L3156,main,
V03-T-433,V3,46 Observability and Site Reliability,91,"Runbooks identify affected product semantics, not only failing infrastructure components.",V03-F017,infrastructure,missing,unverified,none,phase7,P7-D,"apps/api/src/shared/correlation.ts; apps/api/src/health/health.controller.ts:32,37","No tracing/metrics, SLOs, runbooks, probes or incident-to-lesson records",tracking id: normative bullet without source identifier,v03.txt:page 91:L3150-L3156,main,
V03-T-434,V3,46 Observability and Site Reliability,91,"Synthetic and replay probes validate end-to-end evidence, authorization, correction, decision, export, and recovery paths.",V03-F017,infrastructure,missing,unverified,none,phase7,P7-D,"apps/api/src/shared/correlation.ts; apps/api/src/health/health.controller.ts:32,37","No tracing/metrics, SLOs, runbooks, probes or incident-to-lesson records",tracking id: normative bullet without source identifier,v03.txt:page 91:L3151-L3156,main,
V03-T-435,V3,46 Observability and Site Reliability,91,Operational incidents create governed impact records and Lesson Proposals when architecture behavior must change.,V03-F017,infrastructure,missing,unverified,none,phase7,P7-D,"apps/api/src/shared/correlation.ts; apps/api/src/health/health.controller.ts:32,37","No tracing/metrics, SLOs, runbooks, probes or incident-to-lesson records",tracking id: normative bullet without source identifier,v03.txt:page 91:L3153-L3156,main,
V03-T-436,V3,46 Observability and Site Reliability,91,"Operational signal classes: Service; Data and evidence (coverage, freshness, completeness, custody, quarantine, schema drift, correction lag, orphan rate); Intelligence product (extraction quality, graph integrity, retrieval coverage, twin staleness, forecast calibration, scenario coherence, simulation reproducibility, decision completeness); AI and agents (model route, evaluation threshold, tool",V03-F017,infrastructure,missing,unverified,none,phase7,P7-D,"apps/api/src/shared/correlation.ts; apps/api/src/health/health.controller.ts:32,37","No tracing/metrics, SLOs, runbooks, probes or incident-to-lesson records",tracking id: normative table row(s) quoted,,main,
V03-T-437,V3,46 Observability and Site Reliability,91,"Platform SLOs govern technical services. Product SLOs govern the quality and timeliness of evidence, graph, twin, forecast, warning, decision, and briefing products. Mission or business SLOs govern customer-defined critical workflows and decision windows. Error budgets may reduce release velocity or non-critical computation; they may not waive security, sovereignty, decision authority, or truthful",V03-F017,infrastructure,missing,unverified,none,phase7,P7-D,"apps/api/src/shared/correlation.ts; apps/api/src/health/health.controller.ts:32,37","No tracing/metrics, SLOs, runbooks, probes or incident-to-lesson records",tracking id: normative table row(s) quoted,v03.txt:page 91:L3143-L3156,main,
V03-T-438,V3,"47 Portability, Interoperability, and Exit",92,"Versioned APIs for commands, queries, explanations, administration, and export.",V03-F017,commercial,partial,unverified,merged,phase0,P7-F,apps/api/src/pipeline/http.ts; packages/contracts,No explanation/administration/export API versioning scheme,tracking id: normative bullet without source identifier | passed:harness lacked a resolved test/CI pointer → unverified,v03.txt:page 92:L3164-L3193,main,
V03-T-439,V3,"47 Portability, Interoperability, and Exit",92,"Schema-registry-backed events and streams with compatibility metadata, ordering, replay, and correction semantics.",V03-F017,commercial,missing,unverified,none,omission,P7-F,,"No export/exit package, verifier or signed manifests",tracking id: normative bullet without source identifier,v03.txt:page 92:L3165-L3193,,
V03-T-440,V3,"47 Portability, Interoperability, and Exit",92,Connector SDKs and source contracts that isolate external-system change from canonical objects.,V03-F017,commercial,partial,unverified,merged,phase1,P1,apps/api/src/observation/connectors/sdk.ts; apps/api/src/observation/sources/source-contract.ts,SDK is internal,tracking id: normative bullet without source identifier | passed:harness lacked a resolved test/CI pointer → unverified,v03.txt:page 92:L3167-L3193,main,
V03-T-441,V3,"47 Portability, Interoperability, and Exit",92,"Ontology, graph, model, scenario, twin, agent, workflow, policy, and package manifests with signed provenance.",V03-F017,commercial,missing,unverified,none,omission,P7-F,,"No export/exit package, verifier or signed manifests",tracking id: normative bullet without source identifier,v03.txt:page 92:L3168-L3193,,
V03-T-442,V3,"47 Portability, Interoperability, and Exit",92,"Standards-aligned identity, cryptography, telemetry, geospatial, document, tabular, and structured export where semantics are sufficient.",V03-F017,commercial,missing,unverified,none,omission,P7-F,,"No export/exit package, verifier or signed manifests",tracking id: normative bullet without source identifier,v03.txt:page 92:L3170-L3193,,
V03-T-443,V3,"47 Portability, Interoperability, and Exit",92,"Exit package minimum export: evidence and memory (authorized raw and derived objects, versions, metadata, classifications, retention state, checksums, custody references); knowledge and strategy (ontologies, entities, relationships, graph revisions, Strategy Graph, provenance); twins and foresight (twin definitions and snapshots, forecasts, scenarios, assumptions, indicators, simulation manifests,",V03-F017,commercial,missing,unverified,none,omission,P7-F,,"No export/exit package, verifier or signed manifests",tracking id: normative table row(s) quoted,,,
V03-T-444,V3,"47 Portability, Interoperability, and Exit",92,"Export is tested as an operational capability, not improvised at termination. The customer can request a scoped export, validate completeness, import representative packages into an independent verifier, and obtain deletion evidence after contractual and legal obligations are satisfied.",V03-F017,commercial,missing,unverified,none,omission,P7-F,,"No export/exit package, verifier or signed manifests",tracking id: normative table row(s) quoted,v03.txt:page 92:L3187-L3193,,
V03-T-445,V3,48 Architecture Decision Rights,94,"Decision authorities: Product Constitution Council; Architecture Council (owns Volume 3, cross-domain contracts, canonical objects, quality attributes, trust boundaries, ADR standards, conformance decisions); Domain Architecture Owners; Platform and SRE Authority; AI Governance Authority (model, agent, evaluation, package, safety, and learning release controls without strategic decision rights); D",V03-F018,governance-docs,partial,not-applicable,merged,phase0,P7-F,DECISIONS.md (ADR-P0-*); EXCEPTIONS.md,No named authorities or decision classes in the repository,tracking id: normative table row(s) quoted,,main,
V03-T-446,V3,48 Architecture Decision Rights,95,Constitutional: changes a C-001–C-052 commitment and requires formal ratification plus downstream document revision.,V03-F018,governance-docs,partial,not-applicable,merged,phase0,P7-F,DECISIONS.md (ADR-P0-*); EXCEPTIONS.md,No named authorities or decision classes in the repository,tracking id: normative bullet without source identifier,v03.txt:page 95:L3229-L3240,main,
V03-T-447,V3,48 Architecture Decision Rights,95,"Cross-domain: changes a canonical object, interface, truth or time semantic, provenance, policy, human gate, or deployment parity and requires Architecture Council approval.",V03-F018,governance-docs,partial,not-applicable,merged,phase0,P7-F,DECISIONS.md (ADR-P0-*); EXCEPTIONS.md,No named authorities or decision classes in the repository,tracking id: normative bullet without source identifier,v03.txt:page 95:L3231-L3240,main,
V03-T-448,V3,48 Architecture Decision Rights,95,Domain: changes an implementation within an approved contract and is owned by the relevant architecture authority.,V03-F018,governance-docs,partial,not-applicable,merged,phase0,P7-F,DECISIONS.md (ADR-P0-*); EXCEPTIONS.md,No named authorities or decision classes in the repository,tracking id: normative bullet without source identifier,v03.txt:page 95:L3233-L3240,main,
V03-T-449,V3,48 Architecture Decision Rights,95,"Operational: changes configuration within an approved runbook, policy, capacity, and risk envelope and remains auditable.",V03-F018,governance-docs,partial,not-applicable,merged,phase0,P7-F,DECISIONS.md (ADR-P0-*); EXCEPTIONS.md,No named authorities or decision classes in the repository,tracking id: normative bullet without source identifier,v03.txt:page 95:L3235-L3240,main,
V03-T-450,V3,48 Architecture Decision Rights,95,Emergency: contains an active incident under pre-authorized scope and must receive retrospective review before it becomes normal design.,V03-F018,governance-docs,partial,not-applicable,merged,phase0,P7-F,DECISIONS.md (ADR-P0-*); EXCEPTIONS.md,No named authorities or decision classes in the repository,tracking id: normative bullet without source identifier,v03.txt:page 95:L3237-L3240,main,
V03-T-451,V3,49 Conformance and Exceptions,96,Governance Rule: Repeated exceptions against the same contract are architecture evidence. They trigger remediation or formal change review; they do not quietly redefine the baseline.,V03-F018,governance-docs,partial,not-applicable,merged,phase0,P7-D,"EXCEPTIONS.md (EXC-P0-003 open/stale vs C19, EXC-P0-004)","Exceptions lack expiry enforcement, monitoring and renewal evidence",tracking id: boxed rule,,main,
V03-T-452,V3,49 Conformance and Exceptions,96,"Conformance evidence families: Contract (schema, API, event, workflow, object, ontology, policy, error, compatibility tests); Trust (identity, authorization, provenance, temporal truth, correction, audit, privacy, classification, deletion tests); Human authority (approval, delegation, dissent, override, separation of duties, external execution, replay tests); Quality (SLOs, evaluation thresholds,",V03-F018,governance-docs,partial,passed:ci,branch-only,phase0,P7-D,test/int/**; test/gate/**; packages/contracts/test; .github/workflows/ci.yml,"Quality, deployment and operations families absent",tracking id: normative table row(s) quoted | release_status merged → branch-only from the evidence at 2e83945,,branch+main+test,
V03-T-453,V3,49 Conformance and Exceptions,96,"An exception names the unmet requirement, system and customer scope, reason, evidence, risk, affected invariants, compensating controls, owner, approvers, start, expiry, monitoring, exit criteria, and remediation plan. Constitutional boundaries cannot be waived through ordinary exception. Expiry stops the affected promotion or operation unless the authorized body renews the exception with current",V03-F018,governance-docs,partial,not-applicable,merged,phase0,P7-D,"EXCEPTIONS.md (EXC-P0-003 open/stale vs C19, EXC-P0-004)","Exceptions lack expiry enforcement, monitoring and renewal evidence",tracking id: normative table row(s) quoted,v03.txt:page 96:L3259-L3268,main,
V03-T-454,V3,50 Quality Attribute Contracts,97,"Product or service name, owner, consumers, criticality, deployment scope, and business or mission purpose.",V03-F018,governance-docs,missing,unverified,none,omission,P7-D,,No quality contracts defined,tracking id: normative bullet without source identifier,v03.txt:page 97:L3296-L3305,,
V03-T-455,V3,50 Quality Attribute Contracts,97,"Indicator definition, units, population, segmentation, measurement point, exclusions, and source of truth.",V03-F018,governance-docs,missing,unverified,none,omission,P7-D,,No quality contracts defined,tracking id: normative bullet without source identifier,v03.txt:page 97:L3298-L3305,,
V03-T-456,V3,50 Quality Attribute Contracts,97,"Target, window, budget, warning, breach, escalation, review, and customer-visible communication.",V03-F018,governance-docs,missing,unverified,none,omission,P7-D,,No quality contracts defined,tracking id: normative bullet without source identifier,v03.txt:page 97:L3300-L3305,,
V03-T-457,V3,50 Quality Attribute Contracts,97,"Dependencies, assumptions, partial-state behavior, safe degradation, recovery objective, and validation method.",V03-F018,governance-docs,missing,unverified,none,omission,P7-D,,No quality contracts defined,tracking id: normative bullet without source identifier,v03.txt:page 97:L3301-L3305,,
V03-T-458,V3,50 Quality Attribute Contracts,97,"Release gate, operational dashboard, audit evidence, exception process, and improvement owner.",V03-F018,governance-docs,missing,unverified,none,omission,P7-D,,No quality contracts defined,tracking id: normative bullet without source identifier,v03.txt:page 97:L3303-L3305,,
V03-T-459,V3,50 Quality Attribute Contracts,97,"Architecture quality model: Correctness, Trustworthiness, Freshness and coverage (products declare source field of view, observation recency, update latency, missing regions or domains, downstream staleness), Reliability (availability, durability, ordering, recovery, idempotency, safe degradation), Performance, Scalability, Portability, Usability and accessibility, Operability.",V03-F018,governance-docs,missing,unverified,none,omission,P7-D,,No quality contracts defined,tracking id: normative table row(s) quoted,,,
V03-T-460,V3,"51 Release, Configuration, and Schema Evolution",98,Breaking changes require an explicit migration and consumer cutover plan.,V03-F018,infrastructure,missing,unverified,none,omission,P7-D,,No migration/cutover plan mechanism,tracking id: normative bullet without source identifier,v03.txt:page 98:L3336-L3344,,
V03-T-461,V3,"51 Release, Configuration, and Schema Evolution",98,"In-flight decisions, workflows, simulations, and agent executions retain their resolved versions unless deliberately migrated.",V03-F018,infrastructure,implemented,unverified,branch-only,phase6,P7-D,"migrations/0041:137; migrations/0043:178; migrations/0036:23,57 (resolved versions pinned)","verification evidence of the required class (harness, browser, CI or deployment) for the released artefact",tracking id: normative bullet without source identifier | passed:harness lacked a resolved test/CI pointer → unverified,v03.txt:page 98:L3337-L3344,branch,
V03-T-462,V3,"51 Release, Configuration, and Schema Evolution",98,"Rollback includes schemas, state, projections, packages, models, policy, and audit continuity—not just binaries.",V03-F018,infrastructure,missing,unverified,none,omission,P7-D,apps/api/migrations (forward-only),No rollback,tracking id: normative bullet without source identifier,v03.txt:page 98:L3339-L3344,branch,
V03-T-463,V3,"51 Release, Configuration, and Schema Evolution",98,Emergency changes are bounded and reviewed before they enter the supported baseline.,V03-F018,infrastructure,missing,unverified,none,omission,P7-D,,Not defined,tracking id: normative bullet without source identifier,v03.txt:page 98:L3341-L3344,,
V03-T-464,V3,"51 Release, Configuration, and Schema Evolution",98,"End-of-life preserves the ability to decode, explain, replay, export, and audit historical artifacts.",V03-F018,infrastructure,missing,unverified,none,omission,P7-D,,Not defined,tracking id: normative bullet without source identifier,v03.txt:page 98:L3342-L3344,,
V03-T-465,V3,"51 Release, Configuration, and Schema Evolution",98,"Artifact classes and lifecycle controls: Application and infrastructure (source and build provenance, dependencies, security evidence, configuration schema, migration, conformance, signed promotion, rollback, support window); Canonical schema and events (semantic version, compatibility class, fixtures, consumer inventory, migration, dual operation, deprecation, archival decoder); Ontology and grap",V03-F018,infrastructure,partial,passed:ci,branch-only,phase0,P7-D,.github/workflows/ci.yml; scripts/generate-sbom.mjs; apps/api/migrations,"No app image, signed promotion or rollback",tracking id: normative table row(s) quoted | UNRESOLVED pointer(s) at 2e83945: scripts/gate/c19-* | release_status merged → branch-only from the evidence at 2e83945,,branch+main+test,
V03-T-466,V3,"51 Release, Configuration, and Schema Evolution",98,"Artifacts move through development, verification, security and policy review, representative evaluation, integration, deployment-mode conformance, pre-production, controlled rollout, production, monitoring, and retirement. Promotion is evidence-based and environment-specific. The exact artifact and intent remain unchanged; environment binding supplies approved identities, secrets, capacity, region",V03-F018,infrastructure,missing,unverified,none,phase7,P7-D,.github/workflows/ci.yml (gates only),No promotion chain,tracking id: normative table row(s) quoted,v03.txt:page 98:L3331-L3344,main+test,
V03-T-467,V3,52 Tenant and Domain Specialization,99,Removing final human authority or allowing an agent to become the accountable decision-maker.,V03-F018,governance-docs,implemented,passed:harness,branch-only,phase6,done,migrations/0042:100; test/unit/pdp-phase6-authority.test.ts,,tracking id: normative bullet without source identifier,v03.txt:page 99:L3370-L3382,branch+test,
V03-T-468,V3,52 Tenant and Domain Specialization,99,"Changing canonical truth, temporal, provenance, identity, correction, audit, or Decision Replay semantics.",V03-F018,governance-docs,partial,unverified,merged,phase0,P7-D,conformance.manifest.json; .dependency-cruiser.cjs,No conformance check that specialisation preserves canonical semantics,tracking id: normative bullet without source identifier | passed:ci lacked a resolved test/CI pointer → unverified,v03.txt:page 99:L3371-L3382,main,
V03-T-469,V3,52 Tenant and Domain Specialization,99,Creating a deployment mode with different meaning for the ten layers or canonical objects.,V03-F018,governance-docs,partial,unverified,merged,phase0,P7-D,conformance.manifest.json; .dependency-cruiser.cjs,No conformance check that specialisation preserves canonical semantics,tracking id: normative bullet without source identifier | passed:ci lacked a resolved test/CI pointer → unverified,v03.txt:page 99:L3373-L3382,main,
V03-T-470,V3,52 Tenant and Domain Specialization,99,"Creating a parallel tenant-specific object model that cannot participate in shared governance, export, explanation, and conformance.",V03-F018,governance-docs,partial,unverified,merged,phase0,P7-D,conformance.manifest.json; .dependency-cruiser.cjs,No conformance check that specialisation preserves canonical semantics,tracking id: normative bullet without source identifier | passed:ci lacked a resolved test/CI pointer → unverified,v03.txt:page 99:L3374-L3382,main,
V03-T-471,V3,52 Tenant and Domain Specialization,99,"Hiding uncertainty, dissent, source health, missing evidence, or degraded capability to satisfy a domain presentation preference.",V03-F018,governance-docs,partial,unverified,merged,phase0,P7-D,conformance.manifest.json; .dependency-cruiser.cjs,No conformance check that specialisation preserves canonical semantics,tracking id: normative bullet without source identifier | passed:ci lacked a resolved test/CI pointer → unverified,v03.txt:page 99:L3376-L3382,main,
V03-T-472,V3,52 Tenant and Domain Specialization,99,"Extension Rule: A domain may add semantics and controls. It may not subtract the evidence needed for trust, human authority, temporal reconstruction, or enterprise portability.",V03-F018,governance-docs,partial,unverified,merged,phase0,P7-D,conformance.manifest.json; .dependency-cruiser.cjs,No conformance check that specialisation preserves canonical semantics,tracking id: boxed rule | passed:ci lacked a resolved test/CI pointer → unverified,,main,
V03-T-473,V3,52 Tenant and Domain Specialization,99,"Permitted extension surfaces: sources and connectors; ontology and graph (domain types, relationships, constraints, stewardship, compatibility, cross-domain mapping); Digital Twins (domain twin definitions, state variables, topology, estimators, constraints, models); forecast, scenario, simulation; decision and workflow (templates, criteria, obligations, approvals, playbooks); agents and models (d",V03-F018,governance-docs,partial,unverified,branch-only,phase5,P5,migrations/0032:42 (twin_kind_schemas); migrations/0028 (source contract v2); migrations/0023:72,"Only sources, twin kinds and methods are extension points",tracking id: normative table row(s) quoted | passed:harness lacked a resolved test/CI pointer → unverified,,branch+main,
V03-T-474,V3,53 Architecture Verification,100,Design review demonstrates traceability to constitutional invariants and quality attributes.,V03-F018,governance-docs,partial,not-applicable,merged,phase0,P7-D,conformance.manifest.json (Phase 0),No traceability manifest beyond Phase 0,tracking id: normative bullet without source identifier | UNRESOLVED pointer(s) at 2e83945: PHASE*_REPORT.md,v03.txt:page 100:L3408-L3419,main,
V03-T-475,V3,53 Architecture Verification,100,"Contract verification proves schemas, APIs, events, objects, policies, workflows, and compatibility.",V03-F018,governance-docs,partial,passed:ci,merged,phase0,P7-D,packages/contracts/test; test/acceptance/acceptance.test.ts; conformance.manifest.json,Compatibility untested,tracking id: normative bullet without source identifier,v03.txt:page 100:L3409-L3419,main+test,
V03-T-476,V3,53 Architecture Verification,100,"Security and responsible-use verification challenge identity, isolation, agents, models, data, supply chain, approvals, and external side effects.",V03-F018,governance-docs,partial,passed:harness,merged,phase0,P7-D,test/int/adversarial.test.ts; test/int/gate21-adversarial.test.ts; test/gate/ci-security.test.ts; test/gate/supply-chain.test.ts,"Agents, models and external side effects not challenged",tracking id: normative bullet without source identifier,v03.txt:page 100:L3410-L3419,main+test,
V03-T-477,V3,53 Architecture Verification,100,"Performance and resilience verification exercises scale, load, dependency failure, regional or site loss, recovery, and backlog reconciliation.",V03-F018,governance-docs,missing,unverified,none,omission,P7-D,,TS-013/014/015 absent,tracking id: normative bullet without source identifier,v03.txt:page 100:L3412-L3419,,
V03-T-478,V3,53 Architecture Verification,100,"Customer acceptance validates role, domain, sovereignty, integration, accessibility, support, and operational responsibility boundaries.",V03-F018,governance-docs,missing,unverified,none,omission,P7-F,,No customer acceptance,tracking id: normative bullet without source identifier,v03.txt:page 100:L3414-L3419,,
V03-T-479,V3,53 Architecture Verification,100,"Continuous conformance monitors production artifacts, configuration, policy, drift, SLOs, exceptions, and evidence expiry.",V03-F018,governance-docs,missing,unverified,none,omission,P7-D,,No production conformance monitoring,tracking id: normative bullet without source identifier,v03.txt:page 100:L3416-L3419,,
V03-T-480,V3,53 Architecture Verification,100,"Reference verification journeys must prove: Observe to warning; Evidence to decision (truth-state separation, temporal context, provenance, forecast, scenarios, simulation, alternatives, dissent, human approval, commitment, replay); Correction (versioned correction, forward impact, invalidation, recomputation, owner review, historical preservation, propagation evidence); Agent workflow; Isolation",V03-F018,governance-docs,partial,passed:ci,branch-only,phase0,P7-D,test/int/**; test/gate/**; .github/workflows/ci.yml,Journeys beyond Phases 1-6 harness scope unproven,tracking id: normative table row(s) quoted | UNRESOLVED pointer(s) at 2e83945: apps/api/e2e | release_status merged → branch-only from the evidence at 2e83945,,branch+main+test,
V03-T-481,V3,54 Boundaries to Volumes 4–7,101,"Every specification cites its controlling Volume 3 chapter, component ID, object ID, interface or event ID, quality contract, trust boundary, and constitutional invariant.",,governance-docs,partial,not-applicable,merged,phase0,P7-F,conformance.manifest.json,Traceability to Volume 3 ids exists only for Phase 0 components,tracking id: normative bullet without source identifier | UNRESOLVED pointer(s) at 2e83945: PHASE1_REPORT.md..PHASE6_REPORT.md,v03.txt:page 101:L3461-L3476,main,
V03-T-482,V3,54 Boundaries to Volumes 4–7,101,"Every implementation choice states its failure, degradation, recovery, observability, security, privacy, sovereignty, and portability behavior.",,governance-docs,partial,not-applicable,merged,phase0,P7-F,conformance.manifest.json,Traceability to Volume 3 ids exists only for Phase 0 components,tracking id: normative bullet without source identifier | UNRESOLVED pointer(s) at 2e83945: PHASE1_REPORT.md..PHASE6_REPORT.md,v03.txt:page 101:L3463-L3476,main,
V03-T-483,V3,54 Boundaries to Volumes 4–7,101,"Every AI component states its owner, purpose, authority, data boundary, model and prompt versions, tool permissions, evaluation, human gates, and rollback.",,governance-docs,partial,not-applicable,merged,phase0,P7-F,conformance.manifest.json,Traceability to Volume 3 ids exists only for Phase 0 components,tracking id: normative bullet without source identifier | UNRESOLVED pointer(s) at 2e83945: PHASE1_REPORT.md..PHASE6_REPORT.md,v03.txt:page 101:L3465-L3476,main,
V03-T-484,V3,54 Boundaries to Volumes 4–7,101,"Every storage and interface design preserves event, observation, valid, and system time plus exact provenance and policy revision.",,governance-docs,partial,not-applicable,merged,phase0,P7-F,conformance.manifest.json,Traceability to Volume 3 ids exists only for Phase 0 components,tracking id: normative bullet without source identifier | UNRESOLVED pointer(s) at 2e83945: PHASE1_REPORT.md..PHASE6_REPORT.md,v03.txt:page 101:L3467-L3476,main,
V03-T-485,V3,54 Boundaries to Volumes 4–7,101,"Every deployment design proves SaaS, Private Cloud, and On-Premise semantic parity or declares an approved capability limitation without changing meaning.",,governance-docs,partial,not-applicable,merged,phase0,P7-F,conformance.manifest.json,Traceability to Volume 3 ids exists only for Phase 0 components,tracking id: normative bullet without source identifier | UNRESOLVED pointer(s) at 2e83945: PHASE1_REPORT.md..PHASE6_REPORT.md,v03.txt:page 101:L3469-L3476,main,
V03-T-486,V3,54 Boundaries to Volumes 4–7,101,Baseline Status: This volume is the controlled architecture baseline. Downstream detail is valid only while it conforms to this volume and the Product Constitution. A conflict requires correction or formal change control; it is not an implementation preference.,,governance-docs,partial,not-applicable,merged,phase0,P7-F,conformance.manifest.json,Traceability to Volume 3 ids exists only for Phase 0 components,tracking id: boxed rule | UNRESOLVED pointer(s) at 2e83945: PHASE1_REPORT.md..PHASE6_REPORT.md,,main,
V03-T-487,V3,54 Boundaries to Volumes 4–7,101,"Volume 4 may not redefine layer responsibility, canonical object meaning, human gates, truth, time, provenance, deployment parity. Volume 5 may not redefine bounded authority, model pluralism, no silent self-modification, explainability, human final decision. Volume 6 may not redefine customer domain boundary, sovereignty, semantic parity, safe degradation, portability, audit continuity. Volume 7",,governance-docs,partial,not-applicable,merged,phase0,P7-F,conformance.manifest.json,Traceability to Volume 3 ids exists only for Phase 0 components,tracking id: normative table row(s) quoted | UNRESOLVED pointer(s) at 2e83945: PHASE1_REPORT.md..PHASE6_REPORT.md,,main,
