id,volume,chapter,page,clause,family_seed,capability_area,impl_status,verif_status,release_status,phase_origin,package,evidence,remaining_work,notes,source_ref,evidence_scope
ES-01-001,V4,1 Engineering Authority and Scope,10,"Every deployable unit SHALL identify its owning canonical layer, component ID, state boundary, contracts, quality obligations, and accountable engineering owner.",V04-F001,governance-docs,partial,unverified,merged,phase0,P7-D,"conformance.manifest.json (Phase 0 units only; maps paths→component_ids→controls); .dependency-cruiser.cjs; .github/workflows/ci.yml: build-test ""Module boundaries (dependency-cruiser, blocking)""","Extend the conformance manifest beyond Phase 0 units to every module (observation…executive) with layer/component ids, state boundary, contracts, quality obligations and owner; add a release check that rejects unmapped units.",Governance spine (Phase 0) exists only for Phase 0 units. Spec verification class: Test + accountable review.,v04.txt:page 10:L261,main+test
ES-01-002,V4,1 Engineering Authority and Scope,10,Every material behavior SHALL trace to an approved requirement in this volume and to the controlling architecture chapter or invariant.,V04-F001,governance-docs,partial,unverified,merged,phase0,P7-D,"conformance.manifest.json (Phase 0 units only; maps paths→component_ids→controls); .dependency-cruiser.cjs; .github/workflows/ci.yml: build-test ""Module boundaries (dependency-cruiser, blocking)""","Extend the conformance manifest beyond Phase 0 units to every module (observation…executive) with layer/component ids, state boundary, contracts, quality obligations and owner; add a release check that rejects unmapped units.",Governance spine (Phase 0) exists only for Phase 0 units. Spec verification class: Automated conformance test.,v04.txt:page 10:L270,main+test
ES-01-003,V4,1 Engineering Authority and Scope,10,"Implementation convenience SHALL NOT collapse canonical layers, bypass human authority, erase provenance, or create a second source of strategic truth.",V04-F001,governance-docs,implemented,passed:ci,merged,phase0,done,".dependency-cruiser.cjs; .github/workflows/ci.yml: build-test ""Module boundaries (dependency-cruiser, blocking)""; apps/api/src/policy/pdp.service.ts (default DENY, indeterminate→deny, obligations executed); apps/api/test/unit/pdp.test.ts; test/acceptance/acceptance.test.ts:747 (provenance required); DECISIONS.md ADR-P0-02",,"Structural guard (module boundaries, PDP, provenance CHECK); ongoing obligation. Spec verification class: Test + accountable review.",v04.txt:page 10:L279,main+test
ES-01-004,V4,1 Engineering Authority and Scope,10,"A product surface MAY aggregate capabilities, but the underlying ownership, authorization, evidence, and failure states SHALL remain separable and testable.",V04-F001,governance-docs,partial,unverified,merged,phase0,P7-D,"conformance.manifest.json (Phase 0 units only; maps paths→component_ids→controls); .dependency-cruiser.cjs; .github/workflows/ci.yml: build-test ""Module boundaries (dependency-cruiser, blocking)""","Extend the conformance manifest beyond Phase 0 units to every module (observation…executive) with layer/component ids, state boundary, contracts, quality obligations and owner; add a release check that rejects unmapped units.",Governance spine (Phase 0) exists only for Phase 0 units. Spec verification class: Fault / recovery test.,v04.txt:page 10:L288,main+test
ES-01-005,V4,1 Engineering Authority and Scope,10,"A release SHALL be rejected when conformance evidence is absent, stale, unverifiable, or scoped to a different artifact version.",V04-F001,governance-docs,partial,passed:ci,merged,phase0,P7-D,".github/workflows/ci.yml: supply-chain ""Assert the manifests state FINAL mode and the exact Actions head SHA""; scripts/gate/assert-final-manifests.mjs; apps/api/test/gate/final-manifest-verifier.test.ts","Gate evidence is bound to the head SHA for supply-chain/C18 only; no release object exists to reject, and functional conformance evidence is not artifact-scoped.",Governance spine (Phase 0) exists only for Phase 0 units. Spec verification class: Automated conformance test.,v04.txt:page 10:L296,main+test
ES-02-001,V4,2 Specification Hierarchy and Conformance,12,"Every normative artifact SHALL declare authority, owner, status, version, effective time, supersession, and dependent artifacts.",V04-F001,governance-docs,partial,unverified,merged,phase0,P7-D,"conformance.manifest.json (Phase 0 units only; maps paths→component_ids→controls); EXCEPTIONS.md (EXC-P0-001…005, EXC-P1-001…002); DECISIONS.md (inline ADR-P0-01…17)",Machine-readable conformance manifest at build/release time for all units; exception register with automated expiry enforcement; re-evaluation trigger on controlling change.,EXCEPTIONS.md carries scope/rationale/expiry; EXC-P0-003 stale vs C19 signing. Spec verification class: Test + accountable review.,v04.txt:page 12:L344,main
ES-02-002,V4,2 Specification Hierarchy and Conformance,12,Every implementation repository SHALL expose a machine- readable conformance manifest at build and release time.,V04-F001,governance-docs,partial,passed:ci,merged,phase0,P7-D,conformance.manifest.json (Phase 0 units only; maps paths→component_ids→controls); test/acceptance/acceptance.test.ts:874 (compose digests recorded in the manifest),Extend the manifest to all units and emit it as a release-time artifact.,EXCEPTIONS.md carries scope/rationale/expiry; EXC-P0-003 stale vs C19 signing. Spec verification class: Automated conformance test.,v04.txt:page 12:L351,main+test
ES-02-003,V4,2 Specification Hierarchy and Conformance,12,"A conditional exception SHALL carry scope, rationale, risk acceptance, compensating controls, expiry, and closure criteria.",V04-F001,governance-docs,implemented,passed:harness,merged,phase0,done,"EXCEPTIONS.md (exception_id, scope, rationale, compensating controls, expiry_milestone, closure); test/acceptance/acceptance.test.ts:904 (no constitutional invariant waived)",,EXC-P0-003 remains open although C19 signing exists (stale entry). Spec verification class: Fault / recovery test.,v04.txt:page 12:L358,main+test
ES-02-004,V4,2 Specification Hierarchy and Conformance,12,No component owner MAY approve an exception that expands that component's authority or removes an independent control.,V04-F001,governance-docs,missing,not-applicable,none,omission,P7-D,EXCEPTIONS.md (single founding engineer approves),Independent approver separation for exceptions; today one owner records and approves.,EXCEPTIONS.md carries scope/rationale/expiry; EXC-P0-003 stale vs C19 signing. Spec verification class: Test + accountable review.,v04.txt:page 12:L363,main
ES-02-005,V4,2 Specification Hierarchy and Conformance,12,"Conformance SHALL be re-evaluated when controlling specifications, schemas, policies, models, deployment constraints, or dependencies change.",V04-F001,governance-docs,partial,unverified,merged,phase0,P7-D,"conformance.manifest.json (Phase 0 units only; maps paths→component_ids→controls); EXCEPTIONS.md (EXC-P0-001…005, EXC-P1-001…002); DECISIONS.md (inline ADR-P0-01…17)",Machine-readable conformance manifest at build/release time for all units; exception register with automated expiry enforcement; re-evaluation trigger on controlling change.,EXCEPTIONS.md carries scope/rationale/expiry; EXC-P0-003 stale vs C19 signing. Spec verification class: Automated conformance test.,v04.txt:page 12:L371,main
ES-03-001,V4,3 Normative Requirement Model,14,A mandatory requirement SHALL have at least one executable or independently reviewable verification method before implementation is accepted.,V04-F001,governance-docs,missing,not-applicable,none,omission,P7-D,,"Create a requirement registry (ids, verification method, lifecycle, supersession) that release evidence references; no requirement→test→artifact traceability manifest exists.",Spec-authoring rule; the repository has no requirement registry. Spec verification class: Automated conformance test.,v04.txt:page 14:L418,
ES-03-002,V4,3 Normative Requirement Model,14,Requirement text SHALL state one controlling obligation and avoid hidden compound conditions that cannot be tested independently.,V04-F001,governance-docs,missing,not-applicable,none,omission,P7-D,,"Create a requirement registry (ids, verification method, lifecycle, supersession) that release evidence references; no requirement→test→artifact traceability manifest exists.",Spec-authoring rule; the repository has no requirement registry. Spec verification class: Automated conformance test.,v04.txt:page 14:L427,
ES-03-003,V4,3 Normative Requirement Model,14,Derived requirements SHALL reference their parent requirement and SHALL NOT weaken its acceptance threshold.,V04-F001,governance-docs,missing,not-applicable,none,omission,P7-D,,"Create a requirement registry (ids, verification method, lifecycle, supersession) that release evidence references; no requirement→test→artifact traceability manifest exists.",Spec-authoring rule; the repository has no requirement registry. Spec verification class: Negative conformance test.,v04.txt:page 14:L435,
ES-03-004,V4,3 Normative Requirement Model,14,"A superseded requirement SHALL remain resolvable for Decision Replay, incident analysis, audit, and historical conformance reconstruction.",V04-F001,governance-docs,partial,unverified,merged,phase0,P7-D,docs/*.pdf|docx pinned blobs (INVENTORY.md); git history,Superseded requirements are only resolvable through document history; no queryable registry.,Spec-authoring rule; the repository has no requirement registry. Spec verification class: Operational exercise.,v04.txt:page 14:L443,main
ES-03-005,V4,3 Normative Requirement Model,14,"Metrics used as acceptance evidence SHALL declare population, window, unit, aggregation, exclusions, threshold, and data lineage.",V04-F001,governance-docs,partial,passed:ci,merged,phase0,P7-D,apps/api/test/gate/receipt-invariants.test.ts; final-receipt-semantics.test.ts (gate receipts declare population/scope),Product-quality metrics with declared population/window/threshold do not exist (ch.57).,Spec-authoring rule; the repository has no requirement registry. Spec verification class: Automated conformance test.,v04.txt:page 14:L451,main+test
ES-04-001,V4,4 Product Boundary and Engineering Decomposition,16,Each logical component SHALL have exactly one accountable owning team even when several deployable units realize it.,V04-F001,governance-docs,partial,passed:ci,merged,phase0,P7-D,".dependency-cruiser.cjs; .github/workflows/ci.yml: build-test ""Module boundaries (dependency-cruiser, blocking)""; conformance.manifest.json (Phase 0 units only; maps paths→component_ids→controls); DECISIONS.md ADR-P0-02 (modular monolith, contract-only module boundaries)",Ownership records per logical component (92 L-C ids) with accountable team; the manifest maps Phase 0 units only.,dependency-cruiser blocks cross-module imports in CI. Spec verification class: Automated conformance test.,v04.txt:page 16:L493,main+test
ES-04-002,V4,4 Product Boundary and Engineering Decomposition,16,"A deployable unit MAY implement multiple components only when state ownership, contracts, policy decisions, telemetry, and failure isolation remain distinguishable.",V04-F001,governance-docs,partial,passed:ci,merged,phase0,P7-D,".dependency-cruiser.cjs; .github/workflows/ci.yml: build-test ""Module boundaries (dependency-cruiser, blocking)""; conformance.manifest.json (Phase 0 units only; maps paths→component_ids→controls); DECISIONS.md ADR-P0-02 (modular monolith, contract-only module boundaries)",Ownership records per logical component (92 L-C ids) with accountable team; the manifest maps Phase 0 units only.,dependency-cruiser blocks cross-module imports in CI. Spec verification class: Fault / recovery test.,v04.txt:page 16:L501,main+test
ES-04-003,V4,4 Product Boundary and Engineering Decomposition,16,Direct database coupling across component ownership boundaries SHALL be prohibited; integration SHALL use a declared contract or governed projection.,V04-F001,governance-docs,implemented,passed:harness,merged,phase0,done,".dependency-cruiser.cjs; .github/workflows/ci.yml: build-test ""Module boundaries (dependency-cruiser, blocking)""; migrations/0009,0011,0019 (SECURITY DEFINER ports; application role has no direct DML); test/int/gate22-authority-matrix.test.ts:213",,Modules share one Postgres but write only through owned ports. Spec verification class: Test + accountable review.,v04.txt:page 16:L509,main+test
ES-04-004,V4,4 Product Boundary and Engineering Decomposition,16,"User interfaces, chat, dashboards, reports, and APIs SHALL remain access modes over the operating system and SHALL NOT become independent product truth stores.",V04-F001,governance-docs,implemented,passed:browser,branch-only,phase0,done,apps/web/lib/api.ts (web reads only through the API); e2e/phase0.spec.ts; e2e/phase6-decisions.demo.spec.ts,,Web has no store of its own. Spec verification class: Negative conformance test. | release_status merged → branch-only from the evidence at 2e83945,v04.txt:page 16:L518,branch+main+test
ES-04-005,V4,4 Product Boundary and Engineering Decomposition,16,Shared libraries SHALL contain non-authoritative reusable mechanics; they SHALL NOT conceal cross-layer business state or decision authority.,V04-F001,governance-docs,implemented,passed:ci,merged,phase0,done,packages/contracts (envelope/header/errors/JCS only; no business state); packages/contracts/test/*.test.ts; DECISIONS.md ADR-P0-13,,dependency-cruiser blocks cross-module imports in CI. Spec verification class: Test + accountable review.,v04.txt:page 16:L527,main+test
ES-05-001,V4,5 Engineering Principles,18,"Every material output SHALL expose its evidence boundary, truth state, time scope, uncertainty, policy state, producing versions, and accountable owner.",V04-F001,governance-docs,partial,unverified,merged,phase0,P3,"packages/contracts/src/header.ts:21-175; apps/api/migrations/0006_objects.sql:7,67-77; apps/api/src/objects/objects.service.ts:260-278; apps/web/components (provenance/uncertainty rendering)","Uncertainty, quality and policy state are hard-nulled by the generic header writer (objects.service.ts:260-278); expose them on every material output.",Spec verification class: Security test. | UNRESOLVED pointer(s) at 2e83945: apps/api/src/executive/briefing.service.ts (evidence links),v04.txt:page 18:L575,main
ES-05-002,V4,5 Engineering Principles,18,No automated path SHALL translate a recommendation into a final consequential decision without an authenticated human approval contract.,V04-F001,governance-docs,implemented,passed:harness,branch-only,phase6,done,"migrations/0042_decision_approvals_and_commitment.sql:24,51,100,118,164,186,190,225; 0043:33,103,129; 0049:239,257; apps/api/src/decision/clearance.ts:33-56; test/int/phase6-approvals.test.ts:45,59,91,105,141,154,208; test/unit/pdp-phase6-authority.test.ts; migrations/0043:33 (commit_package C3, human authority role)",,"Branch-only (Phase 6). Cross-ref ADR-0007, ES-42-*. Spec verification class: Test + accountable review.",v04.txt:page 18:L583,branch+test
ES-05-003,V4,5 Engineering Principles,18,Correction SHALL create new history and impact propagation; it SHALL NOT overwrite the record used by an earlier decision.,V04-F001,governance-docs,implemented,passed:harness,merged,phase1,done,"apps/api/src/objects/objects.service.ts:91-121; migrations/0022:579,597,1528,1555; migrations/0026:27-56; 0027:112,294,324; test/acceptance/acceptance.test.ts:700,723",,Spec verification class: Negative conformance test. | UNRESOLVED pointer(s) at 2e83945: apps/api/src/observation/corrections.service.ts:24-25,v04.txt:page 18:L591,main+test
ES-05-004,V4,5 Engineering Principles,18,"Degraded capability SHALL be visible at the point of use and SHALL NOT present stale, partial, or substituted output as healthy.",V04-F001,governance-docs,partial,passed:harness,branch-only,phase0,P7-D,"apps/api/src/health/health.controller.ts:32-53 (/healthz,/readyz); apps/api/src/health/degraded-reconciliation.service.ts; test/int/gate22-degraded-recovery.test.ts; migrations/0029 ~475-520 (attention_state); apps/web/lib/warning-timing.ts",Degraded state is visible only via /readyz and per-object attention markers; no point-of-use degraded indicator in responses (no envelope degraded field).,Spec verification class: Fault / recovery test. | release_status merged → branch-only from the evidence at 2e83945,v04.txt:page 18:L599,branch+main+test
ES-05-005,V4,5 Engineering Principles,18,"Learning SHALL produce governed proposals and SHALL NOT mutate production models, prompts, agents, policies, ontologies, or decision logic silently.",V04-F001,governance-docs,missing,unverified,none,phase7,P7-B,,"Governed learning pipeline (proposal→evaluation→approval→release) does not exist; nothing mutates, so the prohibition holds vacuously.","Cross-ref ES-48-*, ADR-0020. Spec verification class: Negative conformance test. | UNRESOLVED pointer(s) at 2e83945: apps/api/src/executive/agents.service.ts:14 (""Nothing learns."")",v04.txt:page 18:L607,
ES-06-001,V4,6 Cross-Volume Traceability,20,"Trace links SHALL be machine-readable, versioned, and queryable in both upstream and downstream directions.",V04-F001,governance-docs,missing,unverified,none,omission,P7-D,conformance.manifest.json (Phase 0 units only; maps paths→component_ids→controls); scripts/gate/c19-deliver.mjs (release evidence bundle); packages/contracts/fixtures/audit-hash.golden.json,Machine-readable bidirectional trace links (requirement↔test↔artifact↔runtime version); deterministic change-impact analysis; traceability retained as audit evidence.,Only Phase 0 unit→control mapping exists. Spec verification class: Automated conformance test.,v04.txt:page 20:L653,main+test
ES-06-002,V4,6 Cross-Volume Traceability,20,Every production artifact SHALL resolve to the source revision and requirement set from which it was built.,V04-F001,governance-docs,partial,passed:ci,merged,phase0,P7-D,.github/workflows/ci.yml: supply-chain (head SHA bound receipts); scripts/gate/c19-deliver.mjs; scripts/generate-sbom.mjs,"Artifacts (SBOM, gate receipts) resolve to the source revision; no requirement set is recorded with them.",Only Phase 0 unit→control mapping exists. Spec verification class: Automated conformance test.,v04.txt:page 20:L660,main+test
ES-06-003,V4,6 Cross-Volume Traceability,20,"Every material runtime output SHALL resolve to the exact service, schema, model, agent, policy, and configuration versions that produced it.",V04-F001,governance-docs,partial,passed:harness,merged,phase2,P7-D,migrations/0023:286-323 (claim_lineage method/model versions); apps/api/src/policy/pdp.service.ts (bundleVersion + inputDigest on every decision); test/unit/pdp.test.ts:86,"Runtime outputs record method/model and policy bundle versions but not service build, schema, agent or configuration versions.",Only Phase 0 unit→control mapping exists. Spec verification class: Security test.,v04.txt:page 20:L668,main+test
ES-06-004,V4,6 Cross-Volume Traceability,20,"A controlling change SHALL trigger deterministic impact analysis across dependent artifacts, tests, deployments, and decision- active products.",V04-F001,governance-docs,missing,unverified,none,omission,P7-D,conformance.manifest.json (Phase 0 units only; maps paths→component_ids→controls); scripts/gate/c19-deliver.mjs (release evidence bundle); packages/contracts/fixtures/audit-hash.golden.json,Machine-readable bidirectional trace links (requirement↔test↔artifact↔runtime version); deterministic change-impact analysis; traceability retained as audit evidence.,Only Phase 0 unit→control mapping exists. Spec verification class: Automated conformance test.,v04.txt:page 20:L676,main+test
ES-06-005,V4,6 Cross-Volume Traceability,20,Traceability data SHALL be protected as audit evidence and retained consistently with the governed records it explains.,V04-F001,governance-docs,partial,passed:harness,merged,phase0,P7-D,"apps/api/migrations/0004_audit.sql (append-only triggers, chain heads); apps/api/src/audit/audit.service.ts; apps/api/test/int/audit-chain.test.ts","Audit records are protected; traceability data (manifest, gate receipts) is not retained as audit evidence.",Only Phase 0 unit→control mapping exists. Spec verification class: Automated conformance test.,v04.txt:page 20:L684,main+test
ES-07-001,V4,7 Runtime Topology,23,"Every request, event, object, workflow, agent execution, and telemetry record SHALL carry a resolved domain identity before owned behavior begins.",V04-F002,infrastructure,implemented,passed:harness,merged,phase0,done,apps/api/migrations/0002_identity_tenancy.sql; 0009_privilege_separation_and_bound_context.sql; 0011_authority_boundary_closure.sql (RLS + signed context); apps/api/test/int/domain-isolation.test.ts; apps/api/src/shared/scope.ts; apps/api/src/pipeline/http.ts (scope resolved before handler); test/acceptance/acceptance.test.ts:482,,Telemetry records are the exception: no telemetry pipeline exists. Spec verification class: Security test.,v04.txt:page 23:L738,main+test
ES-07-002,V4,7 Runtime Topology,23,"Cell placement SHALL satisfy residency, classification, key ownership, model, network, capacity, and continuity policy.",V04-F002,infrastructure,missing,unverified,none,phase7,P7-D,"scripts/gate/target-descriptor.json:17-25 (no Dockerfile/app image; compose provides Postgres+Redis only); docker-compose.yml (postgres/redis digest-pinned, local only)","No cell topology: single local Compose profile with one API process; no cell placement policy, no cross-cell contracts, no execution gateway for external side effects.",Deployment packaging is Phase 7 (docs/the-eye-master-build-prompt.md:85-88). Spec verification class: Security test.,v04.txt:page 23:L745,main+test
ES-07-003,V4,7 Runtime Topology,23,"Cross-cell communication SHALL use authenticated contracts and SHALL preserve tenant, causation, trace, policy, and version context.",V04-F002,infrastructure,missing,unverified,none,phase7,P7-D,"scripts/gate/target-descriptor.json:17-25 (no Dockerfile/app image; compose provides Postgres+Redis only); docker-compose.yml (postgres/redis digest-pinned, local only)","No cell topology: single local Compose profile with one API process; no cell placement policy, no cross-cell contracts, no execution gateway for external side effects.",Deployment packaging is Phase 7 (docs/the-eye-master-build-prompt.md:85-88). Spec verification class: Security test.,v04.txt:page 23:L751,main+test
ES-07-004,V4,7 Runtime Topology,23,Shared control services SHALL operate on the minimum metadata necessary and SHALL not become hidden canonical data owners.,V04-F002,infrastructure,missing,unverified,none,phase7,P7-D,"scripts/gate/target-descriptor.json:17-25 (no Dockerfile/app image; compose provides Postgres+Redis only); docker-compose.yml (postgres/redis digest-pinned, local only)","No cell topology: single local Compose profile with one API process; no cell placement policy, no cross-cell contracts, no execution gateway for external side effects.",Deployment packaging is Phase 7 (docs/the-eye-master-build-prompt.md:85-88). Spec verification class: Test + accountable review.,v04.txt:page 23:L759,main+test
ES-07-005,V4,7 Runtime Topology,23,"External side effects SHALL traverse an execution gateway with policy evaluation, approval context, idempotency, and audit evidence.",V04-F002,infrastructure,missing,unverified,none,phase7,P7-A,apps/api/src/observation/connectors/http-client.ts (only outbound path: source collection),No execution gateway for external side effects; agents produce no side effects today (EYE-EXT-001 never raised).,Deployment packaging is Phase 7 (docs/the-eye-master-build-prompt.md:85-88). Spec verification class: Security test.,v04.txt:page 23:L768,main
ES-08-001,V4,8 Customer Intelligence Domain,25,"Domain creation SHALL be a governed workflow that binds legal entity, purpose, authorities, key policy, residency, retention, and recovery profile before activation.",V04-F002,infrastructure,partial,passed:harness,merged,phase0,P7-D,"apps/api/migrations/0002_identity_tenancy.sql; 0009_privilege_separation_and_bound_context.sql; 0011_authority_boundary_closure.sql (RLS + signed context); apps/api/test/int/domain-isolation.test.ts; migrations/0002_identity_tenancy.sql:90-123 (tenancy.tenants, domains, lifecycle_events); apps/api/src/tenancy/tenancy.service.ts; apps/api/src/pipeline/pipeline.service.ts:351-407 (purpose_id bound)","Governed domain-creation workflow binding legal entity, key policy, residency, retention, recovery profile; domain suspension/export/deletion lifecycle with legal holds and residual-state evidence; cross-domain sharing contract.",Tenant/domain identity and RLS isolation are Phase 0; lifecycle beyond create is absent. Spec verification class: Fault / recovery test.,v04.txt:page 25:L814,main+test
ES-08-002,V4,8 Customer Intelligence Domain,25,"Domain identity SHALL be immutable; display names, organizational mappings, and deployment placements MAY change by version.",V04-F002,infrastructure,implemented,unverified,merged,phase0,P7-D,"migrations/0002_identity_tenancy.sql:90-115 (uuid ids, name separate); apps/api/src/shared/ids.ts (UUIDv7)","verification evidence of the required class (harness, browser, CI or deployment) for the released artefact",Tenant/domain identity and RLS isolation are Phase 0; lifecycle beyond create is absent. Spec verification class: Security test.,v04.txt:page 25:L822,main
ES-08-003,V4,8 Customer Intelligence Domain,25,All data access SHALL be evaluated against domain identity and purpose before object-level authorization.,V04-F002,infrastructure,implemented,passed:harness,merged,phase0,done,"apps/api/src/policy/pdp.service.ts (default DENY, indeterminate→deny, obligations executed); apps/api/test/unit/pdp.test.ts; apps/api/src/pipeline/pipeline.service.ts:351 (purposeId); test/acceptance/acceptance.test.ts:687,781",,Tenant/domain identity and RLS isolation are Phase 0; lifecycle beyond create is absent. Spec verification class: Security test.,v04.txt:page 25:L829,main+test
ES-08-004,V4,8 Customer Intelligence Domain,25,"Cross-domain sharing SHALL create a governed, revocable reference or export with explicit source and recipient obligations; shared mutable state is prohibited.",V04-F002,infrastructure,missing,unverified,none,phase7,P7-D,apps/api/migrations/0002_identity_tenancy.sql; 0009_privilege_separation_and_bound_context.sql; 0011_authority_boundary_closure.sql (RLS + signed context); apps/api/test/int/domain-isolation.test.ts (cross-domain access denied entirely),"Governed, revocable cross-domain reference/export with source and recipient obligations.",Tenant/domain identity and RLS isolation are Phase 0; lifecycle beyond create is absent. Spec verification class: Negative conformance test.,v04.txt:page 25:L835,main+test
ES-08-005,V4,8 Customer Intelligence Domain,25,"Domain suspension, export, and deletion SHALL preserve legal holds, audit continuity, customer proof, and declared residual- state evidence.",V04-F002,infrastructure,missing,unverified,none,omission,P7-D,migrations/0002:115-123 (tenancy.lifecycle_events table exists; only create events written),"Domain suspension/export/deletion workflows preserving legal holds, audit continuity and residual-state evidence.",Tenant/domain identity and RLS isolation are Phase 0; lifecycle beyond create is absent. Spec verification class: Automated conformance test.,v04.txt:page 25:L844,main
ES-09-001,V4,9 Intelligence Cells,27,"A cell SHALL publish supported artifact, schema, policy, model, security, and operational baseline versions before workload admission.",V04-F002,infrastructure,missing,unverified,none,phase7,P7-D,scripts/gate/target-descriptor.json:17-25 (no Dockerfile/app image; compose provides Postgres+Redis only),"No Intelligence Cell construct: no baseline publication, workload admission checks, drain/checkpoint/reconcile maintenance transitions, or dependency-based cell health.",Only /readyz dependency health exists (apps/api/src/health/health.controller.ts:36-53). Spec verification class: Security test.,v04.txt:page 27:L890,main+test
ES-09-002,V4,9 Intelligence Cells,27,"Workloads SHALL be admitted only after compatibility, capacity, data locality, dependency, and recovery checks pass.",V04-F002,infrastructure,missing,unverified,none,phase7,P7-D,scripts/gate/target-descriptor.json:17-25 (no Dockerfile/app image; compose provides Postgres+Redis only),"No Intelligence Cell construct: no baseline publication, workload admission checks, drain/checkpoint/reconcile maintenance transitions, or dependency-based cell health.",Only /readyz dependency health exists (apps/api/src/health/health.controller.ts:36-53). Spec verification class: Fault / recovery test.,v04.txt:page 27:L897,main+test
ES-09-003,V4,9 Intelligence Cells,27,"Cell-local caches and projections SHALL be rebuildable and SHALL declare freshness, source revision, and invalidation state.",V04-F002,infrastructure,partial,passed:harness,merged,phase3,P7-D,"migrations/0005_audit_rebuild_rls_fix.sql (audit.rebuild_chain_heads); 0022:1862; 0023:938; 0024:1436 (projection rebuild functions); test/int/phase3-corrections.test.ts:891,922,969","Projections are rebuildable but do not declare freshness, source revision or invalidation state.",Only /readyz dependency health exists (apps/api/src/health/health.controller.ts:36-53). Spec verification class: Automated conformance test.,v04.txt:page 27:L902,main+test
ES-09-004,V4,9 Intelligence Cells,27,"Cell maintenance SHALL use drain, checkpoint, reconcile, and release transitions that preserve durable workflows and external- effect evidence.",V04-F002,infrastructure,missing,unverified,none,phase7,P7-D,scripts/gate/target-descriptor.json:17-25 (no Dockerfile/app image; compose provides Postgres+Redis only),"No Intelligence Cell construct: no baseline publication, workload admission checks, drain/checkpoint/reconcile maintenance transitions, or dependency-based cell health.",Only /readyz dependency health exists (apps/api/src/health/health.controller.ts:36-53). Spec verification class: Automated conformance test.,v04.txt:page 27:L910,main+test
ES-09-005,V4,9 Intelligence Cells,27,"Cell health SHALL be computed from dependency and product signals, not process liveness alone.",V04-F002,infrastructure,partial,passed:harness,merged,phase0,P7-D,"apps/api/src/health/health.controller.ts:32-53 (/healthz,/readyz); apps/api/src/health/degraded-reconciliation.service.ts; test/int/gate22-degraded-recovery.test.ts",/readyz covers database + degraded reconciliation only; no product-signal health.,Only /readyz dependency health exists (apps/api/src/health/health.controller.ts:36-53). Spec verification class: Automated conformance test.,v04.txt:page 27:L918,main+test
ES-10-001,V4,10 Shared Control Services,29,Shared services SHALL store only declared metadata fields and SHALL reject undeclared customer payloads.,V04-F002,infrastructure,missing,unverified,none,phase7,P7-D,apps/api/migrations/0002_identity_tenancy.sql; 0009_privilege_separation_and_bound_context.sql; 0011_authority_boundary_closure.sql (RLS + signed context); apps/api/test/int/domain-isolation.test.ts (shared control schemas identity/policy/audit hold metadata only),"Signed/versioned control packages, disconnected operation with authority-package expiry, reconnection reconciliation, and time-bound administrative support access are absent.","Shared control services exist as in-process modules, not as a management plane. Spec verification class: Automated conformance test.",v04.txt:page 29:L965,main+test
ES-10-002,V4,10 Shared Control Services,29,"Administrative support access SHALL require explicit authorization, purpose, time bound, customer policy, and tamper- evident audit evidence.",V04-F002,infrastructure,partial,passed:harness,merged,phase0,P7-D,"migrations/0002:77 (identity.break_glass_grants); apps/api/src/identity/identity.service.ts:95 (assurance break_glass); apps/api/migrations/0004_audit.sql (append-only triggers, chain heads); apps/api/src/audit/audit.service.ts; apps/api/test/int/audit-chain.test.ts","Break-glass grants exist but administrative support access with customer-policy consent, purpose and time bound is not a workflow.","Shared control services exist as in-process modules, not as a management plane. Spec verification class: Security test.",v04.txt:page 29:L973,main+test
ES-10-003,V4,10 Shared Control Services,29,"Control packages SHALL be signed, versioned, integrity- checked, compatible, and revocable before local activation.",V04-F002,infrastructure,missing,unverified,none,phase7,P7-D,apps/api/migrations/0002_identity_tenancy.sql; 0009_privilege_separation_and_bound_context.sql; 0011_authority_boundary_closure.sql (RLS + signed context); apps/api/test/int/domain-isolation.test.ts (shared control schemas identity/policy/audit hold metadata only),"Signed/versioned control packages, disconnected operation with authority-package expiry, reconnection reconciliation, and time-bound administrative support access are absent.","Shared control services exist as in-process modules, not as a management plane. Spec verification class: Automated conformance test.",v04.txt:page 29:L980,main+test
ES-10-004,V4,10 Shared Control Services,29,Disconnected operation SHALL expose control-state age and SHALL fail closed when a mandatory authority package expires.,V04-F002,infrastructure,missing,unverified,none,phase7,P7-D,apps/api/migrations/0002_identity_tenancy.sql; 0009_privilege_separation_and_bound_context.sql; 0011_authority_boundary_closure.sql (RLS + signed context); apps/api/test/int/domain-isolation.test.ts (shared control schemas identity/policy/audit hold metadata only),"Signed/versioned control packages, disconnected operation with authority-package expiry, reconnection reconciliation, and time-bound administrative support access are absent.","Shared control services exist as in-process modules, not as a management plane. Spec verification class: Test + accountable review.",v04.txt:page 29:L987,main+test
ES-10-005,V4,10 Shared Control Services,29,"Reconnection SHALL reconcile changes, conflicts, revocations, and audit evidence before declaring healthy synchronization.",V04-F002,infrastructure,missing,unverified,none,phase7,P7-D,apps/api/migrations/0002_identity_tenancy.sql; 0009_privilege_separation_and_bound_context.sql; 0011_authority_boundary_closure.sql (RLS + signed context); apps/api/test/int/domain-isolation.test.ts (shared control schemas identity/policy/audit hold metadata only),"Signed/versioned control packages, disconnected operation with authority-package expiry, reconnection reconciliation, and time-bound administrative support access are absent.","Shared control services exist as in-process modules, not as a management plane. Spec verification class: Automated conformance test.",v04.txt:page 29:L994,main+test
ES-11-001,V4,11 Component Ownership and Service Boundaries,31,Each component SHALL have an ownership record with primary and secondary operational contacts and a ratified transfer process.,V04-F002,infrastructure,partial,passed:harness,merged,phase0,P7-D,"apps/api/migrations/0009_privilege_separation_and_bound_context.sql; 0019_capability_binding_enforcement.sql; test/int/gate22-authority-matrix.test.ts:213 (no mutator succeeds without capability); .dependency-cruiser.cjs; .github/workflows/ci.yml: build-test ""Module boundaries (dependency-cruiser, blocking)""",Component ownership records with contacts and transfer process; declared timeout/retry/idempotency/fallback per dependency call; runbooks/dashboards/alerts for transfer.,State writes go through SECURITY DEFINER ports bound to capabilities (Gate 2.2). Spec verification class: Test + accountable review.,v04.txt:page 31:L1037,main+test
ES-11-002,V4,11 Component Ownership and Service Boundaries,31,A service SHALL expose only contracts required by its owned behavior; convenience endpoints that bypass layer semantics are prohibited.,V04-F002,infrastructure,partial,passed:harness,merged,phase0,P7-D,"apps/api/migrations/0009_privilege_separation_and_bound_context.sql; 0019_capability_binding_enforcement.sql; test/int/gate22-authority-matrix.test.ts:213 (no mutator succeeds without capability); .dependency-cruiser.cjs; .github/workflows/ci.yml: build-test ""Module boundaries (dependency-cruiser, blocking)""",Component ownership records with contacts and transfer process; declared timeout/retry/idempotency/fallback per dependency call; runbooks/dashboards/alerts for transfer.,State writes go through SECURITY DEFINER ports bound to capabilities (Gate 2.2). Spec verification class: Negative conformance test.,v04.txt:page 31:L1046,main+test
ES-11-003,V4,11 Component Ownership and Service Boundaries,31,State writes SHALL occur only through the owning component's transaction boundary or an explicitly delegated subcomponent contract.,V04-F002,infrastructure,implemented,passed:harness,merged,phase0,done,"migrations/0009,0011,0019 (definer ports bound to capabilities); test/int/gate22-authority-matrix.test.ts:184,213; domain-isolation.test.ts:142",,State writes go through SECURITY DEFINER ports bound to capabilities (Gate 2.2). Spec verification class: Automated conformance test.,v04.txt:page 31:L1055,main+test
ES-11-004,V4,11 Component Ownership and Service Boundaries,31,"Dependency calls SHALL declare timeout, retry, idempotency, consistency, fallback, and degraded-product behavior.",V04-F002,infrastructure,partial,unverified,merged,phase0,P7-D,apps/api/src/config/config.ts:55 (connector timeout),Per-dependency declarations of retry/idempotency/consistency/fallback/degraded-product behaviour; outbound timeouts exist ad hoc.,"State writes go through SECURITY DEFINER ports bound to capabilities (Gate 2.2). Spec verification class: Fault / recovery test. | UNRESOLVED pointer(s) at 2e83945: model-gateway.service.ts:433,570 (120 s); simulation.service.ts:571 (60 s); scheduler.service.ts:165 (backoff)",v04.txt:page 31:L1063,main
ES-11-005,V4,11 Component Ownership and Service Boundaries,31,"Ownership transfer SHALL include code, state, contracts, dashboards, alerts, runbooks, risks, exceptions, and unresolved incidents.",V04-F002,infrastructure,partial,passed:harness,merged,phase0,P7-D,"apps/api/migrations/0009_privilege_separation_and_bound_context.sql; 0019_capability_binding_enforcement.sql; test/int/gate22-authority-matrix.test.ts:213 (no mutator succeeds without capability); .dependency-cruiser.cjs; .github/workflows/ci.yml: build-test ""Module boundaries (dependency-cruiser, blocking)""",Component ownership records with contacts and transfer process; declared timeout/retry/idempotency/fallback per dependency call; runbooks/dashboards/alerts for transfer.,State writes go through SECURITY DEFINER ports bound to capabilities (Gate 2.2). Spec verification class: Test + accountable review.,v04.txt:page 31:L1069,main+test
ES-12-001,V4,12 State Ownership and Persistence,33,"Every persisted dataset SHALL declare owner, authority class, schema, temporal model, retention, encryption, backup, recovery, and deletion behavior.",V04-F002,infrastructure,partial,passed:harness,merged,phase0,P7-D,"migrations/0006_objects.sql (immutable versions, append-only); migrations/0005_audit_rebuild_rls_fix.sql (audit.rebuild_chain_heads); 0022:1862; 0023:938; 0024:1436 (projection rebuild functions); migrations/0015_outbox_hardening.sql:35,52-56; apps/api/src/objects/outbox.publisher.ts:74-96; test/int/gate22-outbox-hardening.test.ts:49,63,88,114; test/acceptance/acceptance.test.ts:762 (UPDATE/DELETE rejected at DB level)",Per-dataset declarations of retention/encryption/backup/recovery/deletion; projection source-revision + build-version stamps; backup/restore preserving isolation and key policy (no backup exists).,Spec verification class: Fault / recovery test.,v04.txt:page 33:L1113,main+test
ES-12-002,V4,12 State Ownership and Persistence,33,Canonical records SHALL be immutable by version; updates SHALL create a new version or an owned state transition with prior history preserved.,V04-F002,infrastructure,implemented,passed:harness,branch-only,phase0,done,"migrations/0006_objects.sql (append-only versions); test/acceptance/acceptance.test.ts:700,762; migrations/0041:137 (package_versions immutability)",,Spec verification class: Automated conformance test. | release_status merged → branch-only from the evidence at 2e83945,v04.txt:page 33:L1121,branch+main+test
ES-12-003,V4,12 State Ownership and Persistence,33,Projection state SHALL store source revision and build version and SHALL never be accepted as canonical during recovery.,V04-F002,infrastructure,partial,passed:harness,merged,phase0,P7-D,"migrations/0006_objects.sql (immutable versions, append-only); migrations/0005_audit_rebuild_rls_fix.sql (audit.rebuild_chain_heads); 0022:1862; 0023:938; 0024:1436 (projection rebuild functions); migrations/0015_outbox_hardening.sql:35,52-56; apps/api/src/objects/outbox.publisher.ts:74-96; test/int/gate22-outbox-hardening.test.ts:49,63,88,114; test/acceptance/acceptance.test.ts:762 (UPDATE/DELETE rejected at DB level)",Per-dataset declarations of retention/encryption/backup/recovery/deletion; projection source-revision + build-version stamps; backup/restore preserving isolation and key policy (no backup exists).,Spec verification class: Fault / recovery test.,v04.txt:page 33:L1129,main+test
ES-12-004,V4,12 State Ownership and Persistence,33,"Cross-store operations SHALL use a durable coordination pattern with causation, idempotency, reconciliation, and observable partial state.",V04-F002,infrastructure,implemented,passed:harness,merged,phase0,done,"migrations/0015_outbox_hardening.sql:35,52-56; apps/api/src/objects/outbox.publisher.ts:74-96; test/int/gate22-outbox-hardening.test.ts:49,63,88,114; apps/api/src/pipeline/pipeline.service.ts (POL+AUD+object in one transaction); test/acceptance/acceptance.test.ts:521",,Single Postgres; cross-store coordination reduces to outbox + transaction. Spec verification class: Automated conformance test.,v04.txt:page 33:L1135,main+test
ES-12-005,V4,12 State Ownership and Persistence,33,"Backup and restore SHALL preserve domain isolation, key policy, temporal history, audit integrity, and deletion obligations.",V04-F002,infrastructure,missing,unverified,none,phase7,P7-D,,No backup/restore exists (ch.61).,Spec verification class: Security test.,v04.txt:page 33:L1143,
ES-13-001,V4,13 Cross-Cutting Control Enforcement,35,"Control evaluation SHALL occur before protected data access, model or agent invocation, state transition, external effect, export, and privileged administration.",V04-F002,infrastructure,implemented,passed:ci,merged,phase0,done,"apps/api/src/policy/pdp.service.ts (default DENY, indeterminate→deny, obligations executed); apps/api/test/unit/pdp.test.ts; apps/api/src/pipeline/pipeline.service.ts (PEP before handler; POL+AUD atomic); test/acceptance/acceptance.test.ts:521,553,673,687,922",,Phase 0 PDP/PEP; break-glass grants table migrations/0002:77 (see ES-13-005). Spec verification class: Automated conformance test.,v04.txt:page 35:L1185,main+test
ES-13-002,V4,13 Cross-Cutting Control Enforcement,35,"A control result SHALL carry policy version, subject, object, action, purpose, environment, obligations, time, and decision evidence.",V04-F002,infrastructure,implemented,passed:ci,merged,phase0,done,"apps/api/src/policy/pdp.service.ts (default DENY, indeterminate→deny, obligations executed); apps/api/test/unit/pdp.test.ts; apps/api/src/pipeline/pipeline.service.ts (PEP before handler; POL+AUD atomic); test/acceptance/acceptance.test.ts:521,553,673,687,922",,Phase 0 PDP/PEP; break-glass grants table migrations/0002:77 (see ES-13-005). Spec verification class: Security test.,v04.txt:page 35:L1194,main+test
ES-13-003,V4,13 Cross-Cutting Control Enforcement,35,Indeterminate authorization SHALL be treated as deny unless an explicit bounded fail-open rule exists for a non-sensitive availability function.,V04-F002,infrastructure,implemented,passed:ci,merged,phase0,done,"apps/api/src/policy/pdp.service.ts (default DENY, indeterminate→deny, obligations executed); apps/api/test/unit/pdp.test.ts; apps/api/src/pipeline/pipeline.service.ts (PEP before handler; POL+AUD atomic); test/acceptance/acceptance.test.ts:521,553,673,687,922",,Phase 0 PDP/PEP; break-glass grants table migrations/0002:77 (see ES-13-005). Spec verification class: Security test.,v04.txt:page 35:L1202,main+test
ES-13-004,V4,13 Cross-Cutting Control Enforcement,35,Obligations SHALL be executed and evidenced by the enforcing boundary; returning obligations without enforcement is non- conformant.,V04-F002,infrastructure,implemented,passed:ci,merged,phase0,done,"apps/api/src/policy/pdp.service.ts (default DENY, indeterminate→deny, obligations executed); apps/api/test/unit/pdp.test.ts; apps/api/src/pipeline/pipeline.service.ts (PEP before handler; POL+AUD atomic); test/acceptance/acceptance.test.ts:521,553,673,687,922",,Phase 0 PDP/PEP; break-glass grants table migrations/0002:77 (see ES-13-005). Spec verification class: Automated conformance test.,v04.txt:page 35:L1210,main+test
ES-13-005,V4,13 Cross-Cutting Control Enforcement,35,"Control bypass paths, including maintenance and break-glass access, SHALL be explicit, narrow, time-bound, monitored, and independently reviewed.",V04-F002,infrastructure,partial,passed:harness,merged,phase0,P7-D,"migrations/0002:77 (break_glass_grants); 0007 (bootstrap rotation, one-time); apps/api/src/bootstrap/run-bootstrap.ts:77-95; test/acceptance/acceptance.test.ts:305",Time-bound monitoring and independent review of break-glass use; maintenance access path not defined.,Phase 0 PDP/PEP; break-glass grants table migrations/0002:77 (see ES-13-005). Spec verification class: Operational exercise.,v04.txt:page 35:L1219,main+test
ES-14-001,V4,14 Deployment Semantic Parity,37,"Product APIs, events, schemas, package manifests, policy contracts, export formats, and replay semantics SHALL remain portable across deployment modes.",V04-F002,infrastructure,partial,passed:ci,merged,phase0,P7-D,"packages/contracts (portable envelope/header/errors/JCS); packages/contracts/src/jcs.ts; packages/contracts/test/jcs.test.ts; test/int/rfc8785-crosslang.test.ts:64,73,208","Package manifests, export formats and replay semantics are not defined as portable contracts.",TS-018 deployment parity absent (EXC-P0-004). Spec verification class: Security test. | UNRESOLVED pointer(s) at 2e83945: rfc8785-conformance.test.ts,v04.txt:page 37:L1266,main+test
ES-14-002,V4,14 Deployment Semantic Parity,37,Mode-specific adapters SHALL terminate below canonical contracts and SHALL not leak provider semantics into object or workflow definitions.,V04-F002,infrastructure,missing,unverified,none,phase7,P7-D,scripts/gate/target-descriptor.json:17-25 (no Dockerfile/app image; compose provides Postgres+Redis only); EXCEPTIONS.md EXC-P0-004 (single deployment profile),"SaaS/Private/On-Prem profiles do not exist; no parity conformance suite, no disconnected operation, no capability-constraint disclosure per mode.",TS-018 deployment parity absent (EXC-P0-004). Spec verification class: Negative conformance test.,v04.txt:page 37:L1274,main+test
ES-14-003,V4,14 Deployment Semantic Parity,37,"Disconnected operation SHALL declare authority-package expiry, local model and data boundaries, synchronization, conflict, and recovery behavior.",V04-F002,infrastructure,missing,unverified,none,phase7,P7-D,scripts/gate/target-descriptor.json:17-25 (no Dockerfile/app image; compose provides Postgres+Redis only); EXCEPTIONS.md EXC-P0-004 (single deployment profile),"SaaS/Private/On-Prem profiles do not exist; no parity conformance suite, no disconnected operation, no capability-constraint disclosure per mode.",TS-018 deployment parity absent (EXC-P0-004). Spec verification class: Fault / recovery test.,v04.txt:page 37:L1283,main+test
ES-14-004,V4,14 Deployment Semantic Parity,37,Every mode SHALL expose capability constraints before request admission and in every affected product.,V04-F002,infrastructure,missing,unverified,none,phase7,P7-D,scripts/gate/target-descriptor.json:17-25 (no Dockerfile/app image; compose provides Postgres+Redis only); EXCEPTIONS.md EXC-P0-004 (single deployment profile),"SaaS/Private/On-Prem profiles do not exist; no parity conformance suite, no disconnected operation, no capability-constraint disclosure per mode.",TS-018 deployment parity absent (EXC-P0-004). Spec verification class: Automated conformance test.,v04.txt:page 37:L1290,main+test
ES-14-005,V4,14 Deployment Semantic Parity,37,Release qualification SHALL execute the same normative conformance suite against each supported deployment profile.,V04-F002,infrastructure,missing,unverified,none,phase7,P7-D,scripts/gate/target-descriptor.json:17-25 (no Dockerfile/app image; compose provides Postgres+Redis only); EXCEPTIONS.md EXC-P0-004 (single deployment profile),"SaaS/Private/On-Prem profiles do not exist; no parity conformance suite, no disconnected operation, no capability-constraint disclosure per mode.",TS-018 deployment parity absent (EXC-P0-004). Spec verification class: Automated conformance test.,v04.txt:page 37:L1297,main+test
ES-15-001,V4,15 Canonical Service Contract,40,A service SHALL register its contract before accepting production traffic or events.,V04-F003,data-platform,partial,passed:harness,merged,phase0,P7-D,"packages/contracts/src/envelope.ts:19-138; apps/api/src/pipeline/http.ts:104-145 (EnvelopeGuard); apps/api/src/pipeline/pipeline.service.ts:329-337; apps/api/src/health/health.controller.ts:32-53 (/healthz,/readyz); apps/api/src/health/degraded-reconciliation.service.ts; test/int/gate22-degraded-recovery.test.ts",Contract registration bound to artifact digest before traffic; per-operation declaration of consistency/idempotency/deadline/side-effect/error set; compatibility analysis and consumer verification (none exist).,"objects.schema_registry (0006:108-115) is written by 0035/0043 but never read. Spec verification class: Automated conformance test. | UNRESOLVED pointer(s) at 2e83945: packages/contracts/conformance.manifest / header-registry.test.ts:123,132",v04.txt:page 40:L1349,main+test
ES-15-002,V4,15 Canonical Service Contract,40,Contract identity SHALL bind to the released artifact digest and SHALL not rely on mutable image tags or deployment names.,V04-F003,data-platform,partial,passed:harness,merged,phase0,P7-D,"packages/contracts/src/envelope.ts:19-138; apps/api/src/pipeline/http.ts:104-145 (EnvelopeGuard); apps/api/src/pipeline/pipeline.service.ts:329-337; apps/api/src/health/health.controller.ts:32-53 (/healthz,/readyz); apps/api/src/health/degraded-reconciliation.service.ts; test/int/gate22-degraded-recovery.test.ts",Contract registration bound to artifact digest before traffic; per-operation declaration of consistency/idempotency/deadline/side-effect/error set; compatibility analysis and consumer verification (none exist).,"objects.schema_registry (0006:108-115) is written by 0035/0043 but never read. Spec verification class: Security test. | UNRESOLVED pointer(s) at 2e83945: packages/contracts/conformance.manifest / header-registry.test.ts:123,132",v04.txt:page 40:L1356,main+test
ES-15-003,V4,15 Canonical Service Contract,40,"Every operation SHALL declare authorization action, purpose, input and output object types, consistency, idempotency, deadlines, side-effect class, and error set.",V04-F003,data-platform,partial,passed:harness,merged,phase0,P7-D,"packages/contracts/src/envelope.ts:19-138; apps/api/src/pipeline/http.ts:104-145 (EnvelopeGuard); apps/api/src/pipeline/pipeline.service.ts:329-337; apps/api/src/health/health.controller.ts:32-53 (/healthz,/readyz); apps/api/src/health/degraded-reconciliation.service.ts; test/int/gate22-degraded-recovery.test.ts",Contract registration bound to artifact digest before traffic; per-operation declaration of consistency/idempotency/deadline/side-effect/error set; compatibility analysis and consumer verification (none exist).,"objects.schema_registry (0006:108-115) is written by 0035/0043 but never read. Spec verification class: Security test. | UNRESOLVED pointer(s) at 2e83945: packages/contracts/conformance.manifest / header-registry.test.ts:123,132",v04.txt:page 40:L1362,main+test
ES-15-004,V4,15 Canonical Service Contract,40,"Service health SHALL include dependency, policy, state, quality, and product readiness rather than process liveness alone.",V04-F003,data-platform,partial,passed:harness,merged,phase0,P7-D,"apps/api/src/health/health.controller.ts:32-53 (/healthz,/readyz); apps/api/src/health/degraded-reconciliation.service.ts; test/int/gate22-degraded-recovery.test.ts; test/acceptance/acceptance.test.ts:298,590,1019","Readiness lacks policy, quality and product-readiness dimensions.",objects.schema_registry (0006:108-115) is written by 0035/0043 but never read. Spec verification class: Security test.,v04.txt:page 40:L1369,main+test
ES-15-005,V4,15 Canonical Service Contract,40,Contract changes SHALL pass compatibility analysis and consumer verification before release.,V04-F003,data-platform,partial,passed:harness,merged,phase0,P7-D,"packages/contracts/src/envelope.ts:19-138; apps/api/src/pipeline/http.ts:104-145 (EnvelopeGuard); apps/api/src/pipeline/pipeline.service.ts:329-337; apps/api/src/health/health.controller.ts:32-53 (/healthz,/readyz); apps/api/src/health/degraded-reconciliation.service.ts; test/int/gate22-degraded-recovery.test.ts",Contract registration bound to artifact digest before traffic; per-operation declaration of consistency/idempotency/deadline/side-effect/error set; compatibility analysis and consumer verification (none exist).,"objects.schema_registry (0006:108-115) is written by 0035/0043 but never read. Spec verification class: Automated conformance test. | UNRESOLVED pointer(s) at 2e83945: packages/contracts/conformance.manifest / header-registry.test.ts:123,132",v04.txt:page 40:L1374,main+test
ES-16-001,V4,16 Synchronous API Profile,42,"Every request SHALL carry correlation, causation when applicable, domain, principal or workload, purpose, deadline, schema, and idempotency context.",V04-F003,data-platform,partial,passed:harness,merged,phase0,P7-D,"packages/contracts/src/envelope.ts:19-138; apps/api/src/pipeline/http.ts:104-145 (EnvelopeGuard); apps/api/src/pipeline/pipeline.service.ts:329-337; packages/contracts/src/errors.ts:16-45; apps/api/src/pipeline/http.ts:188-205; migrations/0027:382-393 + apps/api/src/graph/graph.capabilities.ts:319-330 (lossless cursor); test/acceptance/acceptance.test.ts:577,637,733,781","Idempotency key, deadline, expires_at are declared in the envelope but never read (pipeline); no cancellation/deadline propagation; no distinct accepted-vs-completed status for long-running work; capacity/timeout errors not distinguishable (no EYE-CAP-001/WFL-003 raised).",Spec verification class: Automated conformance test.,v04.txt:page 42:L1418,main+test
ES-16-002,V4,16 Synchronous API Profile,42,Success status SHALL mean the documented state transition or query completed; admission to long-running work SHALL return a distinct accepted result.,V04-F003,data-platform,partial,passed:harness,merged,phase0,P7-D,"packages/contracts/src/envelope.ts:19-138; apps/api/src/pipeline/http.ts:104-145 (EnvelopeGuard); apps/api/src/pipeline/pipeline.service.ts:329-337; packages/contracts/src/errors.ts:16-45; apps/api/src/pipeline/http.ts:188-205; migrations/0027:382-393 + apps/api/src/graph/graph.capabilities.ts:319-330 (lossless cursor); test/acceptance/acceptance.test.ts:577,637,733,781","Idempotency key, deadline, expires_at are declared in the envelope but never read (pipeline); no cancellation/deadline propagation; no distinct accepted-vs-completed status for long-running work; capacity/timeout errors not distinguishable (no EYE-CAP-001/WFL-003 raised).",Spec verification class: Automated conformance test.,v04.txt:page 42:L1427,main+test
ES-16-003,V4,16 Synchronous API Profile,42,"Clients SHALL be able to distinguish validation, authorization, policy, conflict, stale state, capacity, dependency, timeout, and internal failure.",V04-F003,data-platform,partial,passed:harness,merged,phase0,P7-D,"packages/contracts/src/envelope.ts:19-138; apps/api/src/pipeline/http.ts:104-145 (EnvelopeGuard); apps/api/src/pipeline/pipeline.service.ts:329-337; packages/contracts/src/errors.ts:16-45; apps/api/src/pipeline/http.ts:188-205; migrations/0027:382-393 + apps/api/src/graph/graph.capabilities.ts:319-330 (lossless cursor); test/acceptance/acceptance.test.ts:577,637,733,781","Idempotency key, deadline, expires_at are declared in the envelope but never read (pipeline); no cancellation/deadline propagation; no distinct accepted-vs-completed status for long-running work; capacity/timeout errors not distinguishable (no EYE-CAP-001/WFL-003 raised).",Spec verification class: Fault / recovery test.,v04.txt:page 42:L1436,main+test
ES-16-004,V4,16 Synchronous API Profile,42,"Pagination SHALL use opaque stable cursors bound to query, sort, policy, and consistency context.",V04-F003,data-platform,implemented,passed:harness,merged,phase3,done,migrations/0027:382-393 (lossless cursor); apps/api/src/graph/graph.capabilities.ts:319-330; apps/api/src/graph/strategy/impact.service.ts:401-527; test/int/phase3-acceptance.test.ts:1176,,Cursor bound to query/sort; policy/consistency context binding not explicit. Spec verification class: Security test.,v04.txt:page 42:L1443,main+test
ES-16-005,V4,16 Synchronous API Profile,42,APIs SHALL support cancellation or deadline propagation and SHALL prevent abandoned callers from creating uncontrolled work or side effects.,V04-F003,data-platform,partial,passed:harness,merged,phase0,P7-D,"packages/contracts/src/envelope.ts:19-138; apps/api/src/pipeline/http.ts:104-145 (EnvelopeGuard); apps/api/src/pipeline/pipeline.service.ts:329-337; packages/contracts/src/errors.ts:16-45; apps/api/src/pipeline/http.ts:188-205; migrations/0027:382-393 + apps/api/src/graph/graph.capabilities.ts:319-330 (lossless cursor); test/acceptance/acceptance.test.ts:577,637,733,781","Idempotency key, deadline, expires_at are declared in the envelope but never read (pipeline); no cancellation/deadline propagation; no distinct accepted-vs-completed status for long-running work; capacity/timeout errors not distinguishable (no EYE-CAP-001/WFL-003 raised).",Spec verification class: Automated conformance test.,v04.txt:page 42:L1449,main+test
ES-17-001,V4,17 Command Profile,44,A command SHALL name one state-owning target and SHALL NOT broadcast an instruction to several competing authorities.,V04-F003,data-platform,implemented,passed:harness,merged,phase0,done,"apps/api/src/pipeline/pipeline.service.ts (one handler per action; capability-bound ports); .dependency-cruiser.cjs; .github/workflows/ci.yml: build-test ""Module boundaries (dependency-cruiser, blocking)""",,Spec verification class: Negative conformance test.,v04.txt:page 44:L1495,main+test
ES-17-002,V4,17 Command Profile,44,"Material commands SHALL include an idempotency key scoped to domain, operation, caller, and declared validity window.",V04-F003,data-platform,missing,unverified,none,omission,P7-D,"packages/contracts/src/envelope.ts (idempotency_key declared, never read — v04-surveys)",Implement an idempotency store keyed by domain/operation/caller/validity window and enforce it in the pipeline for material commands.,Spec verification class: Security test.,v04.txt:page 44:L1502,main
ES-17-003,V4,17 Command Profile,44,Precondition failures SHALL return current state references without applying a partial transition.,V04-F003,data-platform,partial,passed:harness,merged,phase0,P7-D,"migrations/0015_outbox_hardening.sql:35,52-56; apps/api/src/objects/outbox.publisher.ts:74-96; test/int/gate22-outbox-hardening.test.ts:49,63,88,114; apps/api/src/pipeline/pipeline.service.ts:387-388,460 (operation record + causation); migrations/0022:322-347 (attempt key unique index); test/int/gate22-operation-closure.test.ts:83",HTTP-level idempotency store scoped to domain/operation/caller/validity window (none); precondition failures return current state references only for EYE-STA-002.,Spec verification class: Fault / recovery test.,v04.txt:page 44:L1507,main+test
ES-17-004,V4,17 Command Profile,44,Accepted commands SHALL create a durable operation record before acknowledging acceptance.,V04-F003,data-platform,implemented,passed:harness,merged,phase0,done,"apps/api/src/pipeline/pipeline.service.ts:387-388,460 (operation record + audit before ack); test/int/gate22-operation-closure.test.ts:83; test/acceptance/acceptance.test.ts:521",,Spec verification class: Automated conformance test.,v04.txt:page 44:L1512,main+test
ES-17-005,V4,17 Command Profile,44,Command handlers SHALL emit committed domain events through the same transaction boundary or a recoverable outbox pattern.,V04-F003,data-platform,implemented,passed:harness,merged,phase0,done,"migrations/0015_outbox_hardening.sql:35,52-56; apps/api/src/objects/outbox.publisher.ts:74-96; test/int/gate22-outbox-hardening.test.ts:49,63,88,114; DECISIONS.md ADR-P0-12",,Spec verification class: Automated conformance test.,v04.txt:page 44:L1520,main+test
ES-18-001,V4,18 Query and Consistency Profile,46,"A query SHALL declare current, as-of, or revision-bound semantics and SHALL return the resolved revision and temporal context.",V04-F003,data-platform,partial,passed:harness,merged,phase3,P7-D,"apps/api/src/objects/objects.controller.ts:129-146 (known_at/as-of); test/acceptance/acceptance.test.ts:723; test/int/phase3-acceptance.test.ts:839,850",Responses do not return the resolved revision/system-time context; no revision-bound query mode.,Spec verification class: Automated conformance test. | UNRESOLVED pointer(s) at 2e83945: graph.controller.ts:48-58 (two-axis),v04.txt:page 46:L1564,main+test
ES-18-002,V4,18 Query and Consistency Profile,46,"Query results SHALL include policy-filtering evidence and SHALL not reveal the existence of unauthorized objects through counts, errors, timing, or cursors.",V04-F003,data-platform,partial,passed:harness,merged,phase3,P7-D,"test/int/domain-isolation.test.ts:121,201 (no COUNT inference); test/acceptance/acceptance.test.ts:781 (no tenant-B metadata in error)",Cross-tenant returns 403 EYE-TEN-001 rather than non-disclosure; no policy-filtering evidence in results; timing not evaluated.,Spec verification class: Security test.,v04.txt:page 46:L1573,main+test
ES-18-003,V4,18 Query and Consistency Profile,46,"Projection-backed results SHALL declare projection build version, source revision, freshness, and known lag.",V04-F003,data-platform,partial,passed:harness,merged,phase3,P7-D,apps/api/src/objects/objects.service.ts:153 (as-of); test/acceptance/acceptance.test.ts:723; test/unit/codex-corrections.test.ts:395,"Responses do not carry resolved revision watermark, projection build version, freshness/lag; no policy-filtering evidence in results; decision-active queries do not fail on freshness/completeness breach.","Spec verification class: Automated conformance test. | UNRESOLVED pointer(s) at 2e83945: apps/api/src/graph/edges.service.ts:121-286; graph.controller.ts:417,500,561 (truncated/unexplored disclosure)",v04.txt:page 46:L1580,main+test
ES-18-004,V4,18 Query and Consistency Profile,46,"Search, graph, vector, and analytical queries SHALL distinguish exact, approximate, partial, and truncated results.",V04-F003,data-platform,implemented,passed:harness,merged,phase3,done,"apps/api/src/graph/graph.controller.ts:417,500,561 (truncated/unexplored); migrations/0025:26-27 (invalidations_current truncated flag); test/int/phase3-acceptance.test.ts:1176; test/unit/codex-corrections.test.ts:599,609",,Spec verification class: Automated conformance test. | UNRESOLVED pointer(s) at 2e83945: search.service.ts (MAX 50 disclosed),v04.txt:page 46:L1587,main+test
ES-18-005,V4,18 Query and Consistency Profile,46,"Decision-active queries SHALL fail or visibly degrade when declared freshness, completeness, consistency, or policy requirements cannot be met.",V04-F003,data-platform,partial,passed:harness,merged,phase3,P7-D,apps/api/src/objects/objects.service.ts:153 (as-of); test/acceptance/acceptance.test.ts:723; test/unit/codex-corrections.test.ts:395,"Responses do not carry resolved revision watermark, projection build version, freshness/lag; no policy-filtering evidence in results; decision-active queries do not fail on freshness/completeness breach.","Spec verification class: Security test. | UNRESOLVED pointer(s) at 2e83945: apps/api/src/graph/edges.service.ts:121-286; graph.controller.ts:417,500,561 (truncated/unexplored disclosure)",v04.txt:page 46:L1595,main+test
ES-19-001,V4,19 Event Profile,47,An event SHALL be published only after the announced state transition is durable in the owning component.,V04-F003,data-platform,implemented,passed:harness,merged,phase0,done,"migrations/0015_outbox_hardening.sql:35,52-56; apps/api/src/objects/outbox.publisher.ts:74-96; test/int/gate22-outbox-hardening.test.ts:49,63,88,114; migrations/0015 (outbox row written in the committing transaction)",,Spec verification class: Automated conformance test.,v04.txt:page 47:L1635,main+test
ES-19-002,V4,19 Event Profile,47,Event payloads SHALL contain stable references and the minimum transition data required by consumers; they SHALL not become uncontrolled data replicas.,V04-F003,data-platform,partial,passed:harness,merged,phase0,P7-D,"migrations/0015_outbox_hardening.sql:35,52-56; apps/api/src/objects/outbox.publisher.ts:74-96; test/int/gate22-outbox-hardening.test.ts:49,63,88,114; CODEX_CORRECTION_PASS.md:91 (no consumer subscribes to domain-events)",No consumer exists for domain events; no event schema version; ordering only by created_at with SKIP LOCKED (not partition/sequence guaranteed); consumer idempotency/checkpoint discipline untested.,Spec verification class: Negative conformance test.,v04.txt:page 47:L1643,main+test
ES-19-003,V4,19 Event Profile,47,Consumers SHALL be idempotent and SHALL persist checkpoints only after their owned effects are durable.,V04-F003,data-platform,partial,passed:harness,merged,phase0,P7-D,"migrations/0015_outbox_hardening.sql:35,52-56; apps/api/src/objects/outbox.publisher.ts:74-96; test/int/gate22-outbox-hardening.test.ts:49,63,88,114; CODEX_CORRECTION_PASS.md:91 (no consumer subscribes to domain-events)",No consumer exists for domain events; no event schema version; ordering only by created_at with SKIP LOCKED (not partition/sequence guaranteed); consumer idempotency/checkpoint discipline untested.,Spec verification class: Automated conformance test.,v04.txt:page 47:L1651,main+test
ES-19-004,V4,19 Event Profile,47,Ordering SHALL be guaranteed only within a declared partition and sequence scope; consumers SHALL handle cross-partition concurrency explicitly.,V04-F003,data-platform,partial,passed:harness,merged,phase0,P7-D,"migrations/0015_outbox_hardening.sql:35,52-56; apps/api/src/objects/outbox.publisher.ts:74-96; test/int/gate22-outbox-hardening.test.ts:49,63,88,114; CODEX_CORRECTION_PASS.md:91 (no consumer subscribes to domain-events)",No consumer exists for domain events; no event schema version; ordering only by created_at with SKIP LOCKED (not partition/sequence guaranteed); consumer idempotency/checkpoint discipline untested.,Spec verification class: Automated conformance test.,v04.txt:page 47:L1659,main+test
ES-19-005,V4,19 Event Profile,47,Corrections SHALL be new events linked to affected prior events and objects; historical events SHALL not be mutated or deleted except under governed retention evidence.,V04-F003,data-platform,implemented,passed:harness,merged,phase1,done,"apps/api/src/objects/objects.service.ts:91-121; migrations/0022:579,597,1528,1555; migrations/0026:27-56; 0027:112,294,324; migrations/0022:579,597 (correction cases → events); test/int/phase1-acceptance.test.ts:751,770",,Spec verification class: Negative conformance test. | UNRESOLVED pointer(s) at 2e83945: apps/api/src/observation/corrections.service.ts:24-25,v04.txt:page 47:L1668,main+test
ES-20-001,V4,20 Canonical Contract Envelope,49,"Envelope fields SHALL have one canonical meaning across transports, languages, services, agents, models, and deployment modes.",V04-F003,data-platform,implemented,passed:ci,merged,phase0,done,"packages/contracts/src/envelope.ts:19-138; apps/api/src/pipeline/http.ts:104-145 (EnvelopeGuard); apps/api/src/pipeline/pipeline.service.ts:329-337; packages/contracts/src/jcs.ts; packages/contracts/test/jcs.test.ts; test/int/rfc8785-crosslang.test.ts:64,73,208 (cross-language digest equality)",,Spec verification class: Automated conformance test. | UNRESOLVED pointer(s) at 2e83945: rfc8785-conformance.test.ts,v04.txt:page 49:L1716,main+test
ES-20-002,V4,20 Canonical Contract Envelope,49,Mandatory fields SHALL be validated before payload processing or protected resource access.,V04-F003,data-platform,implemented,passed:harness,merged,phase0,done,"apps/api/src/pipeline/http.ts:104-145 (EnvelopeGuard before handler, payload_digest recomputed); test/acceptance/acceptance.test.ts:577",,Spec verification class: Automated conformance test.,v04.txt:page 49:L1724,main+test
ES-20-003,V4,20 Canonical Contract Envelope,49,Envelope propagation SHALL preserve original actor and causation while adding the current workload and transition evidence.,V04-F003,data-platform,partial,passed:ci,merged,phase0,P7-D,"packages/contracts/src/envelope.ts:19-138; apps/api/src/pipeline/http.ts:104-145 (EnvelopeGuard); apps/api/src/pipeline/pipeline.service.ts:329-337; packages/contracts/test/envelope-header.test.ts:77-97; test/acceptance/acceptance.test.ts:482,492,503","Envelope propagation across async boundaries (outbox/agents) does not add current workload evidence; no as-of field, degraded indicator, support reference or response envelope; sensitive-field classification/encryption absent.",Spec verification class: Automated conformance test.,v04.txt:page 49:L1732,main+test
ES-20-004,V4,20 Canonical Contract Envelope,49,"Sensitive envelope fields SHALL be minimized, classified, encrypted, access-controlled, and excluded from uncontrolled telemetry.",V04-F003,data-platform,partial,passed:ci,merged,phase0,P7-D,"packages/contracts/src/envelope.ts:19-138; apps/api/src/pipeline/http.ts:104-145 (EnvelopeGuard); apps/api/src/pipeline/pipeline.service.ts:329-337; packages/contracts/test/envelope-header.test.ts:77-97; test/acceptance/acceptance.test.ts:482,492,503","Envelope propagation across async boundaries (outbox/agents) does not add current workload evidence; no as-of field, degraded indicator, support reference or response envelope; sensitive-field classification/encryption absent.",Spec verification class: Security test.,v04.txt:page 49:L1741,main+test
ES-20-005,V4,20 Canonical Contract Envelope,49,"Synthetic, inferred, stale, partial, and corrected states SHALL remain explicit and SHALL not be lost during translation or serialization.",V04-F003,data-platform,partial,passed:ci,merged,phase0,P7-D,"packages/contracts/src/envelope.ts:19-138; apps/api/src/pipeline/http.ts:104-145 (EnvelopeGuard); apps/api/src/pipeline/pipeline.service.ts:329-337; packages/contracts/test/envelope-header.test.ts:77-97; test/acceptance/acceptance.test.ts:482,492,503","Envelope propagation across async boundaries (outbox/agents) does not add current workload evidence; no as-of field, degraded indicator, support reference or response envelope; sensitive-field classification/encryption absent.",Spec verification class: Negative conformance test.,v04.txt:page 49:L1749,main+test
ES-21-001,V4,"21 Error, Abstention, and Partial-Result Model",51,"Every error SHALL include a stable code, category, safe message, correlation reference, retry class, owning component, and support or remediation path.",V04-F003,data-platform,partial,passed:harness,merged,phase0,P7-D,"packages/contracts/src/errors.ts:16-45; apps/api/src/pipeline/http.ts:188-205; apps/api/src/observation/observation.filter.ts:20-48; test/acceptance/acceptance.test.ts:577,961","errorBody() never sets degraded/supportRef/owning component; 14 of 28 codes never raised; httpStatus ignored (EYE-INT-001 emitted 400); partial-result declaration (missing scope, decision-active prohibition) absent.",Spec verification class: Fault / recovery test. | UNRESOLVED pointer(s) at 2e83945: observation-errors.ts:410-435; apps/api/src/intelligence/extraction.service.ts:207-221 (abstention as domain outcome),v04.txt:page 51:L1792,main+test
ES-21-002,V4,"21 Error, Abstention, and Partial-Result Model",51,"Internal details, secrets, unauthorized object existence, stack traces, and sensitive policy logic SHALL not be exposed to untrusted callers.",V04-F003,data-platform,implemented,passed:harness,merged,phase0,done,"apps/api/src/pipeline/http.ts:188-205 (policy-safe messages); test/acceptance/acceptance.test.ts:577,781,961,964",,Existence non-disclosure partial in-domain (404 STA-001) vs cross-tenant (403 TEN-001). Spec verification class: Security test. | UNRESOLVED pointer(s) at 2e83945: observation.filter.ts:20-48,v04.txt:page 51:L1800,main+test
ES-21-003,V4,"21 Error, Abstention, and Partial-Result Model",51,"Abstention SHALL identify the unmet evidence, quality, uncertainty, policy, or authority condition and the path to review or additional information.",V04-F003,data-platform,partial,passed:harness,merged,phase2,P2,migrations/0023:638-651 (abstention as outcome); test/int/phase2-acceptance.test.ts:388,"Abstention is a domain outcome, not the EYE-QUA-002 error with unmet-condition and review path; forecasts have refusals but no abstained state.",Spec verification class: Security test. | UNRESOLVED pointer(s) at 2e83945: apps/api/src/intelligence/extraction.service.ts:207-221; model-gateway.service.ts:117-123,v04.txt:page 51:L1808,main+test
ES-21-004,V4,"21 Error, Abstention, and Partial-Result Model",51,"Partial results SHALL declare missing scope, unavailable dependencies, freshness, confidence, affected conclusions, and whether decision-active use is prohibited.",V04-F003,data-platform,partial,passed:harness,merged,phase0,P7-D,"packages/contracts/src/errors.ts:16-45; apps/api/src/pipeline/http.ts:188-205; apps/api/src/observation/observation.filter.ts:20-48; test/acceptance/acceptance.test.ts:577,961","errorBody() never sets degraded/supportRef/owning component; 14 of 28 codes never raised; httpStatus ignored (EYE-INT-001 emitted 400); partial-result declaration (missing scope, decision-active prohibition) absent.",Spec verification class: Negative conformance test. | UNRESOLVED pointer(s) at 2e83945: observation-errors.ts:410-435; apps/api/src/intelligence/extraction.service.ts:207-221 (abstention as domain outcome),v04.txt:page 51:L1816,main+test
ES-21-005,V4,"21 Error, Abstention, and Partial-Result Model",51,"Retry guidance SHALL distinguish never, after caller correction, after policy or approval, after a stated delay, and safe idempotent retry.",V04-F003,data-platform,partial,passed:harness,merged,phase0,P7-D,"packages/contracts/src/errors.ts:16-45; apps/api/src/pipeline/http.ts:188-205; apps/api/src/observation/observation.filter.ts:20-48; test/acceptance/acceptance.test.ts:577,961","errorBody() never sets degraded/supportRef/owning component; 14 of 28 codes never raised; httpStatus ignored (EYE-INT-001 emitted 400); partial-result declaration (missing scope, decision-active prohibition) absent.",Spec verification class: Fault / recovery test. | UNRESOLVED pointer(s) at 2e83945: observation-errors.ts:410-435; apps/api/src/intelligence/extraction.service.ts:207-221 (abstention as domain outcome),v04.txt:page 51:L1825,main+test
ES-22-001,V4,"22 Idempotency, Ordering, Retry, and Compensation",52,Every material side effect SHALL have a stable deduplication or reconciliation strategy before release.,V04-F004,data-platform,partial,passed:harness,merged,phase1,P7-D,"migrations/0022:322-347 (attempt key); test/int/phase1-fault-injection.test.ts:578; migrations/0015:35 (outbox retry budget 10, no backoff); apps/api/src/observation/scheduling/scheduler.service.ts:165 (backoff)","No compensation machinery (side_effect_class compensatable declared, never branched); retry loops not deadline/budget-bounded outside the scheduler; replay identity/initiator/reason recording absent for event replay.",Spec verification class: Automated conformance test.,v04.txt:page 52:L1863,main+test
ES-22-002,V4,"22 Idempotency, Ordering, Retry, and Compensation",52,"Retry loops SHALL be bounded by deadline and budget and SHALL not amplify load, bypass policy, or duplicate external effects.",V04-F004,data-platform,partial,passed:harness,merged,phase1,P7-D,"migrations/0022:322-347 (attempt key); test/int/phase1-fault-injection.test.ts:578; migrations/0015:35 (outbox retry budget 10, no backoff); apps/api/src/observation/scheduling/scheduler.service.ts:165 (backoff)","No compensation machinery (side_effect_class compensatable declared, never branched); retry loops not deadline/budget-bounded outside the scheduler; replay identity/initiator/reason recording absent for event replay.",Spec verification class: Fault / recovery test.,v04.txt:page 52:L1871,main+test
ES-22-003,V4,"22 Idempotency, Ordering, Retry, and Compensation",52,Ordering assumptions SHALL be local and declared; global ordering SHALL not be inferred from timestamps or transport position.,V04-F004,data-platform,partial,unverified,merged,phase1,P7-D,migrations/0015:52-56 (ORDER BY created_at … SKIP LOCKED),Ordering assumptions are not declared; outbox order by timestamp is the implicit global order the spec prohibits.,Spec verification class: Negative conformance test.,v04.txt:page 52:L1879,main
ES-22-004,V4,"22 Idempotency, Ordering, Retry, and Compensation",52,Compensation SHALL be a new evidenced transition and SHALL not delete the original action or pretend it never occurred.,V04-F004,data-platform,partial,passed:harness,merged,phase1,P7-D,"migrations/0022:322-347 (attempt key); test/int/phase1-fault-injection.test.ts:578; migrations/0015:35 (outbox retry budget 10, no backoff); apps/api/src/observation/scheduling/scheduler.service.ts:165 (backoff)","No compensation machinery (side_effect_class compensatable declared, never branched); retry loops not deadline/budget-bounded outside the scheduler; replay identity/initiator/reason recording absent for event replay.",Spec verification class: Fault / recovery test.,v04.txt:page 52:L1887,main+test
ES-22-005,V4,"22 Idempotency, Ordering, Retry, and Compensation",52,"Workflow and event replay SHALL preserve original causation while recording replay identity, initiator, reason, and result.",V04-F004,data-platform,partial,passed:harness,branch-only,phase6,P6,"migrations/0043_decision_replay.sql:141,178,413; 0047:7; 0048:412; 0049:455; 0050 §2; test/int/phase6-replay.test.ts:76,129,141,185 (decision replay records replay identity/contributors)","Event/workflow replay (outbox) does not record replay identity, initiator, reason.",Spec verification class: Security test.,v04.txt:page 52:L1892,branch+test
ES-23-001,V4,"23 Versioning, Compatibility, and Contract Registry",53,"Every contract SHALL have a stable identity, semantic version, owner, status, compatibility class, effective time, and machine- readable schema or definition.",V04-F004,data-platform,missing,unverified,none,omission,P7-D,"migrations/0006_objects.sql:108-115 (objects.schema_registry, written only by 0035:617 and 0043:440, never read); packages/contracts/test/header-registry.test.ts:123,132 (registry pin)","A contract registry that evaluates compatibility class, prevents duplicate authority/invalid supersession/unsigned contracts, and consumer version-range declarations with visible failure — none exist; behavioural versioning not practised.",Spec verification class: Security test.,v04.txt:page 53:L1930,main+test
ES-23-002,V4,"23 Versioning, Compatibility, and Contract Registry",53,Behavioral changes SHALL be versioned even when wire shape remains unchanged.,V04-F004,data-platform,missing,unverified,none,omission,P7-D,"migrations/0006_objects.sql:108-115 (objects.schema_registry, written only by 0035:617 and 0043:440, never read); packages/contracts/test/header-registry.test.ts:123,132 (registry pin)","A contract registry that evaluates compatibility class, prevents duplicate authority/invalid supersession/unsigned contracts, and consumer version-range declarations with visible failure — none exist; behavioural versioning not practised.",Spec verification class: Automated conformance test.,v04.txt:page 53:L1937,main+test
ES-23-003,V4,"23 Versioning, Compatibility, and Contract Registry",53,"Breaking changes SHALL use parallel compatibility, explicit migration, consumer verification, and governed retirement; in- place reinterpretation is prohibited.",V04-F004,data-platform,missing,unverified,none,omission,P7-D,"migrations/0006_objects.sql:108-115 (objects.schema_registry, written only by 0035:617 and 0043:440, never read); packages/contracts/test/header-registry.test.ts:123,132 (registry pin)","A contract registry that evaluates compatibility class, prevents duplicate authority/invalid supersession/unsigned contracts, and consumer version-range declarations with visible failure — none exist; behavioural versioning not practised.",Spec verification class: Negative conformance test.,v04.txt:page 53:L1945,main+test
ES-23-004,V4,"23 Versioning, Compatibility, and Contract Registry",53,Consumers SHALL declare supported version ranges and SHALL fail visibly when no compatible version exists.,V04-F004,data-platform,missing,unverified,none,omission,P7-D,"migrations/0006_objects.sql:108-115 (objects.schema_registry, written only by 0035:617 and 0043:440, never read); packages/contracts/test/header-registry.test.ts:123,132 (registry pin)","A contract registry that evaluates compatibility class, prevents duplicate authority/invalid supersession/unsigned contracts, and consumer version-range declarations with visible failure — none exist; behavioural versioning not practised.",Spec verification class: Automated conformance test.,v04.txt:page 53:L1953,main+test
ES-23-005,V4,"23 Versioning, Compatibility, and Contract Registry",53,"The registry SHALL prevent publication of duplicate authority, incompatible reuse of identity, invalid supersession, or unsigned production contracts.",V04-F004,data-platform,missing,unverified,none,omission,P7-D,"migrations/0006_objects.sql:108-115 (objects.schema_registry, written only by 0035:617 and 0043:440, never read); packages/contracts/test/header-registry.test.ts:123,132 (registry pin)","A contract registry that evaluates compatibility class, prevents duplicate authority/invalid supersession/unsigned contracts, and consumer version-range declarations with visible failure — none exist; behavioural versioning not practised.",Spec verification class: Security test.,v04.txt:page 53:L1961,main+test
ES-24-001,V4,24 Canonical Intelligence Object Header,55,"Object identity SHALL remain stable across versions, stores, indexes, exports, and deployment movement.",V04-F005,data-platform,implemented,passed:harness,merged,phase0,done,"packages/contracts/src/header.ts:21-175; apps/api/migrations/0006_objects.sql:7,67-77; apps/api/src/objects/objects.service.ts:260-278; test/acceptance/acceptance.test.ts:700,747; packages/contracts/test/envelope-header.test.ts",,"Generic writer nulls many header fields (confidence, quality, ontology_ref); see ES-24-003. Spec verification class: Security test.",v04.txt:page 55:L2008,main+test
ES-24-002,V4,24 Canonical Intelligence Object Header,55,Object versions SHALL be immutable and content-addressable; corrections and lifecycle changes SHALL create new versions or linked control records.,V04-F005,data-platform,implemented,passed:harness,merged,phase0,done,"packages/contracts/src/header.ts:21-175; apps/api/migrations/0006_objects.sql:7,67-77; apps/api/src/objects/objects.service.ts:260-278; test/acceptance/acceptance.test.ts:700,747; packages/contracts/test/envelope-header.test.ts",,"Generic writer nulls many header fields (confidence, quality, ontology_ref); see ES-24-003. Spec verification class: Automated conformance test.",v04.txt:page 55:L2014,main+test
ES-24-003,V4,24 Canonical Intelligence Object Header,55,Mandatory header fields SHALL be validated by the owning component before the object becomes decision-active.,V04-F005,data-platform,partial,passed:harness,merged,phase0,P3,migrations/0006:67-77 (CHECKs); packages/contracts/src/header.ts:82-89; apps/api/src/objects/objects.service.ts:260-278; test/acceptance/acceptance.test.ts:747; packages/contracts/test/envelope-header.test.ts,Generic writer hard-nulls confidence/uncertainty/quality/freshness/ontology_ref; mandatory-field validation covers provenance/time only.,"Generic writer nulls many header fields (confidence, quality, ontology_ref); see ES-24-003. Spec verification class: Automated conformance test.",v04.txt:page 55:L2022,main+test
ES-24-004,V4,24 Canonical Intelligence Object Header,55,"Derived objects SHALL reference exact input versions and producing transformation, model, agent, policy, and configuration versions.",V04-F005,data-platform,partial,passed:harness,merged,phase2,P2,"migrations/0023:286-323 (claim_lineage: method/model versions, exact input versions); 0033:47-107 (run manifests); test/int/phase2-acceptance.test.ts:339","Agent, policy and configuration versions are not referenced by derived objects.","Generic writer nulls many header fields (confidence, quality, ontology_ref); see ES-24-003. Spec verification class: Security test.",v04.txt:page 55:L2030,main+test
ES-24-005,V4,24 Canonical Intelligence Object Header,55,Serialization profiles MAY omit redundant fields only when the containing signed context supplies identical immutable values and reconstruction is lossless.,V04-F005,data-platform,implemented,passed:ci,merged,phase0,done,"packages/contracts/src/header.ts:228-238 (header digest over canonical JCS); packages/contracts/src/jcs.ts; packages/contracts/test/jcs.test.ts; test/int/rfc8785-crosslang.test.ts:64,73,208",,No lossy serialisation profile is defined; digest binds the full header. Spec verification class: Automated conformance test. | UNRESOLVED pointer(s) at 2e83945: rfc8785-conformance.test.ts,v04.txt:page 55:L2038,main+test
ES-25-001,V4,"25 Identity, Naming, and Tenancy",57,"Identifiers SHALL not embed mutable organizational names, regions, classifications, environments, or deployment locations.",V04-F005,data-platform,implemented,unverified,merged,phase0,P3,apps/api/src/shared/ids.ts (UUIDv7); DECISIONS.md ADR-P0-11,"verification evidence of the required class (harness, browser, CI or deployment) for the released artefact",Spec verification class: Negative conformance test.,v04.txt:page 57:L2080,main
ES-25-002,V4,"25 Identity, Naming, and Tenancy",57,"Every identity SHALL declare issuing authority, namespace, creation time, status, aliases, merges, splits, and supersession where applicable.",V04-F005,data-platform,partial,passed:harness,merged,phase0,P3,"DECISIONS.md ADR-P0-11 (UUIDv7 central issuer); apps/api/src/shared/ids.ts; apps/api/migrations/0002_identity_tenancy.sql; 0009_privilege_separation_and_bound_context.sql; 0011_authority_boundary_closure.sql (RLS + signed context); apps/api/test/int/domain-isolation.test.ts; migrations/0024 (graph.identifiers, resolutions); test/int/phase3-acceptance.test.ts:377,460",Identity resolution returns candidates/confidence but no ontology revision (no ontology registry); merge/split preserve prior ids for graph entities only; tenant/domain ids absent from telemetry/backups (none exist).,Spec verification class: Security test.,v04.txt:page 57:L2088,main+test
ES-25-003,V4,"25 Identity, Naming, and Tenancy",57,"Tenant and domain identity SHALL be explicit in storage keys, messages, caches, search indexes, telemetry, backups, and recovery operations.",V04-F005,data-platform,partial,passed:harness,merged,phase0,P3,"DECISIONS.md ADR-P0-11 (UUIDv7 central issuer); apps/api/src/shared/ids.ts; apps/api/migrations/0002_identity_tenancy.sql; 0009_privilege_separation_and_bound_context.sql; 0011_authority_boundary_closure.sql (RLS + signed context); apps/api/test/int/domain-isolation.test.ts; migrations/0024 (graph.identifiers, resolutions); test/int/phase3-acceptance.test.ts:377,460",Identity resolution returns candidates/confidence but no ontology revision (no ontology registry); merge/split preserve prior ids for graph entities only; tenant/domain ids absent from telemetry/backups (none exist).,Spec verification class: Fault / recovery test.,v04.txt:page 57:L2096,main+test
ES-25-004,V4,"25 Identity, Naming, and Tenancy",57,"Identity resolution SHALL return evidence, confidence, competing candidates, stewardship state, and the ontology revision used.",V04-F005,data-platform,partial,passed:harness,merged,phase3,P3,"migrations/0024 (graph.resolutions with candidates/confidence); test/int/phase3-acceptance.test.ts:377,460,474",Ontology revision absent (no ontology registry).,Spec verification class: Security test.,v04.txt:page 57:L2104,main+test
ES-25-005,V4,"25 Identity, Naming, and Tenancy",57,Merge and split operations SHALL preserve prior identifiers and forward impact links rather than rewriting history.,V04-F005,data-platform,partial,passed:harness,merged,phase3,P3,migrations/0024 (graph.identifiers preserved); 0026 (supersession); test/int/phase3-acceptance.test.ts:692,Split operations are not implemented; merges preserve identifiers.,Spec verification class: Automated conformance test.,v04.txt:page 57:L2111,main+test
ES-26-001,V4,26 Temporal Truth Engineering,58,"Material facts and relationships SHALL preserve all applicable time dimensions with timezone, precision, source, and uncertainty.",V04-F005,data-platform,partial,passed:harness,merged,phase0,P3,"apps/api/migrations/0006_objects.sql:28,84; apps/api/src/objects/objects.service.ts:141-156; apps/api/src/objects/objects.controller.ts:129-146; test/int/phase1-acceptance.test.ts:290,328,827","Timezone, precision, source and uncertainty of each time value are not modelled (timestamptz + intervals only).",Four clocks (event/observation/valid/system) with as-of reads; see ES-26-004/005 for gaps. Spec verification class: Automated conformance test.,v04.txt:page 58:L2150,main+test
ES-26-002,V4,26 Temporal Truth Engineering,58,System time SHALL be assigned by the authoritative committing component and SHALL be monotonic within the object's version history.,V04-F005,data-platform,implemented,passed:harness,merged,phase0,done,"apps/api/migrations/0006_objects.sql:28,84; apps/api/src/objects/objects.service.ts:141-156; apps/api/src/objects/objects.controller.ts:129-146; test/int/phase1-acceptance.test.ts:290,328,827; apps/api/src/graph/graph.controller.ts:48-58; test/int/phase3-acceptance.test.ts:839,850; test/unit/codex-corrections.test.ts:395; test/acceptance/acceptance.test.ts:723,733",,Four clocks (event/observation/valid/system) with as-of reads; see ES-26-004/005 for gaps. Spec verification class: Automated conformance test. | UNRESOLVED pointer(s) at 2e83945: edges.service.ts:61-66,v04.txt:page 58:L2159,main+test
ES-26-003,V4,26 Temporal Truth Engineering,58,As-of queries SHALL accept explicit valid and system time and SHALL not contaminate results with later corrections or knowledge.,V04-F005,data-platform,implemented,passed:harness,merged,phase0,done,"apps/api/migrations/0006_objects.sql:28,84; apps/api/src/objects/objects.service.ts:141-156; apps/api/src/objects/objects.controller.ts:129-146; test/int/phase1-acceptance.test.ts:290,328,827; apps/api/src/graph/graph.controller.ts:48-58; test/int/phase3-acceptance.test.ts:839,850; test/unit/codex-corrections.test.ts:395; test/acceptance/acceptance.test.ts:723,733",,Four clocks (event/observation/valid/system) with as-of reads; see ES-26-004/005 for gaps. Spec verification class: Negative conformance test. | UNRESOLVED pointer(s) at 2e83945: edges.service.ts:61-66,v04.txt:page 58:L2168,main+test
ES-26-004,V4,26 Temporal Truth Engineering,58,"Unknown, approximate, bounded, recurring, and conflicting time SHALL be represented explicitly rather than forced into false precision.",V04-F005,data-platform,partial,passed:harness,merged,phase0,P3,"migrations/0006:28,84 (valid_from/valid_to intervals); test/acceptance/acceptance.test.ts:733",Unknown/approximate/recurring/conflicting time representations and precision/timezone metadata are not modelled.,Four clocks (event/observation/valid/system) with as-of reads; see ES-26-004/005 for gaps. Spec verification class: Automated conformance test.,v04.txt:page 58:L2177,main+test
ES-26-005,V4,26 Temporal Truth Engineering,58,"Clock quality, skew, and synchronization state SHALL be observable where ordering or expiry depends on wall time.",V04-F005,data-platform,partial,unverified,merged,phase0,P7-D,apps/api/src/policy/pdp.service.ts (environment.clockQuality input); packages/contracts/src/envelope.ts (issued_at),Clock quality is a constant input; skew/synchronisation state is not observed.,Four clocks (event/observation/valid/system) with as-of reads; see ES-26-004/005 for gaps. Spec verification class: Automated conformance test.,v04.txt:page 58:L2185,main
ES-27-001,V4,"27 Truth State, Confidence, and Uncertainty",60,Every decision-active object SHALL have an explicit truth state assigned through an owned transition.,V04-F005,data-platform,partial,passed:harness,merged,phase2,P2,packages/contracts/src/truth-state.ts:9-69; apps/api/src/objects/objects.service.ts:188-195; migrations/0023:301 (claim_lineage.confidence); test/int/phase2-acceptance.test.ts:388,No truth-state transition matrix / prohibited-operation table (only generic EYE-WFL-001); confidence lacks method/scale/calibration population declaration; uncertainty representation only on forecast quantiles.,Spec verification class: Automated conformance test. | UNRESOLVED pointer(s) at 2e83945: apps/api/src/intelligence/extraction.service.ts:218-224 (abstention),v04.txt:page 60:L2227,main+test
ES-27-002,V4,"27 Truth State, Confidence, and Uncertainty",60,"Confidence SHALL declare method, scale, calibration population, version, and interpretation; arbitrary global scores are prohibited.",V04-F005,data-platform,partial,passed:harness,merged,phase2,P2,packages/contracts/src/truth-state.ts:9-69; apps/api/src/objects/objects.service.ts:188-195; migrations/0023:301 (claim_lineage.confidence); test/int/phase2-acceptance.test.ts:388,No truth-state transition matrix / prohibited-operation table (only generic EYE-WFL-001); confidence lacks method/scale/calibration population declaration; uncertainty representation only on forecast quantiles.,Spec verification class: Negative conformance test. | UNRESOLVED pointer(s) at 2e83945: apps/api/src/intelligence/extraction.service.ts:218-224 (abstention),v04.txt:page 60:L2234,main+test
ES-27-003,V4,"27 Truth State, Confidence, and Uncertainty",60,"Uncertainty SHALL identify relevant distributions, intervals, alternatives, missing evidence, model limits, and irreducible unknowns.",V04-F005,data-platform,partial,passed:harness,merged,phase2,P2,packages/contracts/src/truth-state.ts:9-69; apps/api/src/objects/objects.service.ts:188-195; migrations/0023:301 (claim_lineage.confidence); test/int/phase2-acceptance.test.ts:388,No truth-state transition matrix / prohibited-operation table (only generic EYE-WFL-001); confidence lacks method/scale/calibration population declaration; uncertainty representation only on forecast quantiles.,Spec verification class: Automated conformance test. | UNRESOLVED pointer(s) at 2e83945: apps/api/src/intelligence/extraction.service.ts:218-224 (abstention),v04.txt:page 60:L2242,main+test
ES-27-004,V4,"27 Truth State, Confidence, and Uncertainty",60,"Promotion between truth states SHALL require the evidence, evaluation, authority, and audit defined for that transition.",V04-F005,data-platform,partial,passed:harness,merged,phase2,P2,packages/contracts/src/truth-state.ts:9-69; apps/api/src/objects/objects.service.ts:188-195; apps/api/src/intelligence/review/review.service.ts (proposed→reviewed→admitted); migrations/0025:137 (edge admission); test/int/phase2-acceptance.test.ts:427; phase3-acceptance.test.ts:503,No general transition matrix; promotion evidence/authority defined only for claims (review) and edges (admission).,Spec verification class: Test + accountable review.,v04.txt:page 60:L2250,main+test
ES-27-005,V4,"27 Truth State, Confidence, and Uncertainty",60,Synthetic state SHALL remain isolated from observed state until an explicit reconciliation establishes a new observed version.,V04-F005,data-platform,implemented,passed:harness,branch-only,phase5,done,"migrations/0032:221 (element kinds), 163 (branch immutability); 0034:135-205 (reconciliation); test/int/phase5-corrections.test.ts:372,388,397",,Spec verification class: Automated conformance test. | release_status merged → branch-only from the evidence at 2e83945,v04.txt:page 60:L2257,branch+test
ES-28-001,V4,28 Provenance and Lineage Engineering,62,Every material object and transition SHALL emit provenance links atomically or through a recoverable lineage journal.,V04-F005,data-platform,implemented,passed:harness,merged,phase3,done,"packages/contracts/src/header.ts:82-89 (hasMinimumProvenance); migrations/0023:286-323 (intelligence.claim_lineage append-only); migrations/0024:519,1306 (graph.dependencies, record_impact); apps/api/src/graph/strategy/impact.service.ts; test/int/phase2-acceptance.test.ts:339; phase3-acceptance.test.ts:627; test/unit/codex-corrections.test.ts:454",,Backward lineage + forward impact with truncated/unexplored disclosure (0025:26-27). Spec verification class: Automated conformance test.,v04.txt:page 62:L2303,main+test
ES-28-002,V4,28 Provenance and Lineage Engineering,62,Lineage references SHALL identify exact versions and SHALL not rely on mutable latest aliases.,V04-F005,data-platform,implemented,passed:harness,merged,phase3,done,"packages/contracts/src/header.ts:82-89 (hasMinimumProvenance); migrations/0023:286-323 (intelligence.claim_lineage append-only); migrations/0024:519,1306 (graph.dependencies, record_impact); apps/api/src/graph/strategy/impact.service.ts; test/int/phase2-acceptance.test.ts:339; phase3-acceptance.test.ts:627; test/unit/codex-corrections.test.ts:454",,Backward lineage + forward impact with truncated/unexplored disclosure (0025:26-27). Spec verification class: Negative conformance test.,v04.txt:page 62:L2310,main+test
ES-28-003,V4,28 Provenance and Lineage Engineering,62,Backward explanation SHALL resolve producing inputs and accountable actors; forward impact SHALL resolve active dependents and owners.,V04-F005,data-platform,implemented,passed:harness,merged,phase3,done,"packages/contracts/src/header.ts:82-89 (hasMinimumProvenance); migrations/0023:286-323 (intelligence.claim_lineage append-only); migrations/0024:519,1306 (graph.dependencies, record_impact); apps/api/src/graph/strategy/impact.service.ts; test/int/phase2-acceptance.test.ts:339; phase3-acceptance.test.ts:627; test/unit/codex-corrections.test.ts:454",,Backward lineage + forward impact with truncated/unexplored disclosure (0025:26-27). Spec verification class: Test + accountable review.,v04.txt:page 62:L2318,main+test
ES-28-004,V4,28 Provenance and Lineage Engineering,62,"Provenance SHALL preserve denied, abstained, challenged, overridden, corrected, and failed paths where they materially explain state.",V04-F005,data-platform,partial,passed:harness,merged,phase3,P3,"migrations/0023:329,347 (review outcomes); 0029 ~475-520 (attention_state); apps/api/migrations/0004_audit.sql (append-only triggers, chain heads); apps/api/src/audit/audit.service.ts; apps/api/test/int/audit-chain.test.ts","Denied/abstained/failed paths are in audit, not in product lineage.",Backward lineage + forward impact with truncated/unexplored disclosure (0025:26-27). Spec verification class: Automated conformance test.,v04.txt:page 62:L2327,main+test
ES-28-005,V4,28 Provenance and Lineage Engineering,62,Lineage retention and deletion SHALL follow the strictest applicable obligation while preserving lawful audit proof and deletion evidence.,V04-F005,data-platform,missing,unverified,none,omission,P3,,Lineage retention/deletion obligations are not implemented (no retention enforcement at all).,Backward lineage + forward impact with truncated/unexplored disclosure (0025:26-27). Spec verification class: Automated conformance test.,v04.txt:page 62:L2336,
ES-29-001,V4,"29 Policy, Classification, Retention, and Rights",64,"Objects SHALL receive domain, purpose, classification, rights, owner, retention, and residency metadata at or before canonical admission.",V04-F006,data-platform,implemented,passed:harness,branch-only,phase4,done,migrations/0006:67-77 (header CHECKs for classification/rights/residency/retention); migrations/0028 (contract v2 rights/purpose); test/acceptance/acceptance.test.ts:747,,Values are present at admission; enforcement of retention/residency is absent (ES-29-004). Spec verification class: Test + accountable review. | release_status merged → branch-only from the evidence at 2e83945,v04.txt:page 64:L2380,branch+main+test
ES-29-002,V4,"29 Policy, Classification, Retention, and Rights",64,Derived objects SHALL inherit the most restrictive applicable obligations unless an authorized transformation rule records a valid change.,V04-F006,data-platform,partial,passed:harness,branch-only,phase4,P1,"migrations/0028_phase4_source_contract_v2.sql:20+; 0022:375,395,956,1279-1301 (legal_hold column, set_rights_state, tombstones); apps/api/src/observation/vault/vault.service.ts:233; apps/api/src/observation/sources/source-contract.ts:242; migrations/0006:67-77 (header rights/residency/retention CHECKs); apps/api/src/policy/pdp.service.ts (default DENY, indeterminate→deny, obligations executed); apps/api/test/unit/pdp.test.ts",Retention actions as durable workflows (no expiry/purge job; legal_hold never read); retention_profile declared but never enforced; export obligations/recipient revocation absent; policy input lacks location/model/agent/side-effect dimensions.,Spec verification class: Automated conformance test. | UNRESOLVED pointer(s) at 2e83945: apps/api/src/observation/quarantine/sweeper.service.ts:102-117 (quarantine TTL only) | release_status merged → branch-only from the evidence at 2e83945,v04.txt:page 64:L2389,branch+main+test
ES-29-003,V4,"29 Policy, Classification, Retention, and Rights",64,"Policy evaluation SHALL consider subject, object, action, purpose, environment, time, location, model, agent, and requested side effect.",V04-F006,data-platform,partial,passed:ci,merged,phase0,P7-D,"apps/api/src/policy/pdp.service.ts (default DENY, indeterminate→deny, obligations executed); apps/api/test/unit/pdp.test.ts (subject, action, object, purpose, environment, consequence)","Time, location, model, agent and requested side effect are not policy inputs.",Spec verification class: Security test.,v04.txt:page 64:L2398,main+test
ES-29-004,V4,"29 Policy, Classification, Retention, and Rights",64,"Retention actions SHALL be durable workflows with scope resolution, holds, approvals, execution evidence, residual inventory, and verification.",V04-F006,data-platform,missing,unverified,none,omission,P1,"migrations/0028_phase4_source_contract_v2.sql:20+; 0022:375,395,956,1279-1301 (legal_hold column, set_rights_state, tombstones); apps/api/src/observation/vault/vault.service.ts:233","Retention workflow with scope resolution, holds, approvals, execution evidence and residual inventory; legal_hold never read; no purge job.",Spec verification class: Test + accountable review. | UNRESOLVED pointer(s) at 2e83945: apps/api/src/observation/quarantine/sweeper.service.ts:102-117 (quarantine TTL only),v04.txt:page 64:L2406,branch+main
ES-29-005,V4,"29 Policy, Classification, Retention, and Rights",64,"Exports SHALL carry enforceable recipient obligations, provenance, classification, expiry, and revocation context where applicable.",V04-F006,data-platform,missing,unverified,none,phase7,P7-F,,"No export facility with recipient obligations, provenance, expiry or revocation.",Spec verification class: Automated conformance test.,v04.txt:page 64:L2415,
ES-30-001,V4,"30 Correction, Supersession, and Projection Rebuild",66,"Correction intake SHALL authenticate authority, identify target versions, preserve supplied evidence, and create a durable case before changing active state.",V04-F006,data-platform,implemented,passed:harness,merged,phase3,done,"apps/api/src/objects/objects.service.ts:91-121; migrations/0022:579,597,1528,1555; migrations/0026:27-56; 0027:112,294,324; migrations/0005_audit_rebuild_rls_fix.sql (audit.rebuild_chain_heads); 0022:1862; 0023:938; 0024:1436 (projection rebuild functions); test/int/phase1-acceptance.test.ts:702,731,751,770,805,939; phase3-corrections.test.ts:322,468,570,891,922,969; phase2-acceptance.test.ts:565",,"Correction cases, supersession chains, projection rebuilds; closure acknowledgement is per-owner attention_state. Spec verification class: Test + accountable review. | UNRESOLVED pointer(s) at 2e83945: apps/api/src/observation/corrections.service.ts:24-25",v04.txt:page 66:L2459,main+test
ES-30-002,V4,"30 Correction, Supersession, and Projection Rebuild",66,"Correction commit SHALL produce a new version and propagation event with reason, authority, time, scope, and affected truth state.",V04-F006,data-platform,implemented,passed:harness,merged,phase3,done,"apps/api/src/objects/objects.service.ts:91-121; migrations/0022:579,597,1528,1555; migrations/0026:27-56; 0027:112,294,324; migrations/0005_audit_rebuild_rls_fix.sql (audit.rebuild_chain_heads); 0022:1862; 0023:938; 0024:1436 (projection rebuild functions); test/int/phase1-acceptance.test.ts:702,731,751,770,805,939; phase3-corrections.test.ts:322,468,570,891,922,969; phase2-acceptance.test.ts:565",,"Correction cases, supersession chains, projection rebuilds; closure acknowledgement is per-owner attention_state. Spec verification class: Test + accountable review. | UNRESOLVED pointer(s) at 2e83945: apps/api/src/observation/corrections.service.ts:24-25",v04.txt:page 66:L2468,main+test
ES-30-003,V4,"30 Correction, Supersession, and Projection Rebuild",66,"Impact analysis SHALL identify dependent graph state, memory, twins, forecasts, scenarios, simulations, warnings, decisions, briefings, commitments, and learning products.",V04-F006,data-platform,partial,passed:harness,branch-only,phase3,P3,"packages/contracts/src/header.ts:82-89 (hasMinimumProvenance); migrations/0023:286-323 (intelligence.claim_lineage append-only); migrations/0024:519,1306 (graph.dependencies, record_impact); apps/api/src/graph/strategy/impact.service.ts; migrations/0034 (twin propagation); 0029 ~475-520 (forecast corrections); test/int/phase5-propagation.test.ts:92,133","Impact analysis reaches graph, twins, forecasts, scenarios, simulations, warnings; decisions/briefings/commitments/learning products are not in the propagation graph.","Correction cases, supersession chains, projection rebuilds; closure acknowledgement is per-owner attention_state. Spec verification class: Automated conformance test. | release_status merged → branch-only from the evidence at 2e83945",v04.txt:page 66:L2477,branch+main+test
ES-30-004,V4,"30 Correction, Supersession, and Projection Rebuild",66,"Dependent products SHALL be marked affected, stale, withdrawn, or requiring review according to their owning contract.",V04-F006,data-platform,implemented,passed:harness,merged,phase3,done,"apps/api/src/objects/objects.service.ts:91-121; migrations/0022:579,597,1528,1555; migrations/0026:27-56; 0027:112,294,324; migrations/0005_audit_rebuild_rls_fix.sql (audit.rebuild_chain_heads); 0022:1862; 0023:938; 0024:1436 (projection rebuild functions); test/int/phase1-acceptance.test.ts:702,731,751,770,805,939; phase3-corrections.test.ts:322,468,570,891,922,969; phase2-acceptance.test.ts:565",,"Correction cases, supersession chains, projection rebuilds; closure acknowledgement is per-owner attention_state. Spec verification class: Automated conformance test. | UNRESOLVED pointer(s) at 2e83945: apps/api/src/observation/corrections.service.ts:24-25",v04.txt:page 66:L2485,main+test
ES-30-005,V4,"30 Correction, Supersession, and Projection Rebuild",66,"Closure SHALL require projection reconciliation, consumer acknowledgement or bounded exception, and complete audit evidence.",V04-F006,data-platform,partial,passed:harness,merged,phase3,P3,"migrations/0027:112,294,324 (case coverage lifecycle); migrations/0005_audit_rebuild_rls_fix.sql (audit.rebuild_chain_heads); 0022:1862; 0023:938; 0024:1436 (projection rebuild functions); test/int/phase3-corrections.test.ts:322,468",Consumer acknowledgement or bounded-exception closure is not required before a correction case closes.,"Correction cases, supersession chains, projection rebuilds; closure acknowledgement is per-owner attention_state. Spec verification class: Test + accountable review.",v04.txt:page 66:L2493,main+test
ES-31-001,V4,31 World Observation Layer,70,World Observation Layer SHALL own and version only its declared authoritative state: Source contracts and credential references; Connector configuration and checkpoints; Immutable raw evidence; Acquisition and source-health history; Coverage map and blind spots.,V04-F007,observation,partial,passed:harness,branch-only,phase1,P1,migrations/0022_observation_registry_and_evidence.sql; apps/api/src/observation/sources/source-contract.ts; apps/api/src/observation/vault/vault.service.ts; apps/api/src/observation/coverage/coverage.service.ts:49; test/int/phase1-acceptance.test.ts; phase1-fault-injection.test.ts; migrations/0038_scheduled_collection.sql:172-233; 0039:14; 0040:13; apps/api/src/observation/scheduling/scheduler.service.ts:165; test/int/phase6-scheduled-collection.test.ts,"Credential references are not bound (credential binding NOT implemented: source-contract.ts:256-259, http-client.ts:224,252); connector kinds only upload/rss/rest (1 of 20 Vol 0 source classes; L1_CONNECTOR_COVERAGE.md).",Authoritative state owned by the layer module and its migrations. Spec verification class: Automated conformance test. | UNRESOLVED pointer(s) at 2e83945: collection-worker.service.ts | release_status merged → branch-only from the evidence at 2e83945,v04.txt:page 70:L2645,branch+main+test
ES-31-002,V4,31 World Observation Layer,70,"Every logical component in World Observation Layer SHALL publish a service manifest with component ID, owner, contracts, state class, dependencies, controls, SLOs, failure domains, and recovery procedure.",V04-F007,observation,missing,unverified,none,omission,P7-D,conformance.manifest.json (Phase 0 units only; maps paths→component_ids→controls),"Publish a service manifest per logical component of World Observation Layer (component ID, owner, contracts, state class, dependencies, controls, SLOs, failure domains, recovery procedure); none of the layer components (L-C ids) has one.",Component catalogue is Appendix A; no manifest beyond conformance.manifest.json Phase 0 units. Spec verification class: Fault / recovery test.,v04.txt:page 70:L2656,main
ES-31-003,V4,31 World Observation Layer,70,"Deployable units implementing World Observation Layer SHALL preserve component-level telemetry, policy enforcement, state access, resource use, and failure isolation even when components share a runtime.",V04-F007,observation,partial,unverified,merged,phase1,P7-D,".dependency-cruiser.cjs; .github/workflows/ci.yml: build-test ""Module boundaries (dependency-cruiser, blocking)""; apps/api/src/pipeline (single PEP); apps/api/migrations/0002_identity_tenancy.sql; 0009_privilege_separation_and_bound_context.sql; 0011_authority_boundary_closure.sql (RLS + signed context); apps/api/test/int/domain-isolation.test.ts","Component-level telemetry and resource accounting do not exist (single NestJS process, no metrics); policy enforcement and state access are separated by module boundaries and DB ports only.",Modular monolith (ADR-P0-02). Spec verification class: Fault / recovery test.,v04.txt:page 70:L2665,main+test
ES-31-004,V4,31 World Observation Layer,70,"All World Observation Layer interfaces SHALL implement the canonical envelope, error model, compatibility rules, idempotency or ordering profile, audit causation, and consumer conformance fixtures.",V04-F007,observation,partial,passed:harness,merged,phase1,P7-D,"packages/contracts/src/envelope.ts:19-138; apps/api/src/pipeline/http.ts:104-145 (EnvelopeGuard); apps/api/src/pipeline/pipeline.service.ts:329-337; packages/contracts/src/errors.ts:16-45; apps/api/src/pipeline/http.ts:188-205; apps/api/src/pipeline/pipeline.service.ts:387-388,460 (causation); test/acceptance/acceptance.test.ts:482,492,503,577",Consumer conformance fixtures and idempotency/ordering profile declarations per interface are absent; compatibility rules not evaluated (no contract registry).,All controllers pass through the governed pipeline (envelope + PDP + audit). Spec verification class: Automated conformance test.,v04.txt:page 70:L2674,main+test
ES-31-005,V4,31 World Observation Layer,70,"Inputs to World Observation Layer SHALL be authenticated, authorized, schema-valid, temporally explicit, provenance- bearing, quality-marked, and admitted before decision-active use.",V04-F007,observation,partial,passed:harness,merged,phase1,P1,"migrations/0022:452,472 (quarantine); 0022:743,811,883,1003 (registry ports); apps/api/src/observation/sources/source-contract.ts; test/int/phase1-hostile-input.test.ts; apps/api/src/policy/pdp.service.ts (default DENY, indeterminate→deny, obligations executed); apps/api/test/unit/pdp.test.ts",Malware inspection is heuristic only (EXC-P1-001); authenticity checks limited to digest custody.,Spec verification class: Automated conformance test.,v04.txt:page 70:L2684,main+test
ES-31-006,V4,31 World Observation Layer,70,"Outputs from World Observation Layer SHALL be immutable versioned canonical products or explicit proposals and SHALL preserve truth state, uncertainty, lineage, policy, quality, and lifecycle.",V04-F007,observation,implemented,passed:harness,merged,phase1,done,"migrations/0022:360,395,415 (immutable evidence, tombstones); apps/api/src/observation/vault/vault.service.ts:21-22,134-179; test/int/phase1-acceptance.test.ts",,Spec verification class: Security test.,v04.txt:page 70:L2693,main+test
ES-31-007,V4,31 World Observation Layer,70,"World Observation Layer SHALL enforce its declared trust, security, privacy, sovereignty, workflow, audit, evaluation, and human-authority controls at every material boundary.",V04-F007,observation,partial,passed:harness,branch-only,phase1,P1,"apps/api/src/observation/connectors/http-client.ts:8,42-43,188-211 (scheme/host allowlist, private-address refusal); apps/api/src/observation/connectors/redaction.ts; migrations/0028 (source contract v2 rights/purpose); apps/api/src/observation/quarantine/quarantine.service.ts; test/int/phase1-hostile-input.test.ts; phase1-acceptance.test.ts",Purpose/legal authority is declared on the contract but rights lifecycle is not enforced at collection; robots/licence limits are contract fields without runtime evaluation beyond rate.,Trust/audit/human-authority controls via PDP+audit pipeline; evaluation and sovereignty controls absent platform-wide. Spec verification class: Test + accountable review. | release_status merged → branch-only from the evidence at 2e83945,v04.txt:page 70:L2702,branch+main+test
ES-31-008,V4,31 World Observation Layer,71,"World Observation Layer SHALL measure coverage, freshness, latency, completeness, authenticity, collection success, correction propagation time through governed indicators whose failed or indeterminate state constrains downstream use.",V04-F007,observation,partial,unverified,merged,phase1,P1,"apps/api/src/observation/coverage/coverage.service.ts:49 (9 dimensions); migrations/0022:503,550,2073 (observation.replay_health)",Correction-propagation time and authenticity are not measured as governed indicators; failed/indeterminate coverage state does not constrain downstream use automatically.,No governed indicator framework (ch.57) exists. Spec verification class: Automated conformance test.,v04.txt:page 71:L2715,main
ES-31-009,V4,31 World Observation Layer,71,"World Observation Layer SHALL implement and continuously test every declared degraded behavior without fabricating success, freshness, completeness, confidence, authorization, or approval.",V04-F007,observation,partial,passed:harness,branch-only,phase1,P1,apps/api/src/observation/fault-injection.ts (F01–F46); test/int/phase1-fault-injection.test.ts; test/int/phase6-scheduled-corrections.test.ts,Coverage gaps do not enter warning/decision packages; no continuous degraded-behaviour test in CI beyond the fault-injection suite.,Declared degraded behaviours are listed in the chapter table (see V04-T rows). Spec verification class: Fault / recovery test. | release_status merged → branch-only from the evidence at 2e83945,v04.txt:page 71:L2725,branch+main+test
ES-31-010,V4,31 World Observation Layer,71,"World Observation Layer SHALL pass the same object, contract, control, failure, recovery, export, and replay conformance fixtures in SaaS, Private Cloud, and On-Premise deployments.",V04-F007,observation,missing,unverified,none,phase7,P7-D,scripts/gate/target-descriptor.json:17-25 (no Dockerfile/app image; compose provides Postgres+Redis only); EXCEPTIONS.md EXC-P0-004,Deployment-parity fixtures for World Observation Layer across SaaS/Private/On-Prem cannot run: only the local Compose profile exists.,TS-018 absent. Spec verification class: Fault / recovery test.,v04.txt:page 71:L2734,main+test
ES-32-001,V4,32 Intelligence Layer,73,Intelligence Layer SHALL own and version only its declared authoritative state: Transformation definitions and versions; Candidate intelligence objects; Confidence and review state; Method and model lineage; Evaluation and adjudication history.,V04-F008,intelligence,partial,passed:harness,merged,phase2,P2,"migrations/0023_intelligence_extraction_and_claims.sql; apps/api/src/intelligence/gateway/model-gateway.service.ts; apps/api/src/intelligence/review/review.service.ts; test/int/phase2-acceptance.test.ts:363,427,518,647",No contradiction-detection service (contradiction_refs always []); evaluation history limited to review adjudication.,Authoritative state owned by the layer module and its migrations. Spec verification class: Automated conformance test. | UNRESOLVED pointer(s) at 2e83945: apps/api/src/intelligence/extraction.service.ts,v04.txt:page 73:L2888,main+test
ES-32-002,V4,32 Intelligence Layer,73,"Every logical component in Intelligence Layer SHALL publish a service manifest with component ID, owner, contracts, state class, dependencies, controls, SLOs, failure domains, and recovery procedure.",V04-F008,intelligence,missing,unverified,none,omission,P7-D,conformance.manifest.json (Phase 0 units only; maps paths→component_ids→controls),"Publish a service manifest per logical component of Intelligence Layer (component ID, owner, contracts, state class, dependencies, controls, SLOs, failure domains, recovery procedure); none of the layer components (L-C ids) has one.",Component catalogue is Appendix A; no manifest beyond conformance.manifest.json Phase 0 units. Spec verification class: Fault / recovery test.,v04.txt:page 73:L2898,main
ES-32-003,V4,32 Intelligence Layer,73,"Deployable units implementing Intelligence Layer SHALL preserve component-level telemetry, policy enforcement, state access, resource use, and failure isolation even when components share a runtime.",V04-F008,intelligence,partial,unverified,merged,phase2,P7-D,".dependency-cruiser.cjs; .github/workflows/ci.yml: build-test ""Module boundaries (dependency-cruiser, blocking)""; apps/api/src/pipeline (single PEP); apps/api/migrations/0002_identity_tenancy.sql; 0009_privilege_separation_and_bound_context.sql; 0011_authority_boundary_closure.sql (RLS + signed context); apps/api/test/int/domain-isolation.test.ts","Component-level telemetry and resource accounting do not exist (single NestJS process, no metrics); policy enforcement and state access are separated by module boundaries and DB ports only.",Modular monolith (ADR-P0-02). Spec verification class: Fault / recovery test.,v04.txt:page 73:L2907,main+test
ES-32-004,V4,32 Intelligence Layer,73,"All Intelligence Layer interfaces SHALL implement the canonical envelope, error model, compatibility rules, idempotency or ordering profile, audit causation, and consumer conformance fixtures.",V04-F008,intelligence,partial,passed:harness,merged,phase2,P7-D,"packages/contracts/src/envelope.ts:19-138; apps/api/src/pipeline/http.ts:104-145 (EnvelopeGuard); apps/api/src/pipeline/pipeline.service.ts:329-337; packages/contracts/src/errors.ts:16-45; apps/api/src/pipeline/http.ts:188-205; apps/api/src/pipeline/pipeline.service.ts:387-388,460 (causation); test/acceptance/acceptance.test.ts:482,492,503,577",Consumer conformance fixtures and idempotency/ordering profile declarations per interface are absent; compatibility rules not evaluated (no contract registry).,All controllers pass through the governed pipeline (envelope + PDP + audit). Spec verification class: Automated conformance test.,v04.txt:page 73:L2916,main+test
ES-32-005,V4,32 Intelligence Layer,73,"Inputs to Intelligence Layer SHALL be authenticated, authorized, schema-valid, temporally explicit, provenance-bearing, quality- marked, and admitted before decision-active use.",V04-F008,intelligence,implemented,passed:harness,merged,phase2,done,"migrations/0023:611-660 (extraction identity); test/int/phase2-acceptance.test.ts:478; apps/api/src/policy/pdp.service.ts (default DENY, indeterminate→deny, obligations executed); apps/api/test/unit/pdp.test.ts",,Spec verification class: Automated conformance test. | UNRESOLVED pointer(s) at 2e83945: apps/api/src/intelligence/orchestrator.service.ts:156-171 (time budget),v04.txt:page 73:L2926,main+test
ES-32-006,V4,32 Intelligence Layer,74,"Outputs from Intelligence Layer SHALL be immutable versioned canonical products or explicit proposals and SHALL preserve truth state, uncertainty, lineage, policy, quality, and lifecycle.",V04-F008,intelligence,partial,passed:harness,merged,phase2,P2,migrations/0023:286-323 (claim_lineage append-only); test/int/phase2-acceptance.test.ts:339,Outputs carry truth state and lineage but the generic header writer nulls quality/uncertainty fields for most products.,Spec verification class: Security test. | UNRESOLVED pointer(s) at 2e83945: apps/api/src/intelligence/extraction.service.ts:339 (header subset),v04.txt:page 74:L2939,main+test
ES-32-007,V4,32 Intelligence Layer,74,"Intelligence Layer SHALL enforce its declared trust, security, privacy, sovereignty, workflow, audit, evaluation, and human- authority controls at every material boundary.",V04-F008,intelligence,partial,passed:harness,merged,phase2,P2,"apps/api/src/intelligence/review/review.service.ts; migrations/0023:329,347,757,786 (review thresholds); test/int/phase2-acceptance.test.ts:427,518",Prompt-injection quarantine for model inputs is not implemented; review thresholds are static.,"Trust/audit/human-authority controls via PDP+audit pipeline; evaluation and sovereignty controls absent platform-wide. Spec verification class: Test + accountable review. | UNRESOLVED pointer(s) at 2e83945: model-gateway.service.ts:65,117-123 (abstention)",v04.txt:page 74:L2947,main+test
ES-32-008,V4,32 Intelligence Layer,74,"Intelligence Layer SHALL measure precision, recall, entity-link accuracy, contradiction detection, calibration, review yield, latency, cost, abstention quality through governed indicators whose failed or indeterminate state constrains downstream use.",V04-F008,intelligence,partial,unverified,merged,phase2,P2,"migrations/0023:72,404-521 (method registry); apps/api/src/intelligence/methods/methods.service.ts:23-35",Precision/recall/entity-link accuracy/contradiction/calibration/review-yield indicators are not computed; no evaluation harness (L2-C10).,No governed indicator framework (ch.57) exists. Spec verification class: Automated conformance test.,v04.txt:page 74:L2956,main
ES-32-009,V4,32 Intelligence Layer,74,"Intelligence Layer SHALL implement and continuously test every declared degraded behavior without fabricating success, freshness, completeness, confidence, authorization, or approval.",V04-F008,intelligence,partial,passed:harness,merged,phase2,P2,test/int/phase2-acceptance.test.ts:388,Deterministic fallback path and reduced-confidence exposure are not exercised continuously; only abstention is tested.,Declared degraded behaviours are listed in the chapter table (see V04-T rows). Spec verification class: Fault / recovery test. | UNRESOLVED pointer(s) at 2e83945: apps/api/src/intelligence/extraction.service.ts:207-224 (abstain),v04.txt:page 74:L2966,main+test
ES-32-010,V4,32 Intelligence Layer,74,"Intelligence Layer SHALL pass the same object, contract, control, failure, recovery, export, and replay conformance fixtures in SaaS, Private Cloud, and On-Premise deployments.",V04-F008,intelligence,missing,unverified,none,phase7,P7-D,scripts/gate/target-descriptor.json:17-25 (no Dockerfile/app image; compose provides Postgres+Redis only); EXCEPTIONS.md EXC-P0-004,Deployment-parity fixtures for Intelligence Layer across SaaS/Private/On-Prem cannot run: only the local Compose profile exists.,TS-018 absent. Spec verification class: Fault / recovery test.,v04.txt:page 74:L2974,main+test
ES-33-001,V4,33 Enterprise Memory,76,"Enterprise Memory SHALL own and version only its declared authoritative state: Memory objects and versions; Retention and legal-hold state; Retrieval indexes; Correction and tombstone history; Archive, export, and deletion evidence.",V04-F009,memory-graph,partial,passed:harness,merged,phase3,P3,"migrations/0006_objects.sql (objects.* versions); apps/api/src/graph/search/search.service.ts (lexical, permission-aware, metadata-only, MAX 50); test/int/phase3-acceptance.test.ts:762,774,795,804; migrations/0022:375,395 (legal_hold column, tombstones)",Retention/legal-hold state exists only as an unread column; no retrieval indexes beyond lexical SQL; no archive/export/deletion evidence ledger.,Authoritative state owned by the layer module and its migrations. Spec verification class: Automated conformance test.,v04.txt:page 76:L3110,main+test
ES-33-002,V4,33 Enterprise Memory,76,"Every logical component in Enterprise Memory SHALL publish a service manifest with component ID, owner, contracts, state class, dependencies, controls, SLOs, failure domains, and recovery procedure.",V04-F009,memory-graph,missing,unverified,none,omission,P7-D,conformance.manifest.json (Phase 0 units only; maps paths→component_ids→controls),"Publish a service manifest per logical component of Enterprise Memory (component ID, owner, contracts, state class, dependencies, controls, SLOs, failure domains, recovery procedure); none of the layer components (L-C ids) has one.",Component catalogue is Appendix A; no manifest beyond conformance.manifest.json Phase 0 units. Spec verification class: Fault / recovery test.,v04.txt:page 76:L3120,main
ES-33-003,V4,33 Enterprise Memory,76,"Deployable units implementing Enterprise Memory SHALL preserve component-level telemetry, policy enforcement, state access, resource use, and failure isolation even when components share a runtime.",V04-F009,memory-graph,partial,unverified,merged,phase3,P7-D,".dependency-cruiser.cjs; .github/workflows/ci.yml: build-test ""Module boundaries (dependency-cruiser, blocking)""; apps/api/src/pipeline (single PEP); apps/api/migrations/0002_identity_tenancy.sql; 0009_privilege_separation_and_bound_context.sql; 0011_authority_boundary_closure.sql (RLS + signed context); apps/api/test/int/domain-isolation.test.ts","Component-level telemetry and resource accounting do not exist (single NestJS process, no metrics); policy enforcement and state access are separated by module boundaries and DB ports only.",Modular monolith (ADR-P0-02). Spec verification class: Fault / recovery test.,v04.txt:page 76:L3129,main+test
ES-33-004,V4,33 Enterprise Memory,76,"All Enterprise Memory interfaces SHALL implement the canonical envelope, error model, compatibility rules, idempotency or ordering profile, audit causation, and consumer conformance fixtures.",V04-F009,memory-graph,partial,passed:harness,merged,phase3,P7-D,"packages/contracts/src/envelope.ts:19-138; apps/api/src/pipeline/http.ts:104-145 (EnvelopeGuard); apps/api/src/pipeline/pipeline.service.ts:329-337; packages/contracts/src/errors.ts:16-45; apps/api/src/pipeline/http.ts:188-205; apps/api/src/pipeline/pipeline.service.ts:387-388,460 (causation); test/acceptance/acceptance.test.ts:482,492,503,577",Consumer conformance fixtures and idempotency/ordering profile declarations per interface are absent; compatibility rules not evaluated (no contract registry).,All controllers pass through the governed pipeline (envelope + PDP + audit). Spec verification class: Automated conformance test.,v04.txt:page 76:L3138,main+test
ES-33-005,V4,33 Enterprise Memory,76,"Inputs to Enterprise Memory SHALL be authenticated, authorized, schema-valid, temporally explicit, provenance- bearing, quality-marked, and admitted before decision-active use.",V04-F009,memory-graph,implemented,passed:harness,merged,phase3,done,"apps/api/src/objects/objects.service.ts:188-195,260-278; test/acceptance/acceptance.test.ts:747 (provenance required); apps/api/src/policy/pdp.service.ts (default DENY, indeterminate→deny, obligations executed); apps/api/test/unit/pdp.test.ts",,Spec verification class: Automated conformance test.,v04.txt:page 76:L3148,main+test
ES-33-006,V4,33 Enterprise Memory,76,"Outputs from Enterprise Memory SHALL be immutable versioned canonical products or explicit proposals and SHALL preserve truth state, uncertainty, lineage, policy, quality, and lifecycle.",V04-F009,memory-graph,implemented,passed:harness,merged,phase3,done,"migrations/0006 (immutable versions, append-only); test/acceptance/acceptance.test.ts:700,762",,Spec verification class: Security test.,v04.txt:page 76:L3157,main+test
ES-33-007,V4,33 Enterprise Memory,76,"Enterprise Memory SHALL enforce its declared trust, security, privacy, sovereignty, workflow, audit, evaluation, and human- authority controls at every material boundary.",V04-F009,memory-graph,partial,passed:harness,merged,phase3,P3,"apps/api/src/graph/search/search.service.ts (lexical, permission-aware, metadata-only, MAX 50); test/int/phase3-acceptance.test.ts:762,774,795,804; apps/api/src/policy/pdp.service.ts (default DENY, indeterminate→deny, obligations executed); apps/api/test/unit/pdp.test.ts; test/int/phase3-acceptance.test.ts:762,774,795,804",Purpose-aware retrieval and lawful deletion are not enforced (retention_profile never enforced; no purge job).,Trust/audit/human-authority controls via PDP+audit pipeline; evaluation and sovereignty controls absent platform-wide. Spec verification class: Test + accountable review.,v04.txt:page 76:L3165,main+test
ES-33-008,V4,33 Enterprise Memory,77,"Enterprise Memory SHALL measure durability, retrieval relevance, permission correctness, temporal completeness, reconstruction success, retention compliance, deletion verification through governed indicators whose failed or indeterminate state constrains downstream use.",V04-F009,memory-graph,missing,unverified,none,phase3,P3,,No durability/retrieval-relevance/permission-correctness/reconstruction/retention-compliance indicators are computed.,No governed indicator framework (ch.57) exists. Spec verification class: Automated conformance test.,v04.txt:page 77:L3178,
ES-33-009,V4,33 Enterprise Memory,77,"Enterprise Memory SHALL implement and continuously test every declared degraded behavior without fabricating success, freshness, completeness, confidence, authorization, or approval.",V04-F009,memory-graph,missing,unverified,none,phase3,P3,,"No degraded-behaviour tests for metadata-only fallback, stale-index prevention, deletion pause or index rebuild (no separate index tier exists).",Declared degraded behaviours are listed in the chapter table (see V04-T rows). Spec verification class: Fault / recovery test.,v04.txt:page 77:L3189,
ES-33-010,V4,33 Enterprise Memory,77,"Enterprise Memory SHALL pass the same object, contract, control, failure, recovery, export, and replay conformance fixtures in SaaS, Private Cloud, and On-Premise deployments.",V04-F009,memory-graph,missing,unverified,none,phase7,P7-D,scripts/gate/target-descriptor.json:17-25 (no Dockerfile/app image; compose provides Postgres+Redis only); EXCEPTIONS.md EXC-P0-004,Deployment-parity fixtures for Enterprise Memory across SaaS/Private/On-Prem cannot run: only the local Compose profile exists.,TS-018 absent. Spec verification class: Fault / recovery test.,v04.txt:page 77:L3197,main+test
ES-34-001,V4,34 Knowledge Graph,79,Knowledge Graph SHALL own and version only its declared authoritative state: Ontology and semantic versions; Canonical entity identities; Temporal nodes and edges; Provenance links; Graph revision and stewardship history.,V04-F009,memory-graph,partial,passed:harness,merged,phase3,P3,"migrations/0024_graph_entities_edges_and_strategy.sql; 0025:137 (edge admission); 0026 §3 (supersession); apps/api/src/graph/graph.controller.ts:417,500,561; test/int/phase3-acceptance.test.ts:377,460,474,503,657,692",Ontology and semantic versions are absent (ontology_ref null everywhere); stewardship history limited to resolutions table.,Authoritative state owned by the layer module and its migrations. Spec verification class: Automated conformance test.,v04.txt:page 79:L3350,main+test
ES-34-002,V4,34 Knowledge Graph,79,"Every logical component in Knowledge Graph SHALL publish a service manifest with component ID, owner, contracts, state class, dependencies, controls, SLOs, failure domains, and recovery procedure.",V04-F009,memory-graph,missing,unverified,none,omission,P7-D,conformance.manifest.json (Phase 0 units only; maps paths→component_ids→controls),"Publish a service manifest per logical component of Knowledge Graph (component ID, owner, contracts, state class, dependencies, controls, SLOs, failure domains, recovery procedure); none of the layer components (L-C ids) has one.",Component catalogue is Appendix A; no manifest beyond conformance.manifest.json Phase 0 units. Spec verification class: Fault / recovery test.,v04.txt:page 79:L3360,main
ES-34-003,V4,34 Knowledge Graph,79,"Deployable units implementing Knowledge Graph SHALL preserve component-level telemetry, policy enforcement, state access, resource use, and failure isolation even when components share a runtime.",V04-F009,memory-graph,partial,unverified,merged,phase3,P7-D,".dependency-cruiser.cjs; .github/workflows/ci.yml: build-test ""Module boundaries (dependency-cruiser, blocking)""; apps/api/src/pipeline (single PEP); apps/api/migrations/0002_identity_tenancy.sql; 0009_privilege_separation_and_bound_context.sql; 0011_authority_boundary_closure.sql (RLS + signed context); apps/api/test/int/domain-isolation.test.ts","Component-level telemetry and resource accounting do not exist (single NestJS process, no metrics); policy enforcement and state access are separated by module boundaries and DB ports only.",Modular monolith (ADR-P0-02). Spec verification class: Fault / recovery test.,v04.txt:page 79:L3369,main+test
ES-34-004,V4,34 Knowledge Graph,79,"All Knowledge Graph interfaces SHALL implement the canonical envelope, error model, compatibility rules, idempotency or ordering profile, audit causation, and consumer conformance fixtures.",V04-F009,memory-graph,partial,passed:harness,merged,phase3,P7-D,"packages/contracts/src/envelope.ts:19-138; apps/api/src/pipeline/http.ts:104-145 (EnvelopeGuard); apps/api/src/pipeline/pipeline.service.ts:329-337; packages/contracts/src/errors.ts:16-45; apps/api/src/pipeline/http.ts:188-205; apps/api/src/pipeline/pipeline.service.ts:387-388,460 (causation); test/acceptance/acceptance.test.ts:482,492,503,577",Consumer conformance fixtures and idempotency/ordering profile declarations per interface are absent; compatibility rules not evaluated (no contract registry).,All controllers pass through the governed pipeline (envelope + PDP + audit). Spec verification class: Automated conformance test.,v04.txt:page 79:L3378,main+test
ES-34-005,V4,34 Knowledge Graph,79,"Inputs to Knowledge Graph SHALL be authenticated, authorized, schema-valid, temporally explicit, provenance-bearing, quality- marked, and admitted before decision-active use.",V04-F009,memory-graph,implemented,passed:harness,merged,phase3,done,"migrations/0025:137 (edge admission: type/time/provenance/policy required); test/int/phase3-acceptance.test.ts:503,657; apps/api/src/policy/pdp.service.ts (default DENY, indeterminate→deny, obligations executed); apps/api/test/unit/pdp.test.ts",,Spec verification class: Automated conformance test.,v04.txt:page 79:L3388,main+test
ES-34-006,V4,34 Knowledge Graph,79,"Outputs from Knowledge Graph SHALL be immutable versioned canonical products or explicit proposals and SHALL preserve truth state, uncertainty, lineage, policy, quality, and lifecycle.",V04-F009,memory-graph,implemented,passed:harness,merged,phase3,done,"migrations/0026 §3 (supersession); test/int/phase3-acceptance.test.ts:692,730",,Spec verification class: Security test.,v04.txt:page 79:L3397,main+test
ES-34-007,V4,34 Knowledge Graph,80,"Knowledge Graph SHALL enforce its declared trust, security, privacy, sovereignty, workflow, audit, evaluation, and human- authority controls at every material boundary.",V04-F009,memory-graph,partial,passed:harness,merged,phase3,P3,"migrations/0025:137; test/int/phase3-acceptance.test.ts:996,1016,1028; test/int/phase3-acceptance.test.ts:996,1016,1028",Ontology-change compatibility analysis impossible (no ontology); merge/split reversibility only for identifiers.,Trust/audit/human-authority controls via PDP+audit pipeline; evaluation and sovereignty controls absent platform-wide. Spec verification class: Test + accountable review. | UNRESOLVED pointer(s) at 2e83945: apps/api/src/graph/edges.service.ts,v04.txt:page 80:L3409,main+test
ES-34-008,V4,34 Knowledge Graph,80,"Knowledge Graph SHALL measure identity precision, identity recall, edge validity, provenance completeness, temporal completeness, orphan rate, query latency, revision propagation through governed indicators whose failed or indeterminate state constrains downstream use.",V04-F009,memory-graph,missing,unverified,none,phase3,P3,,"Identity precision/recall, edge validity, orphan rate, query latency and revision-propagation lag are not measured (projection lag unmeasured).",No governed indicator framework (ch.57) exists. Spec verification class: Security test.,v04.txt:page 80:L3418,
ES-34-009,V4,34 Knowledge Graph,80,"Knowledge Graph SHALL implement and continuously test every declared degraded behavior without fabricating success, freshness, completeness, confidence, authorization, or approval.",V04-F009,memory-graph,partial,passed:harness,merged,phase3,P3,"apps/api/src/graph/graph.controller.ts:417,500,561 (truncated/unexplored disclosure); migrations/0024:1436 (projection rebuild); test/int/phase3-acceptance.test.ts:1176; test/unit/codex-corrections.test.ts:599,609","Last-known-revision staleness marker, write queueing on validation outage and multi-object revision atomicity are not tested as degraded behaviours.",Declared degraded behaviours are listed in the chapter table (see V04-T rows). Spec verification class: Fault / recovery test.,v04.txt:page 80:L3428,main+test
ES-34-010,V4,34 Knowledge Graph,80,"Knowledge Graph SHALL pass the same object, contract, control, failure, recovery, export, and replay conformance fixtures in SaaS, Private Cloud, and On-Premise deployments.",V04-F009,memory-graph,missing,unverified,none,phase7,P7-D,scripts/gate/target-descriptor.json:17-25 (no Dockerfile/app image; compose provides Postgres+Redis only); EXCEPTIONS.md EXC-P0-004,Deployment-parity fixtures for Knowledge Graph across SaaS/Private/On-Prem cannot run: only the local Compose profile exists.,TS-018 absent. Spec verification class: Fault / recovery test.,v04.txt:page 80:L3436,main+test
ES-35-001,V4,35 Digital Twins,82,"Digital Twins SHALL own and version only its declared authoritative state: Twin definitions and owners; Observed-state snapshots; Synthetic branches; Model and assumption bindings; Validation, confidence, and reconciliation history.",V04-F010,twin-simulation,partial,passed:harness,branch-only,phase5,P5,"migrations/0032_twin_registry.sql:42-61,105,163,221,229,373,458; 0034:23,135-205; 0035:446,555; test/int/phase5-twins.test.ts:109-287; phase5-propagation.test.ts:92,133",One twin kind (supply-chain) and one behaviour model (supply-flow@1); no scenario element kind.,"Authoritative state owned by the layer module and its migrations. Spec verification class: Test + accountable review. | UNRESOLVED pointer(s) at 2e83945: apps/api/src/twin/twin.service.ts:33-56,633-664 | release_status merged → branch-only from the evidence at 2e83945",v04.txt:page 82:L3579,branch+test
ES-35-002,V4,35 Digital Twins,82,"Every logical component in Digital Twins SHALL publish a service manifest with component ID, owner, contracts, state class, dependencies, controls, SLOs, failure domains, and recovery procedure.",V04-F010,twin-simulation,missing,unverified,none,omission,P7-D,conformance.manifest.json (Phase 0 units only; maps paths→component_ids→controls),"Publish a service manifest per logical component of Digital Twins (component ID, owner, contracts, state class, dependencies, controls, SLOs, failure domains, recovery procedure); none of the layer components (L-C ids) has one.",Component catalogue is Appendix A; no manifest beyond conformance.manifest.json Phase 0 units. Spec verification class: Fault / recovery test.,v04.txt:page 82:L3589,main
ES-35-003,V4,35 Digital Twins,82,"Deployable units implementing Digital Twins SHALL preserve component-level telemetry, policy enforcement, state access, resource use, and failure isolation even when components share a runtime.",V04-F010,twin-simulation,partial,unverified,merged,phase5,P7-D,".dependency-cruiser.cjs; .github/workflows/ci.yml: build-test ""Module boundaries (dependency-cruiser, blocking)""; apps/api/src/pipeline (single PEP); apps/api/migrations/0002_identity_tenancy.sql; 0009_privilege_separation_and_bound_context.sql; 0011_authority_boundary_closure.sql (RLS + signed context); apps/api/test/int/domain-isolation.test.ts","Component-level telemetry and resource accounting do not exist (single NestJS process, no metrics); policy enforcement and state access are separated by module boundaries and DB ports only.",Modular monolith (ADR-P0-02). Spec verification class: Fault / recovery test.,v04.txt:page 82:L3598,main+test
ES-35-004,V4,35 Digital Twins,82,"All Digital Twins interfaces SHALL implement the canonical envelope, error model, compatibility rules, idempotency or ordering profile, audit causation, and consumer conformance fixtures.",V04-F010,twin-simulation,partial,passed:harness,merged,phase5,P7-D,"packages/contracts/src/envelope.ts:19-138; apps/api/src/pipeline/http.ts:104-145 (EnvelopeGuard); apps/api/src/pipeline/pipeline.service.ts:329-337; packages/contracts/src/errors.ts:16-45; apps/api/src/pipeline/http.ts:188-205; apps/api/src/pipeline/pipeline.service.ts:387-388,460 (causation); test/acceptance/acceptance.test.ts:482,492,503,577",Consumer conformance fixtures and idempotency/ordering profile declarations per interface are absent; compatibility rules not evaluated (no contract registry).,All controllers pass through the governed pipeline (envelope + PDP + audit). Spec verification class: Automated conformance test.,v04.txt:page 82:L3607,main+test
ES-35-005,V4,35 Digital Twins,82,"Inputs to Digital Twins SHALL be authenticated, authorized, schema-valid, temporally explicit, provenance-bearing, quality- marked, and admitted before decision-active use.",V04-F010,twin-simulation,implemented,passed:harness,branch-only,phase5,done,"migrations/0032:373,458 (materiality registry, digest at admission); apps/api/src/policy/pdp.service.ts (default DENY, indeterminate→deny, obligations executed); apps/api/test/unit/pdp.test.ts",,Spec verification class: Automated conformance test. | UNRESOLVED pointer(s) at 2e83945: apps/api/src/twin/twin.service.ts:33-56 (typed citations) | release_status merged → branch-only from the evidence at 2e83945,v04.txt:page 82:L3617,branch+main+test
ES-35-006,V4,35 Digital Twins,82,"Outputs from Digital Twins SHALL be immutable versioned canonical products or explicit proposals and SHALL preserve truth state, uncertainty, lineage, policy, quality, and lifecycle.",V04-F010,twin-simulation,implemented,passed:harness,branch-only,phase5,done,"migrations/0032:163 (branch immutability), 221 (element kinds observed/estimated/assumed/predicted/simulated); test/int/phase5-twins.test.ts:109-287",,Spec verification class: Security test. | release_status merged → branch-only from the evidence at 2e83945,v04.txt:page 82:L3626,branch+test
ES-35-007,V4,35 Digital Twins,82,"Digital Twins SHALL enforce its declared trust, security, privacy, sovereignty, workflow, audit, evaluation, and human-authority controls at every material boundary.",V04-F010,twin-simulation,partial,passed:harness,branch-only,phase5,P5,"migrations/0032:229 (health), 0034:23,135-205 (propagation/reconciliation); test/int/phase5-twins.test.ts:109-287",Declared operating envelope and behaviour disabling outside calibration are not implemented.,Trust/audit/human-authority controls via PDP+audit pipeline; evaluation and sovereignty controls absent platform-wide. Spec verification class: Test + accountable review. | UNRESOLVED pointer(s) at 2e83945: apps/api/src/twin/twin.service.ts:633-664 (as-of/compare) | release_status merged → branch-only from the evidence at 2e83945,v04.txt:page 82:L3634,branch+test
ES-35-008,V4,35 Digital Twins,82,"Digital Twins SHALL measure state freshness, estimation error, model fitness, coverage, reconciliation success, branch isolation, dependency completeness through governed indicators whose failed or indeterminate state constrains downstream use.",V04-F010,twin-simulation,partial,unverified,branch-only,phase5,P5,migrations/0032:229 (twin health),"Estimation error, model fitness, coverage, branch isolation and dependency completeness indicators are not computed.",No governed indicator framework (ch.57) exists. Spec verification class: Security test. | release_status merged → branch-only from the evidence at 2e83945,v04.txt:page 82:L3643,branch
ES-35-009,V4,35 Digital Twins,83,"Digital Twins SHALL implement and continuously test every declared degraded behavior without fabricating success, freshness, completeness, confidence, authorization, or approval.",V04-F010,twin-simulation,partial,passed:harness,branch-only,phase5,P5,"test/int/phase5-corrections.test.ts:372,388,397; phase5-propagation.test.ts:92,133",Freeze-with-freshness-warning and envelope-disable degraded modes are not implemented or tested.,Declared degraded behaviours are listed in the chapter table (see V04-T rows). Spec verification class: Fault / recovery test. | release_status merged → branch-only from the evidence at 2e83945,v04.txt:page 83:L3656,branch+test
ES-35-010,V4,35 Digital Twins,83,"Digital Twins SHALL pass the same object, contract, control, failure, recovery, export, and replay conformance fixtures in SaaS, Private Cloud, and On-Premise deployments.",V04-F010,twin-simulation,missing,unverified,none,phase7,P7-D,scripts/gate/target-descriptor.json:17-25 (no Dockerfile/app image; compose provides Postgres+Redis only); EXCEPTIONS.md EXC-P0-004,Deployment-parity fixtures for Digital Twins across SaaS/Private/On-Prem cannot run: only the local Compose profile exists.,TS-018 absent. Spec verification class: Fault / recovery test.,v04.txt:page 83:L3664,main+test
ES-36-001,V4,36 Prediction Engine,85,"Prediction Engine SHALL own and version only its declared authoritative state: Forecast definitions; Feature and model bindings; Forecast versions; Calibration and backtest history; Drift, expiry, and withdrawal state.",V04-F010,prediction,partial,passed:harness,branch-only,phase4,P4,"apps/api/src/prediction/models/models.ts:31-33,264-267; migrations/0029:102-149; 0030:25-33; 0031:25-34; test/int/phase4-acceptance.test.ts:487,505,545,557,649,689; test/unit/phase4-models.test.ts",Drift/expiry/withdrawal state partial (publication calendar 0031; no forward refresh scheduler); feature bindings limited to single self-series driver.,"Authoritative state owned by the layer module and its migrations. Spec verification class: Automated conformance test. | UNRESOLVED pointer(s) at 2e83945: apps/api/src/prediction/forecasting.service.ts:27-29,66-99,142-154,180-183,213-228,276,457 | release_status merged → branch-only from the evidence at 2e83945",v04.txt:page 85:L3805,branch+test
ES-36-002,V4,36 Prediction Engine,85,"Every logical component in Prediction Engine SHALL publish a service manifest with component ID, owner, contracts, state class, dependencies, controls, SLOs, failure domains, and recovery procedure.",V04-F010,prediction,missing,unverified,none,omission,P7-D,conformance.manifest.json (Phase 0 units only; maps paths→component_ids→controls),"Publish a service manifest per logical component of Prediction Engine (component ID, owner, contracts, state class, dependencies, controls, SLOs, failure domains, recovery procedure); none of the layer components (L-C ids) has one.",Component catalogue is Appendix A; no manifest beyond conformance.manifest.json Phase 0 units. Spec verification class: Fault / recovery test.,v04.txt:page 85:L3815,main
ES-36-003,V4,36 Prediction Engine,85,"Deployable units implementing Prediction Engine SHALL preserve component-level telemetry, policy enforcement, state access, resource use, and failure isolation even when components share a runtime.",V04-F010,prediction,partial,unverified,merged,phase4,P7-D,".dependency-cruiser.cjs; .github/workflows/ci.yml: build-test ""Module boundaries (dependency-cruiser, blocking)""; apps/api/src/pipeline (single PEP); apps/api/migrations/0002_identity_tenancy.sql; 0009_privilege_separation_and_bound_context.sql; 0011_authority_boundary_closure.sql (RLS + signed context); apps/api/test/int/domain-isolation.test.ts","Component-level telemetry and resource accounting do not exist (single NestJS process, no metrics); policy enforcement and state access are separated by module boundaries and DB ports only.",Modular monolith (ADR-P0-02). Spec verification class: Fault / recovery test.,v04.txt:page 85:L3824,main+test
ES-36-004,V4,36 Prediction Engine,85,"All Prediction Engine interfaces SHALL implement the canonical envelope, error model, compatibility rules, idempotency or ordering profile, audit causation, and consumer conformance fixtures.",V04-F010,prediction,partial,passed:harness,merged,phase4,P7-D,"packages/contracts/src/envelope.ts:19-138; apps/api/src/pipeline/http.ts:104-145 (EnvelopeGuard); apps/api/src/pipeline/pipeline.service.ts:329-337; packages/contracts/src/errors.ts:16-45; apps/api/src/pipeline/http.ts:188-205; apps/api/src/pipeline/pipeline.service.ts:387-388,460 (causation); test/acceptance/acceptance.test.ts:482,492,503,577",Consumer conformance fixtures and idempotency/ordering profile declarations per interface are absent; compatibility rules not evaluated (no contract registry).,All controllers pass through the governed pipeline (envelope + PDP + audit). Spec verification class: Automated conformance test.,v04.txt:page 85:L3833,main+test
ES-36-005,V4,36 Prediction Engine,85,"Inputs to Prediction Engine SHALL be authenticated, authorized, schema-valid, temporally explicit, provenance-bearing, quality- marked, and admitted before decision-active use.",V04-F010,prediction,implemented,passed:harness,branch-only,phase4,done,"apps/api/src/prediction/series/series.service.ts:1-19 (vintages); migrations/0030:50-54; 0031:11-14 (issuance vs response timing); apps/api/src/policy/pdp.service.ts (default DENY, indeterminate→deny, obligations executed); apps/api/test/unit/pdp.test.ts",,Spec verification class: Automated conformance test. | release_status merged → branch-only from the evidence at 2e83945,v04.txt:page 85:L3843,branch+main+test
ES-36-006,V4,36 Prediction Engine,85,"Outputs from Prediction Engine SHALL be immutable versioned canonical products or explicit proposals and SHALL preserve truth state, uncertainty, lineage, policy, quality, and lifecycle.",V04-F010,prediction,partial,passed:harness,branch-only,phase4,P4,"migrations/0029:102-149; test/int/phase4-acceptance.test.ts:487,505",No abstained-forecast state; corrections mark attention_state but never auto-reissue.,Spec verification class: Security test. | UNRESOLVED pointer(s) at 2e83945: apps/api/src/prediction/forecasting.service.ts:213-228 (package with quantiles/drivers/assumptions/evidence/validation/label/controls) | release_status merged → branch-only from the evidence at 2e83945,v04.txt:page 85:L3852,branch+test
ES-36-007,V4,36 Prediction Engine,85,"Prediction Engine SHALL enforce its declared trust, security, privacy, sovereignty, workflow, audit, evaluation, and human- authority controls at every material boundary.",V04-F010,prediction,partial,passed:harness,branch-only,phase4,P4,"test/int/phase4-acceptance.test.ts:487,505; phase4-corrections-calendar.test.ts:72-118","Alternative models/disagreement not inspectable (two model families, no ensemble comparison); model/feature lineage limited.","Trust/audit/human-authority controls via PDP+audit pipeline; evaluation and sovereignty controls absent platform-wide. Spec verification class: Test + accountable review. | UNRESOLVED pointer(s) at 2e83945: apps/api/src/prediction/forecasting.service.ts:79-99,142-154 (leash), 115-125 (refusals), 180-183 (validation_impossible) | release_status merged → branch-only from the evidence at 2e83945",v04.txt:page 85:L3860,branch+test
ES-36-008,V4,36 Prediction Engine,85,"Prediction Engine SHALL measure calibration, proper scoring rules, coverage, bias, sharpness, stability, drift, latency, cost, decision relevance through governed indicators whose failed or indeterminate state constrains downstream use.",V04-F010,prediction,partial,passed:harness,branch-only,phase4,P4,"migrations/0029:203-231 (outcome ledger); test/unit/phase4-models.test.ts; test/int/phase4-acceptance.test.ts:649,689","Proper scoring rules, bias, sharpness, stability, drift, latency, cost, decision-relevance indicators absent; no per-forecast calibration record.","No governed indicator framework (ch.57) exists. Spec verification class: Automated conformance test. | UNRESOLVED pointer(s) at 2e83945: apps/api/src/prediction/forecasting.service.ts:276 (backtest), 457 (calibration); models.ts:264-267 (thresholds) | release_status merged → branch-only from the evidence at 2e83945",v04.txt:page 85:L3869,branch+test
ES-36-009,V4,36 Prediction Engine,86,"Prediction Engine SHALL implement and continuously test every declared degraded behavior without fabricating success, freshness, completeness, confidence, authorization, or approval.",V04-F010,prediction,partial,passed:harness,branch-only,phase4,P4,test/int/phase4-corrections-calendar.test.ts:72-118,Serve-prior-with-expiry and withdrawn-forecast exclusion from warnings are only partially tested; no continuous degraded test.,"Declared degraded behaviours are listed in the chapter table (see V04-T rows). Spec verification class: Fault / recovery test. | UNRESOLVED pointer(s) at 2e83945: apps/api/src/prediction/forecasting.service.ts:115-125,180-183 | release_status merged → branch-only from the evidence at 2e83945",v04.txt:page 86:L3883,branch+test
ES-36-010,V4,36 Prediction Engine,86,"Prediction Engine SHALL pass the same object, contract, control, failure, recovery, export, and replay conformance fixtures in SaaS, Private Cloud, and On-Premise deployments.",V04-F010,prediction,missing,unverified,none,phase7,P7-D,scripts/gate/target-descriptor.json:17-25 (no Dockerfile/app image; compose provides Postgres+Redis only); EXCEPTIONS.md EXC-P0-004,Deployment-parity fixtures for Prediction Engine across SaaS/Private/On-Prem cannot run: only the local Compose profile exists.,TS-018 absent. Spec verification class: Fault / recovery test.,v04.txt:page 86:L3891,main+test
ES-37-001,V4,37 Scenario Intelligence,88,"Scenario Intelligence SHALL own and version only its declared authoritative state: Scenario definitions and branches; Assumptions, actors, drivers, and mechanisms; Indicators and signposts; Coherence and confidence state; Review and retirement history.",V04-F010,prediction,partial,passed:harness,branch-only,phase4,P4,"migrations/0029:275-345; 0036:81-102; 0037:26,48-67; test/int/phase5-corrections.test.ts:256,288,451,526; test/unit/phase5-refusals.test.ts:57",Three branch kinds only (no disruption/user-defined); actors/drivers/mechanisms not modelled; review/retirement history limited.,"Authoritative state owned by the layer module and its migrations. Spec verification class: Automated conformance test. | UNRESOLVED pointer(s) at 2e83945: apps/api/src/prediction/scenarios.service.ts:61-66,181-230,253-326 | release_status merged → branch-only from the evidence at 2e83945",v04.txt:page 88:L4037,branch+test
ES-37-002,V4,37 Scenario Intelligence,88,"Every logical component in Scenario Intelligence SHALL publish a service manifest with component ID, owner, contracts, state class, dependencies, controls, SLOs, failure domains, and recovery procedure.",V04-F010,prediction,missing,unverified,none,omission,P7-D,conformance.manifest.json (Phase 0 units only; maps paths→component_ids→controls),"Publish a service manifest per logical component of Scenario Intelligence (component ID, owner, contracts, state class, dependencies, controls, SLOs, failure domains, recovery procedure); none of the layer components (L-C ids) has one.",Component catalogue is Appendix A; no manifest beyond conformance.manifest.json Phase 0 units. Spec verification class: Fault / recovery test.,v04.txt:page 88:L4048,main
ES-37-003,V4,37 Scenario Intelligence,88,"Deployable units implementing Scenario Intelligence SHALL preserve component-level telemetry, policy enforcement, state access, resource use, and failure isolation even when components share a runtime.",V04-F010,prediction,partial,unverified,merged,phase4,P7-D,".dependency-cruiser.cjs; .github/workflows/ci.yml: build-test ""Module boundaries (dependency-cruiser, blocking)""; apps/api/src/pipeline (single PEP); apps/api/migrations/0002_identity_tenancy.sql; 0009_privilege_separation_and_bound_context.sql; 0011_authority_boundary_closure.sql (RLS + signed context); apps/api/test/int/domain-isolation.test.ts","Component-level telemetry and resource accounting do not exist (single NestJS process, no metrics); policy enforcement and state access are separated by module boundaries and DB ports only.",Modular monolith (ADR-P0-02). Spec verification class: Fault / recovery test.,v04.txt:page 88:L4057,main+test
ES-37-004,V4,37 Scenario Intelligence,88,"All Scenario Intelligence interfaces SHALL implement the canonical envelope, error model, compatibility rules, idempotency or ordering profile, audit causation, and consumer conformance fixtures.",V04-F010,prediction,partial,passed:harness,merged,phase4,P7-D,"packages/contracts/src/envelope.ts:19-138; apps/api/src/pipeline/http.ts:104-145 (EnvelopeGuard); apps/api/src/pipeline/pipeline.service.ts:329-337; packages/contracts/src/errors.ts:16-45; apps/api/src/pipeline/http.ts:188-205; apps/api/src/pipeline/pipeline.service.ts:387-388,460 (causation); test/acceptance/acceptance.test.ts:482,492,503,577",Consumer conformance fixtures and idempotency/ordering profile declarations per interface are absent; compatibility rules not evaluated (no contract registry).,All controllers pass through the governed pipeline (envelope + PDP + audit). Spec verification class: Automated conformance test.,v04.txt:page 88:L4066,main+test
ES-37-005,V4,37 Scenario Intelligence,88,"Inputs to Scenario Intelligence SHALL be authenticated, authorized, schema-valid, temporally explicit, provenance- bearing, quality-marked, and admitted before decision-active use.",V04-F010,prediction,implemented,passed:harness,branch-only,phase4,done,"migrations/0036:81-102 (as-of binding); 0037:26,48-67 (both clocks); apps/api/src/policy/pdp.service.ts (default DENY, indeterminate→deny, obligations executed); apps/api/test/unit/pdp.test.ts",,Spec verification class: Automated conformance test. | release_status merged → branch-only from the evidence at 2e83945,v04.txt:page 88:L4076,branch+main+test
ES-37-006,V4,37 Scenario Intelligence,88,"Outputs from Scenario Intelligence SHALL be immutable versioned canonical products or explicit proposals and SHALL preserve truth state, uncertainty, lineage, policy, quality, and lifecycle.",V04-F010,prediction,implemented,passed:harness,branch-only,phase4,done,"migrations/0029:328-345; test/int/phase5-corrections.test.ts:451,526",,Spec verification class: Security test. | UNRESOLVED pointer(s) at 2e83945: apps/api/src/prediction/scenarios.service.ts:64 | release_status merged → branch-only from the evidence at 2e83945,v04.txt:page 88:L4085,branch+test
ES-37-007,V4,37 Scenario Intelligence,88,"Scenario Intelligence SHALL enforce its declared trust, security, privacy, sovereignty, workflow, audit, evaluation, and human- authority controls at every material boundary.",V04-F010,prediction,partial,passed:harness,branch-only,phase4,P4,"migrations/0029:275-317 (indicators with owners/thresholds); test/int/phase5-corrections.test.ts:256,288",Imported scenario packages do not exist (no marketplace); assumption versioning is structural only.,"Trust/audit/human-authority controls via PDP+audit pipeline; evaluation and sovereignty controls absent platform-wide. Spec verification class: Test + accountable review. | UNRESOLVED pointer(s) at 2e83945: apps/api/src/prediction/scenarios.service.ts:61,66 (structural coherence) | release_status merged → branch-only from the evidence at 2e83945",v04.txt:page 88:L4094,branch+test
ES-37-008,V4,37 Scenario Intelligence,89,"Scenario Intelligence SHALL measure assumption coverage, internal coherence, branch diversity, indicator freshness, signpost discrimination, review timeliness, decision coverage through governed indicators whose failed or indeterminate state constrains downstream use.",V04-F010,prediction,missing,unverified,none,phase4,P4,,"Assumption coverage, coherence, branch diversity, indicator freshness, signpost discrimination, review timeliness indicators absent.",No governed indicator framework (ch.57) exists. Spec verification class: Automated conformance test.,v04.txt:page 89:L4107,
ES-37-009,V4,37 Scenario Intelligence,89,"Scenario Intelligence SHALL implement and continuously test every declared degraded behavior without fabricating success, freshness, completeness, confidence, authorization, or approval.",V04-F010,prediction,partial,passed:harness,branch-only,phase4,P4,"test/int/phase5-corrections.test.ts:256,288; test/unit/phase5-refusals.test.ts:57",Branch suspension on invalid critical assumptions and retired-branch retention for replay are not tested as degraded behaviours.,Declared degraded behaviours are listed in the chapter table (see V04-T rows). Spec verification class: Fault / recovery test. | release_status merged → branch-only from the evidence at 2e83945,v04.txt:page 89:L4118,branch+test
ES-37-010,V4,37 Scenario Intelligence,89,"Scenario Intelligence SHALL pass the same object, contract, control, failure, recovery, export, and replay conformance fixtures in SaaS, Private Cloud, and On-Premise deployments.",V04-F010,prediction,missing,unverified,none,phase7,P7-D,scripts/gate/target-descriptor.json:17-25 (no Dockerfile/app image; compose provides Postgres+Redis only); EXCEPTIONS.md EXC-P0-004,Deployment-parity fixtures for Scenario Intelligence across SaaS/Private/On-Prem cannot run: only the local Compose profile exists.,TS-018 absent. Spec verification class: Fault / recovery test.,v04.txt:page 89:L4126,main+test
ES-38-001,V4,38 Simulation Engine,91,"Simulation Engine SHALL own and version only its declared authoritative state: Experiment definitions; Resolved run manifests; Execution and resource state; Outputs and sensitivity; Validation, challenge, and invalidation history.",V04-F010,twin-simulation,partial,passed:harness,branch-only,phase5,P5,"migrations/0033_simulation_runs.sql:47-107,148; 0035:226-230; 0036:23,57; test/int/phase5-simulations.test.ts:81-225",Execution/resource state is inline (no queued/scalable execution); challenge/invalidation history limited.,"Authoritative state owned by the layer module and its migrations. Spec verification class: Automated conformance test. | UNRESOLVED pointer(s) at 2e83945: apps/api/src/twin/simulation.service.ts:147-188,312-352,440-492,552,571; apps/api/src/twin/reproduce-worker.ts | release_status merged → branch-only from the evidence at 2e83945",v04.txt:page 91:L4272,branch+test
ES-38-002,V4,38 Simulation Engine,91,"Every logical component in Simulation Engine SHALL publish a service manifest with component ID, owner, contracts, state class, dependencies, controls, SLOs, failure domains, and recovery procedure.",V04-F010,twin-simulation,missing,unverified,none,omission,P7-D,conformance.manifest.json (Phase 0 units only; maps paths→component_ids→controls),"Publish a service manifest per logical component of Simulation Engine (component ID, owner, contracts, state class, dependencies, controls, SLOs, failure domains, recovery procedure); none of the layer components (L-C ids) has one.",Component catalogue is Appendix A; no manifest beyond conformance.manifest.json Phase 0 units. Spec verification class: Fault / recovery test.,v04.txt:page 91:L4282,main
ES-38-003,V4,38 Simulation Engine,91,"Deployable units implementing Simulation Engine SHALL preserve component-level telemetry, policy enforcement, state access, resource use, and failure isolation even when components share a runtime.",V04-F010,twin-simulation,partial,unverified,merged,phase5,P7-D,".dependency-cruiser.cjs; .github/workflows/ci.yml: build-test ""Module boundaries (dependency-cruiser, blocking)""; apps/api/src/pipeline (single PEP); apps/api/migrations/0002_identity_tenancy.sql; 0009_privilege_separation_and_bound_context.sql; 0011_authority_boundary_closure.sql (RLS + signed context); apps/api/test/int/domain-isolation.test.ts","Component-level telemetry and resource accounting do not exist (single NestJS process, no metrics); policy enforcement and state access are separated by module boundaries and DB ports only.",Modular monolith (ADR-P0-02). Spec verification class: Fault / recovery test.,v04.txt:page 91:L4291,main+test
ES-38-004,V4,38 Simulation Engine,91,"All Simulation Engine interfaces SHALL implement the canonical envelope, error model, compatibility rules, idempotency or ordering profile, audit causation, and consumer conformance fixtures.",V04-F010,twin-simulation,partial,passed:harness,merged,phase5,P7-D,"packages/contracts/src/envelope.ts:19-138; apps/api/src/pipeline/http.ts:104-145 (EnvelopeGuard); apps/api/src/pipeline/pipeline.service.ts:329-337; packages/contracts/src/errors.ts:16-45; apps/api/src/pipeline/http.ts:188-205; apps/api/src/pipeline/pipeline.service.ts:387-388,460 (causation); test/acceptance/acceptance.test.ts:482,492,503,577",Consumer conformance fixtures and idempotency/ordering profile declarations per interface are absent; compatibility rules not evaluated (no contract registry).,All controllers pass through the governed pipeline (envelope + PDP + audit). Spec verification class: Automated conformance test.,v04.txt:page 91:L4300,main+test
ES-38-005,V4,38 Simulation Engine,91,"Inputs to Simulation Engine SHALL be authenticated, authorized, schema-valid, temporally explicit, provenance-bearing, quality- marked, and admitted before decision-active use.",V04-F010,twin-simulation,implemented,passed:harness,branch-only,phase5,done,"migrations/0036:23,57; apps/api/src/policy/pdp.service.ts (default DENY, indeterminate→deny, obligations executed); apps/api/test/unit/pdp.test.ts",,Spec verification class: Automated conformance test. | UNRESOLVED pointer(s) at 2e83945: apps/api/src/twin/simulation.service.ts:312-352 (input availability) | release_status merged → branch-only from the evidence at 2e83945,v04.txt:page 91:L4310,branch+main+test
ES-38-006,V4,38 Simulation Engine,91,"Outputs from Simulation Engine SHALL be immutable versioned canonical products or explicit proposals and SHALL preserve truth state, uncertainty, lineage, policy, quality, and lifecycle.",V04-F010,twin-simulation,implemented,passed:harness,branch-only,phase5,done,"migrations/0033:148 (exact digest equality); test/unit/phase5-supply-flow.test.ts:99,106,135",,Spec verification class: Security test. | UNRESOLVED pointer(s) at 2e83945: apps/api/src/twin/reproduce-worker.ts | release_status merged → branch-only from the evidence at 2e83945,v04.txt:page 91:L4319,branch+test
ES-38-007,V4,38 Simulation Engine,91,"Simulation Engine SHALL enforce its declared trust, security, privacy, sovereignty, workflow, audit, evaluation, and human- authority controls at every material boundary.",V04-F010,twin-simulation,partial,passed:harness,branch-only,phase5,P5,test/int/phase5-simulations.test.ts:81-225,Resource budgets beyond a fixed timeout and solver-adapter containment are not implemented.,"Trust/audit/human-authority controls via PDP+audit pipeline; evaluation and sovereignty controls absent platform-wide. Spec verification class: Test + accountable review. | UNRESOLVED pointer(s) at 2e83945: apps/api/src/twin/simulation.service.ts:440-492,552 (separate-process reproduce), 571 (60 s worker timeout) | release_status merged → branch-only from the evidence at 2e83945",v04.txt:page 91:L4327,branch+test
ES-38-008,V4,38 Simulation Engine,92,"Simulation Engine SHALL measure reproducibility, numerical stability, constraint satisfaction, sensitivity coverage, validation status, run latency, cost, failure containment through governed indicators whose failed or indeterminate state constrains downstream use.",V04-F010,twin-simulation,partial,unverified,branch-only,phase5,P5,migrations/0033:148 (reproducibility),"Numerical stability, constraint satisfaction, latency, cost and failure-containment indicators absent.",No governed indicator framework (ch.57) exists. Spec verification class: Fault / recovery test. | UNRESOLVED pointer(s) at 2e83945: simulation.service.ts:147-188 (sensitivity) | release_status merged → branch-only from the evidence at 2e83945,v04.txt:page 92:L4340,branch
ES-38-009,V4,38 Simulation Engine,92,"Simulation Engine SHALL implement and continuously test every declared degraded behavior without fabricating success, freshness, completeness, confidence, authorization, or approval.",V04-F010,twin-simulation,partial,passed:harness,branch-only,phase5,P5,test/int/phase5-simulations.test.ts:81-225,"Partial-run declaration and checkpoint preservation are not implemented (runs are inline, all-or-nothing).",Declared degraded behaviours are listed in the chapter table (see V04-T rows). Spec verification class: Fault / recovery test. | release_status merged → branch-only from the evidence at 2e83945,v04.txt:page 92:L4350,branch+test
ES-38-010,V4,38 Simulation Engine,92,"Simulation Engine SHALL pass the same object, contract, control, failure, recovery, export, and replay conformance fixtures in SaaS, Private Cloud, and On-Premise deployments.",V04-F010,twin-simulation,missing,unverified,none,phase7,P7-D,scripts/gate/target-descriptor.json:17-25 (no Dockerfile/app image; compose provides Postgres+Redis only); EXCEPTIONS.md EXC-P0-004,Deployment-parity fixtures for Simulation Engine across SaaS/Private/On-Prem cannot run: only the local Compose profile exists.,TS-018 absent. Spec verification class: Fault / recovery test.,v04.txt:page 92:L4358,main+test
ES-39-001,V4,39 Decision Intelligence,94,"Decision Intelligence SHALL own and version only its declared authoritative state: Decision definitions and owners; Option and criteria versions; Decision package revisions; Approval, dissent, and override state; Final decisions, commitments, and monitoring contracts.",V04-F011,decision,partial,passed:harness,branch-only,phase6,P6,"migrations/0041_decision_packages.sql:65,92,137,195,222,242; 0049:18,273,555; apps/api/src/decision/*; test/int/phase6-decisions.test.ts:111,164,179,225,268; migrations/0042_decision_approvals_and_commitment.sql:24,51,100,118,164,186,190,225; 0043:33,103,129; 0049:239,257; apps/api/src/decision/clearance.ts:33-56; test/int/phase6-approvals.test.ts:45,59,91,105,141,154,208; test/unit/pdp-phase6-authority.test.ts; migrations/0045_decision_monitoring_and_outcomes.sql:21,42,74,221; 0050 §1; test/int/phase6-monitoring.test.ts:53-190",Override state and value-of-information are free text; second-order arrays unvalidated.,Authoritative state owned by the layer module and its migrations. Spec verification class: Test + accountable review.,v04.txt:page 94:L4507,branch+test
ES-39-002,V4,39 Decision Intelligence,94,"Every logical component in Decision Intelligence SHALL publish a service manifest with component ID, owner, contracts, state class, dependencies, controls, SLOs, failure domains, and recovery procedure.",V04-F011,decision,missing,unverified,none,omission,P7-D,conformance.manifest.json (Phase 0 units only; maps paths→component_ids→controls),"Publish a service manifest per logical component of Decision Intelligence (component ID, owner, contracts, state class, dependencies, controls, SLOs, failure domains, recovery procedure); none of the layer components (L-C ids) has one.",Component catalogue is Appendix A; no manifest beyond conformance.manifest.json Phase 0 units. Spec verification class: Fault / recovery test.,v04.txt:page 94:L4518,main
ES-39-003,V4,39 Decision Intelligence,94,"Deployable units implementing Decision Intelligence SHALL preserve component-level telemetry, policy enforcement, state access, resource use, and failure isolation even when components share a runtime.",V04-F011,decision,partial,unverified,merged,phase6,P7-D,".dependency-cruiser.cjs; .github/workflows/ci.yml: build-test ""Module boundaries (dependency-cruiser, blocking)""; apps/api/src/pipeline (single PEP); apps/api/migrations/0002_identity_tenancy.sql; 0009_privilege_separation_and_bound_context.sql; 0011_authority_boundary_closure.sql (RLS + signed context); apps/api/test/int/domain-isolation.test.ts","Component-level telemetry and resource accounting do not exist (single NestJS process, no metrics); policy enforcement and state access are separated by module boundaries and DB ports only.",Modular monolith (ADR-P0-02). Spec verification class: Fault / recovery test. | release_status branch-only → merged from the evidence at 2e83945,v04.txt:page 94:L4527,main+test
ES-39-004,V4,39 Decision Intelligence,94,"All Decision Intelligence interfaces SHALL implement the canonical envelope, error model, compatibility rules, idempotency or ordering profile, audit causation, and consumer conformance fixtures.",V04-F011,decision,partial,passed:harness,merged,phase6,P7-D,"packages/contracts/src/envelope.ts:19-138; apps/api/src/pipeline/http.ts:104-145 (EnvelopeGuard); apps/api/src/pipeline/pipeline.service.ts:329-337; packages/contracts/src/errors.ts:16-45; apps/api/src/pipeline/http.ts:188-205; apps/api/src/pipeline/pipeline.service.ts:387-388,460 (causation); test/acceptance/acceptance.test.ts:482,492,503,577",Consumer conformance fixtures and idempotency/ordering profile declarations per interface are absent; compatibility rules not evaluated (no contract registry).,All controllers pass through the governed pipeline (envelope + PDP + audit). Spec verification class: Automated conformance test. | release_status branch-only → merged from the evidence at 2e83945,v04.txt:page 94:L4536,main+test
ES-39-005,V4,39 Decision Intelligence,94,"Inputs to Decision Intelligence SHALL be authenticated, authorized, schema-valid, temporally explicit, provenance- bearing, quality-marked, and admitted before decision-active use.",V04-F011,decision,implemented,passed:harness,branch-only,phase6,done,"migrations/0049:555 (completeness gate propose_version); 0041:222 (dop_simulated_cites_run); apps/api/src/policy/pdp.service.ts (default DENY, indeterminate→deny, obligations executed); apps/api/test/unit/pdp.test.ts",,Spec verification class: Automated conformance test.,v04.txt:page 94:L4546,branch+main+test
ES-39-006,V4,39 Decision Intelligence,94,"Outputs from Decision Intelligence SHALL be immutable versioned canonical products or explicit proposals and SHALL preserve truth state, uncertainty, lineage, policy, quality, and lifecycle.",V04-F011,decision,implemented,passed:harness,branch-only,phase6,done,"migrations/0041:92,137 (package_versions immutability trigger); test/int/phase6-decisions.test.ts:164,179",,Spec verification class: Security test.,v04.txt:page 94:L4555,branch+test
ES-39-007,V4,39 Decision Intelligence,95,"Decision Intelligence SHALL enforce its declared trust, security, privacy, sovereignty, workflow, audit, evaluation, and human- authority controls at every material boundary.",V04-F011,decision,partial,passed:harness,branch-only,phase6,P6,"migrations/0042_decision_approvals_and_commitment.sql:24,51,100,118,164,186,190,225; 0043:33,103,129; 0049:239,257; apps/api/src/decision/clearance.ts:33-56; test/int/phase6-approvals.test.ts:45,59,91,105,141,154,208; test/unit/pdp-phase6-authority.test.ts; test/int/phase6-approvals.test.ts:45-208",Conditional approvals stored but never evaluated; committer≠approver and SoD enforced.,Trust/audit/human-authority controls via PDP+audit pipeline; evaluation and sovereignty controls absent platform-wide. Spec verification class: Test + accountable review.,v04.txt:page 95:L4568,branch+test
ES-39-008,V4,39 Decision Intelligence,95,"Decision Intelligence SHALL measure decision completeness, evidence coverage, alternative coverage, time-to-decision, reversibility, approval integrity, monitoring completeness, outcome linkage through governed indicators whose failed or indeterminate state constrains downstream use.",V04-F011,decision,missing,unverified,none,phase6,P6,,Decision completeness/evidence coverage/time-to-decision/reversibility/monitoring completeness/outcome linkage indicators absent.,No governed indicator framework (ch.57) exists. Spec verification class: Test + accountable review.,v04.txt:page 95:L4577,
ES-39-009,V4,39 Decision Intelligence,95,"Decision Intelligence SHALL implement and continuously test every declared degraded behavior without fabricating success, freshness, completeness, confidence, authorization, or approval.",V04-F011,decision,partial,passed:harness,branch-only,phase6,P6,"test/int/phase6-approvals.test.ts:141,154 (stale context blocks); phase6-review-corrections.test.ts:110,133",Human deferral/request-for-information paths and agent self-approval prevention are not covered by dedicated degraded tests.,Declared degraded behaviours are listed in the chapter table (see V04-T rows). Spec verification class: Fault / recovery test.,v04.txt:page 95:L4588,branch+test
ES-39-010,V4,39 Decision Intelligence,95,"Decision Intelligence SHALL pass the same object, contract, control, failure, recovery, export, and replay conformance fixtures in SaaS, Private Cloud, and On-Premise deployments.",V04-F011,decision,missing,unverified,none,phase7,P7-D,scripts/gate/target-descriptor.json:17-25 (no Dockerfile/app image; compose provides Postgres+Redis only); EXCEPTIONS.md EXC-P0-004,Deployment-parity fixtures for Decision Intelligence across SaaS/Private/On-Prem cannot run: only the local Compose profile exists.,TS-018 absent. Spec verification class: Fault / recovery test.,v04.txt:page 95:L4596,main+test
ES-40-001,V4,40 Executive Operating System,97,"Executive Operating System SHALL own and version only its declared authoritative state: Attention and materiality policy; Briefing definitions and versions; Workspace and responsibility configuration; Review cadence and agenda state; Notification, suppression, delegation, and acknowledgement history.",V04-F011,executive-os,partial,passed:harness,branch-only,phase6,P6,migrations/0044_executive_rooms_and_briefings.sql; test/int/phase6-briefings.test.ts:38-168,"Attention/materiality policy, notification/suppression/delegation history and priorities are absent; Strategic Health Score absent.",Authoritative state owned by the layer module and its migrations. Spec verification class: Security test. | UNRESOLVED pointer(s) at 2e83945: apps/api/src/executive/briefing.service.ts,v04.txt:page 97:L4750,branch+test
ES-40-002,V4,40 Executive Operating System,97,"Every logical component in Executive Operating System SHALL publish a service manifest with component ID, owner, contracts, state class, dependencies, controls, SLOs, failure domains, and recovery procedure.",V04-F011,executive-os,missing,unverified,none,omission,P7-D,conformance.manifest.json (Phase 0 units only; maps paths→component_ids→controls),"Publish a service manifest per logical component of Executive Operating System (component ID, owner, contracts, state class, dependencies, controls, SLOs, failure domains, recovery procedure); none of the layer components (L-C ids) has one.",Component catalogue is Appendix A; no manifest beyond conformance.manifest.json Phase 0 units. Spec verification class: Fault / recovery test.,v04.txt:page 97:L4760,main
ES-40-003,V4,40 Executive Operating System,97,"Deployable units implementing Executive Operating System SHALL preserve component-level telemetry, policy enforcement, state access, resource use, and failure isolation even when components share a runtime.",V04-F011,executive-os,partial,unverified,merged,phase6,P7-D,".dependency-cruiser.cjs; .github/workflows/ci.yml: build-test ""Module boundaries (dependency-cruiser, blocking)""; apps/api/src/pipeline (single PEP); apps/api/migrations/0002_identity_tenancy.sql; 0009_privilege_separation_and_bound_context.sql; 0011_authority_boundary_closure.sql (RLS + signed context); apps/api/test/int/domain-isolation.test.ts","Component-level telemetry and resource accounting do not exist (single NestJS process, no metrics); policy enforcement and state access are separated by module boundaries and DB ports only.",Modular monolith (ADR-P0-02). Spec verification class: Fault / recovery test. | release_status branch-only → merged from the evidence at 2e83945,v04.txt:page 97:L4769,main+test
ES-40-004,V4,40 Executive Operating System,97,"All Executive Operating System interfaces SHALL implement the canonical envelope, error model, compatibility rules, idempotency or ordering profile, audit causation, and consumer conformance fixtures.",V04-F011,executive-os,partial,passed:harness,merged,phase6,P7-D,"packages/contracts/src/envelope.ts:19-138; apps/api/src/pipeline/http.ts:104-145 (EnvelopeGuard); apps/api/src/pipeline/pipeline.service.ts:329-337; packages/contracts/src/errors.ts:16-45; apps/api/src/pipeline/http.ts:188-205; apps/api/src/pipeline/pipeline.service.ts:387-388,460 (causation); test/acceptance/acceptance.test.ts:482,492,503,577",Consumer conformance fixtures and idempotency/ordering profile declarations per interface are absent; compatibility rules not evaluated (no contract registry).,All controllers pass through the governed pipeline (envelope + PDP + audit). Spec verification class: Automated conformance test. | release_status branch-only → merged from the evidence at 2e83945,v04.txt:page 97:L4778,main+test
ES-40-005,V4,40 Executive Operating System,97,"Inputs to Executive Operating System SHALL be authenticated, authorized, schema-valid, temporally explicit, provenance- bearing, quality-marked, and admitted before decision-active use.",V04-F011,executive-os,implemented,passed:harness,branch-only,phase6,done,"migrations/0044 (rooms/members/events); 0050 (source states as-of with rights reconstruction); apps/api/src/policy/pdp.service.ts (default DENY, indeterminate→deny, obligations executed); apps/api/test/unit/pdp.test.ts",,Spec verification class: Automated conformance test.,v04.txt:page 97:L4788,branch+main+test
ES-40-006,V4,40 Executive Operating System,97,"Outputs from Executive Operating System SHALL be immutable versioned canonical products or explicit proposals and SHALL preserve truth state, uncertainty, lineage, policy, quality, and lifecycle.",V04-F011,executive-os,implemented,passed:harness,branch-only,phase6,done,labelled narrative outside digest); test/int/phase6-briefings.test.ts:38-168,,Spec verification class: Security test. | UNRESOLVED pointer(s) at 2e83945: apps/api/src/executive/briefing.service.ts (deterministic digest,v04.txt:page 97:L4797,branch+test
ES-40-007,V4,40 Executive Operating System,97,"Executive Operating System SHALL enforce its declared trust, security, privacy, sovereignty, workflow, audit, evaluation, and human-authority controls at every material boundary.",V04-F011,executive-os,partial,passed:harness,branch-only,phase6,P6,migrations/0044 (room membership); test/int/phase6-briefings.test.ts:38-168,Materiality/notification policy and suppression/delegation visibility not implemented; notification transport absent.,Trust/audit/human-authority controls via PDP+audit pipeline; evaluation and sovereignty controls absent platform-wide. Spec verification class: Test + accountable review. | UNRESOLVED pointer(s) at 2e83945: apps/api/src/executive/briefing.service.ts (evidence links per conclusion),v04.txt:page 97:L4806,branch+test
ES-40-008,V4,40 Executive Operating System,98,"Executive Operating System SHALL measure time-to- understanding, decision latency, attention precision, warning acknowledgement, review completion, commitment visibility, accessibility, explanation use through governed indicators whose failed or indeterminate state constrains downstream use.",V04-F011,executive-os,missing,unverified,none,phase6,P6,,"Time-to-understanding, decision latency, attention precision, acknowledgement, review completion, accessibility indicators absent.",No governed indicator framework (ch.57) exists. Spec verification class: Automated conformance test.,v04.txt:page 98:L4819,
ES-40-009,V4,40 Executive Operating System,98,"Executive Operating System SHALL implement and continuously test every declared degraded behavior without fabricating success, freshness, completeness, confidence, authorization, or approval.",V04-F011,executive-os,missing,unverified,none,phase6,P6,,"Incomplete-briefing exposure, urgent-state retention during outage, acknowledgement/escalation audit and offline packages are not implemented/tested.",Declared degraded behaviours are listed in the chapter table (see V04-T rows). Spec verification class: Fault / recovery test.,v04.txt:page 98:L4830,
ES-40-010,V4,40 Executive Operating System,98,"Executive Operating System SHALL pass the same object, contract, control, failure, recovery, export, and replay conformance fixtures in SaaS, Private Cloud, and On-Premise deployments.",V04-F011,executive-os,missing,unverified,none,phase7,P7-D,scripts/gate/target-descriptor.json:17-25 (no Dockerfile/app image; compose provides Postgres+Redis only); EXCEPTIONS.md EXC-P0-004,Deployment-parity fixtures for Executive Operating System across SaaS/Private/On-Prem cannot run: only the local Compose profile exists.,TS-018 absent. Spec verification class: Fault / recovery test.,v04.txt:page 98:L4839,main+test
ES-41-001,V4,41 Durable Workflow Runtime,100,Every consequential multi-step operation SHALL execute through a versioned durable workflow and persist each committed transition before acknowledging it.,V04-F011,agents,partial,passed:harness,branch-only,phase7,P7-A,0046:178 executive.workflow_of read-only projection); test/int/gate22-outbox-hardening.test.ts:49-114; phase6-scheduled-collection.test.ts,"No durable workflow runtime: no workflow instances, timers, compensation, definition migration, crash-resume guarantees or human-gate binding beyond the decision state machine.",Workflow runtime is P7-A scope (planner/supervisor/workflow runtime). Spec verification class: Automated conformance test. | UNRESOLVED pointer(s) at 2e83945: BullMQ 6.0.6 queues (apps/api/src/executive/agent-worker.service.ts; observation/collection-worker.service.ts) + DB state machines (migrations/0041:65 packages_current; startup reconciliation (health/degraded-reconciliation.service.ts) | release_status none → branch-only from the evidence at 2e83945,v04.txt:page 100:L4902,branch+main+test
ES-41-002,V4,41 Durable Workflow Runtime,100,"Workflow definitions SHALL identify owners, authorized transitions, timers, retry limits, compensation, human gates, cancellation semantics, and evidence required for closure.",V04-F011,agents,partial,passed:harness,merged,phase7,P7-A,"migrations/0015_outbox_hardening.sql:35,52-56; apps/api/src/objects/outbox.publisher.ts:74-96; test/int/gate22-outbox-hardening.test.ts:49,63,88,114; apps/api/src/health/degraded-reconciliation.service.ts; test/int/gate22-degraded-recovery.test.ts:93,123","Timers, compensation, and definition versioning are absent.",Workflow runtime is P7-A scope (planner/supervisor/workflow runtime). Spec verification class: Fault / recovery test. | release_status none → merged from the evidence at 2e83945,v04.txt:page 100:L4911,main+test
ES-41-003,V4,41 Durable Workflow Runtime,100,Task handlers SHALL be idempotent or expose an idempotency record and compensating action sufficient to prevent duplicate institutional effects.,V04-F011,agents,partial,passed:harness,branch-only,phase7,P7-A,0046:178 executive.workflow_of read-only projection); test/int/gate22-outbox-hardening.test.ts:49-114; phase6-scheduled-collection.test.ts,"No durable workflow runtime: no workflow instances, timers, compensation, definition migration, crash-resume guarantees or human-gate binding beyond the decision state machine.",Workflow runtime is P7-A scope (planner/supervisor/workflow runtime). Spec verification class: Fault / recovery test. | UNRESOLVED pointer(s) at 2e83945: BullMQ 6.0.6 queues (apps/api/src/executive/agent-worker.service.ts; observation/collection-worker.service.ts) + DB state machines (migrations/0041:65 packages_current; startup reconciliation (health/degraded-reconciliation.service.ts) | release_status none → branch-only from the evidence at 2e83945,v04.txt:page 100:L4919,branch+main+test
ES-41-004,V4,41 Durable Workflow Runtime,100,A running instance SHALL remain bound to its admitted definition version unless an explicit migration workflow validates and records the state transformation.,V04-F011,agents,missing,unverified,none,phase7,P7-A,,No workflow definitions or definition versions exist; instance-to-definition binding and migration workflow absent.,Workflow runtime is P7-A scope (planner/supervisor/workflow runtime). Spec verification class: Automated conformance test.,v04.txt:page 100:L4927,
ES-41-005,V4,41 Durable Workflow Runtime,100,Operational intervention SHALL use authenticated workflow commands and SHALL NOT mutate runtime persistence directly.,V04-F011,agents,implemented,passed:harness,merged,phase7,done,"migrations/0009,0011,0019 (application role has no direct DML; capability-bound SECURITY DEFINER ports); test/int/gate22-authority-matrix.test.ts:213; gate22-degraded-recovery.test.ts:48-123 (reconciliation only through bound capability)",,Direct persistence mutation is impossible for the application role; there are no workflow commands as such. Spec verification class: Operational exercise. | release_status none → merged from the evidence at 2e83945,v04.txt:page 100:L4935,main+test
ES-42-001,V4,42 Human Gates and Approvals,102,A consequential decision or irreversible institutional action SHALL require an explicit human gate owned by an authorized named role.,V04-F011,decision,implemented,passed:harness,branch-only,phase6,done,"migrations/0043:33 (commit_package: C3 op class, bound action, authority role holds_role:129); apps/api/src/policy/pdp.service.ts (human_gate obligation admits only a named human principal); test/int/phase6-approvals.test.ts:45,59; test/unit/pdp-phase6-authority.test.ts",,Conditional approvals stored but never evaluated (FULL_PRODUCT_DELIVERY_REGISTER.md §6). Spec verification class: Test + accountable review.,v04.txt:page 102:L4985,branch+main+test
ES-42-002,V4,42 Human Gates and Approvals,102,"The gate SHALL present evidence, uncertainty, alternatives, dissent, policy obligations, expected effects, reversibility, and missing information appropriate to the decision.",V04-F011,decision,partial,passed:harness,branch-only,phase6,P6,"migrations/0041:195 (options), :242 (dissent), 0049:555 (completeness gate propose_version); apps/web/app/decisions; test/int/phase6-decisions.test.ts:111,164","Reversibility, expected effects and missing-information are not first-class fields; value-of-information is free text; second-order arrays unvalidated.",Conditional approvals stored but never evaluated (FULL_PRODUCT_DELIVERY_REGISTER.md §6). Spec verification class: Security test.,v04.txt:page 102:L4994,branch+test
ES-42-003,V4,42 Human Gates and Approvals,102,"Approval authority SHALL be evaluated at action time and SHALL NOT be inferred from task visibility, prior role, agent delegation, or administrative privilege.",V04-F011,decision,implemented,passed:harness,branch-only,phase6,done,"migrations/0049:239,257 (as-of eligibility at action time); 0042:100 (eligibility), :186 (stale context); 0043:129 (holds_role); test/int/phase6-approvals.test.ts:91,105,141",,Conditional approvals stored but never evaluated (FULL_PRODUCT_DELIVERY_REGISTER.md §6). Spec verification class: Test + accountable review.,v04.txt:page 102:L5002,branch+test
ES-42-004,V4,42 Human Gates and Approvals,102,The approving principal SHALL be distinct from the proposing principal where separation-of-duties policy requires it.,V04-F011,decision,implemented,passed:harness,branch-only,phase6,done,migrations/0042:190 (separation of duties); 0043:33 (committer ≠ approver); test/int/phase6-approvals.test.ts:154,,Conditional approvals stored but never evaluated (FULL_PRODUCT_DELIVERY_REGISTER.md §6). Spec verification class: Security test.,v04.txt:page 102:L5010,branch+test
ES-42-005,V4,42 Human Gates and Approvals,102,"Expiry, delegation, reassignment, challenge, withdrawal, and emergency override SHALL be explicit transitions with independent audit evidence.",V04-F011,decision,partial,passed:harness,branch-only,phase6,P6,migrations/0042:225 (revoke_approval); 0043:103 (post-commit revocation history); 0042:24 (approvals.conditions stored); test/int/phase6-approvals.test.ts:208,"Expiry, delegation, reassignment, challenge and emergency override transitions do not exist; stored approval conditions are never evaluated (register §6).",Conditional approvals stored but never evaluated (FULL_PRODUCT_DELIVERY_REGISTER.md §6). Spec verification class: Automated conformance test.,v04.txt:page 102:L5016,branch+test
ES-43-001,V4,43 Multi-Agent Execution Runtime,104,"Each execution SHALL declare purpose, initiating actor, data scope, agent versions, model policy, tools, budgets, deadlines, side-effect class, human gates, and stop conditions before work begins.",V04-F012,agents,partial,passed:harness,branch-only,phase6,P7-A,"migrations/0046_executive_agents_and_runs.sql:16,47,178; 0049:487; test/int/phase6-agents.test.ts:52-224","Generic planner/specialist/supervisor runtime, task graphs, checkpoints, inter-agent contracts, escalation and budget stop semantics beyond the three hard-coded agents and the Meter.","Phase 7 scope (master build prompt). Spec verification class: Security test. | UNRESOLVED pointer(s) at 2e83945: apps/api/src/executive/agents.service.ts:14,76,250,253; apps/api/src/executive/agent-worker.service.ts",v04.txt:page 104:L5067,branch+test
ES-43-002,V4,43 Multi-Agent Execution Runtime,104,Planner and supervisor responsibilities SHALL remain distinguishable; no agent may expand its own capability grant or approve its own consequential side effect.,V04-F012,agents,partial,passed:harness,branch-only,phase6,P7-A,apps/api/src/policy/pdp.service.ts (human_gate obligation: agents cannot commit); test/int/phase6-review-corrections.test.ts:620-698; migrations/0049:487 (register_agent),No planner/supervisor roles exist; the no-self-approval property holds because agents have no commit capability at all.,Phase 7 scope (master build prompt). Spec verification class: Automated conformance test.,v04.txt:page 104:L5076,branch+main+test
ES-43-003,V4,43 Multi-Agent Execution Runtime,104,"Inter-agent communication SHALL use versioned task and result contracts carrying causation, evidence references, confidence, policy context, and limits.",V04-F012,agents,missing,unverified,none,phase6,P7-A,,No inter-agent task/result contracts (agents are three hard-coded routines with no messaging).,Phase 7 scope (master build prompt). Spec verification class: Security test.,v04.txt:page 104:L5085,
ES-43-004,V4,43 Multi-Agent Execution Runtime,104,"The runtime SHALL checkpoint plans, tool invocations, intermediate products, challenges, and terminal reasons sufficient for audit and replay.",V04-F012,agents,partial,passed:harness,branch-only,phase6,P7-A,"migrations/0046:16 (agent_runs), :47 (close_once); test/int/phase6-agents.test.ts:52-224",No plan/tool-invocation/intermediate-product checkpoints (no plans or tools exist).,"Phase 7 scope (master build prompt). Spec verification class: Automated conformance test. | UNRESOLVED pointer(s) at 2e83945: apps/api/src/executive/agents.service.ts (provenance on outputs, redactRun, terminal reasons)",v04.txt:page 104:L5093,branch+test
ES-43-005,V4,43 Multi-Agent Execution Runtime,104,"Only validated canonical products SHALL enter shared memory, graph, twin, forecast, scenario, simulation, decision, or executive state.",V04-F012,agents,implemented,passed:harness,branch-only,phase6,done,migrations/0049:18 (decision.derive_option — agent outputs enter packages only through the governed derivation port); test/int/phase6-agents.test.ts:52-224,,Phase 7 scope (master build prompt). Spec verification class: Automated conformance test.,v04.txt:page 104:L5102,branch+test
ES-44-001,V4,44 Agent Tool and Capability Control,106,An agent SHALL invoke external or privileged capability only through a registered tool contract and a valid task-specific capability grant.,V04-F012,agents,missing,unverified,none,phase7,P7-A,migrations/0049:487 (register_agent),"Capability-grant catalogue, tool sandbox, network/data/effect grants, grant revocation and EYE-AGT-001 enforcement do not exist; agents never call tools or the LLM gateway.",Spec verification class: Automated conformance test. | UNRESOLVED pointer(s) at 2e83945: apps/api/src/executive/agents.service.ts:76 (Meter),v04.txt:page 106:L5152,branch
ES-44-002,V4,44 Agent Tool and Capability Control,106,"Tool inputs SHALL be schema validated, policy filtered, size bounded, classified, and protected against instruction or data boundary confusion.",V04-F012,agents,missing,unverified,none,phase7,P7-A,migrations/0049:487 (register_agent),"Capability-grant catalogue, tool sandbox, network/data/effect grants, grant revocation and EYE-AGT-001 enforcement do not exist; agents never call tools or the LLM gateway.",Spec verification class: Security test. | UNRESOLVED pointer(s) at 2e83945: apps/api/src/executive/agents.service.ts:76 (Meter),v04.txt:page 106:L5161,branch
ES-44-003,V4,44 Agent Tool and Capability Control,106,"Tool outputs SHALL be treated as untrusted observations until integrity, schema, provenance, classification, and admissibility checks complete.",V04-F012,agents,missing,unverified,none,phase7,P7-A,migrations/0049:487 (register_agent),"Capability-grant catalogue, tool sandbox, network/data/effect grants, grant revocation and EYE-AGT-001 enforcement do not exist; agents never call tools or the LLM gateway.",Spec verification class: Automated conformance test. | UNRESOLVED pointer(s) at 2e83945: apps/api/src/executive/agents.service.ts:76 (Meter),v04.txt:page 106:L5169,branch
ES-44-004,V4,44 Agent Tool and Capability Control,106,Approval-required and irreversible effects SHALL require a human gate after the exact proposed effect is known and before dispatch.,V04-F012,agents,partial,unverified,branch-only,phase6,P7-A,migrations/0043:33 (commit_package human gate before commitment),Agents dispatch no effects; the gate exists for human-driven commitment only. Bind the gate to agent-proposed effects once a tool runtime exists.,Spec verification class: Test + accountable review.,v04.txt:page 106:L5178,branch
ES-44-005,V4,44 Agent Tool and Capability Control,106,"Revocation SHALL stop new calls immediately and SHALL define treatment of in-flight calls, credentials, cached results, and residual sessions.",V04-F012,agents,missing,unverified,none,phase7,P7-A,migrations/0049:487 (register_agent),"Capability-grant catalogue, tool sandbox, network/data/effect grants, grant revocation and EYE-AGT-001 enforcement do not exist; agents never call tools or the LLM gateway.",Spec verification class: Automated conformance test. | UNRESOLVED pointer(s) at 2e83945: apps/api/src/executive/agents.service.ts:76 (Meter),v04.txt:page 106:L5187,branch
ES-45-001,V4,45 Model Gateway and Inference Runtime,108,"All model inference SHALL pass through the governed model gateway, including embedded, local, external, fine-tuned, and marketplace models.",V04-F012,intelligence,implemented,passed:harness,merged,phase2,done,"apps/api/src/intelligence/gateway/model-gateway.service.ts:14-15,65,117-123,396,433,555,570 (replay|local-live loopback only, abstention, 120 s timeout); migrations/0023:72,140,158,404-521 (method registry); test/int/phase2-acceptance.test.ts:363",,The only inference caller is extraction; decision agents never call a model. Spec verification class: Automated conformance test.,v04.txt:page 108:L5235,main+test
ES-45-002,V4,45 Model Gateway and Inference Runtime,108,Resolution SHALL select only model versions with current task- specific evaluation and data-handling approval for the requested deployment boundary.,V04-F012,intelligence,missing,unverified,none,phase7,P7-B,,No model version registry with task-specific evaluation/data-handling approval; resolution is a fixed replay|local-live mode.,Spec verification class: Test + accountable review.,v04.txt:page 108:L5244,
ES-45-003,V4,45 Model Gateway and Inference Runtime,108,"Prompt templates, retrieval context, tools, parameters, safety controls, and output schemas SHALL be immutable versioned dependencies of an invocation.",V04-F012,intelligence,partial,passed:harness,merged,phase2,P2,"migrations/0023:140,158 (gateway calls with prompt/model identity); test/int/phase2-acceptance.test.ts:363,427",No hosted provider; prompt/model registry has no fitness/approval state.,Spec verification class: Automated conformance test. | UNRESOLVED pointer(s) at 2e83945: model-gateway.service.ts:65 (abstention),v04.txt:page 108:L5253,main+test
ES-45-004,V4,45 Model Gateway and Inference Runtime,108,"Fallback SHALL preserve declared quality, data, sovereignty, and explanation constraints or return explicit unavailability; silent semantic downgrade is prohibited.",V04-F012,intelligence,partial,passed:harness,merged,phase2,P2,"apps/api/src/intelligence/gateway/model-gateway.service.ts:14-15,65,117-123,396,433,555,570 (replay|local-live loopback only, abstention, 120 s timeout); migrations/0023:72,140,158,404-521 (method registry); test/int/phase2-acceptance.test.ts:363,388,427","Hosted provider adapters, task/policy-based routing, model registry with fitness state, context bounding, cost/latency budgets, EYE-MDL-001 refusal; gateway is loopback replay/local-live only.",Spec verification class: Negative conformance test.,v04.txt:page 108:L5262,main+test
ES-45-005,V4,45 Model Gateway and Inference Runtime,108,"Model output SHALL NOT become decision-active until the owning component validates schema, provenance, uncertainty, policy, and fitness for the product contract.",V04-F012,intelligence,implemented,passed:harness,merged,phase2,done,"migrations/0023:329,347 (proposed→reviewed→admitted); apps/api/src/intelligence/review/review.service.ts; test/int/phase2-acceptance.test.ts:427,518",,Spec verification class: Security test. | UNRESOLVED pointer(s) at 2e83945: extraction.service.ts:339 (header validation),v04.txt:page 108:L5271,main+test
ES-46-001,V4,46 Evaluation and Fitness,110,"Every model, agent, workflow, and marketplace package SHALL have a current evaluation profile for each production task and consequence class.",V04-F013,learning-evaluation,missing,unverified,none,phase7,P7-B,apps/api/src/observation/connectors/sdk.ts:244-261 (connector schema drift only),"Fitness decisions (approve/constrain/shadow/suspend/withdraw) for models, prompts, agents; slice/segment evaluation; analytical drift monitor; fallback declaration; evaluation datasets.","Phase 7 governed learning/evaluation. Spec verification class: Automated conformance test. | UNRESOLVED pointer(s) at 2e83945: apps/api/src/prediction/forecasting.service.ts:276,457 (backtest, calibration for forecasts only)",v04.txt:page 110:L5324,main
ES-46-002,V4,46 Evaluation and Fitness,110,"Evaluation SHALL measure correctness, calibration, evidence fidelity, uncertainty behavior, abstention, robustness, fairness, security, latency, cost, and operational failure where applicable.",V04-F013,learning-evaluation,partial,passed:ci,branch-only,phase4,P7-B,test/unit/phase4-models.test.ts,"Only forecast calibration/backtests exist; correctness, evidence fidelity, robustness, fairness, security, latency, cost and failure measures absent for models/agents/workflows.","Phase 7 governed learning/evaluation. Spec verification class: Fault / recovery test. | UNRESOLVED pointer(s) at 2e83945: apps/api/src/prediction/forecasting.service.ts:276 (backtest), 457 (calibration); models.ts:264-267 | release_status merged → branch-only from the evidence at 2e83945",v04.txt:page 110:L5333,branch+test
ES-46-003,V4,46 Evaluation and Fitness,110,Critical slice failures SHALL block or constrain release even when an aggregate metric exceeds target.,V04-F013,learning-evaluation,missing,unverified,none,phase7,P7-B,apps/api/src/observation/connectors/sdk.ts:244-261 (connector schema drift only),"Fitness decisions (approve/constrain/shadow/suspend/withdraw) for models, prompts, agents; slice/segment evaluation; analytical drift monitor; fallback declaration; evaluation datasets.","Phase 7 governed learning/evaluation. Spec verification class: Fault / recovery test. | UNRESOLVED pointer(s) at 2e83945: apps/api/src/prediction/forecasting.service.ts:276,457 (backtest, calibration for forecasts only)",v04.txt:page 110:L5340,main
ES-46-004,V4,46 Evaluation and Fitness,110,Evaluation data SHALL be separated from training and tuning data with explicit contamination controls and access evidence.,V04-F013,learning-evaluation,missing,unverified,none,phase7,P7-B,apps/api/src/observation/connectors/sdk.ts:244-261 (connector schema drift only),"Fitness decisions (approve/constrain/shadow/suspend/withdraw) for models, prompts, agents; slice/segment evaluation; analytical drift monitor; fallback declaration; evaluation datasets.","Phase 7 governed learning/evaluation. Spec verification class: Automated conformance test. | UNRESOLVED pointer(s) at 2e83945: apps/api/src/prediction/forecasting.service.ts:276,457 (backtest, calibration for forecasts only)",v04.txt:page 110:L5345,main
ES-46-005,V4,46 Evaluation and Fitness,110,"Runtime outcomes, corrections, challenges, overrides, incidents, and drift SHALL trigger governed re-evaluation without silently changing production behavior.",V04-F013,learning-evaluation,partial,passed:harness,branch-only,phase4,P7-B,"migrations/0029 ~475-520 (corrections set attention_state, never auto-reissued); 0030 (prediction corrections); test/int/phase4-corrections.test.ts:217",Outcomes/challenges/overrides/incidents/drift do not trigger governed re-evaluation; only corrections mark forecasts for attention.,Phase 7 governed learning/evaluation. Spec verification class: Operational exercise. | release_status merged → branch-only from the evidence at 2e83945,v04.txt:page 110:L5353,branch+test
ES-47-001,V4,47 Proactive Warning Runtime,112,"Warning candidates SHALL retain supporting and contradicting evidence, uncertainty, and the mechanism connecting observed change to possible consequence.",V04-F013,prediction,partial,passed:harness,branch-only,phase4,P4,"migrations/0029:376-401; 0031:168-196; apps/web/lib/warning-timing.ts; test/int/phase4-acceptance.test.ts:573,628; phase4-corrections-2.test.ts:152,164,176,203",No severity/dedup/escalation; routing to owner only.,"Spec verification class: Automated conformance test. | UNRESOLVED pointer(s) at 2e83945: apps/api/src/prediction/scenarios.service.ts:219-226,269-278 | release_status merged → branch-only from the evidence at 2e83945",v04.txt:page 112:L5403,branch+test
ES-47-002,V4,47 Proactive Warning Runtime,112,Materiality SHALL be computed from transparent dimensions and policy thresholds; no opaque global score may alone create executive urgency.,V04-F013,prediction,partial,passed:harness,branch-only,phase4,P4,"migrations/0029:376-401; 0031:168-196; apps/web/lib/warning-timing.ts; test/int/phase4-acceptance.test.ts:573,628; phase4-corrections-2.test.ts:152,164,176,203; migrations/0029:203-231 (outcome ledger)","No escalation chain, severity model, deduplication beyond once-per-flip, notification transport, or measured T3 timeliness (PHASE4_REPORT.md:193-196).","Spec verification class: Security test. | UNRESOLVED pointer(s) at 2e83945: apps/api/src/prediction/scenarios.service.ts:219-226,269-278 | release_status merged → branch-only from the evidence at 2e83945",v04.txt:page 112:L5412,branch+test
ES-47-003,V4,47 Proactive Warning Runtime,112,"Deduplication SHALL preserve distinct causes, affected objectives, geographies, time horizons, and policy domains even when presentation is consolidated.",V04-F013,prediction,missing,unverified,none,phase4,P4,,Deduplication preserving distinct causes/objectives/geographies/horizons/policy domains does not exist.,Spec verification class: Security test. | UNRESOLVED pointer(s) at 2e83945: apps/api/src/prediction/scenarios.service.ts:219-226 (once-per-flip owedFlips only),v04.txt:page 112:L5420,
ES-47-004,V4,47 Proactive Warning Runtime,112,"Each issued warning SHALL have an accountable recipient, acknowledgement expectation, response window, escalation path, and closure criteria.",V04-F013,prediction,partial,unverified,branch-only,phase4,P4,migrations/0029:376-401 (warnings_current with owner); apps/web/lib/warning-timing.ts + warning-timing.test.ts (acknowledgement timeliness),Escalation path and closure criteria absent; acknowledgement expectation is UI-side only.,"Spec verification class: Automated conformance test. | UNRESOLVED pointer(s) at 2e83945: scenarios.service.ts:269-278 (windows, routing) | release_status merged → branch-only from the evidence at 2e83945 | passed:harness lacked a resolved test/CI pointer → unverified",v04.txt:page 112:L5428,branch
ES-47-005,V4,47 Proactive Warning Runtime,112,"Feedback on false, late, missed, duplicated, and useful warnings SHALL enter evaluation and governed learning with Decision Replay context.",V04-F013,prediction,partial,passed:harness,branch-only,phase4,P4,"migrations/0029:203-231, 0030:73-74 (outcome ledger); test/int/phase4-acceptance.test.ts:628",Warning feedback (false/late/missed/duplicated/useful) is not captured and nothing feeds evaluation or learning.,Spec verification class: Automated conformance test. | release_status merged → branch-only from the evidence at 2e83945,v04.txt:page 112:L5437,branch+test
ES-48-001,V4,48 Decision Replay and Governed Learning,114,Decision Replay SHALL reconstruct the historical information boundary using system-time-correct state and SHALL display later knowledge only as a separate comparison.,V04-F013,learning-evaluation,implemented,passed:harness,branch-only,phase6,done,"migrations/0043_decision_replay.sql:141,178,413; 0047:7; 0048:412; 0049:455; 0050 §2; test/int/phase6-replay.test.ts:76,129,141,185",,Decision Replay reconstructs known/believed/tested/decided/observed layers. Spec verification class: Automated conformance test.,v04.txt:page 114:L5490,branch+test
ES-48-002,V4,48 Decision Replay and Governed Learning,114,"Replay SHALL include alternatives, dissent, uncertainty, approvals, rationale, commitments, execution state, policy, and presentation versions material to the decision.",V04-F013,learning-evaluation,implemented,passed:harness,branch-only,phase6,done,"migrations/0043_decision_replay.sql:141,178,413; 0047:7; 0048:412; 0049:455; 0050 §2; test/int/phase6-replay.test.ts:76,129,141,185; test/int/phase6-residual-corrections.test.ts:182",,"Replay implemented (Phase 6, branch-only); learning is Phase 7. Spec verification class: Security test.",v04.txt:page 114:L5499,branch+test
ES-48-003,V4,48 Decision Replay and Governed Learning,114,"Outcome assessment SHALL distinguish observed result, inferred contribution, counterfactual claim, unresolved causality, and changed external conditions.",V04-F013,learning-evaluation,partial,passed:harness,branch-only,phase6,P6,"migrations/0045_decision_monitoring_and_outcomes.sql:21,42,74,221; 0050 §1; test/int/phase6-monitoring.test.ts:53-190; migrations/0050 §1 (record_outcome)","Outcome records do not distinguish inferred contribution, counterfactual claim, unresolved causality or changed external conditions.","Replay implemented (Phase 6, branch-only); learning is Phase 7. Spec verification class: Automated conformance test.",v04.txt:page 114:L5507,branch+test
ES-48-004,V4,48 Decision Replay and Governed Learning,114,A lesson SHALL remain a proposal until its owning authority approves a verified release; memory ingestion alone SHALL NOT change runtime behavior.,V04-F013,learning-evaluation,missing,unverified,none,phase7,P7-B,migrations/0045:221 (close_package lessons as text only),Lesson proposal → owning-authority approval → verified release pipeline does not exist (holds vacuously: nothing learns).,"Replay implemented (Phase 6, branch-only); learning is Phase 7. Spec verification class: Test + accountable review.",v04.txt:page 114:L5516,branch
ES-48-005,V4,48 Decision Replay and Governed Learning,114,"Every learning release SHALL support impact analysis, staged deployment, runtime monitoring, rollback, and historical resolution of the prior behavior.",V04-F013,learning-evaluation,missing,unverified,none,phase7,P7-B,,"No learning releases; impact analysis, staged deployment, monitoring, rollback and historical resolution absent.","Replay implemented (Phase 6, branch-only); learning is Phase 7. Spec verification class: Fault / recovery test.",v04.txt:page 114:L5525,
ES-49-001,V4,49 Identity and Authentication,117,All requests SHALL authenticate a principal or be explicitly admitted as a public source observation through a source- specific trust contract.,V04-F014,identity-policy,implemented,passed:harness,merged,phase0,done,"apps/api/src/identity/identity.service.ts (sessions, refresh family ledger, context key, revoke); migrations/0002_identity_tenancy.sql:11-90; test/acceptance/acceptance.test.ts:305,350,372; apps/api/src/pipeline/http.ts (bearer required on every controller); test/acceptance/acceptance.test.ts:350,964",,"EXC-P0-002 (local IdP, no MFA) open. Spec verification class: Automated conformance test. | UNRESOLVED pointer(s) at 2e83945: source contracts admit public sources (migrations/0028)",v04.txt:page 117:L5581,main+test
ES-49-002,V4,49 Identity and Authentication,117,"Human authentication SHALL meet policy-defined assurance for the requested consequence, data class, administration plane, and deployment boundary.",V04-F014,identity-policy,partial,passed:harness,merged,phase0,P7-D,"apps/api/src/identity/identity.service.ts (sessions, refresh family ledger, context key, revoke); migrations/0002_identity_tenancy.sql:11-90; test/acceptance/acceptance.test.ts:305,350,372; migrations/0007_bootstrap_rotation.sql; 0016_bootstrap_claim_binding.sql; test/acceptance/acceptance.test.ts:305,372,407,814 (workload principal cannot hold password); EXCEPTIONS.md EXC-P0-002","Assurance levels beyond password/break_glass (no MFA, SSO/OIDC/SAML federation); cryptographic workload/agent/model/package identities with automatic rotation; delegation objects (delegation_id declared, never issued).","EXC-P0-002 (local IdP, no MFA) open. Spec verification class: Security test.",v04.txt:page 117:L5590,main+test
ES-49-003,V4,49 Identity and Authentication,117,"Workload, agent, model, package, and device identities SHALL be cryptographically bound to approved runtime or artifact state and rotated automatically.",V04-F014,identity-policy,partial,passed:harness,merged,phase0,P7-D,"apps/api/src/identity/identity.service.ts (sessions, refresh family ledger, context key, revoke); migrations/0002_identity_tenancy.sql:11-90; test/acceptance/acceptance.test.ts:305,350,372; migrations/0007_bootstrap_rotation.sql; 0016_bootstrap_claim_binding.sql; test/acceptance/acceptance.test.ts:305,372,407,814 (workload principal cannot hold password); EXCEPTIONS.md EXC-P0-002","Assurance levels beyond password/break_glass (no MFA, SSO/OIDC/SAML federation); cryptographic workload/agent/model/package identities with automatic rotation; delegation objects (delegation_id declared, never issued).","EXC-P0-002 (local IdP, no MFA) open. Spec verification class: Automated conformance test.",v04.txt:page 117:L5598,main+test
ES-49-004,V4,49 Identity and Authentication,117,"Delegation SHALL carry actor, delegate, purpose, actions, object scope, audience, duration, constraints, and revocation and SHALL remain visible downstream.",V04-F014,identity-policy,partial,passed:harness,merged,phase0,P7-D,"apps/api/src/identity/identity.service.ts (sessions, refresh family ledger, context key, revoke); migrations/0002_identity_tenancy.sql:11-90; test/acceptance/acceptance.test.ts:305,350,372; migrations/0007_bootstrap_rotation.sql; 0016_bootstrap_claim_binding.sql; test/acceptance/acceptance.test.ts:305,372,407,814 (workload principal cannot hold password); EXCEPTIONS.md EXC-P0-002","Assurance levels beyond password/break_glass (no MFA, SSO/OIDC/SAML federation); cryptographic workload/agent/model/package identities with automatic rotation; delegation objects (delegation_id declared, never issued).","EXC-P0-002 (local IdP, no MFA) open. Spec verification class: Automated conformance test.",v04.txt:page 117:L5607,main+test
ES-49-005,V4,49 Identity and Authentication,117,"Authentication failure, uncertainty, revocation, or assurance downgrade SHALL fail closed for protected actions and invalidate affected active sessions according to policy.",V04-F014,identity-policy,implemented,passed:harness,branch-only,phase0,done,"apps/api/src/identity/identity.service.ts:14-15,82-83 (refresh family replay revokes; credential_revoke); test/acceptance/acceptance.test.ts:372; migrations/0048 (revocation epoch, read-time clearance)",,"EXC-P0-002 (local IdP, no MFA) open. Spec verification class: Fault / recovery test. | release_status merged → branch-only from the evidence at 2e83945",v04.txt:page 117:L5616,branch+main+test
ES-50-001,V4,50 Authorization and Policy Enforcement,119,Every protected action SHALL obtain and enforce a policy decision at the owning boundary; cached decisions SHALL be scope- and time-bounded and revocation aware.,V04-F014,identity-policy,implemented,passed:harness,branch-only,phase0,done,"apps/api/src/policy/pdp.service.ts (default DENY, indeterminate→deny, obligations executed); apps/api/test/unit/pdp.test.ts; apps/api/src/decision/clearance.ts:33-56 (read-time clearance); migrations/0048 (revocation epoch)",,Decisions are not cached (no cache bounds needed); parity across profiles untestable (single profile). Spec verification class: Security test. | release_status merged → branch-only from the evidence at 2e83945,v04.txt:page 119:L5668,branch+main+test
ES-50-002,V4,50 Authorization and Policy Enforcement,119,"Default behavior SHALL be deny when identity, purpose, classification, ownership, policy, or enforcement state is missing or indeterminate.",V04-F014,identity-policy,implemented,passed:ci,merged,phase0,done,"apps/api/src/policy/pdp.service.ts (default DENY, indeterminate→deny, obligations executed); apps/api/test/unit/pdp.test.ts; apps/api/src/pipeline/pipeline.service.ts (PEP at owning boundary); apps/api/src/graph/search/search.service.ts (permission-aware retrieval); test/acceptance/acceptance.test.ts:553,673,687,781,922",,Decisions are not cached (no cache bounds needed); parity across profiles untestable (single profile). Spec verification class: Security test.,v04.txt:page 119:L5676,main+test
ES-50-003,V4,50 Authorization and Policy Enforcement,119,"Object-level and relationship-level controls SHALL survive graph traversal, retrieval, summarization, export, model context assembly, and derived product creation.",V04-F014,identity-policy,partial,passed:harness,merged,phase0,P3,apps/api/migrations/0002_identity_tenancy.sql; 0009_privilege_separation_and_bound_context.sql; 0011_authority_boundary_closure.sql (RLS + signed context); apps/api/test/int/domain-isolation.test.ts; apps/api/src/graph/search/search.service.ts (permission-aware); test/int/phase3-acceptance.test.ts:762-804,"Export, summarisation and model-context assembly paths do not exist yet; derived products inherit domain scope only (no object-level policy inheritance).",Decisions are not cached (no cache bounds needed); parity across profiles untestable (single profile). Spec verification class: Automated conformance test. | UNRESOLVED pointer(s) at 2e83945: graph.controller.ts (traversal under RLS),v04.txt:page 119:L5684,main+test
ES-50-004,V4,50 Authorization and Policy Enforcement,119,"Administrative access SHALL use the same policy system with stronger assurance, explicit purpose, just-in-time scope, monitoring, and independent audit.",V04-F014,identity-policy,partial,passed:harness,merged,phase0,P7-D,"apps/api/src/policy/pdp.service.ts (default DENY, indeterminate→deny, obligations executed); apps/api/test/unit/pdp.test.ts (platform_admin at PLATFORM scope; requiresPurpose); migrations/0002:77 (break_glass_grants); test/acceptance/acceptance.test.ts:472","Stronger assurance, just-in-time scope, monitoring and independent audit review for administrative access are absent.",Decisions are not cached (no cache bounds needed); parity across profiles untestable (single profile). Spec verification class: Security test.,v04.txt:page 119:L5693,main+test
ES-50-005,V4,50 Authorization and Policy Enforcement,119,"Authorization semantics and conformance fixtures SHALL remain identical across SaaS, Private Cloud, and On-Premise deployments.",V04-F014,identity-policy,missing,unverified,none,phase7,P7-D,EXCEPTIONS.md EXC-P0-004,Single deployment profile; parity fixtures cannot be executed.,Decisions are not cached (no cache bounds needed); parity across profiles untestable (single profile). Spec verification class: Security test.,v04.txt:page 119:L5701,main
ES-51-001,V4,51 Tenant and Domain Isolation,121,"All canonical state and operational records SHALL carry authenticated domain context and SHALL reject absent, conflicting, or untrusted tenant identity.",V04-F014,identity-policy,implemented,passed:harness,merged,phase0,done,"apps/api/migrations/0002_identity_tenancy.sql; 0009_privilege_separation_and_bound_context.sql; 0011_authority_boundary_closure.sql (RLS + signed context); apps/api/test/int/domain-isolation.test.ts (cases 107-207: no COUNT/READ/WRITE across domains, tenant/platform contexts); apps/api/src/shared/scope.ts (signed context)",,"Queues (BullMQ), logs and temporary files are not covered by isolation tests; no caches/vectors/backups exist. Spec verification class: Security test.",v04.txt:page 121:L5753,main+test
ES-51-002,V4,51 Tenant and Domain Isolation,121,"Domain context SHALL be propagated explicitly; process-local, connection-local, or user-interface context alone SHALL NOT authorize data access.",V04-F014,identity-policy,implemented,passed:harness,merged,phase0,done,"apps/api/migrations/0002_identity_tenancy.sql; 0009_privilege_separation_and_bound_context.sql; 0011_authority_boundary_closure.sql (RLS + signed context); apps/api/test/int/domain-isolation.test.ts (cases 107-207: no COUNT/READ/WRITE across domains, tenant/platform contexts); apps/api/src/shared/scope.ts (signed context)",,"Queues (BullMQ), logs and temporary files are not covered by isolation tests; no caches/vectors/backups exist. Spec verification class: Negative conformance test.",v04.txt:page 121:L5761,main+test
ES-51-003,V4,51 Tenant and Domain Isolation,121,"Caches, indexes, vectors, queues, temporary files, model context, logs, traces, backups, and support artifacts SHALL enforce the same isolation as canonical stores.",V04-F014,identity-policy,partial,passed:harness,merged,phase0,P7-D,apps/api/migrations/0002_identity_tenancy.sql; 0009_privilege_separation_and_bound_context.sql; 0011_authority_boundary_closure.sql (RLS + signed context); apps/api/test/int/domain-isolation.test.ts; apps/api/src/observation/connectors/redaction.ts (logs),"BullMQ queues, temporary files and logs are not covered by isolation tests; caches/vectors/backups/support artifacts do not exist yet.","Queues (BullMQ), logs and temporary files are not covered by isolation tests; no caches/vectors/backups exist. Spec verification class: Security test.",v04.txt:page 121:L5770,main+test
ES-51-004,V4,51 Tenant and Domain Isolation,121,"Cross-domain search, graph traversal, learning, benchmarking, sharing, or administration SHALL require an explicit product contract and policy authority.",V04-F014,identity-policy,implemented,passed:harness,merged,phase0,done,apps/api/migrations/0002_identity_tenancy.sql; 0009_privilege_separation_and_bound_context.sql; 0011_authority_boundary_closure.sql (RLS + signed context); apps/api/test/int/domain-isolation.test.ts (cross-domain access impossible for any principal below PLATFORM),,Holds because no cross-domain product exists; a sharing contract (ES-08-004) must not weaken this. Spec verification class: Security test.,v04.txt:page 121:L5778,main+test
ES-51-005,V4,51 Tenant and Domain Isolation,121,"Isolation controls SHALL be continuously tested in every deployment mode and after changes to storage, routing, observability, model, agent, and package infrastructure.",V04-F014,identity-policy,partial,passed:ci,merged,phase0,P7-D,".github/workflows/ci.yml: build-test ""Integration tests (isolation, …)"" — test/int/domain-isolation.test.ts on every push",Continuous testing in every deployment mode requires the other modes; infrastructure-change triggers are not distinguished.,"Queues (BullMQ), logs and temporary files are not covered by isolation tests; no caches/vectors/backups exist. Spec verification class: Security test.",v04.txt:page 121:L5786,main+test
ES-52-001,V4,"52 Cryptography, Keys, and Secrets",123,"Data SHALL be encrypted in transit and at rest using approved, versioned cryptographic profiles appropriate to classification and deployment policy.",V04-F015,identity-policy,partial,unverified,merged,phase7,P7-D,"apps/api/src/config/config.ts:38-47 (jwt_secret min 32, jwt_kid, telemetry.redact_fields); apps/api/src/observation/connectors/redaction.ts; migrations/0007_bootstrap_rotation.sql; scripts/gate/lib/c19-cosign.mjs + .github/workflows/c19-anchor.yml (cosign/Fulcio/Rekor signing); EXCEPTIONS.md EXC-P0-005 (.env secrets)","Versioned cryptographic profiles, per-tenant/domain key separation, KMS/HSM custody, dynamic secret issuance and automatic rotation, DB TLS (none configured), key rotation/compromise/exit workflows.",Spec verification class: Security test. | release_status none → merged from the evidence at 2e83945,v04.txt:page 123:L5837,main+test
ES-52-002,V4,"52 Cryptography, Keys, and Secrets",123,"Keys SHALL be separated by tenant, domain, purpose, environment, and lifecycle where consequence requires; key identifiers SHALL remain resolvable historically without exposing key material.",V04-F015,identity-policy,partial,unverified,merged,phase7,P7-D,"apps/api/src/config/config.ts:38-47 (jwt_secret min 32, jwt_kid, telemetry.redact_fields); apps/api/src/observation/connectors/redaction.ts; migrations/0007_bootstrap_rotation.sql; scripts/gate/lib/c19-cosign.mjs + .github/workflows/c19-anchor.yml (cosign/Fulcio/Rekor signing); EXCEPTIONS.md EXC-P0-005 (.env secrets)","Versioned cryptographic profiles, per-tenant/domain key separation, KMS/HSM custody, dynamic secret issuance and automatic rotation, DB TLS (none configured), key rotation/compromise/exit workflows.",Spec verification class: Security test. | release_status none → merged from the evidence at 2e83945,v04.txt:page 123:L5845,main+test
ES-52-003,V4,"52 Cryptography, Keys, and Secrets",123,"Secret material SHALL be issued dynamically, memory bounded, redacted from logs and artifacts, rotated automatically, and prohibited from source or build outputs.",V04-F015,identity-policy,partial,passed:ci,merged,phase7,P7-D,".github/workflows/ci.yml: build-test ""Generate, MASK and export ephemeral run secrets"" (scripts/ci/generate-run-secrets.sh); scripts/gate/scanner-pins.json (gitleaks); apps/api/src/observation/connectors/redaction.ts; EXCEPTIONS.md EXC-P0-005",Dynamic issuance and automatic rotation of runtime secrets; .env secrets for local dev remain (EXC-P0-005).,Spec verification class: Security test. | UNRESOLVED pointer(s) at 2e83945: config.ts:47 redact_fields | release_status none → merged from the evidence at 2e83945,v04.txt:page 123:L5854,main+test
ES-52-004,V4,"52 Cryptography, Keys, and Secrets",123,"Signing keys for software, models, agents, policies, manifests, evidence, and exports SHALL be custody-separated from the identities that create those artifacts.",V04-F015,identity-policy,partial,passed:ci,merged,phase7,P7-D,".github/workflows/c19-anchor.yml (keyless cosign via Fulcio/Rekor, TUF); scripts/gate/lib/c19-cosign.mjs; apps/api/test/gate/c19-anchor.suite.ts; c19-pipeline.suite.ts",Signing covers gate evidence only; models/agents/policies/exports are unsigned; custody separation not formalised.,Spec verification class: Security test. | release_status none → merged from the evidence at 2e83945,v04.txt:page 123:L5862,main+test
ES-52-005,V4,"52 Cryptography, Keys, and Secrets",123,"Rotation, revocation, compromise, cryptographic migration, backup recovery, customer exit, and destruction SHALL be executable workflows with verified residual-state closure.",V04-F015,identity-policy,partial,unverified,merged,phase7,P7-D,"apps/api/src/config/config.ts:38-47 (jwt_secret min 32, jwt_kid, telemetry.redact_fields); apps/api/src/observation/connectors/redaction.ts; migrations/0007_bootstrap_rotation.sql; scripts/gate/lib/c19-cosign.mjs + .github/workflows/c19-anchor.yml (cosign/Fulcio/Rekor signing); EXCEPTIONS.md EXC-P0-005 (.env secrets)","Versioned cryptographic profiles, per-tenant/domain key separation, KMS/HSM custody, dynamic secret issuance and automatic rotation, DB TLS (none configured), key rotation/compromise/exit workflows.",Spec verification class: Fault / recovery test. | release_status none → merged from the evidence at 2e83945,v04.txt:page 123:L5870,main+test
ES-53-001,V4,53 Network Trust and Controlled Egress,125,"All service communication SHALL authenticate both endpoints and evaluate workload, action, destination, tenant, and purpose policy.",V04-F015,identity-policy,partial,passed:harness,merged,phase1,P7-D,"apps/api/src/observation/connectors/http-client.ts:8,42-43,188-211 (scheme/host allowlist, private-address refusal); apps/api/src/observation/connectors/redaction.ts; test/int/phase1-hostile-input.test.ts; phase1-fault-injection.test.ts (F-series egress refusals)","Mutual service authentication (single process), production egress allow-listing at network level, classification/residency/recipient obligations on egress, signed import/export packages for disconnected modes, versioned network policy.",Connector egress is allow-listed per source contract with private-address refusal (application level only). Spec verification class: Security test.,v04.txt:page 125:L5924,main+test
ES-53-002,V4,53 Network Trust and Controlled Egress,125,Production workloads SHALL have no general outbound internet access; destinations and protocols SHALL be allow-listed through controlled egress points.,V04-F015,identity-policy,partial,passed:harness,merged,phase1,P7-D,"apps/api/src/observation/connectors/http-client.ts:8,42-43,188-211 (scheme/host allowlist, private-address refusal); apps/api/src/observation/connectors/redaction.ts; apps/api/test/gate/hermetic-isolation.test.ts:95-146 (gate runs with poisoned PATH / zero live network calls)",Allow-listing is application-level per source contract; no network-level egress control for production workloads (none deployed).,Connector egress is allow-listed per source contract with private-address refusal (application level only). Spec verification class: Security test.,v04.txt:page 125:L5932,main+test
ES-53-003,V4,53 Network Trust and Controlled Egress,125,"Egress SHALL enforce classification, rights, minimization, residency, purpose, recipient, encryption, rate, inspection, and approval obligations before transfer.",V04-F015,identity-policy,partial,passed:harness,merged,phase1,P7-D,"apps/api/src/observation/connectors/http-client.ts:8,42-43,188-211 (scheme/host allowlist, private-address refusal); apps/api/src/observation/connectors/redaction.ts; test/int/phase1-hostile-input.test.ts; phase1-fault-injection.test.ts (F-series egress refusals)","Mutual service authentication (single process), production egress allow-listing at network level, classification/residency/recipient obligations on egress, signed import/export packages for disconnected modes, versioned network policy.",Connector egress is allow-listed per source contract with private-address refusal (application level only). Spec verification class: Security test.,v04.txt:page 125:L5940,main+test
ES-53-004,V4,53 Network Trust and Controlled Egress,125,"Disconnected and on-premise modes SHALL use signed import and export packages with equivalent policy, provenance, malware, integrity, and receipt checks.",V04-F015,identity-policy,partial,passed:harness,merged,phase1,P7-D,"apps/api/src/observation/connectors/http-client.ts:8,42-43,188-211 (scheme/host allowlist, private-address refusal); apps/api/src/observation/connectors/redaction.ts; test/int/phase1-hostile-input.test.ts; phase1-fault-injection.test.ts (F-series egress refusals)","Mutual service authentication (single process), production egress allow-listing at network level, classification/residency/recipient obligations on egress, signed import/export packages for disconnected modes, versioned network policy.",Connector egress is allow-listed per source contract with private-address refusal (application level only). Spec verification class: Security test.,v04.txt:page 125:L5948,main+test
ES-53-005,V4,53 Network Trust and Controlled Egress,125,"Network policy, service identity, certificate, destination, and egress-decision changes SHALL be versioned, tested, staged, monitored, and reversible.",V04-F015,identity-policy,partial,passed:harness,merged,phase1,P7-D,"apps/api/src/observation/connectors/http-client.ts:8,42-43,188-211 (scheme/host allowlist, private-address refusal); apps/api/src/observation/connectors/redaction.ts; test/int/phase1-hostile-input.test.ts; phase1-fault-injection.test.ts (F-series egress refusals)","Mutual service authentication (single process), production egress allow-listing at network level, classification/residency/recipient obligations on egress, signed import/export packages for disconnected modes, versioned network policy.",Connector egress is allow-listed per source contract with private-address refusal (application level only). Spec verification class: Security test.,v04.txt:page 125:L5956,main+test
ES-54-001,V4,"54 Privacy, Minimization, and Sovereignty",127,"Collection and processing SHALL be admitted only for a declared purpose with approved authority, scope, minimization, retention, and downstream use.",V04-F015,identity-policy,partial,passed:harness,branch-only,phase0,P7-D,migrations/0028 (contract v2 purpose/rights); test/acceptance/acceptance.test.ts:687,"Minimisation, retention and downstream-use constraints are declared, not enforced.",Spec verification class: Test + accountable review. | UNRESOLVED pointer(s) at 2e83945: pipeline.service.ts:351 (purpose_id) | release_status merged → branch-only from the evidence at 2e83945,v04.txt:page 127:L6008,branch+main+test
ES-54-002,V4,"54 Privacy, Minimization, and Sovereignty",127,"Sensitive identifiers SHALL be tokenized, pseudonymized, aggregated, masked, or excluded whenever the product contract does not require direct identity.",V04-F015,identity-policy,partial,passed:harness,branch-only,phase0,P7-D,"apps/api/src/pipeline/pipeline.service.ts:351-407 (purpose_id bound to POL/AUD); test/acceptance/acceptance.test.ts:687 (missing purpose → deny); migrations/0006:67-77 (rights/residency header CHECKs); migrations/0028_phase4_source_contract_v2.sql:20+; 0022:375,395,956,1279-1301 (legal_hold column, set_rights_state, tombstones); apps/api/src/observation/vault/vault.service.ts:233","Tokenisation/pseudonymisation/masking of sensitive identifiers, independent sovereignty evaluation per dimension, obligation inheritance into derived objects/logs, subject-request/hold/deletion/exit workflows with residual inventory.",Spec verification class: Security test. | UNRESOLVED pointer(s) at 2e83945: apps/api/src/observation/quarantine/sweeper.service.ts:102-117 (quarantine TTL only) | release_status merged → branch-only from the evidence at 2e83945,v04.txt:page 127:L6017,branch+main+test
ES-54-003,V4,"54 Privacy, Minimization, and Sovereignty",127,"Sovereignty policy SHALL be evaluated independently for data storage, processing, keys, models, administration, telemetry, support, supply, backup, and disaster recovery.",V04-F015,identity-policy,partial,passed:harness,branch-only,phase0,P7-D,"apps/api/src/pipeline/pipeline.service.ts:351-407 (purpose_id bound to POL/AUD); test/acceptance/acceptance.test.ts:687 (missing purpose → deny); migrations/0006:67-77 (rights/residency header CHECKs); migrations/0028_phase4_source_contract_v2.sql:20+; 0022:375,395,956,1279-1301 (legal_hold column, set_rights_state, tombstones); apps/api/src/observation/vault/vault.service.ts:233","Tokenisation/pseudonymisation/masking of sensitive identifiers, independent sovereignty evaluation per dimension, obligation inheritance into derived objects/logs, subject-request/hold/deletion/exit workflows with residual inventory.",Spec verification class: Fault / recovery test. | UNRESOLVED pointer(s) at 2e83945: apps/api/src/observation/quarantine/sweeper.service.ts:102-117 (quarantine TTL only) | release_status merged → branch-only from the evidence at 2e83945,v04.txt:page 127:L6025,branch+main+test
ES-54-004,V4,"54 Privacy, Minimization, and Sovereignty",127,"Derived objects, embeddings, model context, evaluation data, logs, and exports SHALL inherit applicable privacy and sovereignty obligations.",V04-F015,identity-policy,partial,passed:harness,branch-only,phase0,P7-D,"apps/api/src/pipeline/pipeline.service.ts:351-407 (purpose_id bound to POL/AUD); test/acceptance/acceptance.test.ts:687 (missing purpose → deny); migrations/0006:67-77 (rights/residency header CHECKs); migrations/0028_phase4_source_contract_v2.sql:20+; 0022:375,395,956,1279-1301 (legal_hold column, set_rights_state, tombstones); apps/api/src/observation/vault/vault.service.ts:233","Tokenisation/pseudonymisation/masking of sensitive identifiers, independent sovereignty evaluation per dimension, obligation inheritance into derived objects/logs, subject-request/hold/deletion/exit workflows with residual inventory.",Spec verification class: Automated conformance test. | UNRESOLVED pointer(s) at 2e83945: apps/api/src/observation/quarantine/sweeper.service.ts:102-117 (quarantine TTL only) | release_status merged → branch-only from the evidence at 2e83945,v04.txt:page 127:L6033,branch+main+test
ES-54-005,V4,"54 Privacy, Minimization, and Sovereignty",127,"Subject requests, holds, legal conflicts, deletion, and customer exit SHALL use durable workflows with scope proof, residual inventory, completion evidence, and independent verification.",V04-F015,identity-policy,partial,passed:harness,branch-only,phase0,P7-D,"apps/api/src/pipeline/pipeline.service.ts:351-407 (purpose_id bound to POL/AUD); test/acceptance/acceptance.test.ts:687 (missing purpose → deny); migrations/0006:67-77 (rights/residency header CHECKs); migrations/0028_phase4_source_contract_v2.sql:20+; 0022:375,395,956,1279-1301 (legal_hold column, set_rights_state, tombstones); apps/api/src/observation/vault/vault.service.ts:233","Tokenisation/pseudonymisation/masking of sensitive identifiers, independent sovereignty evaluation per dimension, obligation inheritance into derived objects/logs, subject-request/hold/deletion/exit workflows with residual inventory.",Spec verification class: Automated conformance test. | UNRESOLVED pointer(s) at 2e83945: apps/api/src/observation/quarantine/sweeper.service.ts:102-117 (quarantine TTL only) | release_status merged → branch-only from the evidence at 2e83945,v04.txt:page 127:L6042,branch+main+test
ES-55-001,V4,55 Audit and Non-Repudiation,129,"Consequential reads, writes, policy decisions, model and agent runs, human gates, administration, exports, corrections, releases, and security events SHALL emit audit records.",V04-F016,identity-policy,partial,passed:harness,branch-only,phase0,P7-D,"apps/api/migrations/0004_audit.sql (append-only triggers, chain heads); apps/api/src/audit/audit.service.ts; apps/api/test/int/audit-chain.test.ts; test/acceptance/acceptance.test.ts:521,541,553,964 (writes, consequential reads, denials, controller edges); migrations/0046 (agent runs), 0042 (approvals) audited through the pipeline","Releases, exports and model calls are not audited (no release/export path; gateway calls logged in 0023 tables, not the audit chain).",Audit shares the primary DB failure domain (EXC-P0-001); audit search/export with custody is admin viewer only (apps/web/app/admin/audit). Spec verification class: Security test. | release_status merged → branch-only from the evidence at 2e83945,v04.txt:page 129:L6094,branch+main+test
ES-55-002,V4,55 Audit and Non-Repudiation,129,"Audit acceptance SHALL be durable before a consequential action is acknowledged complete, or the action SHALL enter an explicit unresolved evidence state.",V04-F016,identity-policy,implemented,passed:harness,merged,phase0,done,"test/acceptance/acceptance.test.ts:407,435,450,521 (no session/mutation when audit append cannot commit); migrations/0020 (governed degraded recovery)",,Audit shares the primary DB failure domain (EXC-P0-001); audit search/export with custody is admin viewer only (apps/web/app/admin/audit). Spec verification class: Automated conformance test.,v04.txt:page 129:L6102,main+test
ES-55-003,V4,55 Audit and Non-Repudiation,129,"Audit records SHALL be append-only, integrity protected, time quality marked, access controlled, retained independently, and continuously reconciled against source systems.",V04-F016,identity-policy,implemented,passed:harness,merged,phase0,done,"apps/api/migrations/0004_audit.sql (append-only triggers, chain heads); apps/api/src/audit/audit.service.ts; apps/api/test/int/audit-chain.test.ts; test/int/gate22-audit-verify.test.ts; gate22-verifier-seal.test.ts",,Independent retention (separate failure domain) is EXC-P0-001. Spec verification class: Automated conformance test.,v04.txt:page 129:L6111,main+test
ES-55-004,V4,55 Audit and Non-Repudiation,129,"Audit content SHALL identify exact artifact, policy, schema, model, agent, workflow, object, and deployment versions material to the action.",V04-F016,identity-policy,partial,unverified,merged,phase0,P7-D,apps/api/src/policy/pdp.service.ts (bundleVersion + inputDigest); migrations/0023:286-323 (method/model versions on lineage),Audit records do not carry artifact/schema/agent/workflow/deployment versions.,Audit shares the primary DB failure domain (EXC-P0-001); audit search/export with custody is admin viewer only (apps/web/app/admin/audit). Spec verification class: Security test.,v04.txt:page 129:L6120,main
ES-55-005,V4,55 Audit and Non-Repudiation,129,"Audit search and export SHALL preserve chain of custody, query authority, redaction, completeness scope, and verification instructions.",V04-F016,identity-policy,partial,passed:browser,merged,phase0,P7-F,apps/web/app/admin/audit; test/acceptance/acceptance.test.ts:673 (mask obligation executed); e2e/phase0.spec.ts,"Audit export with chain of custody, completeness scope and verification instructions is absent.",Audit shares the primary DB failure domain (EXC-P0-001); audit search/export with custody is admin viewer only (apps/web/app/admin/audit). Spec verification class: Test + accountable review.,v04.txt:page 129:L6128,main+test
ES-56-001,V4,56 Software Supply Chain and Marketplaces,131,"Production SHALL execute only signed artifacts whose provenance, composition, evaluation, vulnerabilities, licenses, policy, ownership, and compatibility pass current admission policy.",V04-F016,infrastructure,partial,passed:ci,merged,phase0,P7-D,"scripts/gate/supply-chain.mjs; scripts/gate/scanner-pins.json; scripts/generate-sbom.mjs; docs/SCANNER_DISPOSITIONS.md; .github/workflows/c19-anchor.yml; c19-lifecycle.yml; apps/api/test/gate/supply-chain.test.ts; .github/workflows/ci.yml: supply-chain (C15 FINAL, licence allowlist, C17 CycloneDX + obligations)",Admission policy is exercised on dependencies and gate evidence; there is no production artifact to admit.,Spec verification class: Security test.,v04.txt:page 131:L6181,main+test
ES-56-002,V4,56 Software Supply Chain and Marketplaces,131,"Marketplace packages SHALL declare all data access, models, tools, network destinations, side effects, secrets, compute, storage, telemetry, and human gates before evaluation.",V04-F016,infrastructure,partial,passed:ci,merged,phase0,P7-C,scripts/gate/supply-chain.mjs; scripts/gate/scanner-pins.json; scripts/generate-sbom.mjs; docs/SCANNER_DISPOSITIONS.md; .github/workflows/c19-anchor.yml; c19-lifecycle.yml; apps/api/test/gate/supply-chain.test.ts; apps/api/test/gate/final-manifest-verifier.test.ts; receipt-invariants.test.ts; c15-scanner-provenance.test.ts; EXCEPTIONS.md EXC-P0-003,"Marketplace package manifests, capability-scoped isolation, admission/evaluation and revocation are absent (P7-C); production admission policy cannot execute because no deployable artifact exists.",Spec verification class: Security test.,v04.txt:page 131:L6190,main+test
ES-56-003,V4,56 Software Supply Chain and Marketplaces,131,"Packages SHALL execute in capability-scoped isolation and SHALL NOT acquire ambient tenant, network, filesystem, credential, administration, or model access.",V04-F016,infrastructure,partial,passed:ci,merged,phase0,P7-C,scripts/gate/supply-chain.mjs; scripts/gate/scanner-pins.json; scripts/generate-sbom.mjs; docs/SCANNER_DISPOSITIONS.md; .github/workflows/c19-anchor.yml; c19-lifecycle.yml; apps/api/test/gate/supply-chain.test.ts; apps/api/test/gate/final-manifest-verifier.test.ts; receipt-invariants.test.ts; c15-scanner-provenance.test.ts; EXCEPTIONS.md EXC-P0-003,"Marketplace package manifests, capability-scoped isolation, admission/evaluation and revocation are absent (P7-C); production admission policy cannot execute because no deployable artifact exists.",Spec verification class: Security test.,v04.txt:page 131:L6198,main+test
ES-56-004,V4,56 Software Supply Chain and Marketplaces,131,Promotion SHALL preserve artifact identity across environments; rebuilds require a new digest and complete evidence chain.,V04-F016,infrastructure,missing,unverified,none,phase7,P7-D,scripts/gate/target-descriptor.json:17-25 (no Dockerfile/app image; compose provides Postgres+Redis only),No artifact to promote; immutable promotion requires the deployment package (ch.70).,Spec verification class: Security test.,v04.txt:page 131:L6205,main+test
ES-56-005,V4,56 Software Supply Chain and Marketplaces,131,"Revocation SHALL stop new use, identify active executions and derived products, apply rollback or review policy, and preserve historical replayability.",V04-F016,infrastructure,partial,passed:ci,merged,phase0,P7-C,scripts/gate/supply-chain.mjs; scripts/gate/scanner-pins.json; scripts/generate-sbom.mjs; docs/SCANNER_DISPOSITIONS.md; .github/workflows/c19-anchor.yml; c19-lifecycle.yml; apps/api/test/gate/supply-chain.test.ts; apps/api/test/gate/final-manifest-verifier.test.ts; receipt-invariants.test.ts; c15-scanner-provenance.test.ts; EXCEPTIONS.md EXC-P0-003,"Marketplace package manifests, capability-scoped isolation, admission/evaluation and revocation are absent (P7-C); production admission policy cannot execute because no deployable artifact exists.",Spec verification class: Fault / recovery test.,v04.txt:page 131:L6211,main+test
ES-57-001,V4,57 Quality Contracts and SLOs,134,"Every production service, workflow, source, model, agent, and canonical product SHALL publish owned quality indicators and objectives tied to user and institutional consequence.",V04-F017,infrastructure,missing,unverified,none,phase7,P7-D,FULL_PRODUCT_DELIVERY_REGISTER.md (SLO-001…022 listed only); apps/api/src/observation/coverage/coverage.service.ts:49 (9 coverage dimensions),"Owned quality indicators/objectives, governed telemetry populations, error budgets and breach-triggered degradation/notification are absent; SLO catalogue exists only on paper.",Spec verification class: Automated conformance test.,v04.txt:page 134:L6273,branch+main
ES-57-002,V4,57 Quality Contracts and SLOs,134,"Indicators SHALL be computed from governed telemetry with declared populations, windows, exclusions, aggregation, sampling, delay, and missing-data behavior.",V04-F017,infrastructure,missing,unverified,none,phase7,P7-D,FULL_PRODUCT_DELIVERY_REGISTER.md (SLO-001…022 listed only); apps/api/src/observation/coverage/coverage.service.ts:49 (9 coverage dimensions),"Owned quality indicators/objectives, governed telemetry populations, error budgets and breach-triggered degradation/notification are absent; SLO catalogue exists only on paper.",Spec verification class: Automated conformance test.,v04.txt:page 134:L6282,branch+main
ES-57-003,V4,57 Quality Contracts and SLOs,134,Intelligence products SHALL expose decision-active quality and uncertainty on the object; operational dashboards alone SHALL NOT satisfy product transparency.,V04-F017,infrastructure,missing,unverified,none,phase7,P7-D,FULL_PRODUCT_DELIVERY_REGISTER.md (SLO-001…022 listed only); apps/api/src/observation/coverage/coverage.service.ts:49 (9 coverage dimensions),"Owned quality indicators/objectives, governed telemetry populations, error budgets and breach-triggered degradation/notification are absent; SLO catalogue exists only on paper.",Spec verification class: Operational exercise.,v04.txt:page 134:L6291,branch+main
ES-57-004,V4,57 Quality Contracts and SLOs,134,"Error budgets SHALL govern change velocity and remediation priority but SHALL NOT authorize violation of security, privacy, human authority, or constitutional invariants.",V04-F017,infrastructure,missing,unverified,none,phase7,P7-D,FULL_PRODUCT_DELIVERY_REGISTER.md (SLO-001…022 listed only); apps/api/src/observation/coverage/coverage.service.ts:49 (9 coverage dimensions),"Owned quality indicators/objectives, governed telemetry populations, error budgets and breach-triggered degradation/notification are absent; SLO catalogue exists only on paper.",Spec verification class: Test + accountable review.,v04.txt:page 134:L6299,branch+main
ES-57-005,V4,57 Quality Contracts and SLOs,134,"A breached objective SHALL trigger declared degradation, consumer notification, product invalidation or constraint, accountable remediation, and closure evidence.",V04-F017,infrastructure,missing,unverified,none,phase7,P7-D,FULL_PRODUCT_DELIVERY_REGISTER.md (SLO-001…022 listed only); apps/api/src/observation/coverage/coverage.service.ts:49 (9 coverage dimensions),"Owned quality indicators/objectives, governed telemetry populations, error budgets and breach-triggered degradation/notification are absent; SLO catalogue exists only on paper.",Spec verification class: Automated conformance test.,v04.txt:page 134:L6308,branch+main
ES-58-001,V4,58 Performance and Capacity Engineering,136,"Each component SHALL define workload classes, scaling keys, service envelopes, saturation signals, admission behavior, and resource budgets.",V04-F017,infrastructure,missing,unverified,none,phase7,P7-D,apps/api/src/pipeline/http.ts:48-102 (security-intake limiter 120/min only),"Workload classes, scaling keys, admission control (no 429/EYE-CAP-001), capacity planning, priority isolation, production-representative performance tests (TS-013), scaling constraints.",Spec verification class: Security test.,v04.txt:page 136:L6362,main
ES-58-002,V4,58 Performance and Capacity Engineering,136,"Capacity planning SHALL model normal, forecast, campaign, source burst, geopolitical event, warning storm, model outage, recovery, and tenant-noise conditions.",V04-F017,infrastructure,missing,unverified,none,phase7,P7-D,apps/api/src/pipeline/http.ts:48-102 (security-intake limiter 120/min only),"Workload classes, scaling keys, admission control (no 429/EYE-CAP-001), capacity planning, priority isolation, production-representative performance tests (TS-013), scaling constraints.",Spec verification class: Fault / recovery test.,v04.txt:page 136:L6370,main
ES-58-003,V4,58 Performance and Capacity Engineering,136,"Interactive and consequential workloads SHALL be protected from analytical, training, simulation, export, and rebuild workloads through explicit priority and resource isolation.",V04-F017,infrastructure,missing,unverified,none,phase7,P7-D,apps/api/src/pipeline/http.ts:48-102 (security-intake limiter 120/min only),"Workload classes, scaling keys, admission control (no 429/EYE-CAP-001), capacity planning, priority isolation, production-representative performance tests (TS-013), scaling constraints.",Spec verification class: Security test.,v04.txt:page 136:L6378,main
ES-58-004,V4,58 Performance and Capacity Engineering,136,"Performance tests SHALL preserve production-representative object sizes, graph density, temporal depth, policy evaluation, encryption, audit, and provenance overhead.",V04-F017,infrastructure,missing,unverified,none,phase7,P7-D,apps/api/src/pipeline/http.ts:48-102 (security-intake limiter 120/min only),"Workload classes, scaling keys, admission control (no 429/EYE-CAP-001), capacity planning, priority isolation, production-representative performance tests (TS-013), scaling constraints.",Spec verification class: Security test.,v04.txt:page 136:L6386,main
ES-58-005,V4,58 Performance and Capacity Engineering,136,"Autoscaling or operator scaling SHALL respect tenancy, sovereignty, key locality, state movement, warm-up, model availability, and downstream capacity constraints.",V04-F017,infrastructure,missing,unverified,none,phase7,P7-D,apps/api/src/pipeline/http.ts:48-102 (security-intake limiter 120/min only),"Workload classes, scaling keys, admission control (no 429/EYE-CAP-001), capacity planning, priority isolation, production-representative performance tests (TS-013), scaling constraints.",Spec verification class: Security test.,v04.txt:page 136:L6394,main
ES-59-001,V4,59 Availability and Resilience,138,"Every component SHALL identify failure domains, critical dependencies, required availability, recovery objectives, isolation controls, and declared degraded states.",V04-F018,infrastructure,partial,passed:harness,merged,phase0,P7-D,"apps/api/src/health/health.controller.ts:32-53 (/healthz,/readyz); apps/api/src/health/degraded-reconciliation.service.ts; test/int/gate22-degraded-recovery.test.ts; migrations/0020_governed_degraded_recovery.sql; test/int/gate22-degraded-recovery.test.ts:93,123; migrations/0015:35 (retry budget)","Failure-domain declarations, jittered/circuit-broken retries, HA/failover, cell blast-radius limits, partition/failover reconciliation (single process, single Postgres).",Spec verification class: Fault / recovery test.,v04.txt:page 138:L6443,main+test
ES-59-002,V4,59 Availability and Resilience,138,"Retries SHALL be bounded, jittered, idempotent, deadline-aware, and subordinate to circuit breaking and system-wide load protection.",V04-F018,infrastructure,partial,passed:harness,merged,phase0,P7-D,migrations/0015:35 (retry budget 10); phase1-fault-injection.test.ts,"Jitter, deadline-awareness, circuit breaking and system-wide load protection absent.",Spec verification class: Automated conformance test. | UNRESOLVED pointer(s) at 2e83945: scheduler.service.ts:165 (backoff),v04.txt:page 138:L6451,main+test
ES-59-003,V4,59 Availability and Resilience,138,Intelligence Cells SHALL limit tenant and workload blast radius while shared control services SHALL degrade without creating cross-domain data or authority failure.,V04-F018,infrastructure,partial,passed:harness,merged,phase0,P7-D,"apps/api/src/health/health.controller.ts:32-53 (/healthz,/readyz); apps/api/src/health/degraded-reconciliation.service.ts; test/int/gate22-degraded-recovery.test.ts; migrations/0020_governed_degraded_recovery.sql; test/int/gate22-degraded-recovery.test.ts:93,123; migrations/0015:35 (retry budget)","Failure-domain declarations, jittered/circuit-broken retries, HA/failover, cell blast-radius limits, partition/failover reconciliation (single process, single Postgres).",Spec verification class: Fault / recovery test.,v04.txt:page 138:L6460,main+test
ES-59-004,V4,59 Availability and Resilience,138,"Fallback SHALL preserve identity, policy, provenance, time, uncertainty, and decision-use semantics; a lower-quality path SHALL be declared and constrained.",V04-F018,infrastructure,partial,passed:harness,merged,phase0,P7-D,"apps/api/src/health/health.controller.ts:32-53 (/healthz,/readyz); apps/api/src/health/degraded-reconciliation.service.ts; test/int/gate22-degraded-recovery.test.ts; migrations/0020_governed_degraded_recovery.sql; test/int/gate22-degraded-recovery.test.ts:93,123; migrations/0015:35 (retry budget)","Failure-domain declarations, jittered/circuit-broken retries, HA/failover, cell blast-radius limits, partition/failover reconciliation (single process, single Postgres).",Spec verification class: Security test.,v04.txt:page 138:L6468,main+test
ES-59-005,V4,59 Availability and Resilience,138,"Recovery from partition or failover SHALL reconcile authoritative state, event order, workflow effects, audit, caches, and projections before normal status resumes.",V04-F018,infrastructure,partial,passed:harness,merged,phase0,P7-D,"apps/api/src/health/degraded-reconciliation.service.ts; migrations/0020; test/int/gate22-degraded-recovery.test.ts:93,123; test/acceptance/acceptance.test.ts:1019",Reconciliation covers audit availability incidents only; event order/workflow effects/projections are not reconciled after failover (no failover).,Spec verification class: Fault / recovery test.,v04.txt:page 138:L6476,main+test
ES-60-001,V4,60 Degraded Service Semantics,140,"Every customer-visible component and canonical product SHALL publish degraded modes, entry and exit criteria, guarantees, prohibitions, operator actions, and consumer signals.",V04-F018,infrastructure,partial,passed:harness,branch-only,phase0,P7-D,"apps/api/src/health/health.controller.ts:32-53 (/healthz,/readyz); apps/api/src/health/degraded-reconciliation.service.ts; test/int/gate22-degraded-recovery.test.ts; test/acceptance/acceptance.test.ts:1019 (restarted process reports degraded until governed reconciliation); migrations/0029 ~475-520 (attention_state); 0031:168-196 (warning expiry)",Published degraded-mode catalogue per component/product with entry/exit criteria; stale markers with cause/scope/review on all products; read-only mode; manual-continuity reconciliation; accountable exit confirmation.,Spec verification class: Fault / recovery test. | release_status merged → branch-only from the evidence at 2e83945,v04.txt:page 140:L6528,branch+main+test
ES-60-002,V4,60 Degraded Service Semantics,140,"Stale data SHALL carry last successful observation or computation time, cause, affected scope, expected review, and decision-use constraint.",V04-F018,infrastructure,partial,passed:harness,branch-only,phase0,P7-D,"migrations/0031:168-196 (warning expiry); 0029 ~475-520 (attention_state); 0022:2073 (replay_health); apps/web/lib/warning-timing.ts; test/int/phase4-corrections-2.test.ts:152,164","Stale markers lack cause, affected scope, expected review and decision-use constraint on most products.",Spec verification class: Automated conformance test. | release_status merged → branch-only from the evidence at 2e83945,v04.txt:page 140:L6536,branch+test
ES-60-003,V4,60 Degraded Service Semantics,140,"Read-only mode SHALL prevent all indirect writes, side effects, acknowledgements, learning releases, approvals, and hidden queueing not explicitly declared.",V04-F018,infrastructure,partial,passed:harness,branch-only,phase0,P7-D,"apps/api/src/health/health.controller.ts:32-53 (/healthz,/readyz); apps/api/src/health/degraded-reconciliation.service.ts; test/int/gate22-degraded-recovery.test.ts; test/acceptance/acceptance.test.ts:1019 (restarted process reports degraded until governed reconciliation); migrations/0029 ~475-520 (attention_state); 0031:168-196 (warning expiry)",Published degraded-mode catalogue per component/product with entry/exit criteria; stale markers with cause/scope/review on all products; read-only mode; manual-continuity reconciliation; accountable exit confirmation.,Spec verification class: Test + accountable review. | release_status merged → branch-only from the evidence at 2e83945,v04.txt:page 140:L6545,branch+main+test
ES-60-004,V4,60 Degraded Service Semantics,140,"Manual continuity SHALL preserve authenticated authority, evidence, version, policy, audit, and later reconciliation with system state.",V04-F018,infrastructure,partial,passed:harness,branch-only,phase0,P7-D,"apps/api/src/health/health.controller.ts:32-53 (/healthz,/readyz); apps/api/src/health/degraded-reconciliation.service.ts; test/int/gate22-degraded-recovery.test.ts; test/acceptance/acceptance.test.ts:1019 (restarted process reports degraded until governed reconciliation); migrations/0029 ~475-520 (attention_state); 0031:168-196 (warning expiry)",Published degraded-mode catalogue per component/product with entry/exit criteria; stale markers with cause/scope/review on all products; read-only mode; manual-continuity reconciliation; accountable exit confirmation.,Spec verification class: Security test. | release_status merged → branch-only from the evidence at 2e83945,v04.txt:page 140:L6554,branch+main+test
ES-60-005,V4,60 Degraded Service Semantics,140,"Exit to normal SHALL require dependency health, backlog treatment, state reconciliation, audit closure, product refresh or invalidation, and accountable confirmation.",V04-F018,infrastructure,partial,passed:harness,branch-only,phase0,P7-D,"apps/api/src/health/health.controller.ts:32-53 (/healthz,/readyz); apps/api/src/health/degraded-reconciliation.service.ts; test/int/gate22-degraded-recovery.test.ts; test/acceptance/acceptance.test.ts:1019 (restarted process reports degraded until governed reconciliation); migrations/0029 ~475-520 (attention_state); 0031:168-196 (warning expiry)",Published degraded-mode catalogue per component/product with entry/exit criteria; stale markers with cause/scope/review on all products; read-only mode; manual-continuity reconciliation; accountable exit confirmation.,Spec verification class: Automated conformance test. | release_status merged → branch-only from the evidence at 2e83945,v04.txt:page 140:L6562,branch+main+test
ES-61-001,V4,"61 Backup, Recovery, and Disaster Recovery",142,"Each state owner SHALL define backup scope, frequency, consistency boundary, retention, encryption, custody, restoration order, RPO, RTO, and verification owner.",V04-F018,infrastructure,missing,unverified,none,phase7,P7-D,docker-compose.yml (local volumes only); EXCEPTIONS.md EXC-P1-002 (evidence vault on local Docker volumes),"No backup, PITR, restore rehearsal, RPO/RTO, DR runbook, isolated restore verification or recovery plans for corruption/ransomware/key loss (TS-015 absent).",Spec verification class: Security test.,v04.txt:page 142:L6616,main
ES-61-002,V4,"61 Backup, Recovery, and Disaster Recovery",142,"Backups SHALL include or reference exact schema, policy, key, artifact, workflow, event, and dependency versions required for restoration.",V04-F018,infrastructure,missing,unverified,none,phase7,P7-D,docker-compose.yml (local volumes only); EXCEPTIONS.md EXC-P1-002 (evidence vault on local Docker volumes),"No backup, PITR, restore rehearsal, RPO/RTO, DR runbook, isolated restore verification or recovery plans for corruption/ransomware/key loss (TS-015 absent).",Spec verification class: Security test.,v04.txt:page 142:L6624,main
ES-61-003,V4,"61 Backup, Recovery, and Disaster Recovery",142,"Restoration SHALL occur into isolated infrastructure, verify integrity and authority, reconcile cross-store state, rebuild projections, and validate product behavior before traffic resumes.",V04-F018,infrastructure,missing,unverified,none,phase7,P7-D,docker-compose.yml (local volumes only); EXCEPTIONS.md EXC-P1-002 (evidence vault on local Docker volumes),"No backup, PITR, restore rehearsal, RPO/RTO, DR runbook, isolated restore verification or recovery plans for corruption/ransomware/key loss (TS-015 absent).",Spec verification class: Test + accountable review.,v04.txt:page 142:L6632,main
ES-61-004,V4,"61 Backup, Recovery, and Disaster Recovery",142,"Disaster recovery SHALL preserve sovereignty, tenant isolation, customer-held key authority, administration boundaries, and deployment semantic parity.",V04-F018,infrastructure,missing,unverified,none,phase7,P7-D,docker-compose.yml (local volumes only); EXCEPTIONS.md EXC-P1-002 (evidence vault on local Docker volumes),"No backup, PITR, restore rehearsal, RPO/RTO, DR runbook, isolated restore verification or recovery plans for corruption/ransomware/key loss (TS-015 absent).",Spec verification class: Fault / recovery test.,v04.txt:page 142:L6641,main
ES-61-005,V4,"61 Backup, Recovery, and Disaster Recovery",142,"Recovery plans SHALL cover corruption, deletion, ransomware, region loss, control-plane loss, key loss, supply-chain compromise, and operator error.",V04-F018,infrastructure,missing,unverified,none,phase7,P7-D,docker-compose.yml (local volumes only); EXCEPTIONS.md EXC-P1-002 (evidence vault on local Docker volumes),"No backup, PITR, restore rehearsal, RPO/RTO, DR runbook, isolated restore verification or recovery plans for corruption/ransomware/key loss (TS-015 absent).",Spec verification class: Fault / recovery test.,v04.txt:page 142:L6649,main
ES-62-001,V4,62 Observability and Telemetry,144,"Every request, event, workflow, agent run, model call, object transition, and external effect SHALL propagate trace and causation context across synchronous and asynchronous boundaries.",V04-F019,infrastructure,partial,passed:harness,merged,phase7,P7-D,"apps/api/src/shared/correlation.ts; test/acceptance/acceptance.test.ts:1256,1266 (correlation integrity)",No distributed trace_id propagation into BullMQ workers/agents/model calls.,"Phase 7 four-plane observability (master build prompt). Spec verification class: Automated conformance test. | UNRESOLVED pointer(s) at 2e83945: pipeline.service.ts:387-388,460 (causation_id) | release_status none → merged from the evidence at 2e83945",v04.txt:page 144:L6704,main+test
ES-62-002,V4,62 Observability and Telemetry,144,"Telemetry SHALL include service, dependency, queue, workflow, quality, security, policy, model, agent, cost, and customer-impact signals owned by named teams.",V04-F019,infrastructure,partial,unverified,merged,phase7,P7-D,"apps/api/src/shared/correlation.ts (correlation/causation propagation); apps/api/src/config/config.ts:47 (redact_fields); apps/api/src/health/health.controller.ts:32-53 (/healthz,/readyz); apps/api/src/health/degraded-reconciliation.service.ts; test/int/gate22-degraded-recovery.test.ts","No OpenTelemetry tracing/metrics, no alerting/dashboards, pino declared not used, no telemetry pipeline contracts, no multi-dimensional health (infra/control/data/product/quality).",Phase 7 four-plane observability (master build prompt). Spec verification class: Security test. | release_status none → merged from the evidence at 2e83945,v04.txt:page 144:L6714,main+test
ES-62-003,V4,62 Observability and Telemetry,144,Logs and traces SHALL exclude secrets and minimize customer content; protected evidence SHALL remain referenced by governed identifiers rather than duplicated.,V04-F019,infrastructure,implemented,passed:harness,merged,phase7,done,"apps/api/src/observation/connectors/redaction.ts; test/acceptance/acceptance.test.ts:964,1003 (never echoes payload/password)",,Phase 7 four-plane observability (master build prompt). Spec verification class: Security test. | UNRESOLVED pointer(s) at 2e83945: config.ts:47 | release_status none → merged from the evidence at 2e83945,v04.txt:page 144:L6722,main+test
ES-62-004,V4,62 Observability and Telemetry,144,"Health SHALL distinguish infrastructure, control, data, product, quality, and decision-use state and SHALL NOT reduce them to a single green indicator.",V04-F019,infrastructure,partial,unverified,merged,phase7,P7-D,"apps/api/src/shared/correlation.ts (correlation/causation propagation); apps/api/src/config/config.ts:47 (redact_fields); apps/api/src/health/health.controller.ts:32-53 (/healthz,/readyz); apps/api/src/health/degraded-reconciliation.service.ts; test/int/gate22-degraded-recovery.test.ts","No OpenTelemetry tracing/metrics, no alerting/dashboards, pino declared not used, no telemetry pipeline contracts, no multi-dimensional health (infra/control/data/product/quality).",Phase 7 four-plane observability (master build prompt). Spec verification class: Negative conformance test. | release_status none → merged from the evidence at 2e83945,v04.txt:page 144:L6730,main+test
ES-62-005,V4,62 Observability and Telemetry,144,"Telemetry pipelines SHALL have their own availability, integrity, loss, delay, sampling, retention, residency, access, and recovery contracts.",V04-F019,infrastructure,partial,unverified,merged,phase7,P7-D,"apps/api/src/shared/correlation.ts (correlation/causation propagation); apps/api/src/config/config.ts:47 (redact_fields); apps/api/src/health/health.controller.ts:32-53 (/healthz,/readyz); apps/api/src/health/degraded-reconciliation.service.ts; test/int/gate22-degraded-recovery.test.ts","No OpenTelemetry tracing/metrics, no alerting/dashboards, pino declared not used, no telemetry pipeline contracts, no multi-dimensional health (infra/control/data/product/quality).",Phase 7 four-plane observability (master build prompt). Spec verification class: Fault / recovery test. | release_status none → merged from the evidence at 2e83945,v04.txt:page 144:L6739,main+test
ES-63-001,V4,"63 Incident, Change, and Problem Management",146,"Incident classification SHALL consider strategic and decision impact, data and tenant scope, authority, quality, provenance, explainability, sovereignty, and legal obligation in addition to uptime.",V04-F019,infrastructure,missing,unverified,none,phase7,P7-D,migrations/0004_audit.sql:67 (integrity_incidents append-only); apps/api/src/audit/reconcile-degraded.ts (governed availability-incident reconciliation),"Incident classification, JIT responder access, incident workflow, emergency-change governance, recovery declaration criteria, post-incident lesson proposals — no runbooks/incident process exist.",Support/incident service workflows also listed under P7-F. Spec verification class: Security test.,v04.txt:page 146:L6793,main
ES-63-002,V4,"63 Incident, Change, and Problem Management",146,"Responders SHALL use just-in-time controlled access, named roles, an incident workflow, protected evidence, decision logs, communication authority, and independent audit.",V04-F019,infrastructure,missing,unverified,none,phase7,P7-D,migrations/0004_audit.sql:67 (integrity_incidents append-only); apps/api/src/audit/reconcile-degraded.ts (governed availability-incident reconciliation),"Incident classification, JIT responder access, incident workflow, emergency-change governance, recovery declaration criteria, post-incident lesson proposals — no runbooks/incident process exist.",Support/incident service workflows also listed under P7-F. Spec verification class: Test + accountable review.,v04.txt:page 146:L6802,main
ES-63-003,V4,"63 Incident, Change, and Problem Management",146,"Emergency changes SHALL remain versioned, reviewed, tested to the feasible extent, time-bounded, monitored, reversible, and subject to post-event ratification or removal.",V04-F019,infrastructure,missing,unverified,none,phase7,P7-D,migrations/0004_audit.sql:67 (integrity_incidents append-only); apps/api/src/audit/reconcile-degraded.ts (governed availability-incident reconciliation),"Incident classification, JIT responder access, incident workflow, emergency-change governance, recovery declaration criteria, post-incident lesson proposals — no runbooks/incident process exist.",Support/incident service workflows also listed under P7-F. Spec verification class: Operational exercise.,v04.txt:page 146:L6811,main
ES-63-004,V4,"63 Incident, Change, and Problem Management",146,"Recovery declaration SHALL require technical, canonical state, workflow, audit, product, customer-impact, and control reconciliation appropriate to the incident.",V04-F019,infrastructure,missing,unverified,none,phase7,P7-D,migrations/0004_audit.sql:67 (integrity_incidents append-only); apps/api/src/audit/reconcile-degraded.ts (governed availability-incident reconciliation),"Incident classification, JIT responder access, incident workflow, emergency-change governance, recovery declaration criteria, post-incident lesson proposals — no runbooks/incident process exist.",Support/incident service workflows also listed under P7-F. Spec verification class: Fault / recovery test.,v04.txt:page 146:L6819,main
ES-63-005,V4,"63 Incident, Change, and Problem Management",146,"Post-incident learning SHALL generate owned corrective actions and lesson proposals with deadlines, verification, effectiveness monitoring, and recurrence linkage.",V04-F019,infrastructure,missing,unverified,none,phase7,P7-D,migrations/0004_audit.sql:67 (integrity_incidents append-only); apps/api/src/audit/reconcile-degraded.ts (governed availability-incident reconciliation),"Incident classification, JIT responder access, incident workflow, emergency-change governance, recovery declaration criteria, post-incident lesson proposals — no runbooks/incident process exist.",Support/incident service workflows also listed under P7-F. Spec verification class: Operational exercise.,v04.txt:page 146:L6827,main
ES-64-001,V4,64 Operational Data Lifecycle,148,"Every persistent and transient state class SHALL have an accountable owner, authority classification, policy, retention, recovery, export, correction, and deletion profile.",V04-F019,data-platform,partial,passed:harness,branch-only,phase1,P3,"migrations/0028_phase4_source_contract_v2.sql:20+; 0022:375,395,956,1279-1301 (legal_hold column, set_rights_state, tombstones); apps/api/src/observation/vault/vault.service.ts:233; migrations/0005_audit_rebuild_rls_fix.sql (audit.rebuild_chain_heads); 0022:1862; 0023:938; 0024:1436 (projection rebuild functions); test/int/phase6-scheduled-corrections.test.ts:222; phase3-corrections.test.ts:891,922","State-class lifecycle profiles, compaction/archival, temporary-state cleanup guarantees, lifecycle propagation to replicas/exports/backups; retention purge job absent.",Spec verification class: Fault / recovery test. | UNRESOLVED pointer(s) at 2e83945: apps/api/src/observation/quarantine/sweeper.service.ts:102-117 (quarantine TTL only); apps/api/src/observation/quarantine/sweeper.service.ts:102-117 | release_status merged → branch-only from the evidence at 2e83945,v04.txt:page 148:L6877,branch+main+test
ES-64-002,V4,64 Operational Data Lifecycle,148,"Projections, caches, indexes, vectors, and summaries SHALL be reconstructable from declared canonical inputs or explicitly designated as authoritative state.",V04-F019,data-platform,partial,passed:harness,branch-only,phase1,P3,"migrations/0028_phase4_source_contract_v2.sql:20+; 0022:375,395,956,1279-1301 (legal_hold column, set_rights_state, tombstones); apps/api/src/observation/vault/vault.service.ts:233; migrations/0005_audit_rebuild_rls_fix.sql (audit.rebuild_chain_heads); 0022:1862; 0023:938; 0024:1436 (projection rebuild functions); test/int/phase6-scheduled-corrections.test.ts:222; phase3-corrections.test.ts:891,922","State-class lifecycle profiles, compaction/archival, temporary-state cleanup guarantees, lifecycle propagation to replicas/exports/backups; retention purge job absent.",Spec verification class: Automated conformance test. | UNRESOLVED pointer(s) at 2e83945: apps/api/src/observation/quarantine/sweeper.service.ts:102-117 (quarantine TTL only); apps/api/src/observation/quarantine/sweeper.service.ts:102-117 | release_status merged → branch-only from the evidence at 2e83945,v04.txt:page 148:L6885,branch+main+test
ES-64-003,V4,64 Operational Data Lifecycle,148,"Compaction and archival SHALL preserve identity, temporal truth, provenance, correction, audit, and Decision Replay requirements.",V04-F019,data-platform,partial,passed:harness,branch-only,phase1,P3,"migrations/0028_phase4_source_contract_v2.sql:20+; 0022:375,395,956,1279-1301 (legal_hold column, set_rights_state, tombstones); apps/api/src/observation/vault/vault.service.ts:233; migrations/0005_audit_rebuild_rls_fix.sql (audit.rebuild_chain_heads); 0022:1862; 0023:938; 0024:1436 (projection rebuild functions); test/int/phase6-scheduled-corrections.test.ts:222; phase3-corrections.test.ts:891,922","State-class lifecycle profiles, compaction/archival, temporary-state cleanup guarantees, lifecycle propagation to replicas/exports/backups; retention purge job absent.",Spec verification class: Security test. | UNRESOLVED pointer(s) at 2e83945: apps/api/src/observation/quarantine/sweeper.service.ts:102-117 (quarantine TTL only); apps/api/src/observation/quarantine/sweeper.service.ts:102-117 | release_status merged → branch-only from the evidence at 2e83945,v04.txt:page 148:L6894,branch+main+test
ES-64-004,V4,64 Operational Data Lifecycle,148,"Temporary state SHALL use bounded lifetime, encrypted storage, tenant isolation, crash cleanup, and verifiable deletion appropriate to classification.",V04-F019,data-platform,partial,passed:harness,branch-only,phase1,P3,"migrations/0028_phase4_source_contract_v2.sql:20+; 0022:375,395,956,1279-1301 (legal_hold column, set_rights_state, tombstones); apps/api/src/observation/vault/vault.service.ts:233; migrations/0005_audit_rebuild_rls_fix.sql (audit.rebuild_chain_heads); 0022:1862; 0023:938; 0024:1436 (projection rebuild functions); test/int/phase6-scheduled-corrections.test.ts:222; phase3-corrections.test.ts:891,922","State-class lifecycle profiles, compaction/archival, temporary-state cleanup guarantees, lifecycle propagation to replicas/exports/backups; retention purge job absent.",Spec verification class: Security test. | UNRESOLVED pointer(s) at 2e83945: apps/api/src/observation/quarantine/sweeper.service.ts:102-117 (quarantine TTL only); apps/api/src/observation/quarantine/sweeper.service.ts:102-117 | release_status merged → branch-only from the evidence at 2e83945,v04.txt:page 148:L6902,branch+main+test
ES-64-005,V4,64 Operational Data Lifecycle,148,"Lifecycle actions SHALL propagate to replicas, caches, exports, model context, evaluation data, support artifacts, backups, and disconnected deployments according to policy.",V04-F019,data-platform,partial,passed:harness,branch-only,phase1,P3,"migrations/0028_phase4_source_contract_v2.sql:20+; 0022:375,395,956,1279-1301 (legal_hold column, set_rights_state, tombstones); apps/api/src/observation/vault/vault.service.ts:233; migrations/0005_audit_rebuild_rls_fix.sql (audit.rebuild_chain_heads); 0022:1862; 0023:938; 0024:1436 (projection rebuild functions); test/int/phase6-scheduled-corrections.test.ts:222; phase3-corrections.test.ts:891,922","State-class lifecycle profiles, compaction/archival, temporary-state cleanup guarantees, lifecycle propagation to replicas/exports/backups; retention purge job absent.",Spec verification class: Security test. | UNRESOLVED pointer(s) at 2e83945: apps/api/src/observation/quarantine/sweeper.service.ts:102-117 (quarantine TTL only); apps/api/src/observation/quarantine/sweeper.service.ts:102-117 | release_status merged → branch-only from the evidence at 2e83945,v04.txt:page 148:L6910,branch+main+test
ES-65-001,V4,65 Repository and Module Standards,151,"Each repository SHALL declare mapped layer and component IDs, owners, supported artifacts, build environment, dependencies, interfaces, state access, controls, tests, and release path.",V04-F020,governance-docs,partial,passed:ci,merged,phase0,P7-D,".dependency-cruiser.cjs; .github/workflows/ci.yml: build-test ""Module boundaries (dependency-cruiser, blocking)""; tsconfig base; conformance.manifest.json (Phase 0 units only; maps paths→component_ids→controls); scripts/gate/scanner-pins.json (gitleaks in supply-chain job); EXCEPTIONS.md","No CODEOWNERS, no ADR files (DECISIONS.md inline), manifest covers Phase 0 units only; generated-artifact reproducibility review not formalised.",Spec verification class: Test + accountable review.,v04.txt:page 151:L6969,main+test
ES-65-002,V4,65 Repository and Module Standards,151,"Modules SHALL expose only versioned public contracts and SHALL NOT bypass owners through internal imports, shared schemas, direct database access, or generated client modifications.",V04-F020,governance-docs,partial,passed:ci,merged,phase0,P7-D,".dependency-cruiser.cjs; .github/workflows/ci.yml: build-test ""Module boundaries (dependency-cruiser, blocking)""; tsconfig base; conformance.manifest.json (Phase 0 units only; maps paths→component_ids→controls); scripts/gate/scanner-pins.json (gitleaks in supply-chain job); EXCEPTIONS.md","No CODEOWNERS, no ADR files (DECISIONS.md inline), manifest covers Phase 0 units only; generated-artifact reproducibility review not formalised.",Spec verification class: Test + accountable review.,v04.txt:page 151:L6979,main+test
ES-65-003,V4,65 Repository and Module Standards,151,"Dependency direction SHALL follow declared architecture boundaries and SHALL be continuously checked for cycles, forbidden imports, and undeclared runtime links.",V04-F020,governance-docs,implemented,passed:ci,merged,phase0,done,".dependency-cruiser.cjs; .github/workflows/ci.yml: build-test ""Module boundaries (dependency-cruiser, blocking)""",,Spec verification class: Automated conformance test.,v04.txt:page 151:L6989,main+test
ES-65-004,V4,65 Repository and Module Standards,151,"Generated code, schemas, clients, policies, infrastructure, prompts, and documentation SHALL be reproducible and reviewed from authoritative sources.",V04-F020,governance-docs,partial,passed:ci,merged,phase0,P7-D,".dependency-cruiser.cjs; .github/workflows/ci.yml: build-test ""Module boundaries (dependency-cruiser, blocking)""; tsconfig base; conformance.manifest.json (Phase 0 units only; maps paths→component_ids→controls); scripts/gate/scanner-pins.json (gitleaks in supply-chain job); EXCEPTIONS.md","No CODEOWNERS, no ADR files (DECISIONS.md inline), manifest covers Phase 0 units only; generated-artifact reproducibility review not formalised.",Spec verification class: Automated conformance test.,v04.txt:page 151:L6998,main+test
ES-65-005,V4,65 Repository and Module Standards,151,"Secrets, customer content, production identifiers, unlicensed data, mutable binaries, and environment-specific authority SHALL be prohibited from source repositories.",V04-F020,governance-docs,implemented,passed:ci,merged,phase0,done,.github/workflows/ci.yml: supply-chain (gitleaks pinned); scripts/gate/install-scanners.sh; test/acceptance/acceptance.test.ts:814,,EXC-P0-005 covers local .env only. Spec verification class: Security test.,v04.txt:page 151:L7007,main+test
ES-66-001,V4,66 Configuration and Feature Control,153,"All production configuration SHALL be schema validated, version controlled, reviewed, approved, signed, promoted, and audited through a controlled path.",V04-F020,infrastructure,partial,unverified,merged,phase0,P7-D,"apps/api/src/config/config.ts (zod schema, eye.* namespace, ENV_MAP, fail-closed; eye.runtime.env local|test only)","Signing, promotion and audit of configuration changes; config is env-driven and schema-validated only.",Spec verification class: Automated conformance test. | passed:ci lacked a resolved test/CI pointer → unverified,v04.txt:page 153:L7053,main
ES-66-002,V4,66 Configuration and Feature Control,153,Defaults SHALL be safe and semantically identical across deployment modes unless the specification explicitly identifies a physical implementation difference.,V04-F020,infrastructure,partial,unverified,merged,phase0,P7-D,"apps/api/src/config/config.ts (zod schema, eye.* namespace, ENV_MAP, fail-closed; eye.runtime.env local|test only) (fail-closed defaults)",Only local|test environments exist; parity of defaults across modes untestable.,Spec verification class: Automated conformance test. | passed:ci lacked a resolved test/CI pointer → unverified,v04.txt:page 153:L7062,main
ES-66-003,V4,66 Configuration and Feature Control,153,"Feature flags SHALL have an owner, purpose, eligible scope, dependency, telemetry, rollout, expiry, removal, and degraded- state behavior.",V04-F020,infrastructure,missing,unverified,none,phase7,P7-D,,No feature-flag system exists (eye.features.* namespace unused).,Spec verification class: Fault / recovery test.,v04.txt:page 153:L7071,
ES-66-004,V4,66 Configuration and Feature Control,153,"Configuration changes affecting security, policy, object meaning, model or agent behavior, human authority, data lifecycle, or deployment parity SHALL receive independent domain approval.",V04-F020,infrastructure,partial,passed:ci,merged,phase0,P7-D,"apps/api/src/config/config.ts (zod schema, eye.* namespace, ENV_MAP, fail-closed; eye.runtime.env local|test only); DECISIONS.md ADR-P0-15 (schema-validated versioned configuration); test/acceptance/acceptance.test.ts:298","Configuration signing/versioning/promotion path, feature-flag lifecycle (none exist), independent domain approval for security-affecting config, effective-config version exposure and stale/unsigned rejection.",Spec verification class: Security test.,v04.txt:page 153:L7079,main+test
ES-66-005,V4,66 Configuration and Feature Control,153,"Runtime components SHALL expose effective configuration version and reject invalid, stale, unsigned, conflicting, or authority-incompatible updates.",V04-F020,infrastructure,partial,passed:ci,merged,phase0,P7-D,"apps/api/src/config/config.ts (zod schema, eye.* namespace, ENV_MAP, fail-closed; eye.runtime.env local|test only); DECISIONS.md ADR-P0-15 (schema-validated versioned configuration); test/acceptance/acceptance.test.ts:298","Configuration signing/versioning/promotion path, feature-flag lifecycle (none exist), independent domain approval for security-affecting config, effective-config version exposure and stale/unsigned rejection.",Spec verification class: Test + accountable review.,v04.txt:page 153:L7087,main+test
ES-67-001,V4,67 Test Architecture,155,Every normative requirement SHALL map to one or more owned verification methods and release evidence records.,V04-F020,governance-docs,partial,passed:ci,branch-only,phase0,P7-D,"apps/api/test/unit; test/int; test/acceptance; test/gate; e2e/*.spec.ts; packages/contracts/test; .github/workflows/ci.yml (build-test, browser-regression, supply-chain jobs)","Requirement→verification mapping (none); consumer contract tests (none); performance/chaos/DR/privacy/parity suites absent (TS-013…015, 017, 018, 020); AI tests limited to backtest thresholds.",Spec verification class: Automated conformance test. | release_status merged → branch-only from the evidence at 2e83945,v04.txt:page 155:L7136,branch+main+test
ES-67-002,V4,67 Test Architecture,155,"Contract tests SHALL run for every provider and consumer version and include errors, abstention, retries, ordering, compatibility, policy, and degraded behavior.",V04-F020,governance-docs,partial,passed:ci,branch-only,phase0,P7-D,"apps/api/test/unit; test/int; test/acceptance; test/gate; e2e/*.spec.ts; packages/contracts/test; .github/workflows/ci.yml (build-test, browser-regression, supply-chain jobs)","Requirement→verification mapping (none); consumer contract tests (none); performance/chaos/DR/privacy/parity suites absent (TS-013…015, 017, 018, 020); AI tests limited to backtest thresholds.",Spec verification class: Fault / recovery test. | release_status merged → branch-only from the evidence at 2e83945,v04.txt:page 155:L7144,branch+main+test
ES-67-003,V4,67 Test Architecture,155,"Canonical conformance suites SHALL validate identity, time, truth, provenance, correction, human authority, deployment parity, and replay across the complete strategic loop.",V04-F020,governance-docs,partial,passed:ci,branch-only,phase0,P7-D,apps/api/test/acceptance/acceptance.test.ts (15 criteria); e2e/*.spec.ts,No single canonical conformance suite across the loop; parity and replay-across-loop fixtures absent.,Spec verification class: Security test. | UNRESOLVED pointer(s) at 2e83945: test/int/phase1…phase6 suites | release_status merged → branch-only from the evidence at 2e83945,v04.txt:page 155:L7152,branch+main+test
ES-67-004,V4,67 Test Architecture,155,"AI and probabilistic tests SHALL use distributions, calibration, slices, uncertainty, abstention, drift, challenge, and outcome measures rather than deterministic exact-match alone.",V04-F020,governance-docs,partial,passed:ci,branch-only,phase0,P7-D,test/unit/phase4-models.test.ts,"Slices, drift, challenge and outcome measures absent (TS-011).","Spec verification class: Automated conformance test. | UNRESOLVED pointer(s) at 2e83945: forecasting.service.ts:276,457 (backtest/calibration thresholds) | release_status merged → branch-only from the evidence at 2e83945",v04.txt:page 155:L7160,branch+test
ES-67-005,V4,67 Test Architecture,155,"Production-like system tests SHALL include real control enforcement, encryption, audit, data scale, temporal depth, graph density, model and agent boundaries, and failure injection.",V04-F020,governance-docs,partial,passed:harness,branch-only,phase0,P7-D,"test/int/* run against real Postgres with RLS, PDP and audit; phase1-fault-injection.test.ts (failure injection)","Encryption, data scale, temporal depth and graph density are not production-representative.",Spec verification class: Fault / recovery test. | release_status merged → branch-only from the evidence at 2e83945,v04.txt:page 155:L7169,branch+main+test
ES-68-001,V4,68 CI/CD and Release Gates,157,"Builds SHALL execute in isolated, ephemeral, least-privilege environments from pinned inputs and SHALL produce signed provenance and composition attestations.",V04-F021,infrastructure,partial,passed:ci,merged,phase0,P7-D,apps/api/test/gate/hermetic-isolation.test.ts:95-146; scripts/gate/install-scanners.sh (pinned digests); .github/workflows/c19-anchor.yml (signed evidence); scripts/generate-sbom.mjs,"Provenance/composition attestations exist for gate evidence, not for a build artifact.",Spec verification class: Automated conformance test.,v04.txt:page 157:L7222,main+test
ES-68-002,V4,68 CI/CD and Release Gates,157,The same immutable artifact set SHALL be promoted across environments; production-specific rebuilds or manual binary replacement are prohibited.,V04-F021,infrastructure,missing,unverified,none,phase7,P7-D,scripts/gate/target-descriptor.json:17-25 (no Dockerfile/app image; compose provides Postgres+Redis only),No artifact set exists to promote.,Spec verification class: Negative conformance test.,v04.txt:page 157:L7231,main+test
ES-68-003,V4,68 CI/CD and Release Gates,157,"Release gates SHALL evaluate architecture conformance, tests, contracts, vulnerabilities, licenses, policy, privacy, data migration, AI fitness, performance, resilience, recovery, observability, runbooks, and documentation.",V04-F021,infrastructure,partial,passed:ci,merged,phase0,P7-D,".github/workflows/ci.yml (build-test, browser-regression, supply-chain jobs); .github/workflows/ci.yml: build-test ""C18 dual-path database history gate""; scripts/gate/c18-gate.mjs; scripts/gate/c18-watchdog.mjs; apps/api/test/gate/c18-db-paths.test.ts","Gates cover boundaries, tests, contracts, vulnerabilities, licences, migration compatibility; AI fitness, performance, resilience, recovery, observability, runbooks, documentation are not gated.",Spec verification class: Fault / recovery test.,v04.txt:page 157:L7240,main+test
ES-68-004,V4,68 CI/CD and Release Gates,157,"Exceptions SHALL be explicit, risk-accepted by authorized independent owners, time-bounded, monitored, and included in the release and operational acceptance record.",V04-F021,infrastructure,partial,passed:harness,merged,phase0,P7-D,EXCEPTIONS.md; test/acceptance/acceptance.test.ts:904,Exceptions are not carried into a release/operational acceptance record.,Spec verification class: Test + accountable review.,v04.txt:page 157:L7249,main+test
ES-68-005,V4,68 CI/CD and Release Gates,157,"A release SHALL have staged rollout, stop conditions, product and technical monitoring, rollback or forward-repair path, and accountable command authority before promotion.",V04-F021,infrastructure,missing,unverified,none,phase7,P7-D,,"No staged rollout, stop conditions, rollback path or command authority (no deployment).",Spec verification class: Fault / recovery test.,v04.txt:page 157:L7258,
ES-69-001,V4,69 Environment Promotion,159,"Each environment SHALL have a machine-readable contract for authority, data, identity, network, keys, models, integrations, telemetry, support, retention, and permitted side effects.",V04-F021,infrastructure,missing,unverified,none,phase7,P7-D,scripts/gate/target-descriptor.json:17-25 (no Dockerfile/app image; compose provides Postgres+Redis only); .github/workflows/ci.yml (single hosted CI environment),"No environment contracts, no promotion of an immutable release manifest, no non-production data controls, no drift detection; single local/CI environment only.",Spec verification class: Security test.,v04.txt:page 159:L7310,main+test
ES-69-002,V4,69 Environment Promotion,159,Promotion SHALL reference an approved immutable release manifest and target configuration package; manual recreation of environment state is prohibited.,V04-F021,infrastructure,missing,unverified,none,phase7,P7-D,scripts/gate/target-descriptor.json:17-25 (no Dockerfile/app image; compose provides Postgres+Redis only); .github/workflows/ci.yml (single hosted CI environment),"No environment contracts, no promotion of an immutable release manifest, no non-production data controls, no drift detection; single local/CI environment only.",Spec verification class: Negative conformance test.,v04.txt:page 159:L7318,main+test
ES-69-003,V4,69 Environment Promotion,159,"Production data SHALL NOT enter non-production without explicit purpose, minimization, masking, approval, isolation, retention, and verified deletion.",V04-F021,infrastructure,missing,unverified,none,phase7,P7-D,scripts/gate/target-descriptor.json:17-25 (no Dockerfile/app image; compose provides Postgres+Redis only); .github/workflows/ci.yml (single hosted CI environment),"No environment contracts, no promotion of an immutable release manifest, no non-production data controls, no drift detection; single local/CI environment only.",Spec verification class: Security test.,v04.txt:page 159:L7327,main+test
ES-69-004,V4,69 Environment Promotion,159,"Pre-production SHALL exercise production-equivalent control paths, policy, encryption, audit, scale characteristics, model and agent boundaries, migrations, failure modes, and rollback.",V04-F021,infrastructure,missing,unverified,none,phase7,P7-D,scripts/gate/target-descriptor.json:17-25 (no Dockerfile/app image; compose provides Postgres+Redis only); .github/workflows/ci.yml (single hosted CI environment),"No environment contracts, no promotion of an immutable release manifest, no non-production data controls, no drift detection; single local/CI environment only.",Spec verification class: Fault / recovery test.,v04.txt:page 159:L7335,main+test
ES-69-005,V4,69 Environment Promotion,159,"Environment drift SHALL be detected continuously and corrected through the same controlled delivery path, with emergency intervention independently recorded and reconciled.",V04-F021,infrastructure,missing,unverified,none,phase7,P7-D,scripts/gate/target-descriptor.json:17-25 (no Dockerfile/app image; compose provides Postgres+Redis only); .github/workflows/ci.yml (single hosted CI environment),"No environment contracts, no promotion of an immutable release manifest, no non-production data controls, no drift detection; single local/CI environment only.",Spec verification class: Automated conformance test.,v04.txt:page 159:L7343,main+test
ES-70-001,V4,70 Deployment Packaging,161,"Deployment packages SHALL implement the same canonical objects, contracts, workflows, human authority, trust controls, quality semantics, audit, export, and replay across supported profiles.",V04-F021,infrastructure,missing,unverified,none,phase7,P7-D,scripts/gate/target-descriptor.json:17-25 (no Dockerfile/app image; compose provides Postgres+Redis only); scripts/generate-sbom.mjs; docker-compose.yml,"No deployment package (image, helm/compose bundle, schemas, migrations, policies, fixtures, runbooks, uninstall); no preflight, no idempotent/resumable install, no disconnected package.",Deployment packaging is Phase 7. Spec verification class: Test + accountable review.,v04.txt:page 161:L7397,main+test
ES-70-002,V4,70 Deployment Packaging,161,"A package SHALL include signed artifacts, bills of materials, schemas, migrations, policies, models, agents, workflows, configuration, conformance fixtures, runbooks, recovery, and uninstall or exit procedures.",V04-F021,infrastructure,missing,unverified,none,phase7,P7-D,scripts/gate/target-descriptor.json:17-25 (no Dockerfile/app image; compose provides Postgres+Redis only); scripts/generate-sbom.mjs; docker-compose.yml,"No deployment package (image, helm/compose bundle, schemas, migrations, policies, fixtures, runbooks, uninstall); no preflight, no idempotent/resumable install, no disconnected package.",Deployment packaging is Phase 7. Spec verification class: Fault / recovery test.,v04.txt:page 161:L7407,main+test
ES-70-003,V4,70 Deployment Packaging,161,"Installation and upgrade SHALL preflight identity, keys, compute, storage, network, time, policy, dependencies, capacity, compatibility, backup, recovery, and rollback prerequisites.",V04-F021,infrastructure,missing,unverified,none,phase7,P7-D,scripts/gate/target-descriptor.json:17-25 (no Dockerfile/app image; compose provides Postgres+Redis only); scripts/generate-sbom.mjs; docker-compose.yml,"No deployment package (image, helm/compose bundle, schemas, migrations, policies, fixtures, runbooks, uninstall); no preflight, no idempotent/resumable install, no disconnected package.",Deployment packaging is Phase 7. Spec verification class: Fault / recovery test.,v04.txt:page 161:L7416,main+test
ES-70-004,V4,70 Deployment Packaging,161,"Disconnected packages SHALL support authenticated import, export, update, revocation, evidence return, time quality, and vulnerability handling without hidden external dependency.",V04-F021,infrastructure,missing,unverified,none,phase7,P7-D,scripts/gate/target-descriptor.json:17-25 (no Dockerfile/app image; compose provides Postgres+Redis only); scripts/generate-sbom.mjs; docker-compose.yml,"No deployment package (image, helm/compose bundle, schemas, migrations, policies, fixtures, runbooks, uninstall); no preflight, no idempotent/resumable install, no disconnected package.",Deployment packaging is Phase 7. Spec verification class: Automated conformance test.,v04.txt:page 161:L7424,main+test
ES-70-005,V4,70 Deployment Packaging,161,"Installation SHALL be idempotent and resumable and SHALL not declare success until application-level conformance, state reconciliation, control, telemetry, and recovery verification complete.",V04-F021,infrastructure,missing,unverified,none,phase7,P7-D,scripts/gate/target-descriptor.json:17-25 (no Dockerfile/app image; compose provides Postgres+Redis only); scripts/generate-sbom.mjs; docker-compose.yml,"No deployment package (image, helm/compose bundle, schemas, migrations, policies, fixtures, runbooks, uninstall); no preflight, no idempotent/resumable install, no disconnected package.",Deployment packaging is Phase 7. Spec verification class: Fault / recovery test.,v04.txt:page 161:L7433,main+test
ES-71-001,V4,71 Operational Acceptance,163,"Operational acceptance SHALL identify exact scope, owners, evidence versions, open risks, exceptions, constraints, support model, monitoring, review date, and withdrawal criteria.",V04-F022,governance-docs,missing,unverified,none,phase7,P7-D,,"Operational acceptance record with scope/owners/evidence versions/exceptions/support model/withdrawal criteria; verified runbooks, dashboards, alerts, on-call, incident roles (none exist).","Spec verification class: Test + accountable review. | UNRESOLVED pointer(s) at 2e83945: PHASE0_REPORT.md…PHASE6_REPORT.md (phase closure reports, not operational acceptance records)",v04.txt:page 163:L7486,
ES-71-002,V4,71 Operational Acceptance,163,"No single role SHALL accept architecture, security, privacy, AI fitness, data, operations, and business readiness on behalf of all independent authorities.",V04-F022,governance-docs,missing,unverified,none,phase7,P7-D,,"Operational acceptance record with scope/owners/evidence versions/exceptions/support model/withdrawal criteria; verified runbooks, dashboards, alerts, on-call, incident roles (none exist).","Spec verification class: Automated conformance test. | UNRESOLVED pointer(s) at 2e83945: PHASE0_REPORT.md…PHASE6_REPORT.md (phase closure reports, not operational acceptance records)",v04.txt:page 163:L7495,
ES-71-003,V4,71 Operational Acceptance,163,"Acceptance SHALL require verified runbooks, dashboards, alerts, on-call, incident roles, capacity, backup, recovery, degraded modes, customer communications, and escalation.",V04-F022,governance-docs,missing,unverified,none,phase7,P7-D,,"Operational acceptance record with scope/owners/evidence versions/exceptions/support model/withdrawal criteria; verified runbooks, dashboards, alerts, on-call, incident roles (none exist).","Spec verification class: Fault / recovery test. | UNRESOLVED pointer(s) at 2e83945: PHASE0_REPORT.md…PHASE6_REPORT.md (phase closure reports, not operational acceptance records)",v04.txt:page 163:L7504,
ES-71-004,V4,71 Operational Acceptance,163,"Conditional acceptance SHALL be time-bounded, consequence- limited, monitored, reversible, and blocked from silent expansion to new tenants, data, decisions, or deployment profiles.",V04-F022,governance-docs,missing,unverified,none,phase7,P7-D,,"Operational acceptance record with scope/owners/evidence versions/exceptions/support model/withdrawal criteria; verified runbooks, dashboards, alerts, on-call, incident roles (none exist).","Spec verification class: Security test. | UNRESOLVED pointer(s) at 2e83945: PHASE0_REPORT.md…PHASE6_REPORT.md (phase closure reports, not operational acceptance records)",v04.txt:page 163:L7512,
ES-71-005,V4,71 Operational Acceptance,163,"Material change, incident, control failure, model or agent withdrawal, SLO exhaustion, or expired evidence SHALL trigger acceptance review or suspension according to policy.",V04-F022,governance-docs,missing,unverified,none,phase7,P7-D,,"Operational acceptance record with scope/owners/evidence versions/exceptions/support model/withdrawal criteria; verified runbooks, dashboards, alerts, on-call, incident roles (none exist).","Spec verification class: Fault / recovery test. | UNRESOLVED pointer(s) at 2e83945: PHASE0_REPORT.md…PHASE6_REPORT.md (phase closure reports, not operational acceptance records)",v04.txt:page 163:L7520,
ES-72-001,V4,72 Engineering Governance and Exceptions,165,"Every governed artifact SHALL have an accountable owner, approving authority, lifecycle, version, effective time, dependencies, review cadence, and supersession path.",V04-F022,governance-docs,partial,unverified,branch-only,phase0,P7-D,"EXCEPTIONS.md (exception register with scope, expiry, compensating controls); DECISIONS.md; FULL_PRODUCT_DELIVERY_REGISTER.md",Governance registry with owners/review cadence/supersession for every artifact; change-impact plans (consumer/migration/replay/rollback) before approval; technical-debt register as decision-active risk.,Spec verification class: Test + accountable review. | release_status merged → branch-only from the evidence at 2e83945,v04.txt:page 165:L7572,branch+main
ES-72-002,V4,72 Engineering Governance and Exceptions,165,Changes to constitutional meaning or frozen architecture SHALL follow their controlling amendment authority; Volume 4 governance cannot approve semantic redesign by exception.,V04-F022,governance-docs,not-applicable,not-applicable,merged,phase0,not-applicable,DECISIONS.md preamble (constitution/architecture frozen),,"Governance rule; observed by convention, no product behaviour. Spec verification class: Test + accountable review. | UNRESOLVED pointer(s) at 2e83945: docs/The_Eye_Volume_0…4 pinned blobs (INVENTORY.md) | applicability: a documentary or normative-language row of the source; no product behaviour is claimed or owed by it",v04.txt:page 165:L7581,main
ES-72-003,V4,72 Engineering Governance and Exceptions,165,"Interface, object, policy, model, agent, workflow, and deployment changes SHALL include consumer impact, compatibility, migration, replay, rollback, and evidence plans before approval.",V04-F022,governance-docs,partial,unverified,branch-only,phase0,P7-D,"EXCEPTIONS.md (exception register with scope, expiry, compensating controls); DECISIONS.md; FULL_PRODUCT_DELIVERY_REGISTER.md",Governance registry with owners/review cadence/supersession for every artifact; change-impact plans (consumer/migration/replay/rollback) before approval; technical-debt register as decision-active risk.,Spec verification class: Fault / recovery test. | release_status merged → branch-only from the evidence at 2e83945,v04.txt:page 165:L7590,branch+main
ES-72-004,V4,72 Engineering Governance and Exceptions,165,"Exceptions SHALL NOT remove human final authority, provenance, tenant isolation, audit, deployment semantic parity, or any constitutional invariant.",V04-F022,governance-docs,implemented,passed:harness,merged,phase0,done,test/acceptance/acceptance.test.ts:904 (no constitutional invariant waived inside EXCEPTIONS.md),,Spec verification class: Security test.,v04.txt:page 165:L7598,main+test
ES-72-005,V4,72 Engineering Governance and Exceptions,165,"Technical debt and deprecation SHALL be maintained as decision-active risk with affected objectives, customers, consequences, owner, due date, investment, and verified closure.",V04-F022,governance-docs,partial,unverified,branch-only,phase0,P7-D,"EXCEPTIONS.md (exception register with scope, expiry, compensating controls); DECISIONS.md; FULL_PRODUCT_DELIVERY_REGISTER.md",Governance registry with owners/review cadence/supersession for every artifact; change-impact plans (consumer/migration/replay/rollback) before approval; technical-debt register as decision-active risk.,Spec verification class: Test + accountable review. | release_status merged → branch-only from the evidence at 2e83945,v04.txt:page 165:L7606,branch+main
SLO-001,V4,Appendix F Quality and SLO Catalog,183,Canonical write durability: acknowledged writes survive declared failure domain — 99.999% / 30 days; breach: no false durable acknowledgement.,V04-F017,infrastructure,missing,unverified,none,phase7,P7-D,apps/api/src/pipeline/pipeline.service.ts (ack after commit); docker-compose.yml,"Define the indicator (population, window, aggregation), compute it from governed telemetry, wire the breach behaviour. Single Postgres, no replication/backup (EXC-P0-001); acknowledgement after commit exists (pipeline).",SLO appears only in FULL_PRODUCT_DELIVERY_REGISTER.md; no SLO framework (ch.57).,,main
SLO-002,V4,Appendix F Quality and SLO Catalog,183,Canonical read availability: authorized reads served within product mode — 99.95% / 30 days; breach: expose stale or degraded state.,V04-F017,infrastructure,missing,unverified,none,phase7,P7-D,"apps/api/src/health/health.controller.ts:32-53 (/healthz,/readyz); apps/api/src/health/degraded-reconciliation.service.ts; test/int/gate22-degraded-recovery.test.ts","Define the indicator (population, window, aggregation), compute it from governed telemetry, wire the breach behaviour. No availability measurement; /readyz only.",SLO appears only in FULL_PRODUCT_DELIVERY_REGISTER.md; no SLO framework (ch.57).,,main+test
SLO-003,V4,Appendix F Quality and SLO Catalog,183,Event publication continuity: committed transitions publish or remain reconcilably pending — 99.999% / 30 days; breach: no lost committed event.,V04-F017,infrastructure,missing,unverified,none,phase7,P7-D,"migrations/0015_outbox_hardening.sql:35,52-56; apps/api/src/objects/outbox.publisher.ts:74-96; test/int/gate22-outbox-hardening.test.ts:49,63,88,114","Define the indicator (population, window, aggregation), compute it from governed telemetry, wire the breach behaviour. Outbox guarantees pending/dead-letter but publication continuity is not measured; no consumer exists.",SLO appears only in FULL_PRODUCT_DELIVERY_REGISTER.md; no SLO framework (ch.57).,,main+test
SLO-004,V4,Appendix F Quality and SLO Catalog,183,Workflow recovery: interrupted instances resume from durable state — 99.9% < 5 min / 30 days; breach: escalate unresolved effects.,V04-F017,infrastructure,missing,unverified,none,phase7,P7-D,apps/api/src/health/degraded-reconciliation.service.ts,"Define the indicator (population, window, aggregation), compute it from governed telemetry, wire the breach behaviour. No durable workflow runtime (ch.41); startup reconciliation only.",SLO appears only in FULL_PRODUCT_DELIVERY_REGISTER.md; no SLO framework (ch.57).,,main
SLO-005,V4,Appendix F Quality and SLO Catalog,183,Policy decision latency: authorization decision within service envelope — P99 < 75 ms / 24 hours; breach: restrictive continuity or deny.,V04-F017,infrastructure,missing,unverified,none,phase7,P7-D,"apps/api/src/policy/pdp.service.ts (default DENY, indeterminate→deny, obligations executed); apps/api/test/unit/pdp.test.ts","Define the indicator (population, window, aggregation), compute it from governed telemetry, wire the breach behaviour. PDP is in-process; latency not measured.",SLO appears only in FULL_PRODUCT_DELIVERY_REGISTER.md; no SLO framework (ch.57).,,main+test
SLO-006,V4,Appendix F Quality and SLO Catalog,183,Policy decision availability: current policy decisions resolvable — 99.99% / 30 days; breach: fail closed by consequence.,V04-F017,infrastructure,missing,unverified,none,phase7,P7-D,"apps/api/src/policy/pdp.service.ts (default DENY, indeterminate→deny, obligations executed); apps/api/test/unit/pdp.test.ts","Define the indicator (population, window, aggregation), compute it from governed telemetry, wire the breach behaviour. Not measured; fail-closed default exists.",SLO appears only in FULL_PRODUCT_DELIVERY_REGISTER.md; no SLO framework (ch.57).,,main+test
SLO-007,V4,Appendix F Quality and SLO Catalog,183,Audit acceptance: required records durably accepted before acknowledgement — 99.999% / 30 days; breach: block or evidence-pending.,V04-F017,infrastructure,missing,unverified,none,phase7,P7-D,"apps/api/migrations/0004_audit.sql (append-only triggers, chain heads); apps/api/src/audit/audit.service.ts; apps/api/test/int/audit-chain.test.ts; test/acceptance/acceptance.test.ts:407,435,450","Define the indicator (population, window, aggregation), compute it from governed telemetry, wire the breach behaviour. Behaviour enforced (audit before ack) but not measured as an SLO.",SLO appears only in FULL_PRODUCT_DELIVERY_REGISTER.md; no SLO framework (ch.57).,,main+test
SLO-008,V4,Appendix F Quality and SLO Catalog,183,Source freshness: observation completed within source-specific contract — per source / rolling; breach: visible stale state.,V04-F017,infrastructure,missing,unverified,none,phase7,P7-D,"apps/api/src/observation/coverage/coverage.service.ts:49; migrations/0022:503,550","Define the indicator (population, window, aggregation), compute it from governed telemetry, wire the breach behaviour. Coverage/freshness computed per source (9 dimensions); no objective/breach behaviour wiring.",SLO appears only in FULL_PRODUCT_DELIVERY_REGISTER.md; no SLO framework (ch.57).,,main
SLO-009,V4,Appendix F Quality and SLO Catalog,183,Provenance completeness: decision-active products resolve complete required lineage — 100% / per release; breach: quarantine incomplete product.,V04-F017,infrastructure,missing,unverified,none,phase7,P7-D,"packages/contracts/src/header.ts:82-89 (hasMinimumProvenance); migrations/0023:286-323 (intelligence.claim_lineage append-only); migrations/0024:519,1306 (graph.dependencies, record_impact); apps/api/src/graph/strategy/impact.service.ts","Define the indicator (population, window, aggregation), compute it from governed telemetry, wire the breach behaviour. Provenance CHECK at write; no release-time completeness measurement.",SLO appears only in FULL_PRODUCT_DELIVERY_REGISTER.md; no SLO framework (ch.57).,,main
SLO-010,V4,Appendix F Quality and SLO Catalog,183,Graph projection lag: committed revisions visible to authorized queries — P99 < 60 s / 24 hours; breach: return revision watermark.,V04-F017,infrastructure,missing,unverified,none,phase7,P7-D,"migrations/0024_graph_entities_edges_and_strategy.sql; 0025:137 (edge admission); 0026 §3 (supersession); apps/api/src/graph/graph.controller.ts:417,500,561; test/int/phase3-acceptance.test.ts:377,460,474,503,657,692","Define the indicator (population, window, aggregation), compute it from governed telemetry, wire the breach behaviour. Projection lag not measured; no revision watermark on responses.",SLO appears only in FULL_PRODUCT_DELIVERY_REGISTER.md; no SLO framework (ch.57).,,main+test
SLO-011,V4,Appendix F Quality and SLO Catalog,183,Memory retrieval freshness: admitted objects searchable by declared freshness — P99 < 120 s / 24 hours; breach: canonical lookup or stale marker.,V04-F017,infrastructure,missing,unverified,none,phase7,P7-D,"apps/api/src/graph/search/search.service.ts (lexical, permission-aware, metadata-only, MAX 50); test/int/phase3-acceptance.test.ts:762,774,795,804","Define the indicator (population, window, aggregation), compute it from governed telemetry, wire the breach behaviour. Lexical SQL search is synchronous with the canonical store; no index tier, no measurement.",SLO appears only in FULL_PRODUCT_DELIVERY_REGISTER.md; no SLO framework (ch.57).,,main+test
SLO-012,V4,Appendix F Quality and SLO Catalog,183,Twin reconciliation: observed twin state reconciles admitted evidence — per twin class / rolling; breach: estimated/stale state visible.,V04-F017,infrastructure,missing,unverified,none,phase7,P7-D,"migrations/0032_twin_registry.sql:42-61,105,163,221,229,373,458; 0034:23,135-205; 0035:446,555; test/int/phase5-twins.test.ts:109-287; phase5-propagation.test.ts:92,133","Define the indicator (population, window, aggregation), compute it from governed telemetry, wire the breach behaviour. Reconciliation implemented; success rate not measured as an objective.","SLO appears only in FULL_PRODUCT_DELIVERY_REGISTER.md; no SLO framework (ch.57). | UNRESOLVED pointer(s) at 2e83945: apps/api/src/twin/twin.service.ts:33-56,633-664",,branch+test
SLO-013,V4,Appendix F Quality and SLO Catalog,183,Forecast timeliness: forecast packages produced before horizon deadline — per horizon / rolling; breach: prior package marked age/invalidity.,V04-F017,infrastructure,missing,unverified,none,phase7,P7-D,migrations/0031:25-34,"Define the indicator (population, window, aggregation), compute it from governed telemetry, wire the breach behaviour. Publication calendar exists; no forward refresh scheduler; timeliness unmeasured.","SLO appears only in FULL_PRODUCT_DELIVERY_REGISTER.md; no SLO framework (ch.57). | UNRESOLVED pointer(s) at 2e83945: apps/api/src/prediction/forecasting.service.ts:40-50,405-451",,branch
SLO-014,V4,Appendix F Quality and SLO Catalog,183,Forecast calibration: probability products meet approved calibration bounds — per profile / quarterly; breach: constrain or withdraw model.,V04-F017,infrastructure,missing,unverified,none,phase7,P7-D,"apps/api/src/prediction/models/models.ts:31-33,264-267; migrations/0029:102-149; 0030:25-33; 0031:25-34; test/int/phase4-acceptance.test.ts:487,505,545,557,649,689; test/unit/phase4-models.test.ts","Define the indicator (population, window, aggregation), compute it from governed telemetry, wire the breach behaviour. Backtest thresholds and calibration() exist; no quarterly profile objective or withdrawal workflow.","SLO appears only in FULL_PRODUCT_DELIVERY_REGISTER.md; no SLO framework (ch.57). | UNRESOLVED pointer(s) at 2e83945: apps/api/src/prediction/forecasting.service.ts:27-29,66-99,142-154,180-183,213-228,276,457",,branch+test
SLO-015,V4,Appendix F Quality and SLO Catalog,183,Simulation reproducibility: exact manifests reproduce within tolerance — 99.5% / per release; breach: mark non-reproducible.,V04-F017,infrastructure,missing,unverified,none,phase7,P7-D,"migrations/0033_simulation_runs.sql:47-107,148; 0035:226-230; 0036:23,57; test/int/phase5-simulations.test.ts:81-225","Define the indicator (population, window, aggregation), compute it from governed telemetry, wire the breach behaviour. Reproduction by digest equality exists per run; release-level rate not measured.","SLO appears only in FULL_PRODUCT_DELIVERY_REGISTER.md; no SLO framework (ch.57). | UNRESOLVED pointer(s) at 2e83945: apps/api/src/twin/simulation.service.ts:147-188,312-352,440-492,552,571; apps/api/src/twin/reproduce-worker.ts",,branch+test
SLO-016,V4,Appendix F Quality and SLO Catalog,183,Warning timeliness: material warnings reach accountable owner inside response window — per severity / rolling; breach: escalate routing failure.,V04-F017,infrastructure,missing,unverified,none,phase7,P7-D,"migrations/0029:376-401; 0031:168-196; apps/web/lib/warning-timing.ts; test/int/phase4-acceptance.test.ts:573,628; phase4-corrections-2.test.ts:152,164,176,203","Define the indicator (population, window, aggregation), compute it from governed telemetry, wire the breach behaviour. No severity model, no notification transport, T3 unmeasured (PHASE4_REPORT.md:193-196).","SLO appears only in FULL_PRODUCT_DELIVERY_REGISTER.md; no SLO framework (ch.57). | UNRESOLVED pointer(s) at 2e83945: apps/api/src/prediction/scenarios.service.ts:219-226,269-278",,branch+test
SLO-017,V4,Appendix F Quality and SLO Catalog,183,Human gate integrity: no consequential transition without valid human authority — 100% / continuous; breach: block transition.,V04-F017,infrastructure,missing,unverified,none,phase7,P7-D,"migrations/0042_decision_approvals_and_commitment.sql:24,51,100,118,164,186,190,225; 0043:33,103,129; 0049:239,257; apps/api/src/decision/clearance.ts:33-56; test/int/phase6-approvals.test.ts:45,59,91,105,141,154,208; test/unit/pdp-phase6-authority.test.ts","Define the indicator (population, window, aggregation), compute it from governed telemetry, wire the breach behaviour. Enforced by commit_package/PDP (Phase 6, branch-only); not measured as a continuous indicator.",SLO appears only in FULL_PRODUCT_DELIVERY_REGISTER.md; no SLO framework (ch.57).,,branch+test
SLO-018,V4,Appendix F Quality and SLO Catalog,183,Decision replay completeness: required historical boundary reconstructs — 99.9% / quarterly; breach: expose explicit missing evidence.,V04-F017,infrastructure,missing,unverified,none,phase7,P7-D,"migrations/0043_decision_replay.sql:141,178,413; 0047:7; 0048:412; 0049:455; 0050 §2; test/int/phase6-replay.test.ts:76,129,141,185","Define the indicator (population, window, aggregation), compute it from governed telemetry, wire the breach behaviour. Replay exposes missing contributors; quarterly completeness rate unmeasured.",SLO appears only in FULL_PRODUCT_DELIVERY_REGISTER.md; no SLO framework (ch.57).,,branch+test
SLO-019,V4,Appendix F Quality and SLO Catalog,183,Tenant isolation: no unauthorized cross-domain disclosure or effect — 100% / continuous; breach: stop affected plane and incident.,V04-F017,infrastructure,missing,unverified,none,phase7,P7-D,apps/api/migrations/0002_identity_tenancy.sql; 0009_privilege_separation_and_bound_context.sql; 0011_authority_boundary_closure.sql (RLS + signed context); apps/api/test/int/domain-isolation.test.ts,"Define the indicator (population, window, aggregation), compute it from governed telemetry, wire the breach behaviour. Isolation tests run in CI; no continuous production indicator or plane-stop response.",SLO appears only in FULL_PRODUCT_DELIVERY_REGISTER.md; no SLO framework (ch.57).,,main+test
SLO-020,V4,Appendix F Quality and SLO Catalog,183,Backup restore verification: scheduled backups restore and reconcile successfully — 100% sampled / monthly; breach: escalate recovery risk.,V04-F017,infrastructure,missing,unverified,none,phase7,P7-D,,"Define the indicator (population, window, aggregation), compute it from governed telemetry, wire the breach behaviour. No backups exist.",SLO appears only in FULL_PRODUCT_DELIVERY_REGISTER.md; no SLO framework (ch.57).,,
SLO-021,V4,Appendix F Quality and SLO Catalog,183,Telemetry correlation: consequential flows preserve trace and causation — 99.99% / 24 hours; breach: mark evidence incomplete.,V04-F017,infrastructure,missing,unverified,none,phase7,P7-D,apps/api/src/shared/correlation.ts,"Define the indicator (population, window, aggregation), compute it from governed telemetry, wire the breach behaviour. Correlation/causation propagated in-process; no trace pipeline or measurement.",SLO appears only in FULL_PRODUCT_DELIVERY_REGISTER.md; no SLO framework (ch.57).,,main
SLO-022,V4,Appendix F Quality and SLO Catalog,183,Deployment parity: canonical conformance suite equivalent across profiles — 100% / per release; breach: block affected deployment.,V04-F017,infrastructure,missing,unverified,none,phase7,P7-D,scripts/gate/target-descriptor.json:17-25 (no Dockerfile/app image; compose provides Postgres+Redis only),"Define the indicator (population, window, aggregation), compute it from governed telemetry, wire the breach behaviour. Single deployment profile (EXC-P0-004).",SLO appears only in FULL_PRODUCT_DELIVERY_REGISTER.md; no SLO framework (ch.57).,,main+test
TS-001,V4,Appendix G Test and Conformance Matrix,184,"Unit and property: local logic, invariants, state transitions, boundary values — every change — owning component.",V04-F020,governance-docs,implemented,passed:ci,branch-only,phase0,done,"apps/api/test/unit/*.test.ts; packages/contracts/test/*.test.ts; .github/workflows/ci.yml: build-test ""Unit + conformance + gate tests (hermetic — no network)""",,Property-based tests are not used. | release_status merged → branch-only from the evidence at 2e83945,,branch+main+test
TS-002,V4,Appendix G Test and Conformance Matrix,184,"Schema conformance: canonical objects, envelopes, errors, compatibility — every change — contract authority.",V04-F020,governance-docs,partial,passed:ci,merged,phase0,P7-D,packages/contracts/test/envelope-header.test.ts; fixtures/audit-hash.golden.json,Compatibility (schema_registry) is never evaluated; no error-catalogue conformance test for all 28 codes.,"UNRESOLVED pointer(s) at 2e83945: header-registry.test.ts:123,132; rfc8785-conformance.test.ts",,main+test
TS-003,V4,Appendix G Test and Conformance Matrix,184,Consumer contract: provider/consumer combinations and degraded behavior — every candidate — interface owners.,V04-F020,governance-docs,missing,unverified,none,omission,P7-D,,No consumer-contract tests exist (no versioned consumers; web client untested against contract versions).,,,
TS-004,V4,Appendix G Test and Conformance Matrix,184,"Temporal truth: event, observation, valid, system time and as-of queries — every candidate — data authority.",V04-F020,governance-docs,implemented,passed:harness,merged,phase0,done,"test/acceptance/acceptance.test.ts:723,733; test/int/phase1-acceptance.test.ts:290,328,827; phase3-acceptance.test.ts:839,850; test/unit/codex-corrections.test.ts:395",,,,main+test
TS-005,V4,Appendix G Test and Conformance Matrix,184,"Provenance: backward explanation, forward impact, correction propagation — every candidate — trust authority.",V04-F020,governance-docs,implemented,passed:harness,branch-only,phase3,done,"test/int/phase2-acceptance.test.ts:339; phase3-acceptance.test.ts:627; phase3-corrections.test.ts:322-969; phase5-propagation.test.ts:92,133; test/unit/codex-corrections.test.ts:454",,release_status merged → branch-only from the evidence at 2e83945,,branch+main+test
TS-006,V4,Appendix G Test and Conformance Matrix,184,"Policy: authorization, obligations, purpose, classification, retention — every candidate — policy authority.",V04-F020,governance-docs,partial,passed:ci,branch-only,phase0,P7-D,"apps/api/test/unit/pdp.test.ts; pdp-phase6-authority.test.ts; test/acceptance/acceptance.test.ts:553,673,687,922",Classification and retention policy paths are untested (not enforced).,release_status merged → branch-only from the evidence at 2e83945,,branch+main+test
TS-007,V4,Appendix G Test and Conformance Matrix,184,"Tenant isolation: API, store, queue, cache, vector, graph, model, telemetry — continuous — security.",V04-F020,governance-docs,partial,passed:harness,merged,phase0,P7-D,test/int/domain-isolation.test.ts:94-207; phase3-acceptance.test.ts:762-804 (search permission); .github/workflows/ci.yml: build-test integration step,"Queue (BullMQ), telemetry and model-context isolation untested; cache/vector tiers do not exist.",,,main+test
TS-008,V4,Appendix G Test and Conformance Matrix,184,"Workflow durability: crash, retry, idempotency, compensation, migration — every candidate — workflow platform.",V04-F020,governance-docs,partial,passed:harness,merged,phase0,P7-A,test/int/gate22-outbox-hardening.test.ts:49-114; gate22-operation-closure.test.ts:83; phase1-fault-injection.test.ts:578,"Crash-resume, compensation and workflow-definition migration untested (no workflow runtime).",,,main+test
TS-009,V4,Appendix G Test and Conformance Matrix,184,"Human authority: gate, role, quorum, separation, stale context, replay — every candidate — decision governance.",V04-F020,governance-docs,implemented,passed:harness,branch-only,phase6,done,"test/int/phase6-approvals.test.ts:45-208; phase6-review-corrections.test.ts:110,133; test/unit/pdp-phase6-authority.test.ts; phase6-replay.test.ts",,Branch-only (Phase 6).,,branch+test
TS-010,V4,Appendix G Test and Conformance Matrix,184,"Agent containment: capability, tool, network, data, budget, supervisor, escape — every agent — agent platform / security.",V04-F020,governance-docs,partial,passed:harness,branch-only,phase6,P7-A,"test/int/phase6-agents.test.ts:52-224 (Meter budget, close_once, redactRun)","Tool/network/data grants, supervisor and escape tests absent (no tool runtime).",,,branch+test
TS-011,V4,Appendix G Test and Conformance Matrix,184,"Model fitness: quality, calibration, slices, drift, abstention, fallback — every model/task — AI assurance.",V04-F020,governance-docs,partial,passed:ci,branch-only,phase4,P7-B,"test/unit/phase4-models.test.ts; test/int/phase4-acceptance.test.ts:487,505; phase2-acceptance.test.ts:388 (abstention)","Slices, drift and fallback evaluation absent; no evaluation datasets.",release_status merged → branch-only from the evidence at 2e83945,,branch+main+test
TS-012,V4,Appendix G Test and Conformance Matrix,184,"Data quality: completeness, freshness, accuracy, duplicates, corrections — continuous — data owners.",V04-F020,governance-docs,partial,passed:harness,branch-only,phase1,P1,test/int/phase1-acceptance.test.ts (coverage/freshness); phase1-fault-injection.test.ts (F01–F46); phase6-scheduled-corrections.test.ts,Accuracy/duplicate detection not tested; not continuous in production.,release_status merged → branch-only from the evidence at 2e83945,,branch+main+test
TS-013,V4,Appendix G Test and Conformance Matrix,184,"Performance: latency, throughput, freshness, fairness, saturation, cost — every release — performance engineering.",V04-F020,governance-docs,missing,unverified,none,phase7,P7-D,,No performance/load tooling or tests.,,,
TS-014,V4,Appendix G Test and Conformance Matrix,184,"Resilience: failure domains, partitions, backpressure, recovery, blast radius — every release — SRE.",V04-F020,governance-docs,partial,passed:harness,merged,phase0,P7-D,test/int/gate22-degraded-recovery.test.ts; phase1-fault-injection.test.ts; test/acceptance/acceptance.test.ts:1019,"Partition/chaos, backpressure and blast-radius tests absent.",,,main+test
TS-015,V4,Appendix G Test and Conformance Matrix,184,"Disaster recovery: restore, reconcile, RPO, RTO, keys, sovereignty — quarterly — continuity authority.",V04-F020,governance-docs,missing,unverified,none,phase7,P7-D,,No backup/restore exists to exercise.,,,
TS-016,V4,Appendix G Test and Conformance Matrix,184,"Security adversarial: identity, policy, supply chain, exfiltration, insider — every release — security assurance.",V04-F020,governance-docs,implemented,passed:ci,merged,phase0,done,apps/api/test/int/adversarial.test.ts; gate21-adversarial.test.ts; phase1-hostile-input.test.ts; apps/api/test/gate/ci-security.test.ts; scripts/gate/supply-chain.mjs; scripts/gate/scanner-pins.json; scripts/generate-sbom.mjs; docs/SCANNER_DISPOSITIONS.md; .github/workflows/c19-anchor.yml; c19-lifecycle.yml; apps/api/test/gate/supply-chain.test.ts; test/int/audit-chain.test.ts:180,,Insider scenarios limited to privilege-separation tests.,,main+test
TS-017,V4,Appendix G Test and Conformance Matrix,184,"Privacy lifecycle: minimization, subject action, retention, deletion, exit — every release — privacy authority.",V04-F020,governance-docs,missing,unverified,none,omission,P7-D,test/int/phase6-scheduled-corrections.test.ts:222 (blob tombstone only),No privacy lifecycle suite; retention/deletion/exit not implemented.,,,branch+test
TS-018,V4,Appendix G Test and Conformance Matrix,184,"Deployment parity: same canonical fixtures across SaaS, private, on-prem — every release — architecture assurance.",V04-F020,governance-docs,missing,unverified,none,phase7,P7-D,EXCEPTIONS.md EXC-P0-004,Single profile.,,,main
TS-019,V4,Appendix G Test and Conformance Matrix,184,"Upgrade and rollback: migrations, compatibility, partial failure, reconciliation — every release — release engineering.",V04-F020,governance-docs,partial,passed:ci,merged,phase0,P7-D,".github/workflows/ci.yml: build-test ""C18 dual-path database history gate""; scripts/gate/c18-gate.mjs; scripts/gate/c18-watchdog.mjs; apps/api/test/gate/c18-db-paths.test.ts; .github/workflows/ci.yml: build-test ""Post-C18 migration upgrade compatibility""; scripts/phase1/verify-0022-upgrade.mjs",Rollback untested (forward-only migrations); partial-failure reconciliation untested.,,,main+test
TS-020,V4,Appendix G Test and Conformance Matrix,184,"Operational acceptance: runbooks, alerts, incident, support, recovery, closure — before acceptance — operations authority.",V04-F020,governance-docs,missing,unverified,none,phase7,P7-D,,"No runbooks, alerts, incident or support process exist.",,,
ADR-0001,V4,Appendix J Architecture Decision Implementation Obligations,192,"Canonical ten-layer architecture: the ten named layers are the product structure; control planes support but do not replace them. Volume 4 obligation: implement through an identified state owner, versioned contract, enforcement point, conformance suite, release evidence, and operational control; the release manifest SHALL identify any active bounded exception.",V04-F001,governance-docs,partial,passed:ci,merged,phase0,P7-D,"conformance.manifest.json (Phase 0 units only; maps paths→component_ids→controls); .dependency-cruiser.cjs; .github/workflows/ci.yml: build-test ""Module boundaries (dependency-cruiser, blocking)""",Layers L5–L10 are partial; no release manifest naming active exceptions; conformance suite per layer absent.,"Inherits C-008. Also tracked in V3 (ADR) and V0 (C-ids). | UNRESOLVED pointer(s) at 2e83945: apps/api/src/{observation,intelligence,graph,prediction,twin,decision,executive} modules",,main+test
ADR-0002,V4,Appendix J Architecture Decision Implementation Obligations,192,"Knowledge Graph centrality: shared semantic identity and relationships are governed through the Knowledge Graph. Volume 4 obligation: implement through an identified state owner, versioned contract, enforcement point, conformance suite, release evidence, and operational control; the release manifest SHALL identify any active bounded exception.",V04-F001,governance-docs,partial,passed:harness,merged,phase3,P3,"migrations/0024_graph_entities_edges_and_strategy.sql; 0025:137 (edge admission); 0026 §3 (supersession); apps/api/src/graph/graph.controller.ts:417,500,561; test/int/phase3-acceptance.test.ts:377,460,474,503,657,692",Ontology governance absent; no embeddings; projection lag unmeasured.,Inherits C-009. Also tracked in V3 (ADR) and V0 (C-ids).,,main+test
ADR-0003,V4,Appendix J Architecture Decision Implementation Obligations,192,"Canonical intelligence object header: all material objects carry identity, version, time, truth, provenance, control, quality, and operational correlation. Volume 4 obligation: implement through an identified state owner, versioned contract, enforcement point, conformance suite, release evidence, and operational control; the release manifest SHALL identify any active bounded exception.",V04-F001,governance-docs,partial,passed:harness,merged,phase0,P3,"packages/contracts/src/header.ts:21-175; apps/api/migrations/0006_objects.sql:7,67-77; apps/api/src/objects/objects.service.ts:260-278; test/acceptance/acceptance.test.ts:700,747",Quality/uncertainty/ontology fields nulled by the generic writer.,Inherits C-010–C-012. Also tracked in V3 (ADR) and V0 (C-ids).,,main+test
ADR-0004,V4,Appendix J Architecture Decision Implementation Obligations,192,"Bitemporal system record: valid and system time are preserved alongside event and observation time. Volume 4 obligation: implement through an identified state owner, versioned contract, enforcement point, conformance suite, release evidence, and operational control; the release manifest SHALL identify any active bounded exception.",V04-F001,governance-docs,implemented,passed:harness,merged,phase0,done,"apps/api/migrations/0006_objects.sql:28,84; apps/api/src/objects/objects.service.ts:141-156; apps/api/src/objects/objects.controller.ts:129-146; test/int/phase1-acceptance.test.ts:290,328,827",,Inherits C-011. Also tracked in V3 (ADR) and V0 (C-ids).,,main+test
ADR-0005,V4,Appendix J Architecture Decision Implementation Obligations,192,"Immutable version history: corrections create new versions and propagation events; historical state is not overwritten. Volume 4 obligation: implement through an identified state owner, versioned contract, enforcement point, conformance suite, release evidence, and operational control; the release manifest SHALL identify any active bounded exception.",V04-F001,governance-docs,implemented,passed:harness,merged,phase1,done,"apps/api/src/objects/objects.service.ts:91-121; migrations/0022:579,597,1528,1555; migrations/0026:27-56; 0027:112,294,324; test/acceptance/acceptance.test.ts:700,762",,"Inherits C-011, C-025. Also tracked in V3 (ADR) and V0 (C-ids). | UNRESOLVED pointer(s) at 2e83945: apps/api/src/observation/corrections.service.ts:24-25",,main+test
ADR-0006,V4,Appendix J Architecture Decision Implementation Obligations,192,"Customer Intelligence Domain: customer evidence, knowledge, models, agents, policies, decisions, and audit are isolated by a stable domain boundary. Volume 4 obligation: implement through an identified state owner, versioned contract, enforcement point, conformance suite, release evidence, and operational control; the release manifest SHALL identify any active bounded exception.",V04-F001,governance-docs,implemented,passed:harness,merged,phase0,done,apps/api/migrations/0002_identity_tenancy.sql; 0009_privilege_separation_and_bound_context.sql; 0011_authority_boundary_closure.sql (RLS + signed context); apps/api/test/int/domain-isolation.test.ts,,"Inherits C-037, C-039. Domain lifecycle beyond creation absent (ES-08-005). Also tracked in V3 (ADR) and V0 (C-ids).",,main+test
ADR-0007,V4,Appendix J Architecture Decision Implementation Obligations,192,"Human final authority: Decision Intelligence may recommend and prepare; a named human makes final high-impact decisions. Volume 4 obligation: implement through an identified state owner, versioned contract, enforcement point, conformance suite, release evidence, and operational control; the release manifest SHALL identify any active bounded exception.",V04-F001,governance-docs,implemented,passed:harness,branch-only,phase6,done,"migrations/0042_decision_approvals_and_commitment.sql:24,51,100,118,164,186,190,225; 0043:33,103,129; 0049:239,257; apps/api/src/decision/clearance.ts:33-56; test/int/phase6-approvals.test.ts:45,59,91,105,141,154,208; test/unit/pdp-phase6-authority.test.ts",,Inherits C-004. Branch-only. Also tracked in V3 (ADR) and V0 (C-ids).,,branch+test
ADR-0008,V4,Appendix J Architecture Decision Implementation Obligations,192,"Durable workflow and human gates: consequential state transitions use durable workflows with explicit roles, evidence, approval, retry, and audit. Volume 4 obligation: implement through an identified state owner, versioned contract, enforcement point, conformance suite, release evidence, and operational control; the release manifest SHALL identify any active bounded exception.",V04-F001,governance-docs,partial,passed:harness,branch-only,phase6,P7-A,"migrations/0042_decision_approvals_and_commitment.sql:24,51,100,118,164,186,190,225; 0043:33,103,129; 0049:239,257; apps/api/src/decision/clearance.ts:33-56; test/int/phase6-approvals.test.ts:45,59,91,105,141,154,208; test/unit/pdp-phase6-authority.test.ts; migrations/0046:178 (workflow_of projection)","Human gates exist as DB state machines; no durable workflow runtime (timers, compensation, resume).","Inherits C-004, C-029. Also tracked in V3 (ADR) and V0 (C-ids).",,branch+test
ADR-0009,V4,Appendix J Architecture Decision Implementation Obligations,192,"Bounded agent execution: agents operate through capability grants, supervision, budgets, evaluation, and stop conditions. Volume 4 obligation: implement through an identified state owner, versioned contract, enforcement point, conformance suite, release evidence, and operational control; the release manifest SHALL identify any active bounded exception.",V04-F001,governance-docs,partial,passed:harness,branch-only,phase6,P7-A,"migrations/0046_executive_agents_and_runs.sql:16,47,178; 0049:487; test/int/phase6-agents.test.ts:52-224","Capability grants, supervision, evaluation absent; budget Meter only.","Inherits C-028, C-029. Also tracked in V3 (ADR) and V0 (C-ids). | UNRESOLVED pointer(s) at 2e83945: apps/api/src/executive/agents.service.ts:14,76,250,253; apps/api/src/executive/agent-worker.service.ts",,branch+test
ADR-0010,V4,Appendix J Architecture Decision Implementation Obligations,192,"Model gateway and pluralism: models remain replaceable, governed dependencies resolved by task and deployment policy. Volume 4 obligation: implement through an identified state owner, versioned contract, enforcement point, conformance suite, release evidence, and operational control; the release manifest SHALL identify any active bounded exception.",V04-F001,governance-docs,partial,passed:harness,merged,phase2,P2,"apps/api/src/intelligence/gateway/model-gateway.service.ts:14-15,65,117-123,396,433,555,570 (replay|local-live loopback only, abstention, 120 s timeout); migrations/0023:72,140,158,404-521 (method registry); test/int/phase2-acceptance.test.ts:363,388",No hosted adapters/routing; loopback replay|local-live only.,Inherits C-030. Also tracked in V3 (ADR) and V0 (C-ids).,,main+test
ADR-0011,V4,Appendix J Architecture Decision Implementation Obligations,192,"Digital Twin state separation: observed, estimated, forecast, scenario, and simulated twin states remain distinct and versioned. Volume 4 obligation: implement through an identified state owner, versioned contract, enforcement point, conformance suite, release evidence, and operational control; the release manifest SHALL identify any active bounded exception.",V04-F001,governance-docs,partial,passed:harness,branch-only,phase5,P5,"migrations/0032:221 (observed/estimated/assumed/predicted/simulated); 0032:163; migrations/0032_twin_registry.sql:42-61,105,163,221,229,373,458; 0034:23,135-205; 0035:446,555; test/int/phase5-twins.test.ts:109-287; phase5-propagation.test.ts:92,133",No scenario element kind.,"Inherits C-018, C-019. Also tracked in V3 (ADR) and V0 (C-ids). | UNRESOLVED pointer(s) at 2e83945: apps/api/src/twin/twin.service.ts:33-56,633-664 | release_status merged → branch-only from the evidence at 2e83945",,branch+test
ADR-0012,V4,Appendix J Architecture Decision Implementation Obligations,192,"Probabilistic forecast package: forecast products carry distributions, calibration, sensitivity, lineage, and failure conditions. Volume 4 obligation: implement through an identified state owner, versioned contract, enforcement point, conformance suite, release evidence, and operational control; the release manifest SHALL identify any active bounded exception.",V04-F001,governance-docs,partial,passed:harness,branch-only,phase4,P4,"apps/api/src/prediction/models/models.ts:31-33,264-267; migrations/0029:102-149; 0030:25-33; 0031:25-34; test/int/phase4-acceptance.test.ts:487,505,545,557,649,689; test/unit/phase4-models.test.ts",No per-forecast calibration record; single-driver sensitivity; no abstained state.,"Inherits C-020, C-021. Also tracked in V3 (ADR) and V0 (C-ids). | UNRESOLVED pointer(s) at 2e83945: apps/api/src/prediction/forecasting.service.ts:27-29,66-99,142-154,180-183,213-228,276,457 | release_status merged → branch-only from the evidence at 2e83945",,branch+test
ADR-0013,V4,Appendix J Architecture Decision Implementation Obligations,192,"Scenario portfolio: multiple coherent branches remain visible and monitored; no branch becomes destiny. Volume 4 obligation: implement through an identified state owner, versioned contract, enforcement point, conformance suite, release evidence, and operational control; the release manifest SHALL identify any active bounded exception.",V04-F001,governance-docs,partial,passed:harness,branch-only,phase4,P4,"migrations/0029:275-345; 0036:81-102; 0037:26,48-67; test/int/phase5-corrections.test.ts:256,288,451,526; test/unit/phase5-refusals.test.ts:57",Three branch kinds only; no disruption/user branches.,"Inherits C-022. Also tracked in V3 (ADR) and V0 (C-ids). | UNRESOLVED pointer(s) at 2e83945: apps/api/src/prediction/scenarios.service.ts:61-66,181-230,253-326 | release_status merged → branch-only from the evidence at 2e83945",,branch+test
ADR-0014,V4,Appendix J Architecture Decision Implementation Obligations,193,"Reproducible simulation manifest: simulation binds exact inputs, versions, constraints, environment, seeds, outputs, and validation. Volume 4 obligation: implement through an identified state owner, versioned contract, enforcement point, conformance suite, release evidence, and operational control; the release manifest SHALL identify any active bounded exception.",V04-F001,governance-docs,implemented,passed:harness,branch-only,phase5,done,"migrations/0033_simulation_runs.sql:47-107,148; 0035:226-230; 0036:23,57; test/int/phase5-simulations.test.ts:81-225",,"Inherits C-023. Also tracked in V3 (ADR) and V0 (C-ids). | UNRESOLVED pointer(s) at 2e83945: apps/api/src/twin/simulation.service.ts:147-188,312-352,440-492,552,571; apps/api/src/twin/reproduce-worker.ts | release_status merged → branch-only from the evidence at 2e83945",,branch+test
ADR-0015,V4,Appendix J Architecture Decision Implementation Obligations,193,"Decision package completeness: objectives, options, evidence, uncertainty, trade-offs, dissent, authority, and monitoring form one package. Volume 4 obligation: implement through an identified state owner, versioned contract, enforcement point, conformance suite, release evidence, and operational control; the release manifest SHALL identify any active bounded exception.",V04-F001,governance-docs,implemented,passed:harness,branch-only,phase6,done,"migrations/0041_decision_packages.sql:65,92,137,195,222,242; 0049:18,273,555; apps/api/src/decision/*; test/int/phase6-decisions.test.ts:111,164,179,225,268; migrations/0045_decision_monitoring_and_outcomes.sql:21,42,74,221; 0050 §1; test/int/phase6-monitoring.test.ts:53-190",,Inherits C-024–C-026. Branch-only; VOI free text. Also tracked in V3 (ADR) and V0 (C-ids).,,branch+test
ADR-0016,V4,Appendix J Architecture Decision Implementation Obligations,193,"Deployment semantic parity: SaaS, Private Cloud, and On-Premise implement one product contract. Volume 4 obligation: implement through an identified state owner, versioned contract, enforcement point, conformance suite, release evidence, and operational control; the release manifest SHALL identify any active bounded exception.",V04-F001,governance-docs,missing,unverified,none,phase7,P7-D,EXCEPTIONS.md EXC-P0-004; scripts/gate/target-descriptor.json:17-25 (no Dockerfile/app image; compose provides Postgres+Redis only),Single profile.,Inherits C-042. Also tracked in V3 (ADR) and V0 (C-ids).,,main+test
ADR-0017,V4,Appendix J Architecture Decision Implementation Obligations,193,"Sovereignty as policy dimensions: data, keys, models, administration, telemetry, supply, support, and continuity are independently governed. Volume 4 obligation: implement through an identified state owner, versioned contract, enforcement point, conformance suite, release evidence, and operational control; the release manifest SHALL identify any active bounded exception.",V04-F001,governance-docs,missing,unverified,none,phase7,P7-D,migrations/0006:67-77 (residency header field only),No sovereignty policy evaluation.,Inherits C-041. Also tracked in V3 (ADR) and V0 (C-ids).,,main
ADR-0018,V4,Appendix J Architecture Decision Implementation Obligations,193,"Safe degradation hierarchy: failure may reduce capability but cannot fabricate currency, confidence, authorization, or approval. Volume 4 obligation: implement through an identified state owner, versioned contract, enforcement point, conformance suite, release evidence, and operational control; the release manifest SHALL identify any active bounded exception.",V04-F001,governance-docs,partial,passed:harness,merged,phase0,P7-D,"apps/api/src/health/health.controller.ts:32-53 (/healthz,/readyz); apps/api/src/health/degraded-reconciliation.service.ts; test/int/gate22-degraded-recovery.test.ts; test/acceptance/acceptance.test.ts:1019; phase1-fault-injection.test.ts",Degraded-mode catalogue and point-of-use indicators absent.,"Inherits C-043, C-049. Also tracked in V3 (ADR) and V0 (C-ids).",,main+test
ADR-0019,V4,Appendix J Architecture Decision Implementation Obligations,193,"Governed marketplace packages: packages are signed, declared, sandboxed, evaluated, capability-scoped, monitored, and revocable. Volume 4 obligation: implement through an identified state owner, versioned contract, enforcement point, conformance suite, release evidence, and operational control; the release manifest SHALL identify any active bounded exception.",V04-F001,governance-docs,missing,unverified,none,phase7,P7-C,,No marketplace/package system.,Inherits C-046. Also tracked in V3 (ADR) and V0 (C-ids).,,
ADR-0020,V4,Appendix J Architecture Decision Implementation Obligations,193,"Governed learning release: lessons become behavior only through evaluation, approval, deployment, monitoring, and rollback. Volume 4 obligation: implement through an identified state owner, versioned contract, enforcement point, conformance suite, release evidence, and operational control; the release manifest SHALL identify any active bounded exception.",V04-F001,governance-docs,missing,unverified,none,phase7,P7-B,migrations/0045:221 (lessons text only),No learning pipeline.,"Inherits C-031, C-044, C-045. Also tracked in V3 (ADR) and V0 (C-ids).",,branch
EYE-REQ-001,V4,Appendix E Standard Error Code Catalog,181,EYE-REQ-001 (invalid_request): Request cannot be interpreted under the declared contract. Retry: No. Caller action: Correct fields or schema; retain correlation.,V04-F003,data-platform,implemented,passed:harness,merged,phase0,done,packages/contracts/src/errors.ts:16-45; test/acceptance/acceptance.test.ts:577,,400 vs 422 divergence at objects.service.ts:66.,,main+test
EYE-REQ-002,V4,Appendix E Standard Error Code Catalog,181,"EYE-REQ-002 (unsupported_version): Contract, schema, ontology, model, or package version is unsupported. Retry: No. Caller action: Negotiate a supported version or migrate.",V04-F003,data-platform,partial,unverified,merged,omission,P7-D,packages/contracts/src/errors.ts:16-45 (catalogued with retry class; never raised — v04-surveys),Raise the code from the owning boundary with its retry class and caller action; add a conformance test.,No version negotiation exists. | release_status none → merged from the evidence at 2e83945,,main
EYE-IDN-001,V4,Appendix E Standard Error Code Catalog,181,EYE-IDN-001 (authentication_required): No acceptable principal proof is present. Retry: No. Caller action: Authenticate at required assurance.,V04-F003,data-platform,implemented,unverified,merged,phase0,P3,packages/contracts/src/errors.ts:16-45; apps/api/src/pipeline/http.ts (bearer guard),"verification evidence of the required class (harness, browser, CI or deployment) for the released artefact",,,main
EYE-IDN-002,V4,Appendix E Standard Error Code Catalog,181,"EYE-IDN-002 (authentication_failed): Credential, audience, issuer, device, or assurance validation failed. Retry: No. Caller action: Reauthenticate; investigate repeated failure.",V04-F003,data-platform,implemented,passed:harness,merged,phase0,done,packages/contracts/src/errors.ts:16-45; test/acceptance/acceptance.test.ts:350,,,,main+test
EYE-AUT-001,V4,Appendix E Standard Error Code Catalog,181,EYE-AUT-001 (access_denied): Current policy denies the normalized action. Retry: No. Caller action: Do not retry unchanged; request authorized review.,V04-F003,data-platform,implemented,passed:harness,merged,phase0,done,"packages/contracts/src/errors.ts:16-45; test/acceptance/acceptance.test.ts:553,922",,,,main+test
EYE-AUT-002,V4,Appendix E Standard Error Code Catalog,181,EYE-AUT-002 (policy_indeterminate): Authorization cannot be safely resolved. Retry: Bounded. Caller action: Retry only under published continuity policy.,V04-F003,data-platform,implemented,unverified,merged,phase0,P3,packages/contracts/src/errors.ts:16-45; apps/api/src/policy/pdp.service.ts (indeterminate→deny at PEP),"verification evidence of the required class (harness, browser, CI or deployment) for the released artefact",,,main
EYE-AUT-003,V4,Appendix E Standard Error Code Catalog,181,EYE-AUT-003 (obligation_unmet): A required control obligation cannot be enforced. Retry: No. Caller action: Satisfy the obligation or change the request.,V04-F003,data-platform,partial,unverified,merged,omission,P7-D,packages/contracts/src/errors.ts:16-45 (catalogued with retry class; never raised — v04-surveys),Raise the code from the owning boundary with its retry class and caller action; add a conformance test.,Obligations are executed inline; unmet obligation path not coded. | release_status none → merged from the evidence at 2e83945,,main
EYE-TEN-001,V4,Appendix E Standard Error Code Catalog,181,"EYE-TEN-001 (domain_context_invalid): Tenant or domain context is absent, conflicting, or untrusted. Retry: No. Caller action: Correct authenticated routing context.",V04-F003,data-platform,implemented,passed:harness,merged,phase0,done,packages/contracts/src/errors.ts:16-45; test/acceptance/acceptance.test.ts:781,,,,main+test
EYE-STA-001,V4,Appendix E Standard Error Code Catalog,181,EYE-STA-001 (object_not_found): No authorized object version matches the request. Retry: No. Caller action: Verify identity and temporal scope.,V04-F003,data-platform,implemented,unverified,merged,phase0,P3,packages/contracts/src/errors.ts:16-45; apps/api/src/objects/objects.service.ts (404 in-domain),"verification evidence of the required class (harness, browser, CI or deployment) for the released artefact",,,main
EYE-STA-002,V4,Appendix E Standard Error Code Catalog,181,EYE-STA-002 (version_conflict): Expected and current authoritative versions differ. Retry: No. Caller action: Read current state and resubmit intentionally.,V04-F003,data-platform,implemented,passed:harness,merged,phase0,done,"packages/contracts/src/errors.ts:16-45; test/acceptance/acceptance.test.ts:637,700",,,,main+test
EYE-STA-003,V4,Appendix E Standard Error Code Catalog,181,EYE-STA-003 (truth_state_prohibited): The operation is not valid for the object's truth state. Retry: No. Caller action: Use the permitted adjudication or correction path.,V04-F003,data-platform,implemented,unverified,merged,phase0,P3,packages/contracts/src/errors.ts:16-45; apps/api/src/objects/objects.service.ts:188-195,"verification evidence of the required class (harness, browser, CI or deployment) for the released artefact",,,main
EYE-TMP-001,V4,Appendix E Standard Error Code Catalog,181,"EYE-TMP-001 (temporal_scope_invalid): Time interval, clock quality, or as-of boundary is invalid. Retry: No. Caller action: Correct explicit temporal parameters.",V04-F003,data-platform,implemented,passed:harness,merged,phase0,done,packages/contracts/src/errors.ts:16-45; test/acceptance/acceptance.test.ts:733,,,,main+test
EYE-PRV-001,V4,Appendix E Standard Error Code Catalog,181,EYE-PRV-001 (provenance_incomplete): Required source or transformation lineage is missing. Retry: No. Caller action: Repair lineage or keep product quarantined.,V04-F003,data-platform,implemented,passed:harness,merged,phase0,done,"packages/contracts/src/errors.ts:16-45; test/acceptance/acceptance.test.ts:604,747",,,,main+test
EYE-QUA-001,V4,Appendix E Standard Error Code Catalog,181,EYE-QUA-001 (quality_insufficient): Product quality is below declared decision-use threshold. Retry: Bounded. Caller action: Use declared degraded path or await refresh.,V04-F003,data-platform,partial,unverified,merged,omission,P7-D,packages/contracts/src/errors.ts:16-45 (catalogued with retry class; never raised — v04-surveys),Raise the code from the owning boundary with its retry class and caller action; add a conformance test.,"Catalogued, never raised. | release_status none → merged from the evidence at 2e83945",,main
EYE-QUA-002,V4,Appendix E Standard Error Code Catalog,181,EYE-QUA-002 (result_abstained): The method cannot support a responsible result. Retry: No. Caller action: Provide more evidence or route to human analysis.,V04-F003,data-platform,partial,unverified,merged,omission,P7-D,packages/contracts/src/errors.ts:16-45 (catalogued with retry class; never raised — v04-surveys),Raise the code from the owning boundary with its retry class and caller action; add a conformance test.,"Abstention is a domain outcome (extraction.service.ts:207-221), not this error. | release_status none → merged from the evidence at 2e83945",,main
EYE-WFL-001,V4,Appendix E Standard Error Code Catalog,181,EYE-WFL-001 (workflow_conflict): Transition is invalid for current durable state. Retry: No. Caller action: Refresh instance and use a permitted command.,V04-F003,data-platform,implemented,unverified,branch-only,phase0,P3,packages/contracts/src/errors.ts:16-45; migrations/0041:65 (state machine) via objects/decision services,"verification evidence of the required class (harness, browser, CI or deployment) for the released artefact",release_status merged → branch-only from the evidence at 2e83945,,branch+main
EYE-WFL-002,V4,Appendix E Standard Error Code Catalog,181,EYE-WFL-002 (human_gate_required): A named human authorization is required before continuation. Retry: No. Caller action: Complete the bound human gate.,V04-F003,data-platform,implemented,unverified,branch-only,phase0,P3,packages/contracts/src/errors.ts:16-45; migrations/0043:33 (commit_package human gate); apps/api/src/policy/pdp.service.ts (human_gate obligation),"verification evidence of the required class (harness, browser, CI or deployment) for the released artefact",release_status merged → branch-only from the evidence at 2e83945,,branch+main
EYE-WFL-003,V4,Appendix E Standard Error Code Catalog,181,EYE-WFL-003 (deadline_exceeded): Work cannot complete within its useful or authorized deadline. Retry: No. Caller action: Create a new request with reviewed context.,V04-F003,data-platform,partial,unverified,merged,omission,P7-D,packages/contracts/src/errors.ts:16-45 (catalogued with retry class; never raised — v04-surveys),Raise the code from the owning boundary with its retry class and caller action; add a conformance test.,Deadlines are never read from the envelope. | release_status none → merged from the evidence at 2e83945,,main
EYE-AGT-001,V4,Appendix E Standard Error Code Catalog,181,"EYE-AGT-001 (capability_denied): Agent lacks a valid grant for the tool, data, or effect. Retry: No. Caller action: Supervisor may issue a bounded grant after review.",V04-F003,data-platform,partial,unverified,merged,omission,P7-D,packages/contracts/src/errors.ts:16-45 (catalogued with retry class; never raised — v04-surveys),Raise the code from the owning boundary with its retry class and caller action; add a conformance test.,No capability-grant runtime. | release_status none → merged from the evidence at 2e83945,,main
EYE-MDL-001,V4,Appendix E Standard Error Code Catalog,181,EYE-MDL-001 (no_conforming_model): No approved model satisfies task and policy constraints. Retry: Bounded. Caller action: Await approved capacity or change permitted scope.,V04-F003,data-platform,partial,unverified,merged,omission,P7-D,packages/contracts/src/errors.ts:16-45 (catalogued with retry class; never raised — v04-surveys),Raise the code from the owning boundary with its retry class and caller action; add a conformance test.,Gateway has no model routing/refusal. | release_status none → merged from the evidence at 2e83945,,main
EYE-DEP-001,V4,Appendix E Standard Error Code Catalog,181,EYE-DEP-001 (dependency_unavailable): Required dependency is unavailable within the operation deadline. Retry: Yes. Caller action: Retry with server backoff and same idempotency key.,V04-F003,data-platform,partial,unverified,merged,omission,P7-D,packages/contracts/src/errors.ts:16-45 (catalogued with retry class; never raised — v04-surveys),Raise the code from the owning boundary with its retry class and caller action; add a conformance test.,Dependency outages surface as 5xx without retry-class guidance. | release_status none → merged from the evidence at 2e83945,,main
EYE-CAP-001,V4,Appendix E Standard Error Code Catalog,181,EYE-CAP-001 (capacity_exhausted): Admission control cannot safely accept current work. Retry: Yes. Caller action: Retry after declared interval or reduce scope.,V04-F003,data-platform,partial,unverified,merged,omission,P7-D,packages/contracts/src/errors.ts:16-45 (catalogued with retry class; never raised — v04-surveys),Raise the code from the owning boundary with its retry class and caller action; add a conformance test.,No admission control / 429 exists. | release_status none → merged from the evidence at 2e83945,,main
EYE-DEG-001,V4,Appendix E Standard Error Code Catalog,181,"EYE-DEG-001 (capability_degraded): Requested capability is constrained by an active degraded mode. Retry: Bounded. Caller action: Observe guarantees, prohibitions, and retry guidance.",V04-F003,data-platform,partial,unverified,merged,omission,P7-D,packages/contracts/src/errors.ts:16-45 (catalogued with retry class; never raised — v04-surveys),Raise the code from the owning boundary with its retry class and caller action; add a conformance test.,Degraded state surfaces only through /readyz. | release_status none → merged from the evidence at 2e83945,,main
EYE-INT-001,V4,Appendix E Standard Error Code Catalog,181,"EYE-INT-001 (integrity_failure): Digest, signature, ordering, or custody verification failed. Retry: No. Caller action: Quarantine and investigate; never auto-repair evidence.",V04-F003,data-platform,partial,unverified,merged,phase0,P7-D,packages/contracts/src/errors.ts:16-45; apps/api/src/pipeline/http.ts:138,Emit the catalogued HTTP status (500) and quarantine semantics; httpStatus from the catalogue is never read.,Catalogued as 500 but thrown as 400 at http.ts:138 (httpStatus never read).,,main
EYE-AUD-001,V4,Appendix E Standard Error Code Catalog,181,EYE-AUD-001 (audit_unavailable): Required durable evidence cannot be committed. Retry: Bounded. Caller action: Follow consequence-specific continuity; do not claim completion.,V04-F003,data-platform,partial,unverified,merged,omission,P7-D,packages/contracts/src/errors.ts:16-45 (catalogued with retry class; never raised — v04-surveys),Raise the code from the owning boundary with its retry class and caller action; add a conformance test.,Audit unavailability is handled by refusing the action (acceptance.test.ts:407) rather than emitting this code. | release_status none → merged from the evidence at 2e83945,,main
EYE-EXT-001,V4,Appendix E Standard Error Code Catalog,181,EYE-EXT-001 (external_effect_unknown): Dispatch occurred but external completion cannot be proven. Retry: No. Caller action: Reconcile by receipt before retry or compensation.,V04-F003,data-platform,partial,unverified,merged,omission,P7-D,packages/contracts/src/errors.ts:16-45 (catalogued with retry class; never raised — v04-surveys),Raise the code from the owning boundary with its retry class and caller action; add a conformance test.,No external side effects exist yet. | release_status none → merged from the evidence at 2e83945,,main
EYE-RCV-001,V4,Appendix E Standard Error Code Catalog,182,EYE-RCV-001 (reconciliation_required): Recovery or failover left state requiring deterministic reconciliation. Retry: No. Caller action: Complete reconciliation before normal writes.,V04-F003,data-platform,partial,unverified,merged,omission,P7-D,packages/contracts/src/errors.ts:16-45 (catalogued with retry class; never raised — v04-surveys),Raise the code from the owning boundary with its retry class and caller action; add a conformance test.,Degraded reconciliation exists (migrations/0020) without this code. | release_status none → merged from the evidence at 2e83945,,main
EYE-GOV-001,V4,Appendix E Standard Error Code Catalog,182,EYE-GOV-001 (conformance_blocked): Artifact or operation lacks current governing evidence. Retry: No. Caller action: Close evidence or obtain an authorized exception.,V04-F003,data-platform,partial,unverified,merged,omission,P7-D,packages/contracts/src/errors.ts:16-45 (catalogued with retry class; never raised — v04-surveys),Raise the code from the owning boundary with its retry class and caller action; add a conformance test.,Gate failures block CI but no runtime code exists. | release_status none → merged from the evidence at 2e83945,,main
V04-T-001,V4,Document Control,2,"Normative language: SHALL, MUST, SHALL NOT, and MUST NOT are binding. MAY permits an implementation choice inside a frozen semantic boundary. Requirements carry stable ES-CC-NNN identities. Conformance requires verifiable evidence for the exact artifact, configuration, environment, deployment profile, and scope under review.",V04-F001,governance-docs,partial,not-applicable,merged,phase0,P7-D,conformance.manifest.json (Phase 0 units only; maps paths→component_ids→controls); scripts/gate/*.json receipts bound to head SHA,Conformance evidence is artifact-scoped only for supply-chain/C18 gates; functional evidence is phase-report prose.,Interpretation rule for this volume. Tracking id assigned: clause has no identifier in the source.,,main+test
V04-T-002,V4,Document Control,2,"CONTROLLING RULE: Volume 0 controls constitutional meaning. Volume 3 controls architecture. Volume 4 controls engineering realization. Lower-level specifications add precision but cannot weaken, rename, bypass, or silently reinterpret higher authority.",V04-F001,governance-docs,not-applicable,not-applicable,merged,phase0,not-applicable,DECISIONS.md (frozen baseline references); conformance.manifest.json constitution_edition/architecture_baseline,,Governance rule; observed by convention. Tracking id assigned: clause has no identifier in the source. | applicability: a documentary or normative-language row of the source; no product behaviour is claimed or owed by it,,main
V04-T-003,V4,Engineering Charter,3,"Definition of engineering complete: controlling requirements, interfaces, schemas, policies, models, agents, workflows, configuration, and migrations are versioned and owned; normal, partial, abstained, stale, denied, failed, recovering, and terminal behavior is explicit and testable; security, privacy, sovereignty, audit, quality, resilience, recovery, and observability evidence closes; operation",V04-F001,governance-docs,missing,unverified,none,phase7,P7-D,conformance.manifest.json (Phase 0 units only; maps paths→component_ids→controls); EXCEPTIONS.md,"No signed operational acceptance record, no observability/recovery/sovereignty evidence, no export/retire path; only versioned migrations/contracts exist.",Charter-level completion definition (cross-ref ES-71-*). Tracking id assigned: clause has no identifier in the source.,,main
V04-T-004,V4,Appendix A Logical Component Implementation Catalog,168,"The 92 stable logical component identifiers (L1-C01 … L9-C09) bind Volume 3 architecture to engineering ownership. Deployable decomposition may change only when duty, state authority, contract, controls, telemetry, and failure behavior remain independently resolvable.",V04-F002,governance-docs,partial,unverified,branch-only,phase0,P7-D,conformance.manifest.json (Phase 0 units only; maps paths→component_ids→controls) (Phase 0 CP-* ids only; no L{n}-C ids mapped); apps/api/src/* modules,"Map every L{n}-C component to an owning module/owner with state class, scale key and failure/recovery behaviour; Vol 0 source classes 1 of 20 covered (L1_CONNECTOR_COVERAGE.md).","Component ids are catalogued in V3; row covers the catalogue obligation, not each of the 92 ids. Tracking id assigned: clause has no identifier in the source. | release_status merged → branch-only from the evidence at 2e83945",v04.txt:page 168:L7650,branch+main
V04-T-005,V4,"Appendix B Interface, API, and Event Catalog",172,"The 50 canonical layer interfaces (L1-I01 … L9-I05) are stable semantic boundaries. Protocol bindings may vary, but envelope, authorization, reliability, error, compatibility, audit, and deployment-parity behavior remains one contract.",V04-F003,data-platform,partial,passed:harness,merged,phase0,P7-D,"packages/contracts/src/envelope.ts:19-138; apps/api/src/pipeline/http.ts:104-145 (EnvelopeGuard); apps/api/src/pipeline/pipeline.service.ts:329-337; migrations/0015_outbox_hardening.sql:35,52-56; apps/api/src/objects/outbox.publisher.ts:74-96; test/int/gate22-outbox-hardening.test.ts:49,63,88,114","Interfaces are not registered under their L{n}-I identities; domain events (ObservationRecorded, ContradictionDetected, …) have no consumers and no schema versions; several interfaces (TransformationEvaluated, MemoryCorrected, …) do not exist.","Row covers the catalogue obligation, not each of the 50 ids. Tracking id assigned: clause has no identifier in the source. | UNRESOLVED pointer(s) at 2e83945: layer controllers (apps/api/src/*/**.controller.ts)",,main+test
V04-T-006,V4,Appendix C Canonical Object Schema Profiles,176,"Each canonical intelligence object inherits the universal header. This appendix defines the minimum domain payload and lifecycle profile (SRC, OBS, EVD, CLM, EVT, ENT, REL, ASM, MEM, GRV, OBJ, RSK, …); domain schemas may add governed fields without removing universal identity, time, truth, provenance, policy, quality, and correction obligations.",V04-F005,data-platform,partial,passed:harness,merged,phase1,P3,"packages/contracts/src/header.ts:21-175; apps/api/migrations/0006_objects.sql:7,67-77; apps/api/src/objects/objects.service.ts:260-278; test/acceptance/acceptance.test.ts:700,747; migrations/0022 (SRC/OBS/EVD), 0023 (CLM/EVT/ASM), 0024 (ENT/REL/OBJ), 0029 (forecast/scenario/warning), 0032-0033 (twin/sim), 0041 (decision)","Lifecycle profiles (e.g. SRC draft→approved→active→suspended→retired, RSK candidate→assessed→monitored→closed, GRV atomic revisions) are only partly modelled; RSK and MEM objects absent; ontology fields absent.",Object profiles cross-reference V3 ch.7 and V7. Tracking id assigned: clause has no identifier in the source.,v04.txt:page 176:L9183,main+test
V04-T-007,V4,Appendix D Canonical Envelope Field Dictionary,179,"Envelope fields (message_id, tenant_id, domain_id, principal_id, delegation_id, purpose_id, action, side_effect_class, object_type/id/version, schema_version, ontology_version, truth_state, event/observation/valid/system time, issued_at, deadline, expires_at, source_refs, lineage_ref, confidence, quality_state, classification, policy_version, obligations, residency_profile, retention_profile, corr",V04-F003,data-platform,partial,passed:ci,merged,phase0,P7-D,packages/contracts/src/envelope.ts:19-138; apps/api/src/pipeline/http.ts:104-145 (EnvelopeGuard); apps/api/src/pipeline/pipeline.service.ts:329-337; packages/contracts/test/envelope-header.test.ts:77-97,"idempotency_key, deadline, expires_at, delegation_id declared but never read; quality_state, ontology_version, obligations, residency/retention profiles, sequence/partition_key, signature_ref not populated; no trace_id propagation.",Field dictionary; cross-ref ES-20-*. Tracking id assigned: clause has no identifier in the source.,,main+test
V04-T-008,V4,Appendix E Standard Error Code Catalog,182,"Error envelope obligations: error code, correlation, causation, trace, request contract version, policy-safe human message, retry classification, deadline, degraded state, and support reference.",V04-F003,data-platform,partial,passed:harness,merged,phase0,P7-D,"packages/contracts/src/errors.ts:16-45; apps/api/src/pipeline/http.ts:188-205; test/acceptance/acceptance.test.ts:577,961","errorBody() never sets degraded state, support reference, deadline, trace or contract version.",Tracking id assigned: clause has no identifier in the source.,,main+test
V04-T-009,V4,Appendix E Standard Error Code Catalog,182,"Error envelope obligations: no stack trace, secret, model prompt, protected identifier, unauthorized object existence, cross-tenant signal, or internal topology in caller-visible content.",V04-F003,data-platform,implemented,passed:harness,merged,phase0,done,"apps/api/src/pipeline/http.ts:188-205; test/acceptance/acceptance.test.ts:781,961,964,1003",,Tracking id assigned: clause has no identifier in the source. | UNRESOLVED pointer(s) at 2e83945: observation.filter.ts:20-48,,main+test
V04-T-010,V4,Appendix E Standard Error Code Catalog,182,Error envelope obligations: unknown external effects return reconciliation-required state; clients must not retry until the effect boundary is resolved.,V04-F003,agents,missing,unverified,none,phase7,P7-A,,No external-effect dispatch exists; EYE-EXT-001/RCV-001 never raised.,Tracking id assigned: clause has no identifier in the source.,,
V04-T-011,V4,Appendix F Quality and SLO Catalog,183,"SLO RULE: an error budget controls change velocity; it does not authorize loss of human decision sovereignty, provenance, tenant isolation, policy enforcement, audit, temporal truth, or deployment semantic parity.",V04-F017,infrastructure,missing,not-applicable,none,phase7,P7-D,,No error budgets exist (ch.57).,Cross-ref ES-57-004. Tracking id assigned: clause has no identifier in the source.,,
V04-T-012,V4,Appendix G Test and Conformance Matrix,184,"Evidence record: every verification record carries Identity (requirement, test, fixture, artifact, configuration, schema, policy, model, agent, workflow, environment, deployment versions), Execution (runner, identity, time, seed, inputs, dependencies, commands, result, logs, traces, resource, exception context), Validity (population, coverage, tolerances, exclusions, limitations, contamination, ex",V04-F020,governance-docs,partial,passed:ci,merged,phase0,P7-D,apps/api/test/gate/receipt-invariants.test.ts; final-receipt-semantics.test.ts; scripts/gate/c19-deliver.mjs (signed evidence bundle); scripts/gate/package-evidence.sh,Gate receipts satisfy execution/integrity dimensions; functional test runs produce no evidence record with identity/validity dimensions.,Tracking id assigned: clause has no identifier in the source.,,main+test
V04-T-013,V4,Appendix H Configuration Namespace,185,"Configuration names encode authority and scope (eye.identity.*, eye.policy.*, eye.domain.*, eye.crypto.*, eye.network.*, eye.observation.*, eye.objects.*, eye.graph.*, eye.twins.*, eye.models.*, eye.agents.*, eye.workflows.*, eye.quality.*, eye.features.*, eye.capacity.*, eye.telemetry.*, eye.retention.*, eye.release.*). Every item is typed, versioned, signed, reviewed, promoted, observable, histo",V04-F020,infrastructure,partial,unverified,merged,phase0,P7-D,"apps/api/src/config/config.ts (zod schema, eye.* namespace, ENV_MAP, fail-closed; eye.runtime.env local|test only)","Namespace used for identity/telemetry/runtime/observation only; no signing, versioning, promotion or historical resolution of configuration; most namespaces unused.",Tracking id assigned: clause has no identifier in the source. | passed:ci lacked a resolved test/CI pointer → unverified,v04.txt:page 185:L9774,main
V04-T-014,V4,Appendix H Configuration Namespace,185,"Prohibited configuration patterns: unowned free-form keys, secrets, customer content, unbounded global overrides, runtime shell mutation, deployment-specific semantic defaults, or settings without schema and expiry.",V04-F020,infrastructure,partial,unverified,merged,phase0,P7-D,"apps/api/src/config/config.ts (zod schema, eye.* namespace, ENV_MAP, fail-closed",Settings have no expiry; secrets still enter via .env (EXC-P0-005).,Tracking id assigned: clause has no identifier in the source. | UNRESOLVED pointer(s) at 2e83945: eye.runtime.env local|test only) (zod schema rejects unknown/invalid keys) | passed:ci lacked a resolved test/CI pointer → unverified,,main
V04-T-015,V4,Appendix H Configuration Namespace,185,"Prohibited configuration patterns: feature flags that bypass authorization, human gates, audit, provenance, tenant isolation, evaluation, migration, or operational acceptance.",V04-F020,infrastructure,not-applicable,not-applicable,merged,phase0,not-applicable,apps/api/src/config/config.ts (no feature flags exist),,Holds vacuously; revisit when eye.features.* is introduced. Tracking id assigned: clause has no identifier in the source. | applicability: a documentary or normative-language row of the source; no product behaviour is claimed or owed by it,,main
V04-T-016,V4,Appendix H Configuration Namespace,185,"Prohibited configuration patterns: manual production-only values that cannot be reproduced, reviewed, promoted, rolled back, or resolved during Decision Replay.",V04-F020,infrastructure,missing,unverified,none,phase7,P7-D,,No production environment; configuration versions are not captured for Decision Replay.,Tracking id assigned: clause has no identifier in the source.,,
V04-T-017,V4,Appendix I Requirement and Constitutional Traceability,186,"Traceability proves that implementation obligations resolve upward to architecture and constitutional authority and downward to release evidence. Requirement ranges (ES-01-001…ES-72-005, 410 requirements) remain stable within edition 1.0; each chapter inherits named constitutional invariants and evidence families (contract + test + release + operational evidence).",V04-F001,governance-docs,missing,unverified,none,omission,P7-D,conformance.manifest.json (Phase 0 units only,Build the requirement→test→artifact traceability manifest for all 410 ES ids.,"Cross-ref ES-06-*, ES-67-001. Tracking id assigned: clause has no identifier in the source. | UNRESOLVED pointer(s) at 2e83945: maps paths→component_ids→controls) (controls list ES-20/21/24 chapter ids only)",v04.txt:page 186:L9835,main
V04-T-018,V4,Appendix K Engineering Glossary,195,"Baseline closure: Volume 4 closes when every deployable behavior can identify its controlling constitutional invariant, architecture layer and component, canonical object and interface, state owner, control and trust boundary, quality contract, failure and recovery semantics, deployment-parity fixture, release evidence, operational authority, and retirement path.",V04-F022,governance-docs,missing,unverified,none,phase7,P7-D,conformance.manifest.json (Phase 0 units only; maps paths→component_ids→controls); EXCEPTIONS.md,"Quality contracts, deployment-parity fixtures, operational authority and retirement paths do not exist for any behaviour.",Volume-level closure criterion. Tracking id assigned: clause has no identifier in the source.,,main
V04-T-019,V4,31 World Observation Layer,71,"World Observation Layer control enforcement: Purpose and legal authority before collection; tenant, classification, and residency assignment at ingress; rate, robots, licence, and contractual limits; authenticity and malware checks; immutable evidence identifiers and custody events.",V04-F007,observation,partial,passed:harness,branch-only,phase1,P1,"apps/api/src/observation/connectors/http-client.ts:8,42-43,188-211 (scheme/host allowlist, private-address refusal); apps/api/src/observation/connectors/redaction.ts; migrations/0028 (source contract v2 rights/purpose); apps/api/src/observation/quarantine/quarantine.service.ts; test/int/phase1-hostile-input.test.ts; phase1-acceptance.test.ts",Purpose/legal authority is declared on the contract but rights lifecycle is not enforced at collection; robots/licence limits are contract fields without runtime evaluation beyond rate.,Layer control-enforcement bullets (no id); enforced subset detailed in ES-31-007. Tracking id assigned: clause has no identifier in the source. | release_status merged → branch-only from the evidence at 2e83945,,branch+main+test
V04-T-020,V4,31 World Observation Layer,71,"World Observation Layer declared degraded behaviors (each requires fault-injection trace, affected product watermark, consumer behavior, operator action, recovery, and reconciliation evidence): Stale source state remains visible; derived products receive source-health impact markers; unsafe content stays quarantined; no silent substitution of an unavailable source; coverage gaps enter warning and",V04-F007,observation,partial,passed:harness,branch-only,phase1,P1,apps/api/src/observation/fault-injection.ts (F01–F46); test/int/phase1-fault-injection.test.ts; test/int/phase6-scheduled-corrections.test.ts,Coverage gaps do not enter warning/decision packages; no continuous degraded-behaviour test in CI beyond the fault-injection suite.,Layer degraded-behaviour table (no id); cross-ref ES-31-009. Tracking id assigned: clause has no identifier in the source. | release_status merged → branch-only from the evidence at 2e83945,,branch+main+test
V04-T-021,V4,32 Intelligence Layer,74,Intelligence Layer control enforcement: Truth-state labels on every output; evidence references remain mandatory; model and prompt versions are explicit; human review thresholds follow risk and impact; derived objects never replace source evidence.,V04-F008,intelligence,partial,passed:harness,merged,phase2,P2,"apps/api/src/intelligence/review/review.service.ts; migrations/0023:329,347,757,786 (review thresholds); test/int/phase2-acceptance.test.ts:427,518",Prompt-injection quarantine for model inputs is not implemented; review thresholds are static.,"Layer control-enforcement bullets (no id); enforced subset detailed in ES-32-007. Tracking id assigned: clause has no identifier in the source. | UNRESOLVED pointer(s) at 2e83945: model-gateway.service.ts:65,117-123 (abstention)",,main+test
V04-T-022,V4,32 Intelligence Layer,74,"Intelligence Layer declared degraded behaviors (each requires fault-injection trace, affected product watermark, consumer behavior, operator action, recovery, and reconciliation evidence): Abstain when evidence or model fitness is insufficient; route to deterministic fallback or human review; expose reduced confidence and unavailable methods; quarantine prompt-injection or malicious content; preve",V04-F008,intelligence,partial,passed:harness,merged,phase2,P2,test/int/phase2-acceptance.test.ts:388,Deterministic fallback path and reduced-confidence exposure are not exercised continuously; only abstention is tested.,Layer degraded-behaviour table (no id); cross-ref ES-32-009. Tracking id assigned: clause has no identifier in the source. | UNRESOLVED pointer(s) at 2e83945: apps/api/src/intelligence/extraction.service.ts:207-224 (abstain),,main+test
V04-T-023,V4,33 Enterprise Memory,77,Enterprise Memory control enforcement: Tenant and object-level access; purpose-aware retrieval; versioned corrections rather than destructive overwrite; lawful retention and verifiable deletion; isolation of unverified synthetic and model-generated content.,V04-F009,memory-graph,partial,passed:harness,merged,phase3,P3,"apps/api/src/graph/search/search.service.ts (lexical, permission-aware, metadata-only, MAX 50); test/int/phase3-acceptance.test.ts:762,774,795,804; apps/api/src/policy/pdp.service.ts (default DENY, indeterminate→deny, obligations executed); apps/api/test/unit/pdp.test.ts; test/int/phase3-acceptance.test.ts:762,774,795,804",Purpose-aware retrieval and lawful deletion are not enforced (retention_profile never enforced; no purge job).,Layer control-enforcement bullets (no id); enforced subset detailed in ES-33-007. Tracking id assigned: clause has no identifier in the source.,,main+test
V04-T-024,V4,33 Enterprise Memory,77,"Enterprise Memory declared degraded behaviors (each requires fault-injection trace, affected product watermark, consumer behavior, operator action, recovery, and reconciliation evidence): Fallback to metadata-only retrieval when content tier is unavailable; prevent stale index results from appearing current; expose partial reconstruction; pause deletion when referential scope cannot be proven; rec",V04-F009,memory-graph,missing,unverified,none,phase3,P3,,"No degraded-behaviour tests for metadata-only fallback, stale-index prevention, deletion pause or index rebuild (no separate index tier exists).",Layer degraded-behaviour table (no id); cross-ref ES-33-009. Tracking id assigned: clause has no identifier in the source.,,
V04-T-025,V4,34 Knowledge Graph,80,"Knowledge Graph control enforcement: No edge without type, time, provenance, and policy context; identity merges and splits are reversible; ontology changes require compatibility analysis; graph queries remain permission-aware; synthetic relationships are explicitly marked.",V04-F009,memory-graph,partial,passed:harness,merged,phase3,P3,"migrations/0025:137; test/int/phase3-acceptance.test.ts:996,1016,1028; test/int/phase3-acceptance.test.ts:996,1016,1028",Ontology-change compatibility analysis impossible (no ontology); merge/split reversibility only for identifiers.,Layer control-enforcement bullets (no id); enforced subset detailed in ES-34-007. Tracking id assigned: clause has no identifier in the source. | UNRESOLVED pointer(s) at 2e83945: apps/api/src/graph/edges.service.ts,,main+test
V04-T-026,V4,34 Knowledge Graph,80,"Knowledge Graph declared degraded behaviors (each requires fault-injection trace, affected product watermark, consumer behavior, operator action, recovery, and reconciliation evidence): Serve last-known graph revision with staleness marker; queue writes when validation or consensus is unavailable; prevent partial multi-object revisions; expose unresolved identities rather than forcing links; rebui",V04-F009,memory-graph,partial,passed:harness,merged,phase3,P3,"apps/api/src/graph/graph.controller.ts:417,500,561 (truncated/unexplored disclosure); migrations/0024:1436 (projection rebuild); test/int/phase3-acceptance.test.ts:1176; test/unit/codex-corrections.test.ts:599,609","Last-known-revision staleness marker, write queueing on validation outage and multi-object revision atomicity are not tested as degraded behaviours.",Layer degraded-behaviour table (no id); cross-ref ES-34-009. Tracking id assigned: clause has no identifier in the source.,,main+test
V04-T-027,V4,35 Digital Twins,83,Digital Twins control enforcement: Observed and synthetic state separation; exact evidence and graph revision per snapshot; versioned model and assumption bindings; declared operating envelope; simulation preserves the exact twin version used.,V04-F010,twin-simulation,partial,passed:harness,branch-only,phase5,P5,"migrations/0032:229 (health), 0034:23,135-205 (propagation/reconciliation); test/int/phase5-twins.test.ts:109-287",Declared operating envelope and behaviour disabling outside calibration are not implemented.,Layer control-enforcement bullets (no id); enforced subset detailed in ES-35-007. Tracking id assigned: clause has no identifier in the source. | UNRESOLVED pointer(s) at 2e83945: apps/api/src/twin/twin.service.ts:633-664 (as-of/compare) | release_status merged → branch-only from the evidence at 2e83945,,branch+test
V04-T-028,V4,35 Digital Twins,83,"Digital Twins declared degraded behaviors (each requires fault-injection trace, affected product watermark, consumer behavior, operator action, recovery, and reconciliation evidence): Freeze last validated snapshot with freshness warning; disable behaviors outside calibrated envelope; require reconciliation before merging a branch; expose missing variables and dependency uncertainty; prevent synth",V04-F010,twin-simulation,partial,passed:harness,branch-only,phase5,P5,"test/int/phase5-corrections.test.ts:372,388,397; phase5-propagation.test.ts:92,133",Freeze-with-freshness-warning and envelope-disable degraded modes are not implemented or tested.,Layer degraded-behaviour table (no id); cross-ref ES-35-009. Tracking id assigned: clause has no identifier in the source. | release_status merged → branch-only from the evidence at 2e83945,,branch+test
V04-T-029,V4,36 Prediction Engine,86,Prediction Engine control enforcement: Horizon-specific method selection; distribution rather than point estimate by default; model and feature lineage; calibration and failure conditions; alternative models and disagreement remain inspectable.,V04-F010,prediction,partial,passed:harness,branch-only,phase4,P4,"test/int/phase4-acceptance.test.ts:487,505; phase4-corrections-calendar.test.ts:72-118","Alternative models/disagreement not inspectable (two model families, no ensemble comparison); model/feature lineage limited.","Layer control-enforcement bullets (no id); enforced subset detailed in ES-36-007. Tracking id assigned: clause has no identifier in the source. | UNRESOLVED pointer(s) at 2e83945: apps/api/src/prediction/forecasting.service.ts:79-99,142-154 (leash), 115-125 (refusals), 180-183 (validation_impossible) | release_status merged → branch-only from the evidence at 2e83945",,branch+test
V04-T-030,V4,36 Prediction Engine,86,"Prediction Engine declared degraded behaviors (each requires fault-injection trace, affected product watermark, consumer behavior, operator action, recovery, and reconciliation evidence): Abstain or widen uncertainty when fitness fails; serve prior forecast only with explicit expiry state; exclude unavailable model paths and disclose loss; prevent warnings from treating withdrawn forecasts as curr",V04-F010,prediction,partial,passed:harness,branch-only,phase4,P4,test/int/phase4-corrections-calendar.test.ts:72-118,Serve-prior-with-expiry and withdrawn-forecast exclusion from warnings are only partially tested; no continuous degraded test.,"Layer degraded-behaviour table (no id); cross-ref ES-36-009. Tracking id assigned: clause has no identifier in the source. | UNRESOLVED pointer(s) at 2e83945: apps/api/src/prediction/forecasting.service.ts:115-125,180-183 | release_status merged → branch-only from the evidence at 2e83945",,branch+test
V04-T-031,V4,37 Scenario Intelligence,89,Scenario Intelligence control enforcement: Multiple branches remain visible; assumptions are explicit and versioned; evidence and forecast dependencies are linked; indicators have owners and thresholds; imported packages cannot access customer memory by default.,V04-F010,prediction,partial,passed:harness,branch-only,phase4,P4,"migrations/0029:275-317 (indicators with owners/thresholds); test/int/phase5-corrections.test.ts:256,288",Imported scenario packages do not exist (no marketplace); assumption versioning is structural only.,"Layer control-enforcement bullets (no id); enforced subset detailed in ES-37-007. Tracking id assigned: clause has no identifier in the source. | UNRESOLVED pointer(s) at 2e83945: apps/api/src/prediction/scenarios.service.ts:61,66 (structural coherence) | release_status merged → branch-only from the evidence at 2e83945",,branch+test
V04-T-032,V4,37 Scenario Intelligence,89,"Scenario Intelligence declared degraded behaviors (each requires fault-injection trace, affected product watermark, consumer behavior, operator action, recovery, and reconciliation evidence): Suspend a branch when critical assumptions become invalid; expose missing indicators and stale dependencies; prevent incoherent branches from entering simulation; retain retired branches for Decision Replay;",V04-F010,prediction,partial,passed:harness,branch-only,phase4,P4,"test/int/phase5-corrections.test.ts:256,288; test/unit/phase5-refusals.test.ts:57",Branch suspension on invalid critical assumptions and retired-branch retention for replay are not tested as degraded behaviours.,Layer degraded-behaviour table (no id); cross-ref ES-37-009. Tracking id assigned: clause has no identifier in the source. | release_status merged → branch-only from the evidence at 2e83945,,branch+test
V04-T-033,V4,38 Simulation Engine,92,"Simulation Engine control enforcement: Exact model, twin, scenario, and policy versions; seed and environment capture; resource budgets and stop conditions; no write-back to observed state; reproducibility package accompanies material results.",V04-F010,twin-simulation,partial,passed:harness,branch-only,phase5,P5,test/int/phase5-simulations.test.ts:81-225,Resource budgets beyond a fixed timeout and solver-adapter containment are not implemented.,"Layer control-enforcement bullets (no id); enforced subset detailed in ES-38-007. Tracking id assigned: clause has no identifier in the source. | UNRESOLVED pointer(s) at 2e83945: apps/api/src/twin/simulation.service.ts:440-492,552 (separate-process reproduce), 571 (60 s worker timeout) | release_status merged → branch-only from the evidence at 2e83945",,branch+test
V04-T-034,V4,38 Simulation Engine,92,"Simulation Engine declared degraded behaviors (each requires fault-injection trace, affected product watermark, consumer behavior, operator action, recovery, and reconciliation evidence): Fail closed when required versions cannot resolve; return partial runs only with declared missing outputs; contain unstable solver adapters; preserve checkpoints and audit continuity; prevent invalid results from",V04-F010,twin-simulation,partial,passed:harness,branch-only,phase5,P5,test/int/phase5-simulations.test.ts:81-225,"Partial-run declaration and checkpoint preservation are not implemented (runs are inline, all-or-nothing).",Layer degraded-behaviour table (no id); cross-ref ES-38-009. Tracking id assigned: clause has no identifier in the source. | release_status merged → branch-only from the evidence at 2e83945,,branch+test
V04-T-035,V4,39 Decision Intelligence,95,Decision Intelligence control enforcement: Named human authority; separation of preparation and approval; alternatives and dissent retained; recommendation criteria remain inspectable; state of knowledge at decision time is immutable for replay.,V04-F011,decision,partial,passed:harness,branch-only,phase6,P6,"migrations/0042_decision_approvals_and_commitment.sql:24,51,100,118,164,186,190,225; 0043:33,103,129; 0049:239,257; apps/api/src/decision/clearance.ts:33-56; test/int/phase6-approvals.test.ts:45,59,91,105,141,154,208; test/unit/pdp-phase6-authority.test.ts; test/int/phase6-approvals.test.ts:45-208",Conditional approvals stored but never evaluated; committer≠approver and SoD enforced.,Layer control-enforcement bullets (no id); enforced subset detailed in ES-39-007. Tracking id assigned: clause has no identifier in the source.,,branch+test
V04-T-036,V4,39 Decision Intelligence,95,"Decision Intelligence declared degraded behaviors (each requires fault-injection trace, affected product watermark, consumer behavior, operator action, recovery, and reconciliation evidence): Block commitment when mandatory evidence or approval is missing; expose stale or withdrawn inputs; allow human deferral, rejection, or request for information; prevent agent self-approval; reopen rather than",V04-F011,decision,partial,passed:harness,branch-only,phase6,P6,"test/int/phase6-approvals.test.ts:141,154 (stale context blocks); phase6-review-corrections.test.ts:110,133",Human deferral/request-for-information paths and agent self-approval prevention are not covered by dedicated degraded tests.,Layer degraded-behaviour table (no id); cross-ref ES-39-009. Tracking id assigned: clause has no identifier in the source.,,branch+test
V04-T-037,V4,40 Executive Operating System,98,Executive Operating System control enforcement: Role and need-to-know access; materiality and notification policy; every displayed conclusion links to evidence and uncertainty; suppression and delegation remain visible; access mode never changes canonical meaning.,V04-F011,executive-os,partial,passed:harness,branch-only,phase6,P6,migrations/0044 (room membership); test/int/phase6-briefings.test.ts:38-168,Materiality/notification policy and suppression/delegation visibility not implemented; notification transport absent.,Layer control-enforcement bullets (no id); enforced subset detailed in ES-40-007. Tracking id assigned: clause has no identifier in the source. | UNRESOLVED pointer(s) at 2e83945: apps/api/src/executive/briefing.service.ts (evidence links per conclusion),,branch+test
V04-T-038,V4,40 Executive Operating System,98,"Executive Operating System declared degraded behaviors (each requires fault-injection trace, affected product watermark, consumer behavior, operator action, recovery, and reconciliation evidence): Expose incomplete briefings and unavailable dependencies; prefer silence over false certainty for unsafe products; retain urgent decision state during partial platform outage; preserve acknowledgement an",V04-F011,executive-os,missing,unverified,none,phase6,P6,,"Incomplete-briefing exposure, urgent-state retention during outage, acknowledgement/escalation audit and offline packages are not implemented/tested.",Layer degraded-behaviour table (no id); cross-ref ES-40-009. Tracking id assigned: clause has no identifier in the source.,,
