id,volume,chapter,page,clause,family_seed,capability_area,impl_status,verif_status,release_status,phase_origin,package,evidence,remaining_work,notes,source_ref,evidence_scope
IA-01-001,V6,1 Infrastructure Architecture Authority and Scope,10,"The infrastructure realization of Infrastructure Architecture Authority and Scope SHALL translate the frozen constitutional, technical, engineering, and AI baselines into deployable infrastructure without changing product meaning.",V06-F001,governance-docs,partial,unverified,merged,phase0,P7-D,"conformance.manifest.json (repository units -> component ids, controls, owners; Phase 0 framing); docs/the-eye-master-build-prompt.md",No infrastructure realization beyond the local compose profile; no infrastructure manifests (Vol 6 App H) translating the baselines into deployable infrastructure,"Vol 6 App N anchors: C-001, C-003, C-004, C-008, C-051, C-052; V4:1, V4:4, V4:6, V4:7, V4:72; V5:1, V5:2, V5:6, V5:71, V5:72",v06.txt:page 10:L295,main
IA-01-002,V6,1 Infrastructure Architecture Authority and Scope,10,"Every production instance SHALL declare and continuously reconcile infrastructure component identity, deployment profile, owner, lifecycle state, control evidence, and conformance disposition through versioned desired state, observed state, ownership, and audit evidence.",V06-F001,governance-docs,partial,unverified,merged,phase0,P7-D,"conformance.manifest.json (repository units -> component ids, controls, owners; Phase 0 framing)","conformance.manifest.json is a static Phase 0 mapping (units->components/controls/owners); no observed-state inventory, lifecycle state, deployment profile, control evidence or reconciliation","Vol 6 App N anchors: C-001, C-003, C-004, C-008, C-051, C-052; V4:1, V4:4, V4:6, V4:7, V4:72; V5:1, V5:2, V5:6, V5:71, V5:72",v06.txt:page 10:L305,main
IA-01-003,V6,1 Infrastructure Architecture Authority and Scope,10,"The implementation SHALL enforce this boundary: infrastructure may host canonical capabilities but may not own strategic truth, policy meaning, final decisions, or an eleventh product layer.",V06-F001,governance-docs,partial,passed:harness,merged,phase0,P7-D,"apps/api/src/policy/pdp.service.ts (default deny, INDETERMINATE->deny, obligations, consequence class); apps/api/src/audit/audit.service.ts (hash chain verify/seal, tamper freeze); migrations/0004_audit.sql; migrations/0018_verifier_seal_governance.sql; test/int/audit-chain.test.ts; test/int/gate22-verifier-seal.test.ts; test/int/gate22-authority-matrix.test.ts","Boundary holds by construction (truth, policy and final decisions live in application/database authority, not infrastructure); no boundary test framed for infrastructure components","Vol 6 App N anchors: C-001, C-003, C-004, C-008, C-051, C-052; V4:1, V4:4, V4:6, V4:7, V4:72; V5:1, V5:2, V5:6, V5:71, V5:72",v06.txt:page 10:L317,main+test
IA-01-004,V6,1 Infrastructure Architecture Authority and Scope,10,"SaaS, Private Cloud, and On-Premise SHALL preserve the same authority, state, isolation, failure, recovery, evidence, replay, and human-decision semantics for Infrastructure Architecture Authority and Scope.",V06-F001,governance-docs,missing,unverified,none,omission,P7-D,"docker-compose.yml (digest-pinned postgres/redis, loopback only, required env, local-dev profile per EXC-P0-004); apps/api/src/policy/pdp.service.ts (environment.deployment hard-coded local-dev)","Only the local-dev profile exists; no SaaS, Private Cloud or On-Premise profile and no shared conformance fixtures proving identical semantics for this chapter","Cross-volume: V0 C-042 (deployment semantic parity); V3 Ch 39–43; V4 Ch 14.; Vol 6 App N anchors: C-001, C-003, C-004, C-008, C-051, C-052; V4:1, V4:4, V4:6, V4:7, V4:72; V5:1, V5:2, V5:6, V5:71, V5:72",v06.txt:page 10:L327,main
IA-01-005,V6,1 Infrastructure Architecture Authority and Scope,11,"When a workload, platform service, or deployment cannot resolve to an approved infrastructure contract, the platform SHALL deny registration or promotion, preserve the nonconformant state, and route the conflict to architecture governance; it SHALL NOT infer healthy, complete, current, authorized, or recovered state.",V06-F001,governance-docs,partial,passed:ci,merged,phase0,P7-D,".github/workflows/ci.yml: supply-chain (C16 target-resolved closure gate, blocking); scripts/gate/lib/lock-closure.mjs","Promotion denial exists only for dependency/lockfile closure of code; no registry of approved infrastructure contracts, no preserved non-conformant state, no routing to architecture governance","Vol 6 App N anchors: C-001, C-003, C-004, C-008, C-051, C-052; V4:1, V4:4, V4:6, V4:7, V4:72; V5:1, V5:2, V5:6, V5:71, V5:72",v06.txt:page 10:L290,main+test
IA-01-006,V6,1 Infrastructure Architecture Authority and Scope,11,"Production admission and continued operation SHALL require complete component inventory, authority trace, cross-deployment conformance, and signed operational acceptance, bound to the exact artifacts, configuration, topology, customer scope, deployment profile, and period under review.",V06-F001,governance-docs,missing,unverified,none,omission,P7-D,,"No production admission gate binds complete component inventory, authority trace, cross-deployment conformance, and signed operational acceptance to exact artifacts, configuration, topology, customer scope, profile and period; CI binds gate evidence to a commit SHA and run attempt only","Vol 6 App N anchors: C-001, C-003, C-004, C-008, C-051, C-052; V4:1, V4:4, V4:6, V4:7, V4:72; V5:1, V5:2, V5:6, V5:71, V5:72",v06.txt:page 11:L355,
IA-02-001,V6,2 Specification Hierarchy and Conformance,12,"The infrastructure realization of Specification Hierarchy and Conformance SHALL enforce the control order from Volume 0 through infrastructure manifests, implementation, verification, and operational evidence.",V06-F001,governance-docs,partial,unverified,branch-only,phase0,P7-D,conformance.manifest.json (controls cite ES/ADR ids); apps/api/migrations/*.sql headers cite ES/ADR/Gate ids; scripts/gate/target-descriptor.json,Control order is documented in code comments and the Phase 0 manifest; no manifest -> implementation -> verification -> operational-evidence chain from Volume 0 through infrastructure,"Vol 6 App N anchors: C-003, C-008, C-050, C-051, C-052; V4:2, V4:3, V4:6, V4:23, V4:72; V5:2, V5:6, V5:70, V5:71, V5:72 | release_status merged → branch-only from the evidence at 2e83945",v06.txt:page 12:L424,branch+main+test
IA-02-002,V6,2 Specification Hierarchy and Conformance,12,"Every production instance SHALL declare and continuously reconcile normative artifact identity, authority, version, effective time, supersession, exception, and dependent release set through versioned desired state, observed state, ownership, and audit evidence.",V06-F001,governance-docs,partial,unverified,merged,phase0,P7-D,"scripts/gate/scanner-exclusions.json + docs/SCANNER_DISPOSITIONS.md (exception identity, digest binding, expiry)","Exception registry covers scanner findings only; no registry of normative artifact identity, authority, version, effective time, supersession and dependent release set","Vol 6 App N anchors: C-003, C-008, C-050, C-051, C-052; V4:2, V4:3, V4:6, V4:23, V4:72; V5:2, V5:6, V5:70, V5:71, V5:72",v06.txt:page 10:L305,main+test
IA-02-003,V6,2 Specification Hierarchy and Conformance,12,The implementation SHALL enforce this boundary: lower-level infrastructure specifications may add precision but may not weaken a higher authority or conceal semantic divergence.,V06-F001,governance-docs,missing,unverified,none,omission,P7-D,,Nothing checks that a lower-level specification or manifest does not weaken a higher authority; add manifest lint against the Vol 0/3/4/5 control order,"Vol 6 App N anchors: C-003, C-008, C-050, C-051, C-052; V4:2, V4:3, V4:6, V4:23, V4:72; V5:2, V5:6, V5:70, V5:71, V5:72",v06.txt:page 10:L317,
IA-02-004,V6,2 Specification Hierarchy and Conformance,12,"SaaS, Private Cloud, and On-Premise SHALL preserve the same authority, state, isolation, failure, recovery, evidence, replay, and human-decision semantics for Specification Hierarchy and Conformance.",V06-F001,governance-docs,missing,unverified,none,omission,P7-D,"docker-compose.yml (digest-pinned postgres/redis, loopback only, required env, local-dev profile per EXC-P0-004); apps/api/src/policy/pdp.service.ts (environment.deployment hard-coded local-dev)","Only the local-dev profile exists; no SaaS, Private Cloud or On-Premise profile and no shared conformance fixtures proving identical semantics for this chapter","Cross-volume: V0 C-042 (deployment semantic parity); V3 Ch 39–43; V4 Ch 14.; Vol 6 App N anchors: C-003, C-008, C-050, C-051, C-052; V4:2, V4:3, V4:6, V4:23, V4:72; V5:2, V5:6, V5:70, V5:71, V5:72",v06.txt:page 10:L327,main
IA-02-005,V6,2 Specification Hierarchy and Conformance,13,"When two controlling artifacts conflict or an exception expires, the platform SHALL hold affected promotion, select the highest authority, expose dependent releases, and require explicit amendment or closure; it SHALL NOT infer healthy, complete, current, authorized, or recovered state.",V06-F001,governance-docs,partial,passed:ci,merged,phase0,P7-D,.github/workflows/c15-patched-image-recheck.yml; scripts/gate/check-patched-images.mjs; test/gate/c15-patched-recheck.ctl.ts,"Expired or unnecessary exceptions fail CI (holds promotion); no conflict resolution between controlling artifacts, no dependent-release exposure, no amendment workflow","Vol 6 App N anchors: C-003, C-008, C-050, C-051, C-052; V4:2, V4:3, V4:6, V4:23, V4:72; V5:2, V5:6, V5:70, V5:71, V5:72",v06.txt:page 12:L419,main+test
IA-02-006,V6,2 Specification Hierarchy and Conformance,13,"Production admission and continued operation SHALL require machine-readable conformance manifests, conflict tests, exception expiry exercises, and dependency-complete review, bound to the exact artifacts, configuration, topology, customer scope, deployment profile, and period under review.",V06-F001,governance-docs,missing,unverified,none,omission,P7-D,,"No production admission gate binds machine-readable conformance manifests, conflict tests, exception expiry exercises, and dependency-complete review to exact artifacts, configuration, topology, customer scope, profile and period; CI binds gate evidence to a commit SHA and run attempt only","Vol 6 App N anchors: C-003, C-008, C-050, C-051, C-052; V4:2, V4:3, V4:6, V4:23, V4:72; V5:2, V5:6, V5:70, V5:71, V5:72",v06.txt:page 11:L355,
IA-03-001,V6,3 Infrastructure Principles and Semantic Parity,14,"The infrastructure realization of Infrastructure Principles and Semantic Parity SHALL preserve one product contract across SaaS, Private Cloud, and On-Premise while allowing controlled physical variation.",V06-F001,infrastructure,missing,unverified,none,omission,P7-D,"docker-compose.yml (digest-pinned postgres/redis, loopback only, required env, local-dev profile per EXC-P0-004); apps/api/src/policy/pdp.service.ts (environment.deployment hard-coded local-dev)","Only the local-dev profile exists; define the SaaS, Private Cloud and On-Premise profiles and one common semantic conformance suite run identically in each","Not scheduled in any phase of docs/the-eye-master-build-prompt.md (stack: Docker Compose for local dev, GitHub Actions CI); owner package P7-D.; Vol 6 App N anchors: C-001, C-004, C-036, C-045, C-051; V4:5, V4:14, V4:23, V4:64, V4:71; V5:7, V5:9, V5:20, V5:71",v06.txt:page 10:L295,main
IA-03-002,V6,3 Infrastructure Principles and Semantic Parity,14,"Every production instance SHALL declare and continuously reconcile deployment capability profile, semantic parity claim, permitted physical variance, test suite, and evidence validity through versioned desired state, observed state, ownership, and audit evidence.",V06-F001,infrastructure,missing,unverified,none,omission,P7-D,,"No versioned desired-state/observed-state reconciliation for: deployment capability profile, semantic parity claim, permitted physical variance, test suite, and evidence validity. Add an infrastructure manifest (Vol 6 App H), an observed-state inventory and audit evidence of reconciliation","Vol 6 App N anchors: C-001, C-004, C-036, C-045, C-051; V4:5, V4:14, V4:23, V4:64, V4:71; V5:7, V5:9, V5:20, V5:71",v06.txt:page 10:L305,
IA-03-003,V6,3 Infrastructure Principles and Semantic Parity,14,"The implementation SHALL enforce this boundary: provider, topology, operating model, and locality may vary; authority, object, workflow, failure, audit, replay, and human-decision semantics may not.",V06-F001,infrastructure,missing,unverified,none,omission,P7-D,,"No profile variation exists to constrain; the rule (physical variation allowed, semantics frozen) has no fixture","Vol 6 App N anchors: C-001, C-004, C-036, C-045, C-051; V4:5, V4:14, V4:23, V4:64, V4:71; V5:7, V5:9, V5:20, V5:71",v06.txt:page 10:L317,
IA-03-004,V6,3 Infrastructure Principles and Semantic Parity,14,"SaaS, Private Cloud, and On-Premise SHALL preserve the same authority, state, isolation, failure, recovery, evidence, replay, and human-decision semantics for Infrastructure Principles and Semantic Parity.",V06-F001,infrastructure,missing,unverified,none,omission,P7-D,"docker-compose.yml (digest-pinned postgres/redis, loopback only, required env, local-dev profile per EXC-P0-004); apps/api/src/policy/pdp.service.ts (environment.deployment hard-coded local-dev)","Only the local-dev profile exists; no SaaS, Private Cloud or On-Premise profile and no shared conformance fixtures proving identical semantics for this chapter","Cross-volume: V0 C-042 (deployment semantic parity); V3 Ch 39–43; V4 Ch 14.; Vol 6 App N anchors: C-001, C-004, C-036, C-045, C-051; V4:5, V4:14, V4:23, V4:64, V4:71; V5:7, V5:9, V5:20, V5:71",v06.txt:page 10:L327,main
IA-03-005,V6,3 Infrastructure Principles and Semantic Parity,15,"When a deployment profile cannot pass the common semantic conformance suite, the platform SHALL mark the capability unavailable or explicitly degraded for that profile and block claims of product parity; it SHALL NOT infer healthy, complete, current, authorized, or recovered state.",V06-F001,infrastructure,missing,unverified,none,omission,P7-D,,No per-profile conformance suite; no mechanism to mark a capability unavailable/degraded per profile or to block parity claims,"Vol 6 App N anchors: C-001, C-004, C-036, C-045, C-051; V4:5, V4:14, V4:23, V4:64, V4:71; V5:7, V5:9, V5:20, V5:71",v06.txt:page 14:L546,
IA-03-006,V6,3 Infrastructure Principles and Semantic Parity,15,"Production admission and continued operation SHALL require identical golden fixtures, parity diffs, exception records, and accountable sign-off for every deployment profile, bound to the exact artifacts, configuration, topology, customer scope, deployment profile, and period under review.",V06-F001,infrastructure,missing,unverified,none,omission,P7-D,,"No production admission gate binds identical golden fixtures, parity diffs, exception records, and accountable sign-off for every deployment profile to exact artifacts, configuration, topology, customer scope, profile and period; CI binds gate evidence to a commit SHA and run attempt only","Vol 6 App N anchors: C-001, C-004, C-036, C-045, C-051; V4:5, V4:14, V4:23, V4:64, V4:71; V5:7, V5:9, V5:20, V5:71",v06.txt:page 11:L355,
IA-04-001,V6,4 Shared Responsibility and Customer Control,16,"The infrastructure realization of Shared Responsibility and Customer Control SHALL make operational ownership, customer authority, platform duties, support access, and evidence obligations explicit for every deployment profile.",V06-F001,infrastructure,missing,unverified,none,omission,P7-F,,"No shared-responsibility matrix, customer-authority model, support-access model or per-profile evidence obligations (Vol 6 App B)","Not scheduled in any phase of docs/the-eye-master-build-prompt.md (stack: Docker Compose for local dev, GitHub Actions CI); owner package P7-D.; Vol 6 App N anchors: C-004, C-006, C-028, C-036, C-049; V4:2, V4:10, V4:49, V4:63, V4:72; V5:3, V5:37, V5:65, V5:71, V5:72",v06.txt:page 16:L680,
IA-04-002,V6,4 Shared Responsibility and Customer Control,16,"Every production instance SHALL declare and continuously reconcile responsibility assignment, control owner, operator role, customer-held authority, access path, evidence producer, and escalation path through versioned desired state, observed state, ownership, and audit evidence.",V06-F001,infrastructure,missing,unverified,none,omission,P7-F,,"No versioned desired-state/observed-state reconciliation for: responsibility assignment, control owner, operator role, customer-held authority, access path, evidence producer, and escalation path. Add an infrastructure manifest (Vol 6 App H), an observed-state inventory and audit evidence of reconci","Vol 6 App N anchors: C-004, C-006, C-028, C-036, C-049; V4:2, V4:10, V4:49, V4:63, V4:72; V5:3, V5:37, V5:65, V5:71, V5:72",v06.txt:page 10:L305,
IA-04-003,V6,4 Shared Responsibility and Customer Control,16,"The implementation SHALL enforce this boundary: no responsibility may be silently transferred through hosting choice, support action, managed service, or contractual shorthand.",V06-F001,infrastructure,missing,unverified,none,omission,P7-F,,No responsibility model exists to protect from silent transfer,"Vol 6 App N anchors: C-004, C-006, C-028, C-036, C-049; V4:2, V4:10, V4:49, V4:63, V4:72; V5:3, V5:37, V5:65, V5:71, V5:72",v06.txt:page 10:L317,
IA-04-004,V6,4 Shared Responsibility and Customer Control,16,"SaaS, Private Cloud, and On-Premise SHALL preserve the same authority, state, isolation, failure, recovery, evidence, replay, and human-decision semantics for Shared Responsibility and Customer Control.",V06-F001,infrastructure,missing,unverified,none,omission,P7-F,"docker-compose.yml (digest-pinned postgres/redis, loopback only, required env, local-dev profile per EXC-P0-004); apps/api/src/policy/pdp.service.ts (environment.deployment hard-coded local-dev)","Only the local-dev profile exists; no SaaS, Private Cloud or On-Premise profile and no shared conformance fixtures proving identical semantics for this chapter","Cross-volume: V0 C-042 (deployment semantic parity); V3 Ch 39–43; V4 Ch 14.; Vol 6 App N anchors: C-004, C-006, C-028, C-036, C-049; V4:2, V4:10, V4:49, V4:63, V4:72; V5:3, V5:37, V5:65, V5:71, V5:72",v06.txt:page 10:L327,main
IA-04-005,V6,4 Shared Responsibility and Customer Control,17,"When an incident or control activity has no unambiguous accountable owner, the platform SHALL stop the affected operation when safe, invoke the recorded escalation path, and keep the responsibility gap visible until accepted; it SHALL NOT infer healthy, complete, current, authorized, or recovered state.",V06-F001,infrastructure,missing,unverified,none,omission,P7-F,,"No accountable-owner registry for incidents/control activities, no recorded escalation path outside executive agents (product-level)","Vol 6 App N anchors: C-004, C-006, C-028, C-036, C-049; V4:2, V4:10, V4:49, V4:63, V4:72; V5:3, V5:37, V5:65, V5:71, V5:72",v06.txt:page 16:L675,
IA-04-006,V6,4 Shared Responsibility and Customer Control,17,"Production admission and continued operation SHALL require signed responsibility matrices, privileged-access records, customer-control tests, and joint operating exercises, bound to the exact artifacts, configuration, topology, customer scope, deployment profile, and period under review.",V06-F001,infrastructure,missing,unverified,none,omission,P7-F,,"No production admission gate binds signed responsibility matrices, privileged-access records, customer-control tests, and joint operating exercises to exact artifacts, configuration, topology, customer scope, profile and period; CI binds gate evidence to a commit SHA and run attempt only","Vol 6 App N anchors: C-004, C-006, C-028, C-036, C-049; V4:2, V4:10, V4:49, V4:63, V4:72; V5:3, V5:37, V5:65, V5:71, V5:72",v06.txt:page 11:L355,
IA-05-001,V6,5 Failure-Domain and Blast-Radius Doctrine,18,"The infrastructure realization of Failure-Domain and Blast-Radius Doctrine SHALL bound correlated failure by tenant, intelligence domain, cell, zone, region, site, service, state class, and release cohort.",V06-F001,infrastructure,partial,unverified,branch-only,phase0,P7-D,"apps/api/src/shared/db.ts (one pool per authority); migrations/0009_privilege_separation_and_bound_context.sql (eye_recovery never loaded by runtime); apps/api/src/observation/scheduling/scheduler.service.ts (BullMQ job schedulers, scope-prefixed queues, payload carries no authority, attempts 3 exponential backoff); migrations/0038_scheduled_collection.sql; migrations/0040_scheduled_attempt_faults.sql; test/int/phase6-scheduled-collection.test.ts; test/int/phase6-scheduled-corrections.test.ts; test/int/domain-isolation.test.ts; test/int/gate22-authority-matrix.test.ts","Failure domains bounded only at database-authority (per-role pools), tenant/domain (RLS) and queue-scope level; no cell/zone/region/site/service/state-class/release-cohort domains","Vol 6 App N anchors: C-008, C-034, C-038, C-041, C-049; V4:7, V4:9, V4:11, V4:59, V4:61; V5:31, V5:34, V5:38, V5:68, V5:72 | UNRESOLVED pointer(s) at 2e83945: apps/api/migrations/0001…0050 (96 CREATE POLICY row-level security) | release_status merged → branch-only from the evidence at 2e83945",v06.txt:page 18:L807,branch+main+test
IA-05-002,V6,5 Failure-Domain and Blast-Radius Doctrine,18,"Every production instance SHALL declare and continuously reconcile failure-domain identity, dependency graph, isolation boundary, recovery order, maximum affected scope, and tested containment state through versioned desired state, observed state, ownership, and audit evidence.",V06-F001,infrastructure,missing,unverified,none,omission,P7-D,,"No versioned desired-state/observed-state reconciliation for: failure-domain identity, dependency graph, isolation boundary, recovery order, maximum affected scope, and tested containment state. Add an infrastructure manifest (Vol 6 App H), an observed-state inventory and audit evidence of reconcili","Vol 6 App N anchors: C-008, C-034, C-038, C-041, C-049; V4:7, V4:9, V4:11, V4:59, V4:61; V5:31, V5:34, V5:38, V5:68, V5:72",v06.txt:page 10:L305,
IA-05-003,V6,5 Failure-Domain and Blast-Radius Doctrine,18,"The implementation SHALL enforce this boundary: shared infrastructure may aggregate efficiency only where failure, data, policy, and change blast radius remain measurable and enforceable.",V06-F001,infrastructure,partial,passed:harness,merged,phase0,P7-D,apps/api/src/shared/degraded-store.ts (independent failure domain from the audit ledger); test/int/gate22-degraded-recovery.test.ts,Blast radius is measurable only for audit unavailability; no blast-radius declaration per shared component,"Vol 6 App N anchors: C-008, C-034, C-038, C-041, C-049; V4:7, V4:9, V4:11, V4:59, V4:61; V5:31, V5:34, V5:38, V5:68, V5:72",v06.txt:page 10:L317,main+test
IA-05-004,V6,5 Failure-Domain and Blast-Radius Doctrine,18,"SaaS, Private Cloud, and On-Premise SHALL preserve the same authority, state, isolation, failure, recovery, evidence, replay, and human-decision semantics for Failure-Domain and Blast-Radius Doctrine.",V06-F001,infrastructure,missing,unverified,none,omission,P7-D,"docker-compose.yml (digest-pinned postgres/redis, loopback only, required env, local-dev profile per EXC-P0-004); apps/api/src/policy/pdp.service.ts (environment.deployment hard-coded local-dev)","Only the local-dev profile exists; no SaaS, Private Cloud or On-Premise profile and no shared conformance fixtures proving identical semantics for this chapter","Cross-volume: V0 C-042 (deployment semantic parity); V3 Ch 39–43; V4 Ch 14.; Vol 6 App N anchors: C-008, C-034, C-038, C-041, C-049; V4:7, V4:9, V4:11, V4:59, V4:61; V5:31, V5:34, V5:38, V5:68, V5:72",v06.txt:page 10:L327,main
IA-05-005,V6,5 Failure-Domain and Blast-Radius Doctrine,19,"When a fault crosses its declared failure domain or the actual blast radius cannot be established, the platform SHALL isolate the suspected domain, suspend unsafe automation, preserve evidence, and recover in dependency order under incident command; it SHALL NOT infer healthy, complete, current, authorized, or recovered state.",V06-F001,infrastructure,partial,passed:harness,merged,phase0,P7-D,apps/api/src/shared/degraded-store.ts; apps/api/src/health/health.controller.ts (/readyz degraded never healthy); apps/api/src/health/degraded-reconciliation.service.ts; migrations/0020_governed_degraded_recovery.sql; test/int/gate22-degraded-recovery.test.ts,"Fail-closed plus degraded marking exists for audit/evidence persistence faults only; no isolation of a suspected domain, suspension of automation, or dependency-ordered recovery under incident command","Vol 6 App N anchors: C-008, C-034, C-038, C-041, C-049; V4:7, V4:9, V4:11, V4:59, V4:61; V5:31, V5:34, V5:38, V5:68, V5:72",v06.txt:page 18:L802,main+test
IA-05-006,V6,5 Failure-Domain and Blast-Radius Doctrine,19,"Production admission and continued operation SHALL require fault-injection traces, dependency closure, blast-radius measurements, isolation proofs, and recovery exercises, bound to the exact artifacts, configuration, topology, customer scope, deployment profile, and period under review.",V06-F001,infrastructure,missing,unverified,none,omission,P7-D,,"No production admission gate binds fault-injection traces, dependency closure, blast-radius measurements, isolation proofs, and recovery exercises to exact artifacts, configuration, topology, customer scope, profile and period; CI binds gate evidence to a commit SHA and run attempt only","Vol 6 App N anchors: C-008, C-034, C-038, C-041, C-049; V4:7, V4:9, V4:11, V4:59, V4:61; V5:31, V5:34, V5:38, V5:68, V5:72",v06.txt:page 11:L355,
IA-06-001,V6,6 Infrastructure Traceability and Documentation Inheritance,20,"The infrastructure realization of Infrastructure Traceability and Documentation Inheritance SHALL connect every infrastructure requirement to constitutional invariants, logical components, engineering owners, AI workloads, manifests, tests, releases, and operations.",V06-F001,governance-docs,partial,unverified,branch-only,phase0,P7-D,"conformance.manifest.json (repository units -> component ids, controls, owners; Phase 0 framing); FULL_PRODUCT_DELIVERY_REGISTER.md §5 (Volume 6 row: not started)",Vol 6 IA ids are traced nowhere in the repository; the conformance manifest traces Phase 0 units to Vol 3/4 ids only,"Vol 6 App N anchors: C-003, C-008, C-043, C-050, C-052; V4:6, V4:23, V4:66, V4:69, V4:72; V5:6, V5:15, V5:30, V5:70, V5:72 | release_status merged → branch-only from the evidence at 2e83945",v06.txt:page 10:L295,branch+main
IA-06-002,V6,6 Infrastructure Traceability and Documentation Inheritance,20,"Every production instance SHALL declare and continuously reconcile requirement identity, source authority, implementation owner, component, workload, evidence, release, exception, and retirement linkage through versioned desired state, observed state, ownership, and audit evidence.",V06-F001,governance-docs,missing,unverified,none,omission,P7-D,,"No versioned desired-state/observed-state reconciliation for: requirement identity, source authority, implementation owner, component, workload, evidence, release, exception, and retirement linkage. Add an infrastructure manifest (Vol 6 App H), an observed-state inventory and audit evidence of recon","Vol 6 App N anchors: C-003, C-008, C-043, C-050, C-052; V4:6, V4:23, V4:66, V4:69, V4:72; V5:6, V5:15, V5:30, V5:70, V5:72",v06.txt:page 10:L305,
IA-06-003,V6,6 Infrastructure Traceability and Documentation Inheritance,21,"The implementation SHALL enforce this boundary: traceability must cross document, repository, build, deployment, runtime, incident, and retirement boundaries without relying on prose similarity.",V06-F001,governance-docs,missing,unverified,none,omission,P7-D,,"Traceability crosses repository and CI only (gate evidence bound to a SHA); no linkage through deployment, runtime, incident or retirement","Vol 6 App N anchors: C-003, C-008, C-043, C-050, C-052; V4:6, V4:23, V4:66, V4:69, V4:72; V5:6, V5:15, V5:30, V5:70, V5:72",v06.txt:page 10:L317,
IA-06-004,V6,6 Infrastructure Traceability and Documentation Inheritance,21,"SaaS, Private Cloud, and On-Premise SHALL preserve the same authority, state, isolation, failure, recovery, evidence, replay, and human-decision semantics for Infrastructure Traceability and Documentation Inheritance.",V06-F001,governance-docs,missing,unverified,none,omission,P7-D,"docker-compose.yml (digest-pinned postgres/redis, loopback only, required env, local-dev profile per EXC-P0-004); apps/api/src/policy/pdp.service.ts (environment.deployment hard-coded local-dev)","Only the local-dev profile exists; no SaaS, Private Cloud or On-Premise profile and no shared conformance fixtures proving identical semantics for this chapter","Cross-volume: V0 C-042 (deployment semantic parity); V3 Ch 39–43; V4 Ch 14.; Vol 6 App N anchors: C-003, C-008, C-043, C-050, C-052; V4:6, V4:23, V4:66, V4:69, V4:72; V5:6, V5:15, V5:30, V5:70, V5:72",v06.txt:page 10:L327,main
IA-06-005,V6,6 Infrastructure Traceability and Documentation Inheritance,21,"When a production artifact has incomplete, stale, circular, or unverifiable inheritance, the platform SHALL deny promotion or mark the running artifact non-conformant, identify affected decisions and services, and restore a closed evidence chain; it SHALL NOT infer healthy, complete, current, authorized, or recovered state.",V06-F001,governance-docs,partial,passed:ci,merged,phase0,P7-D,scripts/gate/assert-final-manifests.mjs; test/gate/final-manifest-verifier.test.ts (manifests must state FINAL mode and the exact head SHA),"Inheritance verification covers gate evidence manifests only; no non-conformance marking of running artifacts, no affected-decision identification","Vol 6 App N anchors: C-003, C-008, C-043, C-050, C-052; V4:6, V4:23, V4:66, V4:69, V4:72; V5:6, V5:15, V5:30, V5:70, V5:72",v06.txt:page 20:L935,main+test
IA-06-006,V6,6 Infrastructure Traceability and Documentation Inheritance,21,"Production admission and continued operation SHALL require bidirectional trace queries, orphan detection, release-manifest closure, runtime attestation, and retirement proofs, bound to the exact artifacts, configuration, topology, customer scope, deployment profile, and period under review.",V06-F001,governance-docs,missing,unverified,none,omission,P7-D,,"No production admission gate binds bidirectional trace queries, orphan detection, release-manifest closure, runtime attestation, and retirement proofs to exact artifacts, configuration, topology, customer scope, profile and period; CI binds gate evidence to a commit SHA and run attempt only","Vol 6 App N anchors: C-003, C-008, C-043, C-050, C-052; V4:6, V4:23, V4:66, V4:69, V4:72; V5:6, V5:15, V5:30, V5:70, V5:72",v06.txt:page 11:L355,
IA-07-001,V6,7 System Context and Deployment Models,23,"The infrastructure realization of System Context and Deployment Models SHALL define the physical system context connecting users, customer systems, external sources, intelligence cells, canonical state, and shared control services.",V06-F002,infrastructure,partial,unverified,merged,phase0,P7-D,"docker-compose.yml (digest-pinned postgres/redis, loopback only, required env, local-dev profile per EXC-P0-004); apps/api/src/main.ts (CORS origin localhost:3000); apps/api/src/observation/connectors/http-client.ts (EgressPolicy host/scheme allowlist, private/loopback/link-local/metadata refusal, redirect/size limits); test/int/phase1-hostile-input.test.ts","System context is the local compose profile (API + Next.js + Postgres + Redis on loopback); no documented physical context with intelligence cells, canonical state services and shared control services","Vol 6 App N anchors: C-001, C-007, C-036, C-045, C-049; V4:7, V4:8, V4:10, V4:14, V4:71; V5:7, V5:8, V5:9, V5:71",v06.txt:page 23:L1082,main+test
IA-07-002,V6,7 System Context and Deployment Models,23,"Every production instance SHALL declare and continuously reconcile deployment instance, customer domain, region or site, cell set, trust boundary, connected systems, and control-plane relationship through versioned desired state, observed state, ownership, and audit evidence.",V06-F002,infrastructure,missing,unverified,none,omission,P7-D,,"No versioned desired-state/observed-state reconciliation for: deployment instance, customer domain, region or site, cell set, trust boundary, connected systems, and control-plane relationship. Add an infrastructure manifest (Vol 6 App H), an observed-state inventory and audit evidence of reconciliat","Vol 6 App N anchors: C-001, C-007, C-036, C-045, C-049; V4:7, V4:8, V4:10, V4:14, V4:71; V5:7, V5:8, V5:9, V5:71",v06.txt:page 10:L305,
IA-07-003,V6,7 System Context and Deployment Models,23,"The implementation SHALL enforce this boundary: the infrastructure context must preserve canonical layer ownership and distinguish customer, platform, provider, source, and external-effect boundaries.",V06-F002,infrastructure,partial,unverified,merged,phase0,P7-D,conformance.manifest.json (layer ownership per unit); .dependency-cruiser.cjs + ci.yml module-boundaries step (blocking),Layer ownership is enforced between code modules; customer/platform/provider/source/external-effect boundaries are not modelled,"Vol 6 App N anchors: C-001, C-007, C-036, C-045, C-049; V4:7, V4:8, V4:10, V4:14, V4:71; V5:7, V5:8, V5:9, V5:71",v06.txt:page 10:L317,main
IA-07-004,V6,7 System Context and Deployment Models,23,"SaaS, Private Cloud, and On-Premise SHALL preserve the same authority, state, isolation, failure, recovery, evidence, replay, and human-decision semantics for System Context and Deployment Models.",V06-F002,infrastructure,missing,unverified,none,omission,P7-D,"docker-compose.yml (digest-pinned postgres/redis, loopback only, required env, local-dev profile per EXC-P0-004); apps/api/src/policy/pdp.service.ts (environment.deployment hard-coded local-dev)","Only the local-dev profile exists; no SaaS, Private Cloud or On-Premise profile and no shared conformance fixtures proving identical semantics for this chapter","Cross-volume: V0 C-042 (deployment semantic parity); V3 Ch 39–43; V4 Ch 14.; Vol 6 App N anchors: C-001, C-007, C-036, C-045, C-049; V4:7, V4:8, V4:10, V4:14, V4:71; V5:7, V5:8, V5:9, V5:71",v06.txt:page 10:L327,main
IA-07-005,V6,7 System Context and Deployment Models,24,"When a dependency or trust boundary is absent from the deployed context, the platform SHALL treat connectivity as denied or indeterminate, prevent implicit trust, and require context reconciliation before service admission; it SHALL NOT infer healthy, complete, current, authorized, or recovered state.",V06-F002,infrastructure,partial,passed:harness,merged,phase1,P7-D,"apps/api/src/observation/connectors/http-client.ts (EgressPolicy host/scheme allowlist, private/loopback/link-local/metadata refusal, redirect/size limits); test/int/phase1-hostile-input.test.ts",Connectivity to unregistered sources is denied at the connector; nothing models the trust boundaries of the deployed context or requires context reconciliation before admission,"Vol 6 App N anchors: C-001, C-007, C-036, C-045, C-049; V4:7, V4:8, V4:10, V4:14, V4:71; V5:7, V5:8, V5:9, V5:71",v06.txt:page 23:L1077,main+test
IA-07-006,V6,7 System Context and Deployment Models,24,"Production admission and continued operation SHALL require deployed topology inventory, boundary probes, dependency tests, data-flow evidence, and customer acceptance, bound to the exact artifacts, configuration, topology, customer scope, deployment profile, and period under review.",V06-F002,infrastructure,missing,unverified,none,omission,P7-D,,"No production admission gate binds deployed topology inventory, boundary probes, dependency tests, data-flow evidence, and customer acceptance to exact artifacts, configuration, topology, customer scope, profile and period; CI binds gate evidence to a commit SHA and run attempt only","Vol 6 App N anchors: C-001, C-007, C-036, C-045, C-049; V4:7, V4:8, V4:10, V4:14, V4:71; V5:7, V5:8, V5:9, V5:71",v06.txt:page 11:L355,
IA-08-001,V6,8 SaaS Reference Architecture,25,"The infrastructure realization of SaaS Reference Architecture SHALL operate a multi-region managed service with cell isolation, tenant control, governed shared services, and continuous upgradeability.",V06-F002,infrastructure,missing,unverified,none,omission,P7-D,,"No multi-region managed service, no intelligence cells, no tenant-scoped shared services, no continuous upgrade cohorts","Not scheduled in any phase of docs/the-eye-master-build-prompt.md (stack: Docker Compose for local dev, GitHub Actions CI); owner package P7-D.; Vol 6 App N anchors: C-006, C-034, C-036, C-038, C-045; V4:7, V4:8, V4:9, V4:10, V4:14, V4:61; V5:7, V5:10, V5:12, V5:68, V5:71",v06.txt:page 25:L1209,
IA-08-002,V6,8 SaaS Reference Architecture,25,"Every production instance SHALL declare and continuously reconcile SaaS environment, region, zone, cell, tenant placement, shared-service binding, release cohort, and operational state through versioned desired state, observed state, ownership, and audit evidence.",V06-F002,infrastructure,missing,unverified,none,omission,P7-D,,"No versioned desired-state/observed-state reconciliation for: SaaS environment, region, zone, cell, tenant placement, shared-service binding, release cohort, and operational state. Add an infrastructure manifest (Vol 6 App H), an observed-state inventory and audit evidence of reconciliation","Vol 6 App N anchors: C-006, C-034, C-036, C-038, C-045; V4:7, V4:8, V4:9, V4:10, V4:14, V4:61; V5:7, V5:10, V5:12, V5:68, V5:71",v06.txt:page 10:L305,
IA-08-003,V6,8 SaaS Reference Architecture,25,"The implementation SHALL enforce this boundary: multi-tenancy may share physical capacity only where identity, policy, state, telemetry, encryption, quotas, and failures remain tenant-scoped.",V06-F002,infrastructure,partial,passed:harness,merged,phase0,P7-D,test/int/domain-isolation.test.ts; test/int/gate22-authority-matrix.test.ts,"Identity, policy and state are tenant-scoped; telemetry, encryption, quotas and failure scoping are not","Vol 6 App N anchors: C-006, C-034, C-036, C-038, C-045; V4:7, V4:8, V4:9, V4:10, V4:14, V4:61; V5:7, V5:10, V5:12, V5:68, V5:71 | UNRESOLVED pointer(s) at 2e83945: apps/api/migrations/0001…0050 (96 CREATE POLICY row-level security)",v06.txt:page 10:L317,main+test
IA-08-004,V6,8 SaaS Reference Architecture,25,"SaaS, Private Cloud, and On-Premise SHALL preserve the same authority, state, isolation, failure, recovery, evidence, replay, and human-decision semantics for SaaS Reference Architecture.",V06-F002,infrastructure,missing,unverified,none,omission,P7-D,"docker-compose.yml (digest-pinned postgres/redis, loopback only, required env, local-dev profile per EXC-P0-004); apps/api/src/policy/pdp.service.ts (environment.deployment hard-coded local-dev)","Only the local-dev profile exists; no SaaS, Private Cloud or On-Premise profile and no shared conformance fixtures proving identical semantics for this chapter","Cross-volume: V0 C-042 (deployment semantic parity); V3 Ch 39–43; V4 Ch 14.; Vol 6 App N anchors: C-006, C-034, C-036, C-038, C-045; V4:7, V4:8, V4:9, V4:10, V4:14, V4:61; V5:7, V5:10, V5:12, V5:68, V5:71",v06.txt:page 10:L327,main
IA-08-005,V6,8 SaaS Reference Architecture,26,"When a region, cell, shared service, or tenant isolation control becomes unavailable or suspect, the platform SHALL route or contain within approved residency and consistency limits, enter explicit degraded mode, and preserve tenant evidence; it SHALL NOT infer healthy, complete, current, authorized, or recovered state.",V06-F002,infrastructure,missing,unverified,none,omission,P7-D,,No region/cell/shared-service failure handling; residency limits and tenant-evidence preservation under containment absent,"Vol 6 App N anchors: C-006, C-034, C-036, C-038, C-045; V4:7, V4:8, V4:9, V4:10, V4:14, V4:61; V5:7, V5:10, V5:12, V5:68, V5:71",v06.txt:page 25:L1204,
IA-08-006,V6,8 SaaS Reference Architecture,26,"Production admission and continued operation SHALL require multi-region failover, noisy-neighbor, isolation, upgrade, rollback, residency, and shared-responsibility evidence, bound to the exact artifacts, configuration, topology, customer scope, deployment profile, and period under review.",V06-F002,infrastructure,missing,unverified,none,omission,P7-D,,"No production admission gate binds multi-region failover, noisy-neighbor, isolation, upgrade, rollback, residency, and shared-responsibility evidence to exact artifacts, configuration, topology, customer scope, profile and period; CI binds gate evidence to a commit SHA and run attempt only","Vol 6 App N anchors: C-006, C-034, C-036, C-038, C-045; V4:7, V4:8, V4:9, V4:10, V4:14, V4:61; V5:7, V5:10, V5:12, V5:68, V5:71",v06.txt:page 11:L355,
IA-09-001,V6,9 Private Cloud Reference Architecture,27,The infrastructure realization of Private Cloud Reference Architecture SHALL deploy the full product into a customercontrolled cloud boundary while preserving The Eye's control contracts and supportability.,V06-F002,infrastructure,missing,unverified,none,omission,P7-D,,"No Private Cloud profile: no customer-cloud landing zone, certified dependencies, mediated control or supportability contract","Not scheduled in any phase of docs/the-eye-master-build-prompt.md (stack: Docker Compose for local dev, GitHub Actions CI); owner package P7-D.; Vol 6 App N anchors: C-006, C-036, C-045, C-046, C-049; V4:8, V4:10, V4:13, V4:14, V4:71; V5:7, V5:17, V5:21, V5:71, V5:72",v06.txt:page 27:L1338,
IA-09-002,V6,9 Private Cloud Reference Architecture,27,"Every production instance SHALL declare and continuously reconcile customer cloud account or subscription, regions, network attachments, cell set, customer-managed dependencies, and release channel through versioned desired state, observed state, ownership, and audit evidence.",V06-F002,infrastructure,missing,unverified,none,omission,P7-D,,"No versioned desired-state/observed-state reconciliation for: customer cloud account or subscription, regions, network attachments, cell set, customer-managed dependencies, and release channel. Add an infrastructure manifest (Vol 6 App H), an observed-state inventory and audit evidence of reconcilia","Vol 6 App N anchors: C-006, C-036, C-045, C-046, C-049; V4:8, V4:10, V4:13, V4:14, V4:71; V5:7, V5:17, V5:21, V5:71, V5:72",v06.txt:page 10:L305,
IA-09-003,V6,9 Private Cloud Reference Architecture,27,"The implementation SHALL enforce this boundary: customer control of cloud resources may change responsibility but not semantic behavior, evidence quality, upgrade discipline, or human authority.",V06-F002,infrastructure,missing,unverified,none,omission,P7-D,,No customer-controlled resource model exists,"Vol 6 App N anchors: C-006, C-036, C-045, C-046, C-049; V4:8, V4:10, V4:13, V4:14, V4:71; V5:7, V5:17, V5:21, V5:71, V5:72",v06.txt:page 10:L317,
IA-09-004,V6,9 Private Cloud Reference Architecture,27,"SaaS, Private Cloud, and On-Premise SHALL preserve the same authority, state, isolation, failure, recovery, evidence, replay, and human-decision semantics for Private Cloud Reference Architecture.",V06-F002,infrastructure,missing,unverified,none,omission,P7-D,"docker-compose.yml (digest-pinned postgres/redis, loopback only, required env, local-dev profile per EXC-P0-004); apps/api/src/policy/pdp.service.ts (environment.deployment hard-coded local-dev)","Only the local-dev profile exists; no SaaS, Private Cloud or On-Premise profile and no shared conformance fixtures proving identical semantics for this chapter","Cross-volume: V0 C-042 (deployment semantic parity); V3 Ch 39–43; V4 Ch 14.; Vol 6 App N anchors: C-006, C-036, C-045, C-046, C-049; V4:8, V4:10, V4:13, V4:14, V4:71; V5:7, V5:17, V5:21, V5:71, V5:72",v06.txt:page 10:L327,main
IA-09-005,V6,9 Private Cloud Reference Architecture,28,"When a required customer-managed service, permission, quota, or network path violates the certified profile, the platform SHALL surface the exact dependency state, disable affected capabilities, and operate only within the last verified boundary; it SHALL NOT infer healthy, complete, current, authorized, or recovered state.",V06-F002,infrastructure,missing,unverified,none,omission,P7-D,,No detection of customer-managed service/permission/quota/network violations of a certified profile,"Vol 6 App N anchors: C-006, C-036, C-045, C-046, C-049; V4:8, V4:10, V4:13, V4:14, V4:71; V5:7, V5:17, V5:21, V5:71, V5:72",v06.txt:page 27:L1333,
IA-09-006,V6,9 Private Cloud Reference Architecture,28,"Production admission and continued operation SHALL require landing-zone certification, dependency compatibility, customerkey tests, disconnected support procedure, and parity evidence, bound to the exact artifacts, configuration, topology, customer scope, deployment profile, and period under review.",V06-F002,infrastructure,missing,unverified,none,omission,P7-D,,"No production admission gate binds landing-zone certification, dependency compatibility, customerkey tests, disconnected support procedure, and parity evidence to exact artifacts, configuration, topology, customer scope, profile and period; CI binds gate evidence to a commit SHA and run attempt only","Vol 6 App N anchors: C-006, C-036, C-045, C-046, C-049; V4:8, V4:10, V4:13, V4:14, V4:71; V5:7, V5:17, V5:21, V5:71, V5:72",v06.txt:page 11:L355,
IA-10-001,V6,10 On-Premise Reference Architecture,29,"The infrastructure realization of On-Premise Reference Architecture SHALL operate the complete platform on customerowned infrastructure with deterministic packaging, local control, bounded dependencies, and recoverable lifecycle management.",V06-F002,infrastructure,missing,unverified,none,phase7,P7-D,"docker-compose.yml (digest-pinned postgres/redis, loopback only, required env, local-dev profile per EXC-P0-004); infra/images/candidates/README.md (candidate images, unpinned, unpublished)","No deterministic installable package: no application container images, no signed offline packages, no local control plane, no recoverable lifecycle; only compose for backing services plus a pnpm build","Master build prompt Phase 7 lists ""Deployment packaging""; local control, bounded dependencies and recovery are additionally unscheduled.; Vol 6 App N anchors: C-006, C-036, C-045, C-046, C-047; V4:8, V4:14, V4:56, V4:64, V4:71; V5:7, V5:17, V5:22, V5:70, V5:71",v06.txt:page 29:L1469,branch+main
IA-10-002,V6,10 On-Premise Reference Architecture,29,"Every production instance SHALL declare and continuously reconcile site, cluster, appliance or node set, certified dependency versions, local control services, data domains, and installed release state through versioned desired state, observed state, ownership, and audit evidence.",V06-F002,infrastructure,missing,unverified,none,phase7,P7-D,,"No versioned desired-state/observed-state reconciliation for: site, cluster, appliance or node set, certified dependency versions, local control services, data domains, and installed release state. Add an infrastructure manifest (Vol 6 App H), an observed-state inventory and audit evidence of reconc","Vol 6 App N anchors: C-006, C-036, C-045, C-046, C-047; V4:8, V4:14, V4:56, V4:64, V4:71; V5:7, V5:17, V5:22, V5:70, V5:71",v06.txt:page 10:L305,
IA-10-003,V6,10 On-Premise Reference Architecture,29,"The implementation SHALL enforce this boundary: the installation boundary must remain operable, diagnosable, secure, upgradeable, exportable, and recoverable without hidden SaaS dependencies.",V06-F002,infrastructure,missing,unverified,none,phase7,P7-D,,No installation boundary defined; export and recovery paths absent,"Vol 6 App N anchors: C-006, C-036, C-045, C-046, C-047; V4:8, V4:14, V4:56, V4:64, V4:71; V5:7, V5:17, V5:22, V5:70, V5:71",v06.txt:page 10:L317,
IA-10-004,V6,10 On-Premise Reference Architecture,29,"SaaS, Private Cloud, and On-Premise SHALL preserve the same authority, state, isolation, failure, recovery, evidence, replay, and human-decision semantics for On-Premise Reference Architecture.",V06-F002,infrastructure,missing,unverified,none,omission,P7-D,"docker-compose.yml (digest-pinned postgres/redis, loopback only, required env, local-dev profile per EXC-P0-004); apps/api/src/policy/pdp.service.ts (environment.deployment hard-coded local-dev)","Only the local-dev profile exists; no SaaS, Private Cloud or On-Premise profile and no shared conformance fixtures proving identical semantics for this chapter","Cross-volume: V0 C-042 (deployment semantic parity); V3 Ch 39–43; V4 Ch 14.; Vol 6 App N anchors: C-006, C-036, C-045, C-046, C-047; V4:8, V4:14, V4:56, V4:64, V4:71; V5:7, V5:17, V5:22, V5:70, V5:71",v06.txt:page 10:L327,main
IA-10-005,V6,10 On-Premise Reference Architecture,30,"When local infrastructure drifts beyond the certified compatibility envelope or loses vendor connectivity, the platform SHALL continue within the declared support window, block unsafe promotion, expose drift, and use signed offline maintenance artifacts; it SHALL NOT infer healthy, complete, current, authorized, or recovered state.",V06-F002,infrastructure,missing,unverified,none,phase7,P7-D,,"No compatibility envelope, drift exposure or signed offline maintenance artifacts","Vol 6 App N anchors: C-006, C-036, C-045, C-046, C-047; V4:8, V4:14, V4:56, V4:64, V4:71; V5:7, V5:17, V5:22, V5:70, V5:71",v06.txt:page 29:L1464,
IA-10-006,V6,10 On-Premise Reference Architecture,30,"Production admission and continued operation SHALL require site acceptance, dependency bill of materials, offline install, upgrade and rollback, backup and restore, and parity evidence, bound to the exact artifacts, configuration, topology, customer scope, deployment profile, and period under review.",V06-F002,infrastructure,missing,unverified,none,phase7,P7-D,,"No production admission gate binds site acceptance, dependency bill of materials, offline install, upgrade and rollback, backup and restore, and parity evidence to exact artifacts, configuration, topology, customer scope, profile and period; CI binds gate evidence to a commit SHA and run attempt onl","Vol 6 App N anchors: C-006, C-036, C-045, C-046, C-047; V4:8, V4:14, V4:56, V4:64, V4:71; V5:7, V5:17, V5:22, V5:70, V5:71",v06.txt:page 11:L355,
IA-11-001,V6,11 Disconnected and Air-Gapped Operations,31,"The infrastructure realization of Disconnected and Air-Gapped Operations SHALL preserve bounded strategic operations where external connectivity is denied, intermittent, mediated, or physically separated.",V06-F002,infrastructure,missing,unverified,none,omission,P7-D,,"No disconnected/air-gapped continuity mode, transfer stations, signed import/export packages or later reconciliation","Not scheduled in any phase of docs/the-eye-master-build-prompt.md (stack: Docker Compose for local dev, GitHub Actions CI); owner package P7-D.; Vol 6 App N anchors: C-007, C-017, C-036, C-046, C-047; V4:14, V4:29, V4:54, V4:56, V4:62; V5:21, V5:26, V5:60, V5:71, V5:72",v06.txt:page 31:L1601,
IA-11-002,V6,11 Disconnected and Air-Gapped Operations,31,"Every production instance SHALL declare and continuously reconcile connectivity state, import and export package, transfer authority, content inspection, time basis, update channel, and synchronization ledger through versioned desired state, observed state, ownership, and audit evidence.",V06-F002,infrastructure,missing,unverified,none,omission,P7-D,,"No versioned desired-state/observed-state reconciliation for: connectivity state, import and export package, transfer authority, content inspection, time basis, update channel, and synchronization ledger. Add an infrastructure manifest (Vol 6 App H), an observed-state inventory and audit evidence of","Vol 6 App N anchors: C-007, C-017, C-036, C-046, C-047; V4:14, V4:29, V4:54, V4:56, V4:62; V5:21, V5:26, V5:60, V5:71, V5:72",v06.txt:page 10:L305,
IA-11-003,V6,11 Disconnected and Air-Gapped Operations,31,"The implementation SHALL enforce this boundary: no runtime path may assume public DNS, external identity, cloud control, telemetry export, model provider, or license service inside an air gap.",V06-F002,infrastructure,partial,unverified,merged,phase2,P7-D,"apps/api/src/intelligence/gateway/model-gateway.service.ts (modes replay | local-live Ollama/llama.cpp, pinned model digest/prompt version, no hosted provider); test/int/phase2-acceptance.test.ts; apps/api/src/config/config.ts (environment-only credentials, fail-closed startup, no committed defaults); scripts/gate/lib/c19-sandbox.mjs (verification with the network denied at the OS)","The local profile assumes no public DNS, external identity, cloud control, telemetry export, model provider or licence service (identity local, model gateway local-only); not verified as an air-gap acceptance","Vol 6 App N anchors: C-007, C-017, C-036, C-046, C-047; V4:14, V4:29, V4:54, V4:56, V4:62; V5:21, V5:26, V5:60, V5:71, V5:72",v06.txt:page 10:L317,main+test
IA-11-004,V6,11 Disconnected and Air-Gapped Operations,31,"SaaS, Private Cloud, and On-Premise SHALL preserve the same authority, state, isolation, failure, recovery, evidence, replay, and human-decision semantics for Disconnected and Air-Gapped Operations.",V06-F002,infrastructure,missing,unverified,none,omission,P7-D,"docker-compose.yml (digest-pinned postgres/redis, loopback only, required env, local-dev profile per EXC-P0-004); apps/api/src/policy/pdp.service.ts (environment.deployment hard-coded local-dev)","Only the local-dev profile exists; no SaaS, Private Cloud or On-Premise profile and no shared conformance fixtures proving identical semantics for this chapter","Cross-volume: V0 C-042 (deployment semantic parity); V3 Ch 39–43; V4 Ch 14.; Vol 6 App N anchors: C-007, C-017, C-036, C-046, C-047; V4:14, V4:29, V4:54, V4:56, V4:62; V5:21, V5:26, V5:60, V5:71, V5:72",v06.txt:page 10:L327,main
IA-11-005,V6,11 Disconnected and Air-Gapped Operations,32,"When trusted time, update media, transfer station, or synchronization evidence is unavailable, the platform SHALL enter the defined local continuity mode, reject unverifiable packages, and preserve pending exchanges for later reconciliation; it SHALL NOT infer healthy, complete, current, authorized, or recovered state.",V06-F002,infrastructure,missing,unverified,none,omission,P7-D,,"No local continuity mode, package verification on import, or pending-exchange preservation","Vol 6 App N anchors: C-007, C-017, C-036, C-046, C-047; V4:14, V4:29, V4:54, V4:56, V4:62; V5:21, V5:26, V5:60, V5:71, V5:72",v06.txt:page 31:L1596,
IA-11-006,V6,11 Disconnected and Air-Gapped Operations,32,"Production admission and continued operation SHALL require zero-egress tests, removable-media ceremonies, offline identity, package signature, delayed synchronization, and recovery drills, bound to the exact artifacts, configuration, topology, customer scope, deployment profile, and period under review.",V06-F002,infrastructure,missing,unverified,none,omission,P7-D,,"No production admission gate binds zero-egress tests, removable-media ceremonies, offline identity, package signature, delayed synchronization, and recovery drills to exact artifacts, configuration, topology, customer scope, profile and period; CI binds gate evidence to a commit SHA and run attempt","Vol 6 App N anchors: C-007, C-017, C-036, C-046, C-047; V4:14, V4:29, V4:54, V4:56, V4:62; V5:21, V5:26, V5:60, V5:71, V5:72",v06.txt:page 11:L355,
IA-12-001,V6,"12 Regional, Zonal, Site, and Cell Topology",33,"The infrastructure realization of Regional, Zonal, Site, and Cell Topology SHALL compose locations and cells into explicit availability, latency, sovereignty, capacity, and recovery domains.",V06-F002,infrastructure,missing,unverified,none,omission,P7-D,,"No regions, zones, sites or cells; single host topology","Not scheduled in any phase of docs/the-eye-master-build-prompt.md (stack: Docker Compose for local dev, GitHub Actions CI); owner package P7-D.; Vol 6 App N anchors: C-034, C-036, C-038, C-041, C-045; V4:7, V4:9, V4:12, V4:59, V4:61; V5:12, V5:19, V5:22, V5:71",v06.txt:page 33:L1734,
IA-12-002,V6,"12 Regional, Zonal, Site, and Cell Topology",33,"Every production instance SHALL declare and continuously reconcile topology node, parent domain, role, locality, dependencies, capacity, consistency class, health, and evacuation state through versioned desired state, observed state, ownership, and audit evidence.",V06-F002,infrastructure,missing,unverified,none,omission,P7-D,,"No versioned desired-state/observed-state reconciliation for: topology node, parent domain, role, locality, dependencies, capacity, consistency class, health, and evacuation state. Add an infrastructure manifest (Vol 6 App H), an observed-state inventory and audit evidence of reconciliation","Vol 6 App N anchors: C-034, C-036, C-038, C-041, C-045; V4:7, V4:9, V4:12, V4:59, V4:61; V5:12, V5:19, V5:22, V5:71",v06.txt:page 10:L305,
IA-12-003,V6,"12 Regional, Zonal, Site, and Cell Topology",33,"The implementation SHALL enforce this boundary: placement must satisfy residency, latency, replication, quorum, failuredomain, data-class, and customer-control constraints together.",V06-F002,infrastructure,missing,unverified,none,omission,P7-D,,"No placement model (residency, latency, replication, quorum, failure-domain, data-class, customer-control constraints)","Vol 6 App N anchors: C-034, C-036, C-038, C-041, C-045; V4:7, V4:9, V4:12, V4:59, V4:61; V5:12, V5:19, V5:22, V5:71",v06.txt:page 10:L317,
IA-12-004,V6,"12 Regional, Zonal, Site, and Cell Topology",33,"SaaS, Private Cloud, and On-Premise SHALL preserve the same authority, state, isolation, failure, recovery, evidence, replay, and human-decision semantics for Regional, Zonal, Site, and Cell Topology.",V06-F002,infrastructure,missing,unverified,none,omission,P7-D,"docker-compose.yml (digest-pinned postgres/redis, loopback only, required env, local-dev profile per EXC-P0-004); apps/api/src/policy/pdp.service.ts (environment.deployment hard-coded local-dev)","Only the local-dev profile exists; no SaaS, Private Cloud or On-Premise profile and no shared conformance fixtures proving identical semantics for this chapter","Cross-volume: V0 C-042 (deployment semantic parity); V3 Ch 39–43; V4 Ch 14.; Vol 6 App N anchors: C-034, C-036, C-038, C-041, C-045; V4:7, V4:9, V4:12, V4:59, V4:61; V5:12, V5:19, V5:22, V5:71",v06.txt:page 10:L327,main
IA-12-005,V6,"12 Regional, Zonal, Site, and Cell Topology",34,"When topology membership, quorum, locality, or health becomes ambiguous, the platform SHALL freeze unsafe placement, prefer consistency and sovereignty over convenience, and execute the recorded evacuation or isolation plan; it SHALL NOT infer healthy, complete, current, authorized, or recovered state.",V06-F002,infrastructure,missing,unverified,none,omission,P7-D,,No topology membership/quorum/locality tracking; no evacuation or isolation plans,"Vol 6 App N anchors: C-034, C-036, C-038, C-041, C-045; V4:7, V4:9, V4:12, V4:59, V4:61; V5:12, V5:19, V5:22, V5:71",v06.txt:page 33:L1729,
IA-12-006,V6,"12 Regional, Zonal, Site, and Cell Topology",34,"Production admission and continued operation SHALL require placement simulation, quorum loss, zone and site evacuation, latency envelopes, and topology-reconciliation evidence, bound to the exact artifacts, configuration, topology, customer scope, deployment profile, and period under review.",V06-F002,infrastructure,missing,unverified,none,omission,P7-D,,"No production admission gate binds placement simulation, quorum loss, zone and site evacuation, latency envelopes, and topology-reconciliation evidence to exact artifacts, configuration, topology, customer scope, profile and period; CI binds gate evidence to a commit SHA and run attempt only","Vol 6 App N anchors: C-034, C-036, C-038, C-041, C-045; V4:7, V4:9, V4:12, V4:59, V4:61; V5:12, V5:19, V5:22, V5:71",v06.txt:page 11:L355,
IA-13-001,V6,"13 Tenant, Domain, and Intelligence Cell Isolation",35,"The infrastructure realization of Tenant, Domain, and Intelligence Cell Isolation SHALL make customer, intelligence-domain, workload, state, network, key, policy, quota, telemetry, and failure isolation enforceable at runtime.",V06-F002,identity-policy,partial,passed:harness,merged,phase0,P7-D,test/int/domain-isolation.test.ts; test/int/gate22-authority-matrix.test.ts; apps/api/src/shared/db.ts (one pool per authority); migrations/0009_privilege_separation_and_bound_context.sql (eye_recovery never loaded by runtime),"Isolation is enforceable at runtime for state (RLS, per-authority roles), policy and queue naming; no workload/network/key/quota/telemetry/failure isolation","Vol 6 App N anchors: C-006, C-007, C-030, C-034, C-049; V4:8, V4:9, V4:13, V4:25, V4:51; V5:7, V5:12, V5:19, V5:61 | UNRESOLVED pointer(s) at 2e83945: apps/api/migrations/0001…0050 (96 CREATE POLICY row-level security); scheduler.service.ts (scope-prefixed queue names, migration 0022 sched_scoped_names)",v06.txt:page 35:L1862,main+test
IA-13-002,V6,"13 Tenant, Domain, and Intelligence Cell Isolation",35,"Every production instance SHALL declare and continuously reconcile tenant and domain identity, cell placement, namespace, key scope, network policy, quota, state binding, and isolation posture through versioned desired state, observed state, ownership, and audit evidence.",V06-F002,identity-policy,missing,unverified,none,omission,P7-D,,"No versioned desired-state/observed-state reconciliation for: tenant and domain identity, cell placement, namespace, key scope, network policy, quota, state binding, and isolation posture. Add an infrastructure manifest (Vol 6 App H), an observed-state inventory and audit evidence of reconciliation","Vol 6 App N anchors: C-006, C-007, C-030, C-034, C-049; V4:8, V4:9, V4:13, V4:25, V4:51; V5:7, V5:12, V5:19, V5:61",v06.txt:page 10:L305,
IA-13-003,V6,"13 Tenant, Domain, and Intelligence Cell Isolation",35,The implementation SHALL enforce this boundary: shared services may receive requests only through authenticated tenant and purpose context and may not infer scope from network location.,V06-F002,identity-policy,implemented,passed:harness,merged,phase0,P7-D,"apps/api/src/pipeline/pipeline.service.ts (scope resolved from the authenticated principal and tenant/domain context, never from network location); test/int/domain-isolation.test.ts; test/int/gate22-capability-binding.test.ts","Extend to shared infrastructure services (Redis, vault) which today trust any process holding the credential","Vol 6 App N anchors: C-006, C-007, C-030, C-034, C-049; V4:8, V4:9, V4:13, V4:25, V4:51; V5:7, V5:12, V5:19, V5:61",v06.txt:page 10:L317,main+test
IA-13-004,V6,"13 Tenant, Domain, and Intelligence Cell Isolation",35,"SaaS, Private Cloud, and On-Premise SHALL preserve the same authority, state, isolation, failure, recovery, evidence, replay, and human-decision semantics for Tenant, Domain, and Intelligence Cell Isolation.",V06-F002,identity-policy,missing,unverified,none,omission,P7-D,"docker-compose.yml (digest-pinned postgres/redis, loopback only, required env, local-dev profile per EXC-P0-004); apps/api/src/policy/pdp.service.ts (environment.deployment hard-coded local-dev)","Only the local-dev profile exists; no SaaS, Private Cloud or On-Premise profile and no shared conformance fixtures proving identical semantics for this chapter","Cross-volume: V0 C-042 (deployment semantic parity); V3 Ch 39–43; V4 Ch 14.; Vol 6 App N anchors: C-006, C-007, C-030, C-034, C-049; V4:8, V4:9, V4:13, V4:25, V4:51; V5:7, V5:12, V5:19, V5:61",v06.txt:page 10:L327,main
IA-13-005,V6,"13 Tenant, Domain, and Intelligence Cell Isolation",36,"When tenant context is missing, conflicting, or leakage is suspected, the platform SHALL fail closed, quarantine affected paths and evidence, rotate or revoke exposed authority, and initiate cross-tenant impact analysis; it SHALL NOT infer healthy, complete, current, authorized, or recovered state.",V06-F002,identity-policy,partial,passed:harness,merged,phase0,P7-D,test/int/adversarial.test.ts; test/int/gate21-adversarial.test.ts (missing/conflicting tenant context fails closed); migrations/0014_evidence_deauthorization.sql,"Fail-closed on missing/conflicting context exists; no quarantine of paths, credential rotation or cross-tenant impact analysis on suspected leakage","Vol 6 App N anchors: C-006, C-007, C-030, C-034, C-049; V4:8, V4:9, V4:13, V4:25, V4:51; V5:7, V5:12, V5:19, V5:61",v06.txt:page 35:L1857,main+test
IA-13-006,V6,"13 Tenant, Domain, and Intelligence Cell Isolation",36,"Production admission and continued operation SHALL require cross-tenant negative tests, namespace and key proofs, policy traces, noisy-neighbor tests, and forensic exercises, bound to the exact artifacts, configuration, topology, customer scope, deployment profile, and period under review.",V06-F002,identity-policy,missing,unverified,none,omission,P7-D,,"No production admission gate binds cross-tenant negative tests, namespace and key proofs, policy traces, noisy-neighbor tests, and forensic exercises to exact artifacts, configuration, topology, customer scope, profile and period; CI binds gate evidence to a commit SHA and run attempt only","Vol 6 App N anchors: C-006, C-007, C-030, C-034, C-049; V4:8, V4:9, V4:13, V4:25, V4:51; V5:7, V5:12, V5:19, V5:61",v06.txt:page 11:L355,
IA-14-001,V6,14 Shared Control Services and Management Plane,37,"The infrastructure realization of Shared Control Services and Management Plane SHALL operate identity, policy, registry, configuration, keys, telemetry, release, licensing, and fleet control without placing customer data truth in the management plane.",V06-F002,infrastructure,missing,unverified,none,omission,P7-D,,"No management plane: identity, policy, registry, configuration, keys, telemetry, release, licensing and fleet control are not operated as shared control services","Not scheduled in any phase of docs/the-eye-master-build-prompt.md (stack: Docker Compose for local dev, GitHub Actions CI); owner package P7-D.; Vol 6 App N anchors: C-007, C-020, C-030, C-036, C-049; V4:10, V4:13, V4:49, V4:54, V4:63; V5:10, V5:11, V5:14, V5:65, V5:71",v06.txt:page 16:L680,
IA-14-002,V6,14 Shared Control Services and Management Plane,37,"Every production instance SHALL declare and continuously reconcile control-service identity, desired state, policy and registry versions, fleet inventory, command state, evidence, and operator action through versioned desired state, observed state, ownership, and audit evidence.",V06-F002,infrastructure,missing,unverified,none,omission,P7-D,,"No versioned desired-state/observed-state reconciliation for: control-service identity, desired state, policy and registry versions, fleet inventory, command state, evidence, and operator action. Add an infrastructure manifest (Vol 6 App H), an observed-state inventory and audit evidence of reconcil","Vol 6 App N anchors: C-007, C-020, C-030, C-036, C-049; V4:10, V4:13, V4:49, V4:54, V4:63; V5:10, V5:11, V5:14, V5:65, V5:71",v06.txt:page 10:L305,
IA-14-003,V6,14 Shared Control Services and Management Plane,37,The implementation SHALL enforce this boundary: managementplane reachability must be one-way or mediated where required and cannot become an unbounded data-plane backdoor.,V06-F002,infrastructure,missing,unverified,none,omission,P7-D,,No management-plane reachability model,"Vol 6 App N anchors: C-007, C-020, C-030, C-036, C-049; V4:10, V4:13, V4:49, V4:54, V4:63; V5:10, V5:11, V5:14, V5:65, V5:71",v06.txt:page 10:L317,
IA-14-004,V6,14 Shared Control Services and Management Plane,38,"SaaS, Private Cloud, and On-Premise SHALL preserve the same authority, state, isolation, failure, recovery, evidence, replay, and human-decision semantics for Shared Control Services and Management Plane.",V06-F002,infrastructure,missing,unverified,none,omission,P7-D,"docker-compose.yml (digest-pinned postgres/redis, loopback only, required env, local-dev profile per EXC-P0-004); apps/api/src/policy/pdp.service.ts (environment.deployment hard-coded local-dev)","Only the local-dev profile exists; no SaaS, Private Cloud or On-Premise profile and no shared conformance fixtures proving identical semantics for this chapter","Cross-volume: V0 C-042 (deployment semantic parity); V3 Ch 39–43; V4 Ch 14.; Vol 6 App N anchors: C-007, C-020, C-030, C-036, C-049; V4:10, V4:13, V4:49, V4:54, V4:63; V5:10, V5:11, V5:14, V5:65, V5:71",v06.txt:page 10:L327,main
IA-14-005,V6,14 Shared Control Services and Management Plane,38,"When the management plane is unavailable, compromised, partitioned, or inconsistent, the platform SHALL freeze unsafe change, continue last-known approved local control where permitted, revoke suspect authority, and reconcile before resuming; it SHALL NOT infer healthy, complete, current, authorized, or recovered state.",V06-F002,infrastructure,missing,unverified,none,omission,P7-D,,No freeze/continue-local/revoke/reconcile behaviour for a management-plane outage,"Vol 6 App N anchors: C-007, C-020, C-030, C-036, C-049; V4:10, V4:13, V4:49, V4:54, V4:63; V5:10, V5:11, V5:14, V5:65, V5:71",v06.txt:page 37:L1987,
IA-14-006,V6,14 Shared Control Services and Management Plane,38,"Production admission and continued operation SHALL require plane-separation tests, break-glass exercises, offline control continuity, command audit, and compromise recovery, bound to the exact artifacts, configuration, topology, customer scope, deployment profile, and period under review.",V06-F002,infrastructure,missing,unverified,none,omission,P7-D,,"No production admission gate binds plane-separation tests, break-glass exercises, offline control continuity, command audit, and compromise recovery to exact artifacts, configuration, topology, customer scope, profile and period; CI binds gate evidence to a commit SHA and run attempt only","Vol 6 App N anchors: C-007, C-020, C-030, C-036, C-049; V4:10, V4:13, V4:49, V4:54, V4:63; V5:10, V5:11, V5:14, V5:65, V5:71",v06.txt:page 11:L355,
IA-15-001,V6,15 Compute Platform Architecture,40,"The infrastructure realization of Compute Platform Architecture SHALL provide portable, policy-governed compute pools for stateless, stateful, interactive, batch, streaming, AI, and control workloads.",V06-F003,infrastructure,missing,unverified,none,omission,P7-D,"docker-compose.yml (digest-pinned postgres/redis, loopback only, required env, local-dev profile per EXC-P0-004)",No compute pools; the API runs as one Node process on the developer host; backing services in two containers,"Not scheduled in any phase of docs/the-eye-master-build-prompt.md (stack: Docker Compose for local dev, GitHub Actions CI); owner package P7-D.; Vol 6 App N anchors: C-008, C-034, C-038, C-041, C-045; V4:7, V4:9, V4:11, V4:58, V4:59; V5:22, V5:31, V5:68, V5:71",v06.txt:page 40:L2129,main
IA-15-002,V6,15 Compute Platform Architecture,40,"Every production instance SHALL declare and continuously reconcile compute pool, node class, architecture, placement capability, health, allocatable capacity, reservation, and maintenance state through versioned desired state, observed state, ownership, and audit evidence.",V06-F003,infrastructure,missing,unverified,none,omission,P7-D,,"No versioned desired-state/observed-state reconciliation for: compute pool, node class, architecture, placement capability, health, allocatable capacity, reservation, and maintenance state. Add an infrastructure manifest (Vol 6 App H), an observed-state inventory and audit evidence of reconciliation","Vol 6 App N anchors: C-008, C-034, C-038, C-041, C-045; V4:7, V4:9, V4:11, V4:58, V4:59; V5:22, V5:31, V5:68, V5:71",v06.txt:page 10:L305,
IA-15-003,V6,15 Compute Platform Architecture,40,"The implementation SHALL enforce this boundary: workloads declare resource, isolation, locality, accelerator, latency, disruption, and data-class needs; schedulers may not guess them.",V06-F003,infrastructure,missing,unverified,none,omission,P7-D,config eye.connector.global_concurrency / per_source_concurrency (the only declared resource needs),"No workload manifests declaring resource, isolation, locality, accelerator, latency, disruption or data-class needs (Vol 6 App I)","Vol 6 App N anchors: C-008, C-034, C-038, C-041, C-045; V4:7, V4:9, V4:11, V4:58, V4:59; V5:22, V5:31, V5:68, V5:71",v06.txt:page 10:L317,
IA-15-004,V6,15 Compute Platform Architecture,40,"SaaS, Private Cloud, and On-Premise SHALL preserve the same authority, state, isolation, failure, recovery, evidence, replay, and human-decision semantics for Compute Platform Architecture.",V06-F003,infrastructure,missing,unverified,none,omission,P7-D,"docker-compose.yml (digest-pinned postgres/redis, loopback only, required env, local-dev profile per EXC-P0-004); apps/api/src/policy/pdp.service.ts (environment.deployment hard-coded local-dev)","Only the local-dev profile exists; no SaaS, Private Cloud or On-Premise profile and no shared conformance fixtures proving identical semantics for this chapter","Cross-volume: V0 C-042 (deployment semantic parity); V3 Ch 39–43; V4 Ch 14.; Vol 6 App N anchors: C-008, C-034, C-038, C-041, C-045; V4:7, V4:9, V4:11, V4:58, V4:59; V5:22, V5:31, V5:68, V5:71",v06.txt:page 10:L327,main
IA-15-005,V6,15 Compute Platform Architecture,41,"When capacity, node health, scheduler state, or placement guarantees fall below the admitted workload contract, the platform SHALL shed or queue by consequence and priority, preserve state, and prevent uncontrolled oversubscription or silent relocation; it SHALL NOT infer healthy, complete, current, authorized, or recovered state.",V06-F003,infrastructure,missing,unverified,none,omission,P7-D,,"No shedding/queueing by consequence, oversubscription control or relocation control","Vol 6 App N anchors: C-008, C-034, C-038, C-041, C-045; V4:7, V4:9, V4:11, V4:58, V4:59; V5:22, V5:31, V5:68, V5:71",v06.txt:page 40:L2124,
IA-15-006,V6,15 Compute Platform Architecture,41,"Production admission and continued operation SHALL require capacity models, scheduling fixtures, node-loss tests, heterogeneous-platform conformance, and workload SLO evidence, bound to the exact artifacts, configuration, topology, customer scope, deployment profile, and period under review.",V06-F003,infrastructure,missing,unverified,none,omission,P7-D,,"No production admission gate binds capacity models, scheduling fixtures, node-loss tests, heterogeneous-platform conformance, and workload SLO evidence to exact artifacts, configuration, topology, customer scope, profile and period; CI binds gate evidence to a commit SHA and run attempt only","Vol 6 App N anchors: C-008, C-034, C-038, C-041, C-045; V4:7, V4:9, V4:11, V4:58, V4:59; V5:22, V5:31, V5:68, V5:71",v06.txt:page 11:L355,
IA-16-001,V6,16 CPU Workload Architecture,42,"The infrastructure realization of CPU Workload Architecture SHALL run general-purpose services, graph and data processing, orchestration, policy, and deterministic analytics on certified CPU profiles.",V06-F003,infrastructure,partial,passed:ci,merged,phase0,P7-D,scripts/gate/target-descriptor.json (linux/x64/glibc target); .github/workflows/c19-lifecycle.yml (ubuntu-latest + macos-14 matrix); package.json engines node >=24 <25,Portable Node runtime verified on two hosts for the gate suite only; no certified CPU profiles (Vol 6 App G) and no deterministic-behaviour declaration per workload,"Vol 6 App N anchors: C-008, C-035, C-038, C-041; V4:11, V4:41, V4:58, V4:59; V5:22, V5:34, V5:66, V5:68",v06.txt:page 42:L2258,main+test
IA-16-002,V6,16 CPU Workload Architecture,42,"Every production instance SHALL declare and continuously reconcile CPU architecture, core and memory profile, instructionset capabilities, runtime class, reservation, throttling, and performance evidence through versioned desired state, observed state, ownership, and audit evidence.",V06-F003,infrastructure,missing,unverified,none,omission,P7-D,,"No versioned desired-state/observed-state reconciliation for: CPU architecture, core and memory profile, instructionset capabilities, runtime class, reservation, throttling, and performance evidence. Add an infrastructure manifest (Vol 6 App H), an observed-state inventory and audit evidence of reco","Vol 6 App N anchors: C-008, C-035, C-038, C-041; V4:11, V4:41, V4:58, V4:59; V5:22, V5:34, V5:66, V5:68",v06.txt:page 10:L305,
IA-16-003,V6,16 CPU Workload Architecture,42,The implementation SHALL enforce this boundary: portable workloads must define compatible architectures and deterministic behavior; architecture-specific optimization remains an explicit variant.,V06-F003,infrastructure,partial,passed:ci,merged,phase0,P7-D,".github/workflows/c17-finalize.yml (macOS-14 arm64 regeneration, byte-for-byte comparison of the nine-artifact set); scripts/gate/c17-cross-host-finalization.mjs","Cross-architecture determinism proven for the gate evidence set (macOS arm64 vs Linux x64), not for product workloads","Vol 6 App N anchors: C-008, C-035, C-038, C-041; V4:11, V4:41, V4:58, V4:59; V5:22, V5:34, V5:66, V5:68",v06.txt:page 10:L317,main+test
IA-16-004,V6,16 CPU Workload Architecture,42,"SaaS, Private Cloud, and On-Premise SHALL preserve the same authority, state, isolation, failure, recovery, evidence, replay, and human-decision semantics for CPU Workload Architecture.",V06-F003,infrastructure,missing,unverified,none,omission,P7-D,"docker-compose.yml (digest-pinned postgres/redis, loopback only, required env, local-dev profile per EXC-P0-004); apps/api/src/policy/pdp.service.ts (environment.deployment hard-coded local-dev)","Only the local-dev profile exists; no SaaS, Private Cloud or On-Premise profile and no shared conformance fixtures proving identical semantics for this chapter","Cross-volume: V0 C-042 (deployment semantic parity); V3 Ch 39–43; V4 Ch 14.; Vol 6 App N anchors: C-008, C-035, C-038, C-041; V4:11, V4:41, V4:58, V4:59; V5:22, V5:34, V5:66, V5:68",v06.txt:page 10:L327,main
IA-16-005,V6,16 CPU Workload Architecture,43,"When CPU saturation, memory pressure, thermal throttling, or architecture incompatibility threatens the workload contract, the platform SHALL throttle, reschedule, scale, or degrade according to priority while preserving deadlines, checkpoints, and observable partial state; it SHALL NOT infer healthy, complete, current, authorized, or recovered state.",V06-F003,infrastructure,missing,unverified,none,omission,P7-D,,No throttling/rescheduling/scaling under CPU or memory pressure; no deadline or checkpoint preservation,"Vol 6 App N anchors: C-008, C-035, C-038, C-041; V4:11, V4:41, V4:58, V4:59; V5:22, V5:34, V5:66, V5:68",v06.txt:page 42:L2253,
IA-16-006,V6,16 CPU Workload Architecture,43,"Production admission and continued operation SHALL require cross-architecture tests, saturation curves, memory-pressure exercises, deterministic-output checks, and cost profiles, bound to the exact artifacts, configuration, topology, customer scope, deployment profile, and period under review.",V06-F003,infrastructure,missing,unverified,none,omission,P7-D,,"No production admission gate binds cross-architecture tests, saturation curves, memory-pressure exercises, deterministic-output checks, and cost profiles to exact artifacts, configuration, topology, customer scope, profile and period; CI binds gate evidence to a commit SHA and run attempt only","Vol 6 App N anchors: C-008, C-035, C-038, C-041; V4:11, V4:41, V4:58, V4:59; V5:22, V5:34, V5:66, V5:68",v06.txt:page 11:L355,
IA-17-001,V6,17 GPU and Accelerator Architecture,44,"The infrastructure realization of GPU and Accelerator Architecture SHALL govern scarce accelerators as isolated, attestable, schedulable, observable resources for training, inference, simulation, and high-performance analytics.",V06-F003,infrastructure,missing,unverified,none,omission,P7-D,,No accelerator governance; the local-live model adapter uses whatever host resources Ollama/llama.cpp has,"Not scheduled in any phase of docs/the-eye-master-build-prompt.md (stack: Docker Compose for local dev, GitHub Actions CI); owner package P7-D.; Vol 6 App N anchors: C-007, C-034, C-038, C-045, C-048; V4:11, V4:53, V4:56, V4:58, V4:59; V5:15, V5:16, V5:22, V5:62, V5:70",v06.txt:page 44:L2391,
IA-17-002,V6,17 GPU and Accelerator Architecture,44,"Every production instance SHALL declare and continuously reconcile accelerator model, firmware and driver stack, partition, topology, memory, health, allocation, tenancy, and attestation through versioned desired state, observed state, ownership, and audit evidence.",V06-F003,infrastructure,missing,unverified,none,omission,P7-D,,"No versioned desired-state/observed-state reconciliation for: accelerator model, firmware and driver stack, partition, topology, memory, health, allocation, tenancy, and attestation. Add an infrastructure manifest (Vol 6 App H), an observed-state inventory and audit evidence of reconciliation","Vol 6 App N anchors: C-007, C-034, C-038, C-045, C-048; V4:11, V4:53, V4:56, V4:58, V4:59; V5:15, V5:16, V5:22, V5:62, V5:70",v06.txt:page 10:L305,
IA-17-003,V6,17 GPU and Accelerator Architecture,44,"The implementation SHALL enforce this boundary: accelerator sharing must preserve memory isolation, workload identity, timing controls, supply-chain integrity, and bounded side channels.",V06-F003,infrastructure,missing,unverified,none,omission,P7-D,,No accelerator sharing model,"Vol 6 App N anchors: C-007, C-034, C-038, C-045, C-048; V4:11, V4:53, V4:56, V4:58, V4:59; V5:15, V5:16, V5:22, V5:62, V5:70",v06.txt:page 10:L317,
IA-17-004,V6,17 GPU and Accelerator Architecture,44,"SaaS, Private Cloud, and On-Premise SHALL preserve the same authority, state, isolation, failure, recovery, evidence, replay, and human-decision semantics for GPU and Accelerator Architecture.",V06-F003,infrastructure,missing,unverified,none,omission,P7-D,"docker-compose.yml (digest-pinned postgres/redis, loopback only, required env, local-dev profile per EXC-P0-004); apps/api/src/policy/pdp.service.ts (environment.deployment hard-coded local-dev)","Only the local-dev profile exists; no SaaS, Private Cloud or On-Premise profile and no shared conformance fixtures proving identical semantics for this chapter","Cross-volume: V0 C-042 (deployment semantic parity); V3 Ch 39–43; V4 Ch 14.; Vol 6 App N anchors: C-007, C-034, C-038, C-045, C-048; V4:11, V4:53, V4:56, V4:58, V4:59; V5:15, V5:16, V5:22, V5:62, V5:70",v06.txt:page 10:L327,main
IA-17-005,V6,17 GPU and Accelerator Architecture,45,"When device health, memory integrity, driver compatibility, partition isolation, or capacity becomes unsafe, the platform SHALL drain the device, invalidate affected work, preserve checkpoints, route only to an equivalent certified profile, and open hardware evidence; it SHALL NOT infer healthy, complete, current, authorized, or recovered state.",V06-F003,infrastructure,missing,unverified,none,omission,P7-D,,No device drain/invalidate/checkpoint/reroute behaviour,"Vol 6 App N anchors: C-007, C-034, C-038, C-045, C-048; V4:11, V4:53, V4:56, V4:58, V4:59; V5:15, V5:16, V5:22, V5:62, V5:70",v06.txt:page 44:L2386,
IA-17-006,V6,17 GPU and Accelerator Architecture,45,"Production admission and continued operation SHALL require device qualification, isolation tests, topology benchmarks, fault injection, attestation, and workload-quality comparisons, bound to the exact artifacts, configuration, topology, customer scope, deployment profile, and period under review.",V06-F003,infrastructure,missing,unverified,none,omission,P7-D,,"No production admission gate binds device qualification, isolation tests, topology benchmarks, fault injection, attestation, and workload-quality comparisons to exact artifacts, configuration, topology, customer scope, profile and period; CI binds gate evidence to a commit SHA and run attempt only","Vol 6 App N anchors: C-007, C-034, C-038, C-045, C-048; V4:11, V4:53, V4:56, V4:58, V4:59; V5:15, V5:16, V5:22, V5:62, V5:70",v06.txt:page 11:L355,
IA-18-001,V6,18 Model Serving Infrastructure,46,"The infrastructure realization of Model Serving Infrastructure SHALL serve approved model artifacts through stable gateways, immutable runtime images, bounded context, autoscaling, and evidence-rich inference endpoints.",V06-F003,intelligence,partial,unverified,merged,phase2,P2,"apps/api/src/intelligence/gateway/model-gateway.service.ts (modes replay | local-live Ollama/llama.cpp, pinned model digest/prompt version, no hosted provider); test/int/phase2-acceptance.test.ts","Serving is a local adapter with pinned model digest and prompt version; no serving gateway, immutable serving images, bounded-context service, autoscaling or evidence-rich inference endpoints","Vol 6 App N anchors: C-004, C-005, C-024, C-035, C-048; V4:43, V4:44, V4:52, V4:58, V4:61; V5:15, V5:16, V5:17, V5:20, V5:22, V5:70",v06.txt:page 46:L2520,main+test
IA-18-002,V6,18 Model Serving Infrastructure,46,"Every production instance SHALL declare and continuously reconcile serving deployment, model and adapter digest, runtime, hardware profile, endpoint, rollout, capacity, fitness, and revocation state through versioned desired state, observed state, ownership, and audit evidence.",V06-F003,intelligence,missing,unverified,none,omission,P2,,"No versioned desired-state/observed-state reconciliation for: serving deployment, model and adapter digest, runtime, hardware profile, endpoint, rollout, capacity, fitness, and revocation state. Add an infrastructure manifest (Vol 6 App H), an observed-state inventory and audit evidence of reconcili","Vol 6 App N anchors: C-004, C-005, C-024, C-035, C-048; V4:43, V4:44, V4:52, V4:58, V4:61; V5:15, V5:16, V5:17, V5:20, V5:22, V5:70",v06.txt:page 10:L305,
IA-18-003,V6,18 Model Serving Infrastructure,46,"The implementation SHALL enforce this boundary: serving infrastructure may execute only registry-resolved artifacts and may not alter prompts, context, outputs, or safety controls outside the release manifest.",V06-F003,intelligence,partial,passed:harness,merged,phase2,P2,"apps/api/src/intelligence/gateway/model-gateway.service.ts (modes replay | local-live Ollama/llama.cpp, pinned model digest/prompt version, no hosted provider); test/int/phase2-acceptance.test.ts",The gateway executes only the method-pinned model/prompt; there is no artifact registry or release manifest to resolve against,"Vol 6 App N anchors: C-004, C-005, C-024, C-035, C-048; V4:43, V4:44, V4:52, V4:58, V4:61; V5:15, V5:16, V5:17, V5:20, V5:22, V5:70",v06.txt:page 10:L317,main+test
IA-18-004,V6,18 Model Serving Infrastructure,46,"SaaS, Private Cloud, and On-Premise SHALL preserve the same authority, state, isolation, failure, recovery, evidence, replay, and human-decision semantics for Model Serving Infrastructure.",V06-F003,intelligence,missing,unverified,none,omission,P2,"docker-compose.yml (digest-pinned postgres/redis, loopback only, required env, local-dev profile per EXC-P0-004); apps/api/src/policy/pdp.service.ts (environment.deployment hard-coded local-dev)","Only the local-dev profile exists; no SaaS, Private Cloud or On-Premise profile and no shared conformance fixtures proving identical semantics for this chapter","Cross-volume: V0 C-042 (deployment semantic parity); V3 Ch 39–43; V4 Ch 14.; Vol 6 App N anchors: C-004, C-005, C-024, C-035, C-048; V4:43, V4:44, V4:52, V4:58, V4:61; V5:15, V5:16, V5:17, V5:20, V5:22, V5:70",v06.txt:page 10:L327,main
IA-18-005,V6,18 Model Serving Infrastructure,47,"When artifact resolution, serving health, calibration, capacity, or safety posture becomes invalid, the platform SHALL stop new admissions, drain or revoke the affected revision, invoke the declared fallback, and preserve exact inference evidence; it SHALL NOT infer healthy, complete, current, authorized, or recovered state.",V06-F003,intelligence,partial,unverified,merged,phase2,P2,abstention recorded on the call record),"Abstention exists; no stop-admissions, drain or revoke of a serving revision, no declared fallback route, no calibration/safety posture checks","Vol 6 App N anchors: C-004, C-005, C-024, C-035, C-048; V4:43, V4:44, V4:52, V4:58, V4:61; V5:15, V5:16, V5:17, V5:20, V5:22, V5:70 | UNRESOLVED pointer(s) at 2e83945: model-gateway.service.ts (a replay miss is a named failure | passed:harness lacked a resolved test/CI pointer → unverified",v06.txt:page 46:L2515,
IA-18-006,V6,18 Model Serving Infrastructure,47,"Production admission and continued operation SHALL require artifact attestation, golden inference fixtures, load and failover tests, canary analysis, revocation propagation, and replay, bound to the exact artifacts, configuration, topology, customer scope, deployment profile, and period under review.",V06-F003,intelligence,missing,unverified,none,omission,P2,,"No production admission gate binds artifact attestation, golden inference fixtures, load and failover tests, canary analysis, revocation propagation, and replay to exact artifacts, configuration, topology, customer scope, profile and period; CI binds gate evidence to a commit SHA and run attempt onl","Vol 6 App N anchors: C-004, C-005, C-024, C-035, C-048; V4:43, V4:44, V4:52, V4:58, V4:61; V5:15, V5:16, V5:17, V5:20, V5:22, V5:70",v06.txt:page 11:L355,
IA-19-001,V6,19 Agent and Workflow Runtime Infrastructure,48,"The infrastructure realization of Agent and Workflow Runtime Infrastructure SHALL execute agents and durable workflows as identity-bound, resource-bounded, checkpointed, supervised, and recoverable runtime units.",V06-F004,agents,partial,passed:harness,branch-only,phase6,P7-A,"apps/api/src/executive/agents/agents.service.ts (budgets checked before work, stop conditions max_items/on_degraded, escalation principal); apps/api/src/executive/agents/agent-worker.service.ts (startup reconciliation); migrations/0046_executive_agents_and_runs.sql; test/int/phase6-agents.test.ts; apps/api/src/observation/scheduling/scheduler.service.ts (BullMQ job schedulers, scope-prefixed queues, payload carries no authority, attempts 3 exponential backoff); migrations/0038_scheduled_collection.sql; migrations/0040_scheduled_attempt_faults.sql; test/int/phase6-scheduled-collection.test.ts; test/int/phase6-scheduled-corrections.test.ts","Agents are identity-bound with budgets, stop conditions and escalation and run as BullMQ jobs in the API process; no checkpointing, no supervisor, no resource-bounded sandbox","Master build prompt Phase 7: planner/specialist/supervisor/workflow contracts.; Vol 6 App N anchors: C-004, C-005, C-024, C-028, C-035; V4:41, V4:42, V4:43, V4:49, V4:59; V5:30, V5:31, V5:33, V5:34, V5:36, V5:38",v06.txt:page 48:L2650,branch+main+test
IA-19-002,V6,19 Agent and Workflow Runtime Infrastructure,48,"Every production instance SHALL declare and continuously reconcile workflow instance, agent package, execution envelope, sandbox, capability grants, checkpoint, queue state, and terminal disposition through versioned desired state, observed state, ownership, and audit evidence.",V06-F004,agents,missing,unverified,none,phase7,P7-A,,"No versioned desired-state/observed-state reconciliation for: workflow instance, agent package, execution envelope, sandbox, capability grants, checkpoint, queue state, and terminal disposition. Add an infrastructure manifest (Vol 6 App H), an observed-state inventory and audit evidence of reconcili","Vol 6 App N anchors: C-004, C-005, C-024, C-028, C-035; V4:41, V4:42, V4:43, V4:49, V4:59; V5:30, V5:31, V5:33, V5:34, V5:36, V5:38",v06.txt:page 10:L305,
IA-19-003,V6,19 Agent and Workflow Runtime Infrastructure,48,"The implementation SHALL enforce this boundary: agent processes may request capabilities but infrastructure enforces network, file, secret, tool, budget, deadline, and side-effect boundaries.",V06-F004,agents,partial,unverified,merged,phase6,P7-A,apps/api/src/shared/capabilities.ts (action-specific capabilities; no raw transaction reachable),"Budget/deadline/tool boundaries are enforced in-process by the same runtime; network, file and secret boundaries are not infrastructure-enforced","Vol 6 App N anchors: C-004, C-005, C-024, C-028, C-035; V4:41, V4:42, V4:43, V4:49, V4:59; V5:30, V5:31, V5:33, V5:34, V5:36, V5:38 | UNRESOLVED pointer(s) at 2e83945: agents.service.ts (budgets checked before the work they bound) | release_status branch-only → merged from the evidence at 2e83945 | passed:harness lacked a resolved test/CI pointer → unverified",v06.txt:page 10:L317,main
IA-19-004,V6,19 Agent and Workflow Runtime Infrastructure,48,"SaaS, Private Cloud, and On-Premise SHALL preserve the same authority, state, isolation, failure, recovery, evidence, replay, and human-decision semantics for Agent and Workflow Runtime Infrastructure.",V06-F004,agents,missing,unverified,none,omission,P7-A,"docker-compose.yml (digest-pinned postgres/redis, loopback only, required env, local-dev profile per EXC-P0-004); apps/api/src/policy/pdp.service.ts (environment.deployment hard-coded local-dev)","Only the local-dev profile exists; no SaaS, Private Cloud or On-Premise profile and no shared conformance fixtures proving identical semantics for this chapter","Cross-volume: V0 C-042 (deployment semantic parity); V3 Ch 39–43; V4 Ch 14.; Vol 6 App N anchors: C-004, C-005, C-024, C-028, C-035; V4:41, V4:42, V4:43, V4:49, V4:59; V5:30, V5:31, V5:33, V5:34, V5:36, V5:38",v06.txt:page 10:L327,main
IA-19-005,V6,19 Agent and Workflow Runtime Infrastructure,49,"When a worker, supervisor, queue, checkpoint, or capability service fails during material work, the platform SHALL suspend or reassign from committed state, prevent duplicate effects, preserve causation, and escalate unresolved terminal state; it SHALL NOT infer healthy, complete, current, authorized, or recovered state.",V06-F004,agents,partial,passed:harness,branch-only,phase6,P7-A,"apps/api/src/observation/scheduling/scheduler.service.ts (BullMQ job schedulers, scope-prefixed queues, payload carries no authority, attempts 3 exponential backoff); migrations/0038_scheduled_collection.sql; migrations/0040_scheduled_attempt_faults.sql; test/int/phase6-scheduled-collection.test.ts; test/int/phase6-scheduled-corrections.test.ts (faulted attempts retried by BullMQ; refusals never retried; migration 0040 invariant)",Retry from committed state for collection/briefing jobs only; duplicate-effect prevention relies on idempotent job ids; no reassignment from checkpoint; terminal escalation only for budget stops,"Vol 6 App N anchors: C-004, C-005, C-024, C-028, C-035; V4:41, V4:42, V4:43, V4:49, V4:59; V5:30, V5:31, V5:33, V5:34, V5:36, V5:38",v06.txt:page 48:L2645,branch+main+test
IA-19-006,V6,19 Agent and Workflow Runtime Infrastructure,49,"Production admission and continued operation SHALL require worker-loss, duplicate-delivery, checkpoint-restore, capabilitydenial, human-gate, and replay tests, bound to the exact artifacts, configuration, topology, customer scope, deployment profile, and period under review.",V06-F004,agents,missing,unverified,none,phase7,P7-A,,"No production admission gate binds worker-loss, duplicate-delivery, checkpoint-restore, capabilitydenial, human-gate, and replay tests to exact artifacts, configuration, topology, customer scope, profile and period; CI binds gate evidence to a commit SHA and run attempt only","Vol 6 App N anchors: C-004, C-005, C-024, C-028, C-035; V4:41, V4:42, V4:43, V4:49, V4:59; V5:30, V5:31, V5:33, V5:34, V5:36, V5:38",v06.txt:page 11:L355,
IA-20-001,V6,20 Batch and Stream Processing Infrastructure,50,"The infrastructure realization of Batch and Stream Processing Infrastructure SHALL process bounded datasets and continuous event flows with explicit identity, lineage, watermarks, checkpoints, backpressure, and quality gates.",V06-F004,observation,missing,unverified,none,omission,P1,"apps/api/src/objects/outbox.publisher.ts (at-least-once, idempotent job ids, compare-and-set ack); migrations/0015_outbox_hardening.sql; test/int/gate22-outbox-hardening.test.ts","No batch or stream processing runtime (identity, lineage, watermarks, checkpoints, backpressure, quality gates); the outbox poller is the only continuous processor","Master build prompt scheduled no batch/stream infrastructure; P1 owns streaming/event ingestion.; Vol 6 App N anchors: C-011, C-016, C-035, C-037, C-041; V4:19, V4:22, V4:28, V4:41, V4:57; V5:19, V5:23, V5:26, V5:66, V5:68",v06.txt:page 50:L2782,main+test
IA-20-002,V6,20 Batch and Stream Processing Infrastructure,50,"Every production instance SHALL declare and continuously reconcile job or stream identity, input revisions, partition set, watermark, checkpoint, output commit, quality state, and replay cursor through versioned desired state, observed state, ownership, and audit evidence.",V06-F004,observation,missing,unverified,none,omission,P1,,"No versioned desired-state/observed-state reconciliation for: job or stream identity, input revisions, partition set, watermark, checkpoint, output commit, quality state, and replay cursor. Add an infrastructure manifest (Vol 6 App H), an observed-state inventory and audit evidence of reconciliation","Vol 6 App N anchors: C-011, C-016, C-035, C-037, C-041; V4:19, V4:22, V4:28, V4:41, V4:57; V5:19, V5:23, V5:26, V5:66, V5:68",v06.txt:page 10:L305,
IA-20-003,V6,20 Batch and Stream Processing Infrastructure,50,The implementation SHALL enforce this boundary: processing infrastructure must separate compute completion from canonical output admission and preserve deterministic or declared nondeterministic behavior.,V06-F004,observation,partial,passed:harness,merged,phase1,P1,apps/api/src/observation/acquisition/lifecycle.service.ts (compute completion separated from canonical admission); test/int/phase1-acceptance.test.ts,Separation holds in the acquisition lifecycle; no processing runtime to declare determinism for,"Vol 6 App N anchors: C-011, C-016, C-035, C-037, C-041; V4:19, V4:22, V4:28, V4:41, V4:57; V5:19, V5:23, V5:26, V5:66, V5:68",v06.txt:page 10:L317,main+test
IA-20-004,V6,20 Batch and Stream Processing Infrastructure,50,"SaaS, Private Cloud, and On-Premise SHALL preserve the same authority, state, isolation, failure, recovery, evidence, replay, and human-decision semantics for Batch and Stream Processing Infrastructure.",V06-F004,observation,missing,unverified,none,omission,P1,"docker-compose.yml (digest-pinned postgres/redis, loopback only, required env, local-dev profile per EXC-P0-004); apps/api/src/policy/pdp.service.ts (environment.deployment hard-coded local-dev)","Only the local-dev profile exists; no SaaS, Private Cloud or On-Premise profile and no shared conformance fixtures proving identical semantics for this chapter","Cross-volume: V0 C-042 (deployment semantic parity); V3 Ch 39–43; V4 Ch 14.; Vol 6 App N anchors: C-011, C-016, C-035, C-037, C-041; V4:19, V4:22, V4:28, V4:41, V4:57; V5:19, V5:23, V5:26, V5:66, V5:68",v06.txt:page 10:L327,main
IA-20-005,V6,20 Batch and Stream Processing Infrastructure,51,"When partitions lag, reorder, duplicate, corrupt, or become unavailable beyond the declared window, the platform SHALL apply backpressure, quarantine affected partitions, resume from committed state, and mark output incomplete or stale until reconciled; it SHALL NOT infer healthy, complete, current, authorized, or recovered state.",V06-F004,observation,partial,passed:harness,merged,phase0,P1,"apps/api/src/objects/outbox.publisher.ts (at-least-once, idempotent job ids, compare-and-set ack); migrations/0015_outbox_hardening.sql; test/int/gate22-outbox-hardening.test.ts (rows stay pending when Redis is unavailable)","No backpressure, partition quarantine, watermark windows or stale-output marking","Vol 6 App N anchors: C-011, C-016, C-035, C-037, C-041; V4:19, V4:22, V4:28, V4:41, V4:57; V5:19, V5:23, V5:26, V5:66, V5:68",v06.txt:page 50:L2777,main+test
IA-20-006,V6,20 Batch and Stream Processing Infrastructure,51,"Production admission and continued operation SHALL require replay equivalence, watermark and late-data tests, partition loss, backpressure, lineage closure, and output admission evidence, bound to the exact artifacts, configuration, topology, customer scope, deployment profile, and period under review.",V06-F004,observation,missing,unverified,none,omission,P1,,"No production admission gate binds replay equivalence, watermark and late-data tests, partition loss, backpressure, lineage closure, and output admission evidence to exact artifacts, configuration, topology, customer scope, profile and period; CI binds gate evidence to a commit SHA and run attempt o","Vol 6 App N anchors: C-011, C-016, C-035, C-037, C-041; V4:19, V4:22, V4:28, V4:41, V4:57; V5:19, V5:23, V5:26, V5:66, V5:68",v06.txt:page 11:L355,
IA-21-001,V6,"21 Edge, IoT, and Remote Collection Infrastructure",52,"The infrastructure realization of Edge, IoT, and Remote Collection Infrastructure SHALL collect and process remote signals under intermittent connectivity, constrained power, hostile networks, device diversity, and delayed custody transfer.",V06-F004,observation,missing,unverified,none,omission,P1,,"No edge, IoT or remote-collection infrastructure (buffering, signed policy, custody transfer)","P1 owns streaming/events/IoT ingestion.; Vol 6 App N anchors: C-007, C-010, C-017, C-036, C-048; V4:19, V4:25, V4:26, V4:28, V4:56; V5:7, V5:21, V5:26, V5:39, V5:60",v06.txt:page 52:L2916,
IA-21-002,V6,"21 Edge, IoT, and Remote Collection Infrastructure",52,"Every production instance SHALL declare and continuously reconcile device identity, firmware, sensor profile, locality, clock, collection cursor, buffer, custody state, health, and revocation through versioned desired state, observed state, ownership, and audit evidence.",V06-F004,observation,missing,unverified,none,omission,P1,,"No versioned desired-state/observed-state reconciliation for: device identity, firmware, sensor profile, locality, clock, collection cursor, buffer, custody state, health, and revocation. Add an infrastructure manifest (Vol 6 App H), an observed-state inventory and audit evidence of reconciliation","Vol 6 App N anchors: C-007, C-010, C-017, C-036, C-048; V4:19, V4:25, V4:26, V4:28, V4:56; V5:7, V5:21, V5:26, V5:39, V5:60",v06.txt:page 10:L305,
IA-21-003,V6,"21 Edge, IoT, and Remote Collection Infrastructure",52,The implementation SHALL enforce this boundary: edge nodes may filter or summarize only through signed policy and must retain mapping to source observations and transfer evidence.,V06-F004,observation,missing,unverified,none,omission,P1,,No edge nodes,"Vol 6 App N anchors: C-007, C-010, C-017, C-036, C-048; V4:19, V4:25, V4:26, V4:28, V4:56; V5:7, V5:21, V5:26, V5:39, V5:60",v06.txt:page 10:L317,
IA-21-004,V6,"21 Edge, IoT, and Remote Collection Infrastructure",53,"SaaS, Private Cloud, and On-Premise SHALL preserve the same authority, state, isolation, failure, recovery, evidence, replay, and human-decision semantics for Edge, IoT, and Remote Collection Infrastructure.",V06-F004,observation,missing,unverified,none,omission,P1,"docker-compose.yml (digest-pinned postgres/redis, loopback only, required env, local-dev profile per EXC-P0-004); apps/api/src/policy/pdp.service.ts (environment.deployment hard-coded local-dev)","Only the local-dev profile exists; no SaaS, Private Cloud or On-Premise profile and no shared conformance fixtures proving identical semantics for this chapter","Cross-volume: V0 C-042 (deployment semantic parity); V3 Ch 39–43; V4 Ch 14.; Vol 6 App N anchors: C-007, C-010, C-017, C-036, C-048; V4:19, V4:25, V4:26, V4:28, V4:56; V5:7, V5:21, V5:26, V5:39, V5:60",v06.txt:page 10:L327,main
IA-21-005,V6,"21 Edge, IoT, and Remote Collection Infrastructure",53,"When device trust, clock, connectivity, local storage, or custody evidence is lost, the platform SHALL stop or quarantine collection as required, preserve buffered evidence, expose gaps, and reconcile after trust is restored; it SHALL NOT infer healthy, complete, current, authorized, or recovered state.",V06-F004,observation,missing,unverified,none,omission,P1,,No device trust/clock/connectivity/custody handling,"Vol 6 App N anchors: C-007, C-010, C-017, C-036, C-048; V4:19, V4:25, V4:26, V4:28, V4:56; V5:7, V5:21, V5:26, V5:39, V5:60",v06.txt:page 52:L2911,
IA-21-006,V6,"21 Edge, IoT, and Remote Collection Infrastructure",53,"Production admission and continued operation SHALL require device attestation, offline buffering, clock-drift, tamper, delayed upload, duplicate suppression, and revocation exercises, bound to the exact artifacts, configuration, topology, customer scope, deployment profile, and period under review.",V06-F004,observation,missing,unverified,none,omission,P1,,"No production admission gate binds device attestation, offline buffering, clock-drift, tamper, delayed upload, duplicate suppression, and revocation exercises to exact artifacts, configuration, topology, customer scope, profile and period; CI binds gate evidence to a commit SHA and run attempt only","Vol 6 App N anchors: C-007, C-010, C-017, C-036, C-048; V4:19, V4:25, V4:26, V4:28, V4:56; V5:7, V5:21, V5:26, V5:39, V5:60",v06.txt:page 11:L355,
IA-22-001,V6,"22 Resource Scheduling, Quotas, and Admission",54,"The infrastructure realization of Resource Scheduling, Quotas, and Admission SHALL admit infrastructure work according to consequence, priority, deadline, resource fit, tenant entitlement, fairness, and current system risk.",V06-F004,infrastructure,partial,unverified,merged,phase1,P7-D,config eye.connector.global_concurrency / per_source_concurrency,"Static concurrency caps and per-agent budgets only; no admission by consequence, priority, deadline, tenant entitlement, fairness or system risk","Vol 6 App N anchors: C-004, C-006, C-035, C-038, C-041; V4:9, V4:13, V4:21, V4:58, V4:59; V5:19, V5:22, V5:31, V5:63, V5:68 | UNRESOLVED pointer(s) at 2e83945: scheduler.service.ts (worker concurrency 1, 60-second floor, budgets in the job payload)",v06.txt:page 54:L3044,
IA-22-002,V6,"22 Resource Scheduling, Quotas, and Admission",54,"Every production instance SHALL declare and continuously reconcile admission decision, workload class, priority, quota, reservation, budget, preemption policy, queue position, and reason through versioned desired state, observed state, ownership, and audit evidence.",V06-F004,infrastructure,missing,unverified,none,omission,P7-D,,"No versioned desired-state/observed-state reconciliation for: admission decision, workload class, priority, quota, reservation, budget, preemption policy, queue position, and reason. Add an infrastructure manifest (Vol 6 App H), an observed-state inventory and audit evidence of reconciliation","Vol 6 App N anchors: C-004, C-006, C-035, C-038, C-041; V4:9, V4:13, V4:21, V4:58, V4:59; V5:19, V5:22, V5:31, V5:63, V5:68",v06.txt:page 10:L305,
IA-22-003,V6,"22 Resource Scheduling, Quotas, and Admission",54,"The implementation SHALL enforce this boundary: schedulers must not use customer sensitivity, tenant identity, or strategic outcome as an undocumented optimization signal.",V06-F004,infrastructure,missing,unverified,none,omission,P7-D,,No scheduler policy exists; document and test the admission hierarchy (no sensitivity/tenant/outcome optimisation signals) when one is introduced,"Vol 6 App N anchors: C-004, C-006, C-035, C-038, C-041; V4:9, V4:13, V4:21, V4:58, V4:59; V5:19, V5:22, V5:31, V5:63, V5:68",v06.txt:page 10:L317,
IA-22-004,V6,"22 Resource Scheduling, Quotas, and Admission",54,"SaaS, Private Cloud, and On-Premise SHALL preserve the same authority, state, isolation, failure, recovery, evidence, replay, and human-decision semantics for Resource Scheduling, Quotas, and Admission.",V06-F004,infrastructure,missing,unverified,none,omission,P7-D,"docker-compose.yml (digest-pinned postgres/redis, loopback only, required env, local-dev profile per EXC-P0-004); apps/api/src/policy/pdp.service.ts (environment.deployment hard-coded local-dev)","Only the local-dev profile exists; no SaaS, Private Cloud or On-Premise profile and no shared conformance fixtures proving identical semantics for this chapter","Cross-volume: V0 C-042 (deployment semantic parity); V3 Ch 39–43; V4 Ch 14.; Vol 6 App N anchors: C-004, C-006, C-035, C-038, C-041; V4:9, V4:13, V4:21, V4:58, V4:59; V5:19, V5:22, V5:31, V5:63, V5:68",v06.txt:page 10:L327,main
IA-22-005,V6,"22 Resource Scheduling, Quotas, and Admission",55,"When demand exceeds safe capacity or quota, fairness, deadline, and priority objectives conflict, the platform SHALL apply the declared admission hierarchy, preserve rejected and queued states, preempt only eligible work, and notify accountable owners; it SHALL NOT infer healthy, complete, current, authorized, or recovered state.",V06-F004,infrastructure,missing,unverified,none,omission,P7-D,,"No declared admission hierarchy, rejected/queued state preservation, eligible preemption or owner notification","Vol 6 App N anchors: C-004, C-006, C-035, C-038, C-041; V4:9, V4:13, V4:21, V4:58, V4:59; V5:19, V5:22, V5:31, V5:63, V5:68",v06.txt:page 54:L3039,
IA-22-006,V6,"22 Resource Scheduling, Quotas, and Admission",55,"Production admission and continued operation SHALL require overload games, fairness and starvation analysis, quota isolation, priority inversion tests, and signed admission-policy review, bound to the exact artifacts, configuration, topology, customer scope, deployment profile, and period under review.",V06-F004,infrastructure,missing,unverified,none,omission,P7-D,,"No production admission gate binds overload games, fairness and starvation analysis, quota isolation, priority inversion tests, and signed admission-policy review to exact artifacts, configuration, topology, customer scope, profile and period; CI binds gate evidence to a commit SHA and run attempt o","Vol 6 App N anchors: C-004, C-006, C-035, C-038, C-041; V4:9, V4:13, V4:21, V4:58, V4:59; V5:19, V5:22, V5:31, V5:63, V5:68",v06.txt:page 11:L355,
IA-23-001,V6,23 Network Architecture and Segmentation,57,"The infrastructure realization of Network Architecture and Segmentation SHALL partition connectivity by trust, tenant, domain, plane, environment, workload class, data sensitivity, and external reachability.",V06-F005,infrastructure,missing,unverified,none,omission,P7-D,"docker-compose.yml (digest-pinned postgres/redis, loopback only, required env, local-dev profile per EXC-P0-004)","Loopback-only binding of Postgres/Redis is the only segmentation; no trust zones (Vol 6 App D), tenant/domain/plane/environment/workload-class segmentation","Not scheduled in any phase of docs/the-eye-master-build-prompt.md (stack: Docker Compose for local dev, GitHub Actions CI); owner package P7-D.; Vol 6 App N anchors: C-007, C-030, C-034, C-036, C-049; V4:13, V4:49, V4:53, V4:54, V4:60; V5:21, V5:36, V5:60, V5:65",v06.txt:page 57:L3182,main
IA-23-002,V6,23 Network Architecture and Segmentation,57,"Every production instance SHALL declare and continuously reconcile network zone, segment, route domain, policy, attachment, flow identity, inspection state, and approved exception through versioned desired state, observed state, ownership, and audit evidence.",V06-F005,infrastructure,missing,unverified,none,omission,P7-D,,"No versioned desired-state/observed-state reconciliation for: network zone, segment, route domain, policy, attachment, flow identity, inspection state, and approved exception. Add an infrastructure manifest (Vol 6 App H), an observed-state inventory and audit evidence of reconciliation","Vol 6 App N anchors: C-007, C-030, C-034, C-036, C-049; V4:13, V4:49, V4:53, V4:54, V4:60; V5:21, V5:36, V5:60, V5:65",v06.txt:page 10:L305,
IA-23-003,V6,23 Network Architecture and Segmentation,57,The implementation SHALL enforce this boundary: network location is never sufficient identity; every permitted flow requires authenticated workload context and policy.,V06-F005,infrastructure,partial,passed:harness,merged,phase0,P7-D,apps/api/src/pipeline/pipeline.service.ts (every request authenticated; no network-location trust); test/int/gate22-authority-matrix.test.ts,Holds for API requests; Postgres and Redis accept any loopback process presenting the credential,"Vol 6 App N anchors: C-007, C-030, C-034, C-036, C-049; V4:13, V4:49, V4:53, V4:54, V4:60; V5:21, V5:36, V5:60, V5:65",v06.txt:page 10:L317,main+test
IA-23-004,V6,23 Network Architecture and Segmentation,57,"SaaS, Private Cloud, and On-Premise SHALL preserve the same authority, state, isolation, failure, recovery, evidence, replay, and human-decision semantics for Network Architecture and Segmentation.",V06-F005,infrastructure,missing,unverified,none,omission,P7-D,"docker-compose.yml (digest-pinned postgres/redis, loopback only, required env, local-dev profile per EXC-P0-004); apps/api/src/policy/pdp.service.ts (environment.deployment hard-coded local-dev)","Only the local-dev profile exists; no SaaS, Private Cloud or On-Premise profile and no shared conformance fixtures proving identical semantics for this chapter","Cross-volume: V0 C-042 (deployment semantic parity); V3 Ch 39–43; V4 Ch 14.; Vol 6 App N anchors: C-007, C-030, C-034, C-036, C-049; V4:13, V4:49, V4:53, V4:54, V4:60; V5:21, V5:36, V5:60, V5:65",v06.txt:page 10:L327,main
IA-23-005,V6,23 Network Architecture and Segmentation,58,"When segmentation state diverges, an unknown route appears, or east-west exposure exceeds the declared graph, the platform SHALL deny or isolate suspect flows, preserve flow evidence, reconcile desired and actual state, and assess lateral impact; it SHALL NOT infer healthy, complete, current, authorized, or recovered state.",V06-F005,infrastructure,missing,unverified,none,omission,P7-D,,"No segmentation desired/actual state, flow evidence or lateral-impact assessment","Vol 6 App N anchors: C-007, C-030, C-034, C-036, C-049; V4:13, V4:49, V4:53, V4:54, V4:60; V5:21, V5:36, V5:60, V5:65",v06.txt:page 57:L3177,
IA-23-006,V6,23 Network Architecture and Segmentation,58,"Production admission and continued operation SHALL require reachability matrices, deny-by-default probes, route-drift detection, lateral-movement exercises, and policy attestation, bound to the exact artifacts, configuration, topology, customer scope, deployment profile, and period under review.",V06-F005,infrastructure,missing,unverified,none,omission,P7-D,,"No production admission gate binds reachability matrices, deny-by-default probes, route-drift detection, lateral-movement exercises, and policy attestation to exact artifacts, configuration, topology, customer scope, profile and period; CI binds gate evidence to a commit SHA and run attempt only","Vol 6 App N anchors: C-007, C-030, C-034, C-036, C-049; V4:13, V4:49, V4:53, V4:54, V4:60; V5:21, V5:36, V5:60, V5:65",v06.txt:page 11:L355,
IA-24-001,V6,"24 Ingress, API, and Access Edge",59,"The infrastructure realization of Ingress, API, and Access Edge SHALL terminate external access through authenticated, rategoverned, policy-enforced, observable, and resilient ingress points.",V06-F005,infrastructure,partial,unverified,merged,phase0,P7-D,"apps/api/src/pipeline/http.ts; apps/api/src/pipeline/pipeline.service.ts (authenticated, policy-enforced, request evidence); apps/api/src/audit/audit.service.ts intake (rate-limited security-audit intake with restart-durable suppression accounting)","No TLS termination, no request rate governance, no resilient ingress; plain HTTP on a local port with a CORS allowlist","Vol 6 App N anchors: C-007, C-020, C-030, C-035, C-049; V4:15, V4:16, V4:20, V4:49, V4:60; V5:7, V5:16, V5:20, V5:60 | passed:harness lacked a resolved test/CI pointer → unverified",v06.txt:page 59:L3312,main
IA-24-002,V6,"24 Ingress, API, and Access Edge",59,"Every production instance SHALL declare and continuously reconcile edge endpoint, certificate, route, API contract, identity method, policy, rate class, protection profile, and health through versioned desired state, observed state, ownership, and audit evidence.",V06-F005,infrastructure,missing,unverified,none,omission,P7-D,,"No versioned desired-state/observed-state reconciliation for: edge endpoint, certificate, route, API contract, identity method, policy, rate class, protection profile, and health. Add an infrastructure manifest (Vol 6 App H), an observed-state inventory and audit evidence of reconciliation","Vol 6 App N anchors: C-007, C-020, C-030, C-035, C-049; V4:15, V4:16, V4:20, V4:49, V4:60; V5:7, V5:16, V5:20, V5:60",v06.txt:page 10:L305,
IA-24-003,V6,"24 Ingress, API, and Access Edge",59,"The implementation SHALL enforce this boundary: ingress may validate and route but cannot reinterpret canonical contracts, authorize final decisions, or conceal downstream partial failure.",V06-F005,infrastructure,partial,passed:harness,merged,phase0,P7-D,packages/contracts/src/envelope.ts (canonical envelope validated at ingress); test/int/adversarial.test.ts,"Ingress cannot reinterpret contracts (validated envelope, fail-closed pipeline); downstream partial-failure exposure limited to the degraded readiness state","Vol 6 App N anchors: C-007, C-020, C-030, C-035, C-049; V4:15, V4:16, V4:20, V4:49, V4:60; V5:7, V5:16, V5:20, V5:60",v06.txt:page 10:L317,main+test
IA-24-004,V6,"24 Ingress, API, and Access Edge",59,"SaaS, Private Cloud, and On-Premise SHALL preserve the same authority, state, isolation, failure, recovery, evidence, replay, and human-decision semantics for Ingress, API, and Access Edge.",V06-F005,infrastructure,missing,unverified,none,omission,P7-D,"docker-compose.yml (digest-pinned postgres/redis, loopback only, required env, local-dev profile per EXC-P0-004); apps/api/src/policy/pdp.service.ts (environment.deployment hard-coded local-dev)","Only the local-dev profile exists; no SaaS, Private Cloud or On-Premise profile and no shared conformance fixtures proving identical semantics for this chapter","Cross-volume: V0 C-042 (deployment semantic parity); V3 Ch 39–43; V4 Ch 14.; Vol 6 App N anchors: C-007, C-020, C-030, C-035, C-049; V4:15, V4:16, V4:20, V4:49, V4:60; V5:7, V5:16, V5:20, V5:60",v06.txt:page 10:L327,main
IA-24-005,V6,"24 Ingress, API, and Access Edge",60,"When identity, certificate, gateway, protection, or downstream route becomes unavailable or suspect, the platform SHALL fail closed for protected access, preserve idempotency and request evidence, and expose retriable, denied, or degraded state explicitly; it SHALL NOT infer healthy, complete, current, authorized, or recovered state.",V06-F005,infrastructure,partial,passed:harness,merged,phase0,P7-D,apps/api/src/shared/degraded-store.ts; apps/api/src/health/health.controller.ts (/readyz degraded never healthy); apps/api/src/health/degraded-reconciliation.service.ts; migrations/0020_governed_degraded_recovery.sql; test/int/gate22-degraded-recovery.test.ts; packages/contracts/src/envelope.ts (idempotency_key on the header),Fail-closed on audit/evidence unavailability with explicit degraded state; no certificate/gateway/protection/route failure handling,"Vol 6 App N anchors: C-007, C-020, C-030, C-035, C-049; V4:15, V4:16, V4:20, V4:49, V4:60; V5:7, V5:16, V5:20, V5:60",v06.txt:page 59:L3307,main+test
IA-24-006,V6,"24 Ingress, API, and Access Edge",60,"Production admission and continued operation SHALL require protocol conformance, abuse and rate tests, certificate rotation, gateway failover, request replay, and policy traces, bound to the exact artifacts, configuration, topology, customer scope, deployment profile, and period under review.",V06-F005,infrastructure,missing,unverified,none,omission,P7-D,,"No production admission gate binds protocol conformance, abuse and rate tests, certificate rotation, gateway failover, request replay, and policy traces to exact artifacts, configuration, topology, customer scope, profile and period; CI binds gate evidence to a commit SHA and run attempt only","Vol 6 App N anchors: C-007, C-020, C-030, C-035, C-049; V4:15, V4:16, V4:20, V4:49, V4:60; V5:7, V5:16, V5:20, V5:60",v06.txt:page 11:L355,
IA-25-001,V6,25 Service-to-Service Connectivity,61,"The infrastructure realization of Service-to-Service Connectivity SHALL connect workloads through mutually authenticated, policy-authorized, version-aware, observable service identities.",V06-F005,infrastructure,missing,unverified,none,omission,P7-D,,"Single-process monolith: no service identities, mutual authentication, version-aware discovery or encrypted transport between services","Not scheduled in any phase of docs/the-eye-master-build-prompt.md (stack: Docker Compose for local dev, GitHub Actions CI); owner package P7-D.; Vol 6 App N anchors: C-007, C-020, C-030, C-035, C-049; V4:11, V4:15, V4:23, V4:49, V4:53; V5:16, V5:17, V5:21, V5:36",v06.txt:page 61:L3440,
IA-25-002,V6,25 Service-to-Service Connectivity,61,"Every production instance SHALL declare and continuously reconcile workload identity, service endpoint, trust domain, contract version, authorization decision, connection, and telemetry state through versioned desired state, observed state, ownership, and audit evidence.",V06-F005,infrastructure,missing,unverified,none,omission,P7-D,,"No versioned desired-state/observed-state reconciliation for: workload identity, service endpoint, trust domain, contract version, authorization decision, connection, and telemetry state. Add an infrastructure manifest (Vol 6 App H), an observed-state inventory and audit evidence of reconciliation","Vol 6 App N anchors: C-007, C-020, C-030, C-035, C-049; V4:11, V4:15, V4:23, V4:49, V4:53; V5:16, V5:17, V5:21, V5:36",v06.txt:page 10:L305,
IA-25-003,V6,25 Service-to-Service Connectivity,61,"The implementation SHALL enforce this boundary: service discovery and encryption establish transport; owning services remain responsible for object, purpose, tenant, and consequence authorization.",V06-F005,infrastructure,partial,unverified,merged,phase0,P7-D,"apps/api/src/policy/pdp.service.ts (default deny, INDETERMINATE->deny, obligations, consequence class); apps/api/src/pipeline/pipeline.service.ts (object/purpose/tenant/consequence authorization by the owning module)",Owning-module authorization exists; there is no transport layer of service identities to keep separate from it,"Vol 6 App N anchors: C-007, C-020, C-030, C-035, C-049; V4:11, V4:15, V4:23, V4:49, V4:53; V5:16, V5:17, V5:21, V5:36 | passed:harness lacked a resolved test/CI pointer → unverified",v06.txt:page 10:L317,main
IA-25-004,V6,25 Service-to-Service Connectivity,61,"SaaS, Private Cloud, and On-Premise SHALL preserve the same authority, state, isolation, failure, recovery, evidence, replay, and human-decision semantics for Service-to-Service Connectivity.",V06-F005,infrastructure,missing,unverified,none,omission,P7-D,"docker-compose.yml (digest-pinned postgres/redis, loopback only, required env, local-dev profile per EXC-P0-004); apps/api/src/policy/pdp.service.ts (environment.deployment hard-coded local-dev)","Only the local-dev profile exists; no SaaS, Private Cloud or On-Premise profile and no shared conformance fixtures proving identical semantics for this chapter","Cross-volume: V0 C-042 (deployment semantic parity); V3 Ch 39–43; V4 Ch 14.; Vol 6 App N anchors: C-007, C-020, C-030, C-035, C-049; V4:11, V4:15, V4:23, V4:49, V4:53; V5:16, V5:17, V5:21, V5:36",v06.txt:page 10:L327,main
IA-25-005,V6,25 Service-to-Service Connectivity,62,"When identity issuance, discovery, trust bundle, policy, or service endpoint becomes inconsistent, the platform SHALL deny new protected sessions, drain affected connections where safe, use only certified fallbacks, and preserve causal diagnostics; it SHALL NOT infer healthy, complete, current, authorized, or recovered state.",V06-F005,infrastructure,missing,unverified,none,omission,P7-D,,No identity issuance/discovery/trust-bundle consistency handling,"Vol 6 App N anchors: C-007, C-020, C-030, C-035, C-049; V4:11, V4:15, V4:23, V4:49, V4:53; V5:16, V5:17, V5:21, V5:36",v06.txt:page 61:L3435,
IA-25-006,V6,25 Service-to-Service Connectivity,62,"Production admission and continued operation SHALL require mutual-authentication tests, identity rotation, policy denial, endpoint failover, contract mismatch, and trace continuity, bound to the exact artifacts, configuration, topology, customer scope, deployment profile, and period under review.",V06-F005,infrastructure,missing,unverified,none,omission,P7-D,,"No production admission gate binds mutual-authentication tests, identity rotation, policy denial, endpoint failover, contract mismatch, and trace continuity to exact artifacts, configuration, topology, customer scope, profile and period; CI binds gate evidence to a commit SHA and run attempt only","Vol 6 App N anchors: C-007, C-020, C-030, C-035, C-049; V4:11, V4:15, V4:23, V4:49, V4:53; V5:16, V5:17, V5:21, V5:36",v06.txt:page 11:L355,
IA-26-001,V6,26 Data Plane and Control Plane Separation,63,"The infrastructure realization of Data Plane and Control Plane Separation SHALL separate customer data processing from policy, identity, configuration, release, telemetry, and fleet control with explicit mediation.",V06-F005,infrastructure,missing,unverified,none,omission,P7-D,,"No control plane; identity, policy, configuration, release and telemetry are in-process or in git/CI","Not scheduled in any phase of docs/the-eye-master-build-prompt.md (stack: Docker Compose for local dev, GitHub Actions CI); owner package P7-D.; Vol 6 App N anchors: C-007, C-020, C-030, C-036, C-049; V4:10, V4:13, V4:29, V4:49, V4:54; V5:10, V5:11, V5:12, V5:21, V5:65",v06.txt:page 63:L3570,
IA-26-002,V6,26 Data Plane and Control Plane Separation,63,"Every production instance SHALL declare and continuously reconcile plane identity, endpoint, permitted command or telemetry class, direction, authentication, retention, and emergency state through versioned desired state, observed state, ownership, and audit evidence.",V06-F005,infrastructure,missing,unverified,none,omission,P7-D,,"No versioned desired-state/observed-state reconciliation for: plane identity, endpoint, permitted command or telemetry class, direction, authentication, retention, and emergency state. Add an infrastructure manifest (Vol 6 App H), an observed-state inventory and audit evidence of reconciliation","Vol 6 App N anchors: C-007, C-020, C-030, C-036, C-049; V4:10, V4:13, V4:29, V4:49, V4:54; V5:10, V5:11, V5:12, V5:21, V5:65",v06.txt:page 10:L305,
IA-26-003,V6,26 Data Plane and Control Plane Separation,63,"The implementation SHALL enforce this boundary: control-plane compromise must not yield unrestricted customer-data access, and data-plane compromise must not rewrite governing control state.",V06-F005,infrastructure,partial,passed:harness,merged,phase0,P7-D,apps/api/src/shared/db.ts (one pool per authority); migrations/0009_privilege_separation_and_bound_context.sql (eye_recovery never loaded by runtime); test/int/gate22-authority-matrix.test.ts,Authority split between runtime roles is enforced at the database; no control-plane/data-plane infrastructure separation,"Vol 6 App N anchors: C-007, C-020, C-030, C-036, C-049; V4:10, V4:13, V4:29, V4:49, V4:54; V5:10, V5:11, V5:12, V5:21, V5:65",v06.txt:page 10:L317,main+test
IA-26-004,V6,26 Data Plane and Control Plane Separation,63,"SaaS, Private Cloud, and On-Premise SHALL preserve the same authority, state, isolation, failure, recovery, evidence, replay, and human-decision semantics for Data Plane and Control Plane Separation.",V06-F005,infrastructure,missing,unverified,none,omission,P7-D,"docker-compose.yml (digest-pinned postgres/redis, loopback only, required env, local-dev profile per EXC-P0-004); apps/api/src/policy/pdp.service.ts (environment.deployment hard-coded local-dev)","Only the local-dev profile exists; no SaaS, Private Cloud or On-Premise profile and no shared conformance fixtures proving identical semantics for this chapter","Cross-volume: V0 C-042 (deployment semantic parity); V3 Ch 39–43; V4 Ch 14.; Vol 6 App N anchors: C-007, C-020, C-030, C-036, C-049; V4:10, V4:13, V4:29, V4:49, V4:54; V5:10, V5:11, V5:12, V5:21, V5:65",v06.txt:page 10:L327,main
IA-26-005,V6,26 Data Plane and Control Plane Separation,64,"When plane boundaries blur, a command lacks authority, or telemetry contains prohibited customer content, the platform SHALL block the channel, revoke affected credentials, preserve evidence, continue approved local policy, and initiate compromise assessment; it SHALL NOT infer healthy, complete, current, authorized, or recovered state.",V06-F005,infrastructure,partial,unverified,merged,phase0,P7-D,"apps/api/src/shared/degraded-store.ts (never holds payloads, credentials or tokens); config eye.telemetry.redact_fields","Prohibited-content controls exist for the degraded journal and logs only; no channel blocking, credential revocation or compromise assessment","Vol 6 App N anchors: C-007, C-020, C-030, C-036, C-049; V4:10, V4:13, V4:29, V4:49, V4:54; V5:10, V5:11, V5:12, V5:21, V5:65 | passed:harness lacked a resolved test/CI pointer → unverified",v06.txt:page 63:L3565,main
IA-26-006,V6,26 Data Plane and Control Plane Separation,64,"Production admission and continued operation SHALL require one-way flow tests, command authorization, telemetry minimization, control-plane outage, and compromise containment, bound to the exact artifacts, configuration, topology, customer scope, deployment profile, and period under review.",V06-F005,infrastructure,missing,unverified,none,omission,P7-D,,"No production admission gate binds one-way flow tests, command authorization, telemetry minimization, control-plane outage, and compromise containment to exact artifacts, configuration, topology, customer scope, profile and period; CI binds gate evidence to a commit SHA and run attempt only","Vol 6 App N anchors: C-007, C-020, C-030, C-036, C-049; V4:10, V4:13, V4:29, V4:49, V4:54; V5:10, V5:11, V5:12, V5:21, V5:65",v06.txt:page 11:L355,
IA-27-001,V6,"27 DNS, Naming, Discovery, and Time",65,"The infrastructure realization of DNS, Naming, Discovery, and Time SHALL provide authoritative names, service discovery, endpoint health, and trusted time as governed infrastructure dependencies.",V06-F005,infrastructure,missing,unverified,none,omission,P7-D,,"No DNS authority, service discovery, endpoint health registry or trusted time service (hostnames from config; host clock)","Not scheduled in any phase of docs/the-eye-master-build-prompt.md (stack: Docker Compose for local dev, GitHub Actions CI); owner package P7-D.; Vol 6 App N anchors: C-007, C-016, C-017, C-035, C-049; V4:18, V4:25, V4:26, V4:53, V4:59; V5:15, V5:26, V5:29, V5:65",v06.txt:page 65:L3702,
IA-27-002,V6,"27 DNS, Naming, Discovery, and Time",65,"Every production instance SHALL declare and continuously reconcile name, namespace, record version, endpoint set, health, time source, clock quality, lease, and provenance through versioned desired state, observed state, ownership, and audit evidence.",V06-F005,infrastructure,missing,unverified,none,omission,P7-D,,"No versioned desired-state/observed-state reconciliation for: name, namespace, record version, endpoint set, health, time source, clock quality, lease, and provenance. Add an infrastructure manifest (Vol 6 App H), an observed-state inventory and audit evidence of reconciliation","Vol 6 App N anchors: C-007, C-016, C-017, C-035, C-049; V4:18, V4:25, V4:26, V4:53, V4:59; V5:15, V5:26, V5:29, V5:65",v06.txt:page 10:L305,
IA-27-003,V6,"27 DNS, Naming, Discovery, and Time",65,"The implementation SHALL enforce this boundary: names and clocks must be tenant-aware where required, resistant to spoofing, and reconstructible for historical replay.",V06-F005,infrastructure,partial,unverified,branch-only,phase4,P7-D,packages/contracts (clock_quality on the envelope); apps/api/src/policy/pdp.service.ts (environment.clockQuality); migrations/0031_prediction_timing_calendar.sql (issuance vs response timing),"Clock quality is carried as a label; no trusted time, tenant-aware naming, spoofing resistance or reconstructible name history","Vol 6 App N anchors: C-007, C-016, C-017, C-035, C-049; V4:18, V4:25, V4:26, V4:53, V4:59; V5:15, V5:26, V5:29, V5:65 | release_status merged → branch-only from the evidence at 2e83945",v06.txt:page 10:L317,branch+main
IA-27-004,V6,"27 DNS, Naming, Discovery, and Time",65,"SaaS, Private Cloud, and On-Premise SHALL preserve the same authority, state, isolation, failure, recovery, evidence, replay, and human-decision semantics for DNS, Naming, Discovery, and Time.",V06-F005,infrastructure,missing,unverified,none,omission,P7-D,"docker-compose.yml (digest-pinned postgres/redis, loopback only, required env, local-dev profile per EXC-P0-004); apps/api/src/policy/pdp.service.ts (environment.deployment hard-coded local-dev)","Only the local-dev profile exists; no SaaS, Private Cloud or On-Premise profile and no shared conformance fixtures proving identical semantics for this chapter","Cross-volume: V0 C-042 (deployment semantic parity); V3 Ch 39–43; V4 Ch 14.; Vol 6 App N anchors: C-007, C-016, C-017, C-035, C-049; V4:18, V4:25, V4:26, V4:53, V4:59; V5:15, V5:26, V5:29, V5:65",v06.txt:page 10:L327,main
IA-27-005,V6,"27 DNS, Naming, Discovery, and Time",66,"When name resolution, discovery consistency, or trusted time falls outside the declared tolerance, the platform SHALL deny freshness-sensitive or authority-changing operations, use bounded cached state, expose uncertainty, and reconcile histories; it SHALL NOT infer healthy, complete, current, authorized, or recovered state.",V06-F005,infrastructure,missing,unverified,none,omission,P7-D,,No denial of freshness-sensitive or authority-changing operations on clock/naming tolerance breach,"Vol 6 App N anchors: C-007, C-016, C-017, C-035, C-049; V4:18, V4:25, V4:26, V4:53, V4:59; V5:15, V5:26, V5:29, V5:65",v06.txt:page 65:L3697,
IA-27-006,V6,"27 DNS, Naming, Discovery, and Time",66,"Production admission and continued operation SHALL require split-horizon tests, poisoning resistance, record rollback, discovery partition, clock-step and drift exercises, and replay, bound to the exact artifacts, configuration, topology, customer scope, deployment profile, and period under review.",V06-F005,infrastructure,missing,unverified,none,omission,P7-D,,"No production admission gate binds split-horizon tests, poisoning resistance, record rollback, discovery partition, clock-step and drift exercises, and replay to exact artifacts, configuration, topology, customer scope, profile and period; CI binds gate evidence to a commit SHA and run attempt only","Vol 6 App N anchors: C-007, C-016, C-017, C-035, C-049; V4:18, V4:25, V4:26, V4:53, V4:59; V5:15, V5:26, V5:29, V5:65",v06.txt:page 11:L355,
IA-28-001,V6,"28 Egress, External Integration, and Source Connectivity",67,"The infrastructure realization of Egress, External Integration, and Source Connectivity SHALL mediate outbound connections to sources, providers, customer systems, and external effect endpoints through explicit purpose and data controls.",V06-F005,observation,partial,passed:harness,merged,phase1,P1,"apps/api/src/observation/connectors/http-client.ts (EgressPolicy host/scheme allowlist, private/loopback/link-local/metadata refusal, redirect/size limits); test/int/phase1-hostile-input.test.ts","Egress mediation is in-process per connector (host/scheme allowlist, private-address refusal, size/redirect limits); no egress gateway, purpose/data-class controls or transfer receipts; the API process has unrestricted OS-level network access","Vol 6 App N anchors: C-007, C-018, C-029, C-030, C-049; V4:13, V4:19, V4:29, V4:49, V4:60; V5:21, V5:23, V5:36, V5:39, V5:59, V5:60 | UNRESOLVED pointer(s) at 2e83945: model-gateway.service.ts (single egress for model calls, local only)",v06.txt:page 67:L3833,main+test
IA-28-002,V6,"28 Egress, External Integration, and Source Connectivity",67,"Every production instance SHALL declare and continuously reconcile destination identity, route, purpose, data class, transfer policy, credential, rate, receipt, and revocation state through versioned desired state, observed state, ownership, and audit evidence.",V06-F005,observation,missing,unverified,none,omission,P1,,"No versioned desired-state/observed-state reconciliation for: destination identity, route, purpose, data class, transfer policy, credential, rate, receipt, and revocation state. Add an infrastructure manifest (Vol 6 App H), an observed-state inventory and audit evidence of reconciliation","Vol 6 App N anchors: C-007, C-018, C-029, C-030, C-049; V4:13, V4:19, V4:29, V4:49, V4:60; V5:21, V5:23, V5:36, V5:39, V5:59, V5:60",v06.txt:page 10:L305,
IA-28-003,V6,"28 Egress, External Integration, and Source Connectivity",67,"The implementation SHALL enforce this boundary: no workload receives generic internet access when a registered source, provider, connector, or capability path can express the intended operation.",V06-F005,observation,partial,passed:harness,merged,phase1,P1,"apps/api/src/observation/connectors/http-client.ts (EgressPolicy host/scheme allowlist, private/loopback/link-local/metadata refusal, redirect/size limits); test/int/phase1-hostile-input.test.ts",Workloads express operations only through registered sources; generic internet access is not denied at the OS/network level,"Vol 6 App N anchors: C-007, C-018, C-029, C-030, C-049; V4:13, V4:19, V4:29, V4:49, V4:60; V5:21, V5:23, V5:36, V5:39, V5:59, V5:60",v06.txt:page 10:L317,main+test
IA-28-004,V6,"28 Egress, External Integration, and Source Connectivity",68,"SaaS, Private Cloud, and On-Premise SHALL preserve the same authority, state, isolation, failure, recovery, evidence, replay, and human-decision semantics for Egress, External Integration, and Source Connectivity.",V06-F005,observation,missing,unverified,none,omission,P1,"docker-compose.yml (digest-pinned postgres/redis, loopback only, required env, local-dev profile per EXC-P0-004); apps/api/src/policy/pdp.service.ts (environment.deployment hard-coded local-dev)","Only the local-dev profile exists; no SaaS, Private Cloud or On-Premise profile and no shared conformance fixtures proving identical semantics for this chapter","Cross-volume: V0 C-042 (deployment semantic parity); V3 Ch 39–43; V4 Ch 14.; Vol 6 App N anchors: C-007, C-018, C-029, C-030, C-049; V4:13, V4:19, V4:29, V4:49, V4:60; V5:21, V5:23, V5:36, V5:39, V5:59, V5:60",v06.txt:page 10:L327,main
IA-28-005,V6,"28 Egress, External Integration, and Source Connectivity",68,"When destination identity changes, content is unsafe, policy denies transfer, or the external endpoint is unavailable, the platform SHALL block or quarantine the exchange, preserve the request and reason, retry only inside policy, and never fabricate collection or effect success; it SHALL NOT infer healthy, complete, current, authorized, or recovered state.",V06-F005,observation,partial,passed:harness,merged,phase1,P1,"apps/api/src/observation/connectors/http-client.ts (EgressPolicy host/scheme allowlist, private/loopback/link-local/metadata refusal, redirect/size limits); test/int/phase1-hostile-input.test.ts; test/int/phase1-fault-injection.test.ts (refusal preserved with reason; no fabricated collection); apps/api/src/observation/quarantine",Block/quarantine/preserve-reason exist; destination identity-change detection and policy-bounded retry are absent,"Vol 6 App N anchors: C-007, C-018, C-029, C-030, C-049; V4:13, V4:19, V4:29, V4:49, V4:60; V5:21, V5:23, V5:36, V5:39, V5:59, V5:60",v06.txt:page 67:L3828,main+test
IA-28-006,V6,"28 Egress, External Integration, and Source Connectivity",68,"Production admission and continued operation SHALL require destination pinning, exfiltration tests, malware isolation, provider outage, effect receipt, and revocation exercises, bound to the exact artifacts, configuration, topology, customer scope, deployment profile, and period under review.",V06-F005,observation,missing,unverified,none,omission,P1,,"No production admission gate binds destination pinning, exfiltration tests, malware isolation, provider outage, effect receipt, and revocation exercises to exact artifacts, configuration, topology, customer scope, profile and period; CI binds gate evidence to a commit SHA and run attempt only","Vol 6 App N anchors: C-007, C-018, C-029, C-030, C-049; V4:13, V4:19, V4:29, V4:49, V4:60; V5:21, V5:23, V5:36, V5:39, V5:59, V5:60",v06.txt:page 11:L355,
IA-29-001,V6,29 Private Connectivity and Customer Networks,69,"The infrastructure realization of Private Connectivity and Customer Networks SHALL join customer and platform networks through explicit routes, overlapping-address controls, identity mediation, capacity, and shared operations.",V06-F005,infrastructure,missing,unverified,none,omission,P7-D,,"No private connectivity, customer-network routes, overlapping-address controls or shared operations","Not scheduled in any phase of docs/the-eye-master-build-prompt.md (stack: Docker Compose for local dev, GitHub Actions CI); owner package P7-D.; Vol 6 App N anchors: C-006, C-007, C-036, C-038, C-049; V4:8, V4:10, V4:14, V4:53, V4:63; V5:7, V5:12, V5:21, V5:71",v06.txt:page 27:L1338,
IA-29-002,V6,29 Private Connectivity and Customer Networks,69,"Every production instance SHALL declare and continuously reconcile connection, customer endpoint, route set, address translation, encryption, service scope, capacity, health, and responsibility owner through versioned desired state, observed state, ownership, and audit evidence.",V06-F005,infrastructure,missing,unverified,none,omission,P7-D,,"No versioned desired-state/observed-state reconciliation for: connection, customer endpoint, route set, address translation, encryption, service scope, capacity, health, and responsibility owner. Add an infrastructure manifest (Vol 6 App H), an observed-state inventory and audit evidence of reconcil","Vol 6 App N anchors: C-006, C-007, C-036, C-038, C-049; V4:8, V4:10, V4:14, V4:53, V4:63; V5:7, V5:12, V5:21, V5:71",v06.txt:page 10:L305,
IA-29-003,V6,29 Private Connectivity and Customer Networks,69,"The implementation SHALL enforce this boundary: private connectivity changes reachability but does not create trust, bypass application authorization, or transfer incident ownership.",V06-F005,infrastructure,missing,unverified,none,omission,P7-D,,No private connectivity exists,"Vol 6 App N anchors: C-006, C-007, C-036, C-038, C-049; V4:8, V4:10, V4:14, V4:53, V4:63; V5:7, V5:12, V5:21, V5:71",v06.txt:page 10:L317,
IA-29-004,V6,29 Private Connectivity and Customer Networks,69,"SaaS, Private Cloud, and On-Premise SHALL preserve the same authority, state, isolation, failure, recovery, evidence, replay, and human-decision semantics for Private Connectivity and Customer Networks.",V06-F005,infrastructure,missing,unverified,none,omission,P7-D,"docker-compose.yml (digest-pinned postgres/redis, loopback only, required env, local-dev profile per EXC-P0-004); apps/api/src/policy/pdp.service.ts (environment.deployment hard-coded local-dev)","Only the local-dev profile exists; no SaaS, Private Cloud or On-Premise profile and no shared conformance fixtures proving identical semantics for this chapter","Cross-volume: V0 C-042 (deployment semantic parity); V3 Ch 39–43; V4 Ch 14.; Vol 6 App N anchors: C-006, C-007, C-036, C-038, C-049; V4:8, V4:10, V4:14, V4:53, V4:63; V5:7, V5:12, V5:21, V5:71",v06.txt:page 10:L327,main
IA-29-005,V6,29 Private Connectivity and Customer Networks,70,"When routes overlap, tunnels flap, customer controls change, or the responsibility boundary is disputed, the platform SHALL limit reachability to the last verified set, expose customer and platform evidence, and execute the joint restoration runbook; it SHALL NOT infer healthy, complete, current, authorized, or recovered state.",V06-F005,infrastructure,missing,unverified,none,omission,P7-D,,No route/tunnel/responsibility handling,"Vol 6 App N anchors: C-006, C-007, C-036, C-038, C-049; V4:8, V4:10, V4:14, V4:53, V4:63; V5:7, V5:12, V5:21, V5:71",v06.txt:page 69:L3961,
IA-29-006,V6,29 Private Connectivity and Customer Networks,70,"Production admission and continued operation SHALL require route and failover tests, overlap simulations, MTU and latency validation, joint incident drills, and responsibility sign-off, bound to the exact artifacts, configuration, topology, customer scope, deployment profile, and period under review.",V06-F005,infrastructure,missing,unverified,none,omission,P7-D,,"No production admission gate binds route and failover tests, overlap simulations, MTU and latency validation, joint incident drills, and responsibility sign-off to exact artifacts, configuration, topology, customer scope, profile and period; CI binds gate evidence to a commit SHA and run attempt onl","Vol 6 App N anchors: C-006, C-007, C-036, C-038, C-049; V4:8, V4:10, V4:14, V4:53, V4:63; V5:7, V5:12, V5:21, V5:71",v06.txt:page 11:L355,
IA-30-001,V6,"30 Network Resilience, Performance, and Observability",71,"The infrastructure realization of Network Resilience, Performance, and Observability SHALL engineer connectivity for measured latency, throughput, loss, jitter, availability, convergence, and explainable path state.",V06-F005,infrastructure,missing,unverified,none,omission,P7-D,,No network latency/throughput/loss/jitter/availability engineering or path observability,"Not scheduled in any phase of docs/the-eye-master-build-prompt.md (stack: Docker Compose for local dev, GitHub Actions CI); owner package P7-D.; Vol 6 App N anchors: C-035, C-038, C-041, C-045, C-049; V4:19, V4:22, V4:58, V4:59, V4:61; V5:22, V5:31, V5:68, V5:72",v06.txt:page 57:L3182,
IA-30-002,V6,"30 Network Resilience, Performance, and Observability",71,"Every production instance SHALL declare and continuously reconcile path identity, SLO class, capacity, latency distribution, loss, dependency, health, change, and incident correlation through versioned desired state, observed state, ownership, and audit evidence.",V06-F005,infrastructure,missing,unverified,none,omission,P7-D,,"No versioned desired-state/observed-state reconciliation for: path identity, SLO class, capacity, latency distribution, loss, dependency, health, change, and incident correlation. Add an infrastructure manifest (Vol 6 App H), an observed-state inventory and audit evidence of reconciliation","Vol 6 App N anchors: C-035, C-038, C-041, C-045, C-049; V4:19, V4:22, V4:58, V4:59, V4:61; V5:22, V5:31, V5:68, V5:72",v06.txt:page 10:L305,
IA-30-003,V6,"30 Network Resilience, Performance, and Observability",71,"The implementation SHALL enforce this boundary: network optimization may not violate sovereignty, isolation, consistency, evidence capture, or deterministic routing requirements.",V06-F005,infrastructure,missing,unverified,none,omission,P7-D,,No network optimisation exists,"Vol 6 App N anchors: C-035, C-038, C-041, C-045, C-049; V4:19, V4:22, V4:58, V4:59, V4:61; V5:22, V5:31, V5:68, V5:72",v06.txt:page 10:L317,
IA-30-004,V6,"30 Network Resilience, Performance, and Observability",72,"SaaS, Private Cloud, and On-Premise SHALL preserve the same authority, state, isolation, failure, recovery, evidence, replay, and human-decision semantics for Network Resilience, Performance, and Observability.",V06-F005,infrastructure,missing,unverified,none,omission,P7-D,"docker-compose.yml (digest-pinned postgres/redis, loopback only, required env, local-dev profile per EXC-P0-004); apps/api/src/policy/pdp.service.ts (environment.deployment hard-coded local-dev)","Only the local-dev profile exists; no SaaS, Private Cloud or On-Premise profile and no shared conformance fixtures proving identical semantics for this chapter","Cross-volume: V0 C-042 (deployment semantic parity); V3 Ch 39–43; V4 Ch 14.; Vol 6 App N anchors: C-035, C-038, C-041, C-045, C-049; V4:19, V4:22, V4:58, V4:59, V4:61; V5:22, V5:31, V5:68, V5:72",v06.txt:page 10:L327,main
IA-30-005,V6,"30 Network Resilience, Performance, and Observability",72,"When a path breaches its SLO, routing oscillates, observability gaps appear, or recovery causes unsafe reordering, the platform SHALL shift eligible traffic, constrain retries, preserve backpressure, expose degraded paths, and diagnose from endto-end evidence; it SHALL NOT infer healthy, complete, current, authorized, or recovered state.",V06-F005,infrastructure,missing,unverified,none,omission,P7-D,,"No traffic shifting, retry constraint or degraded-path exposure","Vol 6 App N anchors: C-035, C-038, C-041, C-045, C-049; V4:19, V4:22, V4:58, V4:59, V4:61; V5:22, V5:31, V5:68, V5:72",v06.txt:page 71:L4092,
IA-30-006,V6,"30 Network Resilience, Performance, and Observability",72,"Production admission and continued operation SHALL require load and failover tests, latency histograms, packet-loss injection, route convergence, trace correlation, and capacity forecasts, bound to the exact artifacts, configuration, topology, customer scope, deployment profile, and period under review.",V06-F005,infrastructure,missing,unverified,none,omission,P7-D,,"No production admission gate binds load and failover tests, latency histograms, packet-loss injection, route convergence, trace correlation, and capacity forecasts to exact artifacts, configuration, topology, customer scope, profile and period; CI binds gate evidence to a commit SHA and run attempt","Vol 6 App N anchors: C-035, C-038, C-041, C-045, C-049; V4:19, V4:22, V4:58, V4:59, V4:61; V5:22, V5:31, V5:68, V5:72",v06.txt:page 11:L355,
IA-31-001,V6,31 Storage Architecture and State Classes,74,"The infrastructure realization of Storage Architecture and State Classes SHALL map every infrastructure state class to an authoritative owner, consistency model, durability, locality, protection, retention, and recovery contract.",V06-F006,data-platform,partial,unverified,merged,phase0,P7-D,"migrations/0001_roles_and_schemas.sql (owner schemas: identity, policy, audit, objects, observation, graph, prediction, simulation, twin, decision, executive)","State ownership exists by schema and role; no state-class registry (Vol 6 App E) declaring consistency, durability, locality, protection, retention and recovery per class; no backups","Vol 6 App N anchors: C-011, C-012, C-016, C-033, C-043; V4:12, V4:24, V4:28, V4:29, V4:30, V4:62; V5:9, V5:13, V5:19, V5:25, V5:38 | UNRESOLVED pointer(s) at 2e83945: config eye.vault.* (separate quarantine/evidence roots)",v06.txt:page 74:L4235,main
IA-31-002,V6,31 Storage Architecture and State Classes,74,"Every production instance SHALL declare and continuously reconcile state-class identity, owner, store, schema, partition key, consistency, replication, retention, backup, recovery, and lifecycle through versioned desired state, observed state, ownership, and audit evidence.",V06-F006,data-platform,missing,unverified,none,omission,P7-D,,"No versioned desired-state/observed-state reconciliation for: state-class identity, owner, store, schema, partition key, consistency, replication, retention, backup, recovery, and lifecycle. Add an infrastructure manifest (Vol 6 App H), an observed-state inventory and audit evidence of reconciliatio","Vol 6 App N anchors: C-011, C-012, C-016, C-033, C-043; V4:12, V4:24, V4:28, V4:29, V4:30, V4:62; V5:9, V5:13, V5:19, V5:25, V5:38",v06.txt:page 10:L305,
IA-31-003,V6,31 Storage Architecture and State Classes,74,"The implementation SHALL enforce this boundary: storage technology is selected behind the state contract and may not merge canonical truth, derived projections, cache, evidence, or temporary execution state.",V06-F006,data-platform,partial,passed:harness,merged,phase0,P7-D,evidence vault separate from the database; degraded journal separate; test/int/phase2-acceptance.test.ts,"Canonical truth, evidence bytes and temporary state are separated; no derived projections or caches exist yet to test the rule against","Vol 6 App N anchors: C-011, C-012, C-016, C-033, C-043; V4:12, V4:24, V4:28, V4:29, V4:30, V4:62; V5:9, V5:13, V5:19, V5:25, V5:38 | UNRESOLVED pointer(s) at 2e83945: objects schema (canonical versions never overwritten, migrations/0006_objects.sql, 0008)",v06.txt:page 10:L317,main+test
IA-31-004,V6,31 Storage Architecture and State Classes,74,"SaaS, Private Cloud, and On-Premise SHALL preserve the same authority, state, isolation, failure, recovery, evidence, replay, and human-decision semantics for Storage Architecture and State Classes.",V06-F006,data-platform,missing,unverified,none,omission,P7-D,"docker-compose.yml (digest-pinned postgres/redis, loopback only, required env, local-dev profile per EXC-P0-004); apps/api/src/policy/pdp.service.ts (environment.deployment hard-coded local-dev)","Only the local-dev profile exists; no SaaS, Private Cloud or On-Premise profile and no shared conformance fixtures proving identical semantics for this chapter","Cross-volume: V0 C-042 (deployment semantic parity); V3 Ch 39–43; V4 Ch 14.; Vol 6 App N anchors: C-011, C-012, C-016, C-033, C-043; V4:12, V4:24, V4:28, V4:29, V4:30, V4:62; V5:9, V5:13, V5:19, V5:25, V5:38",v06.txt:page 10:L327,main
IA-31-005,V6,31 Storage Architecture and State Classes,75,"When state cannot be classified, ownership is ambiguous, or actual durability diverges from the declared class, the platform SHALL block new writes or admission, preserve available history, expose indeterminate state, and restore ownership before migration; it SHALL NOT infer healthy, complete, current, authorized, or recovered state.",V06-F006,data-platform,missing,unverified,none,omission,P7-D,,"No detection of unclassified state, ambiguous ownership or durability divergence; no write blocking on that basis","Vol 6 App N anchors: C-011, C-012, C-016, C-033, C-043; V4:12, V4:24, V4:28, V4:29, V4:30, V4:62; V5:9, V5:13, V5:19, V5:25, V5:38",v06.txt:page 74:L4230,
IA-31-006,V6,31 Storage Architecture and State Classes,75,"Production admission and continued operation SHALL require state inventory, schema and ownership linting, durability tests, restore evidence, residency proofs, and lifecycle review, bound to the exact artifacts, configuration, topology, customer scope, deployment profile, and period under review.",V06-F006,data-platform,missing,unverified,none,omission,P7-D,,"No production admission gate binds state inventory, schema and ownership linting, durability tests, restore evidence, residency proofs, and lifecycle review to exact artifacts, configuration, topology, customer scope, profile and period; CI binds gate evidence to a commit SHA and run attempt only","Vol 6 App N anchors: C-011, C-012, C-016, C-033, C-043; V4:12, V4:24, V4:28, V4:29, V4:30, V4:62; V5:9, V5:13, V5:19, V5:25, V5:38",v06.txt:page 11:L355,
IA-32-001,V6,32 Transactional and Operational Datastores,76,"The infrastructure realization of Transactional and Operational Datastores SHALL provide authoritative operational persistence for identities, workflows, decisions, policies, registries, and other consistency-sensitive state.",V06-F006,data-platform,implemented,passed:harness,branch-only,phase0,P7-D,"docker-compose.yml (digest-pinned postgres/redis, loopback only, required env, local-dev profile per EXC-P0-004); apps/api/migrations 0001–0050; test/int/*.test.ts (real-database harness); .github/workflows/ci.yml: build-test (module boundaries, typecheck, unit, migrations + acceptance, integration, C18 db-paths gate), browser-regression, supply-chain","Single PostgreSQL 18 instance on a local volume; no replication, quorum, PITR or capacity management (Phase 6 migrations 0041–0050 branch-only)","Vol 6 App N anchors: C-011, C-012, C-016, C-035, C-041; V4:12, V4:18, V4:22, V4:24, V4:30, V4:62; V5:15, V5:20, V5:31, V5:34, V5:70 | release_status merged → branch-only from the evidence at 2e83945",v06.txt:page 76:L4367,branch+main+test
IA-32-002,V6,32 Transactional and Operational Datastores,76,"Every production instance SHALL declare and continuously reconcile database cluster, schema revision, transaction boundary, consistency level, replica set, log position, backup, and recovery posture through versioned desired state, observed state, ownership, and audit evidence.",V06-F006,data-platform,missing,unverified,none,omission,P7-D,,"No versioned desired-state/observed-state reconciliation for: database cluster, schema revision, transaction boundary, consistency level, replica set, log position, backup, and recovery posture. Add an infrastructure manifest (Vol 6 App H), an observed-state inventory and audit evidence of reconcili","Vol 6 App N anchors: C-011, C-012, C-016, C-035, C-041; V4:12, V4:18, V4:22, V4:24, V4:30, V4:62; V5:15, V5:20, V5:31, V5:34, V5:70",v06.txt:page 10:L305,
IA-32-003,V6,32 Transactional and Operational Datastores,76,"The implementation SHALL enforce this boundary: transactions must align with service ownership; cross-service atomicity requires a declared saga, outbox, or equivalent durable protocol.",V06-F006,data-platform,implemented,passed:harness,merged,phase0,P7-D,"apps/api/src/objects/outbox.publisher.ts (at-least-once, idempotent job ids, compare-and-set ack); migrations/0015_outbox_hardening.sql; test/int/gate22-outbox-hardening.test.ts; migrations/0013_operation_closure.sql (POL/AUD/effect closure at commit)",Document the outbox as the declared cross-service protocol in the state-class registry,"Vol 6 App N anchors: C-011, C-012, C-016, C-035, C-041; V4:12, V4:18, V4:22, V4:24, V4:30, V4:62; V5:15, V5:20, V5:31, V5:34, V5:70",v06.txt:page 10:L317,main+test
IA-32-004,V6,32 Transactional and Operational Datastores,76,"SaaS, Private Cloud, and On-Premise SHALL preserve the same authority, state, isolation, failure, recovery, evidence, replay, and human-decision semantics for Transactional and Operational Datastores.",V06-F006,data-platform,missing,unverified,none,omission,P7-D,"docker-compose.yml (digest-pinned postgres/redis, loopback only, required env, local-dev profile per EXC-P0-004); apps/api/src/policy/pdp.service.ts (environment.deployment hard-coded local-dev)","Only the local-dev profile exists; no SaaS, Private Cloud or On-Premise profile and no shared conformance fixtures proving identical semantics for this chapter","Cross-volume: V0 C-042 (deployment semantic parity); V3 Ch 39–43; V4 Ch 14.; Vol 6 App N anchors: C-011, C-012, C-016, C-035, C-041; V4:12, V4:18, V4:22, V4:24, V4:30, V4:62; V5:15, V5:20, V5:31, V5:34, V5:70",v06.txt:page 10:L327,main
IA-32-005,V6,32 Transactional and Operational Datastores,77,"When quorum, transaction log, schema compatibility, replica integrity, or capacity becomes unsafe, the platform SHALL protect write correctness, fail over only inside consistency rules, preserve recovery points, and reconcile consumers before reopening; it SHALL NOT infer healthy, complete, current, authorized, or recovered state.",V06-F006,data-platform,missing,unverified,none,omission,P7-D,FULL_PRODUCT_DELIVERY_REGISTER.md §7 (durable deployment recovery: partial; .eye-local loss of 2026-09-09),"No quorum/log/replica/capacity safety handling, no failover, no recovery points","Vol 6 App N anchors: C-011, C-012, C-016, C-035, C-041; V4:12, V4:18, V4:22, V4:24, V4:30, V4:62; V5:15, V5:20, V5:31, V5:34, V5:70 | UNRESOLVED pointer(s) at 2e83945: no backup/restore procedure for the local vault and degraded journal",v06.txt:page 76:L4362,branch
IA-32-006,V6,32 Transactional and Operational Datastores,77,"Production admission and continued operation SHALL require transaction and failover tests, schema migration rehearsals, consistency checks, point-in-time restore, and corruption recovery, bound to the exact artifacts, configuration, topology, customer scope, deployment profile, and period under review.",V06-F006,data-platform,missing,unverified,none,omission,P7-D,,"No production admission gate binds transaction and failover tests, schema migration rehearsals, consistency checks, point-in-time restore, and corruption recovery to exact artifacts, configuration, topology, customer scope, profile and period; CI binds gate evidence to a commit SHA and run attempt o","Vol 6 App N anchors: C-011, C-012, C-016, C-035, C-041; V4:12, V4:18, V4:22, V4:24, V4:30, V4:62; V5:15, V5:20, V5:31, V5:34, V5:70",v06.txt:page 11:L355,
IA-33-001,V6,33 Object and Evidence Storage,78,"The infrastructure realization of Object and Evidence Storage SHALL retain source artifacts, documents, media, model packages, simulation outputs, evidence bundles, exports, and immutable audit material.",V06-F006,data-platform,partial,passed:harness,merged,phase1,P7-D,apps/api/src/observation/vault/evidence.service.ts (digest re-verified on every read); config eye.vault.quarantine_root / evidence_root (local filesystem); migrations/0022_observation_registry_and_evidence.sql; test/int/phase1-acceptance.test.ts,"Evidence vault is a local filesystem under .eye-local with digest-verified reads; no object store, versioning/replication, retention tiers, model packages, exports or audit-material storage; no backup (register §7)","Vol 6 App N anchors: C-010, C-013, C-018, C-029, C-043; V4:12, V4:28, V4:29, V4:30, V4:54, V4:62; V5:15, V5:21, V5:29, V5:38, V5:65",v06.txt:page 78:L4498,main+test
IA-33-002,V6,33 Object and Evidence Storage,78,"Every production instance SHALL declare and continuously reconcile object identity, version, digest, custody, classification, locality, retention, legal hold, replication, and access evidence through versioned desired state, observed state, ownership, and audit evidence.",V06-F006,data-platform,missing,unverified,none,omission,P7-D,,"No versioned desired-state/observed-state reconciliation for: object identity, version, digest, custody, classification, locality, retention, legal hold, replication, and access evidence. Add an infrastructure manifest (Vol 6 App H), an observed-state inventory and audit evidence of reconciliation","Vol 6 App N anchors: C-010, C-013, C-018, C-029, C-043; V4:12, V4:28, V4:29, V4:30, V4:54, V4:62; V5:15, V5:21, V5:29, V5:38, V5:65",v06.txt:page 10:L305,
IA-33-003,V6,33 Object and Evidence Storage,78,"The implementation SHALL enforce this boundary: object stores preserve bytes and metadata; canonical meaning, provenance, admissibility, and policy remain owned by the producing component.",V06-F006,data-platform,implemented,unverified,merged,phase1,P7-D,"apps/api/src/observation/vault/evidence.service.ts (bytes and digest in the vault; meaning, admissibility and policy in the observation schema)",Document the boundary in the state-class registry,"Vol 6 App N anchors: C-010, C-013, C-018, C-029, C-043; V4:12, V4:28, V4:29, V4:30, V4:54, V4:62; V5:15, V5:21, V5:29, V5:38, V5:65 | passed:harness lacked a resolved test/CI pointer → unverified",v06.txt:page 10:L317,main
IA-33-004,V6,33 Object and Evidence Storage,78,"SaaS, Private Cloud, and On-Premise SHALL preserve the same authority, state, isolation, failure, recovery, evidence, replay, and human-decision semantics for Object and Evidence Storage.",V06-F006,data-platform,missing,unverified,none,omission,P7-D,"docker-compose.yml (digest-pinned postgres/redis, loopback only, required env, local-dev profile per EXC-P0-004); apps/api/src/policy/pdp.service.ts (environment.deployment hard-coded local-dev)","Only the local-dev profile exists; no SaaS, Private Cloud or On-Premise profile and no shared conformance fixtures proving identical semantics for this chapter","Cross-volume: V0 C-042 (deployment semantic parity); V3 Ch 39–43; V4 Ch 14.; Vol 6 App N anchors: C-010, C-013, C-018, C-029, C-043; V4:12, V4:28, V4:29, V4:30, V4:54, V4:62; V5:15, V5:21, V5:29, V5:38, V5:65",v06.txt:page 10:L327,main
IA-33-005,V6,33 Object and Evidence Storage,79,"When digest mismatch, incomplete multipart write, replica loss, malware finding, or retention conflict occurs, the platform SHALL quarantine affected versions, deny decision-active use, preserve custody, restore from verified replicas, and propagate impact; it SHALL NOT infer healthy, complete, current, authorized, or recovered state.",V06-F006,data-platform,partial,passed:harness,merged,phase1,P7-D,custody preserved); migrations/0014_evidence_deauthorization.sql; test/int/phase1-fault-injection.test.ts,"No quarantine of versions, replica restore, malware-finding path or retention-conflict handling","Vol 6 App N anchors: C-010, C-013, C-018, C-029, C-043; V4:12, V4:28, V4:29, V4:30, V4:54, V4:62; V5:15, V5:21, V5:29, V5:38, V5:65 | UNRESOLVED pointer(s) at 2e83945: evidence.service.ts (digest mismatch or missing blob fails",v06.txt:page 78:L4493,main+test
IA-33-006,V6,33 Object and Evidence Storage,79,"Production admission and continued operation SHALL require immutability, integrity, malware, retention, legal-hold, replica-loss, and large-object restore tests, bound to the exact artifacts, configuration, topology, customer scope, deployment profile, and period under review.",V06-F006,data-platform,missing,unverified,none,omission,P7-D,,"No production admission gate binds immutability, integrity, malware, retention, legal-hold, replica-loss, and large-object restore tests to exact artifacts, configuration, topology, customer scope, profile and period; CI binds gate evidence to a commit SHA and run attempt only","Vol 6 App N anchors: C-010, C-013, C-018, C-029, C-043; V4:12, V4:28, V4:29, V4:30, V4:54, V4:62; V5:15, V5:21, V5:29, V5:38, V5:65",v06.txt:page 11:L355,
IA-34-001,V6,34 Knowledge Graph Storage Infrastructure,80,"The infrastructure realization of Knowledge Graph Storage Infrastructure SHALL persist temporal entities, relationships, ontology, evidence links, graph revisions, and derived indexes at strategic scale.",V06-F006,memory-graph,partial,passed:harness,merged,phase3,P3,"migrations/0024_graph_entities_edges_and_strategy.sql; 0025–0027 (impact closure, edge supersession, case coverage); test/int/phase3-acceptance.test.ts","Temporal entities, edges and strategy graph in Postgres; no ontology store, graph revision log, derived indexes or strategic-scale storage","Vol 6 App N anchors: C-014, C-015, C-016, C-033, C-041; V4:12, V4:26, V4:27, V4:28, V4:30, V4:34; V5:13, V5:24, V5:27, V5:43, V5:44, V5:45",v06.txt:page 80:L4629,main+test
IA-34-002,V6,34 Knowledge Graph Storage Infrastructure,80,"Every production instance SHALL declare and continuously reconcile graph partition, ontology revision, valid and system time, write log, index revision, consistency scope, and rebuild cursor through versioned desired state, observed state, ownership, and audit evidence.",V06-F006,memory-graph,missing,unverified,none,omission,P3,,"No versioned desired-state/observed-state reconciliation for: graph partition, ontology revision, valid and system time, write log, index revision, consistency scope, and rebuild cursor. Add an infrastructure manifest (Vol 6 App H), an observed-state inventory and audit evidence of reconciliation","Vol 6 App N anchors: C-014, C-015, C-016, C-033, C-041; V4:12, V4:26, V4:27, V4:28, V4:30, V4:34; V5:13, V5:24, V5:27, V5:43, V5:44, V5:45",v06.txt:page 10:L305,
IA-34-003,V6,34 Knowledge Graph Storage Infrastructure,80,"The implementation SHALL enforce this boundary: graph storage must preserve tenant, domain, temporal, provenance, policy, confidence, and correction semantics across traversal and projection.",V06-F006,memory-graph,implemented,passed:harness,merged,phase3,P3,graph schema RLS; migrations/0026_edge_supersession_and_case_coverage.sql; test/int/phase3-corrections.test.ts,Confidence/policy semantics across projections untested because no projections exist,"Vol 6 App N anchors: C-014, C-015, C-016, C-033, C-041; V4:12, V4:26, V4:27, V4:28, V4:30, V4:34; V5:13, V5:24, V5:27, V5:43, V5:44, V5:45",v06.txt:page 10:L317,main+test
IA-34-004,V6,34 Knowledge Graph Storage Infrastructure,80,"SaaS, Private Cloud, and On-Premise SHALL preserve the same authority, state, isolation, failure, recovery, evidence, replay, and human-decision semantics for Knowledge Graph Storage Infrastructure.",V06-F006,memory-graph,missing,unverified,none,omission,P3,"docker-compose.yml (digest-pinned postgres/redis, loopback only, required env, local-dev profile per EXC-P0-004); apps/api/src/policy/pdp.service.ts (environment.deployment hard-coded local-dev)","Only the local-dev profile exists; no SaaS, Private Cloud or On-Premise profile and no shared conformance fixtures proving identical semantics for this chapter","Cross-volume: V0 C-042 (deployment semantic parity); V3 Ch 39–43; V4 Ch 14.; Vol 6 App N anchors: C-014, C-015, C-016, C-033, C-041; V4:12, V4:26, V4:27, V4:28, V4:30, V4:34; V5:13, V5:24, V5:27, V5:43, V5:44, V5:45",v06.txt:page 10:L327,main
IA-34-005,V6,34 Knowledge Graph Storage Infrastructure,81,"When graph partitions diverge, indexes lag, ontology compatibility fails, or lineage cannot close, the platform SHALL constrain affected traversals, expose revision and staleness, replay authoritative changes, and rebuild projections deterministically; it SHALL NOT infer healthy, complete, current, authorized, or recovered state.",V06-F006,memory-graph,partial,passed:harness,merged,phase3,P3,test/int/phase3-corrections.test.ts (corrections replay through supersession),"No projection rebuild, staleness exposure or ontology compatibility checks","Vol 6 App N anchors: C-014, C-015, C-016, C-033, C-041; V4:12, V4:26, V4:27, V4:28, V4:30, V4:34; V5:13, V5:24, V5:27, V5:43, V5:44, V5:45",v06.txt:page 80:L4624,main+test
IA-34-006,V6,34 Knowledge Graph Storage Infrastructure,81,"Production admission and continued operation SHALL require temporal traversal fixtures, partition recovery, index rebuild, ontology migration, lineage closure, and scale benchmarks, bound to the exact artifacts, configuration, topology, customer scope, deployment profile, and period under review.",V06-F006,memory-graph,missing,unverified,none,omission,P3,,"No production admission gate binds temporal traversal fixtures, partition recovery, index rebuild, ontology migration, lineage closure, and scale benchmarks to exact artifacts, configuration, topology, customer scope, profile and period; CI binds gate evidence to a commit SHA and run attempt only","Vol 6 App N anchors: C-014, C-015, C-016, C-033, C-041; V4:12, V4:26, V4:27, V4:28, V4:30, V4:34; V5:13, V5:24, V5:27, V5:43, V5:44, V5:45",v06.txt:page 11:L355,
IA-35-001,V6,"35 Vector, Search, and Index Infrastructure",82,"The infrastructure realization of Vector, Search, and Index Infrastructure SHALL serve lexical, vector, structured, geospatial, temporal, and multimodal discovery from rebuildable, policyfiltered projections.",V06-F007,memory-graph,partial,passed:harness,merged,phase3,P3,"apps/api/src/graph/search/search.service.ts (permission-aware metadata search under RLS, absent-not-redacted, explained hits); test/int/phase3-acceptance.test.ts","No lexical, vector, geospatial, temporal or multimodal indexes; search is SQL over canonical metadata; no rebuildable projections","P3 owns hybrid semantic retrieval and permission-aware indexes.; Vol 6 App N anchors: C-011, C-016, C-027, C-033, C-035; V4:12, V4:18, V4:23, V4:28, V4:30, V4:57; V5:19, V5:23, V5:26, V5:27, V5:29, V5:40",v06.txt:page 82:L4761,main+test
IA-35-002,V6,"35 Vector, Search, and Index Infrastructure",82,"Every production instance SHALL declare and continuously reconcile index identity, source revision, embedding or analyzer version, shard, policy scope, freshness, quality, and rebuild state through versioned desired state, observed state, ownership, and audit evidence.",V06-F007,memory-graph,missing,unverified,none,omission,P3,,"No versioned desired-state/observed-state reconciliation for: index identity, source revision, embedding or analyzer version, shard, policy scope, freshness, quality, and rebuild state. Add an infrastructure manifest (Vol 6 App H), an observed-state inventory and audit evidence of reconciliation","Vol 6 App N anchors: C-011, C-016, C-027, C-033, C-035; V4:12, V4:18, V4:23, V4:28, V4:30, V4:57; V5:19, V5:23, V5:26, V5:27, V5:29, V5:40",v06.txt:page 10:L305,
IA-35-003,V6,"35 Vector, Search, and Index Infrastructure",82,The implementation SHALL enforce this boundary: indexes are derived acceleration structures and may not become unversioned truth or bypass source authorization.,V06-F007,memory-graph,implemented,unverified,merged,phase3,P3,cannot bypass source authorization),Re-verify when indexes are introduced,"Vol 6 App N anchors: C-011, C-016, C-027, C-033, C-035; V4:12, V4:18, V4:23, V4:28, V4:30, V4:57; V5:19, V5:23, V5:26, V5:27, V5:29, V5:40 | UNRESOLVED pointer(s) at 2e83945: search.service.ts (runs inside the caller's governed read | passed:harness lacked a resolved test/CI pointer → unverified",v06.txt:page 10:L317,
IA-35-004,V6,"35 Vector, Search, and Index Infrastructure",82,"SaaS, Private Cloud, and On-Premise SHALL preserve the same authority, state, isolation, failure, recovery, evidence, replay, and human-decision semantics for Vector, Search, and Index Infrastructure.",V06-F007,memory-graph,missing,unverified,none,omission,P3,"docker-compose.yml (digest-pinned postgres/redis, loopback only, required env, local-dev profile per EXC-P0-004); apps/api/src/policy/pdp.service.ts (environment.deployment hard-coded local-dev)","Only the local-dev profile exists; no SaaS, Private Cloud or On-Premise profile and no shared conformance fixtures proving identical semantics for this chapter","Cross-volume: V0 C-042 (deployment semantic parity); V3 Ch 39–43; V4 Ch 14.; Vol 6 App N anchors: C-011, C-016, C-027, C-033, C-035; V4:12, V4:18, V4:23, V4:28, V4:30, V4:57; V5:19, V5:23, V5:26, V5:27, V5:29, V5:40",v06.txt:page 10:L327,main
IA-35-005,V6,"35 Vector, Search, and Index Infrastructure",83,"When index freshness, shard availability, policy filtering, embedding compatibility, or recall quality falls below threshold, the platform SHALL mark results degraded or unavailable, fall back only to policy-equivalent methods, and rebuild from authoritative sources; it SHALL NOT infer healthy, complete, current, authorized, or recovered state.",V06-F007,memory-graph,missing,unverified,none,omission,P3,,No index freshness/shard/embedding-compatibility handling or policy-equivalent fallback,"Vol 6 App N anchors: C-011, C-016, C-027, C-033, C-035; V4:12, V4:18, V4:23, V4:28, V4:30, V4:57; V5:19, V5:23, V5:26, V5:27, V5:29, V5:40",v06.txt:page 82:L4756,
IA-35-006,V6,"35 Vector, Search, and Index Infrastructure",83,"Production admission and continued operation SHALL require authorization leakage tests, recall and latency benchmarks, shard loss, embedding migration, deterministic rebuild, and staleness controls, bound to the exact artifacts, configuration, topology, customer scope, deployment profile, and period under review.",V06-F007,memory-graph,missing,unverified,none,omission,P3,,"No production admission gate binds authorization leakage tests, recall and latency benchmarks, shard loss, embedding migration, deterministic rebuild, and staleness controls to exact artifacts, configuration, topology, customer scope, profile and period; CI binds gate evidence to a commit SHA and ru","Vol 6 App N anchors: C-011, C-016, C-027, C-033, C-035; V4:12, V4:18, V4:23, V4:28, V4:30, V4:57; V5:19, V5:23, V5:26, V5:27, V5:29, V5:40",v06.txt:page 11:L355,
IA-36-001,V6,36 Digital Twin and Simulation State Infrastructure,84,"The infrastructure realization of Digital Twin and Simulation State Infrastructure SHALL persist twin definitions, observed state, assumptions, branches, interventions, checkpoints, simulation runs, and comparison results.",V06-F007,twin-simulation,partial,passed:harness,branch-only,phase5,P5,"migrations/0032_twin_registry.sql; 0033_simulation_runs.sql (immutable initial-state snapshot, branch, seeds, comparisons); 0034–0037; test/int/phase5-twins.test.ts; test/int/phase5-simulations.test.ts","Twin definitions, versions, cutoffs, run snapshots and comparisons persist in Postgres; no solver checkpoints, branch state store or scale-out","Vol 6 App N anchors: C-019, C-021, C-022, C-023, C-033; V4:12, V4:26, V4:27, V4:30, V4:44, V4:62; V5:13, V5:28, V5:49, V5:50, V5:63 | release_status merged → branch-only from the evidence at 2e83945",v06.txt:page 84:L4894,branch+test
IA-36-002,V6,36 Digital Twin and Simulation State Infrastructure,84,"Every production instance SHALL declare and continuously reconcile twin identity, definition revision, branch, snapshot, temporal boundary, assumption set, run identity, checkpoint, and result lineage through versioned desired state, observed state, ownership, and audit evidence.",V06-F007,twin-simulation,missing,unverified,none,omission,P5,,"No versioned desired-state/observed-state reconciliation for: twin identity, definition revision, branch, snapshot, temporal boundary, assumption set, run identity, checkpoint, and result lineage. Add an infrastructure manifest (Vol 6 App H), an observed-state inventory and audit evidence of reconci","Vol 6 App N anchors: C-019, C-021, C-022, C-023, C-033; V4:12, V4:26, V4:27, V4:30, V4:44, V4:62; V5:13, V5:28, V5:49, V5:50, V5:63",v06.txt:page 10:L305,
IA-36-003,V6,36 Digital Twin and Simulation State Infrastructure,84,"The implementation SHALL enforce this boundary: observed, inferred, forecast, scenario, and simulated state remain distinct and no branch may silently overwrite the operational twin.",V06-F007,twin-simulation,implemented,passed:harness,branch-only,phase5,P5,migrations/0033_simulation_runs.sql (runs labelled synthetic; observed vs synthetic separated); test/int/phase5-twins.test.ts,Re-verify for coupled twin families (P5),"Vol 6 App N anchors: C-019, C-021, C-022, C-023, C-033; V4:12, V4:26, V4:27, V4:30, V4:44, V4:62; V5:13, V5:28, V5:49, V5:50, V5:63 | release_status merged → branch-only from the evidence at 2e83945",v06.txt:page 10:L317,branch+test
IA-36-004,V6,36 Digital Twin and Simulation State Infrastructure,84,"SaaS, Private Cloud, and On-Premise SHALL preserve the same authority, state, isolation, failure, recovery, evidence, replay, and human-decision semantics for Digital Twin and Simulation State Infrastructure.",V06-F007,twin-simulation,missing,unverified,none,omission,P5,"docker-compose.yml (digest-pinned postgres/redis, loopback only, required env, local-dev profile per EXC-P0-004); apps/api/src/policy/pdp.service.ts (environment.deployment hard-coded local-dev)","Only the local-dev profile exists; no SaaS, Private Cloud or On-Premise profile and no shared conformance fixtures proving identical semantics for this chapter","Cross-volume: V0 C-042 (deployment semantic parity); V3 Ch 39–43; V4 Ch 14.; Vol 6 App N anchors: C-019, C-021, C-022, C-023, C-033; V4:12, V4:26, V4:27, V4:30, V4:44, V4:62; V5:13, V5:28, V5:49, V5:50, V5:63",v06.txt:page 10:L327,main
IA-36-005,V6,36 Digital Twin and Simulation State Infrastructure,85,"When branch identity, snapshot compatibility, solver checkpoint, or assumption lineage becomes incomplete, the platform SHALL suspend affected runs, preserve last committed state, label partial results, and require explicit branch reconciliation; it SHALL NOT infer healthy, complete, current, authorized, or recovered state.",V06-F007,twin-simulation,partial,passed:harness,branch-only,phase5,P5,migrations/0036_run_input_availability_and_scenario_as_of.sql; test/int/phase5-corrections.test.ts (runs with unavailable inputs suspended and labelled),No solver checkpoints; branch reconciliation limited to scenario branches,"Vol 6 App N anchors: C-019, C-021, C-022, C-023, C-033; V4:12, V4:26, V4:27, V4:30, V4:44, V4:62; V5:13, V5:28, V5:49, V5:50, V5:63 | release_status merged → branch-only from the evidence at 2e83945",v06.txt:page 84:L4889,branch+test
IA-36-006,V6,36 Digital Twin and Simulation State Infrastructure,85,"Production admission and continued operation SHALL require branch isolation, snapshot restore, deterministic replay, solver failover, assumption lineage, and result-comparison tests, bound to the exact artifacts, configuration, topology, customer scope, deployment profile, and period under review.",V06-F007,twin-simulation,missing,unverified,none,omission,P5,,"No production admission gate binds branch isolation, snapshot restore, deterministic replay, solver failover, assumption lineage, and result-comparison tests to exact artifacts, configuration, topology, customer scope, profile and period; CI binds gate evidence to a commit SHA and run attempt only","Vol 6 App N anchors: C-019, C-021, C-022, C-023, C-033; V4:12, V4:26, V4:27, V4:30, V4:44, V4:62; V5:13, V5:28, V5:49, V5:50, V5:63",v06.txt:page 11:L355,
IA-37-001,V6,"37 Event Streaming, Messaging, and Durable Queues",86,"The infrastructure realization of Event Streaming, Messaging, and Durable Queues SHALL move commands, events, work, evidence, and notifications with declared ordering, delivery, durability, retry, and replay semantics.",V06-F007,infrastructure,partial,passed:harness,branch-only,phase0,P7-D,"apps/api/src/objects/outbox.publisher.ts (at-least-once, idempotent job ids, compare-and-set ack); migrations/0015_outbox_hardening.sql; test/int/gate22-outbox-hardening.test.ts; apps/api/src/observation/scheduling/scheduler.service.ts (BullMQ job schedulers, scope-prefixed queues, payload carries no authority, attempts 3 exponential backoff); migrations/0038_scheduled_collection.sql; migrations/0040_scheduled_attempt_faults.sql; test/int/phase6-scheduled-collection.test.ts; test/int/phase6-scheduled-corrections.test.ts","Outbox -> BullMQ gives at-least-once, retry, delay and idempotent ids; no ordered partitioned log, replay within retention, dead-letter queue or schema registry; Redis is a single unreplicated node","Vol 6 App N anchors: C-011, C-016, C-035, C-037, C-041; V4:19, V4:20, V4:22, V4:23, V4:41, V4:61; V5:31, V5:34, V5:35, V5:38, V5:68 | release_status merged → branch-only from the evidence at 2e83945",v06.txt:page 86:L5026,branch+main+test
IA-37-002,V6,"37 Event Streaming, Messaging, and Durable Queues",86,"Every production instance SHALL declare and continuously reconcile topic or queue identity, schema, partition, sequence, producer, consumer group, offset, retry, dead-letter, and retention state through versioned desired state, observed state, ownership, and audit evidence.",V06-F007,infrastructure,missing,unverified,none,omission,P7-D,,"No versioned desired-state/observed-state reconciliation for: topic or queue identity, schema, partition, sequence, producer, consumer group, offset, retry, dead-letter, and retention state. Add an infrastructure manifest (Vol 6 App H), an observed-state inventory and audit evidence of reconciliatio","Vol 6 App N anchors: C-011, C-016, C-035, C-037, C-041; V4:19, V4:20, V4:22, V4:23, V4:41, V4:61; V5:31, V5:34, V5:35, V5:38, V5:68",v06.txt:page 10:L305,
IA-37-003,V6,"37 Event Streaming, Messaging, and Durable Queues",86,The implementation SHALL enforce this boundary: delivery guarantees are scoped per contract; exactly-once institutional effects require idempotent consumers and committed effect evidence.,V06-F007,infrastructure,partial,passed:harness,merged,phase0,P7-D,"apps/api/src/objects/outbox.publisher.ts (at-least-once, idempotent job ids, compare-and-set ack); migrations/0015_outbox_hardening.sql; test/int/gate22-outbox-hardening.test.ts; migrations/0013_operation_closure.sql",Committed effect evidence exists at the pipeline; consumer idempotency for exactly-once institutional effects is not generally enforced,"Vol 6 App N anchors: C-011, C-016, C-035, C-037, C-041; V4:19, V4:20, V4:22, V4:23, V4:41, V4:61; V5:31, V5:34, V5:35, V5:38, V5:68",v06.txt:page 10:L317,main+test
IA-37-004,V6,"37 Event Streaming, Messaging, and Durable Queues",86,"SaaS, Private Cloud, and On-Premise SHALL preserve the same authority, state, isolation, failure, recovery, evidence, replay, and human-decision semantics for Event Streaming, Messaging, and Durable Queues.",V06-F007,infrastructure,missing,unverified,none,omission,P7-D,"docker-compose.yml (digest-pinned postgres/redis, loopback only, required env, local-dev profile per EXC-P0-004); apps/api/src/policy/pdp.service.ts (environment.deployment hard-coded local-dev)","Only the local-dev profile exists; no SaaS, Private Cloud or On-Premise profile and no shared conformance fixtures proving identical semantics for this chapter","Cross-volume: V0 C-042 (deployment semantic parity); V3 Ch 39–43; V4 Ch 14.; Vol 6 App N anchors: C-011, C-016, C-035, C-037, C-041; V4:19, V4:20, V4:22, V4:23, V4:41, V4:61; V5:31, V5:34, V5:35, V5:38, V5:68",v06.txt:page 10:L327,main
IA-37-005,V6,"37 Event Streaming, Messaging, and Durable Queues",87,"When brokers partition, consumers lag, messages duplicate or reorder, schemas conflict, or dead-letter volume grows unsafe, the platform SHALL apply backpressure, preserve durable offsets, isolate poison messages, prevent retry storms, and expose incomplete downstream state; it SHALL NOT infer healthy, complete, current, authorized, or recovered state.",V06-F007,infrastructure,partial,unverified,merged,phase0,P7-D,readiness redis_scheduler.state unknown within 3 s),"No backpressure, poison-message isolation, retry-storm prevention or incomplete-delivery exposure","Vol 6 App N anchors: C-011, C-016, C-035, C-037, C-041; V4:19, V4:20, V4:22, V4:23, V4:41, V4:61; V5:31, V5:34, V5:35, V5:38, V5:68 | UNRESOLVED pointer(s) at 2e83945: outbox.publisher.ts (pending on Redis loss); scheduler.service.ts (bounded attempts, removeOnFail retention | passed:harness lacked a resolved test/CI pointer → unverified",v06.txt:page 86:L5021,
IA-37-006,V6,"37 Event Streaming, Messaging, and Durable Queues",87,"Production admission and continued operation SHALL require duplicate and reordering tests, broker loss, consumer replay, schema rejection, dead-letter recovery, and effect reconciliation, bound to the exact artifacts, configuration, topology, customer scope, deployment profile, and period under review.",V06-F007,infrastructure,missing,unverified,none,omission,P7-D,,"No production admission gate binds duplicate and reordering tests, broker loss, consumer replay, schema rejection, dead-letter recovery, and effect reconciliation to exact artifacts, configuration, topology, customer scope, profile and period; CI binds gate evidence to a commit SHA and run attempt o","Vol 6 App N anchors: C-011, C-016, C-035, C-037, C-041; V4:19, V4:20, V4:22, V4:23, V4:41, V4:61; V5:31, V5:34, V5:35, V5:38, V5:68",v06.txt:page 11:L355,
IA-38-001,V6,"38 Cache, Temporary State, and Checkpoint Infrastructure",88,"The infrastructure realization of Cache, Temporary State, and Checkpoint Infrastructure SHALL accelerate reads and recover execution without allowing cache, scratch, session, or checkpoint data to become hidden authority.",V06-F007,infrastructure,partial,unverified,merged,phase1,P7-D,"apps/api/src/observation/quarantine + sweeper (quarantine TTL, config eye.quarantine.ttl_seconds); identity sessions (TTL, refresh rotation, migration 0007); degraded journal","No cache layer, no checkpoint store; temporary state limited to quarantine cases and sessions","Vol 6 App N anchors: C-011, C-016, C-029, C-033, C-043; V4:12, V4:21, V4:22, V4:29, V4:30, V4:41; V5:19, V5:26, V5:31, V5:38, V5:69 | passed:harness lacked a resolved test/CI pointer → unverified",v06.txt:page 88:L5161,main
IA-38-002,V6,"38 Cache, Temporary State, and Checkpoint Infrastructure",88,"Every production instance SHALL declare and continuously reconcile cache or checkpoint identity, source revision, expiry, invalidation, encryption, locality, owner, recovery compatibility, and deletion state through versioned desired state, observed state, ownership, and audit evidence.",V06-F007,infrastructure,missing,unverified,none,omission,P7-D,,"No versioned desired-state/observed-state reconciliation for: cache or checkpoint identity, source revision, expiry, invalidation, encryption, locality, owner, recovery compatibility, and deletion state. Add an infrastructure manifest (Vol 6 App H), an observed-state inventory and audit evidence of","Vol 6 App N anchors: C-011, C-016, C-029, C-033, C-043; V4:12, V4:21, V4:22, V4:29, V4:30, V4:41; V5:19, V5:26, V5:31, V5:38, V5:69",v06.txt:page 10:L305,
IA-38-003,V6,"38 Cache, Temporary State, and Checkpoint Infrastructure",88,"The implementation SHALL enforce this boundary: temporary state must be derivable, bounded, classified, tenant-scoped, and excluded from canonical truth unless explicitly committed through its owner.",V06-F007,infrastructure,partial,passed:harness,merged,phase1,P7-D,apps/api/src/observation/acquisition/lifecycle.service.ts (quarantine reaches evidence only through admission); test/int/phase1-acceptance.test.ts,Holds for quarantine; no general classification of temporary state,"Vol 6 App N anchors: C-011, C-016, C-029, C-033, C-043; V4:12, V4:21, V4:22, V4:29, V4:30, V4:41; V5:19, V5:26, V5:31, V5:38, V5:69",v06.txt:page 10:L317,main+test
IA-38-004,V6,"38 Cache, Temporary State, and Checkpoint Infrastructure",89,"SaaS, Private Cloud, and On-Premise SHALL preserve the same authority, state, isolation, failure, recovery, evidence, replay, and human-decision semantics for Cache, Temporary State, and Checkpoint Infrastructure.",V06-F007,infrastructure,missing,unverified,none,omission,P7-D,"docker-compose.yml (digest-pinned postgres/redis, loopback only, required env, local-dev profile per EXC-P0-004); apps/api/src/policy/pdp.service.ts (environment.deployment hard-coded local-dev)","Only the local-dev profile exists; no SaaS, Private Cloud or On-Premise profile and no shared conformance fixtures proving identical semantics for this chapter","Cross-volume: V0 C-042 (deployment semantic parity); V3 Ch 39–43; V4 Ch 14.; Vol 6 App N anchors: C-011, C-016, C-029, C-033, C-043; V4:12, V4:21, V4:22, V4:29, V4:30, V4:41; V5:19, V5:26, V5:31, V5:38, V5:69",v06.txt:page 10:L327,main
IA-38-005,V6,"38 Cache, Temporary State, and Checkpoint Infrastructure",89,"When invalidation is missed, checkpoint compatibility fails, cache contents are suspect, or temporary state survives its allowed lifetime, the platform SHALL bypass or purge affected acceleration state, resume only from verified checkpoints, and make recomputation or loss explicit; it SHALL NOT infer healthy, complete, current, authorized, or recovered state.",V06-F007,infrastructure,partial,passed:harness,merged,phase1,P7-D,observation/sweeper (expired quarantine cases purged); test/int/phase1-fault-injection.test.ts,No checkpoint compatibility or cache invalidation handling,"Vol 6 App N anchors: C-011, C-016, C-029, C-033, C-043; V4:12, V4:21, V4:22, V4:29, V4:30, V4:41; V5:19, V5:26, V5:31, V5:38, V5:69",v06.txt:page 88:L5156,main+test
IA-38-006,V6,"38 Cache, Temporary State, and Checkpoint Infrastructure",89,"Production admission and continued operation SHALL require stale-read, invalidation, eviction, checkpoint corruption, restore compatibility, tenant isolation, and deletion tests, bound to the exact artifacts, configuration, topology, customer scope, deployment profile, and period under review.",V06-F007,infrastructure,missing,unverified,none,omission,P7-D,,"No production admission gate binds stale-read, invalidation, eviction, checkpoint corruption, restore compatibility, tenant isolation, and deletion tests to exact artifacts, configuration, topology, customer scope, profile and period; CI binds gate evidence to a commit SHA and run attempt only","Vol 6 App N anchors: C-011, C-016, C-029, C-033, C-043; V4:12, V4:21, V4:22, V4:29, V4:30, V4:41; V5:19, V5:26, V5:31, V5:38, V5:69",v06.txt:page 11:L355,
IA-39-001,V6,"39 Container, Orchestration, and Runtime Platform",91,"The infrastructure realization of Container, Orchestration, and Runtime Platform SHALL run deployable units through immutable artifacts, declarative desired state, workload identity, policy, health, placement, and controlled disruption.",V06-F008,infrastructure,partial,passed:ci,merged,phase0,P7-D,"docker-compose.yml (digest-pinned postgres/redis, loopback only, required env, local-dev profile per EXC-P0-004); .github/workflows/ci.yml: supply-chain (pinned-digest consistency compose == conformance manifest)","Only backing services are containerised; no application images, orchestrator, declarative desired state, workload identity, placement or disruption control","Master build prompt Phase 7: deployment packaging.; Vol 6 App N anchors: C-007, C-008, C-034, C-038, C-048; V4:7, V4:9, V4:11, V4:53, V4:59, V4:61; V5:15, V5:18, V5:30, V5:68, V5:70",v06.txt:page 91:L5305,main+test
IA-39-002,V6,"39 Container, Orchestration, and Runtime Platform",91,"Every production instance SHALL declare and continuously reconcile cluster, namespace, workload, image digest, desired and observed state, placement, identity, policy, health, and rollout through versioned desired state, observed state, ownership, and audit evidence.",V06-F008,infrastructure,missing,unverified,none,phase7,P7-D,,"No versioned desired-state/observed-state reconciliation for: cluster, namespace, workload, image digest, desired and observed state, placement, identity, policy, health, and rollout. Add an infrastructure manifest (Vol 6 App H), an observed-state inventory and audit evidence of reconciliation","Vol 6 App N anchors: C-007, C-008, C-034, C-038, C-048; V4:7, V4:9, V4:11, V4:53, V4:59, V4:61; V5:15, V5:18, V5:30, V5:68, V5:70",v06.txt:page 10:L305,
IA-39-003,V6,"39 Container, Orchestration, and Runtime Platform",91,"The implementation SHALL enforce this boundary: orchestration reconciles infrastructure state but cannot define application truth, skip service contracts, or infer safe recovery from process liveness.",V06-F008,infrastructure,missing,unverified,none,phase7,P7-D,,No orchestration exists,"Vol 6 App N anchors: C-007, C-008, C-034, C-038, C-048; V4:7, V4:9, V4:11, V4:53, V4:59, V4:61; V5:15, V5:18, V5:30, V5:68, V5:70",v06.txt:page 10:L317,
IA-39-004,V6,"39 Container, Orchestration, and Runtime Platform",91,"SaaS, Private Cloud, and On-Premise SHALL preserve the same authority, state, isolation, failure, recovery, evidence, replay, and human-decision semantics for Container, Orchestration, and Runtime Platform.",V06-F008,infrastructure,missing,unverified,none,omission,P7-D,"docker-compose.yml (digest-pinned postgres/redis, loopback only, required env, local-dev profile per EXC-P0-004); apps/api/src/policy/pdp.service.ts (environment.deployment hard-coded local-dev)","Only the local-dev profile exists; no SaaS, Private Cloud or On-Premise profile and no shared conformance fixtures proving identical semantics for this chapter","Cross-volume: V0 C-042 (deployment semantic parity); V3 Ch 39–43; V4 Ch 14.; Vol 6 App N anchors: C-007, C-008, C-034, C-038, C-048; V4:7, V4:9, V4:11, V4:53, V4:59, V4:61; V5:15, V5:18, V5:30, V5:68, V5:70",v06.txt:page 10:L327,main
IA-39-005,V6,"39 Container, Orchestration, and Runtime Platform",92,"When control quorum, scheduler, node fleet, image pull, admission, or reconciliation becomes impaired, the platform SHALL freeze unsafe change, maintain eligible running workloads, restore control from verified state, and reconcile before promotion; it SHALL NOT infer healthy, complete, current, authorized, or recovered state.",V06-F008,infrastructure,missing,unverified,none,phase7,P7-D,,No control-quorum/scheduler/node/image-pull/admission impairment handling,"Vol 6 App N anchors: C-007, C-008, C-034, C-038, C-048; V4:7, V4:9, V4:11, V4:53, V4:59, V4:61; V5:15, V5:18, V5:30, V5:68, V5:70",v06.txt:page 91:L5300,
IA-39-006,V6,"39 Container, Orchestration, and Runtime Platform",92,"Production admission and continued operation SHALL require control-plane loss, node drain, admission denial, image integrity, rollout and rollback, and multi-version operation tests, bound to the exact artifacts, configuration, topology, customer scope, deployment profile, and period under review.",V06-F008,infrastructure,missing,unverified,none,phase7,P7-D,,"No production admission gate binds control-plane loss, node drain, admission denial, image integrity, rollout and rollback, and multi-version operation tests to exact artifacts, configuration, topology, customer scope, profile and period; CI binds gate evidence to a commit SHA and run attempt only","Vol 6 App N anchors: C-007, C-008, C-034, C-038, C-048; V4:7, V4:9, V4:11, V4:53, V4:59, V4:61; V5:15, V5:18, V5:30, V5:68, V5:70",v06.txt:page 11:L355,
IA-40-001,V6,40 Service Platform and Internal Developer Platform,93,"The infrastructure realization of Service Platform and Internal Developer Platform SHALL provide paved, policy-compliant paths for service creation, contracts, identity, telemetry, delivery, secrets, state, and operational ownership.",V06-F008,infrastructure,partial,unverified,merged,phase0,P7-D,.dependency-cruiser.cjs + ci.yml module-boundaries step (blocking); conformance.manifest.json owners; packages/contracts,"A paved path exists for module boundaries, contracts and typecheck; no service templates for identity, telemetry, delivery, secrets, state or ownership registration","Vol 6 App N anchors: C-003, C-008, C-035, C-048, C-051; V4:11, V4:15, V4:23, V4:65, V4:66, V4:72; V5:15, V5:17, V5:30, V5:66, V5:70 | UNRESOLVED pointer(s) at 2e83945: pnpm workspace scripts (package.json) | passed:ci lacked a resolved test/CI pointer → unverified",v06.txt:page 61:L3440,main
IA-40-002,V6,40 Service Platform and Internal Developer Platform,93,"Every production instance SHALL declare and continuously reconcile service registration, template version, owner, contracts, dependencies, SLO, data classes, runtime profile, release, and support state through versioned desired state, observed state, ownership, and audit evidence.",V06-F008,infrastructure,missing,unverified,none,omission,P7-D,,"No versioned desired-state/observed-state reconciliation for: service registration, template version, owner, contracts, dependencies, SLO, data classes, runtime profile, release, and support state. Add an infrastructure manifest (Vol 6 App H), an observed-state inventory and audit evidence of reconc","Vol 6 App N anchors: C-003, C-008, C-035, C-048, C-051; V4:11, V4:15, V4:23, V4:65, V4:66, V4:72; V5:15, V5:17, V5:30, V5:66, V5:70",v06.txt:page 10:L305,
IA-40-003,V6,40 Service Platform and Internal Developer Platform,93,"The implementation SHALL enforce this boundary: developer convenience may automate controls but may not hide responsibility, weaken conformance, or force one physical technology across deployments.",V06-F008,infrastructure,partial,passed:ci,merged,phase0,P7-D,ci.yml module boundaries; conformance.manifest.json (ownership visible),Automation blocks boundary violations without hiding ownership; parity across deployments has no fixture,"Vol 6 App N anchors: C-003, C-008, C-035, C-048, C-051; V4:11, V4:15, V4:23, V4:65, V4:66, V4:72; V5:15, V5:17, V5:30, V5:66, V5:70",v06.txt:page 10:L317,main+test
IA-40-004,V6,40 Service Platform and Internal Developer Platform,93,"SaaS, Private Cloud, and On-Premise SHALL preserve the same authority, state, isolation, failure, recovery, evidence, replay, and human-decision semantics for Service Platform and Internal Developer Platform.",V06-F008,infrastructure,missing,unverified,none,omission,P7-D,"docker-compose.yml (digest-pinned postgres/redis, loopback only, required env, local-dev profile per EXC-P0-004); apps/api/src/policy/pdp.service.ts (environment.deployment hard-coded local-dev)","Only the local-dev profile exists; no SaaS, Private Cloud or On-Premise profile and no shared conformance fixtures proving identical semantics for this chapter","Cross-volume: V0 C-042 (deployment semantic parity); V3 Ch 39–43; V4 Ch 14.; Vol 6 App N anchors: C-003, C-008, C-035, C-048, C-051; V4:11, V4:15, V4:23, V4:65, V4:66, V4:72; V5:15, V5:17, V5:30, V5:66, V5:70",v06.txt:page 10:L327,main
IA-40-005,V6,40 Service Platform and Internal Developer Platform,94,"When a service bypasses the platform contract or a platform dependency would impose broad correlated failure, the platform SHALL block registration or isolate the exception, preserve ownership visibility, and provide an approved escape path with equivalent controls; it SHALL NOT infer healthy, complete, current, authorized, or recovered state.",V06-F008,infrastructure,partial,passed:ci,merged,phase0,P7-D,".github/workflows/ci.yml: build-test ""Module boundaries (dependency-cruiser, blocking)""",Registration blocking is a build-time lint only; no runtime service registration or approved escape path,"Vol 6 App N anchors: C-003, C-008, C-035, C-048, C-051; V4:11, V4:15, V4:23, V4:65, V4:66, V4:72; V5:15, V5:17, V5:30, V5:66, V5:70",v06.txt:page 93:L5432,main+test
IA-40-006,V6,40 Service Platform and Internal Developer Platform,94,"Production admission and continued operation SHALL require golden-path fixtures, service scorecards, escape-path review, platform outage drills, and adoption and conformance evidence, bound to the exact artifacts, configuration, topology, customer scope, deployment profile, and period under review.",V06-F008,infrastructure,missing,unverified,none,omission,P7-D,,"No production admission gate binds golden-path fixtures, service scorecards, escape-path review, platform outage drills, and adoption and conformance evidence to exact artifacts, configuration, topology, customer scope, profile and period; CI binds gate evidence to a commit SHA and run attempt only","Vol 6 App N anchors: C-003, C-008, C-035, C-048, C-051; V4:11, V4:15, V4:23, V4:65, V4:66, V4:72; V5:15, V5:17, V5:30, V5:66, V5:70",v06.txt:page 11:L355,
IA-41-001,V6,41 Workflow Engine Infrastructure,95,"The infrastructure realization of Workflow Engine Infrastructure SHALL host durable, versioned state machines, timers, tasks, compensations, human gates, and terminal outcomes across failures and upgrades.",V06-F008,decision,partial,passed:harness,branch-only,phase6,P6,"migrations/0042_decision_approvals_and_commitment.sql (durable approvals with expiry, quorum, human gate); 0045_decision_monitoring_and_outcomes.sql; scheduler job schedulers (timers); test/int/phase6-approvals.test.ts; test/int/phase6-monitoring.test.ts","Human-gated state machines live in database functions; no general workflow engine with versioned definitions, compensation or resumption across upgrades","Vol 6 App N anchors: C-004, C-011, C-024, C-035, C-041; V4:22, V4:41, V4:42, V4:44, V4:61, V4:62; V5:31, V5:34, V5:37, V5:38, V5:72",v06.txt:page 95:L5571,branch+test
IA-41-002,V6,41 Workflow Engine Infrastructure,95,"Every production instance SHALL declare and continuously reconcile workflow definition and instance, task lease, transition log, timer, checkpoint, compensation, gate, and terminal state through versioned desired state, observed state, ownership, and audit evidence.",V06-F008,decision,missing,unverified,none,omission,P6,,"No versioned desired-state/observed-state reconciliation for: workflow definition and instance, task lease, transition log, timer, checkpoint, compensation, gate, and terminal state. Add an infrastructure manifest (Vol 6 App H), an observed-state inventory and audit evidence of reconciliation","Vol 6 App N anchors: C-004, C-011, C-024, C-035, C-041; V4:22, V4:41, V4:42, V4:44, V4:61, V4:62; V5:31, V5:34, V5:37, V5:38, V5:72",v06.txt:page 10:L305,
IA-41-003,V6,41 Workflow Engine Infrastructure,95,The implementation SHALL enforce this boundary: workflow engines persist orchestration state; business truth changes only through owning-service contracts and evidence-bearing effects.,V06-F008,decision,implemented,passed:harness,branch-only,phase6,P6,apps/api/src/pipeline + migrations/0013_operation_closure.sql (business truth changes only through the governed commit); test/int/phase6-approvals.test.ts,None for the current workflows,"Vol 6 App N anchors: C-004, C-011, C-024, C-035, C-041; V4:22, V4:41, V4:42, V4:44, V4:61, V4:62; V5:31, V5:34, V5:37, V5:38, V5:72",v06.txt:page 10:L317,branch+main+test
IA-41-004,V6,41 Workflow Engine Infrastructure,95,"SaaS, Private Cloud, and On-Premise SHALL preserve the same authority, state, isolation, failure, recovery, evidence, replay, and human-decision semantics for Workflow Engine Infrastructure.",V06-F008,decision,missing,unverified,none,omission,P6,"docker-compose.yml (digest-pinned postgres/redis, loopback only, required env, local-dev profile per EXC-P0-004); apps/api/src/policy/pdp.service.ts (environment.deployment hard-coded local-dev)","Only the local-dev profile exists; no SaaS, Private Cloud or On-Premise profile and no shared conformance fixtures proving identical semantics for this chapter","Cross-volume: V0 C-042 (deployment semantic parity); V3 Ch 39–43; V4 Ch 14.; Vol 6 App N anchors: C-004, C-011, C-024, C-035, C-041; V4:22, V4:41, V4:42, V4:44, V4:61, V4:62; V5:31, V5:34, V5:37, V5:38, V5:72",v06.txt:page 10:L327,main
IA-41-005,V6,41 Workflow Engine Infrastructure,96,"When workers duplicate, timers drift, leases expire, engine state partitions, or a definition changes during execution, the platform SHALL resume from committed transitions, suppress duplicate effects, pin versions, and escalate irreconcilable instances; it SHALL NOT infer healthy, complete, current, authorized, or recovered state.",V06-F008,decision,partial,unverified,branch-only,phase6,P6,"0042 (approvals bound to the version digest, a definition change invalidates them)","No lease/timer drift handling, duplicate-effect suppression beyond job ids, or escalation of irreconcilable instances","Vol 6 App N anchors: C-004, C-011, C-024, C-035, C-041; V4:22, V4:41, V4:42, V4:44, V4:61, V4:62; V5:31, V5:34, V5:37, V5:38, V5:72 | UNRESOLVED pointer(s) at 2e83945: agent-worker.service.ts (startup reconciliation of cadences) | passed:harness lacked a resolved test/CI pointer → unverified",v06.txt:page 95:L5566,
IA-41-006,V6,41 Workflow Engine Infrastructure,96,"Production admission and continued operation SHALL require engine restart, duplicate task, timer and deadline, version migration, compensation, human-gate, and history replay tests, bound to the exact artifacts, configuration, topology, customer scope, deployment profile, and period under review.",V06-F008,decision,missing,unverified,none,omission,P6,,"No production admission gate binds engine restart, duplicate task, timer and deadline, version migration, compensation, human-gate, and history replay tests to exact artifacts, configuration, topology, customer scope, profile and period; CI binds gate evidence to a commit SHA and run attempt only","Vol 6 App N anchors: C-004, C-011, C-024, C-035, C-041; V4:22, V4:41, V4:42, V4:44, V4:61, V4:62; V5:31, V5:34, V5:37, V5:38, V5:72",v06.txt:page 11:L355,
IA-42-001,V6,42 Agent Execution Sandbox Infrastructure,97,"The infrastructure realization of Agent Execution Sandbox Infrastructure SHALL isolate agent code, tools, content, networks, files, secrets, processes, resources, and side effects according to consequence class.",V06-F008,agents,missing,unverified,none,phase7,P7-A,"apps/api/src/executive/agents/agents.service.ts (budgets checked before work, stop conditions max_items/on_degraded, escalation principal); apps/api/src/executive/agents/agent-worker.service.ts (startup reconciliation); migrations/0046_executive_agents_and_runs.sql; test/int/phase6-agents.test.ts","Agents run in-process in the API; no sandbox for code, tools, content, networks, files, secrets, processes, resources or side effects","Master build prompt Phase 7: agent contracts; sandboxing unscheduled.; Vol 6 App N anchors: C-004, C-005, C-007, C-024, C-030; V4:43, V4:49, V4:51, V4:54, V4:60; V5:30, V5:31, V5:36, V5:59, V5:60, V5:62",v06.txt:page 48:L2650,branch+test
IA-42-002,V6,42 Agent Execution Sandbox Infrastructure,97,"Every production instance SHALL declare and continuously reconcile sandbox identity, agent package, runtime image, grants, mounts, network policy, resource budget, tool bridge, and destruction receipt through versioned desired state, observed state, ownership, and audit evidence.",V06-F008,agents,missing,unverified,none,phase7,P7-A,,"No versioned desired-state/observed-state reconciliation for: sandbox identity, agent package, runtime image, grants, mounts, network policy, resource budget, tool bridge, and destruction receipt. Add an infrastructure manifest (Vol 6 App H), an observed-state inventory and audit evidence of reconci","Vol 6 App N anchors: C-004, C-005, C-007, C-024, C-030; V4:43, V4:49, V4:51, V4:54, V4:60; V5:30, V5:31, V5:36, V5:59, V5:60, V5:62",v06.txt:page 10:L305,
IA-42-003,V6,42 Agent Execution Sandbox Infrastructure,97,The implementation SHALL enforce this boundary: agent instructions cannot expand capabilities; every reachable operation is independently enforced by infrastructure and external policy.,V06-F008,agents,partial,passed:harness,branch-only,phase6,P7-A,"apps/api/src/shared/capabilities.ts (agent reads through fixed capability, no raw SQL); pdp human_gate obligation (agents cannot approve); test/int/phase6-agents.test.ts",Instruction-driven capability expansion is prevented at the capability layer only; no external infrastructure enforcement,"Vol 6 App N anchors: C-004, C-005, C-007, C-024, C-030; V4:43, V4:49, V4:51, V4:54, V4:60; V5:30, V5:31, V5:36, V5:59, V5:60, V5:62",v06.txt:page 10:L317,branch+main+test
IA-42-004,V6,42 Agent Execution Sandbox Infrastructure,97,"SaaS, Private Cloud, and On-Premise SHALL preserve the same authority, state, isolation, failure, recovery, evidence, replay, and human-decision semantics for Agent Execution Sandbox Infrastructure.",V06-F008,agents,missing,unverified,none,omission,P7-A,"docker-compose.yml (digest-pinned postgres/redis, loopback only, required env, local-dev profile per EXC-P0-004); apps/api/src/policy/pdp.service.ts (environment.deployment hard-coded local-dev)","Only the local-dev profile exists; no SaaS, Private Cloud or On-Premise profile and no shared conformance fixtures proving identical semantics for this chapter","Cross-volume: V0 C-042 (deployment semantic parity); V3 Ch 39–43; V4 Ch 14.; Vol 6 App N anchors: C-004, C-005, C-007, C-024, C-030; V4:43, V4:49, V4:51, V4:54, V4:60; V5:30, V5:31, V5:36, V5:59, V5:60, V5:62",v06.txt:page 10:L327,main
IA-42-005,V6,42 Agent Execution Sandbox Infrastructure,98,"When sandbox escape, policy bypass, untrusted content execution, secret exposure, or cleanup failure is suspected, the platform SHALL terminate and quarantine the environment, revoke grants, preserve forensic state, assess reachable effects, and block the package; it SHALL NOT infer healthy, complete, current, authorized, or recovered state.",V06-F008,agents,partial,unverified,branch-only,phase6,P7-A,migrations/0048_phase6_review_corrections.sql (revocation epoch),"No termination/quarantine of environments, forensic preservation, reachable-effect assessment or package blocking","Vol 6 App N anchors: C-004, C-005, C-007, C-024, C-030; V4:43, V4:49, V4:51, V4:54, V4:60; V5:30, V5:31, V5:36, V5:59, V5:60, V5:62 | UNRESOLVED pointer(s) at 2e83945: agents.service.ts (budget hit stops the run and escalates) | passed:harness lacked a resolved test/CI pointer → unverified",v06.txt:page 97:L5696,branch
IA-42-006,V6,42 Agent Execution Sandbox Infrastructure,98,"Production admission and continued operation SHALL require escape and injection testing, capability denial, secret and network isolation, resource exhaustion, cleanup, and forensic reconstruction, bound to the exact artifacts, configuration, topology, customer scope, deployment profile, and period under review.",V06-F008,agents,missing,unverified,none,phase7,P7-A,,"No production admission gate binds escape and injection testing, capability denial, secret and network isolation, resource exhaustion, cleanup, and forensic reconstruction to exact artifacts, configuration, topology, customer scope, profile and period; CI binds gate evidence to a commit SHA and run","Vol 6 App N anchors: C-004, C-005, C-007, C-024, C-030; V4:43, V4:49, V4:51, V4:54, V4:60; V5:30, V5:31, V5:36, V5:59, V5:60, V5:62",v06.txt:page 11:L355,
IA-43-001,V6,43 Model Gateway and Inference Fabric,99,"The infrastructure realization of Model Gateway and Inference Fabric SHALL mediate model requests across local and external providers with policy, routing, context controls, structured contracts, budgets, and traceability.",V06-F009,intelligence,partial,passed:harness,merged,phase2,P2,"apps/api/src/intelligence/gateway/model-gateway.service.ts (modes replay | local-live Ollama/llama.cpp, pinned model digest/prompt version, no hosted provider); test/int/phase2-acceptance.test.ts","The gateway mediates two local modes with pinned method identity and per-call records; no external providers, routing, context controls, budgets or structured-output contracts beyond extraction","Register §6: Model Gateway narrative partial (no gateway call for decision narratives).; Vol 6 App N anchors: C-004, C-005, C-007, C-024, C-035; V4:15, V4:20, V4:43, V4:52, V4:58, V4:60; V5:10, V5:15, V5:16, V5:17, V5:20, V5:21, V5:22",v06.txt:page 46:L2520,main+test
IA-43-002,V6,43 Model Gateway and Inference Fabric,99,"Every production instance SHALL declare and continuously reconcile inference request, task contract, model resolution, provider route, context manifest, budget, response, evaluation, and receipt through versioned desired state, observed state, ownership, and audit evidence.",V06-F009,intelligence,missing,unverified,none,omission,P2,,"No versioned desired-state/observed-state reconciliation for: inference request, task contract, model resolution, provider route, context manifest, budget, response, evaluation, and receipt. Add an infrastructure manifest (Vol 6 App H), an observed-state inventory and audit evidence of reconciliatio","Vol 6 App N anchors: C-004, C-005, C-007, C-024, C-035; V4:15, V4:20, V4:43, V4:52, V4:58, V4:60; V5:10, V5:15, V5:16, V5:17, V5:20, V5:21, V5:22",v06.txt:page 10:L305,
IA-43-003,V6,43 Model Gateway and Inference Fabric,99,"The implementation SHALL enforce this boundary: the gateway may select approved equivalents but cannot change task meaning, authority, evidence obligations, or consequence controls.",V06-F009,intelligence,implemented,passed:harness,merged,phase2,P2,"apps/api/src/intelligence/gateway/model-gateway.service.ts (modes replay | local-live Ollama/llama.cpp, pinned model digest/prompt version, no hosted provider); test/int/phase2-acceptance.test.ts (replay bound to the exact request digest; method pins)",Re-verify when routing or fallback is added,"Vol 6 App N anchors: C-004, C-005, C-007, C-024, C-035; V4:15, V4:20, V4:43, V4:52, V4:58, V4:60; V5:10, V5:15, V5:16, V5:17, V5:20, V5:21, V5:22",v06.txt:page 10:L317,main+test
IA-43-004,V6,43 Model Gateway and Inference Fabric,99,"SaaS, Private Cloud, and On-Premise SHALL preserve the same authority, state, isolation, failure, recovery, evidence, replay, and human-decision semantics for Model Gateway and Inference Fabric.",V06-F009,intelligence,missing,unverified,none,omission,P2,"docker-compose.yml (digest-pinned postgres/redis, loopback only, required env, local-dev profile per EXC-P0-004); apps/api/src/policy/pdp.service.ts (environment.deployment hard-coded local-dev)","Only the local-dev profile exists; no SaaS, Private Cloud or On-Premise profile and no shared conformance fixtures proving identical semantics for this chapter","Cross-volume: V0 C-042 (deployment semantic parity); V3 Ch 39–43; V4 Ch 14.; Vol 6 App N anchors: C-004, C-005, C-007, C-024, C-035; V4:15, V4:20, V4:43, V4:52, V4:58, V4:60; V5:10, V5:15, V5:16, V5:17, V5:20, V5:21, V5:22",v06.txt:page 10:L327,main
IA-43-005,V6,43 Model Gateway and Inference Fabric,100,"When provider, route, model fitness, data policy, latency, or budget becomes invalid during execution, the platform SHALL abort, abstain, or use a declared equivalent fallback, preserve the exact resolution path, and never silently downgrade controls; it SHALL NOT infer healthy, complete, current, authorized, or recovered state.",V06-F009,intelligence,partial,unverified,merged,phase2,P2,abstention),No budget/latency/policy invalidation handling and no declared equivalent fallback,"Vol 6 App N anchors: C-004, C-005, C-007, C-024, C-035; V4:15, V4:20, V4:43, V4:52, V4:58, V4:60; V5:10, V5:15, V5:16, V5:17, V5:20, V5:21, V5:22 | UNRESOLVED pointer(s) at 2e83945: model-gateway.service.ts (replay miss -> named failure, never a live fallback | passed:harness lacked a resolved test/CI pointer → unverified",v06.txt:page 99:L5833,
IA-43-006,V6,43 Model Gateway and Inference Fabric,100,"Production admission and continued operation SHALL require provider failover, routing policy, privacy and egress, structuredoutput, budget, revocation, and cross-deployment tests, bound to the exact artifacts, configuration, topology, customer scope, deployment profile, and period under review.",V06-F009,intelligence,missing,unverified,none,omission,P2,,"No production admission gate binds provider failover, routing policy, privacy and egress, structuredoutput, budget, revocation, and cross-deployment tests to exact artifacts, configuration, topology, customer scope, profile and period; CI binds gate evidence to a commit SHA and run attempt only","Vol 6 App N anchors: C-004, C-005, C-007, C-024, C-035; V4:15, V4:20, V4:43, V4:52, V4:58, V4:60; V5:10, V5:15, V5:16, V5:17, V5:20, V5:21, V5:22",v06.txt:page 11:L355,
IA-44-001,V6,44 Retrieval and Context Infrastructure,101,"The infrastructure realization of Retrieval and Context Infrastructure SHALL assemble minimum authorized lexical, vector, graph, temporal, memory, twin, and evidence context through reproducible manifests.",V06-F009,memory-graph,partial,passed:harness,branch-only,phase3,P3,apps/api/src/graph/search/search.service.ts; apps/api/src/intelligence/review; apps/api/src/executive/briefings (compose from governed reads); test/int/phase6-briefings.test.ts,"No context manifests, hybrid retrieval, or minimum-authorized assembly across lexical/vector/graph/memory/twin/evidence sources","Vol 6 App N anchors: C-013, C-016, C-024, C-027, C-029; V4:18, V4:27, V4:28, V4:29, V4:57; V5:19, V5:23, V5:24, V5:25, V5:26, V5:27, V5:28, V5:29 | release_status merged → branch-only from the evidence at 2e83945",v06.txt:page 101:L5969,branch+main+test
IA-44-002,V6,44 Retrieval and Context Infrastructure,101,"Every production instance SHALL declare and continuously reconcile retrieval request, identity, purpose, policy, source revisions, queries, candidates, context manifest, expiry, and invalidation through versioned desired state, observed state, ownership, and audit evidence.",V06-F009,memory-graph,missing,unverified,none,omission,P3,,"No versioned desired-state/observed-state reconciliation for: retrieval request, identity, purpose, policy, source revisions, queries, candidates, context manifest, expiry, and invalidation. Add an infrastructure manifest (Vol 6 App H), an observed-state inventory and audit evidence of reconciliatio","Vol 6 App N anchors: C-013, C-016, C-024, C-027, C-029; V4:18, V4:27, V4:28, V4:29, V4:57; V5:19, V5:23, V5:24, V5:25, V5:26, V5:27, V5:28, V5:29",v06.txt:page 10:L305,
IA-44-003,V6,44 Retrieval and Context Infrastructure,101,"The implementation SHALL enforce this boundary: retrieval infrastructure filters before content exposure and must preserve source-to-context mapping through ranking, compression, and caching.",V06-F009,memory-graph,implemented,passed:harness,merged,phase3,P3,every hit explains why); test/int/domain-isolation.test.ts; test/int/gate22-authority-matrix.test.ts,"Source-to-context mapping under ranking, compression and caching untested (none exist)","Vol 6 App N anchors: C-013, C-016, C-024, C-027, C-029; V4:18, V4:27, V4:28, V4:29, V4:57; V5:19, V5:23, V5:24, V5:25, V5:26, V5:27, V5:28, V5:29 | UNRESOLVED pointer(s) at 2e83945: search.service.ts (filters before exposure; apps/api/migrations/0001…0050 (96 CREATE POLICY row-level security)",v06.txt:page 10:L317,main+test
IA-44-004,V6,44 Retrieval and Context Infrastructure,101,"SaaS, Private Cloud, and On-Premise SHALL preserve the same authority, state, isolation, failure, recovery, evidence, replay, and human-decision semantics for Retrieval and Context Infrastructure.",V06-F009,memory-graph,missing,unverified,none,omission,P3,"docker-compose.yml (digest-pinned postgres/redis, loopback only, required env, local-dev profile per EXC-P0-004); apps/api/src/policy/pdp.service.ts (environment.deployment hard-coded local-dev)","Only the local-dev profile exists; no SaaS, Private Cloud or On-Premise profile and no shared conformance fixtures proving identical semantics for this chapter","Cross-volume: V0 C-042 (deployment semantic parity); V3 Ch 39–43; V4 Ch 14.; Vol 6 App N anchors: C-013, C-016, C-024, C-027, C-029; V4:18, V4:27, V4:28, V4:29, V4:57; V5:19, V5:23, V5:24, V5:25, V5:26, V5:27, V5:28, V5:29",v06.txt:page 10:L327,main
IA-44-005,V6,44 Retrieval and Context Infrastructure,102,"When authorization, source freshness, index quality, context budget, or evidence binding becomes indeterminate, the platform SHALL exclude the affected material, mark context incomplete, abstain where necessary, and trigger refresh or correction workflows; it SHALL NOT infer healthy, complete, current, authorized, or recovered state.",V06-F009,memory-graph,partial,passed:harness,branch-only,phase6,P3,stop condition on_degraded); test/int/phase6-briefings.test.ts,No context-budget or freshness-driven exclusion with refresh/correction workflows,"Vol 6 App N anchors: C-013, C-016, C-024, C-027, C-029; V4:18, V4:27, V4:28, V4:29, V4:57; V5:19, V5:23, V5:24, V5:25, V5:26, V5:27, V5:28, V5:29 | UNRESOLVED pointer(s) at 2e83945: executive briefings (degraded/unavailable inputs labelled",v06.txt:page 101:L5964,branch+test
IA-44-006,V6,44 Retrieval and Context Infrastructure,102,"Production admission and continued operation SHALL require authorization leakage, hybrid recall, temporal pinning, compression mapping, invalidation, citation, and replay tests, bound to the exact artifacts, configuration, topology, customer scope, deployment profile, and period under review.",V06-F009,memory-graph,missing,unverified,none,omission,P3,,"No production admission gate binds authorization leakage, hybrid recall, temporal pinning, compression mapping, invalidation, citation, and replay tests to exact artifacts, configuration, topology, customer scope, profile and period; CI binds gate evidence to a commit SHA and run attempt only","Vol 6 App N anchors: C-013, C-016, C-024, C-027, C-029; V4:18, V4:27, V4:28, V4:29, V4:57; V5:19, V5:23, V5:24, V5:25, V5:26, V5:27, V5:28, V5:29",v06.txt:page 11:L355,
IA-45-001,V6,45 Data and AI Pipeline Runtime,103,"The infrastructure realization of Data and AI Pipeline Runtime SHALL execute ingestion, transformation, feature, evaluation, training, indexing, model, graph, and analytics pipelines as governed releases.",V06-F009,data-platform,partial,passed:harness,merged,phase2,P7-B,apps/api/src/intelligence/extraction/orchestrator.service.ts (extraction pipeline with method pins and claim lineage); apps/api/src/pipeline (governed write); test/int/phase2-acceptance.test.ts,Only the extraction pipeline exists; no ingestion/feature/evaluation/training/indexing pipelines executed as governed releases,"Master build prompt Phase 7: governed release pipeline for prompts, models and thresholds.; Vol 6 App N anchors: C-008, C-011, C-024, C-033, C-044; V4:28, V4:30, V4:41, V4:57, V4:68, V4:70; V5:15, V5:20, V5:66, V5:68, V5:69, V5:70",v06.txt:page 103:L6102,main+test
IA-45-002,V6,45 Data and AI Pipeline Runtime,103,"Every production instance SHALL declare and continuously reconcile pipeline definition, input revisions, code and environment digest, run, checkpoints, outputs, quality gates, lineage, and promotion through versioned desired state, observed state, ownership, and audit evidence.",V06-F009,data-platform,missing,unverified,none,phase7,P7-B,,"No versioned desired-state/observed-state reconciliation for: pipeline definition, input revisions, code and environment digest, run, checkpoints, outputs, quality gates, lineage, and promotion. Add an infrastructure manifest (Vol 6 App H), an observed-state inventory and audit evidence of reconcili","Vol 6 App N anchors: C-008, C-011, C-024, C-033, C-044; V4:28, V4:30, V4:41, V4:57, V4:68, V4:70; V5:15, V5:20, V5:66, V5:68, V5:69, V5:70",v06.txt:page 10:L305,
IA-45-003,V6,45 Data and AI Pipeline Runtime,103,The implementation SHALL enforce this boundary: pipelines may produce candidates and projections; canonical admission and model fitness remain separate owned decisions.,V06-F009,data-platform,implemented,passed:harness,merged,phase2,P7-B,extraction produces candidate claims; apps/api/src/intelligence/review (admission); test/int/phase2-acceptance.test.ts,Model-fitness decision path absent (no evaluation pipeline),"Vol 6 App N anchors: C-008, C-011, C-024, C-033, C-044; V4:28, V4:30, V4:41, V4:57, V4:68, V4:70; V5:15, V5:20, V5:66, V5:68, V5:69, V5:70",v06.txt:page 10:L317,main+test
IA-45-004,V6,45 Data and AI Pipeline Runtime,103,"SaaS, Private Cloud, and On-Premise SHALL preserve the same authority, state, isolation, failure, recovery, evidence, replay, and human-decision semantics for Data and AI Pipeline Runtime.",V06-F009,data-platform,missing,unverified,none,omission,P7-B,"docker-compose.yml (digest-pinned postgres/redis, loopback only, required env, local-dev profile per EXC-P0-004); apps/api/src/policy/pdp.service.ts (environment.deployment hard-coded local-dev)","Only the local-dev profile exists; no SaaS, Private Cloud or On-Premise profile and no shared conformance fixtures proving identical semantics for this chapter","Cross-volume: V0 C-042 (deployment semantic parity); V3 Ch 39–43; V4 Ch 14.; Vol 6 App N anchors: C-008, C-011, C-024, C-033, C-044; V4:28, V4:30, V4:41, V4:57, V4:68, V4:70; V5:15, V5:20, V5:66, V5:68, V5:69, V5:70",v06.txt:page 10:L327,main
IA-45-005,V6,45 Data and AI Pipeline Runtime,104,"When input drift, code mismatch, quality failure, nondeterminism, lineage gap, or partial publish occurs, the platform SHALL stop promotion, quarantine outputs, preserve run state, reconcile partial effects, and rerun from a known boundary; it SHALL NOT infer healthy, complete, current, authorized, or recovered state.",V06-F009,data-platform,partial,unverified,merged,phase2,P7-B,apps/api/src/intelligence/review/review.service.ts,"No drift/quality gates, output quarantine or rerun-from-boundary","Vol 6 App N anchors: C-008, C-011, C-024, C-033, C-044; V4:28, V4:30, V4:41, V4:57, V4:68, V4:70; V5:15, V5:20, V5:66, V5:68, V5:69, V5:70 | UNRESOLVED pointer(s) at 2e83945: model-gateway.service.ts (replay miss fails) | passed:harness lacked a resolved test/CI pointer → unverified",v06.txt:page 103:L6097,main
IA-45-006,V6,45 Data and AI Pipeline Runtime,104,"Production admission and continued operation SHALL require reproducibility, data and code lineage, partial-publish recovery, quality gate, rollback, and deployment-parity tests, bound to the exact artifacts, configuration, topology, customer scope, deployment profile, and period under review.",V06-F009,data-platform,missing,unverified,none,phase7,P7-B,,"No production admission gate binds reproducibility, data and code lineage, partial-publish recovery, quality gate, rollback, and deployment-parity tests to exact artifacts, configuration, topology, customer scope, profile and period; CI binds gate evidence to a commit SHA and run attempt only","Vol 6 App N anchors: C-008, C-011, C-024, C-033, C-044; V4:28, V4:30, V4:41, V4:57, V4:68, V4:70; V5:15, V5:20, V5:66, V5:68, V5:69, V5:70",v06.txt:page 11:L355,
IA-46-001,V6,46 Executive Experience and Collaboration Infrastructure,105,"The infrastructure realization of Executive Experience and Collaboration Infrastructure SHALL deliver executive operating surfaces, briefings, alerts, approvals, collaborative review, and decision records with high availability and explicit trust state.",V06-F009,executive-os,partial,passed:browser,branch-only,phase6,P6,"apps/web/app/decisions, apps/web/app/admin; apps/api/src/executive (rooms, briefings; migrations/0044_executive_rooms_and_briefings.sql); e2e/phase6-decisions.demo.spec.ts; .github/workflows/ci.yml: browser-regression","Single-instance Next.js and API; no high availability, notification/alert channel or collaboration infrastructure","Vol 6 App N anchors: C-004, C-005, C-024, C-032, C-035; V4:15, V4:18, V4:21, V4:42, V4:46, V4:58; V5:9, V5:37, V5:56, V5:57, V5:64",v06.txt:page 105:L6232,branch+main+test
IA-46-002,V6,46 Executive Experience and Collaboration Infrastructure,105,"Every production instance SHALL declare and continuously reconcile session, workspace, briefing package, subscription, notification, collaboration channel, approval, and decision-state projection through versioned desired state, observed state, ownership, and audit evidence.",V06-F009,executive-os,missing,unverified,none,omission,P6,,"No versioned desired-state/observed-state reconciliation for: session, workspace, briefing package, subscription, notification, collaboration channel, approval, and decision-state projection. Add an infrastructure manifest (Vol 6 App H), an observed-state inventory and audit evidence of reconciliati","Vol 6 App N anchors: C-004, C-005, C-024, C-032, C-035; V4:15, V4:18, V4:21, V4:42, V4:46, V4:58; V5:9, V5:37, V5:56, V5:57, V5:64",v06.txt:page 10:L305,
IA-46-003,V6,46 Executive Experience and Collaboration Infrastructure,105,"The implementation SHALL enforce this boundary: experience infrastructure may compose products but cannot hide provenance, uncertainty, staleness, dissent, policy, or human authority.",V06-F009,executive-os,implemented,unverified,branch-only,phase6,P6,briefings cite items,None for the current surfaces,"Vol 6 App N anchors: C-004, C-005, C-024, C-032, C-035; V4:15, V4:18, V4:21, V4:42, V4:46, V4:58; V5:9, V5:37, V5:56, V5:57, V5:64 | UNRESOLVED pointer(s) at 2e83945: Phase 4/5/6 surfaces label degraded, stale and synthetic state (e2e/phase4-prediction.demo.spec.ts, e2e/phase6-decisions.demo.spec.ts) | passed:browser lacked a resolved test/CI pointer → unverified",v06.txt:page 10:L317,
IA-46-004,V6,46 Executive Experience and Collaboration Infrastructure,106,"SaaS, Private Cloud, and On-Premise SHALL preserve the same authority, state, isolation, failure, recovery, evidence, replay, and human-decision semantics for Executive Experience and Collaboration Infrastructure.",V06-F009,executive-os,missing,unverified,none,omission,P6,"docker-compose.yml (digest-pinned postgres/redis, loopback only, required env, local-dev profile per EXC-P0-004); apps/api/src/policy/pdp.service.ts (environment.deployment hard-coded local-dev)","Only the local-dev profile exists; no SaaS, Private Cloud or On-Premise profile and no shared conformance fixtures proving identical semantics for this chapter","Cross-volume: V0 C-042 (deployment semantic parity); V3 Ch 39–43; V4 Ch 14.; Vol 6 App N anchors: C-004, C-005, C-024, C-032, C-035; V4:15, V4:18, V4:21, V4:42, V4:46, V4:58; V5:9, V5:37, V5:56, V5:57, V5:64",v06.txt:page 10:L327,main
IA-46-005,V6,46 Executive Experience and Collaboration Infrastructure,106,"When a channel, session, notification, projection, or collaboration dependency fails or becomes stale, the platform SHALL preserve decision records, show degraded and last-known state, prevent false acknowledgement, and provide a verified alternate path; it SHALL NOT infer healthy, complete, current, authorized, or recovered state.",V06-F009,executive-os,partial,unverified,merged,phase6,P6,"decision records durable in Postgres (0041–0047); apps/api/src/health/health.controller.ts (/healthz, /readyz classified telemetry-only, degraded state exposed)",No last-known-state rendering on backend loss and no verified alternate path,"Vol 6 App N anchors: C-004, C-005, C-024, C-032, C-035; V4:15, V4:18, V4:21, V4:42, V4:46, V4:58; V5:9, V5:37, V5:56, V5:57, V5:64 | release_status branch-only → merged from the evidence at 2e83945 | passed:harness lacked a resolved test/CI pointer → unverified",v06.txt:page 105:L6227,main
IA-46-006,V6,46 Executive Experience and Collaboration Infrastructure,106,"Production admission and continued operation SHALL require session and projection consistency, notification delivery, accessibility, approval integrity, offline review, and channel failover, bound to the exact artifacts, configuration, topology, customer scope, deployment profile, and period under review.",V06-F009,executive-os,missing,unverified,none,omission,P6,,"No production admission gate binds session and projection consistency, notification delivery, accessibility, approval integrity, offline review, and channel failover to exact artifacts, configuration, topology, customer scope, profile and period; CI binds gate evidence to a commit SHA and run attemp","Vol 6 App N anchors: C-004, C-005, C-024, C-032, C-035; V4:15, V4:18, V4:21, V4:42, V4:46, V4:58; V5:9, V5:37, V5:56, V5:57, V5:64",v06.txt:page 11:L355,
IA-47-001,V6,47 Integration Runtime and Connector Isolation,107,"The infrastructure realization of Integration Runtime and Connector Isolation SHALL execute source and enterprise connectors as isolated, least-privilege, rate-governed, schemaaware, evidence-producing packages.",V06-F009,observation,partial,passed:harness,merged,phase1,P1,"apps/api/src/observation/connectors (rss, rest, upload; http-client egress; content-controls; apps/api/src/observation/agents (agent principal per source contract, code digest); test/int/phase1-acceptance.test.ts; test/int/phase1-hostile-input.test.ts",Connectors run in-process with per-source concurrency caps; not isolated packages; no per-connector least privilege or rate governance beyond concurrency,"Vol 6 App N anchors: C-007, C-010, C-018, C-029, C-030; V4:19, V4:23, V4:25, V4:28, V4:49, V4:56; V5:21, V5:36, V5:39, V5:40, V5:60 | UNRESOLVED pointer(s) at 2e83945: xml-worker.js)",v06.txt:page 107:L6363,main+test
IA-47-002,V6,47 Integration Runtime and Connector Isolation,107,"Every production instance SHALL declare and continuously reconcile connector package, source identity, credential, cursor, schema, policy, rate, network path, health, and revocation through versioned desired state, observed state, ownership, and audit evidence.",V06-F009,observation,missing,unverified,none,omission,P1,,"No versioned desired-state/observed-state reconciliation for: connector package, source identity, credential, cursor, schema, policy, rate, network path, health, and revocation. Add an infrastructure manifest (Vol 6 App H), an observed-state inventory and audit evidence of reconciliation","Vol 6 App N anchors: C-007, C-010, C-018, C-029, C-030; V4:19, V4:23, V4:25, V4:28, V4:49, V4:56; V5:21, V5:36, V5:39, V5:40, V5:60",v06.txt:page 10:L305,
IA-47-003,V6,47 Integration Runtime and Connector Isolation,107,"The implementation SHALL enforce this boundary: connectors terminate external protocols and may not create canonical truth, conceal source limitations, or share credentials across tenants.",V06-F009,observation,implemented,unverified,merged,phase1,P1,apps/api/src/observation/acquisition/lifecycle.service.ts (connectors produce evidence; admission is separate); agents bound to one contract; docs/phase1/CREDENTIALS_BUDGET_MATRIX.md,"Credential isolation across tenants relies on process discipline, not runtime isolation","Vol 6 App N anchors: C-007, C-010, C-018, C-029, C-030; V4:19, V4:23, V4:25, V4:28, V4:49, V4:56; V5:21, V5:36, V5:39, V5:40, V5:60 | passed:harness lacked a resolved test/CI pointer → unverified",v06.txt:page 10:L317,main
IA-47-004,V6,47 Integration Runtime and Connector Isolation,107,"SaaS, Private Cloud, and On-Premise SHALL preserve the same authority, state, isolation, failure, recovery, evidence, replay, and human-decision semantics for Integration Runtime and Connector Isolation.",V06-F009,observation,missing,unverified,none,omission,P1,"docker-compose.yml (digest-pinned postgres/redis, loopback only, required env, local-dev profile per EXC-P0-004); apps/api/src/policy/pdp.service.ts (environment.deployment hard-coded local-dev)","Only the local-dev profile exists; no SaaS, Private Cloud or On-Premise profile and no shared conformance fixtures proving identical semantics for this chapter","Cross-volume: V0 C-042 (deployment semantic parity); V3 Ch 39–43; V4 Ch 14.; Vol 6 App N anchors: C-007, C-010, C-018, C-029, C-030; V4:19, V4:23, V4:25, V4:28, V4:49, V4:56; V5:21, V5:36, V5:39, V5:40, V5:60",v06.txt:page 10:L327,main
IA-47-005,V6,47 Integration Runtime and Connector Isolation,108,"When credential, schema, source behavior, package integrity, cursor, or content safety becomes invalid, the platform SHALL suspend the connector, quarantine content, preserve custody and cursor evidence, rotate authority, and require requalification; it SHALL NOT infer healthy, complete, current, authorized, or recovered state.",V06-F009,observation,partial,unverified,none,phase1,P1,,No credential rotation or requalification workflow,"Vol 6 App N anchors: C-007, C-010, C-018, C-029, C-030; V4:19, V4:23, V4:25, V4:28, V4:49, V4:56; V5:21, V5:36, V5:39, V5:40, V5:60 | UNRESOLVED pointer(s) at 2e83945: lifecycle suspends on failure preserving custody and cursor (test/int/phase1-fault-injection.test.ts); agent revocation (observation/agents) | release_status merged → none from the evidence at 2e83945 | passed:harness lacked a resolved test/CI pointer → unverified",v06.txt:page 107:L6358,
IA-47-006,V6,47 Integration Runtime and Connector Isolation,108,"Production admission and continued operation SHALL require connector contract, credential rotation, schema drift, rate limit, malicious content, cursor recovery, and tenant isolation tests, bound to the exact artifacts, configuration, topology, customer scope, deployment profile, and period under review.",V06-F009,observation,missing,unverified,none,omission,P1,,"No production admission gate binds connector contract, credential rotation, schema drift, rate limit, malicious content, cursor recovery, and tenant isolation tests to exact artifacts, configuration, topology, customer scope, profile and period; CI binds gate evidence to a commit SHA and run attempt","Vol 6 App N anchors: C-007, C-010, C-018, C-029, C-030; V4:19, V4:23, V4:25, V4:28, V4:49, V4:56; V5:21, V5:36, V5:39, V5:40, V5:60",v06.txt:page 11:L355,
IA-48-001,V6,"48 Platform APIs, Events, and Contract Enforcement",109,"The infrastructure realization of Platform APIs, Events, and Contract Enforcement SHALL enforce canonical envelopes, schemas, versions, errors, idempotency, ordering, and policy at every infrastructure-mediated contract boundary.",V06-F009,infrastructure,partial,passed:harness,merged,phase0,P7-D,"packages/contracts (canonical envelope, header, error catalog, versions); apps/api/src/pipeline/http.ts; test/int/adversarial.test.ts; test/gate/receipt-contract.test.ts",Enforced at the API boundary; ordering and consumer compatibility at the messaging layer are not enforced (no schema registry),"Vol 6 App N anchors: C-003, C-011, C-035, C-037, C-043; V4:15, V4:19, V4:20, V4:21, V4:22, V4:23; V5:7, V5:9, V5:20, V5:31, V5:35",v06.txt:page 109:L6495,main+test
IA-48-002,V6,"48 Platform APIs, Events, and Contract Enforcement",109,"Every production instance SHALL declare and continuously reconcile contract identity, schema, compatibility range, endpoint or topic, policy, conformance fixtures, consumer set, and retirement state through versioned desired state, observed state, ownership, and audit evidence.",V06-F009,infrastructure,missing,unverified,none,omission,P7-D,,"No versioned desired-state/observed-state reconciliation for: contract identity, schema, compatibility range, endpoint or topic, policy, conformance fixtures, consumer set, and retirement state. Add an infrastructure manifest (Vol 6 App H), an observed-state inventory and audit evidence of reconcili","Vol 6 App N anchors: C-003, C-011, C-035, C-037, C-043; V4:15, V4:19, V4:20, V4:21, V4:22, V4:23; V5:7, V5:9, V5:20, V5:31, V5:35",v06.txt:page 10:L305,
IA-48-003,V6,"48 Platform APIs, Events, and Contract Enforcement",109,"The implementation SHALL enforce this boundary: gateways, brokers, runtimes, and SDKs enforce contracts consistently but cannot invent application success or suppress explicit failure states.",V06-F009,infrastructure,implemented,unverified,merged,phase0,P7-D,"pipeline fails closed; apps/api/src/health/health.controller.ts (/healthz, /readyz classified telemetry-only, degraded state exposed)",Extend to brokers and SDKs when introduced,"Vol 6 App N anchors: C-003, C-011, C-035, C-037, C-043; V4:15, V4:19, V4:20, V4:21, V4:22, V4:23; V5:7, V5:9, V5:20, V5:31, V5:35 | passed:harness lacked a resolved test/CI pointer → unverified",v06.txt:page 10:L317,main
IA-48-004,V6,"48 Platform APIs, Events, and Contract Enforcement",109,"SaaS, Private Cloud, and On-Premise SHALL preserve the same authority, state, isolation, failure, recovery, evidence, replay, and human-decision semantics for Platform APIs, Events, and Contract Enforcement.",V06-F009,infrastructure,missing,unverified,none,omission,P7-D,"docker-compose.yml (digest-pinned postgres/redis, loopback only, required env, local-dev profile per EXC-P0-004); apps/api/src/policy/pdp.service.ts (environment.deployment hard-coded local-dev)","Only the local-dev profile exists; no SaaS, Private Cloud or On-Premise profile and no shared conformance fixtures proving identical semantics for this chapter","Cross-volume: V0 C-042 (deployment semantic parity); V3 Ch 39–43; V4 Ch 14.; Vol 6 App N anchors: C-003, C-011, C-035, C-037, C-043; V4:15, V4:19, V4:20, V4:21, V4:22, V4:23; V5:7, V5:9, V5:20, V5:31, V5:35",v06.txt:page 10:L327,main
IA-48-005,V6,"48 Platform APIs, Events, and Contract Enforcement",110,"When schema, version, policy, ordering, or consumer compatibility is violated, the platform SHALL reject or quarantine the exchange, preserve causation and payload evidence, and require compatible replay or migration; it SHALL NOT infer healthy, complete, current, authorized, or recovered state.",V06-F009,infrastructure,partial,unverified,merged,phase0,P7-D,envelope validation rejects with the error catalog,No compatible replay or migration path for rejected exchanges,"Vol 6 App N anchors: C-003, C-011, C-035, C-037, C-043; V4:15, V4:19, V4:20, V4:21, V4:22, V4:23; V5:7, V5:9, V5:20, V5:31, V5:35 | UNRESOLVED pointer(s) at 2e83945: audit intake preserves rejected-request evidence (audit.service.ts) | passed:harness lacked a resolved test/CI pointer → unverified",v06.txt:page 109:L6490,
IA-48-006,V6,"48 Platform APIs, Events, and Contract Enforcement",110,"Production admission and continued operation SHALL require producer-consumer fixtures, compatibility matrix, negative schema tests, retry and ordering exercises, and retirement proofs, bound to the exact artifacts, configuration, topology, customer scope, deployment profile, and period under review.",V06-F009,infrastructure,missing,unverified,none,omission,P7-D,,"No production admission gate binds producer-consumer fixtures, compatibility matrix, negative schema tests, retry and ordering exercises, and retirement proofs to exact artifacts, configuration, topology, customer scope, profile and period; CI binds gate evidence to a commit SHA and run attempt only","Vol 6 App N anchors: C-003, C-011, C-035, C-037, C-043; V4:15, V4:19, V4:20, V4:21, V4:22, V4:23; V5:7, V5:9, V5:20, V5:31, V5:35",v06.txt:page 11:L355,
IA-49-001,V6,"49 Identity, Workload Trust, and Privileged Access",112,"The infrastructure realization of Identity, Workload Trust, and Privileged Access SHALL establish human, workload, device, service, support, and automation identities with strong authentication, short-lived authority, and accountable privilege.",V06-F010,identity-policy,partial,passed:harness,merged,phase0,P7-D,"apps/api/src/identity/identity.service.ts (HS256 JWT with kid, 15-min access, refresh rotation, assurance password|break_glass|bootstrap_rotation); migrations/0002_identity_tenancy.sql; migrations/0017_identity_mutator_governance.sql; test/int/gate22-identity-mutators.test.ts","Human identity is local password + HS256 JWT; no SSO/OIDC, MFA, device or workload identities, no privileged-access broker","Master build prompt: ""JWT + RBAC + tenant scoping, with an upgrade path to SSO/OIDC""; SSO/MFA never scheduled.; Vol 6 App N anchors: C-004, C-006, C-007, C-020, C-028; V4:25, V4:49, V4:50, V4:55, V4:60; V5:3, V5:36, V5:37, V5:59, V5:65",v06.txt:page 112:L6634,main+test
IA-49-002,V6,"49 Identity, Workload Trust, and Privileged Access",112,"Every production instance SHALL declare and continuously reconcile principal identity, trust domain, credential, authentication context, role, delegation, privilege session, approval, and revocation through versioned desired state, observed state, ownership, and audit evidence.",V06-F010,identity-policy,missing,unverified,none,omission,P7-D,,"No versioned desired-state/observed-state reconciliation for: principal identity, trust domain, credential, authentication context, role, delegation, privilege session, approval, and revocation. Add an infrastructure manifest (Vol 6 App H), an observed-state inventory and audit evidence of reconcili","Vol 6 App N anchors: C-004, C-006, C-007, C-020, C-028; V4:25, V4:49, V4:50, V4:55, V4:60; V5:3, V5:36, V5:37, V5:59, V5:65",v06.txt:page 10:L305,
IA-49-003,V6,"49 Identity, Workload Trust, and Privileged Access",112,"The implementation SHALL enforce this boundary: identity proves who or what acts; authorization still evaluates tenant, purpose, object, policy, consequence, and current risk.",V06-F010,identity-policy,implemented,passed:harness,merged,phase0,P7-D,"apps/api/src/policy/pdp.service.ts (default deny, INDETERMINATE->deny, obligations, consequence class) (authorization evaluates tenant, purpose, object, consequence after authentication); test/int/gate22-authority-matrix.test.ts",Add current-risk signals when available,"Vol 6 App N anchors: C-004, C-006, C-007, C-020, C-028; V4:25, V4:49, V4:50, V4:55, V4:60; V5:3, V5:36, V5:37, V5:59, V5:65",v06.txt:page 10:L317,main+test
IA-49-004,V6,"49 Identity, Workload Trust, and Privileged Access",112,"SaaS, Private Cloud, and On-Premise SHALL preserve the same authority, state, isolation, failure, recovery, evidence, replay, and human-decision semantics for Identity, Workload Trust, and Privileged Access.",V06-F010,identity-policy,missing,unverified,none,omission,P7-D,"docker-compose.yml (digest-pinned postgres/redis, loopback only, required env, local-dev profile per EXC-P0-004); apps/api/src/policy/pdp.service.ts (environment.deployment hard-coded local-dev)","Only the local-dev profile exists; no SaaS, Private Cloud or On-Premise profile and no shared conformance fixtures proving identical semantics for this chapter","Cross-volume: V0 C-042 (deployment semantic parity); V3 Ch 39–43; V4 Ch 14.; Vol 6 App N anchors: C-004, C-006, C-007, C-020, C-028; V4:25, V4:49, V4:50, V4:55, V4:60; V5:3, V5:36, V5:37, V5:59, V5:65",v06.txt:page 10:L327,main
IA-49-005,V6,"49 Identity, Workload Trust, and Privileged Access",113,"When identity assurance, issuer trust, session context, delegation, or privileged activity becomes suspect, the platform SHALL deny or terminate access, revoke credentials, contain reachable systems, preserve session evidence, and initiate identity recovery; it SHALL NOT infer healthy, complete, current, authorized, or recovered state.",V06-F010,identity-policy,partial,passed:harness,branch-only,phase0,P7-D,migrations/0017_identity_mutator_governance.sql; revocable sessions; migrations/0048 (revocation epoch); test/int/gate22-identity-mutators.test.ts,"No issuer-trust or assurance-level evaluation, containment or identity-recovery workflow","Vol 6 App N anchors: C-004, C-006, C-007, C-020, C-028; V4:25, V4:49, V4:50, V4:55, V4:60; V5:3, V5:36, V5:37, V5:59, V5:65 | release_status merged → branch-only from the evidence at 2e83945",v06.txt:page 112:L6629,branch+main+test
IA-49-006,V6,"49 Identity, Workload Trust, and Privileged Access",113,"Production admission and continued operation SHALL require authentication and federation tests, workload attestation, privilege escalation denial, session recording, rotation, and revocation, bound to the exact artifacts, configuration, topology, customer scope, deployment profile, and period under review.",V06-F010,identity-policy,missing,unverified,none,omission,P7-D,,"No production admission gate binds authentication and federation tests, workload attestation, privilege escalation denial, session recording, rotation, and revocation to exact artifacts, configuration, topology, customer scope, profile and period; CI binds gate evidence to a commit SHA and run attem","Vol 6 App N anchors: C-004, C-006, C-007, C-020, C-028; V4:25, V4:49, V4:50, V4:55, V4:60; V5:3, V5:36, V5:37, V5:59, V5:65",v06.txt:page 11:L355,
IA-50-001,V6,50 Policy Enforcement Infrastructure,114,"The infrastructure realization of Policy Enforcement Infrastructure SHALL evaluate authorization, classification, purpose, retention, residency, egress, model, tool, and consequence policies at material runtime boundaries.",V06-F010,identity-policy,partial,passed:harness,merged,phase0,P7-D,"apps/api/src/policy/pdp.service.ts (default deny, INDETERMINATE->deny, obligations, consequence class); apps/api/src/pipeline/pipeline.service.ts (PEP); test/int/gate22-authority-matrix.test.ts; test/int/adversarial.test.ts","PDP evaluates authorization, purpose and consequence at the API boundary; no classification, retention, residency, egress, model or tool policies; the bundle is code, not a signed distributed bundle","Vol 6 App N anchors: C-004, C-007, C-020, C-024, C-030; V4:13, V4:29, V4:49, V4:50, V4:60; V5:11, V5:12, V5:21, V5:36, V5:59, V5:65",v06.txt:page 114:L6764,main+test
IA-50-002,V6,50 Policy Enforcement Infrastructure,114,"Every production instance SHALL declare and continuously reconcile policy bundle, decision point, enforcement point, input attributes, decision, obligations, version, cache, and evidence through versioned desired state, observed state, ownership, and audit evidence.",V06-F010,identity-policy,missing,unverified,none,omission,P7-D,,"No versioned desired-state/observed-state reconciliation for: policy bundle, decision point, enforcement point, input attributes, decision, obligations, version, cache, and evidence. Add an infrastructure manifest (Vol 6 App H), an observed-state inventory and audit evidence of reconciliation","Vol 6 App N anchors: C-004, C-007, C-020, C-024, C-030; V4:13, V4:29, V4:49, V4:50, V4:60; V5:11, V5:12, V5:21, V5:36, V5:59, V5:65",v06.txt:page 10:L305,
IA-50-003,V6,50 Policy Enforcement Infrastructure,114,The implementation SHALL enforce this boundary: policy enforcement remains external to models and agents and must fail according to the protected operation's declared safety posture.,V06-F010,identity-policy,implemented,passed:harness,branch-only,phase0,P7-D,human_gate obligation); test/int/phase6-agents.test.ts,Declared safety posture per protected operation is implicit (deny); make it explicit,"Vol 6 App N anchors: C-004, C-007, C-020, C-024, C-030; V4:13, V4:29, V4:49, V4:50, V4:60; V5:11, V5:12, V5:21, V5:36, V5:59, V5:65 | UNRESOLVED pointer(s) at 2e83945: PDP/PEP external to agents (agents act through capabilities under the same PEP | release_status merged → branch-only from the evidence at 2e83945",v06.txt:page 10:L317,branch+test
IA-50-004,V6,50 Policy Enforcement Infrastructure,114,"SaaS, Private Cloud, and On-Premise SHALL preserve the same authority, state, isolation, failure, recovery, evidence, replay, and human-decision semantics for Policy Enforcement Infrastructure.",V06-F010,identity-policy,missing,unverified,none,omission,P7-D,"docker-compose.yml (digest-pinned postgres/redis, loopback only, required env, local-dev profile per EXC-P0-004); apps/api/src/policy/pdp.service.ts (environment.deployment hard-coded local-dev)","Only the local-dev profile exists; no SaaS, Private Cloud or On-Premise profile and no shared conformance fixtures proving identical semantics for this chapter","Cross-volume: V0 C-042 (deployment semantic parity); V3 Ch 39–43; V4 Ch 14.; Vol 6 App N anchors: C-004, C-007, C-020, C-024, C-030; V4:13, V4:29, V4:49, V4:50, V4:60; V5:11, V5:12, V5:21, V5:36, V5:59, V5:65",v06.txt:page 10:L327,main
IA-50-005,V6,50 Policy Enforcement Infrastructure,115,"When policy is unavailable, stale, conflicting, slow, or cannot evaluate required attributes, the platform SHALL deny protected change and data release, allow only explicitly safe cached decisions, and expose the policy failure; it SHALL NOT infer healthy, complete, current, authorized, or recovered state.",V06-F010,identity-policy,partial,passed:harness,merged,phase0,P7-D,test/int/gate22-authority-matrix.test.ts,No policy availability/staleness detection (an in-process bundle cannot be unavailable) and no safe cached decisions,"Vol 6 App N anchors: C-004, C-007, C-020, C-024, C-030; V4:13, V4:29, V4:49, V4:50, V4:60; V5:11, V5:12, V5:21, V5:36, V5:59, V5:65 | UNRESOLVED pointer(s) at 2e83945: pdp.service.ts (unknown action -> INDETERMINATE -> deny)",v06.txt:page 114:L6759,main+test
IA-50-006,V6,50 Policy Enforcement Infrastructure,115,"Production admission and continued operation SHALL require decision-table coverage, fail-closed tests, bundle rollback, conflict resolution, cache expiry, and cross-plane traces, bound to the exact artifacts, configuration, topology, customer scope, deployment profile, and period under review.",V06-F010,identity-policy,missing,unverified,none,omission,P7-D,,"No production admission gate binds decision-table coverage, fail-closed tests, bundle rollback, conflict resolution, cache expiry, and cross-plane traces to exact artifacts, configuration, topology, customer scope, profile and period; CI binds gate evidence to a commit SHA and run attempt only","Vol 6 App N anchors: C-004, C-007, C-020, C-024, C-030; V4:13, V4:29, V4:49, V4:50, V4:60; V5:11, V5:12, V5:21, V5:36, V5:59, V5:65",v06.txt:page 11:L355,
IA-51-001,V6,"51 Cryptography, Key Management, and Trust Anchors",116,"The infrastructure realization of Cryptography, Key Management, and Trust Anchors SHALL protect data, identity, artifacts, communications, audit, and approvals through governed cryptographic profiles and customer-compatible key authority.",V06-F011,infrastructure,partial,unverified,merged,phase0,P7-D,packages/contracts auditRowHash (audit chain + seals); evidence sha256 digests,"No key management service, HSM, trust anchors or customer-compatible key authority; symmetric JWT secret from the environment; no encryption at rest","Not scheduled in any phase of docs/the-eye-master-build-prompt.md (stack: Docker Compose for local dev, GitHub Actions CI); owner package P7-D.; Vol 6 App N anchors: C-006, C-007, C-030, C-036, C-049; V4:51, V4:53, V4:54, V4:55, V4:62; V5:15, V5:21, V5:60, V5:65, V5:71 | UNRESOLVED pointer(s) at 2e83945: identity.service.ts (HS256 JWT secret with kid rotation, EXC-P0-002)",v06.txt:page 116:L6894,main
IA-51-002,V6,"51 Cryptography, Key Management, and Trust Anchors",116,"Every production instance SHALL declare and continuously reconcile key and certificate identity, algorithm profile, owner, purpose, locality, hardware boundary, rotation, revocation, escrow, and evidence through versioned desired state, observed state, ownership, and audit evidence.",V06-F011,infrastructure,missing,unverified,none,omission,P7-D,,"No versioned desired-state/observed-state reconciliation for: key and certificate identity, algorithm profile, owner, purpose, locality, hardware boundary, rotation, revocation, escrow, and evidence. Add an infrastructure manifest (Vol 6 App H), an observed-state inventory and audit evidence of reco","Vol 6 App N anchors: C-006, C-007, C-030, C-036, C-049; V4:51, V4:53, V4:54, V4:55, V4:62; V5:15, V5:21, V5:60, V5:65, V5:71",v06.txt:page 10:L305,
IA-51-003,V6,"51 Cryptography, Key Management, and Trust Anchors",116,"The implementation SHALL enforce this boundary: keys are separated by tenant, domain, environment, purpose, and consequence where required; no application owns raw long-lived master key material.",V06-F011,infrastructure,missing,unverified,none,omission,P7-D,config eye.identity.jwt_secret (application-held long-lived key),The application owns raw long-lived key material; no per-tenant/domain/purpose key separation,"Vol 6 App N anchors: C-006, C-007, C-030, C-036, C-049; V4:51, V4:53, V4:54, V4:55, V4:62; V5:15, V5:21, V5:60, V5:65, V5:71",v06.txt:page 10:L317,
IA-51-004,V6,"51 Cryptography, Key Management, and Trust Anchors",117,"SaaS, Private Cloud, and On-Premise SHALL preserve the same authority, state, isolation, failure, recovery, evidence, replay, and human-decision semantics for Cryptography, Key Management, and Trust Anchors.",V06-F011,infrastructure,missing,unverified,none,omission,P7-D,"docker-compose.yml (digest-pinned postgres/redis, loopback only, required env, local-dev profile per EXC-P0-004); apps/api/src/policy/pdp.service.ts (environment.deployment hard-coded local-dev)","Only the local-dev profile exists; no SaaS, Private Cloud or On-Premise profile and no shared conformance fixtures proving identical semantics for this chapter","Cross-volume: V0 C-042 (deployment semantic parity); V3 Ch 39–43; V4 Ch 14.; Vol 6 App N anchors: C-006, C-007, C-030, C-036, C-049; V4:51, V4:53, V4:54, V4:55, V4:62; V5:15, V5:21, V5:60, V5:65, V5:71",v06.txt:page 10:L327,main
IA-51-005,V6,"51 Cryptography, Key Management, and Trust Anchors",117,"When key service, trust anchor, algorithm, hardware module, rotation, or revocation state becomes unsafe, the platform SHALL stop affected cryptographic operations, preserve encrypted state, invoke approved continuity keys, and reestablish trust before recovery; it SHALL NOT infer healthy, complete, current, authorized, or recovered state.",V06-F011,infrastructure,missing,unverified,none,omission,P7-D,,No key-service/anchor/rotation/revocation unsafe-state handling or continuity keys,"Vol 6 App N anchors: C-006, C-007, C-030, C-036, C-049; V4:51, V4:53, V4:54, V4:55, V4:62; V5:15, V5:21, V5:60, V5:65, V5:71",v06.txt:page 116:L6889,
IA-51-006,V6,"51 Cryptography, Key Management, and Trust Anchors",117,"Production admission and continued operation SHALL require key-generation ceremonies, isolation, rotation, revocation, backup and recovery, algorithm agility, and customer-key tests, bound to the exact artifacts, configuration, topology, customer scope, deployment profile, and period under review.",V06-F011,infrastructure,missing,unverified,none,omission,P7-D,,"No production admission gate binds key-generation ceremonies, isolation, rotation, revocation, backup and recovery, algorithm agility, and customer-key tests to exact artifacts, configuration, topology, customer scope, profile and period; CI binds gate evidence to a commit SHA and run attempt only","Vol 6 App N anchors: C-006, C-007, C-030, C-036, C-049; V4:51, V4:53, V4:54, V4:55, V4:62; V5:15, V5:21, V5:60, V5:65, V5:71",v06.txt:page 11:L355,
IA-52-001,V6,"52 Secrets, Certificates, and Credential Lifecycle",118,"The infrastructure realization of Secrets, Certificates, and Credential Lifecycle SHALL issue, distribute, use, rotate, revoke, and destroy secrets and certificates without embedding durable authority in code, images, logs, or user content.",V06-F011,infrastructure,partial,passed:ci,merged,phase0,P7-D,"apps/api/src/config/config.ts (environment-only credentials, fail-closed startup, no committed defaults); docker-compose.yml (digest-pinned postgres/redis, loopback only, required env, local-dev profile per EXC-P0-004); .env.example + .gitignore (.env ignored); ci.yml (ephemeral masked run secrets, R7); gitleaks pinned in CI; migrations/0007_bootstrap_rotation.sql; 0016_bootstrap_claim_binding.sql","Secrets are static environment values; no dynamic issuance, distribution, rotation, certificates or destruction; only bootstrap credentials rotate","Vol 6 App N anchors: C-007, C-020, C-030, C-043, C-049; V4:49, V4:51, V4:53, V4:55, V4:60; V5:21, V5:36, V5:60, V5:65, V5:70",v06.txt:page 118:L7027,main+test
IA-52-002,V6,"52 Secrets, Certificates, and Credential Lifecycle",118,"Every production instance SHALL declare and continuously reconcile secret identity, owner, consumer, purpose, scope, issuer, lease, delivery, use evidence, rotation, and revocation through versioned desired state, observed state, ownership, and audit evidence.",V06-F011,infrastructure,missing,unverified,none,omission,P7-D,,"No versioned desired-state/observed-state reconciliation for: secret identity, owner, consumer, purpose, scope, issuer, lease, delivery, use evidence, rotation, and revocation. Add an infrastructure manifest (Vol 6 App H), an observed-state inventory and audit evidence of reconciliation","Vol 6 App N anchors: C-007, C-020, C-030, C-043, C-049; V4:49, V4:51, V4:53, V4:55, V4:60; V5:21, V5:36, V5:60, V5:65, V5:70",v06.txt:page 10:L305,
IA-52-003,V6,"52 Secrets, Certificates, and Credential Lifecycle",118,The implementation SHALL enforce this boundary: secret delivery must bind to attested identity and workload context; shared static credentials require an explicit time-bounded exception.,V06-F011,infrastructure,partial,unverified,merged,phase0,P7-D,scripts/gate/lib/c19-isolation.mjs (deny-by-default environment allowlist for gate children),Shared static credentials are the norm without time-bounded exceptions; identity-bound delivery is absent,"Vol 6 App N anchors: C-007, C-020, C-030, C-043, C-049; V4:49, V4:51, V4:53, V4:55, V4:60; V5:21, V5:36, V5:60, V5:65, V5:70",v06.txt:page 10:L317,main+test
IA-52-004,V6,"52 Secrets, Certificates, and Credential Lifecycle",118,"SaaS, Private Cloud, and On-Premise SHALL preserve the same authority, state, isolation, failure, recovery, evidence, replay, and human-decision semantics for Secrets, Certificates, and Credential Lifecycle.",V06-F011,infrastructure,missing,unverified,none,omission,P7-D,"docker-compose.yml (digest-pinned postgres/redis, loopback only, required env, local-dev profile per EXC-P0-004); apps/api/src/policy/pdp.service.ts (environment.deployment hard-coded local-dev)","Only the local-dev profile exists; no SaaS, Private Cloud or On-Premise profile and no shared conformance fixtures proving identical semantics for this chapter","Cross-volume: V0 C-042 (deployment semantic parity); V3 Ch 39–43; V4 Ch 14.; Vol 6 App N anchors: C-007, C-020, C-030, C-043, C-049; V4:49, V4:51, V4:53, V4:55, V4:60; V5:21, V5:36, V5:60, V5:65, V5:70",v06.txt:page 10:L327,main
IA-52-005,V6,"52 Secrets, Certificates, and Credential Lifecycle",119,"When a secret leaks, expires, cannot rotate, resolves to the wrong workload, or remains after revocation, the platform SHALL revoke and contain immediately, rotate dependent authority, identify all uses and effects, and prove cleanup; it SHALL NOT infer healthy, complete, current, authorized, or recovered state.",V06-F011,infrastructure,partial,passed:harness,merged,phase0,P7-D,"migrations/0007 and 0016 (bootstrap rotation, claim binding); revocable sessions; test/int/gate22-bootstrap.test.ts","No leak response: revoke and rotate dependent authority, identify uses and effects, prove cleanup","Vol 6 App N anchors: C-007, C-020, C-030, C-043, C-049; V4:49, V4:51, V4:53, V4:55, V4:60; V5:21, V5:36, V5:60, V5:65, V5:70",v06.txt:page 118:L7022,main+test
IA-52-006,V6,"52 Secrets, Certificates, and Credential Lifecycle",119,"Production admission and continued operation SHALL require secret scanning, dynamic issuance, rotation under load, revocation propagation, break-glass, and leak-response exercises, bound to the exact artifacts, configuration, topology, customer scope, deployment profile, and period under review.",V06-F011,infrastructure,missing,unverified,none,omission,P7-D,,"No production admission gate binds secret scanning, dynamic issuance, rotation under load, revocation propagation, break-glass, and leak-response exercises to exact artifacts, configuration, topology, customer scope, profile and period; CI binds gate evidence to a commit SHA and run attempt only","Vol 6 App N anchors: C-007, C-020, C-030, C-043, C-049; V4:49, V4:51, V4:53, V4:55, V4:60; V5:21, V5:36, V5:60, V5:65, V5:70",v06.txt:page 11:L355,
IA-53-001,V6,53 Data Protection and Confidential Computing,120,"The infrastructure realization of Data Protection and Confidential Computing SHALL protect strategic data in transit, at rest, in use, in backup, in telemetry, and during external processing according to classification and purpose.",V06-F011,infrastructure,missing,unverified,none,omission,P7-D,config eye.telemetry.redact_fields (log redaction only),"No encryption in transit (plain HTTP on loopback), at rest, in use or in backup; no classification-driven protection","Not scheduled in any phase of docs/the-eye-master-build-prompt.md (stack: Docker Compose for local dev, GitHub Actions CI); owner package P7-D.; Vol 6 App N anchors: C-007, C-018, C-029, C-030, C-036; V4:29, V4:51, V4:53, V4:54, V4:60; V5:21, V5:23, V5:29, V5:61, V5:65, V5:71",v06.txt:page 63:L3570,
IA-53-002,V6,53 Data Protection and Confidential Computing,120,"Every production instance SHALL declare and continuously reconcile protection profile, data class, encryption state, execution trust, privacy transform, locality, exposure path, and attestation through versioned desired state, observed state, ownership, and audit evidence.",V06-F011,infrastructure,missing,unverified,none,omission,P7-D,,"No versioned desired-state/observed-state reconciliation for: protection profile, data class, encryption state, execution trust, privacy transform, locality, exposure path, and attestation. Add an infrastructure manifest (Vol 6 App H), an observed-state inventory and audit evidence of reconciliation","Vol 6 App N anchors: C-007, C-018, C-029, C-030, C-036; V4:29, V4:51, V4:53, V4:54, V4:60; V5:21, V5:23, V5:29, V5:61, V5:65, V5:71",v06.txt:page 10:L305,
IA-53-003,V6,53 Data Protection and Confidential Computing,120,"The implementation SHALL enforce this boundary: confidential processing can reduce infrastructure trust but cannot substitute for authorization, minimization, output control, or human accountability.",V06-F011,infrastructure,missing,unverified,none,omission,P7-D,,No confidential processing exists,"Vol 6 App N anchors: C-007, C-018, C-029, C-030, C-036; V4:29, V4:51, V4:53, V4:54, V4:60; V5:21, V5:23, V5:29, V5:61, V5:65, V5:71",v06.txt:page 10:L317,
IA-53-004,V6,53 Data Protection and Confidential Computing,120,"SaaS, Private Cloud, and On-Premise SHALL preserve the same authority, state, isolation, failure, recovery, evidence, replay, and human-decision semantics for Data Protection and Confidential Computing.",V06-F011,infrastructure,missing,unverified,none,omission,P7-D,"docker-compose.yml (digest-pinned postgres/redis, loopback only, required env, local-dev profile per EXC-P0-004); apps/api/src/policy/pdp.service.ts (environment.deployment hard-coded local-dev)","Only the local-dev profile exists; no SaaS, Private Cloud or On-Premise profile and no shared conformance fixtures proving identical semantics for this chapter","Cross-volume: V0 C-042 (deployment semantic parity); V3 Ch 39–43; V4 Ch 14.; Vol 6 App N anchors: C-007, C-018, C-029, C-030, C-036; V4:29, V4:51, V4:53, V4:54, V4:60; V5:21, V5:23, V5:29, V5:61, V5:65, V5:71",v06.txt:page 10:L327,main
IA-53-005,V6,53 Data Protection and Confidential Computing,121,"When encryption, attestation, privacy transform, memory isolation, or approved execution location cannot be established, the platform SHALL deny protected processing or move to an explicitly approved lower-capability mode without exposing the data; it SHALL NOT infer healthy, complete, current, authorized, or recovered state.",V06-F011,infrastructure,missing,unverified,none,omission,P7-D,,No denial of protected processing when encryption/attestation cannot be established,"Vol 6 App N anchors: C-007, C-018, C-029, C-030, C-036; V4:29, V4:51, V4:53, V4:54, V4:60; V5:21, V5:23, V5:29, V5:61, V5:65, V5:71",v06.txt:page 120:L7152,
IA-53-006,V6,53 Data Protection and Confidential Computing,121,"Production admission and continued operation SHALL require encryption and attestation tests, memory and dump controls, privacy leakage evaluation, locality verification, and recovery, bound to the exact artifacts, configuration, topology, customer scope, deployment profile, and period under review.",V06-F011,infrastructure,missing,unverified,none,omission,P7-D,,"No production admission gate binds encryption and attestation tests, memory and dump controls, privacy leakage evaluation, locality verification, and recovery to exact artifacts, configuration, topology, customer scope, profile and period; CI binds gate evidence to a commit SHA and run attempt only","Vol 6 App N anchors: C-007, C-018, C-029, C-030, C-036; V4:29, V4:51, V4:53, V4:54, V4:60; V5:21, V5:23, V5:29, V5:61, V5:65, V5:71",v06.txt:page 11:L355,
IA-54-001,V6,"54 Tenant, Domain, and Workload Isolation",122,"The infrastructure realization of Tenant, Domain, and Workload Isolation SHALL enforce defense-in-depth isolation across identity, compute, memory, accelerator, network, storage, key, policy, telemetry, backup, and operations.",V06-F010,identity-policy,partial,passed:harness,merged,phase0,P7-D,test/int/domain-isolation.test.ts; test/int/gate22-authority-matrix.test.ts; apps/api/src/shared/db.ts (one pool per authority); migrations/0009_privilege_separation_and_bound_context.sql (eye_recovery never loaded by runtime),"Isolation at identity, policy and storage (RLS + roles); no compute, memory, accelerator, network, key, telemetry, backup or operations isolation","Vol 6 App N anchors: C-006, C-007, C-030, C-034, C-049; V4:8, V4:9, V4:13, V4:50, V4:54, V4:60; V5:12, V5:21, V5:36, V5:59, V5:61 | UNRESOLVED pointer(s) at 2e83945: apps/api/migrations/0001…0050 (96 CREATE POLICY row-level security)",v06.txt:page 35:L1862,main+test
IA-54-002,V6,"54 Tenant, Domain, and Workload Isolation",122,"Every production instance SHALL declare and continuously reconcile isolation profile, enforcement layers, shared resources, residual channels, tests, exception, monitoring, and incident state through versioned desired state, observed state, ownership, and audit evidence.",V06-F010,identity-policy,missing,unverified,none,omission,P7-D,,"No versioned desired-state/observed-state reconciliation for: isolation profile, enforcement layers, shared resources, residual channels, tests, exception, monitoring, and incident state. Add an infrastructure manifest (Vol 6 App H), an observed-state inventory and audit evidence of reconciliation","Vol 6 App N anchors: C-006, C-007, C-030, C-034, C-049; V4:8, V4:9, V4:13, V4:50, V4:54, V4:60; V5:12, V5:21, V5:36, V5:59, V5:61",v06.txt:page 10:L305,
IA-54-003,V6,"54 Tenant, Domain, and Workload Isolation",122,"The implementation SHALL enforce this boundary: no single namespace, network, hypervisor, container, application, or contractual control is sufficient isolation for protected workloads.",V06-F010,identity-policy,partial,unverified,none,phase0,P7-D,,"Only two layers (database, application); no namespace/network/hypervisor/container layers","Vol 6 App N anchors: C-006, C-007, C-030, C-034, C-049; V4:8, V4:9, V4:13, V4:50, V4:54, V4:60; V5:12, V5:21, V5:36, V5:59, V5:61 | UNRESOLVED pointer(s) at 2e83945: RLS + capability binding (migrations/0019_capability_binding_enforcement.sql) + per-authority roles | release_status merged → none from the evidence at 2e83945 | passed:harness lacked a resolved test/CI pointer → unverified",v06.txt:page 10:L317,
IA-54-004,V6,"54 Tenant, Domain, and Workload Isolation",122,"SaaS, Private Cloud, and On-Premise SHALL preserve the same authority, state, isolation, failure, recovery, evidence, replay, and human-decision semantics for Tenant, Domain, and Workload Isolation.",V06-F010,identity-policy,missing,unverified,none,omission,P7-D,"docker-compose.yml (digest-pinned postgres/redis, loopback only, required env, local-dev profile per EXC-P0-004); apps/api/src/policy/pdp.service.ts (environment.deployment hard-coded local-dev)","Only the local-dev profile exists; no SaaS, Private Cloud or On-Premise profile and no shared conformance fixtures proving identical semantics for this chapter","Cross-volume: V0 C-042 (deployment semantic parity); V3 Ch 39–43; V4 Ch 14.; Vol 6 App N anchors: C-006, C-007, C-030, C-034, C-049; V4:8, V4:9, V4:13, V4:50, V4:54, V4:60; V5:12, V5:21, V5:36, V5:59, V5:61",v06.txt:page 10:L327,main
IA-54-005,V6,"54 Tenant, Domain, and Workload Isolation",123,"When any isolation layer fails, a side channel exceeds tolerance, or tenant scope cannot be proven, the platform SHALL fail closed at the nearest enforceable boundary, quarantine shared resources, assess cross-domain exposure, and re-establish proof; it SHALL NOT infer healthy, complete, current, authorized, or recovered state.",V06-F010,identity-policy,partial,passed:harness,merged,phase0,P7-D,test/int/adversarial.test.ts; migrations/0014_evidence_deauthorization.sql,"No shared-resource quarantine, side-channel tolerance or cross-domain exposure assessment","Vol 6 App N anchors: C-006, C-007, C-030, C-034, C-049; V4:8, V4:9, V4:13, V4:50, V4:54, V4:60; V5:12, V5:21, V5:36, V5:59, V5:61",v06.txt:page 122:L7284,main+test
IA-54-006,V6,"54 Tenant, Domain, and Workload Isolation",123,"Production admission and continued operation SHALL require cross-domain negative tests, side-channel assessment, sharedresource failure, backup isolation, operator access, and forensic drills, bound to the exact artifacts, configuration, topology, customer scope, deployment profile, and period under review.",V06-F010,identity-policy,missing,unverified,none,omission,P7-D,,"No production admission gate binds cross-domain negative tests, side-channel assessment, sharedresource failure, backup isolation, operator access, and forensic drills to exact artifacts, configuration, topology, customer scope, profile and period; CI binds gate evidence to a commit SHA and run atte","Vol 6 App N anchors: C-006, C-007, C-030, C-034, C-049; V4:8, V4:9, V4:13, V4:50, V4:54, V4:60; V5:12, V5:21, V5:36, V5:59, V5:61",v06.txt:page 11:L355,
IA-55-001,V6,55 Software Supply Chain and Artifact Integrity,124,"The infrastructure realization of Software Supply Chain and Artifact Integrity SHALL admit only traceable, reproducible, signed, scanned, policy-compliant software, models, firmware, infrastructure modules, and configuration.",V06-F012,infrastructure,partial,passed:ci,merged,phase0,P7-D,".github/workflows/ci.yml: supply-chain (C15 trivy 0.73.0 + gitleaks 8.30.1 pinned by digest, C16 lock closure, C17 CycloneDX SBOM + licence obligations, evidence ZIP); scripts/gate/supply-chain.mjs; scripts/gate/scanner-pins.json; docs/SCANNER_DISPOSITIONS.md; .github/workflows/c19-anchor.yml (Sigstore signing + Rekor publication, id-token only in the publish job); scripts/gate/lib/c19-anchor.mjs (offline verification: pinned Fulcio chain, identity, Rekor inclusion proof); .github/workflows/c19-lifecycle.yml (ubuntu + macos-14); .github/workflows/c17-finalize.yml (macOS-14 arm64 regeneration, byte-for-byte comparison of the nine-artifact set); scripts/gate/c17-cross-host-finalization.mjs","Dependencies, container images and CI evidence are scanned, pinned, SBOM'd and anchored; application artifacts are not built or signed as images; models pinned by digest only in the gateway; no firmware/infrastructure-module coverage; no signature-based runtime admission","C15 currently red on util-linux CVEs with no patched official image (memory: c15-image-pins-2026-09); R0 remediates.; Vol 6 App N anchors: C-003, C-007, C-043, C-048, C-050; V4:53, V4:56, V4:65, V4:66, V4:68, V4:69; V5:15, V5:18, V5:30, V5:62, V5:67, V5:70",v06.txt:page 124:L7421,main+test
IA-55-002,V6,55 Software Supply Chain and Artifact Integrity,124,"Every production instance SHALL declare and continuously reconcile source revision, build, dependency and model bill of materials, provenance, signature, scan, policy, release, and revocation through versioned desired state, observed state, ownership, and audit evidence.",V06-F012,infrastructure,missing,unverified,none,omission,P7-D,,"No versioned desired-state/observed-state reconciliation for: source revision, build, dependency and model bill of materials, provenance, signature, scan, policy, release, and revocation. Add an infrastructure manifest (Vol 6 App H), an observed-state inventory and audit evidence of reconciliation","Vol 6 App N anchors: C-003, C-007, C-043, C-048, C-050; V4:53, V4:56, V4:65, V4:66, V4:68, V4:69; V5:15, V5:18, V5:30, V5:62, V5:67, V5:70",v06.txt:page 10:L305,
IA-55-003,V6,55 Software Supply Chain and Artifact Integrity,124,"The implementation SHALL enforce this boundary: artifact trust closes over source, builder, dependencies, base images, packages, models, firmware, configuration, and deployment identity.",V06-F012,infrastructure,partial,passed:ci,merged,phase0,P7-D,scripts/gate/lib/lock-closure.mjs; scripts/gate/bundled-components.json; scripts/gate/lib/scanner-provenance.mjs; scripts/gate/lib/c19-anchor.mjs,"Trust closes over source, dependencies, base images and the gate toolchain; not over builder, models, firmware, configuration or deployment identity","Vol 6 App N anchors: C-003, C-007, C-043, C-048, C-050; V4:53, V4:56, V4:65, V4:66, V4:68, V4:69; V5:15, V5:18, V5:30, V5:62, V5:67, V5:70",v06.txt:page 10:L317,main+test
IA-55-004,V6,55 Software Supply Chain and Artifact Integrity,124,"SaaS, Private Cloud, and On-Premise SHALL preserve the same authority, state, isolation, failure, recovery, evidence, replay, and human-decision semantics for Software Supply Chain and Artifact Integrity.",V06-F012,infrastructure,missing,unverified,none,omission,P7-D,"docker-compose.yml (digest-pinned postgres/redis, loopback only, required env, local-dev profile per EXC-P0-004); apps/api/src/policy/pdp.service.ts (environment.deployment hard-coded local-dev)","Only the local-dev profile exists; no SaaS, Private Cloud or On-Premise profile and no shared conformance fixtures proving identical semantics for this chapter","Cross-volume: V0 C-042 (deployment semantic parity); V3 Ch 39–43; V4 Ch 14.; Vol 6 App N anchors: C-003, C-007, C-043, C-048, C-050; V4:53, V4:56, V4:65, V4:66, V4:68, V4:69; V5:15, V5:18, V5:30, V5:62, V5:67, V5:70",v06.txt:page 10:L327,main
IA-55-005,V6,55 Software Supply Chain and Artifact Integrity,125,"When provenance is missing, a vulnerability or compromise emerges, a signature fails, or dependencies cannot be resolved, the platform SHALL block promotion, revoke affected artifacts, identify running exposure, execute replacement or rollback, and preserve the investigation chain; it SHALL NOT infer healthy, complete, current, authorized, or recovered state.",V06-F012,infrastructure,partial,passed:ci,merged,phase0,R0,ci.yml supply-chain blocks on findings; scanner-exclusions with expiry; c15-patched-image-recheck.yml; test/gate/c15-runner-behaviour.test.ts,"Blocks promotion; no revocation of affected artifacts, running-exposure identification or replacement/rollback execution","Vol 6 App N anchors: C-003, C-007, C-043, C-048, C-050; V4:53, V4:56, V4:65, V4:66, V4:68, V4:69; V5:15, V5:18, V5:30, V5:62, V5:67, V5:70",v06.txt:page 124:L7416,main+test
IA-55-006,V6,55 Software Supply Chain and Artifact Integrity,125,"Production admission and continued operation SHALL require reproducible-build checks, signature enforcement, dependency substitution, revocation propagation, fleet inventory, and compromise exercises, bound to the exact artifacts, configuration, topology, customer scope, deployment profile, and period under review.",V06-F012,infrastructure,missing,unverified,none,omission,P7-D,,"No production admission gate binds reproducible-build checks, signature enforcement, dependency substitution, revocation propagation, fleet inventory, and compromise exercises to exact artifacts, configuration, topology, customer scope, profile and period; CI binds gate evidence to a commit SHA and","Vol 6 App N anchors: C-003, C-007, C-043, C-048, C-050; V4:53, V4:56, V4:65, V4:66, V4:68, V4:69; V5:15, V5:18, V5:30, V5:62, V5:67, V5:70",v06.txt:page 11:L355,
IA-56-001,V6,"56 Security Monitoring, Detection, and Response",126,"The infrastructure realization of Security Monitoring, Detection, and Response SHALL detect misuse, intrusion, policy violation, data exposure, supply-chain compromise, unsafe agent behavior, and control degradation across all planes.",V06-F012,infrastructure,partial,unverified,merged,phase0,P7-D,"apps/api/src/audit/audit.service.ts intake (rejected-request evidence, restart-durable suppression accounting) and tamper detection (freeze + incident)","No detection platform; no misuse, intrusion, data-exposure, supply-chain-compromise or unsafe-agent-behaviour detection; no response state","Vol 6 App N anchors: C-007, C-030, C-039, C-043, C-049; V4:49, V4:54, V4:55, V4:56, V4:60, V4:63; V5:58, V5:59, V5:60, V5:61, V5:62, V5:65, V5:72 | UNRESOLVED pointer(s) at 2e83945: gitleaks/trivy in CI | passed:harness lacked a resolved test/CI pointer → unverified",v06.txt:page 126:L7557,main
IA-56-002,V6,"56 Security Monitoring, Detection, and Response",126,"Every production instance SHALL declare and continuously reconcile security signal, detector version, identity and asset context, severity, confidence, case, containment, evidence, and closure through versioned desired state, observed state, ownership, and audit evidence.",V06-F012,infrastructure,missing,unverified,none,omission,P7-D,,"No versioned desired-state/observed-state reconciliation for: security signal, detector version, identity and asset context, severity, confidence, case, containment, evidence, and closure. Add an infrastructure manifest (Vol 6 App H), an observed-state inventory and audit evidence of reconciliation","Vol 6 App N anchors: C-007, C-030, C-039, C-043, C-049; V4:49, V4:54, V4:55, V4:56, V4:60, V4:63; V5:58, V5:59, V5:60, V5:61, V5:62, V5:65, V5:72",v06.txt:page 10:L305,
IA-56-003,V6,"56 Security Monitoring, Detection, and Response",126,The implementation SHALL enforce this boundary: security telemetry is access-controlled evidence and must remain separable from product truth and model training unless explicitly governed.,V06-F012,infrastructure,partial,unverified,none,phase0,P7-D,,Security telemetry is not separated as its own governed evidence class,"Vol 6 App N anchors: C-007, C-030, C-039, C-043, C-049; V4:49, V4:54, V4:55, V4:56, V4:60, V4:63; V5:58, V5:59, V5:60, V5:61, V5:62, V5:65, V5:72 | UNRESOLVED pointer(s) at 2e83945: audit schema under RLS with the mask_secret_metadata obligation (pdp.service.ts) | release_status merged → none from the evidence at 2e83945",v06.txt:page 10:L317,
IA-56-004,V6,"56 Security Monitoring, Detection, and Response",126,"SaaS, Private Cloud, and On-Premise SHALL preserve the same authority, state, isolation, failure, recovery, evidence, replay, and human-decision semantics for Security Monitoring, Detection, and Response.",V06-F012,infrastructure,missing,unverified,none,omission,P7-D,"docker-compose.yml (digest-pinned postgres/redis, loopback only, required env, local-dev profile per EXC-P0-004); apps/api/src/policy/pdp.service.ts (environment.deployment hard-coded local-dev)","Only the local-dev profile exists; no SaaS, Private Cloud or On-Premise profile and no shared conformance fixtures proving identical semantics for this chapter","Cross-volume: V0 C-042 (deployment semantic parity); V3 Ch 39–43; V4 Ch 14.; Vol 6 App N anchors: C-007, C-030, C-039, C-043, C-049; V4:49, V4:54, V4:55, V4:56, V4:60, V4:63; V5:58, V5:59, V5:60, V5:61, V5:62, V5:65, V5:72",v06.txt:page 10:L327,main
IA-56-005,V6,"56 Security Monitoring, Detection, and Response",127,"When critical telemetry is lost, a detector becomes untrusted, or an active threat exceeds automated containment authority, the platform SHALL enter the declared security-degraded state, constrain high-risk operations, preserve alternate evidence, and escalate to incident command; it SHALL NOT infer healthy, complete, current, authorized, or recovered state.",V06-F012,infrastructure,missing,unverified,none,omission,P7-D,,"No security-degraded state, high-risk operation constraint or alternate evidence preservation","Vol 6 App N anchors: C-007, C-030, C-039, C-043, C-049; V4:49, V4:54, V4:55, V4:56, V4:60, V4:63; V5:58, V5:59, V5:60, V5:61, V5:62, V5:65, V5:72",v06.txt:page 126:L7552,
IA-56-006,V6,"56 Security Monitoring, Detection, and Response",127,"Production admission and continued operation SHALL require attack simulations, telemetry-loss tests, detector validation, containment exercises, evidence custody, and post-incident verification, bound to the exact artifacts, configuration, topology, customer scope, deployment profile, and period under review.",V06-F012,infrastructure,missing,unverified,none,omission,P7-D,,"No production admission gate binds attack simulations, telemetry-loss tests, detector validation, containment exercises, evidence custody, and post-incident verification to exact artifacts, configuration, topology, customer scope, profile and period; CI binds gate evidence to a commit SHA and run at","Vol 6 App N anchors: C-007, C-030, C-039, C-043, C-049; V4:49, V4:54, V4:55, V4:56, V4:60, V4:63; V5:58, V5:59, V5:60, V5:61, V5:62, V5:65, V5:72",v06.txt:page 11:L355,
IA-57-001,V6,"57 Sovereignty, Residency, and Administrative Control",128,"The infrastructure realization of Sovereignty, Residency, and Administrative Control SHALL bind data, processing, keys, models, telemetry, support, updates, and administrative actions to customer, legal, contractual, and national boundaries.",V06-F012,infrastructure,missing,unverified,none,omission,P7-D,,"No residency, sovereignty, administrator or support-locality binding","Not scheduled in any phase of docs/the-eye-master-build-prompt.md (stack: Docker Compose for local dev, GitHub Actions CI); owner package P7-D.; Vol 6 App N anchors: C-006, C-018, C-029, C-036, C-046; V4:14, V4:29, V4:49, V4:51, V4:54, V4:62; V5:21, V5:60, V5:61, V5:65, V5:71",v06.txt:page 128:L7693,
IA-57-002,V6,"57 Sovereignty, Residency, and Administrative Control",128,"Every production instance SHALL declare and continuously reconcile sovereignty profile, data and processing locality, key authority, administrator jurisdiction, transfer path, exception, and evidence through versioned desired state, observed state, ownership, and audit evidence.",V06-F012,infrastructure,missing,unverified,none,omission,P7-D,,"No versioned desired-state/observed-state reconciliation for: sovereignty profile, data and processing locality, key authority, administrator jurisdiction, transfer path, exception, and evidence. Add an infrastructure manifest (Vol 6 App H), an observed-state inventory and audit evidence of reconcil","Vol 6 App N anchors: C-006, C-018, C-029, C-036, C-046; V4:14, V4:29, V4:49, V4:51, V4:54, V4:62; V5:21, V5:60, V5:61, V5:65, V5:71",v06.txt:page 10:L305,
IA-57-003,V6,"57 Sovereignty, Residency, and Administrative Control",128,"The implementation SHALL enforce this boundary: residency is enforced end to end across primary, replica, cache, backup, log, support, model provider, and recovery paths.",V06-F012,infrastructure,missing,unverified,none,omission,P7-D,,No residency enforcement on any path,"Vol 6 App N anchors: C-006, C-018, C-029, C-036, C-046; V4:14, V4:29, V4:49, V4:51, V4:54, V4:62; V5:21, V5:60, V5:61, V5:65, V5:71",v06.txt:page 10:L317,
IA-57-004,V6,"57 Sovereignty, Residency, and Administrative Control",129,"SaaS, Private Cloud, and On-Premise SHALL preserve the same authority, state, isolation, failure, recovery, evidence, replay, and human-decision semantics for Sovereignty, Residency, and Administrative Control.",V06-F012,infrastructure,missing,unverified,none,omission,P7-D,"docker-compose.yml (digest-pinned postgres/redis, loopback only, required env, local-dev profile per EXC-P0-004); apps/api/src/policy/pdp.service.ts (environment.deployment hard-coded local-dev)","Only the local-dev profile exists; no SaaS, Private Cloud or On-Premise profile and no shared conformance fixtures proving identical semantics for this chapter","Cross-volume: V0 C-042 (deployment semantic parity); V3 Ch 39–43; V4 Ch 14.; Vol 6 App N anchors: C-006, C-018, C-029, C-036, C-046; V4:14, V4:29, V4:49, V4:51, V4:54, V4:62; V5:21, V5:60, V5:61, V5:65, V5:71",v06.txt:page 10:L327,main
IA-57-005,V6,"57 Sovereignty, Residency, and Administrative Control",129,"When placement, support, recovery, update, or provider behavior would cross an unapproved sovereignty boundary, the platform SHALL deny the operation, select an approved local path or explicit reduced capability, and preserve the blocked reason; it SHALL NOT infer healthy, complete, current, authorized, or recovered state.",V06-F012,infrastructure,missing,unverified,none,omission,P7-D,,No sovereignty boundary checks,"Vol 6 App N anchors: C-006, C-018, C-029, C-036, C-046; V4:14, V4:29, V4:49, V4:51, V4:54, V4:62; V5:21, V5:60, V5:61, V5:65, V5:71",v06.txt:page 128:L7688,
IA-57-006,V6,"57 Sovereignty, Residency, and Administrative Control",129,"Production admission and continued operation SHALL require placement and egress proofs, customer-admin tests, supportaccess ceremony, backup locality, provider denial, and DR exercises, bound to the exact artifacts, configuration, topology, customer scope, deployment profile, and period under review.",V06-F012,infrastructure,missing,unverified,none,omission,P7-D,,"No production admission gate binds placement and egress proofs, customer-admin tests, supportaccess ceremony, backup locality, provider denial, and DR exercises to exact artifacts, configuration, topology, customer scope, profile and period; CI binds gate evidence to a commit SHA and run attempt onl","Vol 6 App N anchors: C-006, C-018, C-029, C-036, C-046; V4:14, V4:29, V4:49, V4:51, V4:54, V4:62; V5:21, V5:60, V5:61, V5:65, V5:71",v06.txt:page 11:L355,
IA-58-001,V6,58 Observability and Telemetry Architecture,131,"The infrastructure realization of Observability and Telemetry Architecture SHALL produce correlated metrics, logs, traces, events, profiles, audit references, topology, and user-impact state without leaking protected content.",V06-F013,infrastructure,partial,unverified,merged,phase0,P7-D,"apps/api/src/shared/correlation.ts (correlation ids); config eye.telemetry.redact_fields; apps/api/src/health/health.controller.ts (/healthz, /readyz classified telemetry-only, degraded state exposed)","Logs with correlation only; no metrics, traces, profiles, topology or user-impact state and none of the four observability planes","Master build prompt Phase 7: observability across the four planes.; Vol 6 App N anchors: C-016, C-029, C-035, C-039, C-049; V4:28, V4:29, V4:57, V4:58, V4:60, V4:63; V5:29, V5:31, V5:65, V5:68, V5:72 | UNRESOLVED pointer(s) at 2e83945: pino logging (apps/api/package.json)",v06.txt:page 131:L7835,main
IA-58-002,V6,58 Observability and Telemetry Architecture,131,"Every production instance SHALL declare and continuously reconcile telemetry schema, source, identity, tenant and domain scope, correlation, sampling, retention, quality, and consumer through versioned desired state, observed state, ownership, and audit evidence.",V06-F013,infrastructure,missing,unverified,none,phase7,P7-D,,"No versioned desired-state/observed-state reconciliation for: telemetry schema, source, identity, tenant and domain scope, correlation, sampling, retention, quality, and consumer. Add an infrastructure manifest (Vol 6 App H), an observed-state inventory and audit evidence of reconciliation","Vol 6 App N anchors: C-016, C-029, C-035, C-039, C-049; V4:28, V4:29, V4:57, V4:58, V4:60, V4:63; V5:29, V5:31, V5:65, V5:68, V5:72",v06.txt:page 10:L305,
IA-58-003,V6,58 Observability and Telemetry Architecture,131,"The implementation SHALL enforce this boundary: operational telemetry supports diagnosis and assurance but cannot replace canonical evidence, workflow state, or protected audit records.",V06-F013,infrastructure,implemented,unverified,merged,phase0,P7-D,"apps/api/src/health/health.controller.ts (/healthz, /readyz classified telemetry-only, degraded state exposed) (telemetry-only, no protected data); audit ledger separate",None,"Vol 6 App N anchors: C-016, C-029, C-035, C-039, C-049; V4:28, V4:29, V4:57, V4:58, V4:60, V4:63; V5:29, V5:31, V5:65, V5:68, V5:72 | passed:harness lacked a resolved test/CI pointer → unverified",v06.txt:page 10:L317,main
IA-58-004,V6,58 Observability and Telemetry Architecture,131,"SaaS, Private Cloud, and On-Premise SHALL preserve the same authority, state, isolation, failure, recovery, evidence, replay, and human-decision semantics for Observability and Telemetry Architecture.",V06-F013,infrastructure,missing,unverified,none,omission,P7-D,"docker-compose.yml (digest-pinned postgres/redis, loopback only, required env, local-dev profile per EXC-P0-004); apps/api/src/policy/pdp.service.ts (environment.deployment hard-coded local-dev)","Only the local-dev profile exists; no SaaS, Private Cloud or On-Premise profile and no shared conformance fixtures proving identical semantics for this chapter","Cross-volume: V0 C-042 (deployment semantic parity); V3 Ch 39–43; V4 Ch 14.; Vol 6 App N anchors: C-016, C-029, C-035, C-039, C-049; V4:28, V4:29, V4:57, V4:58, V4:60, V4:63; V5:29, V5:31, V5:65, V5:68, V5:72",v06.txt:page 10:L327,main
IA-58-005,V6,58 Observability and Telemetry Architecture,132,"When telemetry gaps, clock errors, sampling bias, correlation loss, or pipeline overload makes service state indeterminate, the platform SHALL surface observability degradation, preserve priority signals locally, constrain risky change, and restore complete causal coverage; it SHALL NOT infer healthy, complete, current, authorized, or recovered state.",V06-F013,infrastructure,partial,passed:harness,merged,phase0,P7-D,apps/api/src/shared/degraded-store.ts; apps/api/src/health/health.controller.ts (/readyz degraded never healthy); apps/api/src/health/degraded-reconciliation.service.ts; migrations/0020_governed_degraded_recovery.sql; test/int/gate22-degraded-recovery.test.ts,"Only audit degradation surfaces; no telemetry-gap, clock, sampling or correlation-loss detection and no change constraint","Vol 6 App N anchors: C-016, C-029, C-035, C-039, C-049; V4:28, V4:29, V4:57, V4:58, V4:60, V4:63; V5:29, V5:31, V5:65, V5:68, V5:72",v06.txt:page 131:L7830,main+test
IA-58-006,V6,58 Observability and Telemetry Architecture,132,"Production admission and continued operation SHALL require end-to-end trace fixtures, telemetry-loss and overload tests, clock correlation, privacy review, and incident reconstruction, bound to the exact artifacts, configuration, topology, customer scope, deployment profile, and period under review.",V06-F013,infrastructure,missing,unverified,none,phase7,P7-D,,"No production admission gate binds end-to-end trace fixtures, telemetry-loss and overload tests, clock correlation, privacy review, and incident reconstruction to exact artifacts, configuration, topology, customer scope, profile and period; CI binds gate evidence to a commit SHA and run attempt only","Vol 6 App N anchors: C-016, C-029, C-035, C-039, C-049; V4:28, V4:29, V4:57, V4:58, V4:60, V4:63; V5:29, V5:31, V5:65, V5:68, V5:72",v06.txt:page 11:L355,
IA-59-001,V6,59 Service-Level Management and Error Budgets,133,"The infrastructure realization of Service-Level Management and Error Budgets SHALL govern availability, latency, freshness, durability, recovery, quality, safety, and human-workflow service objectives by consequence class.",V06-F013,infrastructure,missing,unverified,none,phase7,P7-D,,"No SLIs, SLOs, error budgets or consequence-class objectives (Vol 6 App J)","Phase 7 dashboards are the nearest scheduled item; SLO management itself unscheduled.; Vol 6 App N anchors: C-035, C-038, C-039, C-040, C-041; V4:21, V4:57, V4:58, V4:59, V4:63; V5:63, V5:66, V5:68, V5:72",v06.txt:page 61:L3440,
IA-59-002,V6,59 Service-Level Management and Error Budgets,133,"Every production instance SHALL declare and continuously reconcile service-level indicator, objective, scope, measurement window, exclusions, error budget, burn state, owner, and action policy through versioned desired state, observed state, ownership, and audit evidence.",V06-F013,infrastructure,missing,unverified,none,phase7,P7-D,,"No versioned desired-state/observed-state reconciliation for: service-level indicator, objective, scope, measurement window, exclusions, error budget, burn state, owner, and action policy. Add an infrastructure manifest (Vol 6 App H), an observed-state inventory and audit evidence of reconciliation","Vol 6 App N anchors: C-035, C-038, C-039, C-040, C-041; V4:21, V4:57, V4:58, V4:59, V4:63; V5:63, V5:66, V5:68, V5:72",v06.txt:page 10:L305,
IA-59-003,V6,59 Service-Level Management and Error Budgets,133,"The implementation SHALL enforce this boundary: an SLO is valid only when the measurement covers the user-visible product and explicit partial, stale, denied, and degraded states.",V06-F013,infrastructure,missing,unverified,none,phase7,P7-D,"apps/api/src/health/health.controller.ts (/healthz, /readyz classified telemetry-only, degraded state exposed)",Degraded states are visible but not measured as part of any SLO,"Vol 6 App N anchors: C-035, C-038, C-039, C-040, C-041; V4:21, V4:57, V4:58, V4:59, V4:63; V5:63, V5:66, V5:68, V5:72",v06.txt:page 10:L317,main
IA-59-004,V6,59 Service-Level Management and Error Budgets,133,"SaaS, Private Cloud, and On-Premise SHALL preserve the same authority, state, isolation, failure, recovery, evidence, replay, and human-decision semantics for Service-Level Management and Error Budgets.",V06-F013,infrastructure,missing,unverified,none,omission,P7-D,"docker-compose.yml (digest-pinned postgres/redis, loopback only, required env, local-dev profile per EXC-P0-004); apps/api/src/policy/pdp.service.ts (environment.deployment hard-coded local-dev)","Only the local-dev profile exists; no SaaS, Private Cloud or On-Premise profile and no shared conformance fixtures proving identical semantics for this chapter","Cross-volume: V0 C-042 (deployment semantic parity); V3 Ch 39–43; V4 Ch 14.; Vol 6 App N anchors: C-035, C-038, C-039, C-040, C-041; V4:21, V4:57, V4:58, V4:59, V4:63; V5:63, V5:66, V5:68, V5:72",v06.txt:page 10:L327,main
IA-59-005,V6,59 Service-Level Management and Error Budgets,134,"When an error budget burns beyond policy or measurement quality cannot support a fitness claim, the platform SHALL halt or restrict change, prioritize recovery and debt, expose affected product state, and require accountable exception; it SHALL NOT infer healthy, complete, current, authorized, or recovered state.",V06-F013,infrastructure,missing,unverified,none,phase7,P7-D,,No error-budget policy to halt change,"Vol 6 App N anchors: C-035, C-038, C-039, C-040, C-041; V4:21, V4:57, V4:58, V4:59, V4:63; V5:63, V5:66, V5:68, V5:72",v06.txt:page 133:L7963,
IA-59-006,V6,59 Service-Level Management and Error Budgets,134,"Production admission and continued operation SHALL require indicator validation, synthetic and real-journey tests, burn simulations, dependency attribution, and governance review, bound to the exact artifacts, configuration, topology, customer scope, deployment profile, and period under review.",V06-F013,infrastructure,missing,unverified,none,phase7,P7-D,,"No production admission gate binds indicator validation, synthetic and real-journey tests, burn simulations, dependency attribution, and governance review to exact artifacts, configuration, topology, customer scope, profile and period; CI binds gate evidence to a commit SHA and run attempt only","Vol 6 App N anchors: C-035, C-038, C-039, C-040, C-041; V4:21, V4:57, V4:58, V4:59, V4:63; V5:63, V5:66, V5:68, V5:72",v06.txt:page 11:L355,
IA-60-001,V6,"60 Capacity, Performance, and Load Engineering",135,"The infrastructure realization of Capacity, Performance, and Load Engineering SHALL size and validate compute, accelerator, network, storage, messaging, inference, workflow, and humangate capacity against strategic demand.",V06-F013,infrastructure,missing,unverified,none,omission,P7-D,config eye.connector.max_response_bytes / max_decompressed_bytes / concurrency (static limits),"No capacity sizing, load or performance validation against strategic demand","Not scheduled in any phase of docs/the-eye-master-build-prompt.md (stack: Docker Compose for local dev, GitHub Actions CI); owner package P7-D.; Vol 6 App N anchors: C-035, C-038, C-040, C-041, C-045; V4:9, V4:22, V4:57, V4:58, V4:59, V4:61; V5:19, V5:22, V5:31, V5:63, V5:68",v06.txt:page 135:L8097,
IA-60-002,V6,"60 Capacity, Performance, and Load Engineering",135,"Every production instance SHALL declare and continuously reconcile demand model, workload mix, resource profile, bottleneck, headroom, queue, saturation point, forecast, and scale action through versioned desired state, observed state, ownership, and audit evidence.",V06-F013,infrastructure,missing,unverified,none,omission,P7-D,,"No versioned desired-state/observed-state reconciliation for: demand model, workload mix, resource profile, bottleneck, headroom, queue, saturation point, forecast, and scale action. Add an infrastructure manifest (Vol 6 App H), an observed-state inventory and audit evidence of reconciliation","Vol 6 App N anchors: C-035, C-038, C-040, C-041, C-045; V4:9, V4:22, V4:57, V4:58, V4:59, V4:61; V5:19, V5:22, V5:31, V5:63, V5:68",v06.txt:page 10:L305,
IA-60-003,V6,"60 Capacity, Performance, and Load Engineering",135,"The implementation SHALL enforce this boundary: capacity models include burst, correlated events, recovery load, reprocessing, model changes, tenant concentration, and operational reserve.",V06-F013,infrastructure,missing,unverified,none,omission,P7-D,,No capacity model,"Vol 6 App N anchors: C-035, C-038, C-040, C-041, C-045; V4:9, V4:22, V4:57, V4:58, V4:59, V4:61; V5:19, V5:22, V5:31, V5:63, V5:68",v06.txt:page 10:L317,
IA-60-004,V6,"60 Capacity, Performance, and Load Engineering",135,"SaaS, Private Cloud, and On-Premise SHALL preserve the same authority, state, isolation, failure, recovery, evidence, replay, and human-decision semantics for Capacity, Performance, and Load Engineering.",V06-F013,infrastructure,missing,unverified,none,omission,P7-D,"docker-compose.yml (digest-pinned postgres/redis, loopback only, required env, local-dev profile per EXC-P0-004); apps/api/src/policy/pdp.service.ts (environment.deployment hard-coded local-dev)","Only the local-dev profile exists; no SaaS, Private Cloud or On-Premise profile and no shared conformance fixtures proving identical semantics for this chapter","Cross-volume: V0 C-042 (deployment semantic parity); V3 Ch 39–43; V4 Ch 14.; Vol 6 App N anchors: C-035, C-038, C-040, C-041, C-045; V4:9, V4:22, V4:57, V4:58, V4:59, V4:61; V5:19, V5:22, V5:31, V5:63, V5:68",v06.txt:page 10:L327,main
IA-60-005,V6,"60 Capacity, Performance, and Load Engineering",136,"When measured demand exceeds safe headroom or scaling cannot meet the admitted workload envelope, the platform SHALL apply admission and priority policy, preserve highconsequence continuity, shed optional work, and publish recovery estimates; it SHALL NOT infer healthy, complete, current, authorized, or recovered state.",V06-F013,infrastructure,missing,unverified,none,omission,P7-D,,"No admission/priority policy under headroom exhaustion, no shedding or recovery estimates","Vol 6 App N anchors: C-035, C-038, C-040, C-041, C-045; V4:9, V4:22, V4:57, V4:58, V4:59, V4:61; V5:19, V5:22, V5:31, V5:63, V5:68",v06.txt:page 135:L8092,
IA-60-006,V6,"60 Capacity, Performance, and Load Engineering",136,"Production admission and continued operation SHALL require representative load, stress and soak tests, burst and recovery simulations, bottleneck evidence, and forecast accuracy, bound to the exact artifacts, configuration, topology, customer scope, deployment profile, and period under review.",V06-F013,infrastructure,missing,unverified,none,omission,P7-D,,"No production admission gate binds representative load, stress and soak tests, burst and recovery simulations, bottleneck evidence, and forecast accuracy to exact artifacts, configuration, topology, customer scope, profile and period; CI binds gate evidence to a commit SHA and run attempt only","Vol 6 App N anchors: C-035, C-038, C-040, C-041, C-045; V4:9, V4:22, V4:57, V4:58, V4:59, V4:61; V5:19, V5:22, V5:31, V5:63, V5:68",v06.txt:page 11:L355,
IA-61-001,V6,61 High Availability and Fault Tolerance,137,"The infrastructure realization of High Availability and Fault Tolerance SHALL maintain declared strategic services through component, node, zone, cell, site, and dependency failures without corrupting authority or state.",V06-F014,infrastructure,missing,unverified,none,omission,P7-D,"docker-compose.yml (digest-pinned postgres/redis, loopback only, required env, local-dev profile per EXC-P0-004); FULL_PRODUCT_DELIVERY_REGISTER.md §7 (durable deployment recovery: partial; .eye-local loss of 2026-09-09)","Single API process, single Postgres, single Redis, local filesystem vault; no redundancy at any layer","Not scheduled in any phase of docs/the-eye-master-build-prompt.md (stack: Docker Compose for local dev, GitHub Actions CI); owner package P7-D.; Vol 6 App N anchors: C-034, C-035, C-038, C-041, C-045; V4:7, V4:12, V4:22, V4:58, V4:59, V4:61; V5:31, V5:34, V5:38, V5:63, V5:68, V5:72 | UNRESOLVED pointer(s) at 2e83945: no backup/restore procedure for the local vault and degraded journal",v06.txt:page 137:L8229,branch+main
IA-61-002,V6,61 High Availability and Fault Tolerance,137,"Every production instance SHALL declare and continuously reconcile availability profile, replica and quorum set, failover policy, health criteria, dependency mode, recovery state, and evidence through versioned desired state, observed state, ownership, and audit evidence.",V06-F014,infrastructure,missing,unverified,none,omission,P7-D,,"No versioned desired-state/observed-state reconciliation for: availability profile, replica and quorum set, failover policy, health criteria, dependency mode, recovery state, and evidence. Add an infrastructure manifest (Vol 6 App H), an observed-state inventory and audit evidence of reconciliation","Vol 6 App N anchors: C-034, C-035, C-038, C-041, C-045; V4:7, V4:12, V4:22, V4:58, V4:59, V4:61; V5:31, V5:34, V5:38, V5:63, V5:68, V5:72",v06.txt:page 10:L305,
IA-61-003,V6,61 High Availability and Fault Tolerance,137,"The implementation SHALL enforce this boundary: redundancy is valid only when replicas do not share an undeclared failure, control, key, network, storage, or release domain.",V06-F014,infrastructure,missing,unverified,none,omission,P7-D,,No replicas exist,"Vol 6 App N anchors: C-034, C-035, C-038, C-041, C-045; V4:7, V4:12, V4:22, V4:58, V4:59, V4:61; V5:31, V5:34, V5:38, V5:63, V5:68, V5:72",v06.txt:page 10:L317,
IA-61-004,V6,61 High Availability and Fault Tolerance,137,"SaaS, Private Cloud, and On-Premise SHALL preserve the same authority, state, isolation, failure, recovery, evidence, replay, and human-decision semantics for High Availability and Fault Tolerance.",V06-F014,infrastructure,missing,unverified,none,omission,P7-D,"docker-compose.yml (digest-pinned postgres/redis, loopback only, required env, local-dev profile per EXC-P0-004); apps/api/src/policy/pdp.service.ts (environment.deployment hard-coded local-dev)","Only the local-dev profile exists; no SaaS, Private Cloud or On-Premise profile and no shared conformance fixtures proving identical semantics for this chapter","Cross-volume: V0 C-042 (deployment semantic parity); V3 Ch 39–43; V4 Ch 14.; Vol 6 App N anchors: C-034, C-035, C-038, C-041, C-045; V4:7, V4:12, V4:22, V4:58, V4:59, V4:61; V5:31, V5:34, V5:38, V5:63, V5:68, V5:72",v06.txt:page 10:L327,main
IA-61-005,V6,61 High Availability and Fault Tolerance,138,"When a failure exceeds redundancy, quorum is lost, health is ambiguous, or failover would violate consistency or sovereignty, the platform SHALL prefer safe bounded degradation over false availability, fence unsafe members, and recover under explicit state reconciliation; it SHALL NOT infer healthy, complete, current, authorized, or recovered state.",V06-F014,infrastructure,partial,passed:harness,merged,phase0,P7-D,apps/api/src/shared/degraded-store.ts; apps/api/src/health/health.controller.ts (/readyz degraded never healthy); apps/api/src/health/degraded-reconciliation.service.ts; migrations/0020_governed_degraded_recovery.sql; test/int/gate22-degraded-recovery.test.ts,"Safe bounded degradation over false availability exists for audit/evidence faults; no fencing, quorum or failover","Vol 6 App N anchors: C-034, C-035, C-038, C-041, C-045; V4:7, V4:12, V4:22, V4:58, V4:59, V4:61; V5:31, V5:34, V5:38, V5:63, V5:68, V5:72",v06.txt:page 137:L8224,main+test
IA-61-006,V6,61 High Availability and Fault Tolerance,138,"Production admission and continued operation SHALL require component through site fault injection, quorum and fencing, dependency loss, failback, data reconciliation, and user-impact evidence, bound to the exact artifacts, configuration, topology, customer scope, deployment profile, and period under review.",V06-F014,infrastructure,missing,unverified,none,omission,P7-D,,"No production admission gate binds component through site fault injection, quorum and fencing, dependency loss, failback, data reconciliation, and user-impact evidence to exact artifacts, configuration, topology, customer scope, profile and period; CI binds gate evidence to a commit SHA and run atte","Vol 6 App N anchors: C-034, C-035, C-038, C-041, C-045; V4:7, V4:12, V4:22, V4:58, V4:59, V4:61; V5:31, V5:34, V5:38, V5:63, V5:68, V5:72",v06.txt:page 11:L355,
IA-62-001,V6,"62 Backup, Restore, and State Reconciliation",139,"The infrastructure realization of Backup, Restore, and State Reconciliation SHALL protect every durable state class with policy-matched backup, immutable recovery points, tested restore, integrity validation, and consumer reconciliation.",V06-F014,infrastructure,missing,unverified,none,omission,P7-D,FULL_PRODUCT_DELIVERY_REGISTER.md §7 (durable deployment recovery: partial; .eye-local loss of 2026-09-09),"No backup of any state class (Postgres volume eye-pgdata, evidence vault, degraded journal); no immutable recovery points, restore tests, integrity validation or consumer reconciliation","Not scheduled in any phase of docs/the-eye-master-build-prompt.md (stack: Docker Compose for local dev, GitHub Actions CI); owner package P7-D.; Vol 6 App N anchors: C-012, C-016, C-029, C-033, C-041; V4:12, V4:30, V4:54, V4:59, V4:62; V5:15, V5:25, V5:26, V5:38, V5:70, V5:72 | UNRESOLVED pointer(s) at 2e83945: no backup/restore procedure for the local vault and degraded journal",v06.txt:page 139:L8362,branch
IA-62-002,V6,"62 Backup, Restore, and State Reconciliation",139,"Every production instance SHALL declare and continuously reconcile backup set, source revision, consistency point, encryption, locality, retention, legal hold, restore test, and recovery disposition through versioned desired state, observed state, ownership, and audit evidence.",V06-F014,infrastructure,missing,unverified,none,omission,P7-D,,"No versioned desired-state/observed-state reconciliation for: backup set, source revision, consistency point, encryption, locality, retention, legal hold, restore test, and recovery disposition. Add an infrastructure manifest (Vol 6 App H), an observed-state inventory and audit evidence of reconcili","Vol 6 App N anchors: C-012, C-016, C-029, C-033, C-041; V4:12, V4:30, V4:54, V4:59, V4:62; V5:15, V5:25, V5:26, V5:38, V5:70, V5:72",v06.txt:page 10:L305,
IA-62-003,V6,"62 Backup, Restore, and State Reconciliation",139,"The implementation SHALL enforce this boundary: backup coverage follows state ownership and includes metadata, schemas, keys, configurations, and dependency order needed for usable recovery.",V06-F014,infrastructure,missing,unverified,none,omission,P7-D,,No backup coverage model,"Vol 6 App N anchors: C-012, C-016, C-029, C-033, C-041; V4:12, V4:30, V4:54, V4:59, V4:62; V5:15, V5:25, V5:26, V5:38, V5:70, V5:72",v06.txt:page 10:L317,
IA-62-004,V6,"62 Backup, Restore, and State Reconciliation",139,"SaaS, Private Cloud, and On-Premise SHALL preserve the same authority, state, isolation, failure, recovery, evidence, replay, and human-decision semantics for Backup, Restore, and State Reconciliation.",V06-F014,infrastructure,missing,unverified,none,omission,P7-D,"docker-compose.yml (digest-pinned postgres/redis, loopback only, required env, local-dev profile per EXC-P0-004); apps/api/src/policy/pdp.service.ts (environment.deployment hard-coded local-dev)","Only the local-dev profile exists; no SaaS, Private Cloud or On-Premise profile and no shared conformance fixtures proving identical semantics for this chapter","Cross-volume: V0 C-042 (deployment semantic parity); V3 Ch 39–43; V4 Ch 14.; Vol 6 App N anchors: C-012, C-016, C-029, C-033, C-041; V4:12, V4:30, V4:54, V4:59, V4:62; V5:15, V5:25, V5:26, V5:38, V5:70, V5:72",v06.txt:page 10:L327,main
IA-62-005,V6,"62 Backup, Restore, and State Reconciliation",140,"When a backup is missing, corrupt, unverifiable, outside locality, or cannot restore within objective, the platform SHALL declare the affected recovery posture, protect remaining copies, constrain destructive change, and execute alternate recovery; it SHALL NOT infer healthy, complete, current, authorized, or recovered state.",V06-F014,infrastructure,missing,unverified,none,omission,P7-D,,No recovery-posture declaration or alternate recovery,"Vol 6 App N anchors: C-012, C-016, C-029, C-033, C-041; V4:12, V4:30, V4:54, V4:59, V4:62; V5:15, V5:25, V5:26, V5:38, V5:70, V5:72",v06.txt:page 139:L8357,
IA-62-006,V6,"62 Backup, Restore, and State Reconciliation",140,"Production admission and continued operation SHALL require automated restore verification, corruption and deletion drills, key recovery, point-in-time restore, projection rebuild, and consumer reconciliation, bound to the exact artifacts, configuration, topology, customer scope, deployment profile, and period under review.",V06-F014,infrastructure,missing,unverified,none,omission,P7-D,,"No production admission gate binds automated restore verification, corruption and deletion drills, key recovery, point-in-time restore, projection rebuild, and consumer reconciliation to exact artifacts, configuration, topology, customer scope, profile and period; CI binds gate evidence to a commit","Vol 6 App N anchors: C-012, C-016, C-029, C-033, C-041; V4:12, V4:30, V4:54, V4:59, V4:62; V5:15, V5:25, V5:26, V5:38, V5:70, V5:72",v06.txt:page 11:L355,
IA-63-001,V6,63 Disaster Recovery and Regional Continuity,141,"The infrastructure realization of Disaster Recovery and Regional Continuity SHALL restore strategic service across regional, site, control-plane, dependency, and workforce disasters within declared recovery objectives.",V06-F014,infrastructure,missing,unverified,none,omission,P7-D,,"No disaster recovery, alternate region/site or recovery objectives (Vol 6 App M)","Not scheduled in any phase of docs/the-eye-master-build-prompt.md (stack: Docker Compose for local dev, GitHub Actions CI); owner package P7-D.; Vol 6 App N anchors: C-034, C-036, C-038, C-041, C-045; V4:14, V4:41, V4:59, V4:61, V4:62, V4:63; V5:38, V5:63, V5:71, V5:72",v06.txt:page 141:L8497,
IA-63-002,V6,63 Disaster Recovery and Regional Continuity,141,"Every production instance SHALL declare and continuously reconcile recovery unit, dependency order, recovery point and time objective, target location, readiness, authority, exercise, and declaration through versioned desired state, observed state, ownership, and audit evidence.",V06-F014,infrastructure,missing,unverified,none,omission,P7-D,,"No versioned desired-state/observed-state reconciliation for: recovery unit, dependency order, recovery point and time objective, target location, readiness, authority, exercise, and declaration. Add an infrastructure manifest (Vol 6 App H), an observed-state inventory and audit evidence of reconcil","Vol 6 App N anchors: C-034, C-036, C-038, C-041, C-045; V4:14, V4:41, V4:59, V4:61, V4:62, V4:63; V5:38, V5:63, V5:71, V5:72",v06.txt:page 10:L305,
IA-63-003,V6,63 Disaster Recovery and Regional Continuity,141,"The implementation SHALL enforce this boundary: disaster recovery preserves tenant, sovereignty, key, policy, version, evidence, workflow, and decision semantics; it is not only data copying.",V06-F014,infrastructure,missing,unverified,none,omission,P7-D,,No recovery path exists,"Vol 6 App N anchors: C-034, C-036, C-038, C-041, C-045; V4:14, V4:41, V4:59, V4:61, V4:62, V4:63; V5:38, V5:63, V5:71, V5:72",v06.txt:page 10:L317,
IA-63-004,V6,63 Disaster Recovery and Regional Continuity,141,"SaaS, Private Cloud, and On-Premise SHALL preserve the same authority, state, isolation, failure, recovery, evidence, replay, and human-decision semantics for Disaster Recovery and Regional Continuity.",V06-F014,infrastructure,missing,unverified,none,omission,P7-D,"docker-compose.yml (digest-pinned postgres/redis, loopback only, required env, local-dev profile per EXC-P0-004); apps/api/src/policy/pdp.service.ts (environment.deployment hard-coded local-dev)","Only the local-dev profile exists; no SaaS, Private Cloud or On-Premise profile and no shared conformance fixtures proving identical semantics for this chapter","Cross-volume: V0 C-042 (deployment semantic parity); V3 Ch 39–43; V4 Ch 14.; Vol 6 App N anchors: C-034, C-036, C-038, C-041, C-045; V4:14, V4:41, V4:59, V4:61, V4:62, V4:63; V5:38, V5:63, V5:71, V5:72",v06.txt:page 10:L327,main
IA-63-005,V6,63 Disaster Recovery and Regional Continuity,142,"When the primary domain is unavailable or the recovery target cannot prove readiness and consistency, the platform SHALL invoke incident authority, choose the certified recovery path, declare data and capability boundaries, and reconcile before reopening; it SHALL NOT infer healthy, complete, current, authorized, or recovered state.",V06-F014,infrastructure,missing,unverified,none,omission,P7-D,,No incident authority invocation or certified recovery path,"Vol 6 App N anchors: C-034, C-036, C-038, C-041, C-045; V4:14, V4:41, V4:59, V4:61, V4:62, V4:63; V5:38, V5:63, V5:71, V5:72",v06.txt:page 141:L8492,
IA-63-006,V6,63 Disaster Recovery and Regional Continuity,142,"Production admission and continued operation SHALL require regional and site loss exercises, isolated recovery, key and identity continuity, workflow reconciliation, failback, and customer communication, bound to the exact artifacts, configuration, topology, customer scope, deployment profile, and period under review.",V06-F014,infrastructure,missing,unverified,none,omission,P7-D,,"No production admission gate binds regional and site loss exercises, isolated recovery, key and identity continuity, workflow reconciliation, failback, and customer communication to exact artifacts, configuration, topology, customer scope, profile and period; CI binds gate evidence to a commit SHA a","Vol 6 App N anchors: C-034, C-036, C-038, C-041, C-045; V4:14, V4:41, V4:59, V4:61, V4:62, V4:63; V5:38, V5:63, V5:71, V5:72",v06.txt:page 11:L355,
IA-64-001,V6,64 Incident Command and Operational Response,143,"The infrastructure realization of Incident Command and Operational Response SHALL coordinate detection, triage, authority, containment, continuity, recovery, communication, evidence, decision impact, and learning.",V06-F015,infrastructure,partial,passed:harness,merged,phase0,P7-D,test/int/gate22-degraded-recovery.test.ts,"Incident records exist for audit availability and tamper only; no incident command platform, roles, timeline, communication, decision-impact assessment or learning","Vol 6 App N anchors: C-004, C-028, C-039, C-043, C-049; V4:21, V4:42, V4:55, V4:60, V4:63; V5:3, V5:37, V5:59, V5:65, V5:72 | UNRESOLVED pointer(s) at 2e83945: audit availability incidents (audit.open_availability_incidents, migrations/0020_governed_degraded_recovery.sql); tamper incident freeze (audit.service.ts)",v06.txt:page 143:L8630,main+test
IA-64-002,V6,64 Incident Command and Operational Response,143,"Every production instance SHALL declare and continuously reconcile incident identity, severity, command roles, affected scope, timeline, actions, evidence, customer state, decision impact, and closure through versioned desired state, observed state, ownership, and audit evidence.",V06-F015,infrastructure,missing,unverified,none,omission,P7-D,,"No versioned desired-state/observed-state reconciliation for: incident identity, severity, command roles, affected scope, timeline, actions, evidence, customer state, decision impact, and closure. Add an infrastructure manifest (Vol 6 App H), an observed-state inventory and audit evidence of reconci","Vol 6 App N anchors: C-004, C-028, C-039, C-043, C-049; V4:21, V4:42, V4:55, V4:60, V4:63; V5:3, V5:37, V5:59, V5:65, V5:72",v06.txt:page 10:L305,
IA-64-003,V6,64 Incident Command and Operational Response,143,"The implementation SHALL enforce this boundary: automation may detect and recommend; named humans hold incident command, risk acceptance, customer communication, and return-to-service authority.",V06-F015,infrastructure,partial,unverified,merged,phase0,P7-D,migrations/0020 (governed recovery requires an operator action); decisions require a named human approval (0042),Named human incident command and return-to-service authority are not modelled,"Vol 6 App N anchors: C-004, C-028, C-039, C-043, C-049; V4:21, V4:42, V4:55, V4:60, V4:63; V5:3, V5:37, V5:59, V5:65, V5:72 | passed:harness lacked a resolved test/CI pointer → unverified",v06.txt:page 10:L317,main
IA-64-004,V6,64 Incident Command and Operational Response,143,"SaaS, Private Cloud, and On-Premise SHALL preserve the same authority, state, isolation, failure, recovery, evidence, replay, and human-decision semantics for Incident Command and Operational Response.",V06-F015,infrastructure,missing,unverified,none,omission,P7-D,"docker-compose.yml (digest-pinned postgres/redis, loopback only, required env, local-dev profile per EXC-P0-004); apps/api/src/policy/pdp.service.ts (environment.deployment hard-coded local-dev)","Only the local-dev profile exists; no SaaS, Private Cloud or On-Premise profile and no shared conformance fixtures proving identical semantics for this chapter","Cross-volume: V0 C-042 (deployment semantic parity); V3 Ch 39–43; V4 Ch 14.; Vol 6 App N anchors: C-004, C-028, C-039, C-043, C-049; V4:21, V4:42, V4:55, V4:60, V4:63; V5:3, V5:37, V5:59, V5:65, V5:72",v06.txt:page 10:L327,main
IA-64-005,V6,64 Incident Command and Operational Response,144,"When ownership, severity, scope, or decision impact is uncertain during an active incident, the platform SHALL assume the safer consequence class, establish command, constrain effects, preserve evidence, and update scope as facts change; it SHALL NOT infer healthy, complete, current, authorized, or recovered state.",V06-F015,infrastructure,partial,passed:harness,merged,phase0,P7-D,apps/api/src/shared/degraded-store.ts; apps/api/src/health/health.controller.ts (/readyz degraded never healthy); apps/api/src/health/degraded-reconciliation.service.ts; migrations/0020_governed_degraded_recovery.sql; test/int/gate22-degraded-recovery.test.ts,The safer consequence class (fail closed) is assumed for audit faults; no command establishment or scope updates as facts change,"Vol 6 App N anchors: C-004, C-028, C-039, C-043, C-049; V4:21, V4:42, V4:55, V4:60, V4:63; V5:3, V5:37, V5:59, V5:65, V5:72",v06.txt:page 143:L8625,main+test
IA-64-006,V6,64 Incident Command and Operational Response,144,"Production admission and continued operation SHALL require tabletop and live exercises, command handoff, communications, forensic custody, decision-impact analysis, and closure review, bound to the exact artifacts, configuration, topology, customer scope, deployment profile, and period under review.",V06-F015,infrastructure,missing,unverified,none,omission,P7-D,,"No production admission gate binds tabletop and live exercises, command handoff, communications, forensic custody, decision-impact analysis, and closure review to exact artifacts, configuration, topology, customer scope, profile and period; CI binds gate evidence to a commit SHA and run attempt only","Vol 6 App N anchors: C-004, C-028, C-039, C-043, C-049; V4:21, V4:42, V4:55, V4:60, V4:63; V5:3, V5:37, V5:59, V5:65, V5:72",v06.txt:page 11:L355,
IA-65-001,V6,"65 Change, Maintenance, and Lifecycle Operations",145,"The infrastructure realization of Change, Maintenance, and Lifecycle Operations SHALL execute configuration, patch, scale, migration, certificate, hardware, dependency, and maintenance changes through controlled reversible workflows.",V06-F015,infrastructure,partial,passed:ci,merged,phase0,P7-D,".github/workflows/ci.yml: build-test (module boundaries, typecheck, unit, migrations + acceptance, integration, C18 db-paths gate), browser-regression, supply-chain (post-C18 migration upgrade compatibility 0022/0023); apps/api/scripts/migrate.mjs (versioned forward migrations; applied digests stay valid)","Only code and migration changes are controlled through CI; no configuration, patch, scale, certificate, hardware or dependency change workflows; no migration rollback","Vol 6 App N anchors: C-003, C-008, C-035, C-043, C-050; V4:23, V4:30, V4:55, V4:63, V4:66, V4:68, V4:69; V5:15, V5:18, V5:68, V5:69, V5:70, V5:72",v06.txt:page 145:L8762,main+test
IA-65-002,V6,"65 Change, Maintenance, and Lifecycle Operations",145,"Every production instance SHALL declare and continuously reconcile change identity, desired diff, affected graph, risk, window, approvers, rollout, observations, rollback, and closure through versioned desired state, observed state, ownership, and audit evidence.",V06-F015,infrastructure,missing,unverified,none,omission,P7-D,,"No versioned desired-state/observed-state reconciliation for: change identity, desired diff, affected graph, risk, window, approvers, rollout, observations, rollback, and closure. Add an infrastructure manifest (Vol 6 App H), an observed-state inventory and audit evidence of reconciliation","Vol 6 App N anchors: C-003, C-008, C-035, C-043, C-050; V4:23, V4:30, V4:55, V4:63, V4:66, V4:68, V4:69; V5:15, V5:18, V5:68, V5:69, V5:70, V5:72",v06.txt:page 10:L305,
IA-65-003,V6,"65 Change, Maintenance, and Lifecycle Operations",145,"The implementation SHALL enforce this boundary: routine automation does not remove peer review, segregation of duties, customer notice, or stop authority for material change.",V06-F015,infrastructure,partial,passed:ci,merged,phase0,P7-D,GitHub PR review; scripts/gate/assert-readonly-workflow.mjs (read-only workflows); c19-anchor.yml (publication only after a successful finalizer on a main push),Segregation of duties and customer notice are not modelled; stop authority is manual,"Vol 6 App N anchors: C-003, C-008, C-035, C-043, C-050; V4:23, V4:30, V4:55, V4:63, V4:66, V4:68, V4:69; V5:15, V5:18, V5:68, V5:69, V5:70, V5:72",v06.txt:page 10:L317,main+test
IA-65-004,V6,"65 Change, Maintenance, and Lifecycle Operations",145,"SaaS, Private Cloud, and On-Premise SHALL preserve the same authority, state, isolation, failure, recovery, evidence, replay, and human-decision semantics for Change, Maintenance, and Lifecycle Operations.",V06-F015,infrastructure,missing,unverified,none,omission,P7-D,"docker-compose.yml (digest-pinned postgres/redis, loopback only, required env, local-dev profile per EXC-P0-004); apps/api/src/policy/pdp.service.ts (environment.deployment hard-coded local-dev)","Only the local-dev profile exists; no SaaS, Private Cloud or On-Premise profile and no shared conformance fixtures proving identical semantics for this chapter","Cross-volume: V0 C-042 (deployment semantic parity); V3 Ch 39–43; V4 Ch 14.; Vol 6 App N anchors: C-003, C-008, C-035, C-043, C-050; V4:23, V4:30, V4:55, V4:63, V4:66, V4:68, V4:69; V5:15, V5:18, V5:68, V5:69, V5:70, V5:72",v06.txt:page 10:L327,main
IA-65-005,V6,"65 Change, Maintenance, and Lifecycle Operations",146,"When observations diverge from plan, rollback becomes unsafe, or change impact exceeds the approved scope, the platform SHALL stop the rollout, stabilize the current state, invoke the declared recovery path, and reopen approval with observed evidence; it SHALL NOT infer healthy, complete, current, authorized, or recovered state.",V06-F015,infrastructure,missing,unverified,none,omission,P7-D,,"No rollout observation, stop, stabilise or recovery path for infrastructure change","Vol 6 App N anchors: C-003, C-008, C-035, C-043, C-050; V4:23, V4:30, V4:55, V4:63, V4:66, V4:68, V4:69; V5:15, V5:18, V5:68, V5:69, V5:70, V5:72",v06.txt:page 145:L8757,
IA-65-006,V6,"65 Change, Maintenance, and Lifecycle Operations",146,"Production admission and continued operation SHALL require dry runs, canary and cohort analysis, rollback and roll-forward tests, maintenance-mode behavior, and audit closure, bound to the exact artifacts, configuration, topology, customer scope, deployment profile, and period under review.",V06-F015,infrastructure,missing,unverified,none,omission,P7-D,,"No production admission gate binds dry runs, canary and cohort analysis, rollback and roll-forward tests, maintenance-mode behavior, and audit closure to exact artifacts, configuration, topology, customer scope, profile and period; CI binds gate evidence to a commit SHA and run attempt only","Vol 6 App N anchors: C-003, C-008, C-035, C-043, C-050; V4:23, V4:30, V4:55, V4:63, V4:66, V4:68, V4:69; V5:15, V5:18, V5:68, V5:69, V5:70, V5:72",v06.txt:page 11:L355,
IA-66-001,V6,66 Degraded Modes and Continuity of Strategic Operations,147,"The infrastructure realization of Degraded Modes and Continuity of Strategic Operations SHALL preserve the safest useful strategic capability when dependencies, data, models, networks, control services, or sites are impaired.",V06-F015,infrastructure,partial,passed:harness,merged,phase0,P7-D,apps/api/src/shared/degraded-store.ts; apps/api/src/health/health.controller.ts (/readyz degraded never healthy); apps/api/src/health/degraded-reconciliation.service.ts; migrations/0020_governed_degraded_recovery.sql; test/int/gate22-degraded-recovery.test.ts; scheduler readiness redis_scheduler.state unknown; briefing stop condition on_degraded,"Degraded modes exist per fault (audit, evidence, scheduler, inputs); no declared catalogue of degraded modes with triggers, authority, capabilities, maximum duration and exit evidence (Vol 6 App K)","Vol 6 App N anchors: C-004, C-005, C-035, C-041, C-049; V4:21, V4:41, V4:58, V4:61, V4:63, V4:64; V5:3, V5:20, V5:31, V5:37, V5:63, V5:72 | UNRESOLVED pointer(s) at 2e83945: UI degraded/stale labels (e2e/phase4-prediction.demo.spec.ts)",v06.txt:page 147:L8893,main+test
IA-66-002,V6,66 Degraded Modes and Continuity of Strategic Operations,147,"Every production instance SHALL declare and continuously reconcile degraded-mode identity, trigger, available capability, unavailable capability, trust and freshness limits, owner, entry, and exit evidence through versioned desired state, observed state, ownership, and audit evidence.",V06-F015,infrastructure,missing,unverified,none,omission,P7-D,,"No versioned desired-state/observed-state reconciliation for: degraded-mode identity, trigger, available capability, unavailable capability, trust and freshness limits, owner, entry, and exit evidence. Add an infrastructure manifest (Vol 6 App H), an observed-state inventory and audit evidence of re","Vol 6 App N anchors: C-004, C-005, C-035, C-041, C-049; V4:21, V4:41, V4:58, V4:61, V4:63, V4:64; V5:3, V5:20, V5:31, V5:37, V5:63, V5:72",v06.txt:page 10:L305,
IA-66-003,V6,66 Degraded Modes and Continuity of Strategic Operations,147,"The implementation SHALL enforce this boundary: degradation is explicit product state and may never fabricate completeness, freshness, confidence, approval, external effect, or successful learning.",V06-F015,infrastructure,implemented,unverified,branch-only,phase0,P7-D,"apps/api/src/health/health.controller.ts (/healthz, /readyz classified telemetry-only, degraded state exposed) (degraded never healthy); migrations/0033 (synthetic labelling)",Codify as the App K degraded-state command rules,"Vol 6 App N anchors: C-004, C-005, C-035, C-041, C-049; V4:21, V4:41, V4:58, V4:61, V4:63, V4:64; V5:3, V5:20, V5:31, V5:37, V5:63, V5:72 | UNRESOLVED pointer(s) at 2e83945: model-gateway.service.ts (replay never pretends a model ran) | release_status merged → branch-only from the evidence at 2e83945 | passed:harness lacked a resolved test/CI pointer → unverified",v06.txt:page 10:L317,branch+main
IA-66-004,V6,66 Degraded Modes and Continuity of Strategic Operations,148,"SaaS, Private Cloud, and On-Premise SHALL preserve the same authority, state, isolation, failure, recovery, evidence, replay, and human-decision semantics for Degraded Modes and Continuity of Strategic Operations.",V06-F015,infrastructure,missing,unverified,none,omission,P7-D,"docker-compose.yml (digest-pinned postgres/redis, loopback only, required env, local-dev profile per EXC-P0-004); apps/api/src/policy/pdp.service.ts (environment.deployment hard-coded local-dev)","Only the local-dev profile exists; no SaaS, Private Cloud or On-Premise profile and no shared conformance fixtures proving identical semantics for this chapter","Cross-volume: V0 C-042 (deployment semantic parity); V3 Ch 39–43; V4 Ch 14.; Vol 6 App N anchors: C-004, C-005, C-035, C-041, C-049; V4:21, V4:41, V4:58, V4:61, V4:63, V4:64; V5:3, V5:20, V5:31, V5:37, V5:63, V5:72",v06.txt:page 10:L327,main
IA-66-005,V6,66 Degraded Modes and Continuity of Strategic Operations,148,"When normal service cannot be maintained or the declared degraded mode itself becomes unsafe, the platform SHALL enter the next safer mode, suspend consequential functions where required, maintain human awareness, and recover through verified exit criteria; it SHALL NOT infer healthy, complete, current, authorized, or recovered state.",V06-F015,infrastructure,partial,unverified,merged,phase0,P7-D,migrations/0020 (exit only through verified reconciliation); apps/api/src/health/degraded-reconciliation.service.ts,No next-safer-mode ladder or suspension of consequential functions by mode,"Vol 6 App N anchors: C-004, C-005, C-035, C-041, C-049; V4:21, V4:41, V4:58, V4:61, V4:63, V4:64; V5:3, V5:20, V5:31, V5:37, V5:63, V5:72 | passed:harness lacked a resolved test/CI pointer → unverified",v06.txt:page 147:L8888,main
IA-66-006,V6,66 Degraded Modes and Continuity of Strategic Operations,148,"Production admission and continued operation SHALL require dependency-loss matrix, degraded journey tests, authority and warning behavior, duration limits, recovery, and user comprehension, bound to the exact artifacts, configuration, topology, customer scope, deployment profile, and period under review.",V06-F015,infrastructure,missing,unverified,none,omission,P7-D,,"No production admission gate binds dependency-loss matrix, degraded journey tests, authority and warning behavior, duration limits, recovery, and user comprehension to exact artifacts, configuration, topology, customer scope, profile and period; CI binds gate evidence to a commit SHA and run attempt","Vol 6 App N anchors: C-004, C-005, C-035, C-041, C-049; V4:21, V4:41, V4:58, V4:61, V4:63, V4:64; V5:3, V5:20, V5:31, V5:37, V5:63, V5:72",v06.txt:page 11:L355,
IA-67-001,V6,67 Infrastructure-as-Code and Configuration Architecture,150,"The infrastructure realization of Infrastructure-as-Code and Configuration Architecture SHALL represent infrastructure desired state, policy, topology, deployment profiles, and exceptions as reviewed, versioned, testable code and data.",V06-F016,infrastructure,partial,passed:ci,merged,phase0,P7-D,"docker-compose.yml (digest-pinned postgres/redis, loopback only, required env, local-dev profile per EXC-P0-004); conformance.manifest.json (repository units -> component ids, controls, owners; Phase 0 framing); scripts/gate/*.json (pins, exclusions, target descriptor); ci.yml pinned-digest consistency step","Reviewed, versioned data exists for the local profile and the gates; no IaC modules, topology, deployment profiles or plan/apply/drift tooling","Master build prompt Phase 7: deployment packaging.; Vol 6 App N anchors: C-003, C-008, C-043, C-048, C-050; V4:6, V4:13, V4:65, V4:66, V4:68, V4:72; V5:15, V5:18, V5:70, V5:71",v06.txt:page 10:L295,main+test
IA-67-002,V6,67 Infrastructure-as-Code and Configuration Architecture,150,"Every production instance SHALL declare and continuously reconcile module and configuration identity, source revision, input schema, plan, policy result, state backend, applied revision, drift, and owner through versioned desired state, observed state, ownership, and audit evidence.",V06-F016,infrastructure,missing,unverified,none,phase7,P7-D,,"No versioned desired-state/observed-state reconciliation for: module and configuration identity, source revision, input schema, plan, policy result, state backend, applied revision, drift, and owner. Add an infrastructure manifest (Vol 6 App H), an observed-state inventory and audit evidence of reco","Vol 6 App N anchors: C-003, C-008, C-043, C-048, C-050; V4:6, V4:13, V4:65, V4:66, V4:68, V4:72; V5:15, V5:18, V5:70, V5:71",v06.txt:page 10:L305,
IA-67-003,V6,67 Infrastructure-as-Code and Configuration Architecture,150,"The implementation SHALL enforce this boundary: declarative automation controls infrastructure state but cannot bypass customer authority, runtime safety checks, or protected manual ceremonies.",V06-F016,infrastructure,missing,unverified,none,phase7,P7-D,,No declarative automation exists to bound,"Vol 6 App N anchors: C-003, C-008, C-043, C-048, C-050; V4:6, V4:13, V4:65, V4:66, V4:68, V4:72; V5:15, V5:18, V5:70, V5:71",v06.txt:page 10:L317,
IA-67-004,V6,67 Infrastructure-as-Code and Configuration Architecture,151,"SaaS, Private Cloud, and On-Premise SHALL preserve the same authority, state, isolation, failure, recovery, evidence, replay, and human-decision semantics for Infrastructure-as-Code and Configuration Architecture.",V06-F016,infrastructure,missing,unverified,none,omission,P7-D,"docker-compose.yml (digest-pinned postgres/redis, loopback only, required env, local-dev profile per EXC-P0-004); apps/api/src/policy/pdp.service.ts (environment.deployment hard-coded local-dev)","Only the local-dev profile exists; no SaaS, Private Cloud or On-Premise profile and no shared conformance fixtures proving identical semantics for this chapter","Cross-volume: V0 C-042 (deployment semantic parity); V3 Ch 39–43; V4 Ch 14.; Vol 6 App N anchors: C-003, C-008, C-043, C-048, C-050; V4:6, V4:13, V4:65, V4:66, V4:68, V4:72; V5:15, V5:18, V5:70, V5:71",v06.txt:page 10:L327,main
IA-67-005,V6,67 Infrastructure-as-Code and Configuration Architecture,151,"When desired and actual state drift, state locks fail, plans become stale, or an apply partially succeeds, the platform SHALL stop further mutation, preserve the exact plan and partial effects, reconcile under change control, and restore a trusted state backend; it SHALL NOT infer healthy, complete, current, authorized, or recovered state.",V06-F016,infrastructure,missing,unverified,none,phase7,P7-D,,No drift/lock/stale-plan/partial-apply handling,"Vol 6 App N anchors: C-003, C-008, C-043, C-048, C-050; V4:6, V4:13, V4:65, V4:66, V4:68, V4:72; V5:15, V5:18, V5:70, V5:71",v06.txt:page 150:L9032,
IA-67-006,V6,67 Infrastructure-as-Code and Configuration Architecture,151,"Production admission and continued operation SHALL require module tests, policy checks, plan review, drift detection, partialapply recovery, state-backend restore, and parity fixtures, bound to the exact artifacts, configuration, topology, customer scope, deployment profile, and period under review.",V06-F016,infrastructure,missing,unverified,none,phase7,P7-D,,"No production admission gate binds module tests, policy checks, plan review, drift detection, partialapply recovery, state-backend restore, and parity fixtures to exact artifacts, configuration, topology, customer scope, profile and period; CI binds gate evidence to a commit SHA and run attempt only","Vol 6 App N anchors: C-003, C-008, C-043, C-048, C-050; V4:6, V4:13, V4:65, V4:66, V4:68, V4:72; V5:15, V5:18, V5:70, V5:71",v06.txt:page 11:L355,
IA-68-001,V6,"68 Build, Release, Promotion, and Rollback Infrastructure",152,"The infrastructure realization of Build, Release, Promotion, and Rollback Infrastructure SHALL assemble dependency-closed infrastructure releases and promote immutable configurations through evidence-gated environments and cohorts.",V06-F016,infrastructure,partial,passed:ci,merged,phase0,P7-D,".github/workflows/ci.yml: build-test (module boundaries, typecheck, unit, migrations + acceptance, integration, C18 db-paths gate), browser-regression, supply-chain; pnpm-lock.yaml (frozen); scripts/gate/lib/lock-closure.mjs (C16); C17 evidence archive; c19-anchor.yml (one publication per source commit)","Immutable dependency-closed commits with gated evidence; no release identity/registry, environments, cohorts, rollback mechanism or application artifacts","Master build prompt Phase 7: governed release pipeline (prompts/models/thresholds) and deployment packaging.; Vol 6 App N anchors: C-003, C-008, C-035, C-043, C-050; V4:23, V4:30, V4:66, V4:68, V4:70, V4:71; V5:15, V5:18, V5:66, V5:67, V5:70, V5:71",v06.txt:page 152:L9169,main+test
IA-68-002,V6,"68 Build, Release, Promotion, and Rollback Infrastructure",152,"Every production instance SHALL declare and continuously reconcile release identity, artifacts, configuration, schemas, policies, models, tests, approvals, cohort, promotion, and rollback target through versioned desired state, observed state, ownership, and audit evidence.",V06-F016,infrastructure,missing,unverified,none,phase7,P7-D,,"No versioned desired-state/observed-state reconciliation for: release identity, artifacts, configuration, schemas, policies, models, tests, approvals, cohort, promotion, and rollback target. Add an infrastructure manifest (Vol 6 App H), an observed-state inventory and audit evidence of reconciliatio","Vol 6 App N anchors: C-003, C-008, C-035, C-043, C-050; V4:23, V4:30, V4:66, V4:68, V4:70, V4:71; V5:15, V5:18, V5:66, V5:67, V5:70, V5:71",v06.txt:page 10:L305,
IA-68-003,V6,"68 Build, Release, Promotion, and Rollback Infrastructure",152,"The implementation SHALL enforce this boundary: a release is the complete resolved system configuration; mutable tags, floating dependencies, and out-of-band production edits are nonconformant.",V06-F016,infrastructure,partial,passed:ci,merged,phase0,P7-D,scripts/gate/lib/lock-closure.mjs (floating dependencies non-conformant); digest-pinned images; exact-version pins (memory: exact-version controls),Out-of-band production edits cannot be detected because no production exists,"Vol 6 App N anchors: C-003, C-008, C-035, C-043, C-050; V4:23, V4:30, V4:66, V4:68, V4:70, V4:71; V5:15, V5:18, V5:66, V5:67, V5:70, V5:71",v06.txt:page 10:L317,main+test
IA-68-004,V6,"68 Build, Release, Promotion, and Rollback Infrastructure",153,"SaaS, Private Cloud, and On-Premise SHALL preserve the same authority, state, isolation, failure, recovery, evidence, replay, and human-decision semantics for Build, Release, Promotion, and Rollback Infrastructure.",V06-F016,infrastructure,missing,unverified,none,omission,P7-D,"docker-compose.yml (digest-pinned postgres/redis, loopback only, required env, local-dev profile per EXC-P0-004); apps/api/src/policy/pdp.service.ts (environment.deployment hard-coded local-dev)","Only the local-dev profile exists; no SaaS, Private Cloud or On-Premise profile and no shared conformance fixtures proving identical semantics for this chapter","Cross-volume: V0 C-042 (deployment semantic parity); V3 Ch 39–43; V4 Ch 14.; Vol 6 App N anchors: C-003, C-008, C-035, C-043, C-050; V4:23, V4:30, V4:66, V4:68, V4:70, V4:71; V5:15, V5:18, V5:66, V5:67, V5:70, V5:71",v06.txt:page 10:L327,main
IA-68-005,V6,"68 Build, Release, Promotion, and Rollback Infrastructure",153,"When promotion evidence fails, rollout indicators degrade, dependencies drift, or rollback compatibility is uncertain, the platform SHALL halt promotion, contain the cohort, rollback or roll forward through an approved target, and preserve all decision evidence; it SHALL NOT infer healthy, complete, current, authorized, or recovered state.",V06-F016,infrastructure,partial,passed:ci,merged,phase0,P7-D,ci.yml (halt on failing gates; whole-workflow re-run rule); c19-anchor.yml concurrency (one publication per commit),No cohort containment or rollback/roll-forward targets,"Vol 6 App N anchors: C-003, C-008, C-035, C-043, C-050; V4:23, V4:30, V4:66, V4:68, V4:70, V4:71; V5:15, V5:18, V5:66, V5:67, V5:70, V5:71",v06.txt:page 152:L9164,main+test
IA-68-006,V6,"68 Build, Release, Promotion, and Rollback Infrastructure",153,"Production admission and continued operation SHALL require dependency closure, reproducibility, staged promotion, canary analysis, rollback and migration, and cross-deployment acceptance, bound to the exact artifacts, configuration, topology, customer scope, deployment profile, and period under review.",V06-F016,infrastructure,missing,unverified,none,phase7,P7-D,,"No production admission gate binds dependency closure, reproducibility, staged promotion, canary analysis, rollback and migration, and cross-deployment acceptance to exact artifacts, configuration, topology, customer scope, profile and period; CI binds gate evidence to a commit SHA and run attempt o","Vol 6 App N anchors: C-003, C-008, C-035, C-043, C-050; V4:23, V4:30, V4:66, V4:68, V4:70, V4:71; V5:15, V5:18, V5:66, V5:67, V5:70, V5:71",v06.txt:page 11:L355,
IA-69-001,V6,"69 Fleet, Patch, and Vulnerability Management",154,"The infrastructure realization of Fleet, Patch, and Vulnerability Management SHALL maintain complete asset inventory, configuration posture, vulnerability state, patch eligibility, exceptions, and evidence across connected and disconnected fleets.",V06-F016,infrastructure,partial,passed:ci,branch-only,phase0,P7-D,".github/workflows/ci.yml: supply-chain (C15 trivy 0.73.0 + gitleaks 8.30.1 pinned by digest, C16 lock closure, C17 CycloneDX SBOM + licence obligations, evidence ZIP); scripts/gate/supply-chain.mjs; scripts/gate/scanner-pins.json; docs/SCANNER_DISPOSITIONS.md; .github/workflows/c15-patched-image-recheck.yml (daily); infra/images/candidates","Vulnerability state tracked for two images and npm dependencies with governed exceptions; no fleet asset inventory, configuration posture, or patch eligibility across connected/disconnected fleets","Vol 6 App N anchors: C-007, C-039, C-043, C-048, C-050; V4:53, V4:55, V4:56, V4:63, V4:69; V5:15, V5:18, V5:62, V5:67, V5:70 | UNRESOLVED pointer(s) at 2e83945: docs/evidence/govulncheck-gosu-*.json | release_status merged → branch-only from the evidence at 2e83945",v06.txt:page 154:L9304,branch+main+test
IA-69-002,V6,"69 Fleet, Patch, and Vulnerability Management",154,"Every production instance SHALL declare and continuously reconcile asset identity, hardware and software bill of materials, posture, vulnerability, exploitability, patch, cohort, exception, and retirement through versioned desired state, observed state, ownership, and audit evidence.",V06-F016,infrastructure,missing,unverified,none,omission,P7-D,,"No versioned desired-state/observed-state reconciliation for: asset identity, hardware and software bill of materials, posture, vulnerability, exploitability, patch, cohort, exception, and retirement. Add an infrastructure manifest (Vol 6 App H), an observed-state inventory and audit evidence of rec","Vol 6 App N anchors: C-007, C-039, C-043, C-048, C-050; V4:53, V4:55, V4:56, V4:63, V4:69; V5:15, V5:18, V5:62, V5:67, V5:70",v06.txt:page 10:L305,
IA-69-003,V6,"69 Fleet, Patch, and Vulnerability Management",154,"The implementation SHALL enforce this boundary: severity alone does not determine action; exploitability, exposure, consequence, compatibility, compensating controls, and recovery are evaluated together.",V06-F016,infrastructure,partial,passed:ci,merged,phase0,P7-D,"docs/SCANNER_DISPOSITIONS.md (exploitability, exposure, compensating controls per finding); scripts/gate/scanner-exclusions.json",Multi-factor evaluation is manual per disposition; no automated decision,"Vol 6 App N anchors: C-007, C-039, C-043, C-048, C-050; V4:53, V4:55, V4:56, V4:63, V4:69; V5:15, V5:18, V5:62, V5:67, V5:70",v06.txt:page 10:L317,main+test
IA-69-004,V6,"69 Fleet, Patch, and Vulnerability Management",154,"SaaS, Private Cloud, and On-Premise SHALL preserve the same authority, state, isolation, failure, recovery, evidence, replay, and human-decision semantics for Fleet, Patch, and Vulnerability Management.",V06-F016,infrastructure,missing,unverified,none,omission,P7-D,"docker-compose.yml (digest-pinned postgres/redis, loopback only, required env, local-dev profile per EXC-P0-004); apps/api/src/policy/pdp.service.ts (environment.deployment hard-coded local-dev)","Only the local-dev profile exists; no SaaS, Private Cloud or On-Premise profile and no shared conformance fixtures proving identical semantics for this chapter","Cross-volume: V0 C-042 (deployment semantic parity); V3 Ch 39–43; V4 Ch 14.; Vol 6 App N anchors: C-007, C-039, C-043, C-048, C-050; V4:53, V4:55, V4:56, V4:63, V4:69; V5:15, V5:18, V5:62, V5:67, V5:70",v06.txt:page 10:L327,main
IA-69-005,V6,"69 Fleet, Patch, and Vulnerability Management",155,"When a critical exposure emerges, inventory is incomplete, patching fails, or support expires, the platform SHALL contain reachable risk, revoke or isolate affected assets, deploy the certified remedy, and track exceptions to closure; it SHALL NOT infer healthy, complete, current, authorized, or recovered state.",V06-F016,infrastructure,partial,unverified,merged,phase0,R0,recheck fails when a patched image appears,No containment/isolation of affected assets or certified-remedy deployment (no patched official image; candidates unpinned),"R0 owns the C15 remediation.; Vol 6 App N anchors: C-007, C-039, C-043, C-048, C-050; V4:53, V4:55, V4:56, V4:63, V4:69; V5:15, V5:18, V5:62, V5:67, V5:70 | UNRESOLVED pointer(s) at 2e83945: exceptions expire (check-patched-images.mjs) | passed:ci lacked a resolved test/CI pointer → unverified",v06.txt:page 154:L9299,
IA-69-006,V6,"69 Fleet, Patch, and Vulnerability Management",155,"Production admission and continued operation SHALL require inventory reconciliation, vulnerability and exploit simulation, emergency patching, rollback, offline fleet update, and retirement proofs, bound to the exact artifacts, configuration, topology, customer scope, deployment profile, and period under review.",V06-F016,infrastructure,missing,unverified,none,omission,P7-D,,"No production admission gate binds inventory reconciliation, vulnerability and exploit simulation, emergency patching, rollback, offline fleet update, and retirement proofs to exact artifacts, configuration, topology, customer scope, profile and period; CI binds gate evidence to a commit SHA and run","Vol 6 App N anchors: C-007, C-039, C-043, C-048, C-050; V4:53, V4:55, V4:56, V4:63, V4:69; V5:15, V5:18, V5:62, V5:67, V5:70",v06.txt:page 11:L355,
IA-70-001,V6,"70 Cost, FinOps, Sustainability, and Unit Economics",156,"The infrastructure realization of Cost, FinOps, Sustainability, and Unit Economics SHALL make infrastructure cost, capacity, energy, carbon, license, provider, and operational efficiency visible by tenant, capability, product, and deployment profile.",V06-F017,commercial,missing,unverified,none,omission,P7-F,,"No cost, capacity, energy, carbon, licence or efficiency visibility by tenant/capability/product/profile","Not scheduled in any phase of docs/the-eye-master-build-prompt.md (stack: Docker Compose for local dev, GitHub Actions CI); owner package P7-D.; Vol 6 App N anchors: C-006, C-035, C-038, C-045, C-050; V4:9, V4:14, V4:58, V4:59, V4:71, V4:72; V5:22, V5:68, V5:70, V5:71",v06.txt:page 156:L9439,
IA-70-002,V6,"70 Cost, FinOps, Sustainability, and Unit Economics",156,"Every production instance SHALL declare and continuously reconcile cost and resource ledger, allocation key, rate, reservation, budget, forecast, anomaly, energy, carbon, and optimization decision through versioned desired state, observed state, ownership, and audit evidence.",V06-F017,commercial,missing,unverified,none,omission,P7-F,,"No versioned desired-state/observed-state reconciliation for: cost and resource ledger, allocation key, rate, reservation, budget, forecast, anomaly, energy, carbon, and optimization decision. Add an infrastructure manifest (Vol 6 App H), an observed-state inventory and audit evidence of reconciliat","Vol 6 App N anchors: C-006, C-035, C-038, C-045, C-050; V4:9, V4:14, V4:58, V4:59, V4:71, V4:72; V5:22, V5:68, V5:70, V5:71",v06.txt:page 10:L305,
IA-70-003,V6,"70 Cost, FinOps, Sustainability, and Unit Economics",156,"The implementation SHALL enforce this boundary: economic optimization may not weaken isolation, resilience, sovereignty, quality, evidence, accessibility, or human authority.",V06-F017,commercial,missing,unverified,none,omission,P7-F,,No economic optimisation exists,"Vol 6 App N anchors: C-006, C-035, C-038, C-045, C-050; V4:9, V4:14, V4:58, V4:59, V4:71, V4:72; V5:22, V5:68, V5:70, V5:71",v06.txt:page 10:L317,
IA-70-004,V6,"70 Cost, FinOps, Sustainability, and Unit Economics",157,"SaaS, Private Cloud, and On-Premise SHALL preserve the same authority, state, isolation, failure, recovery, evidence, replay, and human-decision semantics for Cost, FinOps, Sustainability, and Unit Economics.",V06-F017,commercial,missing,unverified,none,omission,P7-F,"docker-compose.yml (digest-pinned postgres/redis, loopback only, required env, local-dev profile per EXC-P0-004); apps/api/src/policy/pdp.service.ts (environment.deployment hard-coded local-dev)","Only the local-dev profile exists; no SaaS, Private Cloud or On-Premise profile and no shared conformance fixtures proving identical semantics for this chapter","Cross-volume: V0 C-042 (deployment semantic parity); V3 Ch 39–43; V4 Ch 14.; Vol 6 App N anchors: C-006, C-035, C-038, C-045, C-050; V4:9, V4:14, V4:58, V4:59, V4:71, V4:72; V5:22, V5:68, V5:70, V5:71",v06.txt:page 10:L327,main
IA-70-005,V6,"70 Cost, FinOps, Sustainability, and Unit Economics",157,"When cost or energy exceeds budget, allocation is unreliable, or an optimization would breach a control or SLO, the platform SHALL stop the unsafe optimization, expose trade-offs, apply approved demand controls, and route material variance to accountable owners; it SHALL NOT infer healthy, complete, current, authorized, or recovered state.",V06-F017,commercial,missing,unverified,none,omission,P7-F,,No budget/variance controls,"Vol 6 App N anchors: C-006, C-035, C-038, C-045, C-050; V4:9, V4:14, V4:58, V4:59, V4:71, V4:72; V5:22, V5:68, V5:70, V5:71",v06.txt:page 156:L9434,
IA-70-006,V6,"70 Cost, FinOps, Sustainability, and Unit Economics",157,"Production admission and continued operation SHALL require allocation reconciliation, unit-cost benchmarks, budget anomaly tests, capacity and energy models, and control-preserving optimization review, bound to the exact artifacts, configuration, topology, customer scope, deployment profile, and period under review.",V06-F017,commercial,missing,unverified,none,omission,P7-F,,"No production admission gate binds allocation reconciliation, unit-cost benchmarks, budget anomaly tests, capacity and energy models, and control-preserving optimization review to exact artifacts, configuration, topology, customer scope, profile and period; CI binds gate evidence to a commit SHA and","Vol 6 App N anchors: C-006, C-035, C-038, C-045, C-050; V4:9, V4:14, V4:58, V4:59, V4:71, V4:72; V5:22, V5:68, V5:70, V5:71",v06.txt:page 11:L355,
IA-71-001,V6,71 Deployment Acceptance and Operational Readiness,158,"The infrastructure realization of Deployment Acceptance and Operational Readiness SHALL prove that a specific customer deployment can operate, fail, recover, secure, explain, support, upgrade, and retire the contracted product scope.",V06-F017,infrastructure,partial,passed:ci,branch-only,phase0,P7-D,ci.yml acceptance suite (15 criteria + request paths); PHASE6_REPORT.md §7.1 (demonstration on a fresh deployment); e2e/*.spec.ts,"Acceptance is per-phase functional acceptance on the developer profile; no customer-deployment acceptance covering operate, fail, recover, secure, explain, support, upgrade and retire","Master build prompt Phase 7: deployment packaging; operational readiness unscheduled.; Vol 6 App N anchors: C-003, C-006, C-008, C-049, C-051; V4:14, V4:57, V4:61, V4:63, V4:71, V4:72; V5:66, V5:67, V5:68, V5:70, V5:71, V5:72 | release_status merged → branch-only from the evidence at 2e83945",v06.txt:page 158:L9573,branch+main+test
IA-71-002,V6,71 Deployment Acceptance and Operational Readiness,158,"Every production instance SHALL declare and continuously reconcile acceptance scope, deployment profile, topology, release, tests, open conditions, operators, customer controls, evidence, and expiry through versioned desired state, observed state, ownership, and audit evidence.",V06-F017,infrastructure,missing,unverified,none,phase7,P7-D,,"No versioned desired-state/observed-state reconciliation for: acceptance scope, deployment profile, topology, release, tests, open conditions, operators, customer controls, evidence, and expiry. Add an infrastructure manifest (Vol 6 App H), an observed-state inventory and audit evidence of reconcili","Vol 6 App N anchors: C-003, C-006, C-008, C-049, C-051; V4:14, V4:57, V4:61, V4:63, V4:71, V4:72; V5:66, V5:67, V5:68, V5:70, V5:71, V5:72",v06.txt:page 10:L305,
IA-71-003,V6,71 Deployment Acceptance and Operational Readiness,158,"The implementation SHALL enforce this boundary: acceptance is scoped to exact artifacts, environment, integrations, data classes, workloads, consequence levels, and operating responsibilities.",V06-F017,infrastructure,partial,unverified,none,phase0,P7-D,,"Not scoped to environment, integrations, data classes, workloads, consequence levels or operating responsibilities","Vol 6 App N anchors: C-003, C-006, C-008, C-049, C-051; V4:14, V4:57, V4:61, V4:63, V4:71, V4:72; V5:66, V5:67, V5:68, V5:70, V5:71, V5:72 | UNRESOLVED pointer(s) at 2e83945: gate evidence bound to the exact SHA, run attempt and target descriptor (scripts/gate/assert-final-manifests.mjs) | release_status merged → none from the evidence at 2e83945 | passed:ci lacked a resolved test/CI pointer → unverified",v06.txt:page 10:L317,
IA-71-004,V6,71 Deployment Acceptance and Operational Readiness,159,"SaaS, Private Cloud, and On-Premise SHALL preserve the same authority, state, isolation, failure, recovery, evidence, replay, and human-decision semantics for Deployment Acceptance and Operational Readiness.",V06-F017,infrastructure,missing,unverified,none,omission,P7-D,"docker-compose.yml (digest-pinned postgres/redis, loopback only, required env, local-dev profile per EXC-P0-004); apps/api/src/policy/pdp.service.ts (environment.deployment hard-coded local-dev)","Only the local-dev profile exists; no SaaS, Private Cloud or On-Premise profile and no shared conformance fixtures proving identical semantics for this chapter","Cross-volume: V0 C-042 (deployment semantic parity); V3 Ch 39–43; V4 Ch 14.; Vol 6 App N anchors: C-003, C-006, C-008, C-049, C-051; V4:14, V4:57, V4:61, V4:63, V4:71, V4:72; V5:66, V5:67, V5:68, V5:70, V5:71, V5:72",v06.txt:page 10:L327,main
IA-71-005,V6,71 Deployment Acceptance and Operational Readiness,159,"When a mandatory test fails, evidence is stale, an open condition exceeds tolerance, or operators cannot execute required procedures, the platform SHALL withhold production authority or restrict the accepted scope, record conditions, and retest after verified remediation; it SHALL NOT infer healthy, complete, current, authorized, or recovered state.",V06-F017,infrastructure,partial,unverified,merged,phase0,P7-D,failing mandatory gates withhold merge; expired evidence fails (c15 recheck),"No production-authority concept, accepted-scope restriction, condition records or retest workflow","Vol 6 App N anchors: C-003, C-006, C-008, C-049, C-051; V4:14, V4:57, V4:61, V4:63, V4:71, V4:72; V5:66, V5:67, V5:68, V5:70, V5:71, V5:72 | passed:ci lacked a resolved test/CI pointer → unverified",v06.txt:page 158:L9568,
IA-71-006,V6,71 Deployment Acceptance and Operational Readiness,159,"Production admission and continued operation SHALL require site and workload qualification, resilience and recovery, security, parity, operational drills, documentation, and signed joint acceptance, bound to the exact artifacts, configuration, topology, customer scope, deployment profile, and period under review.",V06-F017,infrastructure,missing,unverified,none,phase7,P7-D,,"No production admission gate binds site and workload qualification, resilience and recovery, security, parity, operational drills, documentation, and signed joint acceptance to exact artifacts, configuration, topology, customer scope, profile and period; CI binds gate evidence to a commit SHA and ru","Vol 6 App N anchors: C-003, C-006, C-008, C-049, C-051; V4:14, V4:57, V4:61, V4:63, V4:71, V4:72; V5:66, V5:67, V5:68, V5:70, V5:71, V5:72",v06.txt:page 11:L355,
IA-72-001,V6,72 Infrastructure Governance and Baseline Closure,160,"The infrastructure realization of Infrastructure Governance and Baseline Closure SHALL keep infrastructure architecture coherent through ownership, exceptions, architecture decisions, lifecycle evidence, metrics, reviews, and controlled amendment.",V06-F017,governance-docs,partial,unverified,branch-only,phase0,P7-D,ADR-P0-xx / EXC-P0-xxx / EXC-P1-xxx references in code and docs; PROGRESS.md; FULL_PRODUCT_DELIVERY_REGISTER.md; docs/SCANNER_DISPOSITIONS.md,"Exceptions and decisions are recorded in prose and JSON; no infrastructure governance registry, metrics, reviews or amendment workflow; Volume 6 marked not started in the register","Vol 6 App N anchors: C-001, C-003, C-004, C-049, C-051, C-052; V4:1, V4:2, V4:6, V4:64, V4:72; V5:1, V5:2, V5:6, V5:70, V5:71, V5:72 | release_status merged → branch-only from the evidence at 2e83945",v06.txt:page 10:L295,branch+main
IA-72-002,V6,72 Infrastructure Governance and Baseline Closure,160,"Every production instance SHALL declare and continuously reconcile architecture decision, standard, exception, risk acceptance, review cadence, conformance state, amendment, and closure evidence through versioned desired state, observed state, ownership, and audit evidence.",V06-F017,governance-docs,missing,unverified,none,omission,P7-D,,"No versioned desired-state/observed-state reconciliation for: architecture decision, standard, exception, risk acceptance, review cadence, conformance state, amendment, and closure evidence. Add an infrastructure manifest (Vol 6 App H), an observed-state inventory and audit evidence of reconciliatio","Vol 6 App N anchors: C-001, C-003, C-004, C-049, C-051, C-052; V4:1, V4:2, V4:6, V4:64, V4:72; V5:1, V5:2, V5:6, V5:70, V5:71, V5:72",v06.txt:page 10:L305,
IA-72-003,V6,72 Infrastructure Governance and Baseline Closure,160,The implementation SHALL enforce this boundary: technology and provider choices may evolve behind frozen contracts; local implementation cannot redefine the Strategic Intelligence Operating System.,V06-F017,governance-docs,partial,unverified,merged,phase0,P7-D,"conformance.manifest.json (repository units -> component ids, controls, owners; Phase 0 framing)",No frozen infrastructure contracts exist for technology to evolve behind,"Vol 6 App N anchors: C-001, C-003, C-004, C-049, C-051, C-052; V4:1, V4:2, V4:6, V4:64, V4:72; V5:1, V5:2, V5:6, V5:70, V5:71, V5:72",v06.txt:page 10:L317,main
IA-72-004,V6,72 Infrastructure Governance and Baseline Closure,161,"SaaS, Private Cloud, and On-Premise SHALL preserve the same authority, state, isolation, failure, recovery, evidence, replay, and human-decision semantics for Infrastructure Governance and Baseline Closure.",V06-F017,governance-docs,missing,unverified,none,omission,P7-D,"docker-compose.yml (digest-pinned postgres/redis, loopback only, required env, local-dev profile per EXC-P0-004); apps/api/src/policy/pdp.service.ts (environment.deployment hard-coded local-dev)","Only the local-dev profile exists; no SaaS, Private Cloud or On-Premise profile and no shared conformance fixtures proving identical semantics for this chapter","Cross-volume: V0 C-042 (deployment semantic parity); V3 Ch 39–43; V4 Ch 14.; Vol 6 App N anchors: C-001, C-003, C-004, C-049, C-051, C-052; V4:1, V4:2, V4:6, V4:64, V4:72; V5:1, V5:2, V5:6, V5:70, V5:71, V5:72",v06.txt:page 10:L327,main
IA-72-005,V6,72 Infrastructure Governance and Baseline Closure,161,"When material divergence, unmanaged debt, repeated exception, obsolete control, or unresolved responsibility threatens the baseline, the platform SHALL constrain affected change, assign accountable remediation, elevate semantic conflicts, and amend only through the authority chain; it SHALL NOT infer healthy, complete, current, authorized, or recovered state.",V06-F017,governance-docs,missing,unverified,none,omission,P7-D,,No divergence/debt/exception tracking with accountable remediation or amendment path,"Vol 6 App N anchors: C-001, C-003, C-004, C-049, C-051, C-052; V4:1, V4:2, V4:6, V4:64, V4:72; V5:1, V5:2, V5:6, V5:70, V5:71, V5:72",v06.txt:page 160:L9705,
IA-72-006,V6,72 Infrastructure Governance and Baseline Closure,161,"Production admission and continued operation SHALL require architecture review, exception aging, conformance trends, decision replay, retirement evidence, and executive baseline attestation, bound to the exact artifacts, configuration, topology, customer scope, deployment profile, and period under review.",V06-F017,governance-docs,missing,unverified,none,omission,P7-D,,"No production admission gate binds architecture review, exception aging, conformance trends, decision replay, retirement evidence, and executive baseline attestation to exact artifacts, configuration, topology, customer scope, profile and period; CI binds gate evidence to a commit SHA and run attemp","Vol 6 App N anchors: C-001, C-003, C-004, C-049, C-051, C-052; V4:1, V4:2, V4:6, V4:64, V4:72; V5:1, V5:2, V5:6, V5:70, V5:71, V5:72",v06.txt:page 11:L355,
INF-DP-01,V6,App A Infrastructure Component Catalog,163,"Deployment Deployment profile registry Registry Management plane Resolve certified SaaS, Private Cloud, On-Premise, disconnected, and air-gapped profiles.",V06-F002,infrastructure,missing,unverified,none,omission,P7-D,,No deployment/management-plane component of this kind exists (local compose profile only),,v06.txt:page 163:L9843,
INF-DP-02,V6,App A Infrastructure Component Catalog,163,"Deployment Environment and site registry Registry Management plane Own regions, zones, sites, environments, and installed instance identity.",V06-F002,infrastructure,missing,unverified,none,omission,P7-D,,No deployment/management-plane component of this kind exists (local compose profile only),,v06.txt:page 163:L9849,
INF-DP-03,V6,App A Infrastructure Component Catalog,163,"Deployment Intelligence cell controller Control Cell Reconcile cell composition, placement, isolation, and lifecycle.",V06-F002,infrastructure,missing,unverified,none,omission,P7-D,,No deployment/management-plane component of this kind exists (local compose profile only),,v06.txt:page 163:L9855,
INF-DP-04,V6,App A Infrastructure Component Catalog,163,"Deployment Tenant placement service Control Cell Apply locality, capacity, sovereignty, and isolation constraints to tenant placement.",V06-F002,infrastructure,missing,unverified,none,omission,P7-D,,No deployment/management-plane component of this kind exists (local compose profile only),,v06.txt:page 163:L9858,
INF-DP-05,V6,App A Infrastructure Component Catalog,163,"Deployment Topology controller Control Region / site Reconcile regional, zonal, site, and dependency topology.",V06-F002,infrastructure,missing,unverified,none,omission,P7-D,,No deployment/management-plane component of this kind exists (local compose profile only),,v06.txt:page 163:L9861,
INF-DP-06,V6,App A Infrastructure Component Catalog,163,"Deployment Disconnected operations controller Control Site Coordinate offline continuity, imports, exports, and later reconciliation.",V06-F002,infrastructure,missing,unverified,none,omission,P7-D,,No deployment/management-plane component of this kind exists (local compose profile only),,v06.txt:page 163:L9864,
INF-DP-07,V6,App A Infrastructure Component Catalog,163,Deployment Management-plane gateway Control Management plane Mediate signed fleet commands and bounded support operations.,V06-F002,infrastructure,missing,unverified,none,omission,P7-D,,No deployment/management-plane component of this kind exists (local compose profile only),,v06.txt:page 163:L9868,
INF-DP-08,V6,App A Infrastructure Component Catalog,163,"Deployment Customer control bridge Control Customer boundary Expose customer-held controls, approvals, evidence, and responsibility state.",V06-F002,infrastructure,missing,unverified,none,omission,P7-D,,No deployment/management-plane component of this kind exists (local compose profile only),,v06.txt:page 163:L9873,
INF-DP-09,V6,App A Infrastructure Component Catalog,163,"Deployment Fleet inventory service Registry Management plane Track physical and virtual assets, versions, posture, and ownership.",V06-F002,infrastructure,missing,unverified,none,omission,P7-D,,No deployment/management-plane component of this kind exists (local compose profile only),,v06.txt:page 163:L9878,
INF-DP-10,V6,App A Infrastructure Component Catalog,163,Deployment Deployment conformance service Evidence Release cohort Run common semantic and infrastructure conformance suites.,V06-F002,infrastructure,partial,passed:ci,merged,phase0,P7-D,ci.yml acceptance suite (15 criteria); test/acceptance; e2e specs,Conformance suites run for one profile in CI only; no semantic/infrastructure suite executed per deployment profile,,v06.txt:page 163:L9884,main+test
INF-CP-01,V6,App A Infrastructure Component Catalog,163,"Compute General compute pool Runtime Node pool Host portable service, policy, workflow, and analytical workloads.",V06-F003,infrastructure,missing,unverified,none,omission,P7-D,,No such compute component exists,,v06.txt:page 163:L9888,
INF-CP-02,V6,App A Infrastructure Component Catalog,163,"Compute Memory-optimized compute pool Runtime Node pool Host graph, cache, index, and memory-intensive workloads.",V06-F003,infrastructure,missing,unverified,none,omission,P7-D,,No such compute component exists,,v06.txt:page 163:L9891,
INF-CP-03,V6,App A Infrastructure Component Catalog,163,"Compute Compute-intensive pool Runtime Node pool Host simulation, transformation, and deterministic analytical workloads.",V06-F003,infrastructure,missing,unverified,none,omission,P7-D,,No such compute component exists,,v06.txt:page 163:L9895,
INF-CP-04,V6,App A Infrastructure Component Catalog,163,"Compute Accelerator pool Runtime Accelerator island Host approved inference, simulation, and AI processing workloads.",V06-F003,infrastructure,missing,unverified,none,omission,P7-D,,No such compute component exists,,v06.txt:page 163:L9898,
INF-CP-05,V6,App A Infrastructure Component Catalog,163,"Compute Accelerator partition manager Control Device Enforce device partitions, tenancy, topology, and memory isolation.",V06-F003,infrastructure,missing,unverified,none,omission,P7-D,,No such compute component exists,,v06.txt:page 163:L9901,
INF-CP-06,V6,App A Infrastructure Component Catalog,163,Compute Model serving runtime Runtime Serving cell Execute immutable model and adapter artifacts behind task contracts.,V06-F003,infrastructure,partial,passed:harness,merged,phase2,P2,"apps/api/src/intelligence/gateway/model-gateway.service.ts (modes replay | local-live Ollama/llama.cpp, pinned model digest/prompt version, no hosted provider); test/int/phase2-acceptance.test.ts",Local adapter only; no serving cell executing immutable model artifacts behind task contracts,,v06.txt:page 163:L9905,main+test
INF-CP-07,V6,App A Infrastructure Component Catalog,163,Compute Agent worker pool Runtime Worker cell Execute identity-bound agent tasks inside controlled sandboxes.,V06-F003,infrastructure,partial,unverified,branch-only,phase6,P7-A,apps/api/src/observation/scheduling/collection-worker.service.ts; apps/api/src/executive/agents/agent-worker.service.ts (BullMQ workers in the API process),Workers run in-process; no sandboxed worker pool,passed:harness lacked a resolved test/CI pointer → unverified,v06.txt:page 163:L9908,branch
INF-CP-08,V6,App A Infrastructure Component Catalog,163,"Compute Batch worker pool Runtime Processing cell Execute bounded data, graph, evaluation, and index workloads.",V06-F003,infrastructure,missing,unverified,none,omission,P7-D,,No such compute component exists,,v06.txt:page 163:L9911,
INF-CP-09,V6,App A Infrastructure Component Catalog,163,Compute Stream processor pool Runtime Processing cell Execute continuous event and signal processing with checkpoints.,V06-F003,infrastructure,missing,unverified,none,omission,P7-D,,No such compute component exists,,v06.txt:page 163:L9914,
INF-CP-10,V6,App A Infrastructure Component Catalog,163,"Compute Edge runtime Runtime Remote site Collect, buffer, filter, and transfer evidence under constrained connectivity.",V06-F003,infrastructure,missing,unverified,none,omission,P7-D,,No such compute component exists,,v06.txt:page 163:L9917,
INF-CP-11,V6,App A Infrastructure Component Catalog,163,"Compute Scheduler and admission controller Control Cluster / cell Apply fit, quota, priority, fairness, and disruption policy.",V06-F003,infrastructure,partial,unverified,merged,phase1,P7-D,config eye.connector.*_concurrency,No fit/quota/priority/fairness/disruption policy,"UNRESOLVED pointer(s) at 2e83945: scheduler.service.ts (60-second floor, per-source and worker concurrency)",v06.txt:page 163:L9920,
INF-CP-12,V6,App A Infrastructure Component Catalog,163,"Compute Resource metering service Ledger Management plane Record resource, cost, energy, quota, and budget consumption.",V06-F003,infrastructure,missing,unverified,none,omission,P7-D,,No such compute component exists,,v06.txt:page 163:L9924,
INF-NW-01,V6,App A Infrastructure Component Catalog,163,"Network External access edge Runtime Region / site Terminate authenticated user, API, and system access.",V06-F005,infrastructure,missing,unverified,none,omission,P7-D,,No such network component exists (loopback-bound local profile),,v06.txt:page 163:L9930,
INF-NW-02,V6,App A Infrastructure Component Catalog,163,"Network API gateway Runtime Region / site Enforce API contracts, identity context, rate, and request evidence.",V06-F005,infrastructure,partial,unverified,merged,phase0,P7-D,apps/api/src/pipeline/http.ts,No rate control and no gateway tier; in-process only,"UNRESOLVED pointer(s) at 2e83945: pipeline.service.ts (contract validation, identity context, request evidence) | passed:harness lacked a resolved test/CI pointer → unverified",v06.txt:page 163:L9933,main
INF-NW-03,V6,App A Infrastructure Component Catalog,163,"Network Service connectivity fabric Runtime Cluster / cell Provide mutually authenticated, policy-governed service connectivity.",V06-F005,infrastructure,missing,unverified,none,omission,P7-D,,No such network component exists (loopback-bound local profile),,v06.txt:page 163:L9936,
INF-NW-04,V6,App A Infrastructure Component Catalog,163,"Network Network policy controller Control Trust domain Reconcile declared reachability, segmentation, and deny-by-default state.",V06-F005,infrastructure,missing,unverified,none,omission,P7-D,,No such network component exists (loopback-bound local profile),,v06.txt:page 163:L9940,
INF-NW-05,V6,App A Infrastructure Component Catalog,164,"Network Egress gateway Runtime Region / site Mediate destination, purpose, data class, and transfer controls.",V06-F005,infrastructure,partial,passed:harness,merged,phase1,P7-D,"apps/api/src/observation/connectors/http-client.ts (EgressPolicy host/scheme allowlist, private/loopback/link-local/metadata refusal, redirect/size limits); test/int/phase1-hostile-input.test.ts","In-process per-connector egress policy; no gateway, purpose/data-class mediation or receipts",,v06.txt:page 164:L9950,main+test
INF-NW-06,V6,App A Infrastructure Component Catalog,164,Network Connector network enclave Runtime Connector cell Isolate external source and enterprise-system connectivity.,V06-F005,infrastructure,missing,unverified,none,omission,P7-D,,No such network component exists (loopback-bound local profile),,v06.txt:page 164:L9953,
INF-NW-07,V6,App A Infrastructure Component Catalog,164,"Network Private connectivity gateway Runtime Customer boundary Terminate customer tunnels, private links, and controlled routes.",V06-F005,infrastructure,missing,unverified,none,omission,P7-D,,No such network component exists (loopback-bound local profile),,v06.txt:page 164:L9957,
INF-NW-08,V6,App A Infrastructure Component Catalog,164,Network DNS authority Stateful service Region / site Serve authoritative internal and deployment-local naming.,V06-F005,infrastructure,missing,unverified,none,omission,P7-D,,No such network component exists (loopback-bound local profile),,v06.txt:page 164:L9963,
INF-NW-09,V6,App A Infrastructure Component Catalog,164,Network Service discovery service Stateful service Cluster / cell Resolve healthy endpoints and version-aware service identity.,V06-F005,infrastructure,missing,unverified,none,omission,P7-D,,No such network component exists (loopback-bound local profile),,v06.txt:page 164:L9966,
INF-NW-10,V6,App A Infrastructure Component Catalog,164,Network Trusted time service Stateful service Region / site Provide attested time and clock-quality evidence.,V06-F005,infrastructure,missing,unverified,none,omission,P7-D,,No such network component exists (loopback-bound local profile),,v06.txt:page 164:L9969,
INF-NW-11,V6,App A Infrastructure Component Catalog,164,"Network Network telemetry collector Telemetry Region / site Measure flow, path, latency, loss, reachability, and change.",V06-F005,infrastructure,missing,unverified,none,omission,P7-D,,No such network component exists (loopback-bound local profile),,v06.txt:page 164:L9971,
INF-NW-12,V6,App A Infrastructure Component Catalog,164,"Network DDoS and protocol protection Protection Access edge Contain volumetric, protocol, and abuse conditions at ingress.",V06-F005,infrastructure,missing,unverified,none,omission,P7-D,,No such network component exists (loopback-bound local profile),,v06.txt:page 164:L9975,
INF-ST-01,V6,App A Infrastructure Component Catalog,164,Storage and State Transactional state platform Authoritative state Database cell Host consistency-sensitive operational state by owning service.,V06-F006,data-platform,implemented,passed:harness,branch-only,phase0,P7-D,"docker-compose.yml (digest-pinned postgres/redis, loopback only, required env, local-dev profile per EXC-P0-004); apps/api/migrations 0001–0050; apps/api/src/shared/db.ts (one pool per authority); migrations/0009_privilege_separation_and_bound_context.sql (eye_recovery never loaded by runtime); test/int/*.test.ts","Single instance; no database cell, replication or capacity contract",release_status merged → branch-only from the evidence at 2e83945,,branch+main+test
INF-ST-02,V6,App A Infrastructure Component Catalog,164,"Storage and State Evidence object store Authoritative evidence Storage cell Retain versioned source, media, document, and evidence objects.",V06-F006,data-platform,partial,unverified,merged,phase1,P7-D,apps/api/src/observation/vault/evidence.service.ts (digest re-verified on every read); config eye.vault.quarantine_root / evidence_root (local filesystem); migrations/0022_observation_registry_and_evidence.sql,"Local filesystem, not an object store; no replication, versioned buckets or backup",passed:harness lacked a resolved test/CI pointer → unverified,v06.txt:page 164:L9987,main
INF-ST-03,V6,App A Infrastructure Component Catalog,164,Storage and State Immutable audit store Protected evidence Audit domain Retain append-only audit evidence and integrity anchors.,V06-F006,data-platform,implemented,passed:harness,merged,phase0,P7-D,"apps/api/src/audit/audit.service.ts (hash chain verify/seal, tamper freeze); migrations/0004_audit.sql; migrations/0018_verifier_seal_governance.sql; test/int/audit-chain.test.ts; test/int/gate22-verifier-seal.test.ts; test/int/domain-isolation.test.ts; test/int/gate22-authority-matrix.test.ts",Integrity anchors are internal seals; no external anchoring of the audit ledger (C19 anchors CI evidence only) and no separate protected copy,UNRESOLVED pointer(s) at 2e83945: apps/api/migrations/0001…0050 (96 CREATE POLICY row-level security),v06.txt:page 164:L9993,main+test
INF-ST-04,V6,App A Infrastructure Component Catalog,164,"Storage and State Knowledge graph store Canonical state Graph cell Persist temporal graph, ontology, identity, evidence, and correction state.",V06-F006,data-platform,partial,passed:harness,merged,phase3,P3,test/int/phase3-acceptance.test.ts,"Postgres tables; no ontology, graph revision log or graph cell","UNRESOLVED pointer(s) at 2e83945: migrations/0024–0027 (graph entities, temporal edges, strategy, supersession)",v06.txt:page 164:L9999,main+test
INF-ST-05,V6,App A Infrastructure Component Catalog,164,Storage and State Graph projection and index store Derived state Graph cell Serve rebuildable traversal and analytical projections.,V06-F006,data-platform,missing,unverified,none,omission,P7-D,,No such storage component exists,,,
INF-ST-06,V6,App A Infrastructure Component Catalog,164,"Storage and State Search index platform Derived state Search cell Serve lexical, structured, temporal, and geospatial indexes.",V06-F006,data-platform,missing,unverified,none,omission,P7-D,,No such storage component exists,,v06.txt:page 164:L10010,
INF-ST-07,V6,App A Infrastructure Component Catalog,164,Storage and State Vector index platform Derived state Search cell Serve versioned embedding and multimodal retrieval projections.,V06-F006,data-platform,missing,unverified,none,omission,P7-D,,No such storage component exists,,v06.txt:page 164:L10015,
INF-ST-08,V6,App A Infrastructure Component Catalog,164,"Storage and State Digital twin state store Canonical state Twin cell Persist definitions, snapshots, branches, and intervention state.",V06-F006,data-platform,partial,passed:harness,branch-only,phase5,P5,migrations/0032_twin_registry.sql; 0034–0037; test/int/phase5-twins.test.ts,Definitions and versions persist; no snapshot/branch/intervention state store beyond simulation runs,release_status merged → branch-only from the evidence at 2e83945,v06.txt:page 164:L10020,branch+test
INF-ST-09,V6,App A Infrastructure Component Catalog,164,"Storage and State Simulation result store Product state Simulation cell Persist run inputs, checkpoints, outputs, and comparisons.",V06-F006,data-platform,implemented,passed:harness,branch-only,phase5,P5,"migrations/0033_simulation_runs.sql (inputs, snapshot, outputs, comparisons); test/int/phase5-simulations.test.ts",No solver checkpoints,release_status merged → branch-only from the evidence at 2e83945,v06.txt:page 164:L10025,branch+test
INF-ST-10,V6,App A Infrastructure Component Catalog,164,Storage and State Event streaming platform Durable log Messaging cell Deliver ordered partitioned events with replay.,V06-F006,data-platform,partial,passed:harness,merged,phase0,P7-D,"apps/api/src/objects/outbox.publisher.ts (at-least-once, idempotent job ids, compare-and-set ack); migrations/0015_outbox_hardening.sql; test/int/gate22-outbox-hardening.test.ts",Outbox to BullMQ is not an ordered partitioned event log with replay,,v06.txt:page 164:L10030,main+test
INF-ST-11,V6,App A Infrastructure Component Catalog,164,"Storage and State Durable queue platform Durable work state Messaging cell Deliver work, retry, delay, and dead-letter state.",V06-F006,data-platform,partial,passed:harness,branch-only,phase0,P7-D,"apps/api/src/observation/scheduling/scheduler.service.ts (BullMQ job schedulers, scope-prefixed queues, payload carries no authority, attempts 3 exponential backoff); migrations/0038_scheduled_collection.sql; migrations/0040_scheduled_attempt_faults.sql; test/int/phase6-scheduled-collection.test.ts; test/int/phase6-scheduled-corrections.test.ts; apps/api/src/objects/outbox.publisher.ts (at-least-once, idempotent job ids, compare-and-set ack); migrations/0015_outbox_hardening.sql; test/int/gate22-outbox-hardening.test.ts","BullMQ on a single Redis: retry and delay exist; no dead-letter queue, no replication",release_status merged → branch-only from the evidence at 2e83945,v06.txt:page 164:L10034,branch+main+test
INF-ST-12,V6,App A Infrastructure Component Catalog,164,Storage and State Distributed cache platform Derived temporary state Cell Accelerate reads under explicit source revision and invalidation.,V06-F006,data-platform,missing,unverified,none,omission,P7-D,,No such storage component exists,,,
INF-ST-13,V6,App A Infrastructure Component Catalog,164,"Storage and State Checkpoint store Recoverable execution state Workflow cell Persist agent, workflow, stream, and simulation recovery points.",V06-F006,data-platform,missing,unverified,none,phase7,P7-A,,"No checkpoint store for agents, workflows, streams or simulations",,v06.txt:page 164:L10048,
INF-ST-14,V6,App A Infrastructure Component Catalog,164,Storage and State Backup and recovery vault Recovery state Recovery domain Retain immutable encrypted recovery sets and restore evidence.,V06-F006,data-platform,missing,unverified,none,omission,P7-D,FULL_PRODUCT_DELIVERY_REGISTER.md §7 (durable deployment recovery: partial; .eye-local loss of 2026-09-09),No backup and recovery vault,UNRESOLVED pointer(s) at 2e83945: no backup/restore procedure for the local vault and degraded journal,,branch
INF-PF-01,V6,App A Infrastructure Component Catalog,164,"Platform Runtime Container orchestration control Control Cluster Reconcile workloads, placement, identity, health, and disruption.",V06-F008,infrastructure,missing,unverified,none,omission,P7-D,,No such platform component exists,,,
INF-PF-02,V6,App A Infrastructure Component Catalog,164,"Platform Runtime Runtime admission service Control Cluster / cell Verify identity, artifact, policy, resource, and placement before execution.",V06-F008,infrastructure,partial,passed:ci,merged,phase0,P7-D,"docker-compose.yml (digest-pinned postgres/redis, loopback only, required env, local-dev profile per EXC-P0-004); ci.yml pinned-digest consistency",Artifact pin verified for backing images only; no identity/policy/resource/placement admission before execution,,,main+test
INF-PF-03,V6,App A Infrastructure Component Catalog,164,"Platform Runtime Internal developer platform Control Management plane Provide governed service, state, delivery, and operations patterns.",V06-F008,infrastructure,partial,unverified,merged,phase0,P7-D,pnpm workspace; .dependency-cruiser.cjs; packages/contracts; conformance.manifest.json,No governed service/state/delivery/operations patterns beyond module boundaries and contracts,passed:ci lacked a resolved test/CI pointer → unverified,,main
INF-PF-04,V6,App A Infrastructure Component Catalog,164,"Platform Runtime Service catalog Registry Management plane Own service, owner, contract, dependency, SLO, and support registration.",V06-F008,infrastructure,partial,unverified,merged,phase0,P7-D,"conformance.manifest.json (repository units -> component ids, controls, owners; Phase 0 framing)","Owner, component and controls registered; no contract, dependency, SLO or support registration",,v06.txt:page 164:L10084,main
INF-PF-05,V6,App A Infrastructure Component Catalog,164,"Platform Runtime Workflow engine Durable runtime Workflow cell Execute versioned workflows, timers, tasks, gates, and compensation.",V06-F008,infrastructure,partial,passed:harness,branch-only,phase6,P6,"migrations/0042 (approvals, quorum, expiry), 0045 (monitoring); scheduler job schedulers (timers); test/int/phase6-approvals.test.ts","No versioned workflow definitions, tasks, compensation engine",,v06.txt:page 164:L10091,branch+test
INF-PF-06,V6,App A Infrastructure Component Catalog,164,Platform Runtime Agent sandbox controller Control Agent cell Create and destroy capability-bounded agent execution environments.,V06-F008,infrastructure,missing,unverified,none,phase7,P7-A,"apps/api/src/executive/agents/agents.service.ts (budgets checked before work, stop conditions max_items/on_degraded, escalation principal); apps/api/src/executive/agents/agent-worker.service.ts (startup reconciliation); migrations/0046_executive_agents_and_runs.sql; test/int/phase6-agents.test.ts",No sandbox controller; agents run in-process,,v06.txt:page 164:L10096,branch+test
INF-PF-07,V6,App A Infrastructure Component Catalog,164,"Platform Runtime Tool capability bridge Control Agent cell Enforce typed tool calls, side-effect classes, receipts, and revocation.",V06-F008,infrastructure,partial,unverified,merged,phase6,P7-A,apps/api/src/shared/capabilities.ts (action-specific capabilities),"No typed tool calls, side-effect classes, receipts or grant revocation for agents",UNRESOLVED pointer(s) at 2e83945: agents budgets (agents.service.ts) | release_status branch-only → merged from the evidence at 2e83945 | passed:harness lacked a resolved test/CI pointer → unverified,v06.txt:page 164:L10101,main
INF-PF-08,V6,App A Infrastructure Component Catalog,164,"Platform Runtime Model gateway Runtime Inference cell Resolve approved model routes, policies, budgets, and provider adapters.",V06-F008,infrastructure,partial,passed:harness,merged,phase2,P2,"apps/api/src/intelligence/gateway/model-gateway.service.ts (modes replay | local-live Ollama/llama.cpp, pinned model digest/prompt version, no hosted provider); test/int/phase2-acceptance.test.ts","No route resolution, policies, budgets or provider adapters",,v06.txt:page 164:L10106,main+test
INF-PF-09,V6,App A Infrastructure Component Catalog,164,Platform Runtime Retrieval gateway Runtime Retrieval cell Mediate hybrid retrieval and context-manifest construction.,V06-F008,infrastructure,partial,unverified,merged,phase3,P3,apps/api/src/graph/search/search.service.ts,No hybrid retrieval or context-manifest construction,passed:harness lacked a resolved test/CI pointer → unverified,v06.txt:page 164:L10111,main
INF-PF-10,V6,App A Infrastructure Component Catalog,165,"Platform Runtime Pipeline orchestrator Durable runtime Processing cell Execute governed data, graph, model, index, and evaluation pipelines.",V06-F008,infrastructure,missing,unverified,none,omission,P7-D,,No such platform component exists,,v06.txt:page 165:L10123,
INF-PF-11,V6,App A Infrastructure Component Catalog,165,"Platform Runtime Experience delivery platform Runtime Experience cell Serve executive surfaces, briefings, approvals, and collaboration.",V06-F008,infrastructure,partial,passed:browser,branch-only,phase6,P6,apps/web (Next.js); apps/api/src/executive; e2e/phase6-decisions.demo.spec.ts,Single instance; no experience cell,,,branch+test
INF-PF-12,V6,App A Infrastructure Component Catalog,165,Platform Runtime Connector runtime Runtime Connector cell Execute isolated source and enterprise connectors.,V06-F008,infrastructure,partial,unverified,merged,phase1,P1,apps/api/src/observation/connectors (in-process rss/rest/upload with egress and content controls),Connectors are not isolated packages in a connector cell,passed:harness lacked a resolved test/CI pointer → unverified,v06.txt:page 165:L10135,main
INF-TR-01,V6,App A Infrastructure Component Catalog,165,Trust and Security Human identity federation Trust state Trust domain Federate and authenticate human principals and assurance context.,V06-F010,identity-policy,partial,passed:harness,merged,phase0,P7-D,"apps/api/src/identity/identity.service.ts (HS256 JWT with kid, 15-min access, refresh rotation, assurance password|break_glass|bootstrap_rotation); migrations/0002_identity_tenancy.sql; migrations/0017_identity_mutator_governance.sql; test/int/gate22-identity-mutators.test.ts",Local password authentication only; no federation or assurance context,,v06.txt:page 165:L10139,main+test
INF-TR-02,V6,App A Infrastructure Component Catalog,165,Trust and Security Workload identity issuer Trust state Trust domain Issue short-lived attested service and workload identities.,V06-F010,identity-policy,partial,unverified,merged,phase1,P7-D,apps/api/src/observation/agents/agents.service.ts (agent principal + code digest per registration),"Agent principals are durable registrations, not short-lived attested workload identities; no service identities",,v06.txt:page 165:L10144,main
INF-TR-03,V6,App A Infrastructure Component Catalog,165,"Trust and Security Privileged access manager Control Administrative domain Approve, broker, record, expire, and revoke privilege.",V06-F010,identity-policy,partial,unverified,merged,phase0,P7-D,apps/api/src/shared/db.ts (one pool per authority); migrations/0009_privilege_separation_and_bound_context.sql (eye_recovery never loaded by runtime); migrations/0020_governed_degraded_recovery.sql,"Break-glass role isolated; no approval, brokering, session recording, expiry or revocation of privilege",passed:harness lacked a resolved test/CI pointer → unverified,,main
INF-TR-04,V6,App A Infrastructure Component Catalog,165,"Trust and Security Policy decision service Control Policy cell Evaluate versioned authorization, purpose, data, locality, and effect policy.",V06-F010,identity-policy,partial,passed:harness,merged,phase0,P7-D,"apps/api/src/policy/pdp.service.ts (default deny, INDETERMINATE->deny, obligations, consequence class); test/int/gate22-authority-matrix.test.ts","Evaluates authorization, purpose and consequence; no data, locality or effect policy; bundle is code",,v06.txt:page 165:L10156,main+test
INF-TR-05,V6,App A Infrastructure Component Catalog,165,Trust and Security Policy enforcement sidecar Control Workload boundary Enforce decisions and obligations at workload boundaries.,V06-F010,identity-policy,partial,unverified,merged,phase0,P7-D,apps/api/src/pipeline/pipeline.service.ts (PEP executes obligations),In-process enforcement; no sidecar at workload boundaries,passed:harness lacked a resolved test/CI pointer → unverified,,main
INF-TR-06,V6,App A Infrastructure Component Catalog,165,"Trust and Security Key management service Trust state Key domain Generate, wrap, rotate, revoke, and audit cryptographic keys.",V06-F010,identity-policy,missing,unverified,none,omission,P7-D,,No such trust component exists,,v06.txt:page 165:L10170,
INF-TR-07,V6,App A Infrastructure Component Catalog,165,"Trust and Security Hardware security module Trust anchor Key domain Protect root keys, signing operations, and recovery ceremonies.",V06-F010,identity-policy,missing,unverified,none,omission,P7-D,,No such trust component exists,,,
INF-TR-08,V6,App A Infrastructure Component Catalog,165,Trust and Security Secret issuance service Trust state Trust domain Issue identity-bound short-lived secrets and certificates.,V06-F010,identity-policy,missing,unverified,none,omission,P7-D,"apps/api/src/config/config.ts (environment-only credentials, fail-closed startup, no committed defaults)",Static environment secrets; no identity-bound short-lived issuance,,v06.txt:page 165:L10182,main
INF-TR-09,V6,App A Infrastructure Component Catalog,165,"Trust and Security Artifact trust service Trust state Supply-chain domain Verify provenance, signatures, bills of materials, and revocation.",V06-F010,identity-policy,partial,passed:ci,merged,phase0,P7-D,".github/workflows/c19-anchor.yml (Sigstore signing + Rekor publication, id-token only in the publish job); scripts/gate/lib/c19-anchor.mjs (offline verification: pinned Fulcio chain, identity, Rekor inclusion proof); .github/workflows/c19-lifecycle.yml (ubuntu + macos-14); .github/workflows/ci.yml: supply-chain (C15 trivy 0.73.0 + gitleaks 8.30.1 pinned by digest, C16 lock closure, C17 CycloneDX SBOM + licence obligations, evidence ZIP); scripts/gate/supply-chain.mjs; scripts/gate/scanner-pins.json; docs/SCANNER_DISPOSITIONS.md",Verifies provenance/signatures/SBOM for CI evidence and dependencies; no runtime artifact admission or revocation,,v06.txt:page 165:L10187,main+test
INF-TR-10,V6,App A Infrastructure Component Catalog,165,Trust and Security Confidential execution attestor Trust state Compute domain Verify protected execution identity and measurement.,V06-F010,identity-policy,missing,unverified,none,omission,P7-D,,No such trust component exists,,,
INF-TR-11,V6,App A Infrastructure Component Catalog,165,"Trust and Security Security detection platform Security evidence Security domain Correlate threats, misuse, control failures, and response state.",V06-F010,identity-policy,partial,unverified,none,phase0,P7-D,,No threat/misuse correlation or response state,UNRESOLVED pointer(s) at 2e83945: audit.service.ts intake + tamper detection; gitleaks/trivy in CI | release_status merged → none from the evidence at 2e83945 | passed:harness lacked a resolved test/CI pointer → unverified,,
INF-TR-12,V6,App A Infrastructure Component Catalog,165,"Trust and Security Sovereignty policy controller Control Jurisdiction domain Enforce locality, administrator, provider, key, and transfer boundaries.",V06-F010,identity-policy,missing,unverified,none,omission,P7-D,,No such trust component exists,,,
INF-OP-01,V6,App A Infrastructure Component Catalog,165,"Reliability and Operations Telemetry collection fabric Telemetry Region / site Collect and route metrics, logs, traces, events, and profiles.",V06-F013,infrastructure,partial,unverified,none,phase0,P7-D,,"No metrics, traces, events routing or profiles",Master build prompt Phase 7: observability. | UNRESOLVED pointer(s) at 2e83945: pino logging with correlation ids (apps/api/src/shared/correlation.ts) | release_status merged → none from the evidence at 2e83945,,
INF-OP-02,V6,App A Infrastructure Component Catalog,165,Reliability and Operations Observability store Operational evidence Operations domain Retain correlated telemetry under tenant and content controls.,V06-F013,infrastructure,missing,unverified,none,omission,P7-D,,No such reliability/operations component exists,,v06.txt:page 165:L10223,
INF-OP-03,V6,App A Infrastructure Component Catalog,165,"Reliability and Operations Service-level management service Control Operations domain Compute indicators, objectives, budgets, burn, and action state.",V06-F013,infrastructure,missing,unverified,none,omission,P7-D,,No such reliability/operations component exists,,,
INF-OP-04,V6,App A Infrastructure Component Catalog,165,"Reliability and Operations Capacity planning service Planning state Operations domain Model demand, headroom, bottlenecks, and scale actions.",V06-F013,infrastructure,missing,unverified,none,omission,P7-D,,No such reliability/operations component exists,,v06.txt:page 165:L10241,
INF-OP-05,V6,App A Infrastructure Component Catalog,165,"Reliability and Operations Availability controller Control Service domain Coordinate health, fencing, routing, failover, and reconciliation.",V06-F013,infrastructure,missing,unverified,none,omission,P7-D,,No such reliability/operations component exists,,v06.txt:page 165:L10248,
INF-OP-06,V6,App A Infrastructure Component Catalog,165,"Reliability and Operations Backup controller Control Recovery domain Schedule, verify, retain, and expire recovery sets.",V06-F013,infrastructure,missing,unverified,none,omission,P7-D,,No such reliability/operations component exists,,v06.txt:page 165:L10253,
INF-OP-07,V6,App A Infrastructure Component Catalog,165,Reliability and Operations Restore orchestrator Durable runtime Recovery domain Restore state in dependency order and reconcile consumers.,V06-F013,infrastructure,missing,unverified,none,omission,P7-D,,No such reliability/operations component exists,,v06.txt:page 165:L10257,
INF-OP-08,V6,App A Infrastructure Component Catalog,165,Reliability and Operations Disaster recovery controller Control Recovery site Coordinate regional or site recovery and failback.,V06-F013,infrastructure,missing,unverified,none,omission,P7-D,,No such reliability/operations component exists,,,
INF-OP-09,V6,App A Infrastructure Component Catalog,165,"Reliability and Operations Incident command platform Case state Operations domain Manage command roles, timeline, actions, evidence, and communication.",V06-F013,infrastructure,partial,unverified,none,phase0,P7-D,,"No command roles, timeline, actions, communication",UNRESOLVED pointer(s) at 2e83945: audit availability/tamper incidents (migration 0020; audit.service.ts) | release_status merged → none from the evidence at 2e83945 | passed:harness lacked a resolved test/CI pointer → unverified,,
INF-OP-10,V6,App A Infrastructure Component Catalog,165,"Reliability and Operations Change orchestration service Durable runtime Management plane Execute approved changes, cohorts, observations, and rollback.",V06-F013,infrastructure,missing,unverified,none,omission,P7-D,,No such reliability/operations component exists,,,
INF-OP-11,V6,App A Infrastructure Component Catalog,165,"Reliability and Operations Degraded-mode controller Control Service domain Declare, enforce, communicate, and exit strategic degraded modes.",V06-F013,infrastructure,partial,passed:harness,merged,phase0,P7-D,apps/api/src/shared/degraded-store.ts; apps/api/src/health/health.controller.ts (/readyz degraded never healthy); apps/api/src/health/degraded-reconciliation.service.ts; migrations/0020_governed_degraded_recovery.sql; test/int/gate22-degraded-recovery.test.ts,Declares and enforces degraded state for audit/evidence faults; no catalogue of strategic degraded modes or communication,,,main+test
INF-OP-12,V6,App A Infrastructure Component Catalog,165,"Reliability and Operations Operational evidence vault Protected evidence Operations domain Retain acceptance, exercise, incident, change, and readiness evidence.",V06-F013,infrastructure,partial,passed:ci,merged,phase0,P7-D,c19-anchor.yml (Rekor publication),"Retains gate evidence only; no acceptance, exercise, incident, change or readiness evidence","UNRESOLVED pointer(s) at 2e83945: CI evidence archives (C15/C16/C17 ZIPs, attempt-scoped)",,main+test
INF-DL-01,V6,App A Infrastructure Component Catalog,165,"Delivery and Governance Infrastructure source registry Registry Delivery domain Own infrastructure modules, configuration schemas, and source identity.",V06-F016,infrastructure,partial,passed:ci,merged,phase0,P7-D,docker-compose.yml; conformance.manifest.json; scripts/gate/*.json (git-versioned),No infrastructure modules or configuration schemas,,,main+test
INF-DL-02,V6,App A Infrastructure Component Catalog,165,Delivery and Governance Plan and policy engine Control Delivery domain Produce deterministic plans and policy decisions before mutation.,V06-F016,infrastructure,missing,unverified,none,omission,P7-D,,No such delivery/governance component exists,,v06.txt:page 165:L10312,
INF-DL-03,V6,App A Infrastructure Component Catalog,165,Delivery and Governance Build and provenance service Evidence Build domain Build reproducible artifacts and attest source and dependencies.,V06-F016,infrastructure,partial,passed:ci,merged,phase0,P7-D,".github/workflows/ci.yml: build-test (module boundaries, typecheck, unit, migrations + acceptance, integration, C18 db-paths gate), browser-regression, supply-chain; .github/workflows/ci.yml: supply-chain (C15 trivy 0.73.0 + gitleaks 8.30.1 pinned by digest, C16 lock closure, C17 CycloneDX SBOM + licence obligations, evidence ZIP); scripts/gate/supply-chain.mjs; scripts/gate/scanner-pins.json; docs/SCANNER_DISPOSITIONS.md; .github/workflows/c17-finalize.yml (macOS-14 arm64 regeneration, byte-for-byte comparison of the nine-artifact set); scripts/gate/c17-cross-host-finalization.mjs",CI builds with SBOM and cross-host reproduction of the evidence set; no signed build provenance for application artifacts,,,main+test
INF-DL-04,V6,App A Infrastructure Component Catalog,165,Delivery and Governance Release registry Registry Delivery domain Own dependency-closed infrastructure release identity and lifecycle.,V06-F016,infrastructure,missing,unverified,none,omission,P7-D,,No such delivery/governance component exists,,v06.txt:page 165:L10324,
INF-DL-05,V6,App A Infrastructure Component Catalog,166,Delivery and Governance Promotion controller Durable runtime Delivery domain Promote cohorts through evidence gates and rollback boundaries.,V06-F016,infrastructure,partial,passed:ci,merged,phase0,P7-D,ci.yml gates block merge; c19-anchor.yml publishes only after finalizer on main,"No cohorts, rollback boundaries or environments",,v06.txt:page 166:L10336,main+test
INF-DL-06,V6,App A Infrastructure Component Catalog,166,"Delivery and Governance Vulnerability and patch service Control Fleet domain Resolve exposure, patch eligibility, exceptions, and closure.",V06-F016,infrastructure,partial,passed:ci,merged,phase0,R0,".github/workflows/ci.yml: supply-chain (C15 trivy 0.73.0 + gitleaks 8.30.1 pinned by digest, C16 lock closure, C17 CycloneDX SBOM + licence obligations, evidence ZIP); scripts/gate/supply-chain.mjs; scripts/gate/scanner-pins.json; docs/SCANNER_DISPOSITIONS.md; c15-patched-image-recheck.yml; scripts/gate/scanner-exclusions.json",Scope limited to two images and npm dependencies; no fleet exposure model,C15 red on util-linux CVEs (memory: c15-image-pins-2026-09).,,main+test
INF-DL-07,V6,App A Infrastructure Component Catalog,166,"Delivery and Governance Cost and sustainability ledger Ledger Management plane Allocate cost, energy, carbon, license, and efficiency measures.",V06-F016,infrastructure,missing,unverified,none,omission,P7-D,,No such delivery/governance component exists,,,
INF-DL-08,V6,App A Infrastructure Component Catalog,166,"Delivery and Governance Infrastructure governance registry Registry Governance domain Own architecture decisions, exceptions, conformance, review, and amendment.",V06-F016,infrastructure,partial,unverified,branch-only,phase0,P7-D,docs/SCANNER_DISPOSITIONS.md; FULL_PRODUCT_DELIVERY_REGISTER.md,"No registry of architecture decisions, exceptions, conformance, review and amendment",UNRESOLVED pointer(s) at 2e83945: ADR-P0/EXC-P0/EXC-P1 references | release_status merged → branch-only from the evidence at 2e83945,,branch+main
RU-01,V6,App C Runtime Unit Catalog,168,Stateless service Request or event Replicated; disposable Drain and reschedule,V06-F003,infrastructure,partial,unverified,branch-only,phase0,P7-D,apps/api (NestJS; sessions in Postgres),"API holds a local degraded journal and vault path, so it is not fully disposable; no replication/drain",release_status merged → branch-only from the evidence at 2e83945,v06.txt:page 168:L10489,branch
RU-02,V6,App C Runtime Unit Catalog,168,"Stateful service Partition or shard Quorum or owner-aware Fence, fail over, reconcile",V06-F003,infrastructure,partial,unverified,merged,phase0,P7-D,"docker-compose.yml (digest-pinned postgres/redis, loopback only, required env, local-dev profile per EXC-P0-004); migrations","Single Postgres: no partitioning, quorum, fencing or failover",passed:harness lacked a resolved test/CI pointer → unverified,v06.txt:page 168:L10490,main
RU-03,V6,App C Runtime Unit Catalog,168,Control-plane controller Desired-state object Leader or quorum Freeze change; restore control,V06-F003,infrastructure,missing,unverified,none,omission,P7-D,,No runtime unit of this class exists,,v06.txt:page 168:L10491,
RU-04,V6,App C Runtime Unit Catalog,168,Gateway Route and policy key Horizontally replicated Fail closed or bounded failover,V06-F003,infrastructure,partial,unverified,merged,phase0,P7-D,apps/api/src/pipeline (fails closed),No replicated gateway tier,passed:harness lacked a resolved test/CI pointer → unverified,v06.txt:page 168:L10492,main
RU-05,V6,App C Runtime Unit Catalog,168,Durable workflow worker Task lease Disposable with checkpoint Lease expiry and reassignment,V06-F003,infrastructure,partial,passed:harness,branch-only,phase6,P7-A,"apps/api/src/observation/scheduling/scheduler.service.ts (BullMQ job schedulers, scope-prefixed queues, payload carries no authority, attempts 3 exponential backoff); migrations/0038_scheduled_collection.sql; migrations/0040_scheduled_attempt_faults.sql; test/int/phase6-scheduled-collection.test.ts; test/int/phase6-scheduled-corrections.test.ts",BullMQ leases and bounded retries; no checkpoints,,v06.txt:page 168:L10493,branch+main+test
RU-06,V6,App C Runtime Unit Catalog,168,Human task worker Gate and case Durable task state Escalate and preserve deadline,V06-F003,infrastructure,partial,unverified,branch-only,phase6,P6,migrations/0042 (approvals by named authority with expiry); 0045 monitoring,No deadline escalation for human tasks,passed:harness lacked a resolved test/CI pointer → unverified,v06.txt:page 168:L10494,branch
RU-07,V6,App C Runtime Unit Catalog,168,"Agent sandbox Execution identity Ephemeral isolated runtime Terminate, revoke, restore checkpoint",V06-F003,infrastructure,missing,unverified,none,phase7,P7-A,,No agent sandbox runtime,,v06.txt:page 168:L10495,
RU-08,V6,App C Runtime Unit Catalog,168,"Model server Model revision and endpoint Replicated or partitioned Drain, revoke, approved fallback",V06-F003,infrastructure,partial,passed:harness,merged,phase2,P2,"apps/api/src/intelligence/gateway/model-gateway.service.ts (modes replay | local-live Ollama/llama.cpp, pinned model digest/prompt version, no hosted provider); test/int/phase2-acceptance.test.ts","Local adapter; no replication, drain, revoke or fallback",,v06.txt:page 168:L10496,main+test
RU-09,V6,App C Runtime Unit Catalog,168,Batch worker Job and partition Checkpointed Retry from committed boundary,V06-F003,infrastructure,missing,unverified,none,omission,P7-D,,No runtime unit of this class exists,,v06.txt:page 168:L10498,
RU-10,V6,App C Runtime Unit Catalog,168,Stream processor Topic partition Checkpointed offsets Replay and reconcile,V06-F003,infrastructure,missing,unverified,none,omission,P7-D,,No runtime unit of this class exists,,v06.txt:page 168:L10499,
RU-11,V6,App C Runtime Unit Catalog,168,"Connector worker Source and cursor Isolated, lease-based Suspend and preserve custody",V06-F003,infrastructure,implemented,passed:harness,merged,phase1,P1,"apps/api/src/observation/acquisition/lifecycle.service.ts (source + cursor, suspend and preserve custody); scheduler leases; test/int/phase1-fault-injection.test.ts","Isolation is process-level, not lease-isolated workers",,v06.txt:page 168:L10500,main+test
RU-12,V6,App C Runtime Unit Catalog,168,Edge collector Device and stream Local buffered Store-and-forward,V06-F003,infrastructure,missing,unverified,none,omission,P7-D,,No runtime unit of this class exists,,v06.txt:page 168:L10501,
RU-13,V6,App C Runtime Unit Catalog,168,Search shard Index shard Replicated derived state Rebuild or policy-equivalent fallback,V06-F003,infrastructure,missing,unverified,none,omission,P7-D,,No runtime unit of this class exists,,v06.txt:page 168:L10502,
RU-14,V6,App C Runtime Unit Catalog,168,Graph partition Entity or domain partition Replicated temporal state Constrain traversals and replay,V06-F003,infrastructure,partial,unverified,none,phase3,P3,,No partitioned/replicated graph runtime,UNRESOLVED pointer(s) at 2e83945: migrations/0024–0027 (graph tables in Postgres) | release_status merged → none from the evidence at 2e83945 | passed:harness lacked a resolved test/CI pointer → unverified,v06.txt:page 168:L10503,
RU-15,V6,App C Runtime Unit Catalog,168,"Queue broker Partition Durable replicated log Elect, replay, apply backpressure",V06-F003,infrastructure,partial,unverified,merged,phase0,P7-D,"docker-compose.yml (digest-pinned postgres/redis, loopback only, required env, local-dev profile per EXC-P0-004) (single Redis)","No durable replicated log, election or backpressure",,v06.txt:page 168:L10505,main
RU-16,V6,App C Runtime Unit Catalog,168,Cache node Key partition Disposable derived state Bypass and rebuild,V06-F003,infrastructure,missing,unverified,none,omission,P7-D,,No runtime unit of this class exists,,v06.txt:page 168:L10506,
RU-17,V6,App C Runtime Unit Catalog,168,Telemetry collector Source and signal class Buffered Prioritize and forward later,V06-F003,infrastructure,missing,unverified,none,omission,P7-D,,No runtime unit of this class exists,,v06.txt:page 168:L10507,
RU-18,V6,App C Runtime Unit Catalog,168,Security sensor Asset and signal class Locally buffered Enter security-degraded mode,V06-F003,infrastructure,missing,unverified,none,omission,P7-D,,No runtime unit of this class exists,,v06.txt:page 168:L10508,
RU-19,V6,App C Runtime Unit Catalog,168,Policy decision point Policy and tenant Replicated signed bundles Safe cached decision or deny,V06-F003,infrastructure,partial,unverified,merged,phase0,P7-D,"apps/api/src/policy/pdp.service.ts (default deny, INDETERMINATE->deny, obligations, consequence class)","In-process, code-defined bundle; no replicated signed bundles",passed:harness lacked a resolved test/CI pointer → unverified,v06.txt:page 168:L10509,main
RU-20,V6,App C Runtime Unit Catalog,168,Identity issuer Trust domain Quorum and hardware roots Stop issuance; preserve existing bounded leases,V06-F003,infrastructure,partial,passed:harness,merged,phase0,P7-D,"apps/api/src/identity/identity.service.ts (HS256 JWT with kid, 15-min access, refresh rotation, assurance password|break_glass|bootstrap_rotation); migrations/0002_identity_tenancy.sql; migrations/0017_identity_mutator_governance.sql; test/int/gate22-identity-mutators.test.ts",In-process HS256 issuer; no quorum or hardware roots,,v06.txt:page 168:L10510,main+test
RU-21,V6,App C Runtime Unit Catalog,168,Key service Key domain Quorum and hardware roots Continuity keys or stop protected operations,V06-F003,infrastructure,missing,unverified,none,omission,P7-D,,No runtime unit of this class exists,,v06.txt:page 168:L10512,
RU-22,V6,App C Runtime Unit Catalog,168,Build worker Build identity Ephemeral isolated runtime Discard and rerun reproducibly,V06-F003,infrastructure,partial,passed:ci,merged,phase0,P7-D,GitHub-hosted ephemeral runners; scripts/gate/lib/c19-isolation.mjs (env allowlist for children); c17 cross-host rerun,No isolated build worker identity for application artifacts,,v06.txt:page 168:L10514,main+test
RU-23,V6,App C Runtime Unit Catalog,168,Release controller Release and cohort Durable workflow Stop cohort and rollback,V06-F003,infrastructure,missing,unverified,none,omission,P7-D,,No runtime unit of this class exists,,v06.txt:page 168:L10515,
RU-24,V6,App C Runtime Unit Catalog,168,Backup worker State class and recovery set Idempotent durable task Retry and verify integrity,V06-F003,infrastructure,missing,unverified,none,omission,P7-D,,No runtime unit of this class exists,,v06.txt:page 168:L10516,
RU-25,V6,App C Runtime Unit Catalog,168,"Restore worker Recovery unit Dependency-ordered task Stop, preserve point, reconcile",V06-F003,infrastructure,missing,unverified,none,omission,P7-D,,No runtime unit of this class exists,,v06.txt:page 168:L10518,
RU-26,V6,App C Runtime Unit Catalog,168,Executive experience node Session and tenant Replicated with durable records Alternate channel and last-known state,V06-F003,infrastructure,partial,unverified,branch-only,phase6,P6,apps/web (Next.js) with durable records in Postgres,Single node; no alternate channel or last-known state,passed:browser lacked a resolved test/CI pointer → unverified,v06.txt:page 168:L10519,branch
NZ-01,V6,App D Network Zone and Trust Boundary Catalog,169,Public access edge Untrusted external Authenticated ingress only Gateway and protection policy,V06-F005,infrastructure,missing,unverified,none,omission,P7-D,,No network zone or trust boundary of this kind exists,,v06.txt:page 169:L10530,
NZ-02,V6,App D Network Zone and Trust Boundary Catalog,169,Customer private edge Customer network Registered private services Mutual trust and route policy,V06-F005,infrastructure,missing,unverified,none,omission,P7-D,,No network zone or trust boundary of this kind exists,,v06.txt:page 169:L10531,
NZ-03,V6,App D Network Zone and Trust Boundary Catalog,169,"External source enclave Approved sources Connector runtime only Destination, content, and custody controls",V06-F005,infrastructure,partial,passed:harness,merged,phase1,P7-D,"apps/api/src/observation/connectors/http-client.ts (EgressPolicy host/scheme allowlist, private/loopback/link-local/metadata refusal, redirect/size limits); test/int/phase1-hostile-input.test.ts","In-process egress policy, not an enclave",,v06.txt:page 169:L10532,main+test
NZ-04,V6,App D Network Zone and Trust Boundary Catalog,169,"External model enclave Approved providers Model gateway only Data, task, provider, and egress policy",V06-F005,infrastructure,partial,passed:harness,merged,phase2,P2,"apps/api/src/intelligence/gateway/model-gateway.service.ts (modes replay | local-live Ollama/llama.cpp, pinned model digest/prompt version, no hosted provider); test/int/phase2-acceptance.test.ts",Model calls are local only; no provider enclave or egress policy tier,,v06.txt:page 169:L10534,main+test
NZ-05,V6,App D Network Zone and Trust Boundary Catalog,169,"User experience zone Authenticated users Experience APIs Identity, session, tenant, and rate controls",V06-F005,infrastructure,partial,passed:harness,merged,phase0,P7-D,"apps/api/src/identity/identity.service.ts (HS256 JWT with kid, 15-min access, refresh rotation, assurance password|break_glass|bootstrap_rotation); migrations/0002_identity_tenancy.sql; migrations/0017_identity_mutator_governance.sql; test/int/gate22-identity-mutators.test.ts; pipeline scope context",No rate controls; no zone,,v06.txt:page 169:L10535,main+test
NZ-06,V6,App D Network Zone and Trust Boundary Catalog,169,API service zone Registered clients Canonical service APIs Workload identity and object policy,V06-F005,infrastructure,partial,unverified,merged,phase0,P7-D,"apps/api/src/policy/pdp.service.ts (default deny, INDETERMINATE->deny, obligations, consequence class)",Object policy yes; no workload identity for registered clients,passed:harness lacked a resolved test/CI pointer → unverified,v06.txt:page 169:L10537,main
NZ-07,V6,App D Network Zone and Trust Boundary Catalog,169,Intelligence cell zone Cell workloads Cell-local services and mediated shared services Tenant and domain policy,V06-F005,infrastructure,missing,unverified,none,omission,P7-D,,No network zone or trust boundary of this kind exists,,v06.txt:page 169:L10538,
NZ-08,V6,App D Network Zone and Trust Boundary Catalog,169,"Agent sandbox zone Untrusted execution Capability bridge only Deny-by-default process, file, network, and secret policy",V06-F005,infrastructure,missing,unverified,none,omission,P7-D,,No network zone or trust boundary of this kind exists,,v06.txt:page 169:L10540,
NZ-09,V6,App D Network Zone and Trust Boundary Catalog,169,"Connector sandbox zone External protocol code Source gateway and ingestion boundary Isolation, egress, and content inspection",V06-F005,infrastructure,missing,unverified,none,omission,P7-D,,No network zone or trust boundary of this kind exists,,,
NZ-10,V6,App D Network Zone and Trust Boundary Catalog,169,"Model serving zone Approved inference workloads Model gateway and local state Artifact, context, and accelerator isolation",V06-F005,infrastructure,missing,unverified,none,omission,P7-D,,No network zone or trust boundary of this kind exists,,v06.txt:page 169:L10550,
NZ-11,V6,App D Network Zone and Trust Boundary Catalog,169,Canonical state zone Owning services Typed state interfaces No direct cross-service storage access,V06-F005,infrastructure,partial,unverified,merged,phase0,P7-D,apps/api/src/shared/capabilities.ts (fixed typed readers); per-authority database roles,No network zone; typed interfaces enforced in code and database only,passed:harness lacked a resolved test/CI pointer → unverified,v06.txt:page 169:L10553,main
NZ-12,V6,App D Network Zone and Trust Boundary Catalog,169,"Evidence storage zone Custody-controlled services Object and evidence APIs Classification, retention, and integrity",V06-F005,infrastructure,partial,unverified,merged,phase1,P7-D,apps/api/src/observation/vault/evidence.service.ts (digest re-verified on every read); config eye.vault.quarantine_root / evidence_root (local filesystem); migrations/0014 (deauthorization); classification on canonical objects,No zone; retention policy absent,passed:harness lacked a resolved test/CI pointer → unverified,v06.txt:page 169:L10553,main
NZ-13,V6,App D Network Zone and Trust Boundary Catalog,169,"Messaging zone Registered producers and consumers Topics and queues Schema, tenant, delivery, and rate policy",V06-F005,infrastructure,partial,passed:harness,branch-only,phase1,P7-D,"apps/api/src/observation/scheduling/scheduler.service.ts (BullMQ job schedulers, scope-prefixed queues, payload carries no authority, attempts 3 exponential backoff); migrations/0038_scheduled_collection.sql; migrations/0040_scheduled_attempt_faults.sql; test/int/phase6-scheduled-collection.test.ts; test/int/phase6-scheduled-corrections.test.ts (scope-prefixed queues)",No schema/delivery/rate policy tier,release_status merged → branch-only from the evidence at 2e83945,,branch+main+test
NZ-14,V6,App D Network Zone and Trust Boundary Catalog,169,Policy and identity zone Trusted control services Authenticated decision and issuance APIs Hardware roots and short-lived authority,V06-F005,infrastructure,partial,unverified,merged,phase0,P7-D,apps/api/src/shared/db.ts (one pool per authority); migrations/0009_privilege_separation_and_bound_context.sql (eye_recovery never loaded by runtime) (identity role separation),No hardware roots or short-lived authority,passed:harness lacked a resolved test/CI pointer → unverified,v06.txt:page 169:L10561,main
NZ-15,V6,App D Network Zone and Trust Boundary Catalog,169,Key management zone Key services and hardware roots Cryptographic operations only Dual control and purpose separation,V06-F005,infrastructure,missing,unverified,none,omission,P7-D,,No network zone or trust boundary of this kind exists,,v06.txt:page 169:L10568,
NZ-16,V6,App D Network Zone and Trust Boundary Catalog,169,Management plane zone Fleet and platform operators Signed control commands and minimal telemetry Privileged mediation and plane separation,V06-F005,infrastructure,missing,unverified,none,omission,P7-D,,No network zone or trust boundary of this kind exists,,,
NZ-17,V6,App D Network Zone and Trust Boundary Catalog,169,Security operations zone Security operators and sensors Security telemetry and response Evidence custody and privileged controls,V06-F005,infrastructure,missing,unverified,none,omission,P7-D,,No network zone or trust boundary of this kind exists,,,
NZ-18,V6,App D Network Zone and Trust Boundary Catalog,169,Build and release zone Controlled delivery workloads Artifact registries and promotion APIs Supply-chain isolation and signatures,V06-F005,infrastructure,partial,passed:ci,merged,phase0,P7-D,c19-anchor.yml (id-token write only in the publish job; read-only everywhere else); scripts/gate/assert-readonly-workflow.mjs,Supply-chain isolation is CI-permission based; no registry zone,,v06.txt:page 169:L10582,main+test
NZ-19,V6,App D Network Zone and Trust Boundary Catalog,169,Backup and recovery zone Recovery services State-class backup and restore paths Immutable copies and separate authority,V06-F005,infrastructure,missing,unverified,none,omission,P7-D,,No network zone or trust boundary of this kind exists,,v06.txt:page 169:L10585,
NZ-20,V6,App D Network Zone and Trust Boundary Catalog,169,Air-gap transfer zone Approved transfer stations Signed import and export packages Two-person custody and content inspection,V06-F005,infrastructure,missing,unverified,none,omission,P7-D,,No network zone or trust boundary of this kind exists,,v06.txt:page 169:L10588,
SC-01,V6,App E Storage and State Class Catalog,170,"Canonical strategic state Owning canonical layer Strong or contract-defined Versioned, corrected, never silently overwritten",V06-F006,data-platform,implemented,passed:harness,merged,phase0,done,"migrations/0006_objects.sql, 0008 (canonical versions never overwritten; corrections propagate); test/int/phase3-corrections.test.ts",None for the current object model,,v06.txt:page 170:L10599,main+test
SC-02,V6,App E Storage and State Class Catalog,170,Operational authoritative state Owning service Transactional Recoverable to declared point,V06-F006,data-platform,partial,unverified,merged,phase0,P7-D,"docker-compose.yml (digest-pinned postgres/redis, loopback only, required env, local-dev profile per EXC-P0-004); migrations",Not recoverable to a declared point (no backups),passed:harness lacked a resolved test/CI pointer → unverified,v06.txt:page 170:L10601,main
SC-03,V6,App E Storage and State Class Catalog,170,Temporal graph state Knowledge Graph Temporal and revision-aware Replayable changes and deterministic projection rebuild,V06-F006,data-platform,partial,passed:harness,merged,phase3,P3,test/int/phase3-corrections.test.ts,No deterministic projection rebuild,UNRESOLVED pointer(s) at 2e83945: migrations/0024–0027,v06.txt:page 170:L10603,main+test
SC-04,V6,App E Storage and State Class Catalog,170,Enterprise Memory state Enterprise Memory Versioned temporal Correction and retention aware,V06-F006,data-platform,partial,unverified,merged,phase2,P3,"migrations/0022, 0023 (evidence and claims versioned); 0014 (deauthorization)",Retention policy absent,passed:harness lacked a resolved test/CI pointer → unverified,v06.txt:page 170:L10605,main
SC-05,V6,App E Storage and State Class Catalog,170,Digital twin state Digital Twins Snapshot and branch aware Branch isolation and checkpoint restore,V06-F006,data-platform,partial,passed:harness,branch-only,phase5,P5,test/int/phase5-twins.test.ts,No checkpoint restore; branch isolation limited to runs,UNRESOLVED pointer(s) at 2e83945: migrations/0032–0037 | release_status merged → branch-only from the evidence at 2e83945,v06.txt:page 170:L10606,branch+test
SC-06,V6,App E Storage and State Class Catalog,170,"Decision record state Decision Intelligence Immutable versioned Preserve authority, rationale, evidence, and outcome links",V06-F006,data-platform,implemented,passed:harness,branch-only,phase6,done,"migrations/0041_decision_packages.sql, 0042, 0043_decision_replay.sql, 0047; test/int/phase6-decisions.test.ts; test/int/phase6-replay.test.ts",None for current decision records,,v06.txt:page 170:L10608,branch+test
SC-07,V6,App E Storage and State Class Catalog,170,"Evidence object Producing or custody component Immutable versioned bytes Digest, custody, retention, and legal hold",V06-F006,data-platform,partial,unverified,merged,phase1,P7-D,apps/api/src/observation/vault/evidence.service.ts (digest re-verified on every read); config eye.vault.quarantine_root / evidence_root (local filesystem); migrations/0014,Legal hold absent; retention policy absent,passed:harness lacked a resolved test/CI pointer → unverified,v06.txt:page 170:L10610,main
SC-08,V6,App E Storage and State Class Catalog,170,Audit evidence Trust and provenance control Append-only Integrity anchored and separately protected,V06-F006,data-platform,implemented,passed:harness,merged,phase0,P7-D,"apps/api/src/audit/audit.service.ts (hash chain verify/seal, tamper freeze); migrations/0004_audit.sql; migrations/0018_verifier_seal_governance.sql; test/int/audit-chain.test.ts; test/int/gate22-verifier-seal.test.ts",Separate protected copy absent,,v06.txt:page 170:L10613,main+test
SC-09,V6,App E Storage and State Class Catalog,170,"Workflow state Workflow engine Durable transition log Resume, compensate, or terminally escalate",V06-F006,data-platform,partial,unverified,branch-only,phase6,P6,"migrations/0042, 0045",No durable transition log with compensation,UNRESOLVED pointer(s) at 2e83945: scheduled_attempts (0038/0040) | passed:harness lacked a resolved test/CI pointer → unverified,v06.txt:page 170:L10616,branch
SC-10,V6,App E Storage and State Class Catalog,170,Agent execution state Agent runtime Checkpointed envelope Resume only under compatible release and authority,V06-F006,data-platform,partial,unverified,branch-only,phase6,P7-A,migrations/0046_executive_agents_and_runs.sql (runs recorded),No checkpointed envelope or resume,passed:harness lacked a resolved test/CI pointer → unverified,v06.txt:page 170:L10618,branch
SC-11,V6,App E Storage and State Class Catalog,170,Messaging log Messaging platform Partition-ordered durable log Replay within retention,V06-F006,data-platform,missing,unverified,none,omission,P7-D,,No state of this class is managed as a declared class,,v06.txt:page 170:L10620,
SC-12,V6,App E Storage and State Class Catalog,170,"Durable work queue Queue platform At-least-once delivery Retry, dead-letter, and effect reconciliation",V06-F006,data-platform,partial,passed:harness,branch-only,phase6,P7-D,"apps/api/src/observation/scheduling/scheduler.service.ts (BullMQ job schedulers, scope-prefixed queues, payload carries no authority, attempts 3 exponential backoff); migrations/0038_scheduled_collection.sql; migrations/0040_scheduled_attempt_faults.sql; test/int/phase6-scheduled-collection.test.ts; test/int/phase6-scheduled-corrections.test.ts",No dead-letter; effect reconciliation partial (scheduled_attempts),,v06.txt:page 170:L10621,branch+main+test
SC-13,V6,App E Storage and State Class Catalog,170,Search projection Search platform Eventually consistent derived state Rebuild from authoritative revisions,V06-F006,data-platform,missing,unverified,none,omission,P7-D,,No state of this class is managed as a declared class,,v06.txt:page 170:L10622,
SC-14,V6,App E Storage and State Class Catalog,170,Vector projection Vector platform Versioned derived state Re-embed and rebuild with compatibility tracking,V06-F006,data-platform,missing,unverified,none,omission,P7-D,,No state of this class is managed as a declared class,,v06.txt:page 170:L10625,
SC-15,V6,App E Storage and State Class Catalog,170,Graph projection Graph platform Revision-pinned derived state Replay and deterministic rebuild,V06-F006,data-platform,missing,unverified,none,omission,P7-D,,No state of this class is managed as a declared class,,v06.txt:page 170:L10627,
SC-16,V6,App E Storage and State Class Catalog,170,"Cache Consuming service Bounded stale derived state Expire, invalidate, bypass, and rebuild",V06-F006,data-platform,missing,unverified,none,omission,P7-D,,No state of this class is managed as a declared class,,v06.txt:page 170:L10628,
SC-17,V6,App E Storage and State Class Catalog,170,Session state Experience service Short-lived tenant-scoped Expire without losing decision records,V06-F006,data-platform,implemented,passed:harness,merged,phase0,done,"apps/api/src/identity/identity.service.ts (HS256 JWT with kid, 15-min access, refresh rotation, assurance password|break_glass|bootstrap_rotation); migrations/0002_identity_tenancy.sql; migrations/0017_identity_mutator_governance.sql; test/int/gate22-identity-mutators.test.ts; migrations/0007_bootstrap_rotation.sql",None,,v06.txt:page 170:L10629,main+test
SC-18,V6,App E Storage and State Class Catalog,170,Checkpoint Producing runtime Immutable recovery point Compatibility checked before resume,V06-F006,data-platform,missing,unverified,none,omission,P7-D,,No state of this class is managed as a declared class,,v06.txt:page 170:L10630,
SC-19,V6,App E Storage and State Class Catalog,170,Temporary processing state Producing job Ephemeral encrypted Delete at terminal state or expiry,V06-F006,data-platform,partial,unverified,merged,phase1,P7-D,observation/quarantine + sweeper (TTL expiry),Not encrypted,passed:harness lacked a resolved test/CI pointer → unverified,v06.txt:page 170:L10631,main
SC-20,V6,App E Storage and State Class Catalog,170,"Configuration desired state Management plane Versioned declarative Plan, apply, drift, and rollback evidence",V06-F006,data-platform,partial,unverified,merged,phase0,P7-D,"docker-compose.yml (digest-pinned postgres/redis, loopback only, required env, local-dev profile per EXC-P0-004); conformance.manifest.json (repository units -> component ids, controls, owners; Phase 0 framing)",No plan/apply/drift/rollback evidence,passed:ci lacked a resolved test/CI pointer → unverified,v06.txt:page 170:L10633,main
SC-21,V6,App E Storage and State Class Catalog,170,Registry state Registry owner Transactional versioned Historical resolution and revocation,V06-F006,data-platform,partial,unverified,merged,phase1,P7-D,"migrations/0022 (source contracts versioned), 0028 (contract v2); agents registry (revocation)",Historical resolution partial; no generic registry class,passed:harness lacked a resolved test/CI pointer → unverified,v06.txt:page 170:L10635,main
SC-22,V6,App E Storage and State Class Catalog,170,Telemetry state Observability owner Append-oriented sampled Privacy-controlled and quality-marked,V06-F006,data-platform,missing,unverified,none,omission,P7-D,,No state of this class is managed as a declared class,,v06.txt:page 170:L10636,
SC-23,V6,App E Storage and State Class Catalog,170,Backup set Recovery owner Immutable encrypted copy Automated integrity and restore verification,V06-F006,data-platform,missing,unverified,none,omission,P7-D,,No state of this class is managed as a declared class,,v06.txt:page 170:L10637,
SC-24,V6,App E Storage and State Class Catalog,170,"Export package Owning export service Immutable signed bundle Custody, completeness, and re-import evidence",V06-F006,data-platform,missing,unverified,none,omission,P7-D,,No state of this class is managed as a declared class,,v06.txt:page 170:L10639,
MS-01,V6,App F Messaging and Delivery Semantics Catalog,171,Domain event At least once Aggregate or partition Consumer idempotency and replay,V06-F007,infrastructure,partial,passed:harness,merged,phase0,P7-D,"apps/api/src/objects/outbox.publisher.ts (at-least-once, idempotent job ids, compare-and-set ack); migrations/0015_outbox_hardening.sql; test/int/gate22-outbox-hardening.test.ts",Consumer idempotency not generally enforced,,v06.txt:page 171:L10649,main+test
MS-02,V6,App F Messaging and Delivery Semantics Catalog,171,Integration event At least once Source and entity key Schema registry and consumer compatibility,V06-F007,infrastructure,missing,unverified,none,omission,P7-D,,No message class with these delivery semantics exists,,v06.txt:page 171:L10650,
MS-03,V6,App F Messaging and Delivery Semantics Catalog,171,Command At least once Command target Idempotency key and one authoritative effect,V06-F007,infrastructure,partial,unverified,merged,phase0,P7-D,packages/contracts/src/envelope.ts (idempotency_key); migrations/0013 (one authoritative effect per operation),Idempotency key optional; not enforced per command target,passed:harness lacked a resolved test/CI pointer → unverified,v06.txt:page 171:L10651,main
MS-04,V6,App F Messaging and Delivery Semantics Catalog,171,"Work item At least once with lease Queue priority Lease expiry, retry, and terminal escalation",V06-F007,infrastructure,partial,passed:harness,branch-only,phase6,P7-D,"apps/api/src/observation/scheduling/scheduler.service.ts (BullMQ job schedulers, scope-prefixed queues, payload carries no authority, attempts 3 exponential backoff); migrations/0038_scheduled_collection.sql; migrations/0040_scheduled_attempt_faults.sql; test/int/phase6-scheduled-collection.test.ts; test/int/phase6-scheduled-corrections.test.ts",Terminal escalation limited to recorded faulted attempts,,v06.txt:page 171:L10652,branch+main+test
MS-05,V6,App F Messaging and Delivery Semantics Catalog,171,"Human task Durable until terminal Case and gate Named authority, deadline, and escalation",V06-F007,infrastructure,partial,unverified,branch-only,phase6,P6,"migrations/0042 (named authority, expiry)",Deadline escalation absent,passed:harness lacked a resolved test/CI pointer → unverified,v06.txt:page 171:L10654,branch
MS-06,V6,App F Messaging and Delivery Semantics Catalog,171,Correction event Durable at least once Corrected object Impact propagation and consumer acknowledgement,V06-F007,infrastructure,implemented,passed:harness,branch-only,phase3,P3,test/int/phase3-corrections.test.ts; test/int/phase4-corrections.test.ts; migrations/0034_twin_propagation_and_reconciliation.sql,Consumer acknowledgement not modelled,release_status merged → branch-only from the evidence at 2e83945,v06.txt:page 171:L10655,branch+main+test
MS-07,V6,App F Messaging and Delivery Semantics Catalog,171,Revocation event Durable prioritized Artifact or authority Bounded propagation and enforcement evidence,V06-F007,infrastructure,partial,unverified,merged,phase0,P7-D,migrations/0014 (evidence deauthorization); 0048 (revocation epoch),No prioritized propagation with enforcement evidence,passed:harness lacked a resolved test/CI pointer → unverified,v06.txt:page 171:L10657,main
MS-08,V6,App F Messaging and Delivery Semantics Catalog,171,Security signal Durable prioritized Asset and identity Evidence custody and response correlation,V06-F007,infrastructure,missing,unverified,none,omission,P7-D,,No message class with these delivery semantics exists,,v06.txt:page 171:L10658,
MS-09,V6,App F Messaging and Delivery Semantics Catalog,171,"Telemetry signal Best effort or buffered Source and time Quality, sampling, and loss visibility",V06-F007,infrastructure,missing,unverified,none,omission,P7-D,,No message class with these delivery semantics exists,,v06.txt:page 171:L10659,
MS-10,V6,App F Messaging and Delivery Semantics Catalog,171,Audit record Durable append-only Causation chain Integrity anchor and non-repudiation,V06-F007,infrastructure,implemented,passed:harness,merged,phase0,P7-D,"apps/api/src/audit/audit.service.ts (hash chain verify/seal, tamper freeze); migrations/0004_audit.sql; migrations/0018_verifier_seal_governance.sql; test/int/audit-chain.test.ts; test/int/gate22-verifier-seal.test.ts",External anchoring absent,,v06.txt:page 171:L10660,main+test
MS-11,V6,App F Messaging and Delivery Semantics Catalog,171,"Collection observation At least once Source and cursor Custody, deduplication, and gap state",V06-F007,infrastructure,implemented,passed:harness,branch-only,phase1,done,apps/api/src/observation/acquisition; coverage facts; test/int/phase1-acceptance.test.ts; test/int/phase6-scheduled-collection.test.ts,None for current connectors,release_status merged → branch-only from the evidence at 2e83945,v06.txt:page 171:L10661,branch+main+test
MS-12,V6,App F Messaging and Delivery Semantics Catalog,171,Workflow transition Exactly-once committed state Workflow instance Transactional history and replay,V06-F007,infrastructure,partial,unverified,none,phase6,P6,,No generic workflow transition class,"UNRESOLVED pointer(s) at 2e83945: migrations/0042–0043 (transactional decision history, replay) | release_status branch-only → none from the evidence at 2e83945 | passed:harness lacked a resolved test/CI pointer → unverified",v06.txt:page 171:L10662,
MS-13,V6,App F Messaging and Delivery Semantics Catalog,171,Model inference request Bounded request or durable task Task and execution No retry across effect boundary without idempotency,V06-F007,infrastructure,partial,passed:harness,merged,phase2,P2,"apps/api/src/intelligence/gateway/model-gateway.service.ts (modes replay | local-live Ollama/llama.cpp, pinned model digest/prompt version, no hosted provider); test/int/phase2-acceptance.test.ts",Retry/idempotency across effect boundary not modelled,,v06.txt:page 171:L10663,main+test
MS-14,V6,App F Messaging and Delivery Semantics Catalog,171,"Agent message At least once Workflow and execution Sequence, sender identity, budget, and checkpoint",V06-F007,infrastructure,missing,unverified,none,omission,P7-D,,No message class with these delivery semantics exists,,v06.txt:page 171:L10667,
MS-15,V6,App F Messaging and Delivery Semantics Catalog,171,"Notification At least once with status Recipient and subscription Delivered, acknowledged, expired, or failed",V06-F007,infrastructure,missing,unverified,none,omission,P7-D,,No message class with these delivery semantics exists,,,
MS-16,V6,App F Messaging and Delivery Semantics Catalog,171,"Early warning Durable prioritized Risk or signal Escalation, acknowledgement, and correction",V06-F007,infrastructure,partial,passed:harness,branch-only,phase4,P4,"migrations/0029 (warnings routed to a named owner, acknowledged or not); test/int/phase4-acceptance.test.ts",Escalation and correction linkage partial,release_status merged → branch-only from the evidence at 2e83945,v06.txt:page 171:L10672,branch+test
MS-17,V6,App F Messaging and Delivery Semantics Catalog,171,"Export transfer Exactly-once package registration Export identity Digest, custody, receipt, and retransfer control",V06-F007,infrastructure,missing,unverified,none,omission,P7-D,,No message class with these delivery semantics exists,,v06.txt:page 171:L10673,
MS-18,V6,App F Messaging and Delivery Semantics Catalog,171,Backup completion At least once Recovery set Integrity and restore-verification state,V06-F007,infrastructure,missing,unverified,none,omission,P7-D,,No message class with these delivery semantics exists,,v06.txt:page 171:L10675,
MS-19,V6,App F Messaging and Delivery Semantics Catalog,171,"Deployment command Exactly-once desiredstate mutation Release and target Approval, plan digest, and rollout evidence",V06-F007,infrastructure,missing,unverified,none,omission,P7-D,,No message class with these delivery semantics exists,,,
MS-20,V6,App F Messaging and Delivery Semantics Catalog,171,"Incident action Durable ordered case event Incident Actor, authority, reason, effect, and timestamp",V06-F007,infrastructure,missing,unverified,none,omission,P7-D,,No message class with these delivery semantics exists,,v06.txt:page 171:L10678,
IM-001,V6,App J SLO and Capacity Metric Catalog,177,Availability Proportion of eligible user journeys completing in an acceptable terminal state Service + tenant + deployment + workload + window,V06-F013,infrastructure,missing,unverified,none,omission,P7-D,,Metric not measured anywhere (no SLO/telemetry platform),Nearest scheduled item: Phase 7 observability dashboards.,v06.txt:page 177:L10939,
IM-002,V6,App J SLO and Capacity Metric Catalog,177,Decision-path availability Availability of the complete evidence-to-human-decision path Service + tenant + deployment + workload + window,V06-F013,infrastructure,missing,unverified,none,omission,P7-D,,Metric not measured anywhere (no SLO/telemetry platform),Nearest scheduled item: Phase 7 observability dashboards.,v06.txt:page 177:L10943,
IM-003,V6,App J SLO and Capacity Metric Catalog,177,Request latency Distribution of accepted request completion time Service + tenant + deployment + workload + window,V06-F013,infrastructure,missing,unverified,none,omission,P7-D,,Metric not measured anywhere (no SLO/telemetry platform),Nearest scheduled item: Phase 7 observability dashboards.,v06.txt:page 177:L10945,
IM-004,V6,App J SLO and Capacity Metric Catalog,177,Workflow duration Distribution from admitted intent to explicit terminal state Service + tenant + deployment + workload + window,V06-F013,infrastructure,missing,unverified,none,omission,P7-D,,Metric not measured anywhere (no SLO/telemetry platform),Nearest scheduled item: Phase 7 observability dashboards.,v06.txt:page 177:L10947,
IM-005,V6,App J SLO and Capacity Metric Catalog,177,Human-gate latency Time awaiting and processing required human authority Service + tenant + deployment + workload + window,V06-F013,infrastructure,missing,unverified,none,omission,P7-D,,Metric not measured anywhere (no SLO/telemetry platform),Nearest scheduled item: Phase 7 observability dashboards.,v06.txt:page 177:L10949,
IM-006,V6,App J SLO and Capacity Metric Catalog,177,"Inference latency Model gateway time by task, model, provider, and route Service + tenant + deployment + workload + window",V06-F013,infrastructure,missing,unverified,none,omission,P7-D,,Metric not measured anywhere (no SLO/telemetry platform),Nearest scheduled item: Phase 7 observability dashboards.,v06.txt:page 177:L10951,
IM-007,V6,App J SLO and Capacity Metric Catalog,177,Retrieval latency Context and evidence retrieval time by method and scope Service + tenant + deployment + workload + window,V06-F013,infrastructure,missing,unverified,none,omission,P7-D,,Metric not measured anywhere (no SLO/telemetry platform),Nearest scheduled item: Phase 7 observability dashboards.,v06.txt:page 177:L10953,
IM-008,V6,App J SLO and Capacity Metric Catalog,177,Freshness Age of decision-active state relative to its source and contract Service + tenant + deployment + workload + window,V06-F013,infrastructure,partial,unverified,none,phase1,P7-D,,Not measured as an SLO metric,UNRESOLVED pointer(s) at 2e83945: observation coverage facts lastObservedAt/lastAdmittedAt/lastConfirmedAt (SCHEDULED_COLLECTION.md §5) | release_status merged → none from the evidence at 2e83945 | passed:harness lacked a resolved test/CI pointer → unverified,v06.txt:page 177:L10955,
IM-009,V6,App J SLO and Capacity Metric Catalog,177,Collection delay Time from source observation to custody and admission Service + tenant + deployment + workload + window,V06-F013,infrastructure,partial,unverified,none,phase1,P7-D,,Not aggregated as a metric,UNRESOLVED pointer(s) at 2e83945: evidence records the four times (evidence.service.ts) | release_status merged → none from the evidence at 2e83945 | passed:harness lacked a resolved test/CI pointer → unverified,v06.txt:page 177:L10957,
IM-010,V6,App J SLO and Capacity Metric Catalog,177,Index lag Distance between authoritative revision and searchable projection Service + tenant + deployment + workload + window,V06-F013,infrastructure,missing,unverified,none,omission,P7-D,,Metric not measured anywhere (no SLO/telemetry platform),Nearest scheduled item: Phase 7 observability dashboards.,v06.txt:page 177:L10959,
IM-011,V6,App J SLO and Capacity Metric Catalog,177,Graph projection lag Distance between graph log and queryable projection Service + tenant + deployment + workload + window,V06-F013,infrastructure,missing,unverified,none,omission,P7-D,,Metric not measured anywhere (no SLO/telemetry platform),Nearest scheduled item: Phase 7 observability dashboards.,v06.txt:page 177:L10961,
IM-012,V6,App J SLO and Capacity Metric Catalog,177,Event lag Producer-to-consumer offset delay Service + tenant + deployment + workload + window,V06-F013,infrastructure,missing,unverified,none,omission,P7-D,,Metric not measured anywhere (no SLO/telemetry platform),Nearest scheduled item: Phase 7 observability dashboards.,v06.txt:page 177:L10963,
IM-013,V6,App J SLO and Capacity Metric Catalog,177,Queue age Age distribution of unprocessed durable work Service + tenant + deployment + workload + window,V06-F013,infrastructure,partial,unverified,branch-only,phase6,P7-D,"scheduler readiness (next fire, attempts)",No queue-age distribution,,v06.txt:page 177:L10965,
IM-014,V6,App J SLO and Capacity Metric Catalog,177,Deadline attainment Share of work reaching terminal state before contractual deadline Service + tenant + deployment + workload + window,V06-F013,infrastructure,missing,unverified,none,omission,P7-D,,Metric not measured anywhere (no SLO/telemetry platform),Nearest scheduled item: Phase 7 observability dashboards.,v06.txt:page 177:L10967,
IM-015,V6,App J SLO and Capacity Metric Catalog,177,Durability Probability committed state survives declared failures Service + tenant + deployment + workload + window,V06-F013,infrastructure,missing,unverified,none,omission,P7-D,,Metric not measured anywhere (no SLO/telemetry platform),Nearest scheduled item: Phase 7 observability dashboards.,v06.txt:page 177:L10969,
IM-016,V6,App J SLO and Capacity Metric Catalog,177,Write correctness Share of writes meeting consistency and integrity contracts Service + tenant + deployment + workload + window,V06-F013,infrastructure,missing,unverified,none,omission,P7-D,,Metric not measured anywhere (no SLO/telemetry platform),Nearest scheduled item: Phase 7 observability dashboards.,v06.txt:page 177:L10971,
IM-017,V6,App J SLO and Capacity Metric Catalog,177,"Read correctness Share of reads meeting consistency, revision, and authorization contracts Service + tenant + deployment + workload + window",V06-F013,infrastructure,missing,unverified,none,omission,P7-D,,Metric not measured anywhere (no SLO/telemetry platform),Nearest scheduled item: Phase 7 observability dashboards.,v06.txt:page 177:L10973,
IM-018,V6,App J SLO and Capacity Metric Catalog,177,Evidence completeness Share of material outputs with complete provenance and custody Service + tenant + deployment + workload + window,V06-F013,infrastructure,partial,unverified,merged,phase0,P7-D,provenance mandatory at write (Phase 0 acceptance),Not measured as a share,passed:harness lacked a resolved test/CI pointer → unverified,v06.txt:page 177:L10977,
IM-019,V6,App J SLO and Capacity Metric Catalog,177,Trace completeness Share of material journeys with end-to-end causal telemetry Service + tenant + deployment + workload + window,V06-F013,infrastructure,missing,unverified,none,omission,P7-D,,Metric not measured anywhere (no SLO/telemetry platform),Nearest scheduled item: Phase 7 observability dashboards.,v06.txt:page 177:L10979,
IM-020,V6,App J SLO and Capacity Metric Catalog,177,Policy decision availability Availability of correct current policy evaluation Service + tenant + deployment + workload + window,V06-F013,infrastructure,missing,unverified,none,omission,P7-D,,Metric not measured anywhere (no SLO/telemetry platform),Nearest scheduled item: Phase 7 observability dashboards.,v06.txt:page 177:L10981,
IM-021,V6,App J SLO and Capacity Metric Catalog,177,Identity issuance availability Availability of trust-preserving short-lived identities Service + tenant + deployment + workload + window,V06-F013,infrastructure,missing,unverified,none,omission,P7-D,,Metric not measured anywhere (no SLO/telemetry platform),Nearest scheduled item: Phase 7 observability dashboards.,v06.txt:page 177:L10983,
IM-022,V6,App J SLO and Capacity Metric Catalog,177,Key operation availability Availability of authorized cryptographic operations Service + tenant + deployment + workload + window,V06-F013,infrastructure,missing,unverified,none,omission,P7-D,,Metric not measured anywhere (no SLO/telemetry platform),Nearest scheduled item: Phase 7 observability dashboards.,v06.txt:page 177:L10986,
IM-023,V6,App J SLO and Capacity Metric Catalog,177,"Isolation violation rate Confirmed cross-tenant, domain, or workload isolation failures Service + tenant + deployment + workload + window",V06-F013,infrastructure,missing,unverified,none,omission,P7-D,,Metric not measured anywhere (no SLO/telemetry platform),Nearest scheduled item: Phase 7 observability dashboards.,v06.txt:page 177:L10988,
IM-024,V6,App J SLO and Capacity Metric Catalog,177,Security detection delay Time from observable malicious activity to controlled detection Service + tenant + deployment + workload + window,V06-F013,infrastructure,missing,unverified,none,omission,P7-D,,Metric not measured anywhere (no SLO/telemetry platform),Nearest scheduled item: Phase 7 observability dashboards.,v06.txt:page 177:L10990,
IM-025,V6,App J SLO and Capacity Metric Catalog,178,Containment delay Time from confirmed incident to bounded reachability and authority Service + tenant + deployment + workload + window,V06-F013,infrastructure,missing,unverified,none,omission,P7-D,,Metric not measured anywhere (no SLO/telemetry platform),Nearest scheduled item: Phase 7 observability dashboards.,v06.txt:page 178:L10996,
IM-026,V6,App J SLO and Capacity Metric Catalog,178,Recovery point attainment Share of recoveries meeting declared maximum data loss Service + tenant + deployment + workload + window,V06-F013,infrastructure,missing,unverified,none,omission,P7-D,,Metric not measured anywhere (no SLO/telemetry platform),Nearest scheduled item: Phase 7 observability dashboards.,v06.txt:page 178:L11000,
IM-027,V6,App J SLO and Capacity Metric Catalog,178,Recovery time attainment Share of recoveries meeting declared restoration time Service + tenant + deployment + workload + window,V06-F013,infrastructure,missing,unverified,none,omission,P7-D,,Metric not measured anywhere (no SLO/telemetry platform),Nearest scheduled item: Phase 7 observability dashboards.,v06.txt:page 178:L11002,
IM-028,V6,App J SLO and Capacity Metric Catalog,178,Restore success Share of automated recovery sets restoring and reconciling successfully Service + tenant + deployment + workload + window,V06-F013,infrastructure,missing,unverified,none,omission,P7-D,,Metric not measured anywhere (no SLO/telemetry platform),Nearest scheduled item: Phase 7 observability dashboards.,v06.txt:page 178:L11004,
IM-029,V6,App J SLO and Capacity Metric Catalog,178,"Failover success Share of exercised failovers preserving state, policy, and user semantics Service + tenant + deployment + workload + window",V06-F013,infrastructure,missing,unverified,none,omission,P7-D,,Metric not measured anywhere (no SLO/telemetry platform),Nearest scheduled item: Phase 7 observability dashboards.,v06.txt:page 178:L11008,
IM-030,V6,App J SLO and Capacity Metric Catalog,178,Capacity headroom Safe available resource relative to modeled peak and recovery demand Service + tenant + deployment + workload + window,V06-F013,infrastructure,missing,unverified,none,omission,P7-D,,Metric not measured anywhere (no SLO/telemetry platform),Nearest scheduled item: Phase 7 observability dashboards.,v06.txt:page 178:L11012,
IM-031,V6,App J SLO and Capacity Metric Catalog,178,"Admission rejection Work rejected by reason, class, tenant, and resource Service + tenant + deployment + workload + window",V06-F013,infrastructure,missing,unverified,none,omission,P7-D,,Metric not measured anywhere (no SLO/telemetry platform),Nearest scheduled item: Phase 7 observability dashboards.,v06.txt:page 178:L11016,
IM-032,V6,App J SLO and Capacity Metric Catalog,178,Preemption impact Eligible work interrupted and successfully resumed after preemption Service + tenant + deployment + workload + window,V06-F013,infrastructure,missing,unverified,none,omission,P7-D,,Metric not measured anywhere (no SLO/telemetry platform),Nearest scheduled item: Phase 7 observability dashboards.,v06.txt:page 178:L11018,
IM-033,V6,App J SLO and Capacity Metric Catalog,178,"Resource efficiency Useful work per compute, accelerator, storage, or network unit Service + tenant + deployment + workload + window",V06-F013,infrastructure,missing,unverified,none,omission,P7-D,,Metric not measured anywhere (no SLO/telemetry platform),Nearest scheduled item: Phase 7 observability dashboards.,v06.txt:page 178:L11022,
IM-034,V6,App J SLO and Capacity Metric Catalog,178,"Unit cost Infrastructure cost per governed product, workflow, model task, or tenant unit Service + tenant + deployment + workload + window",V06-F013,infrastructure,missing,unverified,none,omission,P7-D,,Metric not measured anywhere (no SLO/telemetry platform),Nearest scheduled item: Phase 7 observability dashboards.,v06.txt:page 178:L11024,
IM-035,V6,App J SLO and Capacity Metric Catalog,178,Energy intensity Energy consumed per controlled workload or product unit Service + tenant + deployment + workload + window,V06-F013,infrastructure,missing,unverified,none,omission,P7-D,,Metric not measured anywhere (no SLO/telemetry platform),Nearest scheduled item: Phase 7 observability dashboards.,v06.txt:page 178:L11028,
IM-036,V6,App J SLO and Capacity Metric Catalog,178,Deployment parity Share of common conformance fixtures passing in every supported profile Service + tenant + deployment + workload + window,V06-F013,infrastructure,missing,unverified,none,omission,P7-D,,Metric not measured anywhere (no SLO/telemetry platform),Nearest scheduled item: Phase 7 observability dashboards.,v06.txt:page 178:L11030,
IM-037,V6,App J SLO and Capacity Metric Catalog,178,"Change failure rate Material changes requiring rollback, repair, or incident response Service + tenant + deployment + workload + window",V06-F013,infrastructure,missing,unverified,none,omission,P7-D,,Metric not measured anywhere (no SLO/telemetry platform),Nearest scheduled item: Phase 7 observability dashboards.,v06.txt:page 178:L11034,
IM-038,V6,App J SLO and Capacity Metric Catalog,178,Time to safe rollback Time from stop decision to verified compatible state Service + tenant + deployment + workload + window,V06-F013,infrastructure,missing,unverified,none,omission,P7-D,,Metric not measured anywhere (no SLO/telemetry platform),Nearest scheduled item: Phase 7 observability dashboards.,v06.txt:page 178:L11036,
IM-039,V6,App J SLO and Capacity Metric Catalog,178,"Observability loss Share of expected signals absent, late, corrupt, or uncorrelated Service + tenant + deployment + workload + window",V06-F013,infrastructure,missing,unverified,none,omission,P7-D,,Metric not measured anywhere (no SLO/telemetry platform),Nearest scheduled item: Phase 7 observability dashboards.,v06.txt:page 178:L11038,
IM-040,V6,App J SLO and Capacity Metric Catalog,178,Degraded-mode duration Time spent in each explicit restricted operating mode Service + tenant + deployment + workload + window,V06-F013,infrastructure,partial,unverified,merged,phase0,P7-D,"apps/api/src/health/health.controller.ts (/healthz, /readyz classified telemetry-only, degraded state exposed) (degradedSince, auditIncidents)",Duration per mode not measured,passed:harness lacked a resolved test/CI pointer → unverified,v06.txt:page 178:L11040,main
FM-01,V6,App K Failure Mode and Degraded State Matrix,179,Compute node loss Node pool Reschedule disposable work; restore stateful ownership Node-loss exercise,V06-F015,infrastructure,missing,unverified,none,omission,P7-D,,Failure mode has no required response and no exercise,,v06.txt:page 179:L11051,
FM-02,V6,App K Failure Mode and Degraded State Matrix,179,"Accelerator fault Device / serving pool Drain, invalidate work, restore checkpoint Device qualification and fault injection",V06-F015,infrastructure,missing,unverified,none,omission,P7-D,,Failure mode has no required response and no exercise,,v06.txt:page 179:L11053,
FM-03,V6,App K Failure Mode and Degraded State Matrix,179,Scheduler partition Cluster / cell Freeze unsafe placement; preserve running work Control partition exercise,V06-F015,infrastructure,missing,unverified,none,omission,P7-D,,Failure mode has no required response and no exercise,,v06.txt:page 179:L11056,
FM-04,V6,App K Failure Mode and Degraded State Matrix,179,Region loss Region Recover within sovereignty and consistency policy Regional continuity exercise,V06-F015,infrastructure,missing,unverified,none,omission,P7-D,,Failure mode has no required response and no exercise,,v06.txt:page 179:L11056,
FM-05,V6,App K Failure Mode and Degraded State Matrix,179,Site isolation On-premise site Enter disconnected mode and reconcile later WAN-loss exercise,V06-F015,infrastructure,missing,unverified,none,omission,P7-D,,Failure mode has no required response and no exercise,,v06.txt:page 179:L11061,
FM-06,V6,App K Failure Mode and Degraded State Matrix,179,Cell failure Intelligence cell Contain tenant and domain scope; restore cell Cell evacuation exercise,V06-F015,infrastructure,missing,unverified,none,omission,P7-D,,Failure mode has no required response and no exercise,,v06.txt:page 179:L11062,
FM-07,V6,App K Failure Mode and Degraded State Matrix,179,Management-plane outage Fleet Freeze change; continue approved local control Plane outage exercise,V06-F015,infrastructure,missing,unverified,none,omission,P7-D,,Failure mode has no required response and no exercise,,v06.txt:page 179:L11063,
FM-08,V6,App K Failure Mode and Degraded State Matrix,179,Identity issuer outage Trust domain Honor bounded leases; stop new protected issuance Trust continuity exercise,V06-F015,infrastructure,missing,unverified,none,omission,P7-D,,Failure mode has no required response and no exercise,,v06.txt:page 179:L11065,
FM-09,V6,App K Failure Mode and Degraded State Matrix,179,Policy service outage Protected operations Safe cache or deny according to contract Fail-closed test,V06-F015,infrastructure,partial,passed:harness,merged,phase0,P7-D,"apps/api/src/policy/pdp.service.ts (default deny, INDETERMINATE->deny, obligations, consequence class); test/int/gate22-authority-matrix.test.ts",Fail-closed by construction; no outage exercise,,v06.txt:page 179:L11067,main+test
FM-10,V6,App K Failure Mode and Degraded State Matrix,179,Key service outage Key domain Use approved continuity key path or stop Key recovery ceremony,V06-F015,infrastructure,missing,unverified,none,omission,P7-D,,Failure mode has no required response and no exercise,,v06.txt:page 179:L11069,
FM-11,V6,App K Failure Mode and Degraded State Matrix,179,"Secret exposure Credential scope Revoke, rotate, contain, prove cleanup Leak response exercise",V06-F015,infrastructure,partial,unverified,merged,phase0,P7-D,"migrations/0007, 0016 (bootstrap rotation); kid rotation",No leak response exercise,passed:harness lacked a resolved test/CI pointer → unverified,v06.txt:page 179:L11070,main
FM-12,V6,App K Failure Mode and Degraded State Matrix,179,Network segmentation drift Trust zone Deny suspect flows and reconcile state Reachability drift test,V06-F015,infrastructure,missing,unverified,none,omission,P7-D,,Failure mode has no required response and no exercise,,v06.txt:page 179:L11071,
FM-13,V6,App K Failure Mode and Degraded State Matrix,179,DNS or discovery failure Region / site Use bounded cached state; block unsafe freshness Naming partition exercise,V06-F015,infrastructure,missing,unverified,none,omission,P7-D,,Failure mode has no required response and no exercise,,v06.txt:page 179:L11073,
FM-14,V6,App K Failure Mode and Degraded State Matrix,179,Trusted time loss Region / site Block time-sensitive authority and expose uncertainty Clock drift and step test,V06-F015,infrastructure,partial,unverified,merged,phase4,P7-D,clock_quality on the envelope; Phase 4 four clocks,No clock drift/step test,,v06.txt:page 179:L11075,
FM-15,V6,App K Failure Mode and Degraded State Matrix,179,"Egress destination compromise Connector or provider path Block, revoke, quarantine, assess effects Destination substitution test",V06-F015,infrastructure,partial,passed:harness,merged,phase1,P7-D,"apps/api/src/observation/connectors/http-client.ts (EgressPolicy host/scheme allowlist, private/loopback/link-local/metadata refusal, redirect/size limits); test/int/phase1-hostile-input.test.ts",No destination substitution test,,,main+test
FM-16,V6,App K Failure Mode and Degraded State Matrix,179,Database quorum loss State cluster Fence writes and recover consistency Quorum and failover test,V06-F015,infrastructure,missing,unverified,none,omission,P7-D,,Failure mode has no required response and no exercise,,v06.txt:page 179:L11081,
FM-17,V6,App K Failure Mode and Degraded State Matrix,179,"Storage corruption State class Quarantine, restore, reconcile consumers Corruption and restore drill",V06-F015,infrastructure,partial,unverified,merged,phase1,P7-D,apps/api/src/observation/vault/evidence.service.ts (digest re-verified on every read); config eye.vault.quarantine_root / evidence_root (local filesystem),Detection only; no restore,passed:harness lacked a resolved test/CI pointer → unverified,v06.txt:page 179:L11082,main
FM-18,V6,App K Failure Mode and Degraded State Matrix,179,Object digest mismatch Evidence object Deny use and preserve custody investigation Integrity test,V06-F015,infrastructure,implemented,passed:harness,merged,phase1,done,apps/api/src/observation/vault/evidence.service.ts (digest re-verified on every read); config eye.vault.quarantine_root / evidence_root (local filesystem); test/int/phase1-fault-injection.test.ts,None,,v06.txt:page 179:L11083,main+test
FM-19,V6,App K Failure Mode and Degraded State Matrix,179,Graph partition divergence Graph cell Constrain traversals and replay changes Partition recovery test,V06-F015,infrastructure,missing,unverified,none,omission,P7-D,,Failure mode has no required response and no exercise,,v06.txt:page 179:L11084,
FM-20,V6,App K Failure Mode and Degraded State Matrix,179,Index staleness Search cell Label degraded or use policy-equivalent fallback Staleness and rebuild test,V06-F015,infrastructure,missing,unverified,none,omission,P7-D,,Failure mode has no required response and no exercise,,v06.txt:page 179:L11086,
FM-21,V6,App K Failure Mode and Degraded State Matrix,179,"Broker partition Messaging cell Backpressure, elect, replay, reconcile Broker-loss test",V06-F015,infrastructure,partial,passed:harness,merged,phase0,P7-D,"apps/api/src/objects/outbox.publisher.ts (at-least-once, idempotent job ids, compare-and-set ack); migrations/0015_outbox_hardening.sql; test/int/gate22-outbox-hardening.test.ts; scheduler readiness unknown state",No broker-loss test,,v06.txt:page 179:L11087,main+test
FM-22,V6,App K Failure Mode and Degraded State Matrix,179,"Poison message Consumer group Quarantine, dead-letter, preserve sequence Schema and poison test",V06-F015,infrastructure,partial,passed:harness,branch-only,phase6,P7-D,"apps/api/src/observation/scheduling/scheduler.service.ts (BullMQ job schedulers, scope-prefixed queues, payload carries no authority, attempts 3 exponential backoff); migrations/0038_scheduled_collection.sql; migrations/0040_scheduled_attempt_faults.sql; test/int/phase6-scheduled-collection.test.ts; test/int/phase6-scheduled-corrections.test.ts (failed jobs retained; faulted recorded)",No dead-letter or poison test,,v06.txt:page 179:L11088,branch+main+test
FM-23,V6,App K Failure Mode and Degraded State Matrix,179,Workflow engine failure Workflow cell Resume from committed transition Engine restart and replay,V06-F015,infrastructure,partial,unverified,branch-only,phase6,P6,0042 durable approvals,No engine restart/replay exercise,UNRESOLVED pointer(s) at 2e83945: agent-worker.service.ts (reconcile at startup) | passed:harness lacked a resolved test/CI pointer → unverified,v06.txt:page 179:L11089,
FM-24,V6,App K Failure Mode and Degraded State Matrix,179,"Agent sandbox breach Agent cell Terminate, revoke, quarantine, assess effects Escape and forensic test",V06-F015,infrastructure,missing,unverified,none,omission,P7-D,,Failure mode has no required response and no exercise,,v06.txt:page 179:L11090,
FM-25,V6,App K Failure Mode and Degraded State Matrix,179,Model provider failure Inference route Abstain or approved equivalent fallback Provider failover test,V06-F015,infrastructure,partial,passed:harness,merged,phase2,P2,"apps/api/src/intelligence/gateway/model-gateway.service.ts (modes replay | local-live Ollama/llama.cpp, pinned model digest/prompt version, no hosted provider); test/int/phase2-acceptance.test.ts",No provider failover; abstention only,,v06.txt:page 179:L11091,main+test
FM-26,V6,App K Failure Mode and Degraded State Matrix,179,Telemetry pipeline loss Operations domain Prioritize local signals and constrain risky change Telemetry-loss exercise,V06-F015,infrastructure,missing,unverified,none,omission,P7-D,,Failure mode has no required response and no exercise,,v06.txt:page 179:L11092,
FM-27,V6,App K Failure Mode and Degraded State Matrix,179,Backup failure Recovery domain Protect remaining copies and constrain destructive change Backup failure drill,V06-F015,infrastructure,missing,unverified,none,omission,P7-D,,Failure mode has no required response and no exercise,,v06.txt:page 179:L11092,
FM-28,V6,App K Failure Mode and Degraded State Matrix,179,Restore incompatibility Recovery unit Stop recovery and select compatible release Cross-version restore test,V06-F015,infrastructure,missing,unverified,none,omission,P7-D,,Failure mode has no required response and no exercise,,v06.txt:page 179:L11095,
FM-29,V6,App K Failure Mode and Degraded State Matrix,179,Partial infrastructure apply Change scope Stop mutation and reconcile actual state Partial-apply recovery,V06-F015,infrastructure,missing,unverified,none,omission,P7-D,,Failure mode has no required response and no exercise,,v06.txt:page 179:L11096,
FM-30,V6,App K Failure Mode and Degraded State Matrix,179,"Supply-chain revocation Fleet / release Block, revoke, replace or rollback Artifact revocation exercise",V06-F015,infrastructure,partial,passed:ci,merged,phase0,P7-D,c15-patched-image-recheck.yml; scanner-exclusions expiry,No artifact revocation exercise,,v06.txt:page 179:L11097,main+test
FM-31,V6,App K Failure Mode and Degraded State Matrix,179,Capacity exhaustion Service or cell Admission control and explicit shedding Stress and overload test,V06-F015,infrastructure,partial,unverified,merged,phase1,P7-D,concurrency caps (config),No admission control or overload test,UNRESOLVED pointer(s) at 2e83945: connector byte/decompression limits | passed:harness lacked a resolved test/CI pointer → unverified,v06.txt:page 179:L11098,
FM-32,V6,App K Failure Mode and Degraded State Matrix,180,"Operator error Administrative scope Stop, recover through controlled workflow, preserve evidence Privileged operations exercise",V06-F015,infrastructure,partial,unverified,merged,phase0,P7-D,migrations/0020 (controlled recovery workflow); break-glass separation,No privileged operations exercise,passed:harness lacked a resolved test/CI pointer → unverified,,main
IC-01,V6,App L Security Control and Enforcement Matrix,181,Human strong authentication Access edge and identity provider Authentication logs and assurance claims,V06-F012,identity-policy,partial,passed:harness,merged,phase0,P7-D,"apps/api/src/identity/identity.service.ts (HS256 JWT with kid, 15-min access, refresh rotation, assurance password|break_glass|bootstrap_rotation); migrations/0002_identity_tenancy.sql; migrations/0017_identity_mutator_governance.sql; test/int/gate22-identity-mutators.test.ts",No MFA or assurance claims beyond password,,v06.txt:page 181:L11133,main+test
IC-02,V6,App L Security Control and Enforcement Matrix,181,Workload identity Runtime and service fabric Attested short-lived identity records,V06-F012,identity-policy,partial,unverified,merged,phase1,P7-D,observation/agents (agent principal + code digest),No attested short-lived identities,,v06.txt:page 181:L11134,main
IC-03,V6,App L Security Control and Enforcement Matrix,181,Device identity Edge and fleet Firmware and device attestation,V06-F012,identity-policy,missing,unverified,none,omission,P7-D,,Control not implemented at any enforcement boundary,,v06.txt:page 181:L11135,
IC-04,V6,App L Security Control and Enforcement Matrix,181,"Privileged access mediation Administrative boundary Approval, session record, expiry, and revocation",V06-F012,identity-policy,partial,unverified,merged,phase0,P7-D,apps/api/src/shared/db.ts (one pool per authority); migrations/0009_privilege_separation_and_bound_context.sql (eye_recovery never loaded by runtime); migrations/0020,"No approval, session record, expiry, revocation",passed:harness lacked a resolved test/CI pointer → unverified,v06.txt:page 181:L11136,main
IC-05,V6,App L Security Control and Enforcement Matrix,181,"Policy decision enforcement API, service, data, tool, and release boundaries Versioned decision traces",V06-F012,identity-policy,partial,passed:harness,merged,phase0,P7-D,"apps/api/src/policy/pdp.service.ts (default deny, INDETERMINATE->deny, obligations, consequence class) (decision traces: inputDigest, bundleVersion, reason); test/int/gate22-authority-matrix.test.ts","API and data boundaries covered; service, tool and release boundaries not",,v06.txt:page 181:L11136,main+test
IC-06,V6,App L Security Control and Enforcement Matrix,181,"Tenant and domain isolation Compute, network, state, key, and telemetry Negative isolation tests",V06-F012,identity-policy,partial,passed:harness,merged,phase0,P7-D,test/int/domain-isolation.test.ts; test/int/gate22-authority-matrix.test.ts,"State isolation tested; compute, network, key and telemetry isolation absent",UNRESOLVED pointer(s) at 2e83945: apps/api/migrations/0001…0050 (96 CREATE POLICY row-level security),v06.txt:page 181:L11139,main+test
IC-07,V6,App L Security Control and Enforcement Matrix,181,Network deny by default Every trust zone Reachability matrix and continuous probes,V06-F012,identity-policy,missing,unverified,none,omission,P7-D,,Control not implemented at any enforcement boundary,,v06.txt:page 181:L11140,
IC-08,V6,App L Security Control and Enforcement Matrix,181,"Egress allowlisting Connector, model, and effect paths Destination and transfer receipts",V06-F012,identity-policy,partial,passed:harness,merged,phase1,P7-D,"apps/api/src/observation/connectors/http-client.ts (EgressPolicy host/scheme allowlist, private/loopback/link-local/metadata refusal, redirect/size limits); test/int/phase1-hostile-input.test.ts",Connector path only; no effect-path allowlisting or receipts,,v06.txt:page 181:L11141,main+test
IC-09,V6,App L Security Control and Enforcement Matrix,181,Encryption in transit All protected connections Certificate and protocol posture,V06-F012,identity-policy,missing,unverified,none,omission,P7-D,,Control not implemented at any enforcement boundary,,v06.txt:page 181:L11142,
IC-10,V6,App L Security Control and Enforcement Matrix,181,Encryption at rest Every protected state class Key bindings and storage posture,V06-F012,identity-policy,missing,unverified,none,omission,P7-D,,Control not implemented at any enforcement boundary,,v06.txt:page 181:L11143,
IC-11,V6,App L Security Control and Enforcement Matrix,181,Data-in-use protection Selected protected workloads Execution attestation and memory controls,V06-F012,identity-policy,missing,unverified,none,omission,P7-D,,Control not implemented at any enforcement boundary,,v06.txt:page 181:L11144,
IC-12,V6,App L Security Control and Enforcement Matrix,181,Key purpose separation Key domains Key policy and dual-control evidence,V06-F012,identity-policy,missing,unverified,none,omission,P7-D,,Control not implemented at any enforcement boundary,,v06.txt:page 181:L11145,
IC-13,V6,App L Security Control and Enforcement Matrix,181,"Dynamic secret issuance Workload boundaries Lease, delivery, use, and revocation evidence",V06-F012,identity-policy,missing,unverified,none,omission,P7-D,,Control not implemented at any enforcement boundary,,v06.txt:page 181:L11146,
IC-14,V6,App L Security Control and Enforcement Matrix,181,"Artifact signature enforcement Build, registry, and runtime admission Provenance and verification records",V06-F012,identity-policy,partial,passed:ci,merged,phase0,P7-D,".github/workflows/c19-anchor.yml (Sigstore signing + Rekor publication, id-token only in the publish job); scripts/gate/lib/c19-anchor.mjs (offline verification: pinned Fulcio chain, identity, Rekor inclusion proof); .github/workflows/c19-lifecycle.yml (ubuntu + macos-14)",Signs/anchors CI evidence; no build/registry/runtime admission of application artifacts,,v06.txt:page 181:L11147,main+test
IC-15,V6,App L Security Control and Enforcement Matrix,181,"Dependency bill of materials Software, models, firmware, modules Resolved bill and vulnerability state",V06-F012,identity-policy,partial,passed:ci,merged,phase0,P7-D,"ci.yml C17 CycloneDX validation (scripts/gate/lib/cyclonedx-schema.mjs, sbom.mjs); C15 image scans","Software only; models, firmware and modules not covered",,v06.txt:page 181:L11148,main+test
IC-16,V6,App L Security Control and Enforcement Matrix,181,Reproducible build Controlled build domain Source-to-artifact comparison,V06-F012,identity-policy,partial,passed:ci,merged,phase0,P7-D,".github/workflows/c17-finalize.yml (macOS-14 arm64 regeneration, byte-for-byte comparison of the nine-artifact set); scripts/gate/c17-cross-host-finalization.mjs","Reproduces the gate evidence set, not the application build",,v06.txt:page 181:L11149,main+test
IC-17,V6,App L Security Control and Enforcement Matrix,181,"Sandbox isolation Agent, connector, and build runtimes Escape, file, network, and process tests",V06-F012,identity-policy,partial,passed:ci,merged,phase0,P7-D,scripts/gate/lib/c19-sandbox.mjs (OS network denial); test/gate/c19-lifecycle.suite.ts,Gate children only; no agent/connector/build sandbox for the product,UNRESOLVED pointer(s) at 2e83945: c19-isolation.mjs (env allowlist),v06.txt:page 181:L11150,main+test
IC-18,V6,App L Security Control and Enforcement Matrix,181,"Capability-based tool access Agent and automation boundaries Grant, call, receipt, and revocation",V06-F012,identity-policy,partial,unverified,merged,phase6,P7-A,apps/api/src/shared/capabilities.ts; agents budgets,No grant/call receipts or revocation for tools,release_status branch-only → merged from the evidence at 2e83945 | passed:harness lacked a resolved test/CI pointer → unverified,v06.txt:page 181:L11151,main
IC-19,V6,App L Security Control and Enforcement Matrix,181,"Content isolation External and untrusted sources Malware, parsing, and instruction-boundary tests",V06-F012,identity-policy,partial,passed:harness,merged,phase1,P1,"apps/api/src/observation/connectors/content-controls.ts (explicitly not malware detection, EXC-P1-001); test/int/phase1-hostile-input.test.ts",No malware scanning; instruction-boundary tests absent,UNRESOLVED pointer(s) at 2e83945: xml-worker.js,v06.txt:page 181:L11152,main+test
IC-20,V6,App L Security Control and Enforcement Matrix,181,"Data minimization Collection, retrieval, inference, telemetry Field and content reviews",V06-F012,identity-policy,partial,unverified,merged,phase0,P7-D,config eye.telemetry.redact_fields; degraded journal holds no payloads; audit intake sanitized,"No field/content reviews across collection, retrieval, inference",,v06.txt:page 181:L11154,
IC-21,V6,App L Security Control and Enforcement Matrix,181,"Residency enforcement Placement, storage, backup, provider, support End-to-end locality evidence",V06-F012,identity-policy,missing,unverified,none,omission,P7-D,,Control not implemented at any enforcement boundary,,v06.txt:page 181:L11154,
IC-22,V6,App L Security Control and Enforcement Matrix,181,Immutable audit Material authority and state change Integrity anchors and custody,V06-F012,identity-policy,implemented,passed:harness,merged,phase0,done,"apps/api/src/audit/audit.service.ts (hash chain verify/seal, tamper freeze); migrations/0004_audit.sql; migrations/0018_verifier_seal_governance.sql; test/int/audit-chain.test.ts; test/int/gate22-verifier-seal.test.ts",None,,v06.txt:page 181:L11157,main+test
IC-23,V6,App L Security Control and Enforcement Matrix,181,Security telemetry Every critical plane and component Coverage and loss state,V06-F012,identity-policy,missing,unverified,none,omission,P7-D,,Control not implemented at any enforcement boundary,,v06.txt:page 181:L11158,
IC-24,V6,App L Security Control and Enforcement Matrix,181,Detection validation Security monitoring Attack simulations and detector metrics,V06-F012,identity-policy,missing,unverified,none,omission,P7-D,,Control not implemented at any enforcement boundary,,v06.txt:page 181:L11159,
IC-25,V6,App L Security Control and Enforcement Matrix,181,Automated containment Pre-approved reversible controls Action authority and effect evidence,V06-F012,identity-policy,missing,unverified,none,omission,P7-D,,Control not implemented at any enforcement boundary,,v06.txt:page 181:L11160,
IC-26,V6,App L Security Control and Enforcement Matrix,181,"Vulnerability management Complete fleet and artifacts Exposure, patch, exception, and closure",V06-F012,identity-policy,partial,passed:ci,merged,phase0,R0,".github/workflows/ci.yml: supply-chain (C15 trivy 0.73.0 + gitleaks 8.30.1 pinned by digest, C16 lock closure, C17 CycloneDX SBOM + licence obligations, evidence ZIP); scripts/gate/supply-chain.mjs; scripts/gate/scanner-pins.json; docs/SCANNER_DISPOSITIONS.md; c15-patched-image-recheck.yml",Fleet not covered,,v06.txt:page 181:L11161,main+test
IC-27,V6,App L Security Control and Enforcement Matrix,181,Configuration drift control Infrastructure and policy Desired-to-observed reconciliation,V06-F012,identity-policy,partial,passed:ci,merged,phase0,P7-D,ci.yml pinned-digest consistency (compose == conformance manifest),No runtime desired-to-observed reconciliation,,v06.txt:page 181:L11162,main+test
IC-28,V6,App L Security Control and Enforcement Matrix,181,Backup immutability Recovery domains Protection and delete-resistance tests,V06-F012,identity-policy,missing,unverified,none,omission,P7-D,,Control not implemented at any enforcement boundary,,v06.txt:page 181:L11163,
IC-29,V6,App L Security Control and Enforcement Matrix,181,"Break-glass governance Critical operations Two-person approval, reason, session, and review",V06-F012,identity-policy,partial,passed:harness,merged,phase0,P7-D,apps/api/src/shared/db.ts (one pool per authority); migrations/0009_privilege_separation_and_bound_context.sql (eye_recovery never loaded by runtime); migrations/0020; test/int/gate22-degraded-recovery.test.ts,No two-person approval or review,,v06.txt:page 181:L11164,main+test
IC-30,V6,App L Security Control and Enforcement Matrix,181,"Security incident command Security domain Case, containment, decision impact, and closure",V06-F012,identity-policy,missing,unverified,none,omission,P7-D,,Control not implemented at any enforcement boundary,,v06.txt:page 181:L11166,
DR-01,V6,"App M Backup, Restore, and Disaster Recovery Matrix",182,Identity and trust roots Zero or bounded lease state Minutes to hours Separate root and recovery ceremony Trust continuity exercise,V06-F014,infrastructure,missing,unverified,none,omission,P7-D,,No backup or recovery unit exists (no backups of any state class; register §7),,v06.txt:page 182:L11175,
DR-02,V6,"App M Backup, Restore, and Disaster Recovery Matrix",182,Policy bundles Last approved revision Minutes Signed local copies Fail-closed and restore test,V06-F014,infrastructure,missing,unverified,none,omission,P7-D,,No backup or recovery unit exists (no backups of any state class; register §7),,v06.txt:page 182:L11179,
DR-03,V6,"App M Backup, Restore, and Disaster Recovery Matrix",182,Key management No committed key loss Minutes to hours Separate hardware-backed recovery Key recovery ceremony,V06-F014,infrastructure,missing,unverified,none,omission,P7-D,,No backup or recovery unit exists (no backups of any state class; register §7),,v06.txt:page 182:L11181,
DR-04,V6,"App M Backup, Restore, and Disaster Recovery Matrix",182,Configuration desired state Last committed revision Minutes Separate state backend copy State-backend restore,V06-F014,infrastructure,missing,unverified,none,omission,P7-D,,No backup or recovery unit exists (no backups of any state class; register §7),,v06.txt:page 182:L11183,
DR-05,V6,"App M Backup, Restore, and Disaster Recovery Matrix",182,Release registry No released identity loss Minutes to hours Immutable replicated registry Registry recovery,V06-F014,infrastructure,missing,unverified,none,omission,P7-D,,No backup or recovery unit exists (no backups of any state class; register §7),,v06.txt:page 182:L11186,
DR-06,V6,"App M Backup, Restore, and Disaster Recovery Matrix",182,Transactional operational state Contract-specific seconds to hours Minutes to hours Consistent logs and snapshots Point-in-time restore,V06-F014,infrastructure,missing,unverified,none,omission,P7-D,,No backup or recovery unit exists (no backups of any state class; register §7),,,
DR-07,V6,"App M Backup, Restore, and Disaster Recovery Matrix",182,Knowledge Graph Declared graph log position Hours Change log plus snapshots Graph replay and index rebuild,V06-F014,infrastructure,missing,unverified,none,omission,P7-D,,No backup or recovery unit exists (no backups of any state class; register §7),,v06.txt:page 182:L11192,
DR-08,V6,"App M Backup, Restore, and Disaster Recovery Matrix",182,Enterprise Memory Declared object revision Hours Canonical objects plus indexes Temporal restore and reconciliation,V06-F014,infrastructure,missing,unverified,none,omission,P7-D,,No backup or recovery unit exists (no backups of any state class; register §7),,v06.txt:page 182:L11194,
DR-09,V6,"App M Backup, Restore, and Disaster Recovery Matrix",182,"Digital Twins Last consistent snapshot and branch log Hours Snapshots, events, and checkpoints Twin restore and branch test",V06-F014,infrastructure,missing,unverified,none,omission,P7-D,,No backup or recovery unit exists (no backups of any state class; register §7),,,
DR-10,V6,"App M Backup, Restore, and Disaster Recovery Matrix",182,Evidence object store No acknowledged object loss where required Hours Immutable cross-domain copies Large-scale restore and digest check,V06-F014,infrastructure,missing,unverified,none,omission,P7-D,,No backup or recovery unit exists (no backups of any state class; register §7),,,
DR-11,V6,"App M Backup, Restore, and Disaster Recovery Matrix",182,Audit evidence No committed audit loss Hours Separate immutable copies and anchors Audit restore and integrity verification,V06-F014,infrastructure,missing,unverified,none,omission,P7-D,,No backup or recovery unit exists (no backups of any state class; register §7),,v06.txt:page 182:L11209,
DR-12,V6,"App M Backup, Restore, and Disaster Recovery Matrix",182,Messaging logs Declared committed offset Minutes to hours Replicated logs and consumer checkpoints Broker recovery and replay,V06-F014,infrastructure,missing,unverified,none,omission,P7-D,,No backup or recovery unit exists (no backups of any state class; register §7),,v06.txt:page 182:L11214,
DR-13,V6,"App M Backup, Restore, and Disaster Recovery Matrix",182,Workflow state Last committed transition Minutes Durable history and task leases Workflow engine recovery,V06-F014,infrastructure,missing,unverified,none,omission,P7-D,,No backup or recovery unit exists (no backups of any state class; register §7),,v06.txt:page 182:L11217,
DR-14,V6,"App M Backup, Restore, and Disaster Recovery Matrix",182,Agent execution checkpoints Last compatible checkpoint Minutes to hours Checkpoint store and release manifest Agent resume and replay,V06-F014,infrastructure,missing,unverified,none,omission,P7-D,,No backup or recovery unit exists (no backups of any state class; register §7),,,
DR-15,V6,"App M Backup, Restore, and Disaster Recovery Matrix",182,Search and vector indexes Rebuildable Hours to days Authoritative sources and definitions Deterministic rebuild,V06-F014,infrastructure,missing,unverified,none,omission,P7-D,,No backup or recovery unit exists (no backups of any state class; register §7),,v06.txt:page 182:L11224,
DR-16,V6,"App M Backup, Restore, and Disaster Recovery Matrix",182,Telemetry Bounded accepted loss Hours Local buffers and regional copies Observability continuity,V06-F014,infrastructure,missing,unverified,none,omission,P7-D,,No backup or recovery unit exists (no backups of any state class; register §7),,v06.txt:page 182:L11226,
DR-17,V6,"App M Backup, Restore, and Disaster Recovery Matrix",182,Security cases No acknowledged case loss Minutes to hours Separate protected case store Security operations recovery,V06-F014,infrastructure,missing,unverified,none,omission,P7-D,,No backup or recovery unit exists (no backups of any state class; register §7),,v06.txt:page 182:L11228,
DR-18,V6,"App M Backup, Restore, and Disaster Recovery Matrix",182,Executive decisions and briefings No committed decision loss Hours Canonical records and evidence links Decision-path recovery,V06-F014,infrastructure,missing,unverified,none,omission,P7-D,,No backup or recovery unit exists (no backups of any state class; register §7),,,
DR-19,V6,"App M Backup, Restore, and Disaster Recovery Matrix",182,On-premise site Per state-class objectives Hours to days Local recovery vault or alternate site Isolated site recovery,V06-F014,infrastructure,missing,unverified,none,omission,P7-D,,No backup or recovery unit exists (no backups of any state class; register §7),,v06.txt:page 182:L11235,
DR-20,V6,"App M Backup, Restore, and Disaster Recovery Matrix",182,Air-gapped deployment Per local recovery policy Hours to days Offline signed recovery media No-network recovery exercise,V06-F014,infrastructure,missing,unverified,none,omission,P7-D,,No backup or recovery unit exists (no backups of any state class; register §7),,v06.txt:page 182:L11238,
IADR-001,V6,App O Infrastructure Architecture Decision Baseline,189,"One infrastructure contract across deployment profiles Physical implementations vary; strategic semantics and conformance do not. Implement through owned components, manifests, external controls, conformance evidence, immutable releases, monitoring, recovery, and audit.",V06-F017,infrastructure,missing,unverified,none,omission,P7-D,,Decision not realised in infrastructure,Cross-volume: V3 ADR-0001…0020; V4 architecture anchors per App N.,v06.txt:page 189:L12217,
IADR-002,V6,App O Infrastructure Architecture Decision Baseline,189,"Cell-oriented isolation and failure containment Tenant and domain workloads execute in bounded intelligence cells. Implement through owned components, manifests, external controls, conformance evidence, immutable releases, monitoring, recovery, and audit.",V06-F017,infrastructure,missing,unverified,none,omission,P7-D,,Decision not realised in infrastructure,Cross-volume: V3 ADR-0001…0020; V4 architecture anchors per App N.,v06.txt:page 189:L12225,
IADR-003,V6,App O Infrastructure Architecture Decision Baseline,189,"Management plane separated from customer data planes Fleet control cannot become an unrestricted customer-data path. Implement through owned components, manifests, external controls, conformance evidence, immutable releases, monitoring, recovery, and audit.",V06-F017,infrastructure,missing,unverified,none,omission,P7-D,,Decision not realised in infrastructure,Cross-volume: V3 ADR-0001…0020; V4 architecture anchors per App N.,v06.txt:page 189:L12233,
IADR-004,V6,App O Infrastructure Architecture Decision Baseline,189,"Workload identity precedes network trust Network location alone never authorizes service access. Implement through owned components, manifests, external controls, conformance evidence, immutable releases, monitoring, recovery, and audit.",V06-F017,infrastructure,partial,unverified,merged,phase0,P7-D,pipeline authenticates every request; no network-location trust,No workload identities for services,Cross-volume: V3 ADR-0001…0020; V4 architecture anchors per App N. | passed:harness lacked a resolved test/CI pointer → unverified,v06.txt:page 189:L12241,
IADR-005,V6,App O Infrastructure Architecture Decision Baseline,189,"Policy enforcement external to models and agents AI behavior cannot expand infrastructure authority. Implement through owned components, manifests, external controls, conformance evidence, immutable releases, monitoring, recovery, and audit.",V06-F017,infrastructure,partial,passed:harness,branch-only,phase6,P7-D,"apps/api/src/policy/pdp.service.ts (default deny, INDETERMINATE->deny, obligations, consequence class); agents under the same PEP; test/int/phase6-agents.test.ts","Enforcement is in-process, not an external infrastructure control",Cross-volume: V3 ADR-0001…0020; V4 architecture anchors per App N.,v06.txt:page 189:L12249,branch+main+test
IADR-006,V6,App O Infrastructure Architecture Decision Baseline,189,"State-class architecture precedes storage technology Authority, consistency, locality, recovery, and lifecycle select the store. Implement through owned components, manifests, external controls, conformance evidence, immutable releases, monitoring, recovery, and audit.",V06-F017,infrastructure,partial,unverified,none,phase0,P7-D,,No state-class registry,"Cross-volume: V3 ADR-0001…0020; V4 architecture anchors per App N. | UNRESOLVED pointer(s) at 2e83945: owner schemas and roles (migrations/0001, 0009) | release_status merged → none from the evidence at 2e83945",v06.txt:page 189:L12257,
IADR-007,V6,App O Infrastructure Architecture Decision Baseline,189,"Canonical state separated from indexes and caches Derived acceleration remains rebuildable and visibly stale. Implement through owned components, manifests, external controls, conformance evidence, immutable releases, monitoring, recovery, and audit.",V06-F017,infrastructure,partial,unverified,merged,phase0,P7-D,canonical objects only; no derived projections or caches exist,Apply when projections are introduced,Cross-volume: V3 ADR-0001…0020; V4 architecture anchors per App N. | passed:harness lacked a resolved test/CI pointer → unverified,v06.txt:page 189:L12265,
IADR-008,V6,App O Infrastructure Architecture Decision Baseline,189,"Durable execution for material multistep work Workflow and agent progress survives process and infrastructure failure. Implement through owned components, manifests, external controls, conformance evidence, immutable releases, monitoring, recovery, and audit.",V06-F017,infrastructure,partial,passed:harness,branch-only,phase6,P7-A,"apps/api/src/observation/scheduling/scheduler.service.ts (BullMQ job schedulers, scope-prefixed queues, payload carries no authority, attempts 3 exponential backoff); migrations/0038_scheduled_collection.sql; migrations/0040_scheduled_attempt_faults.sql; test/int/phase6-scheduled-collection.test.ts; test/int/phase6-scheduled-corrections.test.ts; migrations/0042",No checkpoint/resume for multi-step agent work,Cross-volume: V3 ADR-0001…0020; V4 architecture anchors per App N.,,branch+main+test
IADR-009,V6,App O Infrastructure Architecture Decision Baseline,189,"Explicit messaging delivery semantics Retries, ordering, replay, and institutional effects remain testable. Implement through owned components, manifests, external controls, conformance evidence, immutable releases, monitoring, recovery, and audit.",V06-F017,infrastructure,partial,passed:harness,branch-only,phase0,P7-D,"apps/api/src/objects/outbox.publisher.ts (at-least-once, idempotent job ids, compare-and-set ack); migrations/0015_outbox_hardening.sql; test/int/gate22-outbox-hardening.test.ts; apps/api/src/observation/scheduling/scheduler.service.ts (BullMQ job schedulers, scope-prefixed queues, payload carries no authority, attempts 3 exponential backoff); migrations/0038_scheduled_collection.sql; migrations/0040_scheduled_attempt_faults.sql; test/int/phase6-scheduled-collection.test.ts; test/int/phase6-scheduled-corrections.test.ts",Ordering/replay not modelled,Cross-volume: V3 ADR-0001…0020; V4 architecture anchors per App N. | release_status merged → branch-only from the evidence at 2e83945,v06.txt:page 189:L12281,branch+main+test
IADR-010,V6,App O Infrastructure Architecture Decision Baseline,189,"Accelerators are governed shared infrastructure Artifact, tenancy, topology, capacity, and attestation are controlled. Implement through owned components, manifests, external controls, conformance evidence, immutable releases, monitoring, recovery, and audit.",V06-F017,infrastructure,missing,unverified,none,omission,P7-D,,Decision not realised in infrastructure,Cross-volume: V3 ADR-0001…0020; V4 architecture anchors per App N.,v06.txt:page 189:L12287,
IADR-011,V6,App O Infrastructure Architecture Decision Baseline,189,"Runtime sandboxes enforce agent and connector reachability Instructions cannot grant file, network, secret, or side-effect access. Implement through owned components, manifests, external controls, conformance evidence, immutable releases, monitoring, recovery, and audit.",V06-F017,infrastructure,missing,unverified,none,phase7,P7-A,scripts/gate/lib/c19-sandbox.mjs (gate only),No product runtime sandboxes,Cross-volume: V3 ADR-0001…0020; V4 architecture anchors per App N.,v06.txt:page 189:L12295,main+test
IADR-012,V6,App O Infrastructure Architecture Decision Baseline,189,"Registered egress instead of generic internet access Destination, purpose, data, credentials, and receipts are explicit. Implement through owned components, manifests, external controls, conformance evidence, immutable releases, monitoring, recovery, and audit.",V06-F017,infrastructure,partial,passed:harness,merged,phase1,P7-D,"apps/api/src/observation/connectors/http-client.ts (EgressPolicy host/scheme allowlist, private/loopback/link-local/metadata refusal, redirect/size limits); test/int/phase1-hostile-input.test.ts; apps/api/src/intelligence/gateway/model-gateway.service.ts (modes replay | local-live Ollama/llama.cpp, pinned model digest/prompt version, no hosted provider); test/int/phase2-acceptance.test.ts",Process-level generic internet access not denied,Cross-volume: V3 ADR-0001…0020; V4 architecture anchors per App N.,v06.txt:page 189:L12303,main+test
IADR-013,V6,App O Infrastructure Architecture Decision Baseline,189,"Customer-held key and administrative options Deployment profiles preserve customer control and sovereignty. Implement through owned components, manifests, external controls, conformance evidence, immutable releases, monitoring, recovery, and audit.",V06-F017,infrastructure,missing,unverified,none,omission,P7-D,,Decision not realised in infrastructure,Cross-volume: V3 ADR-0001…0020; V4 architecture anchors per App N.,v06.txt:page 189:L12311,
IADR-014,V6,App O Infrastructure Architecture Decision Baseline,189,"Artifact integrity closes over software, models, firmware, and configuration Production admission resolves the complete supply chain. Implement through owned components, manifests, external controls, conformance evidence, immutable releases, monitoring, recovery, and audit.",V06-F017,infrastructure,partial,passed:ci,merged,phase0,P7-D,".github/workflows/ci.yml: supply-chain (C15 trivy 0.73.0 + gitleaks 8.30.1 pinned by digest, C16 lock closure, C17 CycloneDX SBOM + licence obligations, evidence ZIP); scripts/gate/supply-chain.mjs; scripts/gate/scanner-pins.json; docs/SCANNER_DISPOSITIONS.md; gateway model digests; compose digest consistency",No models/firmware/configuration closure at admission,Cross-volume: V3 ADR-0001…0020; V4 architecture anchors per App N.,v06.txt:page 189:L12318,main+test
IADR-015,V6,App O Infrastructure Architecture Decision Baseline,189,"Service levels include partial and degraded states Process uptime cannot conceal unusable strategic service. Implement through owned components, manifests, external controls, conformance evidence, immutable releases, monitoring, recovery, and audit.",V06-F017,infrastructure,partial,unverified,merged,phase0,P7-D,"apps/api/src/health/health.controller.ts (/healthz, /readyz classified telemetry-only, degraded state exposed)",No SLOs exist,Cross-volume: V3 ADR-0001…0020; V4 architecture anchors per App N. | passed:harness lacked a resolved test/CI pointer → unverified,v06.txt:page 189:L12327,main
IADR-016,V6,App O Infrastructure Architecture Decision Baseline,189,"Error budgets govern change Reliability evidence can stop promotion and redirect capacity. Implement through owned components, manifests, external controls, conformance evidence, immutable releases, monitoring, recovery, and audit.",V06-F017,infrastructure,missing,unverified,none,omission,P7-D,,Decision not realised in infrastructure,Cross-volume: V3 ADR-0001…0020; V4 architecture anchors per App N.,v06.txt:page 189:L12335,
IADR-017,V6,App O Infrastructure Architecture Decision Baseline,190,"Backups are untrusted until restored and reconciled Automated recovery evidence is a production control. Implement through owned components, manifests, external controls, conformance evidence, immutable releases, monitoring, recovery, and audit.",V06-F017,infrastructure,missing,unverified,none,omission,P7-D,,Decision not realised in infrastructure,Cross-volume: V3 ADR-0001…0020; V4 architecture anchors per App N.,v06.txt:page 190:L12345,
IADR-018,V6,App O Infrastructure Architecture Decision Baseline,190,"Disaster recovery preserves authority and sovereignty Recovery is not only copying data into another location. Implement through owned components, manifests, external controls, conformance evidence, immutable releases, monitoring, recovery, and audit.",V06-F017,infrastructure,missing,unverified,none,omission,P7-D,,Decision not realised in infrastructure,Cross-volume: V3 ADR-0001…0020; V4 architecture anchors per App N.,v06.txt:page 190:L12353,
IADR-019,V6,App O Infrastructure Architecture Decision Baseline,190,"Degraded modes are explicit product states The platform never fabricates freshness, completeness, confidence, or approval. Implement through owned components, manifests, external controls, conformance evidence, immutable releases, monitoring, recovery, and audit.",V06-F017,infrastructure,partial,passed:harness,merged,phase0,P7-D,apps/api/src/shared/degraded-store.ts; apps/api/src/health/health.controller.ts (/readyz degraded never healthy); apps/api/src/health/degraded-reconciliation.service.ts; migrations/0020_governed_degraded_recovery.sql; test/int/gate22-degraded-recovery.test.ts; model gateway; twin synthetic labels,No infrastructure degraded-mode catalogue,Cross-volume: V3 ADR-0001…0020; V4 architecture anchors per App N.,v06.txt:page 190:L12361,main+test
IADR-020,V6,App O Infrastructure Architecture Decision Baseline,190,"Infrastructure changes execute as durable controlled workflows Plans, approvals, observations, stop, rollback, and closure are retained. Implement through owned components, manifests, external controls, conformance evidence, immutable releases, monitoring, recovery, and audit.",V06-F017,infrastructure,missing,unverified,none,omission,P7-D,,Decision not realised in infrastructure,Cross-volume: V3 ADR-0001…0020; V4 architecture anchors per App N.,v06.txt:page 190:L12369,
IADR-021,V6,App O Infrastructure Architecture Decision Baseline,190,"Immutable dependency-closed releases Floating dependencies and out-of-band production edits are non-conformant. Implement through owned components, manifests, external controls, conformance evidence, immutable releases, monitoring, recovery, and audit.",V06-F017,infrastructure,partial,unverified,merged,phase0,P7-D,frozen lockfile; C16 lock closure; digest-pinned images,No release identity,Cross-volume: V3 ADR-0001…0020; V4 architecture anchors per App N. | passed:ci lacked a resolved test/CI pointer → unverified,,
IADR-022,V6,App O Infrastructure Architecture Decision Baseline,190,"Operational evidence is a first-class release and acceptance output Exact configuration and period are bound to assurance. Implement through owned components, manifests, external controls, conformance evidence, immutable releases, monitoring, recovery, and audit.",V06-F017,infrastructure,partial,unverified,merged,phase0,P7-D,C19 anchoring,No operational acceptance evidence,Cross-volume: V3 ADR-0001…0020; V4 architecture anchors per App N. | UNRESOLVED pointer(s) at 2e83945: CI evidence archives bound to SHA/attempt | passed:ci lacked a resolved test/CI pointer → unverified,v06.txt:page 190:L12385,
IADR-023,V6,App O Infrastructure Architecture Decision Baseline,190,"Disconnected and air-gapped operation is designed, not improvised External dependencies, transfer, time, update, and reconciliation are explicit. Implement through owned components, manifests, external controls, conformance evidence, immutable releases, monitoring, recovery, and audit.",V06-F017,infrastructure,partial,unverified,merged,phase0,P7-D,model gateway replay mode,Verification tooling only; the product has no disconnected mode,Cross-volume: V3 ADR-0001…0020; V4 architecture anchors per App N. | UNRESOLVED pointer(s) at 2e83945: c19-anchor.mjs (offline verification for foreign checkouts),v06.txt:page 190:L12393,
IADR-024,V6,App O Infrastructure Architecture Decision Baseline,190,"Humans retain incident command and return-to-service authority Automation recommends and executes only pre-authorized reversible controls. Implement through owned components, manifests, external controls, conformance evidence, immutable releases, monitoring, recovery, and audit.",V06-F017,infrastructure,partial,unverified,merged,phase0,P7-D,migrations/0020 (operator-driven recovery); human approvals (0042),No incident command model,Cross-volume: V3 ADR-0001…0020; V4 architecture anchors per App N. | passed:harness lacked a resolved test/CI pointer → unverified,v06.txt:page 190:L12401,main
V06-T-001,V6,Front matter: Infrastructure Architecture Charter,3,"Definition of infrastructure architecture complete: every component, runtime unit, state class, network zone, workload, dependency, failure domain, control, SLO, degraded mode, recovery path, release, and owner has stable identity; every deployment profile can install, operate, diagnose, secure, fail, restore, upgrade, export, and retire the same strategic product contract; every workload runs...",V06-F001,infrastructure,missing,unverified,none,omission,P7-D,"conformance.manifest.json (repository units -> component ids, controls, owners; Phase 0 framing)",None of the five completion conditions is met; only repository units and controls have stable identity,"Tracking id assigned by the audit (no identifier in the source). Not scheduled in any phase of docs/the-eye-master-build-prompt.md (stack: Docker Compose for local dev, GitHub Actions CI); owner package P7-D.",v06.txt:page 3:L78,main
V06-T-002,V6,App A Component conformance rules,166,"Identity precedes product: a vendor service, appliance, managed offering, open-source package, or internal implementation becomes conformant only through a stable INF component identity and approved manifest. Ownership remains singular. State is explicit. Failure is bounded. Evidence follows release.",V06-F001,governance-docs,partial,unverified,merged,phase0,P7-D,"conformance.manifest.json (repository units -> component ids, controls, owners; Phase 0 framing); scripts/gate/bundled-components.json","Units map to Vol 3/4 component ids with owners; no INF identities, state declarations, failure domains or release-bound evidence",Tracking id assigned by the audit (no identifier in the source).,,main+test
V06-T-003,V6,App B Deployment Profile Matrix,167,"The deployment profiles move physical responsibility and locality while preserving product semantics, human authority, canonical state, evidence, failure, correction, replay, and lifecycle behavior (capability rows: product semantics, control boundary, tenancy, control plane, data plane, identity, keys, ingress, egress, external models, object storage, graph/indexes, messaging, observability, s...",V06-F002,infrastructure,missing,unverified,none,omission,P7-D,"docker-compose.yml (digest-pinned postgres/redis, loopback only, required env, local-dev profile per EXC-P0-004); apps/api/src/policy/pdp.service.ts (environment.deployment hard-coded local-dev)",One local-dev profile; none of the 24 capability rows has a SaaS/Private Cloud/On-Premise realisation or parity evidence,Tracking id assigned by the audit (no identifier in the source). Cross-volume: V0 C-042; V3 Ch 39–43; V8 Ch 65.,v06.txt:page 167:L10384,main
V06-T-004,V6,App G Compute and Accelerator Profiles,172,"Compute profiles define portable workload intent. Exact instance types, processors, devices, and providers resolve behind certified CPU, memory, accelerator, edge, isolation, topology, and evidence requirements (CPU-GEN-S/M/L, CPU-MEM-M/L, CPU-CMP-M/L, GPU-INF-S/M/L, GPU-SIM-M, GPU-EVAL-M, ACC-CONF, EDGE-TINY/STD/ACC, BUILD-ISO, AGENT-SBX, RESTORE-IO, CTRL-QUORUM).",V06-F003,infrastructure,missing,unverified,none,omission,P7-D,scripts/gate/target-descriptor.json (linux/x64/glibc); package.json engines,No compute profile catalogue; no workload declares a profile,Tracking id assigned by the audit (no identifier in the source).,v06.txt:page 172:L10684,main+test
V06-T-005,V6,App H Infrastructure Manifest Field Dictionary,173,"The infrastructure manifest defines a stable component as a controlled deployment, state, boundary, dependency, control, failure, recovery, release, and lifecycle contract; every field (infrastructure_component_id … exceptions) is required unless contractually inapplicable.",V06-F001,governance-docs,partial,unverified,merged,phase0,P7-D,"conformance.manifest.json (repository units -> component ids, controls, owners; Phase 0 framing)","conformance.manifest.json carries only path, component_ids, description, controls, owner; the remaining ~38 fields (profiles, state classes, failure domains, SLO, degraded modes, recovery, backup, DR, zones, identity, policy, crypto, secrets, sovereignty, supply chain, telemetry, change, release, ac",Tracking id assigned by the audit (no identifier in the source).,v06.txt:page 173:L10745,main
V06-T-006,V6,App I Workload Runtime Manifest,175,"The workload manifest binds an executable service, agent, model, job, stream, connector, controller, or experience unit to exact identity, artifacts, resources, placement, connectivity, state, controls, service levels, failure, and lifecycle; every field (workload_id … retirement_and_revocation) is required unless contractually inapplicable.",V06-F008,infrastructure,missing,unverified,none,omission,P7-D,"agents registry (kind, version, codeDigest, owner, escalation, budgets, stopConditions) is the nearest partial analogue for agent workloads",No workload manifests; agent registrations cover identity/budgets only,Tracking id assigned by the audit (no identifier in the source).,v06.txt:page 175:L10840,
V06-T-007,V6,App K Degraded-state command rules,180,"Declare before use; protect strategic meaning; constrain effects; preserve evidence; exit through proof. Availability is never manufactured by hiding degradation; when the safe boundary is uncertain The Eye selects the more restrictive consequence class, preserves human awareness, and restores service through tested state.",V06-F015,infrastructure,partial,passed:harness,merged,phase0,P7-D,"apps/api/src/shared/degraded-store.ts; apps/api/src/health/health.controller.ts (/readyz degraded never healthy); apps/api/src/health/degraded-reconciliation.service.ts; migrations/0020_governed_degraded_recovery.sql; test/int/gate22-degraded-recovery.test.ts; apps/api/src/intelligence/gateway/model-gateway.service.ts (modes replay | local-live Ollama/llama.cpp, pinned model digest/prompt version, no hosted provider); test/int/phase2-acceptance.test.ts","Protect-meaning, constrain-effects, preserve-evidence and exit-through-proof hold for audit/evidence degradation; no declared catalogue of modes with trigger, authority, capabilities, maximum duration and exit evidence",Tracking id assigned by the audit (no identifier in the source). Cross-volume: V0 C-043; V4 Ch 59–61.,,main+test
V06-T-008,V6,"App N Requirement, Constitutional, Engineering, and AI Traceability",183,Traceability resolves each stable IA requirement range upward to constitutional invariants and across the controlled engineering and AI baselines; individual requirements inherit every anchor listed for their chapter.,V06-F001,governance-docs,missing,not-applicable,none,not-applicable,P7-D,,Explanatory matrix; anchors are copied into each IA row's notes by this audit. No repository artifact traces Vol 6 ids,Tracking id assigned by the audit (no identifier in the source).,v06.txt:page 183:L11245,
V06-T-009,V6,App P Infrastructure Glossary; Document Control,191,"Canonical terms for deployment, compute, network, state, runtime, trust, reliability, recovery, delivery, operations, economics, and governance; normative language SHALL/MUST binding; conformance scoped to exact artifacts, configuration, topology, customer domain, deployment profile, workload, consequence class, and period.",V06-F001,governance-docs,not-applicable,not-applicable,none,not-applicable,not-applicable,,Explanatory; no product behaviour,Tracking id assigned by the audit (no identifier in the source). | applicability: a documentary or normative-language row of the source; no product behaviour is claimed or owed by it,,
