id,volume,chapter,page,clause,family_seed,capability_area,impl_status,verif_status,release_status,phase_origin,package,evidence,remaining_work,notes
DP-01-001,V7,1 Data Platform Authority and Scope,10,"The data-platform realization of Data Platform Authority and Scope SHALL translate the frozen product, engineering, AI, and infrastructure baselines into governed data capabilities without changing canonical ownership or strategic meaning.",V07-F001,governance-docs,partial,unverified,merged,phase0,P7-D,"apps/api/migrations/0006_objects.sql (owning_component, accountable_owner); apps/api/scripts/authority-inventory.mjs; conformance.manifest.json; DECISIONS.md ADR-P0-02/03; EXCEPTIONS.md","No data-capability register mapping each asset/pipeline/store to canonical layer, authority class and lifecycle state; capability identity lives in code comments (CP-*) not a reconciled inventory",Boundary (no decision rights for the platform) is enforced by human_gate obligations and decision_authority checks: test/int/phase6-approvals.test.ts
DP-01-002,V7,1 Data Platform Authority and Scope,10,"Every production instance SHALL declare and continuously reconcile data capability identity, accountable owner, canonical layer, authority class, lifecycle state, deployment scope, control evidence, and conformance disposition through versioned contracts, observed state, ownership, lineage, and audit evidence.",V07-F001,governance-docs,partial,unverified,merged,phase0,P7-D,"apps/api/migrations/0006_objects.sql (owning_component, accountable_owner); apps/api/scripts/authority-inventory.mjs; conformance.manifest.json; DECISIONS.md ADR-P0-02/03; EXCEPTIONS.md",Add a versioned data-capability inventory reconciled against observed schemas/ports (authority-inventory.mjs covers ports only),Boundary (no decision rights for the platform) is enforced by human_gate obligations and decision_authority checks: test/int/phase6-approvals.test.ts
DP-01-003,V7,1 Data Platform Authority and Scope,10,"The implementation SHALL enforce this authority boundary: the Data Platform may transport, persist, process, index, and serve governed data but may not create an eleventh product layer, grant itself decision rights, or replace a canonical system of record.",V07-F001,governance-docs,implemented,passed:harness,merged,phase0,done,"apps/api/migrations/0006_objects.sql (owning_component, accountable_owner); apps/api/scripts/authority-inventory.mjs; conformance.manifest.json; DECISIONS.md ADR-P0-02/03; EXCEPTIONS.md",,Boundary (no decision rights for the platform) is enforced by human_gate obligations and decision_authority checks: test/int/phase6-approvals.test.ts
DP-01-004,V7,1 Data Platform Authority and Scope,11,"SaaS, Private Cloud, and On-Premise SHALL preserve the same object, temporal, truth-state, provenance, policy, correction, export, failure, replay, and human-authority semantics for Data Platform Authority and Scope.",V07-F001,governance-docs,missing,unverified,none,phase7,P7-D,"EXCEPTIONS.md: EXC-P0-004 (single deployment profile, local Compose); docker-compose.yml",Deliver Private Cloud and On-Premise profiles and run shared conformance fixtures for Data Platform Authority and Scope semantics across all three; only the local profile exists,Semantics of this chapter exist (or not) only in the local profile; parity across profiles is unclaimed (EXC-P0-004)
DP-01-005,V7,1 Data Platform Authority and Scope,11,"When a data capability, asset, pipeline, store, or product cannot resolve to an approved authority and ownership contract, the platform SHALL deny registration or production admission, preserve the disputed state, and route the conflict through architecture and data governance; it SHALL NOT infer complete, current, authorized, correct, reconciled, or recovered data state.",V07-F001,governance-docs,partial,passed:harness,merged,phase0,P7-D,"apps/api/migrations/0006_objects.sql (owning_component, accountable_owner); apps/api/scripts/authority-inventory.mjs; conformance.manifest.json; DECISIONS.md ADR-P0-02/03; EXCEPTIONS.md","Registration refusal exists for objects/sources without provenance/owner (EYE-PRV-001, src_approved_has_approver); no governance routing queue for disputed authority",Boundary (no decision rights for the platform) is enforced by human_gate obligations and decision_authority checks: test/int/phase6-approvals.test.ts
DP-01-006,V7,1 Data Platform Authority and Scope,11,"Production admission and continued operation SHALL require complete capability inventory, authority mapping, ownership acceptance, cross-deployment conformance, and signed operational evidence, bound to the exact contracts, schemas, code, data versions, policies, infrastructure, customer scope, deployment profile, and period under review.",V07-F001,governance-docs,partial,passed:ci,merged,phase0,P7-D,"apps/api/migrations/0006_objects.sql (owning_component, accountable_owner); apps/api/scripts/authority-inventory.mjs; conformance.manifest.json; DECISIONS.md ADR-P0-02/03; EXCEPTIONS.md",No signed operational evidence per deployment profile/period; CI gates (C15-C19) are the only admission evidence,"Boundary (no decision rights for the platform) is enforced by human_gate obligations and decision_authority checks: test/int/phase6-approvals.test.ts; Evidence is bound to the head SHA/digests of the local profile, not to a customer scope or period"
DP-02-001,V7,2 Specification Hierarchy and Data Conformance,12,"The data-platform realization of Specification Hierarchy and Data Conformance SHALL enforce the control order from constitutional meaning through data contracts, schemas, pipelines, products, releases, and observed operation.",V07-F001,governance-docs,partial,unverified,merged,phase0,P7-D,conformance.manifest.json; EXCEPTIONS.md (exception expiry dates); .github/workflows/ci.yml: C16 target-resolved closure gate; scripts/gate/closure-exclusions.json; PROGRESS.md: Document authority model,Control order is documented (PROGRESS.md authority model) but no machine-readable artifact hierarchy binds contracts->schemas->pipelines->releases,
DP-02-002,V7,2 Specification Hierarchy and Data Conformance,12,"Every production instance SHALL declare and continuously reconcile normative data artifact identity, authority, version, effective time, supersession, exception, dependency closure, and affected release set through versioned contracts, observed state, ownership, lineage, and audit evidence.",V07-F001,governance-docs,partial,passed:ci,merged,phase0,P7-D,conformance.manifest.json; EXCEPTIONS.md (exception expiry dates); .github/workflows/ci.yml: C16 target-resolved closure gate; scripts/gate/closure-exclusions.json; PROGRESS.md: Document authority model,Exception expiry is a date in EXCEPTIONS.md; nothing in the product holds a release when an exception expires,
DP-02-003,V7,2 Specification Hierarchy and Data Conformance,12,"The implementation SHALL enforce this authority boundary: lower-level data specifications may add precision but may not weaken temporal truth, provenance, customer control, access, retention, human authority, or canonical ownership.",V07-F001,governance-docs,partial,unverified,merged,phase0,P7-D,conformance.manifest.json; EXCEPTIONS.md (exception expiry dates); .github/workflows/ci.yml: C16 target-resolved closure gate; scripts/gate/closure-exclusions.json; PROGRESS.md: Document authority model,No conformance check that a lower-level schema cannot weaken header/temporal/policy semantics beyond the fixed 43-field header validation,
DP-02-004,V7,2 Specification Hierarchy and Data Conformance,13,"SaaS, Private Cloud, and On-Premise SHALL preserve the same object, temporal, truth-state, provenance, policy, correction, export, failure, replay, and human-authority semantics for Specification Hierarchy and Data Conformance.",V07-F001,governance-docs,missing,unverified,none,phase7,P7-D,"EXCEPTIONS.md: EXC-P0-004 (single deployment profile, local Compose); docker-compose.yml",Deliver Private Cloud and On-Premise profiles and run shared conformance fixtures for Specification Hierarchy and Data Conformance semantics across all three; only the local profile exists,Semantics of this chapter exist (or not) only in the local profile; parity across profiles is unclaimed (EXC-P0-004)
DP-02-005,V7,2 Specification Hierarchy and Data Conformance,13,"When two controlling artifacts conflict, a dependency becomes unresolved, or a data exception expires, the platform SHALL hold affected data release and downstream promotion, select the highest authority, expose impacts, and require explicit amendment or closure; it SHALL NOT infer complete, current, authorized, correct, reconciled, or recovered data state.",V07-F001,governance-docs,partial,unverified,merged,phase0,P7-D,conformance.manifest.json; EXCEPTIONS.md (exception expiry dates); .github/workflows/ci.yml: C16 target-resolved closure gate; scripts/gate/closure-exclusions.json; PROGRESS.md: Document authority model,"Add exception-expiry enforcement and dependency-impact queries; conflicts are resolved by review, not by the platform",
DP-02-006,V7,2 Specification Hierarchy and Data Conformance,13,"Production admission and continued operation SHALL require machine-readable conformance manifests, conflict tests, dependency impact queries, exception expiry exercises, and independent review, bound to the exact contracts, schemas, code, data versions, policies, infrastructure, customer scope, deployment profile, and period under review.",V07-F001,governance-docs,partial,passed:ci,merged,phase0,P7-D,conformance.manifest.json; EXCEPTIONS.md (exception expiry dates); .github/workflows/ci.yml: C16 target-resolved closure gate; scripts/gate/closure-exclusions.json; PROGRESS.md: Document authority model,Conformance manifest exists for images/scanners only; no data-artifact conformance manifest or conflict tests,"Evidence is bound to the head SHA/digests of the local profile, not to a customer scope or period"
DP-03-001,V7,3 Data Principles and Semantic Parity,14,"The data-platform realization of Data Principles and Semantic Parity SHALL preserve one data contract and one strategic meaning across SaaS, Private Cloud, and On-Premise while permitting controlled physical implementation variance.",V07-F001,infrastructure,missing,unverified,none,phase7,P7-D,"EXCEPTIONS.md: EXC-P0-004 (single deployment profile, local Compose); docker-compose.yml",Only one profile exists (local Compose); semantic parity across SaaS/Private Cloud/On-Premise is unclaimed and untestable,
DP-03-002,V7,3 Data Principles and Semantic Parity,14,"Every production instance SHALL declare and continuously reconcile deployment capability profile, semantic parity claim, permitted variance, contract suite, fixture set, evidence validity, and exception state through versioned contracts, observed state, ownership, lineage, and audit evidence.",V07-F001,infrastructure,missing,unverified,none,phase7,P7-D,"EXCEPTIONS.md: EXC-P0-004 (single deployment profile, local Compose); docker-compose.yml","Define deployment capability profiles, permitted variance and a shared fixture set",
DP-03-003,V7,3 Data Principles and Semantic Parity,14,"The implementation SHALL enforce this authority boundary: providers, storage engines, processing frameworks, and operating models may vary; object, time, truth, provenance, policy, correction, export, failure, and replay semantics may not.",V07-F001,infrastructure,missing,unverified,none,phase7,P7-D,"EXCEPTIONS.md: EXC-P0-004 (single deployment profile, local Compose); docker-compose.yml",No profile variance boundary to enforce until a second profile exists,
DP-03-004,V7,3 Data Principles and Semantic Parity,14,"SaaS, Private Cloud, and On-Premise SHALL preserve the same object, temporal, truth-state, provenance, policy, correction, export, failure, replay, and human-authority semantics for Data Principles and Semantic Parity.",V07-F001,infrastructure,missing,unverified,none,phase7,P7-D,"EXCEPTIONS.md: EXC-P0-004 (single deployment profile, local Compose); docker-compose.yml",Deliver Private Cloud and On-Premise profiles and run shared conformance fixtures for Data Principles and Semantic Parity semantics across all three; only the local profile exists,Semantics of this chapter exist (or not) only in the local profile; parity across profiles is unclaimed (EXC-P0-004)
DP-03-005,V7,3 Data Principles and Semantic Parity,15,"When a deployment profile cannot pass the common data- contract and lifecycle conformance suite, the platform SHALL mark the affected capability unavailable or explicitly degraded and prohibit any claim of semantic parity until evidence closes; it SHALL NOT infer complete, current, authorized, correct, reconciled, or recovered data state.",V07-F001,infrastructure,missing,unverified,none,phase7,P7-D,"EXCEPTIONS.md: EXC-P0-004 (single deployment profile, local Compose); docker-compose.yml",No mechanism marks a capability unavailable per profile,
DP-03-006,V7,3 Data Principles and Semantic Parity,15,"Production admission and continued operation SHALL require identical golden data fixtures, contract diffs, export and re-import tests, lifecycle replay, and accountable acceptance for every deployment profile, bound to the exact contracts, schemas, code, data versions, policies, infrastructure, customer scope, deployment profile, and period under review.",V07-F001,infrastructure,missing,unverified,none,phase7,P7-D,"EXCEPTIONS.md: EXC-P0-004 (single deployment profile, local Compose); docker-compose.yml","Golden fixtures, export/re-import and lifecycle replay per profile do not exist",
DP-04-001,V7,"4 Data Ownership, Stewardship, and Accountability",16,"The data-platform realization of Data Ownership, Stewardship, and Accountability SHALL assign singular accountability for data authority, stewardship, technical custody, quality, access, lifecycle, and customer obligations.",V07-F001,governance-docs,partial,passed:harness,merged,phase0,P7-D,"apps/api/migrations/0006_objects.sql (accountable_owner NOT NULL); apps/api/migrations/0022_observation_registry_and_evidence.sql (agents.owner_principal_id, registrar/approver separation); apps/api/test/int/phase1-acceptance.test.ts: an agent is owned by an ACCOUNTABLE HUMAN; apps/api/migrations/0002_identity_tenancy.sql (roles, bindings)",Owner is a free-text accountable_owner on objects and a principal on agents/contracts; no steward/custodian/producer/consumer registry or escalation path,
DP-04-002,V7,"4 Data Ownership, Stewardship, and Accountability",16,"Every production instance SHALL declare and continuously reconcile data owner, steward, custodian, producer, consumer, policy authority, quality authority, escalation path, and evidence obligation through versioned contracts, observed state, ownership, lineage, and audit evidence.",V07-F001,governance-docs,partial,unverified,merged,phase0,P7-D,"apps/api/migrations/0006_objects.sql (accountable_owner NOT NULL); apps/api/migrations/0022_observation_registry_and_evidence.sql (agents.owner_principal_id, registrar/approver separation); apps/api/test/int/phase1-acceptance.test.ts: an agent is owned by an ACCOUNTABLE HUMAN; apps/api/migrations/0002_identity_tenancy.sql (roles, bindings)",Add owner/steward/custodian/escalation declarations reconciled against principals,
DP-04-003,V7,"4 Data Ownership, Stewardship, and Accountability",16,"The implementation SHALL enforce this authority boundary: shared platforms and managed services may distribute duties but may not create unowned data, ambiguous write authority, or silent transfer of customer control.",V07-F001,governance-docs,implemented,passed:harness,merged,phase0,done,"apps/api/migrations/0006_objects.sql (accountable_owner NOT NULL); apps/api/migrations/0022_observation_registry_and_evidence.sql (agents.owner_principal_id, registrar/approver separation); apps/api/test/int/phase1-acceptance.test.ts: an agent is owned by an ACCOUNTABLE HUMAN; apps/api/migrations/0002_identity_tenancy.sql (roles, bindings)",,
DP-04-004,V7,"4 Data Ownership, Stewardship, and Accountability",17,"SaaS, Private Cloud, and On-Premise SHALL preserve the same object, temporal, truth-state, provenance, policy, correction, export, failure, replay, and human-authority semantics for Data Ownership, Stewardship, and Accountability.",V07-F001,governance-docs,missing,unverified,none,phase7,P7-D,"EXCEPTIONS.md: EXC-P0-004 (single deployment profile, local Compose); docker-compose.yml","Deliver Private Cloud and On-Premise profiles and run shared conformance fixtures for Data Ownership, Stewardship, and Accountability semantics across all three; only the local profile exists",Semantics of this chapter exist (or not) only in the local profile; parity across profiles is unclaimed (EXC-P0-004)
DP-04-005,V7,"4 Data Ownership, Stewardship, and Accountability",17,"When a material data asset or obligation has no accountable owner or conflicting authorities issue incompatible instructions, the platform SHALL stop authoritative mutation where safe, preserve the conflict, invoke the recorded escalation path, and keep the gap visible until accepted; it SHALL NOT infer complete, current, authorized, correct, reconciled, or recovered data state.",V07-F001,governance-docs,partial,passed:harness,merged,phase0,P7-D,"apps/api/migrations/0006_objects.sql (accountable_owner NOT NULL); apps/api/migrations/0022_observation_registry_and_evidence.sql (agents.owner_principal_id, registrar/approver separation); apps/api/test/int/phase1-acceptance.test.ts: an agent is owned by an ACCOUNTABLE HUMAN; apps/api/migrations/0002_identity_tenancy.sql (roles, bindings)","Unowned writes are refused at admission (minimum provenance, approver required); no escalation path invocation or visible ownership-gap register",
DP-04-006,V7,"4 Data Ownership, Stewardship, and Accountability",17,"Production admission and continued operation SHALL require signed responsibility matrices, ownership recertification, stewardship queue evidence, privileged-change records, and joint customer operating exercises, bound to the exact contracts, schemas, code, data versions, policies, infrastructure, customer scope, deployment profile, and period under review.",V07-F001,governance-docs,missing,unverified,none,phase7,P7-D,"apps/api/migrations/0006_objects.sql (accountable_owner NOT NULL); apps/api/migrations/0022_observation_registry_and_evidence.sql (agents.owner_principal_id, registrar/approver separation); apps/api/test/int/phase1-acceptance.test.ts: an agent is owned by an ACCOUNTABLE HUMAN; apps/api/migrations/0002_identity_tenancy.sql (roles, bindings)","No signed responsibility matrix, recertification or stewardship-queue SLA evidence",
DP-05-001,V7,5 Data Domain and Product Operating Model,18,The data-platform realization of Data Domain and Product Operating Model SHALL organize reusable governed data products around stable business and intelligence domains without fragmenting the universal core.,V07-F001,data-platform,partial,passed:harness,merged,phase0,P7-F,apps/api/migrations/0002_identity_tenancy.sql (tenancy.domains — Intelligence Domains); apps/api/src/tenancy/tenancy.service.ts; apps/api/migrations/0022 (source contracts scoped per domain),"Domains exist as isolation scopes; no data-product concept, product registry, consumers or SLOs",Domain isolation verified: test/int/domain-isolation.test.ts
DP-05-002,V7,5 Data Domain and Product Operating Model,18,"Every production instance SHALL declare and continuously reconcile domain identity, product identity, owner, purpose, consumers, authoritative inputs, outputs, contract, SLO, policy, cost, and lifecycle through versioned contracts, observed state, ownership, lineage, and audit evidence.",V07-F001,data-platform,missing,unverified,none,phase7,P7-F,apps/api/migrations/0002_identity_tenancy.sql (tenancy.domains — Intelligence Domains); apps/api/src/tenancy/tenancy.service.ts; apps/api/migrations/0022 (source contracts scoped per domain),Add product identity/owner/consumers/SLO/cost registry,Domain isolation verified: test/int/domain-isolation.test.ts
DP-05-003,V7,5 Data Domain and Product Operating Model,18,"The implementation SHALL enforce this authority boundary: domain specialization may extend schemas, ontologies, policies, and products but may not fork canonical intelligence object, graph, evidence, or decision semantics.",V07-F001,data-platform,implemented,passed:harness,merged,phase0,done,apps/api/migrations/0002_identity_tenancy.sql (tenancy.domains — Intelligence Domains); apps/api/src/tenancy/tenancy.service.ts; apps/api/migrations/0022 (source contracts scoped per domain),,Domain isolation verified: test/int/domain-isolation.test.ts
DP-05-004,V7,5 Data Domain and Product Operating Model,18,"SaaS, Private Cloud, and On-Premise SHALL preserve the same object, temporal, truth-state, provenance, policy, correction, export, failure, replay, and human-authority semantics for Data Domain and Product Operating Model.",V07-F001,data-platform,missing,unverified,none,phase7,P7-D,"EXCEPTIONS.md: EXC-P0-004 (single deployment profile, local Compose); docker-compose.yml",Deliver Private Cloud and On-Premise profiles and run shared conformance fixtures for Data Domain and Product Operating Model semantics across all three; only the local profile exists,Semantics of this chapter exist (or not) only in the local profile; parity across profiles is unclaimed (EXC-P0-004)
DP-05-005,V7,5 Data Domain and Product Operating Model,19,"When a data product lacks a contract, duplicates canonical authority, or creates incompatible domain meaning, the platform SHALL deny publication, identify the canonical owner, reconcile the semantic conflict, and migrate consumers through a versioned compatibility plan; it SHALL NOT infer complete, current, authorized, correct, reconciled, or recovered data state.",V07-F001,data-platform,missing,unverified,none,phase7,P7-F,apps/api/migrations/0002_identity_tenancy.sql (tenancy.domains — Intelligence Domains); apps/api/src/tenancy/tenancy.service.ts; apps/api/migrations/0022 (source contracts scoped per domain),No publication denial for uncontracted products (no products),Domain isolation verified: test/int/domain-isolation.test.ts
DP-05-006,V7,5 Data Domain and Product Operating Model,19,"Production admission and continued operation SHALL require domain reviews, product scorecards, contract adoption, duplicate-authority detection, consumer acceptance, and retirement evidence, bound to the exact contracts, schemas, code, data versions, policies, infrastructure, customer scope, deployment profile, and period under review.",V07-F001,data-platform,missing,unverified,none,phase7,P7-F,apps/api/migrations/0002_identity_tenancy.sql (tenancy.domains — Intelligence Domains); apps/api/src/tenancy/tenancy.service.ts; apps/api/migrations/0022 (source contracts scoped per domain),No domain reviews or product scorecards,Domain isolation verified: test/int/domain-isolation.test.ts
DP-06-001,V7,6 Data Classification and Consequence Model,20,"The data-platform realization of Data Classification and Consequence Model SHALL bind sensitivity, rights, truth state, operational criticality, decision consequence, and handling obligations to every governed data object.",V07-F001,identity-policy,partial,passed:harness,merged,phase0,P7-D,"apps/api/migrations/0006_objects.sql (classification, purpose_scope, rights_profile NOT NULL/columns); apps/api/migrations/0022 (classification_ceiling, blob_manifests.classification); apps/api/src/intelligence/extraction/extraction.service.ts (ES-29-002 inheritance of most restrictive controls); apps/api/src/observation/connectors/content-controls.ts",Classification/rights/purpose are header fields and contract ceilings; consequence class is bound per operation (ctx.operation) but not to data objects; no handling-obligation catalogue,
DP-06-002,V7,6 Data Classification and Consequence Model,20,"Every production instance SHALL declare and continuously reconcile classification label, handling policy, purpose, rights, consequence class, dissemination scope, review, expiry, and derivation rule through versioned contracts, observed state, ownership, lineage, and audit evidence.",V07-F001,identity-policy,partial,unverified,merged,phase0,P7-D,"apps/api/migrations/0006_objects.sql (classification, purpose_scope, rights_profile NOT NULL/columns); apps/api/migrations/0022 (classification_ceiling, blob_manifests.classification); apps/api/src/intelligence/extraction/extraction.service.ts (ES-29-002 inheritance of most restrictive controls); apps/api/src/observation/connectors/content-controls.ts","Dissemination scope, review and expiry of classifications are not declared or reconciled",
DP-06-003,V7,6 Data Classification and Consequence Model,20,"The implementation SHALL enforce this authority boundary: classification is policy-bearing metadata enforced at collection, processing, storage, retrieval, model use, export, support, backup, and deletion boundaries.",V07-F001,identity-policy,partial,passed:harness,merged,phase0,P7-D,"apps/api/migrations/0006_objects.sql (classification, purpose_scope, rights_profile NOT NULL/columns); apps/api/migrations/0022 (classification_ceiling, blob_manifests.classification); apps/api/src/intelligence/extraction/extraction.service.ts (ES-29-002 inheritance of most restrictive controls); apps/api/src/observation/connectors/content-controls.ts","Enforced at admission, extraction inheritance and retrieval decisions; not at export, backup, support or deletion boundaries (none exist)",
DP-06-004,V7,6 Data Classification and Consequence Model,21,"SaaS, Private Cloud, and On-Premise SHALL preserve the same object, temporal, truth-state, provenance, policy, correction, export, failure, replay, and human-authority semantics for Data Classification and Consequence Model.",V07-F001,identity-policy,missing,unverified,none,phase7,P7-D,"EXCEPTIONS.md: EXC-P0-004 (single deployment profile, local Compose); docker-compose.yml",Deliver Private Cloud and On-Premise profiles and run shared conformance fixtures for Data Classification and Consequence Model semantics across all three; only the local profile exists,Semantics of this chapter exist (or not) only in the local profile; parity across profiles is unclaimed (EXC-P0-004)
DP-06-005,V7,6 Data Classification and Consequence Model,21,"When classification is absent, conflicting, stale, or cannot be propagated through a transformation, the platform SHALL apply the most restrictive applicable handling, quarantine uncertain derivations, block unsafe serving, and route adjudication to the policy authority; it SHALL NOT infer complete, current, authorized, correct, reconciled, or recovered data state.",V07-F001,identity-policy,partial,passed:harness,merged,phase0,P7-D,"apps/api/migrations/0006_objects.sql (classification, purpose_scope, rights_profile NOT NULL/columns); apps/api/migrations/0022 (classification_ceiling, blob_manifests.classification); apps/api/src/intelligence/extraction/extraction.service.ts (ES-29-002 inheritance of most restrictive controls); apps/api/src/observation/connectors/content-controls.ts",Derived claims inherit the most restrictive controls (extraction.service.ts); no quarantine of uncertain derivations elsewhere,
DP-06-006,V7,6 Data Classification and Consequence Model,21,"Production admission and continued operation SHALL require classification fixtures, derivation tests, declassification review, cross-boundary negative tests, and end-to-end propagation evidence, bound to the exact contracts, schemas, code, data versions, policies, infrastructure, customer scope, deployment profile, and period under review.",V07-F001,identity-policy,partial,unverified,merged,phase0,P7-D,"apps/api/migrations/0006_objects.sql (classification, purpose_scope, rights_profile NOT NULL/columns); apps/api/migrations/0022 (classification_ceiling, blob_manifests.classification); apps/api/src/intelligence/extraction/extraction.service.ts (ES-29-002 inheritance of most restrictive controls); apps/api/src/observation/connectors/content-controls.ts",No classification fixtures/declassification review; propagation evidence limited to extraction (phase2-acceptance B1),"Evidence is bound to the head SHA/digests of the local profile, not to a customer scope or period"
DP-07-001,V7,7 Data Traceability and Documentation Inheritance,22,"The data-platform realization of Data Traceability and Documentation Inheritance SHALL connect every data requirement to constitutional invariants, canonical layers, engineering contracts, AI consumers, infrastructure services, manifests, tests, releases, and operations.",V07-F001,governance-docs,partial,unverified,merged,phase0,P7-D,EXCEPTIONS.md (exact ES-/PR- identifiers per exception); DECISIONS.md; docs/phase1/MILESTONE_ACCEPTANCE_MAPPING.md; PHASE1_REPORT.md §4 acceptance matrix; FULL_PRODUCT_DELIVERY_REGISTER.md §5,Requirement ids are cited in migrations/tests/docs by prose; this audit CSV is the first per-requirement register; no bidirectional trace registry,
DP-07-002,V7,7 Data Traceability and Documentation Inheritance,22,"Every production instance SHALL declare and continuously reconcile requirement identity, source authority, owner, data component, asset, pipeline, product, evidence, release, exception, and retirement linkage through versioned contracts, observed state, ownership, lineage, and audit evidence.",V07-F001,governance-docs,partial,unverified,merged,phase0,P7-D,EXCEPTIONS.md (exact ES-/PR- identifiers per exception); DECISIONS.md; docs/phase1/MILESTONE_ACCEPTANCE_MAPPING.md; PHASE1_REPORT.md §4 acceptance matrix; FULL_PRODUCT_DELIVERY_REGISTER.md §5,No machine-readable linkage requirement->component->asset->test->release,
DP-07-003,V7,7 Data Traceability and Documentation Inheritance,22,"The implementation SHALL enforce this authority boundary: traceability must cross documents, registries, repositories, schemas, jobs, runtime observations, incidents, exports, deletions, and historical replay without relying on prose similarity.",V07-F001,governance-docs,missing,unverified,none,phase7,P7-D,EXCEPTIONS.md (exact ES-/PR- identifiers per exception); DECISIONS.md; docs/phase1/MILESTONE_ACCEPTANCE_MAPPING.md; PHASE1_REPORT.md §4 acceptance matrix; FULL_PRODUCT_DELIVERY_REGISTER.md §5,Traceability relies on prose references in comments and reports,
DP-07-004,V7,7 Data Traceability and Documentation Inheritance,23,"SaaS, Private Cloud, and On-Premise SHALL preserve the same object, temporal, truth-state, provenance, policy, correction, export, failure, replay, and human-authority semantics for Data Traceability and Documentation Inheritance.",V07-F001,governance-docs,missing,unverified,none,phase7,P7-D,"EXCEPTIONS.md: EXC-P0-004 (single deployment profile, local Compose); docker-compose.yml",Deliver Private Cloud and On-Premise profiles and run shared conformance fixtures for Data Traceability and Documentation Inheritance semantics across all three; only the local profile exists,Semantics of this chapter exist (or not) only in the local profile; parity across profiles is unclaimed (EXC-P0-004)
DP-07-005,V7,7 Data Traceability and Documentation Inheritance,23,"When a production data artifact has incomplete, circular, stale, or unverifiable inheritance, the platform SHALL deny promotion or mark the running artifact non-conformant, expose affected products and decisions, and restore a closed evidence chain; it SHALL NOT infer complete, current, authorized, correct, reconciled, or recovered data state.",V07-F001,governance-docs,missing,unverified,none,phase7,P7-D,EXCEPTIONS.md (exact ES-/PR- identifiers per exception); DECISIONS.md; docs/phase1/MILESTONE_ACCEPTANCE_MAPPING.md; PHASE1_REPORT.md §4 acceptance matrix; FULL_PRODUCT_DELIVERY_REGISTER.md §5,Nothing marks a running artifact non-conformant on inheritance gaps,
DP-07-006,V7,7 Data Traceability and Documentation Inheritance,23,"Production admission and continued operation SHALL require bidirectional trace queries, orphan detection, release closure, runtime attestation, correction propagation, and retirement proofs, bound to the exact contracts, schemas, code, data versions, policies, infrastructure, customer scope, deployment profile, and period under review.",V07-F001,governance-docs,missing,unverified,none,phase7,P7-D,EXCEPTIONS.md (exact ES-/PR- identifiers per exception); DECISIONS.md; docs/phase1/MILESTONE_ACCEPTANCE_MAPPING.md; PHASE1_REPORT.md §4 acceptance matrix; FULL_PRODUCT_DELIVERY_REGISTER.md §5,No orphan detection or runtime attestation of requirement coverage,
DP-08-001,V7,8 Data Platform System Context,24,"The data-platform realization of Data Platform System Context SHALL define the end-to-end context connecting sources, enterprise systems, ingestion, processing, canonical state, graph, memory, twins, foresight, decisions, products, users, and external exchange.",V07-F001,data-platform,partial,passed:ci,merged,phase0,P7-D,".dependency-cruiser.cjs; .github/workflows/ci.yml: Module boundaries (dependency-cruiser, blocking); apps/api/src/app.module.ts; apps/api/src/observation/connectors/http-client.ts (host allowlist, SSRF refusal); apps/api/test/int/phase1-hostile-input.test.ts: A10 — SSRF","Context is a modular monolith over Postgres/Redis with three connector kinds; enterprise systems, exchange and external consumers are absent from the deployed context",
DP-08-002,V7,8 Data Platform System Context,24,"Every production instance SHALL declare and continuously reconcile context node, trust boundary, data flow, authority, protocol, locality, classification, dependency, failure domain, and accountable organization through versioned contracts, observed state, ownership, lineage, and audit evidence.",V07-F001,data-platform,partial,passed:ci,merged,phase0,P7-D,".dependency-cruiser.cjs; .github/workflows/ci.yml: Module boundaries (dependency-cruiser, blocking); apps/api/src/app.module.ts; apps/api/src/observation/connectors/http-client.ts (host allowlist, SSRF refusal); apps/api/test/int/phase1-hostile-input.test.ts: A10 — SSRF",No deployed flow inventory with trust boundary/locality/failure-domain per flow,
DP-08-003,V7,8 Data Platform System Context,24,The implementation SHALL enforce this authority boundary: every movement of governed data crosses an identified contract and control point; implicit trust and undocumented side channels are prohibited.,V07-F001,data-platform,implemented,passed:harness,merged,phase0,done,".dependency-cruiser.cjs; .github/workflows/ci.yml: Module boundaries (dependency-cruiser, blocking); apps/api/src/app.module.ts; apps/api/src/observation/connectors/http-client.ts (host allowlist, SSRF refusal); apps/api/test/int/phase1-hostile-input.test.ts: A10 — SSRF",,
DP-08-004,V7,8 Data Platform System Context,25,"SaaS, Private Cloud, and On-Premise SHALL preserve the same object, temporal, truth-state, provenance, policy, correction, export, failure, replay, and human-authority semantics for Data Platform System Context.",V07-F001,data-platform,missing,unverified,none,phase7,P7-D,"EXCEPTIONS.md: EXC-P0-004 (single deployment profile, local Compose); docker-compose.yml",Deliver Private Cloud and On-Premise profiles and run shared conformance fixtures for Data Platform System Context semantics across all three; only the local profile exists,Semantics of this chapter exist (or not) only in the local profile; parity across profiles is unclaimed (EXC-P0-004)
DP-08-005,V7,8 Data Platform System Context,25,"When a material data flow, dependency, authority, or trust boundary is absent from the deployed context, the platform SHALL treat the path as denied or indeterminate, prevent new data movement, preserve in-flight evidence, and reconcile the context before admission; it SHALL NOT infer complete, current, authorized, correct, reconciled, or recovered data state.",V07-F001,data-platform,partial,passed:harness,merged,phase0,P7-D,".dependency-cruiser.cjs; .github/workflows/ci.yml: Module boundaries (dependency-cruiser, blocking); apps/api/src/app.module.ts; apps/api/src/observation/connectors/http-client.ts (host allowlist, SSRF refusal); apps/api/test/int/phase1-hostile-input.test.ts: A10 — SSRF",Egress limited to contract host allowlists; undeclared flows cannot be detected beyond module-boundary and SSRF checks,
DP-08-006,V7,8 Data Platform System Context,25,"Production admission and continued operation SHALL require deployed flow inventory, boundary probes, contract tests, policy traces, lineage closure, and customer acceptance, bound to the exact contracts, schemas, code, data versions, policies, infrastructure, customer scope, deployment profile, and period under review.",V07-F001,data-platform,partial,passed:ci,merged,phase0,P7-D,".dependency-cruiser.cjs; .github/workflows/ci.yml: Module boundaries (dependency-cruiser, blocking); apps/api/src/app.module.ts; apps/api/src/observation/connectors/http-client.ts (host allowlist, SSRF refusal); apps/api/test/int/phase1-hostile-input.test.ts: A10 — SSRF",No boundary probes or customer acceptance,"Evidence is bound to the head SHA/digests of the local profile, not to a customer scope or period"
DP-09-001,V7,9 Source Registry and Collection Contracts,27,"The data-platform realization of Source Registry and Collection Contracts SHALL govern every external, internal, physical, scientific, commercial, and custom source through a versioned collection contract before acquisition.",V07-F002,observation,implemented,passed:harness,merged,phase1,P1,"apps/api/src/observation/sources/source-contract.ts; apps/api/src/observation/sources/sources.service.ts; apps/api/migrations/0022 §2 (source_contract_events, source_contracts_current, src_active_requires_rights, src_separation_of_duties); apps/api/migrations/0028 (SRC@v2 backfill, attribution); apps/api/test/int/phase1-acceptance.test.ts: A1 — source contract; apps/api/test/int/phase1-fault-injection.test.ts: F08 non-active contract aborts BEFORE egress; apps/api/test/int/phase4-acceptance.test.ts: P4-M0b; SOURCE_INTEGRATION_STATUS.md","Contract families beyond upload/rss/rest (physical, scientific, commercial adapters) are not registrable: connector_kind CHECK admits three kinds",Rights pending holds a contract in replay-only (DB constraint); see V0 C-013/C-014
DP-09-002,V7,9 Source Registry and Collection Contracts,27,"Every production instance SHALL declare and continuously reconcile source identity, owner, authority, rights, purpose, endpoint, credential reference, schedule, coverage, freshness, schema, locality, and withdrawal path through versioned contracts, observed state, ownership, lineage, and audit evidence.",V07-F002,observation,implemented,passed:harness,merged,phase1,P1,"apps/api/src/observation/sources/source-contract.ts; apps/api/src/observation/sources/sources.service.ts; apps/api/migrations/0022 §2 (source_contract_events, source_contracts_current, src_active_requires_rights, src_separation_of_duties); apps/api/migrations/0028 (SRC@v2 backfill, attribution); apps/api/test/int/phase1-acceptance.test.ts: A1 — source contract; apps/api/test/int/phase1-fault-injection.test.ts: F08 non-active contract aborts BEFORE egress; apps/api/test/int/phase4-acceptance.test.ts: P4-M0b; SOURCE_INTEGRATION_STATUS.md",credential_ref is validated as a reference but never resolved (no credential binding),Rights pending holds a contract in replay-only (DB constraint); see V0 C-013/C-014
DP-09-003,V7,9 Source Registry and Collection Contracts,27,"The implementation SHALL enforce this authority boundary: connectivity or public availability does not establish collection authority, permitted purpose, redistribution right, or fitness for strategic use.",V07-F002,observation,implemented,passed:harness,merged,phase1,done,"apps/api/src/observation/sources/source-contract.ts; apps/api/src/observation/sources/sources.service.ts; apps/api/migrations/0022 §2 (source_contract_events, source_contracts_current, src_active_requires_rights, src_separation_of_duties); apps/api/migrations/0028 (SRC@v2 backfill, attribution); apps/api/test/int/phase1-acceptance.test.ts: A1 — source contract; apps/api/test/int/phase1-fault-injection.test.ts: F08 non-active contract aborts BEFORE egress; apps/api/test/int/phase4-acceptance.test.ts: P4-M0b; SOURCE_INTEGRATION_STATUS.md",,Rights pending holds a contract in replay-only (DB constraint); see V0 C-013/C-014
DP-09-004,V7,9 Source Registry and Collection Contracts,27,"SaaS, Private Cloud, and On-Premise SHALL preserve the same object, temporal, truth-state, provenance, policy, correction, export, failure, replay, and human-authority semantics for Source Registry and Collection Contracts.",V07-F002,observation,missing,unverified,none,phase7,P7-D,"EXCEPTIONS.md: EXC-P0-004 (single deployment profile, local Compose); docker-compose.yml",Deliver Private Cloud and On-Premise profiles and run shared conformance fixtures for Source Registry and Collection Contracts semantics across all three; only the local profile exists,Semantics of this chapter exist (or not) only in the local profile; parity across profiles is unclaimed (EXC-P0-004)
DP-09-005,V7,9 Source Registry and Collection Contracts,28,"When a source contract is missing, expired, revoked, incompatible, or cannot prove authority and rights, the platform SHALL stop collection, preserve the last valid checkpoint and evidence, notify affected consumers, and require contract remediation before resumption; it SHALL NOT infer complete, current, authorized, correct, reconciled, or recovered data state.",V07-F002,observation,implemented,passed:harness,merged,phase1,done,"apps/api/src/observation/sources/source-contract.ts; apps/api/src/observation/sources/sources.service.ts; apps/api/migrations/0022 §2 (source_contract_events, source_contracts_current, src_active_requires_rights, src_separation_of_duties); apps/api/migrations/0028 (SRC@v2 backfill, attribution); apps/api/test/int/phase1-acceptance.test.ts: A1 — source contract; apps/api/test/int/phase1-fault-injection.test.ts: F08 non-active contract aborts BEFORE egress; apps/api/test/int/phase4-acceptance.test.ts: P4-M0b; SOURCE_INTEGRATION_STATUS.md",,Rights pending holds a contract in replay-only (DB constraint); see V0 C-013/C-014
DP-09-006,V7,9 Source Registry and Collection Contracts,28,"Production admission and continued operation SHALL require source registration review, rights and purpose evidence, contract tests, revocation drills, coverage validation, and customer approval, bound to the exact contracts, schemas, code, data versions, policies, infrastructure, customer scope, deployment profile, and period under review.",V07-F002,observation,partial,passed:harness,merged,phase1,P1,"apps/api/src/observation/sources/source-contract.ts; apps/api/src/observation/sources/sources.service.ts; apps/api/migrations/0022 §2 (source_contract_events, source_contracts_current, src_active_requires_rights, src_separation_of_duties); apps/api/migrations/0028 (SRC@v2 backfill, attribution); apps/api/test/int/phase1-acceptance.test.ts: A1 — source contract; apps/api/test/int/phase1-fault-injection.test.ts: F08 non-active contract aborts BEFORE egress; apps/api/test/int/phase4-acceptance.test.ts: P4-M0b; SOURCE_INTEGRATION_STATUS.md",Revocation drill (A9 revocation while queued) and rights evidence exist; no customer approval step or coverage-universe validation beyond contract-declared dimensions,"Rights pending holds a contract in replay-only (DB constraint); see V0 C-013/C-014; Evidence is bound to the head SHA/digests of the local profile, not to a customer scope or period"
DP-10-001,V7,10 External Source Ingestion,29,"The data-platform realization of External Source Ingestion SHALL acquire governments, regulations, news, markets, research, papers, patents, filings, supply-chain, climate, geopolitical, social, satellite, and other authorized external data.",V07-F002,observation,partial,passed:harness,merged,phase1,P1,"apps/api/src/observation/connectors/rest.connector.ts; apps/api/src/observation/connectors/rss.connector.ts; apps/api/src/observation/acquisition/lifecycle.service.ts; L1_CONNECTOR_COVERAGE.md (1 class covered, 4 partial, 15 not implemented); SOURCE_INTEGRATION_STATUS.md §3 (ECB, EU sanctions, World Bank live); apps/api/test/int/phase1-acceptance.test.ts: A2/A6; apps/api/test/int/phase6-scheduled-corrections.test.ts",Governments/regulations/markets/research/patents/filings/supply-chain/climate/geopolitical/social/satellite classes have no connector or fixture (L1_CONNECTOR_COVERAGE.md); PortWatch blocked on rights,
DP-10-002,V7,10 External Source Ingestion,29,"Every production instance SHALL declare and continuously reconcile acquisition identity, source contract, request or subscription, retrieved payload, evidence digest, event and observation times, status, checkpoint, and coverage result through versioned contracts, observed state, ownership, lineage, and audit evidence.",V07-F002,observation,implemented,passed:harness,merged,phase1,done,"apps/api/src/observation/connectors/rest.connector.ts; apps/api/src/observation/connectors/rss.connector.ts; apps/api/src/observation/acquisition/lifecycle.service.ts; L1_CONNECTOR_COVERAGE.md (1 class covered, 4 partial, 15 not implemented); SOURCE_INTEGRATION_STATUS.md §3 (ECB, EU sanctions, World Bank live); apps/api/test/int/phase1-acceptance.test.ts: A2/A6; apps/api/test/int/phase6-scheduled-corrections.test.ts",,
DP-10-003,V7,10 External Source Ingestion,29,"The implementation SHALL enforce this authority boundary: external content remains untrusted evidence until authenticity, rights, inspection, parsing, provenance, classification, and admission controls complete.",V07-F002,observation,implemented,passed:harness,merged,phase1,done,"apps/api/src/observation/connectors/rest.connector.ts; apps/api/src/observation/connectors/rss.connector.ts; apps/api/src/observation/acquisition/lifecycle.service.ts; L1_CONNECTOR_COVERAGE.md (1 class covered, 4 partial, 15 not implemented); SOURCE_INTEGRATION_STATUS.md §3 (ECB, EU sanctions, World Bank live); apps/api/test/int/phase1-acceptance.test.ts: A2/A6; apps/api/test/int/phase6-scheduled-corrections.test.ts",,
DP-10-004,V7,10 External Source Ingestion,30,"SaaS, Private Cloud, and On-Premise SHALL preserve the same object, temporal, truth-state, provenance, policy, correction, export, failure, replay, and human-authority semantics for External Source Ingestion.",V07-F002,observation,missing,unverified,none,phase7,P7-D,"EXCEPTIONS.md: EXC-P0-004 (single deployment profile, local Compose); docker-compose.yml",Deliver Private Cloud and On-Premise profiles and run shared conformance fixtures for External Source Ingestion semantics across all three; only the local profile exists,Semantics of this chapter exist (or not) only in the local profile; parity across profiles is unclaimed (EXC-P0-004)
DP-10-005,V7,10 External Source Ingestion,30,"When a source is unavailable, rate-limited, manipulated, duplicated, stale, or returns content outside the approved contract, the platform SHALL apply contract-specific retry and backoff, quarantine unsafe content, expose coverage loss, preserve custody, and prohibit silent source substitution; it SHALL NOT infer complete, current, authorized, correct, reconciled, or recovered data state.",V07-F002,observation,partial,passed:harness,merged,phase1,P1,"apps/api/src/observation/connectors/rest.connector.ts; apps/api/src/observation/connectors/rss.connector.ts; apps/api/src/observation/acquisition/lifecycle.service.ts; L1_CONNECTOR_COVERAGE.md (1 class covered, 4 partial, 15 not implemented); SOURCE_INTEGRATION_STATUS.md §3 (ECB, EU sanctions, World Bank live); apps/api/test/int/phase1-acceptance.test.ts: A2/A6; apps/api/test/int/phase6-scheduled-corrections.test.ts","Retry is BullMQ bounded retry, not contract-specific backoff; rate-limit handling and manipulation detection are not implemented; coverage loss and publisher lag are exposed (A6)",
DP-10-006,V7,10 External Source Ingestion,30,"Production admission and continued operation SHALL require representative source fixtures, authenticity and tamper tests, rate and failure exercises, correction intake, freshness evidence, and source-owner review, bound to the exact contracts, schemas, code, data versions, policies, infrastructure, customer scope, deployment profile, and period under review.",V07-F002,observation,partial,passed:harness,merged,phase1,P1,"apps/api/src/observation/connectors/rest.connector.ts; apps/api/src/observation/connectors/rss.connector.ts; apps/api/src/observation/acquisition/lifecycle.service.ts; L1_CONNECTOR_COVERAGE.md (1 class covered, 4 partial, 15 not implemented); SOURCE_INTEGRATION_STATUS.md §3 (ECB, EU sanctions, World Bank live); apps/api/test/int/phase1-acceptance.test.ts: A2/A6; apps/api/test/int/phase6-scheduled-corrections.test.ts",Authenticity/tamper tests limited to digest and transport evidence (content authenticity recorded unknown); no source-owner review,"Evidence is bound to the head SHA/digests of the local profile, not to a customer scope or period"
DP-11-001,V7,11 Enterprise Application and Database Ingestion,31,"The data-platform realization of Enterprise Application and Database Ingestion SHALL acquire governed operational data from ERP, CRM, finance, healthcare, manufacturing, logistics, telecom, retail, and customer databases without taking ownership from source systems.",V07-F003,observation,missing,unverified,none,omission,P1,"L1_CONNECTOR_COVERAGE.md rows 11-12 (ERP/CRM not implemented); apps/api/migrations/0022 connector_kind CHECK (upload,rss,rest)",No enterprise application or database connector (ERP/CRM/JDBC/snapshot); connector_kind admits only upload/rss/rest,
DP-11-002,V7,11 Enterprise Application and Database Ingestion,31,"Every production instance SHALL declare and continuously reconcile system identity, object or table scope, extraction mode, cursor, transaction boundary, source key, schema, permissions, reconciliation, and customer owner through versioned contracts, observed state, ownership, lineage, and audit evidence.",V07-F003,observation,missing,unverified,none,omission,P1,"L1_CONNECTOR_COVERAGE.md rows 11-12 (ERP/CRM not implemented); apps/api/migrations/0022 connector_kind CHECK (upload,rss,rest)","No system/table scope, cursor, transaction boundary or reconciliation totals model",
DP-11-003,V7,11 Enterprise Application and Database Ingestion,31,"The implementation SHALL enforce this authority boundary: The Eye preserves source-system authority and does not infer a consistent transaction, deletion, or business meaning beyond the declared integration contract.",V07-F003,observation,missing,unverified,none,omission,P1,"L1_CONNECTOR_COVERAGE.md rows 11-12 (ERP/CRM not implemented); apps/api/migrations/0022 connector_kind CHECK (upload,rss,rest)",No integration contract type to bound,
DP-11-004,V7,11 Enterprise Application and Database Ingestion,32,"SaaS, Private Cloud, and On-Premise SHALL preserve the same object, temporal, truth-state, provenance, policy, correction, export, failure, replay, and human-authority semantics for Enterprise Application and Database Ingestion.",V07-F003,observation,missing,unverified,none,phase7,P7-D,"EXCEPTIONS.md: EXC-P0-004 (single deployment profile, local Compose); docker-compose.yml",Deliver Private Cloud and On-Premise profiles and run shared conformance fixtures for Enterprise Application and Database Ingestion semantics across all three; only the local profile exists,Semantics of this chapter exist (or not) only in the local profile; parity across profiles is unclaimed (EXC-P0-004)
DP-11-005,V7,11 Enterprise Application and Database Ingestion,32,"When permissions, transaction boundaries, source keys, schemas, or reconciliation totals become invalid, the platform SHALL stop affected ingestion, retain the last consistent watermark, expose incomplete scope, and reconcile with the source owner before advancing; it SHALL NOT infer complete, current, authorized, correct, reconciled, or recovered data state.",V07-F003,observation,missing,unverified,none,omission,P1,"L1_CONNECTOR_COVERAGE.md rows 11-12 (ERP/CRM not implemented); apps/api/migrations/0022 connector_kind CHECK (upload,rss,rest)",No watermark/permission-loss handling,
DP-11-006,V7,11 Enterprise Application and Database Ingestion,32,"Production admission and continued operation SHALL require snapshot and incremental fixtures, transaction consistency, permission loss, schema change, reconciliation totals, and customer sign-off, bound to the exact contracts, schemas, code, data versions, policies, infrastructure, customer scope, deployment profile, and period under review.",V07-F003,observation,missing,unverified,none,omission,P1,"L1_CONNECTOR_COVERAGE.md rows 11-12 (ERP/CRM not implemented); apps/api/migrations/0022 connector_kind CHECK (upload,rss,rest)",No snapshot/incremental fixtures,
DP-12-001,V7,"12 Document, Media, and Unstructured Content Ingestion",33,"The data-platform realization of Document, Media, and Unstructured Content Ingestion SHALL ingest documents, email, reports, images, audio, video, geospatial products, scientific artifacts, and internal knowledge with immutable originals and reviewable derivatives.",V07-F003,intelligence,partial,passed:harness,merged,phase1,P2,"apps/api/src/observation/connectors/upload.connector.ts (PDF/DOCX/CSV); apps/api/src/observation/connectors/content-controls.ts (pdf stored opaque; never parsed); apps/api/migrations/0022 §6 blob_manifests (media_type_declared/sniffed, active_content_risk); apps/api/test/int/phase1-hostile-input.test.ts: A10 declared versus sniffed type; EXCEPTIONS.md EXC-P1-001","Originals are immutable but no derivatives exist: no parsing, OCR, transcription, chunking, page/segment map; email, images, audio, video, geospatial, scientific artifacts not ingested",
DP-12-002,V7,"12 Document, Media, and Unstructured Content Ingestion",33,"Every production instance SHALL declare and continuously reconcile content identity, original bytes, media type, source, rights, custody, page or segment map, extraction plan, derivative set, and quality state through versioned contracts, observed state, ownership, lineage, and audit evidence.",V07-F003,intelligence,partial,passed:harness,merged,phase1,P2,"apps/api/src/observation/connectors/upload.connector.ts (PDF/DOCX/CSV); apps/api/src/observation/connectors/content-controls.ts (pdf stored opaque; never parsed); apps/api/migrations/0022 §6 blob_manifests (media_type_declared/sniffed, active_content_risk); apps/api/test/int/phase1-hostile-input.test.ts: A10 declared versus sniffed type; EXCEPTIONS.md EXC-P1-001",No extraction plan or derivative set; quality state limited to sniff/declared type,
DP-12-003,V7,"12 Document, Media, and Unstructured Content Ingestion",34,"The implementation SHALL enforce this authority boundary: OCR, transcription, parsing, translation, chunking, and enrichment produce derived objects and may never overwrite or masquerade as the original evidence.",V07-F003,intelligence,partial,passed:harness,merged,phase1,P2,"apps/api/src/observation/connectors/upload.connector.ts (PDF/DOCX/CSV); apps/api/src/observation/connectors/content-controls.ts (pdf stored opaque; never parsed); apps/api/migrations/0022 §6 blob_manifests (media_type_declared/sniffed, active_content_risk); apps/api/test/int/phase1-hostile-input.test.ts: A10 declared versus sniffed type; EXCEPTIONS.md EXC-P1-001",Claims are derived objects that never overwrite evidence (phase2); no parsing derivatives exist to bound,
DP-12-004,V7,"12 Document, Media, and Unstructured Content Ingestion",34,"SaaS, Private Cloud, and On-Premise SHALL preserve the same object, temporal, truth-state, provenance, policy, correction, export, failure, replay, and human-authority semantics for Document, Media, and Unstructured Content Ingestion.",V07-F003,intelligence,missing,unverified,none,phase7,P7-D,"EXCEPTIONS.md: EXC-P0-004 (single deployment profile, local Compose); docker-compose.yml","Deliver Private Cloud and On-Premise profiles and run shared conformance fixtures for Document, Media, and Unstructured Content Ingestion semantics across all three; only the local profile exists",Semantics of this chapter exist (or not) only in the local profile; parity across profiles is unclaimed (EXC-P0-004)
DP-12-005,V7,"12 Document, Media, and Unstructured Content Ingestion",34,"When content is malicious, encrypted, corrupt, unsupported, partially extracted, or loses page, segment, or timestamp alignment, the platform SHALL quarantine the original, preserve custody, expose partial extraction, prevent unsafe downstream admission, and route controlled reprocessing or review; it SHALL NOT infer complete, current, authorized, correct, reconciled, or recovered data state.",V07-F003,intelligence,partial,passed:harness,merged,phase1,P2,"apps/api/src/observation/connectors/upload.connector.ts (PDF/DOCX/CSV); apps/api/src/observation/connectors/content-controls.ts (pdf stored opaque; never parsed); apps/api/migrations/0022 §6 blob_manifests (media_type_declared/sniffed, active_content_risk); apps/api/test/int/phase1-hostile-input.test.ts: A10 declared versus sniffed type; EXCEPTIONS.md EXC-P1-001",Quarantine/custody on unsupported or hostile content exists; no partial-extraction exposure or reprocessing route,
DP-12-006,V7,"12 Document, Media, and Unstructured Content Ingestion",34,"Production admission and continued operation SHALL require malware and decompression tests, format corpus, OCR and transcription evaluation, alignment checks, derivative lineage, and human sampling, bound to the exact contracts, schemas, code, data versions, policies, infrastructure, customer scope, deployment profile, and period under review.",V07-F003,intelligence,partial,passed:harness,merged,phase1,P2,"apps/api/src/observation/connectors/upload.connector.ts (PDF/DOCX/CSV); apps/api/src/observation/connectors/content-controls.ts (pdf stored opaque; never parsed); apps/api/migrations/0022 §6 blob_manifests (media_type_declared/sniffed, active_content_risk); apps/api/test/int/phase1-hostile-input.test.ts: A10 declared versus sniffed type; EXCEPTIONS.md EXC-P1-001","No malware corpus (EXC-P1-001), OCR/transcription evaluation or alignment checks","Evidence is bound to the head SHA/digests of the local profile, not to a customer scope or period"
DP-13-001,V7,"13 Event, Stream, IoT, and Telemetry Ingestion",35,"The data-platform realization of Event, Stream, IoT, and Telemetry Ingestion SHALL admit high-volume event, IoT, sensor, operational, cyber, market, and telemetry streams under explicit ordering, time, quality, and backpressure contracts.",V07-F003,observation,missing,unverified,none,omission,P1,"L1_CONNECTOR_COVERAGE.md row 10 (IoT requires stream ingestion, not BullMQ); no broker/stream receiver in apps/api/src/observation/connectors","No event/stream/IoT/telemetry receiver, ordering, watermark or backpressure contract",
DP-13-002,V7,"13 Event, Stream, IoT, and Telemetry Ingestion",35,"Every production instance SHALL declare and continuously reconcile stream identity, producer, partition key, sequence, event time, ingestion time, schema, checkpoint, lateness, watermark, and loss state through versioned contracts, observed state, ownership, lineage, and audit evidence.",V07-F003,observation,missing,unverified,none,omission,P1,"L1_CONNECTOR_COVERAGE.md row 10 (IoT requires stream ingestion, not BullMQ); no broker/stream receiver in apps/api/src/observation/connectors",No stream identity/partition/sequence/watermark/loss state,
DP-13-003,V7,"13 Event, Stream, IoT, and Telemetry Ingestion",35,"The implementation SHALL enforce this authority boundary: broker delivery is not canonical admission; duplicates, reordering, gaps, late data, clock error, and device trust remain explicit until resolved.",V07-F003,observation,missing,unverified,none,omission,P1,"L1_CONNECTOR_COVERAGE.md row 10 (IoT requires stream ingestion, not BullMQ); no broker/stream receiver in apps/api/src/observation/connectors","No event/stream/IoT/telemetry receiver, ordering, watermark or backpressure contract",
DP-13-004,V7,"13 Event, Stream, IoT, and Telemetry Ingestion",36,"SaaS, Private Cloud, and On-Premise SHALL preserve the same object, temporal, truth-state, provenance, policy, correction, export, failure, replay, and human-authority semantics for Event, Stream, IoT, and Telemetry Ingestion.",V07-F003,observation,missing,unverified,none,phase7,P7-D,"EXCEPTIONS.md: EXC-P0-004 (single deployment profile, local Compose); docker-compose.yml","Deliver Private Cloud and On-Premise profiles and run shared conformance fixtures for Event, Stream, IoT, and Telemetry Ingestion semantics across all three; only the local profile exists",Semantics of this chapter exist (or not) only in the local profile; parity across profiles is unclaimed (EXC-P0-004)
DP-13-005,V7,"13 Event, Stream, IoT, and Telemetry Ingestion",36,"When a stream overruns capacity, loses ordering or clock quality, contains gaps, or receives data from an untrusted producer, the platform SHALL apply bounded backpressure or shedding by consequence, quarantine suspect producers, retain loss evidence, and reconcile from durable checkpoints; it SHALL NOT infer complete, current, authorized, correct, reconciled, or recovered data state.",V07-F003,observation,missing,unverified,none,omission,P1,"L1_CONNECTOR_COVERAGE.md row 10 (IoT requires stream ingestion, not BullMQ); no broker/stream receiver in apps/api/src/observation/connectors","No shedding, producer quarantine or checkpoint reconciliation for streams",
DP-13-006,V7,"13 Event, Stream, IoT, and Telemetry Ingestion",36,"Production admission and continued operation SHALL require load and burst tests, duplicate and reordering fixtures, late-data exercises, device revocation, clock skew, replay, and loss accounting, bound to the exact contracts, schemas, code, data versions, policies, infrastructure, customer scope, deployment profile, and period under review.",V07-F003,observation,missing,unverified,none,omission,P1,"L1_CONNECTOR_COVERAGE.md row 10 (IoT requires stream ingestion, not BullMQ); no broker/stream receiver in apps/api/src/observation/connectors",No load/burst/late-data fixtures,
DP-14-001,V7,"14 Batch, File, API, RSS, and Custom Source Ingestion",37,"The data-platform realization of Batch, File, API, RSS, and Custom Source Ingestion SHALL provide governed reusable ingestion patterns for scheduled files, APIs, RSS, secure transfer, bulk imports, and customer-defined adapters.",V07-F002,observation,partial,passed:harness,merged,phase1,P1,"apps/api/src/observation/connectors/sdk.ts; apps/api/src/observation/connectors/replay.ts; apps/api/migrations/0022 §5 acquisition_attempts (attempt key idempotency), §12 checkpoints; apps/api/migrations/0028 (declared backfill windows); apps/api/src/observation/scheduling/scheduler.service.ts; apps/api/test/int/phase1-fault-injection.test.ts: F37-F46 idempotency; apps/api/test/int/phase4-acceptance.test.ts: P4-M0a closed-range backfill; apps/api/test/int/phase6-scheduled-collection.test.ts","Upload, REST poller, RSS/Atom and replay exist; no SFTP/secure transfer, manifested bulk import or customer-defined adapter registration","Scheduled execution (0038-0040, collection-worker.service.ts) is branch-only on scheduling/automatic-collection-2026-09"
DP-14-002,V7,"14 Batch, File, API, RSS, and Custom Source Ingestion",37,"Every production instance SHALL declare and continuously reconcile transfer identity, contract, manifest, checksum, schema, partition set, cursor, idempotency key, receipt, rejection set, and completion state through versioned contracts, observed state, ownership, lineage, and audit evidence.",V07-F002,observation,partial,passed:harness,merged,phase1,P1,"apps/api/src/observation/connectors/sdk.ts; apps/api/src/observation/connectors/replay.ts; apps/api/migrations/0022 §5 acquisition_attempts (attempt key idempotency), §12 checkpoints; apps/api/migrations/0028 (declared backfill windows); apps/api/src/observation/scheduling/scheduler.service.ts; apps/api/test/int/phase1-fault-injection.test.ts: F37-F46 idempotency; apps/api/test/int/phase4-acceptance.test.ts: P4-M0a closed-range backfill; apps/api/test/int/phase6-scheduled-collection.test.ts","Transfer manifests, checksums per partition, receipts and rejection sets are not modelled (item-level digest and attempt key only)","Scheduled execution (0038-0040, collection-worker.service.ts) is branch-only on scheduling/automatic-collection-2026-09"
DP-14-003,V7,"14 Batch, File, API, RSS, and Custom Source Ingestion",37,"The implementation SHALL enforce this authority boundary: custom adapters execute inside the same identity, network, credential, policy, evidence, quality, and lifecycle boundaries as first-party connectors.",V07-F002,observation,partial,passed:harness,merged,phase1,P1,"apps/api/src/observation/connectors/sdk.ts; apps/api/src/observation/connectors/replay.ts; apps/api/migrations/0022 §5 acquisition_attempts (attempt key idempotency), §12 checkpoints; apps/api/migrations/0028 (declared backfill windows); apps/api/src/observation/scheduling/scheduler.service.ts; apps/api/test/int/phase1-fault-injection.test.ts: F37-F46 idempotency; apps/api/test/int/phase4-acceptance.test.ts: P4-M0a closed-range backfill; apps/api/test/int/phase6-scheduled-collection.test.ts",Connector SDK binds first-party connectors to identity/network/budget boundaries; custom adapters cannot be installed,"Scheduled execution (0038-0040, collection-worker.service.ts) is branch-only on scheduling/automatic-collection-2026-09"
DP-14-004,V7,"14 Batch, File, API, RSS, and Custom Source Ingestion",38,"SaaS, Private Cloud, and On-Premise SHALL preserve the same object, temporal, truth-state, provenance, policy, correction, export, failure, replay, and human-authority semantics for Batch, File, API, RSS, and Custom Source Ingestion.",V07-F002,observation,missing,unverified,none,phase7,P7-D,"EXCEPTIONS.md: EXC-P0-004 (single deployment profile, local Compose); docker-compose.yml","Deliver Private Cloud and On-Premise profiles and run shared conformance fixtures for Batch, File, API, RSS, and Custom Source Ingestion semantics across all three; only the local profile exists",Semantics of this chapter exist (or not) only in the local profile; parity across profiles is unclaimed (EXC-P0-004)
DP-14-005,V7,"14 Batch, File, API, RSS, and Custom Source Ingestion",38,"When a transfer is partial, duplicated, tampered, incompatible, misrouted, or cannot prove completion and reconciliation, the platform SHALL hold publication, isolate the transfer, preserve receipts and rejected records, resume from the committed boundary, and reconcile totals; it SHALL NOT infer complete, current, authorized, correct, reconciled, or recovered data state.",V07-F002,observation,partial,passed:harness,merged,phase1,P1,"apps/api/src/observation/connectors/sdk.ts; apps/api/src/observation/connectors/replay.ts; apps/api/migrations/0022 §5 acquisition_attempts (attempt key idempotency), §12 checkpoints; apps/api/migrations/0028 (declared backfill windows); apps/api/src/observation/scheduling/scheduler.service.ts; apps/api/test/int/phase1-fault-injection.test.ts: F37-F46 idempotency; apps/api/test/int/phase4-acceptance.test.ts: P4-M0a closed-range backfill; apps/api/test/int/phase6-scheduled-collection.test.ts",Partial writes never admit (F12-F19) and runs resume from checkpoints; totals reconciliation and misrouting detection absent,"Scheduled execution (0038-0040, collection-worker.service.ts) is branch-only on scheduling/automatic-collection-2026-09"
DP-14-006,V7,"14 Batch, File, API, RSS, and Custom Source Ingestion",38,"Production admission and continued operation SHALL require golden adapter suite, checksum and manifest validation, partial- transfer recovery, idempotency, schema incompatibility, and connector certification, bound to the exact contracts, schemas, code, data versions, policies, infrastructure, customer scope, deployment profile, and period under review.",V07-F002,observation,partial,passed:harness,merged,phase1,P1,"apps/api/src/observation/connectors/sdk.ts; apps/api/src/observation/connectors/replay.ts; apps/api/migrations/0022 §5 acquisition_attempts (attempt key idempotency), §12 checkpoints; apps/api/migrations/0028 (declared backfill windows); apps/api/src/observation/scheduling/scheduler.service.ts; apps/api/test/int/phase1-fault-injection.test.ts: F37-F46 idempotency; apps/api/test/int/phase4-acceptance.test.ts: P4-M0a closed-range backfill; apps/api/test/int/phase6-scheduled-collection.test.ts",No golden adapter suite or connector certification,"Scheduled execution (0038-0040, collection-worker.service.ts) is branch-only on scheduling/automatic-collection-2026-09; Evidence is bound to the head SHA/digests of the local profile, not to a customer scope or period"
DP-15-001,V7,15 Change Data Capture and Synchronization,39,"The data-platform realization of Change Data Capture and Synchronization SHALL capture and reconcile source changes, inserts, updates, deletes, corrections, and tombstones while preserving transaction order and source authority.",V07-F003,observation,missing,unverified,none,omission,P1,No CDC component: apps/api/src/observation has no log-position/tombstone capture; L1_CONNECTOR_COVERAGE.md,"No change data capture, source log positions, before/after images or delete/tombstone propagation from customer systems",
DP-15-002,V7,15 Change Data Capture and Synchronization,39,"Every production instance SHALL declare and continuously reconcile capture stream, source log position, transaction identity, before and after image, source key, operation, commit time, checkpoint, and reconciliation state through versioned contracts, observed state, ownership, lineage, and audit evidence.",V07-F003,observation,missing,unverified,none,omission,P1,No CDC component: apps/api/src/observation has no log-position/tombstone capture; L1_CONNECTOR_COVERAGE.md,"No change data capture, source log positions, before/after images or delete/tombstone propagation from customer systems",
DP-15-003,V7,15 Change Data Capture and Synchronization,39,"The implementation SHALL enforce this authority boundary: change capture may replicate source state but may not invent missing transactions, reinterpret deletion, or bypass the canonical correction lifecycle.",V07-F003,observation,missing,unverified,none,omission,P1,No CDC component: apps/api/src/observation has no log-position/tombstone capture; L1_CONNECTOR_COVERAGE.md,"No change data capture, source log positions, before/after images or delete/tombstone propagation from customer systems",
DP-15-004,V7,15 Change Data Capture and Synchronization,40,"SaaS, Private Cloud, and On-Premise SHALL preserve the same object, temporal, truth-state, provenance, policy, correction, export, failure, replay, and human-authority semantics for Change Data Capture and Synchronization.",V07-F003,observation,missing,unverified,none,phase7,P7-D,"EXCEPTIONS.md: EXC-P0-004 (single deployment profile, local Compose); docker-compose.yml",Deliver Private Cloud and On-Premise profiles and run shared conformance fixtures for Change Data Capture and Synchronization semantics across all three; only the local profile exists,Semantics of this chapter exist (or not) only in the local profile; parity across profiles is unclaimed (EXC-P0-004)
DP-15-005,V7,15 Change Data Capture and Synchronization,40,"When log continuity breaks, checkpoints diverge, duplicates or gaps emerge, or source retention expires before capture, the platform SHALL pause dependent publication, retain the last verified position, resnapshot the bounded scope, reconcile transactions, and expose the discontinuity; it SHALL NOT infer complete, current, authorized, correct, reconciled, or recovered data state.",V07-F003,observation,missing,unverified,none,omission,P1,No CDC component: apps/api/src/observation has no log-position/tombstone capture; L1_CONNECTOR_COVERAGE.md,"No change data capture, source log positions, before/after images or delete/tombstone propagation from customer systems",
DP-15-006,V7,15 Change Data Capture and Synchronization,40,"Production admission and continued operation SHALL require transactional fixtures, log-gap simulation, resnapshot and catch- up, delete propagation, ordering, reconciliation, and source- owner acceptance, bound to the exact contracts, schemas, code, data versions, policies, infrastructure, customer scope, deployment profile, and period under review.",V07-F003,observation,missing,unverified,none,omission,P1,No CDC component: apps/api/src/observation has no log-position/tombstone capture; L1_CONNECTOR_COVERAGE.md,"No change data capture, source log positions, before/after images or delete/tombstone propagation from customer systems",
DP-16-001,V7,"16 Intake Validation, Quarantine, and Raw Preservation",41,"The data-platform realization of Intake Validation, Quarantine, and Raw Preservation SHALL validate identity, rights, integrity, schema, safety, classification, locality, and quality before preserving immutable raw evidence and admitting downstream work.",V07-F004,observation,partial,passed:harness,merged,phase1,P1,"apps/api/src/observation/quarantine/quarantine.service.ts; apps/api/src/observation/vault/vault.service.ts; apps/api/src/observation/vault/evidence.service.ts; apps/api/migrations/0022 §6-§8 (blob_manifests, blob_tombstones, custody_events, quarantine_events/current); apps/api/test/int/phase1-acceptance.test.ts: A2, A7 vault, A11; apps/api/test/int/phase1-fault-injection.test.ts: F12-F27; EXCEPTIONS.md EXC-P1-001, EXC-P1-002",Identity/rights/integrity/schema-drift/type/locality checks run before admission; safety inspection is heuristic-only (EXC-P1-001: no malware engine); quality checks limited to contract schema tolerance,Second-operator release with reason enforced in observation.close_quarantine_case
DP-16-002,V7,"16 Intake Validation, Quarantine, and Raw Preservation",41,"Every production instance SHALL declare and continuously reconcile intake case, validation results, quarantine status, raw object identity, digest, custody events, admission decision, rejection reason, and release authority through versioned contracts, observed state, ownership, lineage, and audit evidence.",V07-F004,observation,implemented,passed:harness,merged,phase1,done,"apps/api/src/observation/quarantine/quarantine.service.ts; apps/api/src/observation/vault/vault.service.ts; apps/api/src/observation/vault/evidence.service.ts; apps/api/migrations/0022 §6-§8 (blob_manifests, blob_tombstones, custody_events, quarantine_events/current); apps/api/test/int/phase1-acceptance.test.ts: A2, A7 vault, A11; apps/api/test/int/phase1-fault-injection.test.ts: F12-F27; EXCEPTIONS.md EXC-P1-001, EXC-P1-002",,Second-operator release with reason enforced in observation.close_quarantine_case
DP-16-003,V7,"16 Intake Validation, Quarantine, and Raw Preservation",41,"The implementation SHALL enforce this authority boundary: quarantined content, failed validations, and rejected records remain isolated and cannot enter transformation, retrieval, training, or product-serving paths.",V07-F004,observation,implemented,passed:harness,merged,phase1,done,"apps/api/src/observation/quarantine/quarantine.service.ts; apps/api/src/observation/vault/vault.service.ts; apps/api/src/observation/vault/evidence.service.ts; apps/api/migrations/0022 §6-§8 (blob_manifests, blob_tombstones, custody_events, quarantine_events/current); apps/api/test/int/phase1-acceptance.test.ts: A2, A7 vault, A11; apps/api/test/int/phase1-fault-injection.test.ts: F12-F27; EXCEPTIONS.md EXC-P1-001, EXC-P1-002",,Second-operator release with reason enforced in observation.close_quarantine_case
DP-16-004,V7,"16 Intake Validation, Quarantine, and Raw Preservation",42,"SaaS, Private Cloud, and On-Premise SHALL preserve the same object, temporal, truth-state, provenance, policy, correction, export, failure, replay, and human-authority semantics for Intake Validation, Quarantine, and Raw Preservation.",V07-F004,observation,missing,unverified,none,phase7,P7-D,"EXCEPTIONS.md: EXC-P0-004 (single deployment profile, local Compose); docker-compose.yml","Deliver Private Cloud and On-Premise profiles and run shared conformance fixtures for Intake Validation, Quarantine, and Raw Preservation semantics across all three; only the local profile exists",Semantics of this chapter exist (or not) only in the local profile; parity across profiles is unclaimed (EXC-P0-004)
DP-16-005,V7,"16 Intake Validation, Quarantine, and Raw Preservation",42,"When validation services are unavailable, a digest mismatches, malware is detected, or quarantine isolation becomes suspect, the platform SHALL fail closed, preserve the item in the restricted evidence boundary, revoke affected derivatives, and resume only after independent validation; it SHALL NOT infer complete, current, authorized, correct, reconciled, or recovered data state.",V07-F004,observation,implemented,passed:harness,merged,phase1,P1,"apps/api/src/observation/quarantine/quarantine.service.ts; apps/api/src/observation/vault/vault.service.ts; apps/api/src/observation/vault/evidence.service.ts; apps/api/migrations/0022 §6-§8 (blob_manifests, blob_tombstones, custody_events, quarantine_events/current); apps/api/test/int/phase1-acceptance.test.ts: A2, A7 vault, A11; apps/api/test/int/phase1-fault-injection.test.ts: F12-F27; EXCEPTIONS.md EXC-P1-001, EXC-P1-002","Fail-closed on digest mismatch, missing/corrupt blob; ""revoke affected derivatives"" is the operator-initiated correction walk, not automatic",Second-operator release with reason enforced in observation.close_quarantine_case
DP-16-006,V7,"16 Intake Validation, Quarantine, and Raw Preservation",42,"Production admission and continued operation SHALL require negative admission tests, malware corpus, digest and custody verification, quarantine escape exercises, policy review, and evidence restore, bound to the exact contracts, schemas, code, data versions, policies, infrastructure, customer scope, deployment profile, and period under review.",V07-F004,observation,partial,passed:harness,merged,phase1,P1,"apps/api/src/observation/quarantine/quarantine.service.ts; apps/api/src/observation/vault/vault.service.ts; apps/api/src/observation/vault/evidence.service.ts; apps/api/migrations/0022 §6-§8 (blob_manifests, blob_tombstones, custody_events, quarantine_events/current); apps/api/test/int/phase1-acceptance.test.ts: A2, A7 vault, A11; apps/api/test/int/phase1-fault-injection.test.ts: F12-F27; EXCEPTIONS.md EXC-P1-001, EXC-P1-002","No malware corpus, quarantine-escape exercise or evidence-restore exercise","Second-operator release with reason enforced in observation.close_quarantine_case; Evidence is bound to the head SHA/digests of the local profile, not to a customer scope or period"
DP-17-001,V7,17 Canonical Data Contract,44,"The data-platform realization of Canonical Data Contract SHALL define every produced or consumed dataset, stream, object, index, feature, and export through a stable machine-readable contract.",V07-F005,data-platform,partial,passed:harness,merged,phase0,P7-D,packages/contracts/src/header.ts (43-field canonical header JSON Schema); apps/api/migrations/0006 objects.schema_registry; apps/api/migrations/0008 objects.canonical_field_registry; apps/api/migrations/0022 §20 SRC@v1 schema; apps/api/src/objects/objects.service.ts (storage round-trip digest verification); apps/api/test/int/phase2-acceptance.test.ts: the schema REFUSES a claim whose lineage is incomplete,"Contracts exist for canonical objects and source contracts only; projections, queues, indexes, series and API responses have no registered machine-readable contract",
DP-17-002,V7,17 Canonical Data Contract,44,"Every production instance SHALL declare and continuously reconcile contract identity, owner, purpose, schema, keys, time semantics, truth state, provenance, quality, policy, compatibility, SLO, and lifecycle through versioned contracts, observed state, ownership, lineage, and audit evidence.",V07-F005,data-platform,partial,passed:harness,merged,phase0,P7-D,packages/contracts/src/header.ts (43-field canonical header JSON Schema); apps/api/migrations/0006 objects.schema_registry; apps/api/migrations/0008 objects.canonical_field_registry; apps/api/migrations/0022 §20 SRC@v1 schema; apps/api/src/objects/objects.service.ts (storage round-trip digest verification); apps/api/test/int/phase2-acceptance.test.ts: the schema REFUSES a claim whose lineage is incomplete,"Contract owner/SLO/quality/compatibility/lifecycle fields are not modelled in schema_registry (object_type, version, json_schema, compatibility)",
DP-17-003,V7,17 Canonical Data Contract,44,"The implementation SHALL enforce this authority boundary: physical tables, files, topics, and APIs are implementations of contracts and cannot become the semantic authority by convention.",V07-F005,data-platform,partial,passed:harness,merged,phase0,P7-D,packages/contracts/src/header.ts (43-field canonical header JSON Schema); apps/api/migrations/0006 objects.schema_registry; apps/api/migrations/0008 objects.canonical_field_registry; apps/api/migrations/0022 §20 SRC@v1 schema; apps/api/src/objects/objects.service.ts (storage round-trip digest verification); apps/api/test/int/phase2-acceptance.test.ts: the schema REFUSES a claim whose lineage is incomplete,Canonical objects are contract-validated at the port; projection tables are documented as derived but not contract-bound,
DP-17-004,V7,17 Canonical Data Contract,44,"SaaS, Private Cloud, and On-Premise SHALL preserve the same object, temporal, truth-state, provenance, policy, correction, export, failure, replay, and human-authority semantics for Canonical Data Contract.",V07-F005,data-platform,missing,unverified,none,phase7,P7-D,"EXCEPTIONS.md: EXC-P0-004 (single deployment profile, local Compose); docker-compose.yml",Deliver Private Cloud and On-Premise profiles and run shared conformance fixtures for Canonical Data Contract semantics across all three; only the local profile exists,Semantics of this chapter exist (or not) only in the local profile; parity across profiles is unclaimed (EXC-P0-004)
DP-17-005,V7,17 Canonical Data Contract,45,"When a producer publishes data that violates its contract or a consumer depends on undeclared behavior, the platform SHALL reject or isolate non-conformant records, stop incompatible publication, notify owners, and restore service through an approved contract revision; it SHALL NOT infer complete, current, authorized, correct, reconciled, or recovered data state.",V07-F005,data-platform,partial,passed:harness,merged,phase0,P7-D,packages/contracts/src/header.ts (43-field canonical header JSON Schema); apps/api/migrations/0006 objects.schema_registry; apps/api/migrations/0008 objects.canonical_field_registry; apps/api/migrations/0022 §20 SRC@v1 schema; apps/api/src/objects/objects.service.ts (storage round-trip digest verification); apps/api/test/int/phase2-acceptance.test.ts: the schema REFUSES a claim whose lineage is incomplete,"Non-conformant objects are refused (payload/schema validation, EYE-PRV-001); no owner notification or consumer dependency detection",
DP-17-006,V7,17 Canonical Data Contract,45,"Production admission and continued operation SHALL require contract linting, producer and consumer tests, golden fixtures, compatibility analysis, runtime validation, and adoption evidence, bound to the exact contracts, schemas, code, data versions, policies, infrastructure, customer scope, deployment profile, and period under review.",V07-F005,data-platform,partial,passed:ci,merged,phase0,P7-D,packages/contracts/src/header.ts (43-field canonical header JSON Schema); apps/api/migrations/0006 objects.schema_registry; apps/api/migrations/0008 objects.canonical_field_registry; apps/api/migrations/0022 §20 SRC@v1 schema; apps/api/src/objects/objects.service.ts (storage round-trip digest verification); apps/api/test/int/phase2-acceptance.test.ts: the schema REFUSES a claim whose lineage is incomplete,No contract linting/producer-consumer tests beyond packages/contracts fixtures and acceptance suites,"Evidence is bound to the head SHA/digests of the local profile, not to a customer scope or period"
DP-18-001,V7,18 Schema Registry and Compatibility,46,"The data-platform realization of Schema Registry and Compatibility SHALL govern schema identity, versioning, evolution, compatibility, migration, deprecation, and consumer impact across all data interfaces.",V07-F005,data-platform,partial,passed:harness,merged,phase0,P7-D,"apps/api/migrations/0006 objects.schema_registry (compatibility column, default additive); apps/api/migrations/0023 §9 CLM@v2 beside CLM@v1; apps/api/migrations/0028 SRC@v2 additive; .github/workflows/ci.yml: Post-C18 migration upgrade compatibility; apps/api/test/int/phase3-acceptance.test.ts: CLM@v1 still belongs to Phase 0 and CLM@v2 to Phase 2","Schemas are versioned per object type and additive-only in practice; no compatibility analyzer, deprecation workflow or consumer-impact model",
DP-18-002,V7,18 Schema Registry and Compatibility,46,"Every production instance SHALL declare and continuously reconcile schema subject, version, fields, constraints, compatibility policy, owners, consumers, migration, deprecation, and effective window through versioned contracts, observed state, ownership, lineage, and audit evidence.",V07-F005,data-platform,partial,unverified,merged,phase0,P7-D,"apps/api/migrations/0006 objects.schema_registry (compatibility column, default additive); apps/api/migrations/0023 §9 CLM@v2 beside CLM@v1; apps/api/migrations/0028 SRC@v2 additive; .github/workflows/ci.yml: Post-C18 migration upgrade compatibility; apps/api/test/int/phase3-acceptance.test.ts: CLM@v1 still belongs to Phase 0 and CLM@v2 to Phase 2","Consumers, migration and effective windows are not recorded per schema version",
DP-18-003,V7,18 Schema Registry and Compatibility,46,"The implementation SHALL enforce this authority boundary: schema change cannot remove policy-bearing meaning, temporal semantics, provenance, identifiers, or required consumer behavior without controlled migration.",V07-F005,data-platform,partial,passed:harness,merged,phase0,P7-D,"apps/api/migrations/0006 objects.schema_registry (compatibility column, default additive); apps/api/migrations/0023 §9 CLM@v2 beside CLM@v1; apps/api/migrations/0028 SRC@v2 additive; .github/workflows/ci.yml: Post-C18 migration upgrade compatibility; apps/api/test/int/phase3-acceptance.test.ts: CLM@v1 still belongs to Phase 0 and CLM@v2 to Phase 2",Policy-bearing header fields cannot be removed (fixed 43-field header); no check that a payload schema change preserves temporal/provenance meaning,
DP-18-004,V7,18 Schema Registry and Compatibility,47,"SaaS, Private Cloud, and On-Premise SHALL preserve the same object, temporal, truth-state, provenance, policy, correction, export, failure, replay, and human-authority semantics for Schema Registry and Compatibility.",V07-F005,data-platform,missing,unverified,none,phase7,P7-D,"EXCEPTIONS.md: EXC-P0-004 (single deployment profile, local Compose); docker-compose.yml",Deliver Private Cloud and On-Premise profiles and run shared conformance fixtures for Schema Registry and Compatibility semantics across all three; only the local profile exists,Semantics of this chapter exist (or not) only in the local profile; parity across profiles is unclaimed (EXC-P0-004)
DP-18-005,V7,18 Schema Registry and Compatibility,47,"When a schema change is incompatible, a consumer is unknown, or registry state diverges from deployed producers and consumers, the platform SHALL block promotion, freeze the last compatible contract, enumerate affected consumers, and execute an approved migration or parallel version; it SHALL NOT infer complete, current, authorized, correct, reconciled, or recovered data state.",V07-F005,data-platform,missing,unverified,none,phase7,P7-D,"apps/api/migrations/0006 objects.schema_registry (compatibility column, default additive); apps/api/migrations/0023 §9 CLM@v2 beside CLM@v1; apps/api/migrations/0028 SRC@v2 additive; .github/workflows/ci.yml: Post-C18 migration upgrade compatibility; apps/api/test/int/phase3-acceptance.test.ts: CLM@v1 still belongs to Phase 0 and CLM@v2 to Phase 2",No promotion block on incompatible schema change or affected-consumer enumeration,
DP-18-006,V7,18 Schema Registry and Compatibility,47,"Production admission and continued operation SHALL require compatibility fixtures, consumer inventory, forward and backward tests, dual-read or dual-write exercises, and deprecation closure, bound to the exact contracts, schemas, code, data versions, policies, infrastructure, customer scope, deployment profile, and period under review.",V07-F005,data-platform,partial,passed:ci,merged,phase0,P7-D,"apps/api/migrations/0006 objects.schema_registry (compatibility column, default additive); apps/api/migrations/0023 §9 CLM@v2 beside CLM@v1; apps/api/migrations/0028 SRC@v2 additive; .github/workflows/ci.yml: Post-C18 migration upgrade compatibility; apps/api/test/int/phase3-acceptance.test.ts: CLM@v1 still belongs to Phase 0 and CLM@v2 to Phase 2",Forward/backward tests exist only as migration upgrade gate; no dual-read/dual-write or deprecation closure,"Evidence is bound to the head SHA/digests of the local profile, not to a customer scope or period"
DP-19-001,V7,19 Canonical Intelligence Object Model,48,"The data-platform realization of Canonical Intelligence Object Model SHALL implement the common governed object envelope for evidence, observations, claims, events, entities, relationships, assessments, forecasts, scenarios, simulations, decisions, actions, outcomes, and lessons.",V07-F005,data-platform,implemented,passed:harness,merged,phase0,done,"apps/api/migrations/0006_objects.sql (canonical_objects: identity/temporal/epistemic/provenance/policy/quality/schema/correction blocks); packages/contracts/src/header.ts; apps/api/src/objects/objects.service.ts; write-action object-type pinning: apps/api/migrations/0022 §20, 0023 §9, 0024 §11, 0029 §9, 0032, 0041; test/acceptance/acceptance.test.ts: AC-6/AC-7 canonical object lifecycle; apps/api/test/int/gate22-capability-binding.test.ts: C6","Object types cover EVD/OBS/SRC/ENT/EVT/CLM/REL/ASM/OBJ-strategy/FCT/SCN/WRN/TWN/SIM/DPK/APR/CMT/OUT/RPL; ""actions"" and ""lessons"" exist only as fields on packages/outcomes, not as objects",Header dictionary (Appendix E) matches the 43-field header one-to-one
DP-19-002,V7,19 Canonical Intelligence Object Model,48,"Every production instance SHALL declare and continuously reconcile object identity, type, tenant, domain, version, lifecycle, temporal coordinates, truth state, provenance, policy, quality, ownership, and content reference through versioned contracts, observed state, ownership, lineage, and audit evidence.",V07-F005,data-platform,implemented,passed:harness,merged,phase0,done,"apps/api/migrations/0006_objects.sql (canonical_objects: identity/temporal/epistemic/provenance/policy/quality/schema/correction blocks); packages/contracts/src/header.ts; apps/api/src/objects/objects.service.ts; write-action object-type pinning: apps/api/migrations/0022 §20, 0023 §9, 0024 §11, 0029 §9, 0032, 0041; test/acceptance/acceptance.test.ts: AC-6/AC-7 canonical object lifecycle; apps/api/test/int/gate22-capability-binding.test.ts: C6",,Header dictionary (Appendix E) matches the 43-field header one-to-one
DP-19-003,V7,19 Canonical Intelligence Object Model,48,"The implementation SHALL enforce this authority boundary: object types may specialize payloads but may not omit or reinterpret the canonical header, evidence linkage, correction, policy, or lifecycle contract.",V07-F005,data-platform,implemented,passed:harness,merged,phase0,done,"apps/api/migrations/0006_objects.sql (canonical_objects: identity/temporal/epistemic/provenance/policy/quality/schema/correction blocks); packages/contracts/src/header.ts; apps/api/src/objects/objects.service.ts; write-action object-type pinning: apps/api/migrations/0022 §20, 0023 §9, 0024 §11, 0029 §9, 0032, 0041; test/acceptance/acceptance.test.ts: AC-6/AC-7 canonical object lifecycle; apps/api/test/int/gate22-capability-binding.test.ts: C6",,Header dictionary (Appendix E) matches the 43-field header one-to-one
DP-19-004,V7,19 Canonical Intelligence Object Model,49,"SaaS, Private Cloud, and On-Premise SHALL preserve the same object, temporal, truth-state, provenance, policy, correction, export, failure, replay, and human-authority semantics for Canonical Intelligence Object Model.",V07-F005,data-platform,missing,unverified,none,phase7,P7-D,"EXCEPTIONS.md: EXC-P0-004 (single deployment profile, local Compose); docker-compose.yml",Deliver Private Cloud and On-Premise profiles and run shared conformance fixtures for Canonical Intelligence Object Model semantics across all three; only the local profile exists,Semantics of this chapter exist (or not) only in the local profile; parity across profiles is unclaimed (EXC-P0-004)
DP-19-005,V7,19 Canonical Intelligence Object Model,49,"When an object lacks required header semantics, carries contradictory authority, or cannot resolve its referenced versions, the platform SHALL deny canonical admission, retain the proposal and errors, prevent downstream promotion, and route repair to the owning component; it SHALL NOT infer complete, current, authorized, correct, reconciled, or recovered data state.",V07-F005,data-platform,implemented,passed:harness,merged,phase0,done,"apps/api/migrations/0006_objects.sql (canonical_objects: identity/temporal/epistemic/provenance/policy/quality/schema/correction blocks); packages/contracts/src/header.ts; apps/api/src/objects/objects.service.ts; write-action object-type pinning: apps/api/migrations/0022 §20, 0023 §9, 0024 §11, 0029 §9, 0032, 0041; test/acceptance/acceptance.test.ts: AC-6/AC-7 canonical object lifecycle; apps/api/test/int/gate22-capability-binding.test.ts: C6",,Header dictionary (Appendix E) matches the 43-field header one-to-one
DP-19-006,V7,19 Canonical Intelligence Object Model,49,"Production admission and continued operation SHALL require schema fixtures for every object type, lifecycle tests, cross-type references, policy propagation, correction replay, and conformance review, bound to the exact contracts, schemas, code, data versions, policies, infrastructure, customer scope, deployment profile, and period under review.",V07-F005,data-platform,partial,passed:harness,merged,phase0,done,"apps/api/migrations/0006_objects.sql (canonical_objects: identity/temporal/epistemic/provenance/policy/quality/schema/correction blocks); packages/contracts/src/header.ts; apps/api/src/objects/objects.service.ts; write-action object-type pinning: apps/api/migrations/0022 §20, 0023 §9, 0024 §11, 0029 §9, 0032, 0041; test/acceptance/acceptance.test.ts: AC-6/AC-7 canonical object lifecycle; apps/api/test/int/gate22-capability-binding.test.ts: C6",Per-type schema fixtures exist in phase suites; no consolidated conformance review across every type,"Header dictionary (Appendix E) matches the 43-field header one-to-one; Evidence is bound to the head SHA/digests of the local profile, not to a customer scope or period"
DP-20-001,V7,"20 Identity, Naming, and Tenant Scoping",50,"The data-platform realization of Identity, Naming, and Tenant Scoping SHALL provide stable globally unique and tenant-safe identities for sources, objects, entities, versions, assets, products, pipelines, and exchanges.",V07-F005,identity-policy,implemented,passed:harness,merged,phase0,done,"apps/api/src/shared/ids.ts (UUIDv7, ADR-P0-11); apps/api/src/shared/scope.ts; apps/api/migrations/0006 canonical_scope_ids; apps/api/migrations/0022 (opaque tenant/domain-scoped locators, digest lookups scoped per domain); apps/api/migrations/0024 §3-§4 (identifier systems, entity identifiers, reversible resolutions); apps/api/test/int/phase3-acceptance.test.ts: C1-C3 (one entity, split reversible, known-at before split); apps/api/test/int/domain-isolation.test.ts; apps/api/test/int/phase1-acceptance.test.ts: A5",,
DP-20-002,V7,"20 Identity, Naming, and Tenant Scoping",50,"Every production instance SHALL declare and continuously reconcile identifier namespace, issuer, tenant and domain scope, natural keys, aliases, version identity, merge or split state, and resolution history through versioned contracts, observed state, ownership, lineage, and audit evidence.",V07-F005,identity-policy,implemented,passed:harness,merged,phase0,done,"apps/api/src/shared/ids.ts (UUIDv7, ADR-P0-11); apps/api/src/shared/scope.ts; apps/api/migrations/0006 canonical_scope_ids; apps/api/migrations/0022 (opaque tenant/domain-scoped locators, digest lookups scoped per domain); apps/api/migrations/0024 §3-§4 (identifier systems, entity identifiers, reversible resolutions); apps/api/test/int/phase3-acceptance.test.ts: C1-C3 (one entity, split reversible, known-at before split); apps/api/test/int/domain-isolation.test.ts; apps/api/test/int/phase1-acceptance.test.ts: A5",Aliases are entity identifiers/mentions; no alias registry for assets/products/pipelines (none exist),
DP-20-003,V7,"20 Identity, Naming, and Tenant Scoping",50,"The implementation SHALL enforce this authority boundary: storage location, display name, source key, model guess, or network scope may not substitute for canonical identity and tenant context.",V07-F005,identity-policy,implemented,passed:harness,merged,phase0,done,"apps/api/src/shared/ids.ts (UUIDv7, ADR-P0-11); apps/api/src/shared/scope.ts; apps/api/migrations/0006 canonical_scope_ids; apps/api/migrations/0022 (opaque tenant/domain-scoped locators, digest lookups scoped per domain); apps/api/migrations/0024 §3-§4 (identifier systems, entity identifiers, reversible resolutions); apps/api/test/int/phase3-acceptance.test.ts: C1-C3 (one entity, split reversible, known-at before split); apps/api/test/int/domain-isolation.test.ts; apps/api/test/int/phase1-acceptance.test.ts: A5",,
DP-20-004,V7,"20 Identity, Naming, and Tenant Scoping",51,"SaaS, Private Cloud, and On-Premise SHALL preserve the same object, temporal, truth-state, provenance, policy, correction, export, failure, replay, and human-authority semantics for Identity, Naming, and Tenant Scoping.",V07-F005,identity-policy,missing,unverified,none,phase7,P7-D,"EXCEPTIONS.md: EXC-P0-004 (single deployment profile, local Compose); docker-compose.yml","Deliver Private Cloud and On-Premise profiles and run shared conformance fixtures for Identity, Naming, and Tenant Scoping semantics across all three; only the local profile exists",Semantics of this chapter exist (or not) only in the local profile; parity across profiles is unclaimed (EXC-P0-004)
DP-20-005,V7,"20 Identity, Naming, and Tenant Scoping",51,"When identity collides, tenant scope is absent, aliases conflict, or a merge or split cannot be safely resolved, the platform SHALL fail closed, isolate affected records, preserve candidate identities and lineage, and require governed stewardship before authoritative use; it SHALL NOT infer complete, current, authorized, correct, reconciled, or recovered data state.",V07-F005,identity-policy,implemented,passed:harness,merged,phase0,done,"apps/api/src/shared/ids.ts (UUIDv7, ADR-P0-11); apps/api/src/shared/scope.ts; apps/api/migrations/0006 canonical_scope_ids; apps/api/migrations/0022 (opaque tenant/domain-scoped locators, digest lookups scoped per domain); apps/api/migrations/0024 §3-§4 (identifier systems, entity identifiers, reversible resolutions); apps/api/test/int/phase3-acceptance.test.ts: C1-C3 (one entity, split reversible, known-at before split); apps/api/test/int/domain-isolation.test.ts; apps/api/test/int/phase1-acceptance.test.ts: A5",,
DP-20-006,V7,"20 Identity, Naming, and Tenant Scoping",51,"Production admission and continued operation SHALL require collision and cross-tenant negative tests, alias history, merge and split replay, import and export round trips, and stewardship acceptance, bound to the exact contracts, schemas, code, data versions, policies, infrastructure, customer scope, deployment profile, and period under review.",V07-F005,identity-policy,partial,passed:harness,merged,phase0,done,"apps/api/src/shared/ids.ts (UUIDv7, ADR-P0-11); apps/api/src/shared/scope.ts; apps/api/migrations/0006 canonical_scope_ids; apps/api/migrations/0022 (opaque tenant/domain-scoped locators, digest lookups scoped per domain); apps/api/migrations/0024 §3-§4 (identifier systems, entity identifiers, reversible resolutions); apps/api/test/int/phase3-acceptance.test.ts: C1-C3 (one entity, split reversible, known-at before split); apps/api/test/int/domain-isolation.test.ts; apps/api/test/int/phase1-acceptance.test.ts: A5",Import/export round trips do not exist (no export),"Evidence is bound to the head SHA/digests of the local profile, not to a customer scope or period"
DP-21-001,V7,21 Temporal and Bitemporal Data,52,"The data-platform realization of Temporal and Bitemporal Data SHALL preserve event time, observation time, validity time, and system-record time so historical world and institutional states can be reconstructed without hindsight contamination.",V07-F005,data-platform,implemented,passed:harness,merged,phase0,done,"apps/api/migrations/0006 (event_time, observation_time, valid_from/to, recorded_at, time_precision, source_clock_quality); apps/api/migrations/0024 §5 edges bitemporal (valid_from/to, asserted_at/retracted_at); apps/api/src/graph/edges/edges.service.ts; apps/api/src/decision/replay/replay.service.ts; apps/api/migrations/0043 (five layers under exact cut-offs); apps/api/test/int/phase1-acceptance.test.ts: A3 known-at without hindsight; apps/api/test/int/phase3-acceptance.test.ts: C5 WORLD time and RECORD time are separate axes; apps/api/test/int/phase5-twins.test.ts: E1 grounding under two cut-offs; apps/api/test/int/phase6-replay.test.ts: F5",,
DP-21-002,V7,21 Temporal and Bitemporal Data,52,"Every production instance SHALL declare and continuously reconcile temporal identity, interval, precision, timezone, calendar, source clock, clock quality, ingestion watermark, correction time, and temporal lineage through versioned contracts, observed state, ownership, lineage, and audit evidence.",V07-F005,data-platform,partial,passed:harness,merged,phase0,P7-D,"apps/api/migrations/0006 (event_time, observation_time, valid_from/to, recorded_at, time_precision, source_clock_quality); apps/api/migrations/0024 §5 edges bitemporal (valid_from/to, asserted_at/retracted_at); apps/api/src/graph/edges/edges.service.ts; apps/api/src/decision/replay/replay.service.ts; apps/api/migrations/0043 (five layers under exact cut-offs); apps/api/test/int/phase1-acceptance.test.ts: A3 known-at without hindsight; apps/api/test/int/phase3-acceptance.test.ts: C5 WORLD time and RECORD time are separate axes; apps/api/test/int/phase5-twins.test.ts: E1 grounding under two cut-offs; apps/api/test/int/phase6-replay.test.ts: F5","Timezone, calendar and ingestion watermark are not first-class (publication calendar exists for prediction scoring only, 0031)",
DP-21-003,V7,21 Temporal and Bitemporal Data,52,"The implementation SHALL enforce this authority boundary: latest value storage, overwrite updates, or processing time alone cannot represent canonical temporal truth for material data.",V07-F005,data-platform,implemented,passed:harness,merged,phase0,done,"apps/api/migrations/0006 (event_time, observation_time, valid_from/to, recorded_at, time_precision, source_clock_quality); apps/api/migrations/0024 §5 edges bitemporal (valid_from/to, asserted_at/retracted_at); apps/api/src/graph/edges/edges.service.ts; apps/api/src/decision/replay/replay.service.ts; apps/api/migrations/0043 (five layers under exact cut-offs); apps/api/test/int/phase1-acceptance.test.ts: A3 known-at without hindsight; apps/api/test/int/phase3-acceptance.test.ts: C5 WORLD time and RECORD time are separate axes; apps/api/test/int/phase5-twins.test.ts: E1 grounding under two cut-offs; apps/api/test/int/phase6-replay.test.ts: F5",,
DP-21-004,V7,21 Temporal and Bitemporal Data,53,"SaaS, Private Cloud, and On-Premise SHALL preserve the same object, temporal, truth-state, provenance, policy, correction, export, failure, replay, and human-authority semantics for Temporal and Bitemporal Data.",V07-F005,data-platform,missing,unverified,none,phase7,P7-D,"EXCEPTIONS.md: EXC-P0-004 (single deployment profile, local Compose); docker-compose.yml",Deliver Private Cloud and On-Premise profiles and run shared conformance fixtures for Temporal and Bitemporal Data semantics across all three; only the local profile exists,Semantics of this chapter exist (or not) only in the local profile; parity across profiles is unclaimed (EXC-P0-004)
DP-21-005,V7,21 Temporal and Bitemporal Data,53,"When timestamps are missing, clocks disagree, intervals overlap improperly, or late data changes an already consumed historical state, the platform SHALL mark temporal quality, isolate invalid intervals, version the correction, identify affected products and decisions, and rebuild from the appropriate time boundary; it SHALL NOT infer complete, current, authorized, correct, reconciled, or recover…",V07-F005,data-platform,partial,passed:harness,merged,phase0,P7-D,"apps/api/migrations/0006 (event_time, observation_time, valid_from/to, recorded_at, time_precision, source_clock_quality); apps/api/migrations/0024 §5 edges bitemporal (valid_from/to, asserted_at/retracted_at); apps/api/src/graph/edges/edges.service.ts; apps/api/src/decision/replay/replay.service.ts; apps/api/migrations/0043 (five layers under exact cut-offs); apps/api/test/int/phase1-acceptance.test.ts: A3 known-at without hindsight; apps/api/test/int/phase3-acceptance.test.ts: C5 WORLD time and RECORD time are separate axes; apps/api/test/int/phase5-twins.test.ts: E1 grounding under two cut-offs; apps/api/test/int/phase6-replay.test.ts: F5",Late data lands as revisions/new versions with affected forecasts surfaced via the walk; no clock-skew handling beyond source_clock_quality label,
DP-21-006,V7,21 Temporal and Bitemporal Data,53,"Production admission and continued operation SHALL require bitemporal fixtures, clock-skew tests, late and out-of-order events, historical snapshots, correction propagation, and Decision Replay validation, bound to the exact contracts, schemas, code, data versions, policies, infrastructure, customer scope, deployment profile, and period under review.",V07-F005,data-platform,partial,passed:harness,merged,phase0,P7-D,"apps/api/migrations/0006 (event_time, observation_time, valid_from/to, recorded_at, time_precision, source_clock_quality); apps/api/migrations/0024 §5 edges bitemporal (valid_from/to, asserted_at/retracted_at); apps/api/src/graph/edges/edges.service.ts; apps/api/src/decision/replay/replay.service.ts; apps/api/migrations/0043 (five layers under exact cut-offs); apps/api/test/int/phase1-acceptance.test.ts: A3 known-at without hindsight; apps/api/test/int/phase3-acceptance.test.ts: C5 WORLD time and RECORD time are separate axes; apps/api/test/int/phase5-twins.test.ts: E1 grounding under two cut-offs; apps/api/test/int/phase6-replay.test.ts: F5",No clock-skew or out-of-order fixtures; Decision Replay validation is branch-only (phase6-replay.test.ts),"Evidence is bound to the head SHA/digests of the local profile, not to a customer scope or period"
DP-22-001,V7,"22 Truth State, Confidence, and Uncertainty",54,"The data-platform realization of Truth State, Confidence, and Uncertainty SHALL encode whether data is observed, asserted, extracted, inferred, assessed, simulated, decided, corrected, disputed, or withdrawn together with calibrated confidence and uncertainty.",V07-F005,data-platform,implemented,passed:harness,merged,phase0,done,"apps/api/migrations/0006 (truth_state CHECK, synthetic_consistency, confidence/uncertainty jsonb); packages/contracts/src/truth-state.ts; apps/api/migrations/0032 (kind observed/estimated/assumed/predicted/simulated, basis_truth_state); apps/api/migrations/0029 §4-§5 backtests/calibration; apps/api/test/int/phase5-twins.test.ts: E2 an EXTRACTED claim cannot ground an OBSERVED element; apps/api/test/int/phase4-acceptance.test.ts: D4 calibration; apps/api/src/intelligence/review/review.service.ts",,
DP-22-002,V7,"22 Truth State, Confidence, and Uncertainty",54,"Every production instance SHALL declare and continuously reconcile truth-state label, asserting authority, evidence set, method, confidence measure, uncertainty form, contradiction links, review state, and expiry through versioned contracts, observed state, ownership, lineage, and audit evidence.",V07-F005,data-platform,partial,passed:harness,merged,phase0,P2,"apps/api/migrations/0006 (truth_state CHECK, synthetic_consistency, confidence/uncertainty jsonb); packages/contracts/src/truth-state.ts; apps/api/migrations/0032 (kind observed/estimated/assumed/predicted/simulated, basis_truth_state); apps/api/migrations/0029 §4-§5 backtests/calibration; apps/api/test/int/phase5-twins.test.ts: E2 an EXTRACTED claim cannot ground an OBSERVED element; apps/api/test/int/phase4-acceptance.test.ts: D4 calibration; apps/api/src/intelligence/review/review.service.ts","Claim confidence is the model's own number, uncalibrated (PHASE2_REPORT.md §6); contradiction links exist as a field but nothing populates them; expiry only on warnings/forecasts",
DP-22-003,V7,"22 Truth State, Confidence, and Uncertainty",54,"The implementation SHALL enforce this authority boundary: confidence is not truth, frequency is not corroboration, and synthetic or model-derived data may never be silently promoted to observed fact.",V07-F005,data-platform,implemented,passed:harness,merged,phase0,done,"apps/api/migrations/0006 (truth_state CHECK, synthetic_consistency, confidence/uncertainty jsonb); packages/contracts/src/truth-state.ts; apps/api/migrations/0032 (kind observed/estimated/assumed/predicted/simulated, basis_truth_state); apps/api/migrations/0029 §4-§5 backtests/calibration; apps/api/test/int/phase5-twins.test.ts: E2 an EXTRACTED claim cannot ground an OBSERVED element; apps/api/test/int/phase4-acceptance.test.ts: D4 calibration; apps/api/src/intelligence/review/review.service.ts",,
DP-22-004,V7,"22 Truth State, Confidence, and Uncertainty",55,"SaaS, Private Cloud, and On-Premise SHALL preserve the same object, temporal, truth-state, provenance, policy, correction, export, failure, replay, and human-authority semantics for Truth State, Confidence, and Uncertainty.",V07-F005,data-platform,missing,unverified,none,phase7,P7-D,"EXCEPTIONS.md: EXC-P0-004 (single deployment profile, local Compose); docker-compose.yml","Deliver Private Cloud and On-Premise profiles and run shared conformance fixtures for Truth State, Confidence, and Uncertainty semantics across all three; only the local profile exists",Semantics of this chapter exist (or not) only in the local profile; parity across profiles is unclaimed (EXC-P0-004)
DP-22-005,V7,"22 Truth State, Confidence, and Uncertainty",55,"When truth state is missing, confidence is uncalibrated, evidence conflicts, or a downstream product collapses distinct epistemic states, the platform SHALL block or downgrade admission, preserve alternatives and dissent, route material ambiguity to review, and propagate the reduced fitness; it SHALL NOT infer complete, current, authorized, correct, reconciled, or recovered data state.",V07-F005,data-platform,partial,passed:harness,merged,phase0,P2,"apps/api/migrations/0006 (truth_state CHECK, synthetic_consistency, confidence/uncertainty jsonb); packages/contracts/src/truth-state.ts; apps/api/migrations/0032 (kind observed/estimated/assumed/predicted/simulated, basis_truth_state); apps/api/migrations/0029 §4-§5 backtests/calibration; apps/api/test/int/phase5-twins.test.ts: E2 an EXTRACTED claim cannot ground an OBSERVED element; apps/api/test/int/phase4-acceptance.test.ts: D4 calibration; apps/api/src/intelligence/review/review.service.ts",Low confidence/abstention routes to review (B3); no contradiction detection or dispute adjudication workflow,
DP-22-006,V7,"22 Truth State, Confidence, and Uncertainty",55,"Production admission and continued operation SHALL require truth-state fixtures, contradiction cases, calibration evidence, synthetic-isolation tests, review sampling, and downstream propagation checks, bound to the exact contracts, schemas, code, data versions, policies, infrastructure, customer scope, deployment profile, and period under review.",V07-F005,data-platform,partial,passed:harness,merged,phase0,P2,"apps/api/migrations/0006 (truth_state CHECK, synthetic_consistency, confidence/uncertainty jsonb); packages/contracts/src/truth-state.ts; apps/api/migrations/0032 (kind observed/estimated/assumed/predicted/simulated, basis_truth_state); apps/api/migrations/0029 §4-§5 backtests/calibration; apps/api/test/int/phase5-twins.test.ts: E2 an EXTRACTED claim cannot ground an OBSERVED element; apps/api/test/int/phase4-acceptance.test.ts: D4 calibration; apps/api/src/intelligence/review/review.service.ts",No contradiction cases or review sampling,"Evidence is bound to the head SHA/digests of the local profile, not to a customer scope or period"
DP-23-001,V7,"23 Provenance, Lineage, and Chain of Custody",56,"The data-platform realization of Provenance, Lineage, and Chain of Custody SHALL maintain end-to-end evidence from source acquisition through every transformation, human judgment, model use, merge, product, export, and correction.",V07-F005,data-platform,implemented,passed:harness,merged,phase1,done,"apps/api/migrations/0022 §7 custody_events; apps/api/migrations/0023 §5 claim_lineage (byte offsets, retrieval and admission decision ids, mode); apps/api/migrations/0024 edges provenance; apps/api/migrations/0033 (implementation/environment digests); apps/api/src/observation/vault/evidence.service.ts (custody chain from stored rows only); apps/api/test/int/phase1-acceptance.test.ts: A2 chain of custody; apps/api/test/int/phase2-acceptance.test.ts: B1 every claim resolves back to the evidence bytes; apps/api/test/int/phase6-replay.test.ts",Export lineage does not exist (no export),
DP-23-002,V7,"23 Provenance, Lineage, and Chain of Custody",56,"Every production instance SHALL declare and continuously reconcile lineage event, input and output versions, actor, method, code, model, prompt, environment, time, policy, custody, quality, and evidence digest through versioned contracts, observed state, ownership, lineage, and audit evidence.",V07-F005,data-platform,implemented,passed:harness,merged,phase1,done,"apps/api/migrations/0022 §7 custody_events; apps/api/migrations/0023 §5 claim_lineage (byte offsets, retrieval and admission decision ids, mode); apps/api/migrations/0024 edges provenance; apps/api/migrations/0033 (implementation/environment digests); apps/api/src/observation/vault/evidence.service.ts (custody chain from stored rows only); apps/api/test/int/phase1-acceptance.test.ts: A2 chain of custody; apps/api/test/int/phase2-acceptance.test.ts: B1 every claim resolves back to the evidence bytes; apps/api/test/int/phase6-replay.test.ts",,
DP-23-003,V7,"23 Provenance, Lineage, and Chain of Custody",56,"The implementation SHALL enforce this authority boundary: lineage is canonical evidence and cannot be reconstructed only from mutable logs, filenames, table names, or post hoc explanation.",V07-F005,data-platform,implemented,passed:harness,merged,phase1,done,"apps/api/migrations/0022 §7 custody_events; apps/api/migrations/0023 §5 claim_lineage (byte offsets, retrieval and admission decision ids, mode); apps/api/migrations/0024 edges provenance; apps/api/migrations/0033 (implementation/environment digests); apps/api/src/observation/vault/evidence.service.ts (custody chain from stored rows only); apps/api/test/int/phase1-acceptance.test.ts: A2 chain of custody; apps/api/test/int/phase2-acceptance.test.ts: B1 every claim resolves back to the evidence bytes; apps/api/test/int/phase6-replay.test.ts",,
DP-23-004,V7,"23 Provenance, Lineage, and Chain of Custody",57,"SaaS, Private Cloud, and On-Premise SHALL preserve the same object, temporal, truth-state, provenance, policy, correction, export, failure, replay, and human-authority semantics for Provenance, Lineage, and Chain of Custody.",V07-F005,data-platform,missing,unverified,none,phase7,P7-D,"EXCEPTIONS.md: EXC-P0-004 (single deployment profile, local Compose); docker-compose.yml","Deliver Private Cloud and On-Premise profiles and run shared conformance fixtures for Provenance, Lineage, and Chain of Custody semantics across all three; only the local profile exists",Semantics of this chapter exist (or not) only in the local profile; parity across profiles is unclaimed (EXC-P0-004)
DP-23-005,V7,"23 Provenance, Lineage, and Chain of Custody",57,"When a material object, product, or decision input has incomplete lineage, broken custody, or unverifiable artifact identity, the platform SHALL mark the output unfit, block consequential use and export, preserve the gap, and recompute or adjudicate from verified inputs; it SHALL NOT infer complete, current, authorized, correct, reconciled, or recovered data state.",V07-F005,data-platform,partial,passed:harness,merged,phase1,done,"apps/api/migrations/0022 §7 custody_events; apps/api/migrations/0023 §5 claim_lineage (byte offsets, retrieval and admission decision ids, mode); apps/api/migrations/0024 edges provenance; apps/api/migrations/0033 (implementation/environment digests); apps/api/src/observation/vault/evidence.service.ts (custody chain from stored rows only); apps/api/test/int/phase1-acceptance.test.ts: A2 chain of custody; apps/api/test/int/phase2-acceptance.test.ts: B1 every claim resolves back to the evidence bytes; apps/api/test/int/phase6-replay.test.ts","Unfit marking exists for twin versions (unverified by event) and replay availability; no generic ""unfit"" flag on products",
DP-23-006,V7,"23 Provenance, Lineage, and Chain of Custody",57,"Production admission and continued operation SHALL require lineage closure queries, digest verification, custody transfer exercises, model and human attribution, export lineage, and historical reconstruction, bound to the exact contracts, schemas, code, data versions, policies, infrastructure, customer scope, deployment profile, and period under review.",V07-F005,data-platform,partial,passed:harness,merged,phase1,done,"apps/api/migrations/0022 §7 custody_events; apps/api/migrations/0023 §5 claim_lineage (byte offsets, retrieval and admission decision ids, mode); apps/api/migrations/0024 edges provenance; apps/api/migrations/0033 (implementation/environment digests); apps/api/src/observation/vault/evidence.service.ts (custody chain from stored rows only); apps/api/test/int/phase1-acceptance.test.ts: A2 chain of custody; apps/api/test/int/phase2-acceptance.test.ts: B1 every claim resolves back to the evidence bytes; apps/api/test/int/phase6-replay.test.ts",Custody transfer exercises and export lineage absent,"Evidence is bound to the head SHA/digests of the local profile, not to a customer scope or period"
DP-24-001,V7,"24 Correction, Withdrawal, Supersession, and Reconciliation",58,"The data-platform realization of Correction, Withdrawal, Supersession, and Reconciliation SHALL apply non-destructive corrections and withdrawals across canonical objects, projections, products, models, warnings, decisions, exports, and historical reconstruction.",V07-F006,data-platform,partial,passed:harness,merged,phase1,P3,"apps/api/src/objects/objects.service.ts (correction_of, non-destructive); apps/api/src/observation/corrections/corrections.service.ts; apps/api/migrations/0025-0027 (truncation, evidence-triggered invalidation, case coverage); apps/api/src/graph/strategy/impact.service.ts (operator-initiated walk); apps/api/migrations/0030 prediction corrections; apps/api/migrations/0034 twin reconciliations; apps/api/test/int/phase1-acceptance.test.ts: A8; apps/api/test/int/phase3-corrections.test.ts: F4/G4/G5; apps/api/test/int/phase5-propagation.test.ts: E7; PHASE5_REPORT.md: CorrectionApplied consumer deferred",Propagation is operator-initiated: the automatic CorrectionApplied consumer is deliberately NOT implemented (deferred since Phase 3); exports/products do not exist to amend,"Keep visible: the deferred CorrectionApplied consumer (PHASE5_REPORT.md, PHASE6_BUILD_PLAN.md F6) — awaiting cases listed at graph/impact/awaiting"
DP-24-002,V7,"24 Correction, Withdrawal, Supersession, and Reconciliation",58,"Every production instance SHALL declare and continuously reconcile correction identity, authority, target versions, reason, effective time, replacement, impacted graph, propagation state, consumer acknowledgement, and closure through versioned contracts, observed state, ownership, lineage, and audit evidence.",V07-F006,data-platform,partial,passed:harness,merged,phase1,P3,"apps/api/src/objects/objects.service.ts (correction_of, non-destructive); apps/api/src/observation/corrections/corrections.service.ts; apps/api/migrations/0025-0027 (truncation, evidence-triggered invalidation, case coverage); apps/api/src/graph/strategy/impact.service.ts (operator-initiated walk); apps/api/migrations/0030 prediction corrections; apps/api/migrations/0034 twin reconciliations; apps/api/test/int/phase1-acceptance.test.ts: A8; apps/api/test/int/phase3-corrections.test.ts: F4/G4/G5; apps/api/test/int/phase5-propagation.test.ts: E7; PHASE5_REPORT.md: CorrectionApplied consumer deferred",Consumer acknowledgement and closure are recorded per graph case only; no per-consumer acknowledgement,"Keep visible: the deferred CorrectionApplied consumer (PHASE5_REPORT.md, PHASE6_BUILD_PLAN.md F6) — awaiting cases listed at graph/impact/awaiting"
DP-24-003,V7,"24 Correction, Withdrawal, Supersession, and Reconciliation",59,The implementation SHALL enforce this authority boundary: correction does not erase what was previously observed or decided; historical views retain the exact state of knowledge and later amendment.,V07-F006,data-platform,implemented,passed:harness,merged,phase1,done,"apps/api/src/objects/objects.service.ts (correction_of, non-destructive); apps/api/src/observation/corrections/corrections.service.ts; apps/api/migrations/0025-0027 (truncation, evidence-triggered invalidation, case coverage); apps/api/src/graph/strategy/impact.service.ts (operator-initiated walk); apps/api/migrations/0030 prediction corrections; apps/api/migrations/0034 twin reconciliations; apps/api/test/int/phase1-acceptance.test.ts: A8; apps/api/test/int/phase3-corrections.test.ts: F4/G4/G5; apps/api/test/int/phase5-propagation.test.ts: E7; PHASE5_REPORT.md: CorrectionApplied consumer deferred",,"Keep visible: the deferred CorrectionApplied consumer (PHASE5_REPORT.md, PHASE6_BUILD_PLAN.md F6) — awaiting cases listed at graph/impact/awaiting"
DP-24-004,V7,"24 Correction, Withdrawal, Supersession, and Reconciliation",59,"SaaS, Private Cloud, and On-Premise SHALL preserve the same object, temporal, truth-state, provenance, policy, correction, export, failure, replay, and human-authority semantics for Correction, Withdrawal, Supersession, and Reconciliation.",V07-F006,data-platform,missing,unverified,none,phase7,P7-D,"EXCEPTIONS.md: EXC-P0-004 (single deployment profile, local Compose); docker-compose.yml","Deliver Private Cloud and On-Premise profiles and run shared conformance fixtures for Correction, Withdrawal, Supersession, and Reconciliation semantics across all three; only the local profile exists",Semantics of this chapter exist (or not) only in the local profile; parity across profiles is unclaimed (EXC-P0-004)
DP-24-005,V7,"24 Correction, Withdrawal, Supersession, and Reconciliation",59,"When impact scope is unknown, propagation is partial, a consumer cannot reconcile, or a withdrawn object remains decision-active, the platform SHALL freeze affected publication, expose impact, quarantine stale derivatives, replay from the corrected boundary, and obtain closure from material consumers; it SHALL NOT infer complete, current, authorized, correct, reconciled, or recovered data state.",V07-F006,data-platform,partial,passed:harness,merged,phase1,P3,"apps/api/src/objects/objects.service.ts (correction_of, non-destructive); apps/api/src/observation/corrections/corrections.service.ts; apps/api/migrations/0025-0027 (truncation, evidence-triggered invalidation, case coverage); apps/api/src/graph/strategy/impact.service.ts (operator-initiated walk); apps/api/migrations/0030 prediction corrections; apps/api/migrations/0034 twin reconciliations; apps/api/test/int/phase1-acceptance.test.ts: A8; apps/api/test/int/phase3-corrections.test.ts: F4/G4/G5; apps/api/test/int/phase5-propagation.test.ts: E7; PHASE5_REPORT.md: CorrectionApplied consumer deferred","Freezing affected publication is manual (warnings fold fail-closed); stale derivatives are marked unverified, not quarantined","Keep visible: the deferred CorrectionApplied consumer (PHASE5_REPORT.md, PHASE6_BUILD_PLAN.md F6) — awaiting cases listed at graph/impact/awaiting"
DP-24-006,V7,"24 Correction, Withdrawal, Supersession, and Reconciliation",59,"Production admission and continued operation SHALL require correction fan-out tests, projection rebuild, consumer acknowledgement, export amendment, decision-impact analysis, and reconciliation audit, bound to the exact contracts, schemas, code, data versions, policies, infrastructure, customer scope, deployment profile, and period under review.",V07-F006,data-platform,partial,passed:harness,merged,phase1,P3,"apps/api/src/objects/objects.service.ts (correction_of, non-destructive); apps/api/src/observation/corrections/corrections.service.ts; apps/api/migrations/0025-0027 (truncation, evidence-triggered invalidation, case coverage); apps/api/src/graph/strategy/impact.service.ts (operator-initiated walk); apps/api/migrations/0030 prediction corrections; apps/api/migrations/0034 twin reconciliations; apps/api/test/int/phase1-acceptance.test.ts: A8; apps/api/test/int/phase3-corrections.test.ts: F4/G4/G5; apps/api/test/int/phase5-propagation.test.ts: E7; PHASE5_REPORT.md: CorrectionApplied consumer deferred",Export amendment and consumer acknowledgement absent,"Keep visible: the deferred CorrectionApplied consumer (PHASE5_REPORT.md, PHASE6_BUILD_PLAN.md F6) — awaiting cases listed at graph/impact/awaiting; Evidence is bound to the head SHA/digests of the local profile, not to a customer scope or period"
DP-25-001,V7,25 Data Storage Architecture and State Tiers,61,"The data-platform realization of Data Storage Architecture and State Tiers SHALL map each governed data asset to an authority, consistency, durability, locality, protection, access, lifecycle, and recovery class before selecting technology.",V07-F007,infrastructure,partial,unverified,merged,phase0,P7-D,apps/api/migrations (event logs vs rebuildable projections per schema); apps/api/src/observation/vault/vault.service.ts (two separate roots); docker-compose.yml (eye-pgdata volume); EXCEPTIONS.md EXC-P1-002 (evidence vault on local Docker volumes),State classes are implicit (append-only evidence logs vs projections vs control state); no state-class registry mapping assets to durability/locality/protection/recovery classes,
DP-25-002,V7,25 Data Storage Architecture and State Tiers,61,"Every production instance SHALL declare and continuously reconcile state class, authority owner, storage tier, consistency, partitioning, replication, residency, encryption, retention, RPO, RTO, and rebuild basis through versioned contracts, observed state, ownership, lineage, and audit evidence.",V07-F007,infrastructure,missing,unverified,none,phase7,P7-D,apps/api/migrations (event logs vs rebuildable projections per schema); apps/api/src/observation/vault/vault.service.ts (two separate roots); docker-compose.yml (eye-pgdata volume); EXCEPTIONS.md EXC-P1-002 (evidence vault on local Docker volumes),No RPO/RTO/replication/encryption/residency declarations per store,
DP-25-003,V7,25 Data Storage Architecture and State Tiers,61,"The implementation SHALL enforce this authority boundary: storage products implement state contracts; no engine, bucket, table, topic, or index owns strategic meaning by deployment convention.",V07-F007,infrastructure,implemented,passed:harness,merged,phase0,done,apps/api/migrations (event logs vs rebuildable projections per schema); apps/api/src/observation/vault/vault.service.ts (two separate roots); docker-compose.yml (eye-pgdata volume); EXCEPTIONS.md EXC-P1-002 (evidence vault on local Docker volumes),,
DP-25-004,V7,25 Data Storage Architecture and State Tiers,61,"SaaS, Private Cloud, and On-Premise SHALL preserve the same object, temporal, truth-state, provenance, policy, correction, export, failure, replay, and human-authority semantics for Data Storage Architecture and State Tiers.",V07-F007,infrastructure,missing,unverified,none,phase7,P7-D,"EXCEPTIONS.md: EXC-P0-004 (single deployment profile, local Compose); docker-compose.yml",Deliver Private Cloud and On-Premise profiles and run shared conformance fixtures for Data Storage Architecture and State Tiers semantics across all three; only the local profile exists,Semantics of this chapter exist (or not) only in the local profile; parity across profiles is unclaimed (EXC-P0-004)
DP-25-005,V7,25 Data Storage Architecture and State Tiers,62,"When a state class is unresolved, incompatible with its store, or cannot meet locality, durability, consistency, or recovery obligations, the platform SHALL deny placement or publication, preserve authoritative copies, expose degraded capability, and migrate only through a verified state plan; it SHALL NOT infer complete, current, authorized, correct, reconciled, or recovered data state.",V07-F007,infrastructure,missing,unverified,none,phase7,P7-D,apps/api/migrations (event logs vs rebuildable projections per schema); apps/api/src/observation/vault/vault.service.ts (two separate roots); docker-compose.yml (eye-pgdata volume); EXCEPTIONS.md EXC-P1-002 (evidence vault on local Docker volumes),No placement denial or migration plan,
DP-25-006,V7,25 Data Storage Architecture and State Tiers,62,"Production admission and continued operation SHALL require state-class registry, technology qualification, consistency and failure tests, locality proof, restore exercises, and customer acceptance, bound to the exact contracts, schemas, code, data versions, policies, infrastructure, customer scope, deployment profile, and period under review.",V07-F007,infrastructure,missing,unverified,none,phase7,P7-D,apps/api/migrations (event logs vs rebuildable projections per schema); apps/api/src/observation/vault/vault.service.ts (two separate roots); docker-compose.yml (eye-pgdata volume); EXCEPTIONS.md EXC-P1-002 (evidence vault on local Docker volumes),No restore exercises or technology qualification,
DP-26-001,V7,26 Lakehouse and Analytical Storage,63,"The data-platform realization of Lakehouse and Analytical Storage SHALL provide governed open analytical storage for raw, standardized, curated, feature, evaluation, and product- ready datasets with transactional metadata and reproducible snapshots.",V07-F007,infrastructure,missing,unverified,none,phase7,P7-D,No lakehouse/open-table storage in the repository (grep: no parquet/iceberg/delta); PostgreSQL is the only store (docker-compose.yml),"No analytical storage, open formats, snapshots or transactional metadata; ADR-P0-01 chose PostgreSQL as primary store",DADR-009 open analytical formats unmet by the same absence
DP-26-002,V7,26 Lakehouse and Analytical Storage,63,"Every production instance SHALL declare and continuously reconcile catalog namespace, table or dataset identity, schema, partition, snapshot, manifest, owner, quality, policy, lineage, compaction, and retention state through versioned contracts, observed state, ownership, lineage, and audit evidence.",V07-F007,infrastructure,missing,unverified,none,phase7,P7-D,No lakehouse/open-table storage in the repository (grep: no parquet/iceberg/delta); PostgreSQL is the only store (docker-compose.yml),"No analytical storage, open formats, snapshots or transactional metadata; ADR-P0-01 chose PostgreSQL as primary store",DADR-009 open analytical formats unmet by the same absence
DP-26-003,V7,26 Lakehouse and Analytical Storage,63,"The implementation SHALL enforce this authority boundary: analytical convenience may not weaken tenant isolation, open export, temporal truth, record-level policy, correction, or canonical state ownership.",V07-F007,infrastructure,missing,unverified,none,phase7,P7-D,No lakehouse/open-table storage in the repository (grep: no parquet/iceberg/delta); PostgreSQL is the only store (docker-compose.yml),"No analytical storage, open formats, snapshots or transactional metadata; ADR-P0-01 chose PostgreSQL as primary store",DADR-009 open analytical formats unmet by the same absence
DP-26-004,V7,26 Lakehouse and Analytical Storage,64,"SaaS, Private Cloud, and On-Premise SHALL preserve the same object, temporal, truth-state, provenance, policy, correction, export, failure, replay, and human-authority semantics for Lakehouse and Analytical Storage.",V07-F007,infrastructure,missing,unverified,none,phase7,P7-D,"EXCEPTIONS.md: EXC-P0-004 (single deployment profile, local Compose); docker-compose.yml",Deliver Private Cloud and On-Premise profiles and run shared conformance fixtures for Lakehouse and Analytical Storage semantics across all three; only the local profile exists,Semantics of this chapter exist (or not) only in the local profile; parity across profiles is unclaimed (EXC-P0-004)
DP-26-005,V7,26 Lakehouse and Analytical Storage,64,"When metadata and files diverge, a snapshot is corrupt, compaction loses history, or concurrent writes violate the table contract, the platform SHALL fence writers, preserve the last consistent snapshot, isolate suspect files, repair from transaction history, and reconcile downstream products; it SHALL NOT infer complete, current, authorized, correct, reconciled, or recovered data state.",V07-F007,infrastructure,missing,unverified,none,phase7,P7-D,No lakehouse/open-table storage in the repository (grep: no parquet/iceberg/delta); PostgreSQL is the only store (docker-compose.yml),"No analytical storage, open formats, snapshots or transactional metadata; ADR-P0-01 chose PostgreSQL as primary store",DADR-009 open analytical formats unmet by the same absence
DP-26-006,V7,26 Lakehouse and Analytical Storage,64,"Production admission and continued operation SHALL require transaction and concurrency tests, snapshot time travel, schema evolution, compaction recovery, open-format portability, and scale benchmarks, bound to the exact contracts, schemas, code, data versions, policies, infrastructure, customer scope, deployment profile, and period under review.",V07-F007,infrastructure,missing,unverified,none,phase7,P7-D,No lakehouse/open-table storage in the repository (grep: no parquet/iceberg/delta); PostgreSQL is the only store (docker-compose.yml),"No analytical storage, open formats, snapshots or transactional metadata; ADR-P0-01 chose PostgreSQL as primary store",DADR-009 open analytical formats unmet by the same absence
DP-27-001,V7,27 Transactional and Operational Data Stores,65,"The data-platform realization of Transactional and Operational Data Stores SHALL host consistency-sensitive registries, workflows, policies, identities, cases, and lifecycle state behind singular service ownership.",V07-F007,infrastructure,implemented,passed:harness,merged,phase0,done,"apps/api/migrations/0001_roles_and_schemas.sql (privilege-separated roles); apps/api/migrations/0009, 0011, 0013 (SECURITY DEFINER ports, operation closure); apps/api/migrations/0004 audit append-only; RLS on every table (FORCE); apps/api/test/int/audit-chain.test.ts: exact privilege boundary; apps/api/test/int/gate22-operation-closure.test.ts: C1; apps/api/test/int/gate22-inertness-integrity.test.ts: C14; apps/api/test/int/domain-isolation.test.ts",,
DP-27-002,V7,27 Transactional and Operational Data Stores,65,"Every production instance SHALL declare and continuously reconcile database identity, owning service, schema version, transaction boundary, consistency, partition, replica, migration, backup, and health state through versioned contracts, observed state, ownership, lineage, and audit evidence.",V07-F007,infrastructure,partial,passed:ci,merged,phase0,P7-D,"apps/api/migrations/0001_roles_and_schemas.sql (privilege-separated roles); apps/api/migrations/0009, 0011, 0013 (SECURITY DEFINER ports, operation closure); apps/api/migrations/0004 audit append-only; RLS on every table (FORCE); apps/api/test/int/audit-chain.test.ts: exact privilege boundary; apps/api/test/int/gate22-operation-closure.test.ts: C1; apps/api/test/int/gate22-inertness-integrity.test.ts: C14; apps/api/test/int/domain-isolation.test.ts","Replica, backup and health state are not declared (single Postgres, no replica)",
DP-27-003,V7,27 Transactional and Operational Data Stores,65,"The implementation SHALL enforce this authority boundary: cross-service direct writes, shared-table ownership, unmanaged triggers, and application-side authority bypass are prohibited.",V07-F007,infrastructure,implemented,passed:harness,merged,phase0,done,"apps/api/migrations/0001_roles_and_schemas.sql (privilege-separated roles); apps/api/migrations/0009, 0011, 0013 (SECURITY DEFINER ports, operation closure); apps/api/migrations/0004 audit append-only; RLS on every table (FORCE); apps/api/test/int/audit-chain.test.ts: exact privilege boundary; apps/api/test/int/gate22-operation-closure.test.ts: C1; apps/api/test/int/gate22-inertness-integrity.test.ts: C14; apps/api/test/int/domain-isolation.test.ts",,
DP-27-004,V7,27 Transactional and Operational Data Stores,66,"SaaS, Private Cloud, and On-Premise SHALL preserve the same object, temporal, truth-state, provenance, policy, correction, export, failure, replay, and human-authority semantics for Transactional and Operational Data Stores.",V07-F007,infrastructure,missing,unverified,none,phase7,P7-D,"EXCEPTIONS.md: EXC-P0-004 (single deployment profile, local Compose); docker-compose.yml",Deliver Private Cloud and On-Premise profiles and run shared conformance fixtures for Transactional and Operational Data Stores semantics across all three; only the local profile exists,Semantics of this chapter exist (or not) only in the local profile; parity across profiles is unclaimed (EXC-P0-004)
DP-27-005,V7,27 Transactional and Operational Data Stores,66,"When quorum, ownership, migration, replication, or transaction integrity becomes uncertain, the platform SHALL fence unsafe writers, enter the declared restricted mode, restore a consistent owner, and reconcile replicas and consumers before reopening; it SHALL NOT infer complete, current, authorized, correct, reconciled, or recovered data state.",V07-F007,infrastructure,partial,passed:harness,merged,phase0,P7-D,"apps/api/migrations/0001_roles_and_schemas.sql (privilege-separated roles); apps/api/migrations/0009, 0011, 0013 (SECURITY DEFINER ports, operation closure); apps/api/migrations/0004 audit append-only; RLS on every table (FORCE); apps/api/test/int/audit-chain.test.ts: exact privilege boundary; apps/api/test/int/gate22-operation-closure.test.ts: C1; apps/api/test/int/gate22-inertness-integrity.test.ts: C14; apps/api/test/int/domain-isolation.test.ts",Audit unavailability enters fail-closed degraded mode with governed reconciliation (C9); no quorum/fencing/failover for the database itself,
DP-27-006,V7,27 Transactional and Operational Data Stores,66,"Production admission and continued operation SHALL require transaction isolation, failover, fencing, migration, point-in-time restore, replica lag, and ownership negative tests, bound to the exact contracts, schemas, code, data versions, policies, infrastructure, customer scope, deployment profile, and period under review.",V07-F007,infrastructure,partial,passed:harness,merged,phase0,P7-D,"apps/api/migrations/0001_roles_and_schemas.sql (privilege-separated roles); apps/api/migrations/0009, 0011, 0013 (SECURITY DEFINER ports, operation closure); apps/api/migrations/0004 audit append-only; RLS on every table (FORCE); apps/api/test/int/audit-chain.test.ts: exact privilege boundary; apps/api/test/int/gate22-operation-closure.test.ts: C1; apps/api/test/int/gate22-inertness-integrity.test.ts: C14; apps/api/test/int/domain-isolation.test.ts","No failover, point-in-time restore or replica-lag tests","Evidence is bound to the head SHA/digests of the local profile, not to a customer scope or period"
DP-28-001,V7,"28 Object, Evidence, and Archive Storage",67,"The data-platform realization of Object, Evidence, and Archive Storage SHALL preserve immutable source evidence, documents, media, large artifacts, exports, archives, and custody packages with integrity and lifecycle controls.",V07-F007,infrastructure,partial,passed:harness,merged,phase1,P7-D,"apps/api/migrations/0022 §6 blob_manifests (digest, classification, residency, retention_profile, legal_hold), blob_tombstones; apps/api/src/observation/vault/vault.service.ts (digest verified pre-store, post-store, every read); apps/api/test/int/phase1-acceptance.test.ts: A7 vault; apps/api/test/int/phase6-scheduled-corrections.test.ts: GOVERNED-DELETED bytes are not reused; EXCEPTIONS.md EXC-P1-002","Evidence objects immutable with custody; no archive tier, replication, encryption keys or export packages; vault is a local filesystem (EXC-P1-002)",
DP-28-002,V7,"28 Object, Evidence, and Archive Storage",67,"Every production instance SHALL declare and continuously reconcile object identity, version, digest, source, custody, classification, encryption key, locality, retention, legal hold, replication, and restore state through versioned contracts, observed state, ownership, lineage, and audit evidence.",V07-F007,infrastructure,partial,passed:harness,merged,phase1,P7-D,"apps/api/migrations/0022 §6 blob_manifests (digest, classification, residency, retention_profile, legal_hold), blob_tombstones; apps/api/src/observation/vault/vault.service.ts (digest verified pre-store, post-store, every read); apps/api/test/int/phase1-acceptance.test.ts: A7 vault; apps/api/test/int/phase6-scheduled-corrections.test.ts: GOVERNED-DELETED bytes are not reused; EXCEPTIONS.md EXC-P1-002","encryption key, replication and restore state are absent; legal_hold/retention are stored but never acted on",
DP-28-003,V7,"28 Object, Evidence, and Archive Storage",67,"The implementation SHALL enforce this authority boundary: object immutability protects evidence history but does not prevent governed correction, tombstone, retention, deletion, or supersession metadata.",V07-F007,infrastructure,implemented,passed:harness,merged,phase1,done,"apps/api/migrations/0022 §6 blob_manifests (digest, classification, residency, retention_profile, legal_hold), blob_tombstones; apps/api/src/observation/vault/vault.service.ts (digest verified pre-store, post-store, every read); apps/api/test/int/phase1-acceptance.test.ts: A7 vault; apps/api/test/int/phase6-scheduled-corrections.test.ts: GOVERNED-DELETED bytes are not reused; EXCEPTIONS.md EXC-P1-002",,
DP-28-004,V7,"28 Object, Evidence, and Archive Storage",68,"SaaS, Private Cloud, and On-Premise SHALL preserve the same object, temporal, truth-state, provenance, policy, correction, export, failure, replay, and human-authority semantics for Object, Evidence, and Archive Storage.",V07-F007,infrastructure,missing,unverified,none,phase7,P7-D,"EXCEPTIONS.md: EXC-P0-004 (single deployment profile, local Compose); docker-compose.yml","Deliver Private Cloud and On-Premise profiles and run shared conformance fixtures for Object, Evidence, and Archive Storage semantics across all three; only the local profile exists",Semantics of this chapter exist (or not) only in the local profile; parity across profiles is unclaimed (EXC-P0-004)
DP-28-005,V7,"28 Object, Evidence, and Archive Storage",68,"When an object is missing, corrupt, misclassified, outside residency, or referenced by metadata that cannot prove byte integrity, the platform SHALL quarantine the reference, protect remaining replicas, stop dependent publication, recover from verified copies, and preserve the integrity incident; it SHALL NOT infer complete, current, authorized, correct, reconciled, or recovered data state.",V07-F007,infrastructure,partial,passed:harness,merged,phase1,P7-D,"apps/api/migrations/0022 §6 blob_manifests (digest, classification, residency, retention_profile, legal_hold), blob_tombstones; apps/api/src/observation/vault/vault.service.ts (digest verified pre-store, post-store, every read); apps/api/test/int/phase1-acceptance.test.ts: A7 vault; apps/api/test/int/phase6-scheduled-corrections.test.ts: GOVERNED-DELETED bytes are not reused; EXCEPTIONS.md EXC-P1-002",Missing/corrupt objects fail closed with an integrity incident; no recovery from verified copies (no replicas),
DP-28-006,V7,"28 Object, Evidence, and Archive Storage",68,"Production admission and continued operation SHALL require digest and custody verification, immutability controls, large-object restore, legal hold, locality, deletion, and archive retrieval exercises, bound to the exact contracts, schemas, code, data versions, policies, infrastructure, customer scope, deployment profile, and period under review.",V07-F007,infrastructure,partial,passed:harness,merged,phase1,P7-D,"apps/api/migrations/0022 §6 blob_manifests (digest, classification, residency, retention_profile, legal_hold), blob_tombstones; apps/api/src/observation/vault/vault.service.ts (digest verified pre-store, post-store, every read); apps/api/test/int/phase1-acceptance.test.ts: A7 vault; apps/api/test/int/phase6-scheduled-corrections.test.ts: GOVERNED-DELETED bytes are not reused; EXCEPTIONS.md EXC-P1-002","No large-object restore, legal hold, locality or archive retrieval exercises","Evidence is bound to the head SHA/digests of the local profile, not to a customer scope or period"
DP-29-001,V7,29 Event Streaming and Durable Messaging,69,"The data-platform realization of Event Streaming and Durable Messaging SHALL carry data changes, domain events, work, corrections, quality signals, and lifecycle notifications through explicit delivery, ordering, replay, and retention semantics.",V07-F008,infrastructure,partial,passed:harness,merged,phase0,P7-D,"apps/api/migrations/0006 objects.object_outbox; apps/api/migrations/0015 (bounded lease, retry budget 10, dead_letter); apps/api/src/objects/outbox.publisher.ts (BullMQ domain-events, idempotent job ids); apps/api/test/int/gate22-outbox-hardening.test.ts: C7; apps/api/test/int/phase1-fault-injection.test.ts: F31/F32/F33 outbox rows are the durable record; apps/api/test/int/phase1-acceptance.test.ts: an OUTBOX row never carries a scope outside the operation","Outbox + BullMQ queue gives at-least-once work delivery with dead-letter; no ordered, replayable, retained event stream and no registered consumers (the only intended consumer, CorrectionApplied, is deferred)",
DP-29-002,V7,29 Event Streaming and Durable Messaging,69,"Every production instance SHALL declare and continuously reconcile topic or queue identity, producer, consumer, schema, partition key, delivery mode, acknowledgement, offset, retention, dead letter, and replay state through versioned contracts, observed state, ownership, lineage, and audit evidence.",V07-F008,infrastructure,partial,passed:harness,merged,phase0,P7-D,"apps/api/migrations/0006 objects.object_outbox; apps/api/migrations/0015 (bounded lease, retry budget 10, dead_letter); apps/api/src/objects/outbox.publisher.ts (BullMQ domain-events, idempotent job ids); apps/api/test/int/gate22-outbox-hardening.test.ts: C7; apps/api/test/int/phase1-fault-injection.test.ts: F31/F32/F33 outbox rows are the durable record; apps/api/test/int/phase1-acceptance.test.ts: an OUTBOX row never carries a scope outside the operation","Consumer, offset and replay state are not modelled; Redis is transport only",
DP-29-003,V7,29 Event Streaming and Durable Messaging,69,"The implementation SHALL enforce this authority boundary: message delivery does not prove business commitment, canonical admission, exactly-once institutional effect, or human approval.",V07-F008,infrastructure,implemented,passed:harness,merged,phase0,done,"apps/api/migrations/0006 objects.object_outbox; apps/api/migrations/0015 (bounded lease, retry budget 10, dead_letter); apps/api/src/objects/outbox.publisher.ts (BullMQ domain-events, idempotent job ids); apps/api/test/int/gate22-outbox-hardening.test.ts: C7; apps/api/test/int/phase1-fault-injection.test.ts: F31/F32/F33 outbox rows are the durable record; apps/api/test/int/phase1-acceptance.test.ts: an OUTBOX row never carries a scope outside the operation",,
DP-29-004,V7,29 Event Streaming and Durable Messaging,69,"SaaS, Private Cloud, and On-Premise SHALL preserve the same object, temporal, truth-state, provenance, policy, correction, export, failure, replay, and human-authority semantics for Event Streaming and Durable Messaging.",V07-F008,infrastructure,missing,unverified,none,phase7,P7-D,"EXCEPTIONS.md: EXC-P0-004 (single deployment profile, local Compose); docker-compose.yml",Deliver Private Cloud and On-Premise profiles and run shared conformance fixtures for Event Streaming and Durable Messaging semantics across all three; only the local profile exists,Semantics of this chapter exist (or not) only in the local profile; parity across profiles is unclaimed (EXC-P0-004)
DP-29-005,V7,29 Event Streaming and Durable Messaging,70,"When brokers lose quorum, consumers fall behind, poison messages recur, ordering breaks, or replay would duplicate external effects, the platform SHALL apply backpressure, isolate poison data, preserve offsets, stop unsafe consumers, replay idempotently, and reconcile canonical effects; it SHALL NOT infer complete, current, authorized, correct, reconciled, or recovered data state.",V07-F008,infrastructure,partial,passed:harness,merged,phase0,P7-D,"apps/api/migrations/0006 objects.object_outbox; apps/api/migrations/0015 (bounded lease, retry budget 10, dead_letter); apps/api/src/objects/outbox.publisher.ts (BullMQ domain-events, idempotent job ids); apps/api/test/int/gate22-outbox-hardening.test.ts: C7; apps/api/test/int/phase1-fault-injection.test.ts: F31/F32/F33 outbox rows are the durable record; apps/api/test/int/phase1-acceptance.test.ts: an OUTBOX row never carries a scope outside the operation","Poison rows dead-letter after 10 leases; no broker failover, consumer lag or replay-of-external-effects handling",
DP-29-006,V7,29 Event Streaming and Durable Messaging,70,"Production admission and continued operation SHALL require delivery and ordering fixtures, broker failover, consumer recovery, dead-letter governance, replay, idempotency, and effect reconciliation, bound to the exact contracts, schemas, code, data versions, policies, infrastructure, customer scope, deployment profile, and period under review.",V07-F008,infrastructure,partial,passed:harness,merged,phase0,P7-D,"apps/api/migrations/0006 objects.object_outbox; apps/api/migrations/0015 (bounded lease, retry budget 10, dead_letter); apps/api/src/objects/outbox.publisher.ts (BullMQ domain-events, idempotent job ids); apps/api/test/int/gate22-outbox-hardening.test.ts: C7; apps/api/test/int/phase1-fault-injection.test.ts: F31/F32/F33 outbox rows are the durable record; apps/api/test/int/phase1-acceptance.test.ts: an OUTBOX row never carries a scope outside the operation",No broker failover or consumer recovery fixtures,"Evidence is bound to the head SHA/digests of the local profile, not to a customer scope or period"
DP-30-001,V7,30 Batch Processing and Orchestration,71,"The data-platform realization of Batch Processing and Orchestration SHALL execute reproducible bounded transformations, backfills, graph loads, feature builds, evaluations, indexing, exports, and lifecycle operations.",V07-F008,data-platform,partial,passed:harness,merged,phase1,P7-D,"apps/api/src/observation/scheduling/scheduler.service.ts; apps/api/src/observation/scheduling/collection-worker.service.ts; apps/api/migrations/0038-0040 scheduled_attempts; apps/api/migrations/0028 declared backfill; apps/api/migrations/0022 §12 connector_checkpoints; apps/api/src/intelligence/extraction/extraction.service.ts (run identity, budgets); rebuild ports observation/intelligence/graph/prediction/twin/simulation/decision.rebuild_projections; apps/api/test/int/phase4-acceptance.test.ts: P4-M0a backfill checkpointing; apps/api/test/int/phase6-scheduled-collection.test.ts","Bounded jobs exist for collection, backfill, extraction, simulation and projection rebuild; no general pipeline manifest, feature builds, indexing or export jobs",Scheduled execution is branch-only (0038-0040)
DP-30-002,V7,30 Batch Processing and Orchestration,71,"Every production instance SHALL declare and continuously reconcile job identity, pipeline version, input snapshot, partitions, code and configuration, policy, resources, checkpoints, outputs, metrics, and terminal state through versioned contracts, observed state, ownership, lineage, and audit evidence.",V07-F008,data-platform,partial,passed:harness,merged,phase1,P7-D,"apps/api/src/observation/scheduling/scheduler.service.ts; apps/api/src/observation/scheduling/collection-worker.service.ts; apps/api/migrations/0038-0040 scheduled_attempts; apps/api/migrations/0028 declared backfill; apps/api/migrations/0022 §12 connector_checkpoints; apps/api/src/intelligence/extraction/extraction.service.ts (run identity, budgets); rebuild ports observation/intelligence/graph/prediction/twin/simulation/decision.rebuild_projections; apps/api/test/int/phase4-acceptance.test.ts: P4-M0a backfill checkpointing; apps/api/test/int/phase6-scheduled-collection.test.ts","No pipeline manifest (Appendix I) binding input snapshot, code, configuration and metrics per job",Scheduled execution is branch-only (0038-0040)
DP-30-003,V7,30 Batch Processing and Orchestration,71,"The implementation SHALL enforce this authority boundary: retries and parallel execution may not create duplicate authority, unbounded side effects, inconsistent partitions, or results without exact input lineage.",V07-F008,data-platform,implemented,passed:harness,merged,phase1,done,"apps/api/src/observation/scheduling/scheduler.service.ts; apps/api/src/observation/scheduling/collection-worker.service.ts; apps/api/migrations/0038-0040 scheduled_attempts; apps/api/migrations/0028 declared backfill; apps/api/migrations/0022 §12 connector_checkpoints; apps/api/src/intelligence/extraction/extraction.service.ts (run identity, budgets); rebuild ports observation/intelligence/graph/prediction/twin/simulation/decision.rebuild_projections; apps/api/test/int/phase4-acceptance.test.ts: P4-M0a backfill checkpointing; apps/api/test/int/phase6-scheduled-collection.test.ts",,Scheduled execution is branch-only (0038-0040)
DP-30-004,V7,30 Batch Processing and Orchestration,71,"SaaS, Private Cloud, and On-Premise SHALL preserve the same object, temporal, truth-state, provenance, policy, correction, export, failure, replay, and human-authority semantics for Batch Processing and Orchestration.",V07-F008,data-platform,missing,unverified,none,phase7,P7-D,"EXCEPTIONS.md: EXC-P0-004 (single deployment profile, local Compose); docker-compose.yml",Deliver Private Cloud and On-Premise profiles and run shared conformance fixtures for Batch Processing and Orchestration semantics across all three; only the local profile exists,Semantics of this chapter exist (or not) only in the local profile; parity across profiles is unclaimed (EXC-P0-004)
DP-30-005,V7,30 Batch Processing and Orchestration,72,"When a job partially commits, inputs change during execution, partitions diverge, or recovery cannot identify the last safe boundary, the platform SHALL stop publication, preserve checkpoints and partial outputs, roll back or resume idempotently, and reconcile complete scope before promotion; it SHALL NOT infer complete, current, authorized, correct, reconciled, or recovered data state.",V07-F008,data-platform,partial,passed:harness,merged,phase1,P7-D,"apps/api/src/observation/scheduling/scheduler.service.ts; apps/api/src/observation/scheduling/collection-worker.service.ts; apps/api/migrations/0038-0040 scheduled_attempts; apps/api/migrations/0028 declared backfill; apps/api/migrations/0022 §12 connector_checkpoints; apps/api/src/intelligence/extraction/extraction.service.ts (run identity, budgets); rebuild ports observation/intelligence/graph/prediction/twin/simulation/decision.rebuild_projections; apps/api/test/int/phase4-acceptance.test.ts: P4-M0a backfill checkpointing; apps/api/test/int/phase6-scheduled-collection.test.ts",Partial commits are impossible for collection (F-tests); partial outputs of other jobs are not preserved/reconciled generically,Scheduled execution is branch-only (0038-0040)
DP-30-006,V7,30 Batch Processing and Orchestration,72,"Production admission and continued operation SHALL require reproducibility, partition and skew tests, partial-commit recovery, backfill comparison, idempotency, cancellation, and lineage closure, bound to the exact contracts, schemas, code, data versions, policies, infrastructure, customer scope, deployment profile, and period under review.",V07-F008,data-platform,partial,passed:harness,merged,phase1,P7-D,"apps/api/src/observation/scheduling/scheduler.service.ts; apps/api/src/observation/scheduling/collection-worker.service.ts; apps/api/migrations/0038-0040 scheduled_attempts; apps/api/migrations/0028 declared backfill; apps/api/migrations/0022 §12 connector_checkpoints; apps/api/src/intelligence/extraction/extraction.service.ts (run identity, budgets); rebuild ports observation/intelligence/graph/prediction/twin/simulation/decision.rebuild_projections; apps/api/test/int/phase4-acceptance.test.ts: P4-M0a backfill checkpointing; apps/api/test/int/phase6-scheduled-collection.test.ts",No partition/skew or cancellation fixtures,"Scheduled execution is branch-only (0038-0040); Evidence is bound to the head SHA/digests of the local profile, not to a customer scope or period"
DP-31-001,V7,31 Stream Processing and Complex Event Handling,73,"The data-platform realization of Stream Processing and Complex Event Handling SHALL derive governed near-real-time signals, windows, patterns, weak signals, warnings, and material changes from ordered event streams.",V07-F008,prediction,missing,unverified,none,omission,P4,No stream processor; indicator evaluation is on-demand/batch (apps/api/migrations/0029 §6 indicator_evaluations); grep: no kafka/flink/window state,"No event-time windows, watermarks, CEP rules or near-real-time weak-signal derivation; warnings arise from batch indicator evaluation",Master build prompt scheduled early warnings (Phase 4) without a streaming substrate; stream/CEP was never scheduled
DP-31-002,V7,31 Stream Processing and Complex Event Handling,73,"Every production instance SHALL declare and continuously reconcile processor identity, topology version, source offsets, event-time windows, watermark, state, rules or models, outputs, checkpoints, and fitness through versioned contracts, observed state, ownership, lineage, and audit evidence.",V07-F008,prediction,missing,unverified,none,omission,P4,No stream processor; indicator evaluation is on-demand/batch (apps/api/migrations/0029 §6 indicator_evaluations); grep: no kafka/flink/window state,"No event-time windows, watermarks, CEP rules or near-real-time weak-signal derivation; warnings arise from batch indicator evaluation",Master build prompt scheduled early warnings (Phase 4) without a streaming substrate; stream/CEP was never scheduled
DP-31-003,V7,31 Stream Processing and Complex Event Handling,73,"The implementation SHALL enforce this authority boundary: low latency may not conceal late data, partial windows, state loss, duplicate emissions, model drift, or uncertainty in material signals.",V07-F008,prediction,missing,unverified,none,omission,P4,No stream processor; indicator evaluation is on-demand/batch (apps/api/migrations/0029 §6 indicator_evaluations); grep: no kafka/flink/window state,"No event-time windows, watermarks, CEP rules or near-real-time weak-signal derivation; warnings arise from batch indicator evaluation",Master build prompt scheduled early warnings (Phase 4) without a streaming substrate; stream/CEP was never scheduled
DP-31-004,V7,31 Stream Processing and Complex Event Handling,73,"SaaS, Private Cloud, and On-Premise SHALL preserve the same object, temporal, truth-state, provenance, policy, correction, export, failure, replay, and human-authority semantics for Stream Processing and Complex Event Handling.",V07-F008,prediction,missing,unverified,none,phase7,P7-D,"EXCEPTIONS.md: EXC-P0-004 (single deployment profile, local Compose); docker-compose.yml",Deliver Private Cloud and On-Premise profiles and run shared conformance fixtures for Stream Processing and Complex Event Handling semantics across all three; only the local profile exists,Semantics of this chapter exist (or not) only in the local profile; parity across profiles is unclaimed (EXC-P0-004)
DP-31-005,V7,31 Stream Processing and Complex Event Handling,74,"When watermarks stall, state corrupts, offsets diverge, output duplicates, or a rule or model is no longer fit, the platform SHALL suspend affected outputs, recover from a compatible checkpoint, replay within policy, retract invalid signals, and expose detection gaps; it SHALL NOT infer complete, current, authorized, correct, reconciled, or recovered data state.",V07-F008,prediction,missing,unverified,none,omission,P4,No stream processor; indicator evaluation is on-demand/batch (apps/api/migrations/0029 §6 indicator_evaluations); grep: no kafka/flink/window state,"No event-time windows, watermarks, CEP rules or near-real-time weak-signal derivation; warnings arise from batch indicator evaluation",Master build prompt scheduled early warnings (Phase 4) without a streaming substrate; stream/CEP was never scheduled
DP-31-006,V7,31 Stream Processing and Complex Event Handling,74,"Production admission and continued operation SHALL require late-event fixtures, state and checkpoint recovery, duplicate suppression, rule versioning, load tests, weak-signal evaluation, and retraction, bound to the exact contracts, schemas, code, data versions, policies, infrastructure, customer scope, deployment profile, and period under review.",V07-F008,prediction,missing,unverified,none,omission,P4,No stream processor; indicator evaluation is on-demand/batch (apps/api/migrations/0029 §6 indicator_evaluations); grep: no kafka/flink/window state,"No event-time windows, watermarks, CEP rules or near-real-time weak-signal derivation; warnings arise from batch indicator evaluation",Master build prompt scheduled early warnings (Phase 4) without a streaming substrate; stream/CEP was never scheduled
DP-32-001,V7,"32 Query, Caching, Materialization, and Projection",75,"The data-platform realization of Query, Caching, Materialization, and Projection SHALL serve policy-filtered operational, analytical, graph, search, and executive queries through rebuildable projections with explicit consistency and freshness.",V07-F008,data-platform,implemented,passed:harness,merged,phase0,done,rebuild_projections ports in apps/api/migrations/0022/0023/0024/0029/0032/0033/0041; observation.controller.ts /projections/verify; apps/api/test/int/phase1-acceptance.test.ts: A11 every projection rebuilds; apps/api/test/int/phase3-corrections.test.ts: H1 completeness across the graph responses; apps/api/test/int/phase4-acceptance.test.ts: D8; apps/api/src/graph/search/search.service.ts; PHASE4_REPORT.md §9 (series cache not invalidated on tombstone),,
DP-32-002,V7,"32 Query, Caching, Materialization, and Projection",75,"Every production instance SHALL declare and continuously reconcile query contract, authoritative source, projection definition, source revision, cache key, invalidation, consistency, freshness, policy, and rebuild state through versioned contracts, observed state, ownership, lineage, and audit evidence.",V07-F008,data-platform,partial,passed:harness,merged,phase0,P4,rebuild_projections ports in apps/api/migrations/0022/0023/0024/0029/0032/0033/0041; observation.controller.ts /projections/verify; apps/api/test/int/phase1-acceptance.test.ts: A11 every projection rebuilds; apps/api/test/int/phase3-corrections.test.ts: H1 completeness across the graph responses; apps/api/test/int/phase4-acceptance.test.ts: D8; apps/api/src/graph/search/search.service.ts; PHASE4_REPORT.md §9 (series cache not invalidated on tombstone),Cache keys/invalidation are declared only for the prediction series cache; freshness of projections is not exposed per query,
DP-32-003,V7,"32 Query, Caching, Materialization, and Projection",75,"The implementation SHALL enforce this authority boundary: indexes, caches, marts, views, embeddings, and materializations remain derived state and may not become silent alternate truth.",V07-F008,data-platform,implemented,passed:harness,merged,phase0,done,rebuild_projections ports in apps/api/migrations/0022/0023/0024/0029/0032/0033/0041; observation.controller.ts /projections/verify; apps/api/test/int/phase1-acceptance.test.ts: A11 every projection rebuilds; apps/api/test/int/phase3-corrections.test.ts: H1 completeness across the graph responses; apps/api/test/int/phase4-acceptance.test.ts: D8; apps/api/src/graph/search/search.service.ts; PHASE4_REPORT.md §9 (series cache not invalidated on tombstone),,
DP-32-004,V7,"32 Query, Caching, Materialization, and Projection",76,"SaaS, Private Cloud, and On-Premise SHALL preserve the same object, temporal, truth-state, provenance, policy, correction, export, failure, replay, and human-authority semantics for Query, Caching, Materialization, and Projection.",V07-F008,data-platform,missing,unverified,none,phase7,P7-D,"EXCEPTIONS.md: EXC-P0-004 (single deployment profile, local Compose); docker-compose.yml","Deliver Private Cloud and On-Premise profiles and run shared conformance fixtures for Query, Caching, Materialization, and Projection semantics across all three; only the local profile exists",Semantics of this chapter exist (or not) only in the local profile; parity across profiles is unclaimed (EXC-P0-004)
DP-32-005,V7,"32 Query, Caching, Materialization, and Projection",76,"When a projection is stale, partially rebuilt, policy-inconsistent, or cannot resolve its authoritative source revision, the platform SHALL bypass or quarantine the projection, expose staleness, serve a policy-equivalent authoritative path where available, and rebuild deterministically; it SHALL NOT infer complete, current, authorized, correct, reconciled, or recovered data state.",V07-F008,data-platform,partial,passed:harness,merged,phase0,P4,rebuild_projections ports in apps/api/migrations/0022/0023/0024/0029/0032/0033/0041; observation.controller.ts /projections/verify; apps/api/test/int/phase1-acceptance.test.ts: A11 every projection rebuilds; apps/api/test/int/phase3-corrections.test.ts: H1 completeness across the graph responses; apps/api/test/int/phase4-acceptance.test.ts: D8; apps/api/src/graph/search/search.service.ts; PHASE4_REPORT.md §9 (series cache not invalidated on tombstone),Known stale-read path: the in-process series cache does not see a later tombstone/withdrawal until eviction (PHASE4_REPORT.md §9) — fix invalidation on governed deletion,
DP-32-006,V7,"32 Query, Caching, Materialization, and Projection",76,"Production admission and continued operation SHALL require source-to-projection reconciliation, invalidation, policy filtering, stale-read fixtures, deterministic rebuild, and performance evidence, bound to the exact contracts, schemas, code, data versions, policies, infrastructure, customer scope, deployment profile, and period under review.",V07-F008,data-platform,partial,passed:harness,merged,phase0,P4,rebuild_projections ports in apps/api/migrations/0022/0023/0024/0029/0032/0033/0041; observation.controller.ts /projections/verify; apps/api/test/int/phase1-acceptance.test.ts: A11 every projection rebuilds; apps/api/test/int/phase3-corrections.test.ts: H1 completeness across the graph responses; apps/api/test/int/phase4-acceptance.test.ts: D8; apps/api/src/graph/search/search.service.ts; PHASE4_REPORT.md §9 (series cache not invalidated on tombstone),No stale-read fixtures or performance evidence,"Evidence is bound to the head SHA/digests of the local profile, not to a customer scope or period"
DP-33-001,V7,33 Knowledge Graph Data Architecture,78,"The data-platform realization of Knowledge Graph Data Architecture SHALL realize the Knowledge Graph as the connected semantic heart linking canonical identity, evidence, time, truth, relationships, strategy, and downstream intelligence.",V07-F009,memory-graph,implemented,passed:harness,merged,phase3,done,"apps/api/migrations/0024 (entity/edge/strategy event logs + projections, bitemporal edges, provenance on edge); apps/api/src/graph/edges/edges.service.ts; apps/api/src/graph/graph.orchestrator.ts; apps/api/test/int/phase3-acceptance.test.ts: C5, C7 every graph table is under FORCE row-level security; apps/api/test/int/phase3-corrections.test.ts: G5 supersession",,
DP-33-002,V7,33 Knowledge Graph Data Architecture,78,"Every production instance SHALL declare and continuously reconcile graph namespace, ontology version, node and edge identity, temporal interval, truth state, provenance, policy, revision, partition, and stewardship through versioned contracts, observed state, ownership, lineage, and audit evidence.",V07-F009,memory-graph,partial,passed:harness,merged,phase3,P3,"apps/api/migrations/0024 (entity/edge/strategy event logs + projections, bitemporal edges, provenance on edge); apps/api/src/graph/edges/edges.service.ts; apps/api/src/graph/graph.orchestrator.ts; apps/api/test/int/phase3-acceptance.test.ts: C5, C7 every graph table is under FORCE row-level security; apps/api/test/int/phase3-corrections.test.ts: G5 supersession","No ontology version, partition or stewardship declaration on the graph namespace",
DP-33-003,V7,33 Knowledge Graph Data Architecture,78,"The implementation SHALL enforce this authority boundary: the graph owns semantic identity and governed relationships but does not absorb immutable evidence, service-owned workflow state, or synthetic branches into undifferentiated facts.",V07-F009,memory-graph,implemented,passed:harness,merged,phase3,done,"apps/api/migrations/0024 (entity/edge/strategy event logs + projections, bitemporal edges, provenance on edge); apps/api/src/graph/edges/edges.service.ts; apps/api/src/graph/graph.orchestrator.ts; apps/api/test/int/phase3-acceptance.test.ts: C5, C7 every graph table is under FORCE row-level security; apps/api/test/int/phase3-corrections.test.ts: G5 supersession",,
DP-33-004,V7,33 Knowledge Graph Data Architecture,79,"SaaS, Private Cloud, and On-Premise SHALL preserve the same object, temporal, truth-state, provenance, policy, correction, export, failure, replay, and human-authority semantics for Knowledge Graph Data Architecture.",V07-F009,memory-graph,missing,unverified,none,phase7,P7-D,"EXCEPTIONS.md: EXC-P0-004 (single deployment profile, local Compose); docker-compose.yml",Deliver Private Cloud and On-Premise profiles and run shared conformance fixtures for Knowledge Graph Data Architecture semantics across all three; only the local profile exists,Semantics of this chapter exist (or not) only in the local profile; parity across profiles is unclaimed (EXC-P0-004)
DP-33-005,V7,33 Knowledge Graph Data Architecture,79,"When a graph revision is partial, provenance is missing, ontology and data versions conflict, or graph consensus and validation become unavailable, the platform SHALL reject atomic mutation, queue controlled revisions, serve the last valid graph with staleness, and reconcile through the revision log; it SHALL NOT infer complete, current, authorized, correct, reconciled, or recovered data state.",V07-F009,memory-graph,partial,passed:harness,merged,phase3,P3,"apps/api/migrations/0024 (entity/edge/strategy event logs + projections, bitemporal edges, provenance on edge); apps/api/src/graph/edges/edges.service.ts; apps/api/src/graph/graph.orchestrator.ts; apps/api/test/int/phase3-acceptance.test.ts: C5, C7 every graph table is under FORCE row-level security; apps/api/test/int/phase3-corrections.test.ts: G5 supersession",Mutations are atomic via ports; no staleness label on served graph or queued-revision mode,
DP-33-006,V7,33 Knowledge Graph Data Architecture,79,"Production admission and continued operation SHALL require atomic revision fixtures, temporal traversal, provenance closure, policy filtering, partition recovery, merge and split replay, and graph quality evidence, bound to the exact contracts, schemas, code, data versions, policies, infrastructure, customer scope, deployment profile, and period under review.",V07-F009,memory-graph,partial,passed:harness,merged,phase3,P3,"apps/api/migrations/0024 (entity/edge/strategy event logs + projections, bitemporal edges, provenance on edge); apps/api/src/graph/edges/edges.service.ts; apps/api/src/graph/graph.orchestrator.ts; apps/api/test/int/phase3-acceptance.test.ts: C5, C7 every graph table is under FORCE row-level security; apps/api/test/int/phase3-corrections.test.ts: G5 supersession",No partition recovery or graph quality metrics (DQM-025/026),"Evidence is bound to the head SHA/digests of the local profile, not to a customer scope or period"
DP-34-001,V7,"34 Ontology, Taxonomy, and Semantic Governance",80,"The data-platform realization of Ontology, Taxonomy, and Semantic Governance SHALL govern shared concepts, types, relationships, constraints, classifications, mappings, and domain extensions through versioned semantic authority.",V07-F009,memory-graph,missing,unverified,none,omission,P3,"apps/api/migrations/0006 ontology_ref (nullable, unused); apps/api/migrations/0024 predicate is free text (length check only); no ontology registry in apps/api/src","No versioned ontology/taxonomy registry, constraints, mappings or domain extension governance; entity types and predicates are unconstrained strings",
DP-34-002,V7,"34 Ontology, Taxonomy, and Semantic Governance",80,"Every production instance SHALL declare and continuously reconcile ontology identity, version, owner, term and relation definitions, constraints, mappings, compatibility, migration, review, and effective time through versioned contracts, observed state, ownership, lineage, and audit evidence.",V07-F009,memory-graph,missing,unverified,none,omission,P3,"apps/api/migrations/0006 ontology_ref (nullable, unused); apps/api/migrations/0024 predicate is free text (length check only); no ontology registry in apps/api/src","No versioned ontology/taxonomy registry, constraints, mappings or domain extension governance; entity types and predicates are unconstrained strings",
DP-34-003,V7,"34 Ontology, Taxonomy, and Semantic Governance",80,"The implementation SHALL enforce this authority boundary: domain extensions may add specificity but may not redefine constitutional concepts, canonical layer responsibilities, or shared object semantics.",V07-F009,memory-graph,missing,unverified,none,omission,P3,"apps/api/migrations/0006 ontology_ref (nullable, unused); apps/api/migrations/0024 predicate is free text (length check only); no ontology registry in apps/api/src","No versioned ontology/taxonomy registry, constraints, mappings or domain extension governance; entity types and predicates are unconstrained strings",
DP-34-004,V7,"34 Ontology, Taxonomy, and Semantic Governance",81,"SaaS, Private Cloud, and On-Premise SHALL preserve the same object, temporal, truth-state, provenance, policy, correction, export, failure, replay, and human-authority semantics for Ontology, Taxonomy, and Semantic Governance.",V07-F009,memory-graph,missing,unverified,none,phase7,P7-D,"EXCEPTIONS.md: EXC-P0-004 (single deployment profile, local Compose); docker-compose.yml","Deliver Private Cloud and On-Premise profiles and run shared conformance fixtures for Ontology, Taxonomy, and Semantic Governance semantics across all three; only the local profile exists",Semantics of this chapter exist (or not) only in the local profile; parity across profiles is unclaimed (EXC-P0-004)
DP-34-005,V7,"34 Ontology, Taxonomy, and Semantic Governance",81,"When semantic changes are incompatible, mappings become ambiguous, or deployed data and consumers cannot agree on an effective ontology, the platform SHALL block promotion, preserve the prior version, expose impacted objects and products, and execute governed migration with stewardship approval; it SHALL NOT infer complete, current, authorized, correct, reconciled, or recovered data state.",V07-F009,memory-graph,missing,unverified,none,omission,P3,"apps/api/migrations/0006 ontology_ref (nullable, unused); apps/api/migrations/0024 predicate is free text (length check only); no ontology registry in apps/api/src","No versioned ontology/taxonomy registry, constraints, mappings or domain extension governance; entity types and predicates are unconstrained strings",
DP-34-006,V7,"34 Ontology, Taxonomy, and Semantic Governance",81,"Production admission and continued operation SHALL require reasoner and constraint tests, competency queries, mapping validation, migration rehearsal, consumer impact, and ontology board acceptance, bound to the exact contracts, schemas, code, data versions, policies, infrastructure, customer scope, deployment profile, and period under review.",V07-F009,memory-graph,missing,unverified,none,omission,P3,"apps/api/migrations/0006 ontology_ref (nullable, unused); apps/api/migrations/0024 predicate is free text (length check only); no ontology registry in apps/api/src","No versioned ontology/taxonomy registry, constraints, mappings or domain extension governance; entity types and predicates are unconstrained strings",
DP-35-001,V7,35 Entity Resolution and Master Identity,82,"The data-platform realization of Entity Resolution and Master Identity SHALL resolve companies, countries, governments, products, technologies, people, supply chains, markets, regulations, events, risks, objectives, capabilities, and other entities without forced certainty.",V07-F009,memory-graph,implemented,passed:harness,merged,phase3,P3,"apps/api/src/graph/entities/resolver.service.ts (eight authority rules); apps/api/src/graph/entities/resolution.service.ts; apps/api/migrations/0024 §3-§4; apps/api/test/int/phase3-acceptance.test.ts: C1-C3 (identifier-only automatic resolution, name match queued, split reversible, proposer cannot decide)",Entity kinds are open; resolution is identifier/name based only (no feature/model matching beyond optional gateway ranking),
DP-35-002,V7,35 Entity Resolution and Master Identity,82,"Every production instance SHALL declare and continuously reconcile entity identity, candidate set, source identifiers, features, rules and models, confidence, evidence, steward, merge or split decision, and history through versioned contracts, observed state, ownership, lineage, and audit evidence.",V07-F009,memory-graph,implemented,passed:harness,merged,phase3,done,"apps/api/src/graph/entities/resolver.service.ts (eight authority rules); apps/api/src/graph/entities/resolution.service.ts; apps/api/migrations/0024 §3-§4; apps/api/test/int/phase3-acceptance.test.ts: C1-C3 (identifier-only automatic resolution, name match queued, split reversible, proposer cannot decide)",,
DP-35-003,V7,35 Entity Resolution and Master Identity,83,"The implementation SHALL enforce this authority boundary: identity resolution proposes and supports decisions; high-impact merges, splits, and cross-tenant links require governed authority and remain reversible.",V07-F009,memory-graph,implemented,passed:harness,merged,phase3,done,"apps/api/src/graph/entities/resolver.service.ts (eight authority rules); apps/api/src/graph/entities/resolution.service.ts; apps/api/migrations/0024 §3-§4; apps/api/test/int/phase3-acceptance.test.ts: C1-C3 (identifier-only automatic resolution, name match queued, split reversible, proposer cannot decide)",,
DP-35-004,V7,35 Entity Resolution and Master Identity,83,"SaaS, Private Cloud, and On-Premise SHALL preserve the same object, temporal, truth-state, provenance, policy, correction, export, failure, replay, and human-authority semantics for Entity Resolution and Master Identity.",V07-F009,memory-graph,missing,unverified,none,phase7,P7-D,"EXCEPTIONS.md: EXC-P0-004 (single deployment profile, local Compose); docker-compose.yml",Deliver Private Cloud and On-Premise profiles and run shared conformance fixtures for Entity Resolution and Master Identity semantics across all three; only the local profile exists,Semantics of this chapter exist (or not) only in the local profile; parity across profiles is unclaimed (EXC-P0-004)
DP-35-005,V7,35 Entity Resolution and Master Identity,83,"When candidates are ambiguous, evidence conflicts, a merge causes contamination, or identity quality falls outside the accepted envelope, the platform SHALL retain unresolved candidates, suspend unsafe consolidation, reverse affected merges, propagate corrections, and route review to accountable stewards; it SHALL NOT infer complete, current, authorized, correct, reconciled, or recovered data sta…",V07-F009,memory-graph,partial,passed:harness,merged,phase3,P3,"apps/api/src/graph/entities/resolver.service.ts (eight authority rules); apps/api/src/graph/entities/resolution.service.ts; apps/api/migrations/0024 §3-§4; apps/api/test/int/phase3-acceptance.test.ts: C1-C3 (identifier-only automatic resolution, name match queued, split reversible, proposer cannot decide)",Unmatched mentions mint candidate entities that nothing retires (PHASE3_REPORT.md §9); merge contamination reversal exists (split),
DP-35-006,V7,35 Entity Resolution and Master Identity,83,"Production admission and continued operation SHALL require precision and recall evaluation, ambiguous and adversarial fixtures, merge and split replay, cross-tenant isolation, correction impact, and steward sampling, bound to the exact contracts, schemas, code, data versions, policies, infrastructure, customer scope, deployment profile, and period under review.",V07-F009,memory-graph,partial,passed:harness,merged,phase3,P3,"apps/api/src/graph/entities/resolver.service.ts (eight authority rules); apps/api/src/graph/entities/resolution.service.ts; apps/api/migrations/0024 §3-§4; apps/api/test/int/phase3-acceptance.test.ts: C1-C3 (identifier-only automatic resolution, name match queued, split reversible, proposer cannot decide)",No precision/recall evaluation set (DQM-023/024) or adversarial fixtures,"Evidence is bound to the head SHA/digests of the local profile, not to a customer scope or period"
DP-36-001,V7,"36 Relationship, Event, Claim, and Assessment Data",84,"The data-platform realization of Relationship, Event, Claim, and Assessment Data SHALL represent material relationships, events, claims, contradictions, corroboration, assessments, and judgments as typed temporal objects with evidence and accountable origin.",V07-F009,memory-graph,implemented,passed:harness,merged,phase2,done,"apps/api/migrations/0023 (ENT/EVT/CLM/REL/ASM claim types with lineage, mode, confidence); apps/api/migrations/0024 edges (state asserted/retracted/superseded); apps/api/migrations/0006 contradiction_refs/corroboration_refs; apps/api/src/graph/strategy/strategy.service.ts (decided vs asserted truth states); apps/api/test/int/phase2-acceptance.test.ts: B1; apps/api/test/int/phase3-acceptance.test.ts: C5",,
DP-36-002,V7,"36 Relationship, Event, Claim, and Assessment Data",84,"Every production instance SHALL declare and continuously reconcile object identity, subject and object, type, temporal scope, assertion authority, evidence, method, truth state, confidence, contradiction set, and review through versioned contracts, observed state, ownership, lineage, and audit evidence.",V07-F009,memory-graph,partial,passed:harness,merged,phase2,P2,"apps/api/migrations/0023 (ENT/EVT/CLM/REL/ASM claim types with lineage, mode, confidence); apps/api/migrations/0024 edges (state asserted/retracted/superseded); apps/api/migrations/0006 contradiction_refs/corroboration_refs; apps/api/src/graph/strategy/strategy.service.ts (decided vs asserted truth states); apps/api/test/int/phase2-acceptance.test.ts: B1; apps/api/test/int/phase3-acceptance.test.ts: C5",Contradiction sets are never populated; review state exists only for low-confidence extraction,
DP-36-003,V7,"36 Relationship, Event, Claim, and Assessment Data",84,"The implementation SHALL enforce this authority boundary: extracted, inferred, assessed, and human-judged relationships remain distinct and cannot be collapsed into one unqualified edge or fact.",V07-F009,memory-graph,implemented,passed:harness,merged,phase2,done,"apps/api/migrations/0023 (ENT/EVT/CLM/REL/ASM claim types with lineage, mode, confidence); apps/api/migrations/0024 edges (state asserted/retracted/superseded); apps/api/migrations/0006 contradiction_refs/corroboration_refs; apps/api/src/graph/strategy/strategy.service.ts (decided vs asserted truth states); apps/api/test/int/phase2-acceptance.test.ts: B1; apps/api/test/int/phase3-acceptance.test.ts: C5",,
DP-36-004,V7,"36 Relationship, Event, Claim, and Assessment Data",85,"SaaS, Private Cloud, and On-Premise SHALL preserve the same object, temporal, truth-state, provenance, policy, correction, export, failure, replay, and human-authority semantics for Relationship, Event, Claim, and Assessment Data.",V07-F009,memory-graph,missing,unverified,none,phase7,P7-D,"EXCEPTIONS.md: EXC-P0-004 (single deployment profile, local Compose); docker-compose.yml","Deliver Private Cloud and On-Premise profiles and run shared conformance fixtures for Relationship, Event, Claim, and Assessment Data semantics across all three; only the local profile exists",Semantics of this chapter exist (or not) only in the local profile; parity across profiles is unclaimed (EXC-P0-004)
DP-36-005,V7,"36 Relationship, Event, Claim, and Assessment Data",85,"When required evidence, temporal scope, type constraints, or truth state is missing or contradictory, the platform SHALL reject canonical promotion or mark the object disputed, preserve alternatives, route material review, and prevent unsupported downstream certainty; it SHALL NOT infer complete, current, authorized, correct, reconciled, or recovered data state.",V07-F009,memory-graph,partial,passed:harness,merged,phase2,P2,"apps/api/migrations/0023 (ENT/EVT/CLM/REL/ASM claim types with lineage, mode, confidence); apps/api/migrations/0024 edges (state asserted/retracted/superseded); apps/api/migrations/0006 contradiction_refs/corroboration_refs; apps/api/src/graph/strategy/strategy.service.ts (decided vs asserted truth states); apps/api/test/int/phase2-acceptance.test.ts: B1; apps/api/test/int/phase3-acceptance.test.ts: C5","""disputed"" lifecycle/truth states exist but no contradiction detection or adjudication workflow sets them",
DP-36-006,V7,"36 Relationship, Event, Claim, and Assessment Data",85,"Production admission and continued operation SHALL require type and constraint fixtures, contradiction sets, temporal validity, provenance closure, adjudication workflow, and downstream interpretation tests, bound to the exact contracts, schemas, code, data versions, policies, infrastructure, customer scope, deployment profile, and period under review.",V07-F009,memory-graph,partial,passed:harness,merged,phase2,P2,"apps/api/migrations/0023 (ENT/EVT/CLM/REL/ASM claim types with lineage, mode, confidence); apps/api/migrations/0024 edges (state asserted/retracted/superseded); apps/api/migrations/0006 contradiction_refs/corroboration_refs; apps/api/src/graph/strategy/strategy.service.ts (decided vs asserted truth states); apps/api/test/int/phase2-acceptance.test.ts: B1; apps/api/test/int/phase3-acceptance.test.ts: C5",No contradiction cases or downstream interpretation tests,"Evidence is bound to the head SHA/digests of the local profile, not to a customer scope or period"
DP-37-001,V7,37 Enterprise Memory and Strategic Record,86,"The data-platform realization of Enterprise Memory and Strategic Record SHALL preserve permission-aware institutional memory across evidence, analysis, communications, decisions, actions, outcomes, assumptions, and lessons.",V07-F010,memory-graph,partial,passed:harness,merged,phase3,P3,"apps/api/src/graph/strategy/strategy.service.ts (objectives/assumptions/decisions/commitments/outcomes as canonical objects, rests_on mandatory); apps/api/migrations/0024 §6-§7; apps/api/migrations/0045 outcomes with lessons text; apps/api/src/intelligence/review/review.service.ts; apps/api/test/int/phase3-acceptance.test.ts: C6; apps/api/test/int/phase6-monitoring.test.ts: closure records the lessons as text","Strategic record (objectives, assumptions, decisions, commitments, outcomes, lessons text) is permission-aware; no memory service for communications/analysis notes, retention/index state",Decision/outcome records are branch-only (phase6-decisions)
DP-37-002,V7,37 Enterprise Memory and Strategic Record,86,"Every production instance SHALL declare and continuously reconcile memory object, version, owner, participants, content and evidence, temporal scope, policy, retention, correction, index state, and strategic record class through versioned contracts, observed state, ownership, lineage, and audit evidence.",V07-F010,memory-graph,partial,passed:harness,merged,phase3,P3,"apps/api/src/graph/strategy/strategy.service.ts (objectives/assumptions/decisions/commitments/outcomes as canonical objects, rests_on mandatory); apps/api/migrations/0024 §6-§7; apps/api/migrations/0045 outcomes with lessons text; apps/api/src/intelligence/review/review.service.ts; apps/api/test/int/phase3-acceptance.test.ts: C6; apps/api/test/int/phase6-monitoring.test.ts: closure records the lessons as text","Retention, index state and strategic record class are not declared",Decision/outcome records are branch-only (phase6-decisions)
DP-37-003,V7,37 Enterprise Memory and Strategic Record,86,"The implementation SHALL enforce this authority boundary: retrieval frequency, embedding similarity, model output, or user annotation does not convert content into accepted organizational truth.",V07-F010,memory-graph,implemented,passed:harness,merged,phase3,done,"apps/api/src/graph/strategy/strategy.service.ts (objectives/assumptions/decisions/commitments/outcomes as canonical objects, rests_on mandatory); apps/api/migrations/0024 §6-§7; apps/api/migrations/0045 outcomes with lessons text; apps/api/src/intelligence/review/review.service.ts; apps/api/test/int/phase3-acceptance.test.ts: C6; apps/api/test/int/phase6-monitoring.test.ts: closure records the lessons as text",,Decision/outcome records are branch-only (phase6-decisions)
DP-37-004,V7,37 Enterprise Memory and Strategic Record,87,"SaaS, Private Cloud, and On-Premise SHALL preserve the same object, temporal, truth-state, provenance, policy, correction, export, failure, replay, and human-authority semantics for Enterprise Memory and Strategic Record.",V07-F010,memory-graph,missing,unverified,none,phase7,P7-D,"EXCEPTIONS.md: EXC-P0-004 (single deployment profile, local Compose); docker-compose.yml",Deliver Private Cloud and On-Premise profiles and run shared conformance fixtures for Enterprise Memory and Strategic Record semantics across all three; only the local profile exists,Semantics of this chapter exist (or not) only in the local profile; parity across profiles is unclaimed (EXC-P0-004)
DP-37-005,V7,37 Enterprise Memory and Strategic Record,87,"When memory content, permissions, retention, version history, or indexes diverge or historical reconstruction becomes incomplete, the platform SHALL restrict access, serve metadata-only or last valid state with warnings, rebuild projections, and pause destructive lifecycle actions until scope is proven; it SHALL NOT infer complete, current, authorized, correct, reconciled, or recovered data state.",V07-F010,memory-graph,partial,passed:harness,merged,phase3,P3,"apps/api/src/graph/strategy/strategy.service.ts (objectives/assumptions/decisions/commitments/outcomes as canonical objects, rests_on mandatory); apps/api/migrations/0024 §6-§7; apps/api/migrations/0045 outcomes with lessons text; apps/api/src/intelligence/review/review.service.ts; apps/api/test/int/phase3-acceptance.test.ts: C6; apps/api/test/int/phase6-monitoring.test.ts: closure records the lessons as text",Access restriction via RLS; no metadata-only degraded serving or lifecycle pause,Decision/outcome records are branch-only (phase6-decisions)
DP-37-006,V7,37 Enterprise Memory and Strategic Record,87,"Production admission and continued operation SHALL require permission and purpose tests, temporal reconstruction, correction replay, legal hold, index rebuild, export, deletion verification, and customer review, bound to the exact contracts, schemas, code, data versions, policies, infrastructure, customer scope, deployment profile, and period under review.",V07-F010,memory-graph,partial,passed:harness,merged,phase3,P3,"apps/api/src/graph/strategy/strategy.service.ts (objectives/assumptions/decisions/commitments/outcomes as canonical objects, rests_on mandatory); apps/api/migrations/0024 §6-§7; apps/api/migrations/0045 outcomes with lessons text; apps/api/src/intelligence/review/review.service.ts; apps/api/test/int/phase3-acceptance.test.ts: C6; apps/api/test/int/phase6-monitoring.test.ts: closure records the lessons as text","Legal hold, index rebuild, export and deletion verification absent","Decision/outcome records are branch-only (phase6-decisions); Evidence is bound to the head SHA/digests of the local profile, not to a customer scope or period"
DP-38-001,V7,"38 Search, Vector, and Retrieval Data",88,"The data-platform realization of Search, Vector, and Retrieval Data SHALL build policy-aware lexical, semantic, vector, multimodal, temporal, geospatial, and graph retrieval projections from governed canonical sources.",V07-F010,memory-graph,partial,passed:harness,merged,phase3,P3,"apps/api/src/graph/search/search.service.ts (permission-aware metadata search, reason per hit, absence not an oracle); apps/api/test/int/phase3-acceptance.test.ts: C4; grep: no pgvector/embedding/tsvector in apps/api","Lexical metadata search only; no vector/semantic, multimodal, temporal, geospatial or graph-traversal retrieval index",
DP-38-002,V7,"38 Search, Vector, and Retrieval Data",88,"Every production instance SHALL declare and continuously reconcile index identity, source snapshot, chunk or unit identity, embedding model, representation version, policy labels, freshness, quality, and rebuild state through versioned contracts, observed state, ownership, lineage, and audit evidence.",V07-F010,memory-graph,missing,unverified,none,omission,P3,"apps/api/src/graph/search/search.service.ts (permission-aware metadata search, reason per hit, absence not an oracle); apps/api/test/int/phase3-acceptance.test.ts: C4; grep: no pgvector/embedding/tsvector in apps/api",No index identity/source snapshot/embedding model/rebuild state,
DP-38-003,V7,"38 Search, Vector, and Retrieval Data",88,"The implementation SHALL enforce this authority boundary: retrieval scores are relevance signals, not truth or authority; result assembly must preserve source identity, policy, provenance, temporal state, and uncertainty.",V07-F010,memory-graph,implemented,passed:harness,merged,phase3,done,"apps/api/src/graph/search/search.service.ts (permission-aware metadata search, reason per hit, absence not an oracle); apps/api/test/int/phase3-acceptance.test.ts: C4; grep: no pgvector/embedding/tsvector in apps/api",,
DP-38-004,V7,"38 Search, Vector, and Retrieval Data",89,"SaaS, Private Cloud, and On-Premise SHALL preserve the same object, temporal, truth-state, provenance, policy, correction, export, failure, replay, and human-authority semantics for Search, Vector, and Retrieval Data.",V07-F010,memory-graph,missing,unverified,none,phase7,P7-D,"EXCEPTIONS.md: EXC-P0-004 (single deployment profile, local Compose); docker-compose.yml","Deliver Private Cloud and On-Premise profiles and run shared conformance fixtures for Search, Vector, and Retrieval Data semantics across all three; only the local profile exists",Semantics of this chapter exist (or not) only in the local profile; parity across profiles is unclaimed (EXC-P0-004)
DP-38-005,V7,"38 Search, Vector, and Retrieval Data",89,"When an index is stale, incomplete, policy-inconsistent, poisoned, or built with an unapproved representation version, the platform SHALL withdraw the index or affected partitions, fall back to a policy-equivalent path, rebuild from verified sources, and expose retrieval degradation; it SHALL NOT infer complete, current, authorized, correct, reconciled, or recovered data state.",V07-F010,memory-graph,missing,unverified,none,omission,P3,"apps/api/src/graph/search/search.service.ts (permission-aware metadata search, reason per hit, absence not an oracle); apps/api/test/int/phase3-acceptance.test.ts: C4; grep: no pgvector/embedding/tsvector in apps/api",No index withdrawal/rebuild path (no index),
DP-38-006,V7,"38 Search, Vector, and Retrieval Data",89,"Production admission and continued operation SHALL require relevance and permission evaluation, stale and poisoned index tests, embedding migration, source deletion, deterministic rebuild, and citation closure, bound to the exact contracts, schemas, code, data versions, policies, infrastructure, customer scope, deployment profile, and period under review.",V07-F010,memory-graph,partial,passed:harness,merged,phase3,P3,"apps/api/src/graph/search/search.service.ts (permission-aware metadata search, reason per hit, absence not an oracle); apps/api/test/int/phase3-acceptance.test.ts: C4; grep: no pgvector/embedding/tsvector in apps/api","Permission evaluation verified (C4); no relevance evaluation, poisoned-index or citation-closure tests","Evidence is bound to the head SHA/digests of the local profile, not to a customer scope or period"
DP-39-001,V7,39 Digital Twin State and Time Travel,90,"The data-platform realization of Digital Twin State and Time Travel SHALL persist living observed twin state, evidence- grounded estimates, model bindings, snapshots, branches, dependencies, validation, and reconciliation history.",V07-F011,twin-simulation,implemented,passed:harness,merged,phase5,done,"apps/api/migrations/0032 twin_versions (branch_id, forked_from_version, admitted immutable), state_elements (kind observed/estimated/assumed/predicted/simulated, health, citations); apps/api/migrations/0034 reconciliations, propagation; apps/api/migrations/0035-0037 (two cut-offs, branch flip under both clocks); apps/api/src/twin/twins/twin.service.ts; apps/api/test/int/phase5-twins.test.ts: E1-E3; apps/api/test/int/phase5-propagation.test.ts: E7, E3; apps/api/test/int/phase5-simulations.test.ts: E4",,Twins are grounded on synthetic records (SOURCE_INTEGRATION_STATUS.md); one twin family (supply-flow@1)
DP-39-002,V7,39 Digital Twin State and Time Travel,90,"Every production instance SHALL declare and continuously reconcile twin identity, boundary, observed snapshot, synthetic branch, graph revision, evidence set, model version, assumptions, confidence, validity, and checkpoint through versioned contracts, observed state, ownership, lineage, and audit evidence.",V07-F011,twin-simulation,implemented,passed:harness,merged,phase5,done,"apps/api/migrations/0032 twin_versions (branch_id, forked_from_version, admitted immutable), state_elements (kind observed/estimated/assumed/predicted/simulated, health, citations); apps/api/migrations/0034 reconciliations, propagation; apps/api/migrations/0035-0037 (two cut-offs, branch flip under both clocks); apps/api/src/twin/twins/twin.service.ts; apps/api/test/int/phase5-twins.test.ts: E1-E3; apps/api/test/int/phase5-propagation.test.ts: E7, E3; apps/api/test/int/phase5-simulations.test.ts: E4",,Twins are grounded on synthetic records (SOURCE_INTEGRATION_STATUS.md); one twin family (supply-flow@1)
DP-39-003,V7,39 Digital Twin State and Time Travel,90,The implementation SHALL enforce this authority boundary: observed and synthetic twin state remain physically and semantically separated; branches never write back without governed reconciliation.,V07-F011,twin-simulation,implemented,passed:harness,merged,phase5,done,"apps/api/migrations/0032 twin_versions (branch_id, forked_from_version, admitted immutable), state_elements (kind observed/estimated/assumed/predicted/simulated, health, citations); apps/api/migrations/0034 reconciliations, propagation; apps/api/migrations/0035-0037 (two cut-offs, branch flip under both clocks); apps/api/src/twin/twins/twin.service.ts; apps/api/test/int/phase5-twins.test.ts: E1-E3; apps/api/test/int/phase5-propagation.test.ts: E7, E3; apps/api/test/int/phase5-simulations.test.ts: E4",,Twins are grounded on synthetic records (SOURCE_INTEGRATION_STATUS.md); one twin family (supply-flow@1)
DP-39-004,V7,39 Digital Twin State and Time Travel,91,"SaaS, Private Cloud, and On-Premise SHALL preserve the same object, temporal, truth-state, provenance, policy, correction, export, failure, replay, and human-authority semantics for Digital Twin State and Time Travel.",V07-F011,twin-simulation,missing,unverified,none,phase7,P7-D,"EXCEPTIONS.md: EXC-P0-004 (single deployment profile, local Compose); docker-compose.yml",Deliver Private Cloud and On-Premise profiles and run shared conformance fixtures for Digital Twin State and Time Travel semantics across all three; only the local profile exists,Semantics of this chapter exist (or not) only in the local profile; parity across profiles is unclaimed (EXC-P0-004)
DP-39-005,V7,39 Digital Twin State and Time Travel,91,"When a twin cannot resolve its evidence, graph, model, assumptions, operating envelope, or branch isolation, the platform SHALL freeze the last validated observed snapshot, mark staleness and missing variables, contain synthetic branches, and require reconciliation before use; it SHALL NOT infer complete, current, authorized, correct, reconciled, or recovered data state.",V07-F011,twin-simulation,implemented,passed:harness,merged,phase5,done,"apps/api/migrations/0032 twin_versions (branch_id, forked_from_version, admitted immutable), state_elements (kind observed/estimated/assumed/predicted/simulated, health, citations); apps/api/migrations/0034 reconciliations, propagation; apps/api/migrations/0035-0037 (two cut-offs, branch flip under both clocks); apps/api/src/twin/twins/twin.service.ts; apps/api/test/int/phase5-twins.test.ts: E1-E3; apps/api/test/int/phase5-propagation.test.ts: E7, E3; apps/api/test/int/phase5-simulations.test.ts: E4",,Twins are grounded on synthetic records (SOURCE_INTEGRATION_STATUS.md); one twin family (supply-flow@1)
DP-39-006,V7,39 Digital Twin State and Time Travel,91,"Production admission and continued operation SHALL require snapshot and branch fixtures, time travel, isolation, model binding, dependency impact, validation, reconciliation, and simulation handoff, bound to the exact contracts, schemas, code, data versions, policies, infrastructure, customer scope, deployment profile, and period under review.",V07-F011,twin-simulation,partial,passed:harness,merged,phase5,P5,"apps/api/migrations/0032 twin_versions (branch_id, forked_from_version, admitted immutable), state_elements (kind observed/estimated/assumed/predicted/simulated, health, citations); apps/api/migrations/0034 reconciliations, propagation; apps/api/migrations/0035-0037 (two cut-offs, branch flip under both clocks); apps/api/src/twin/twins/twin.service.ts; apps/api/test/int/phase5-twins.test.ts: E1-E3; apps/api/test/int/phase5-propagation.test.ts: E7, E3; apps/api/test/int/phase5-simulations.test.ts: E4",Snapshot/branch/time-travel/isolation/reconciliation/handoff fixtures exist; per-profile evidence absent,"Twins are grounded on synthetic records (SOURCE_INTEGRATION_STATUS.md); one twin family (supply-flow@1); Evidence is bound to the head SHA/digests of the local profile, not to a customer scope or period"
DP-40-001,V7,"40 Forecast, Scenario, Simulation, Decision, and Outcome Data",92,"The data-platform realization of Forecast, Scenario, Simulation, Decision, and Outcome Data SHALL preserve versioned strategic state packages linking forecasts, scenario branches, simulation runs, recommendations, human decisions, commitments, outcomes, and learning.",V07-F011,decision,implemented,passed:harness,branch-only,phase4,done,"apps/api/migrations/0029 (FCT/SCN/WRN, outcome_ledger, backtests); apps/api/migrations/0033 simulation runs (initial_state_digest, model/implementation/environment digests); apps/api/migrations/0041-0047 (DPK versions, APR, CMT, RPL, OUT); apps/api/src/decision/replay/replay.service.ts; apps/api/test/int/phase4-acceptance.test.ts: D1-D8; apps/api/test/int/phase6-decisions.test.ts: options cite completed runs by exact version and digest; apps/api/test/int/phase6-approvals.test.ts: F2/F3; apps/api/test/int/phase6-replay.test.ts: F5; apps/api/test/int/phase6-monitoring.test.ts: F6",,Forecast/scenario/simulation data is merged (Phases 4-5); decision/commitment/outcome/replay data is branch-only (PR #46)
DP-40-002,V7,"40 Forecast, Scenario, Simulation, Decision, and Outcome Data",92,"Every production instance SHALL declare and continuously reconcile package identity, objective, graph and twin revisions, evidence, assumptions, models, options, approvals, decision- time snapshot, commitments, outcomes, and review through versioned contracts, observed state, ownership, lineage, and audit evidence.",V07-F011,decision,implemented,passed:harness,branch-only,phase4,done,"apps/api/migrations/0029 (FCT/SCN/WRN, outcome_ledger, backtests); apps/api/migrations/0033 simulation runs (initial_state_digest, model/implementation/environment digests); apps/api/migrations/0041-0047 (DPK versions, APR, CMT, RPL, OUT); apps/api/src/decision/replay/replay.service.ts; apps/api/test/int/phase4-acceptance.test.ts: D1-D8; apps/api/test/int/phase6-decisions.test.ts: options cite completed runs by exact version and digest; apps/api/test/int/phase6-approvals.test.ts: F2/F3; apps/api/test/int/phase6-replay.test.ts: F5; apps/api/test/int/phase6-monitoring.test.ts: F6",,Forecast/scenario/simulation data is merged (Phases 4-5); decision/commitment/outcome/replay data is branch-only (PR #46)
DP-40-003,V7,"40 Forecast, Scenario, Simulation, Decision, and Outcome Data",93,"The implementation SHALL enforce this authority boundary: foresight and decision objects remain distinct lifecycle states; simulation results and recommendations may not become decisions, and later outcomes may not rewrite prior knowledge.",V07-F011,decision,implemented,passed:harness,branch-only,phase4,done,"apps/api/migrations/0029 (FCT/SCN/WRN, outcome_ledger, backtests); apps/api/migrations/0033 simulation runs (initial_state_digest, model/implementation/environment digests); apps/api/migrations/0041-0047 (DPK versions, APR, CMT, RPL, OUT); apps/api/src/decision/replay/replay.service.ts; apps/api/test/int/phase4-acceptance.test.ts: D1-D8; apps/api/test/int/phase6-decisions.test.ts: options cite completed runs by exact version and digest; apps/api/test/int/phase6-approvals.test.ts: F2/F3; apps/api/test/int/phase6-replay.test.ts: F5; apps/api/test/int/phase6-monitoring.test.ts: F6",,Forecast/scenario/simulation data is merged (Phases 4-5); decision/commitment/outcome/replay data is branch-only (PR #46)
DP-40-004,V7,"40 Forecast, Scenario, Simulation, Decision, and Outcome Data",93,"SaaS, Private Cloud, and On-Premise SHALL preserve the same object, temporal, truth-state, provenance, policy, correction, export, failure, replay, and human-authority semantics for Forecast, Scenario, Simulation, Decision, and Outcome Data.",V07-F011,decision,missing,unverified,none,phase7,P7-D,"EXCEPTIONS.md: EXC-P0-004 (single deployment profile, local Compose); docker-compose.yml","Deliver Private Cloud and On-Premise profiles and run shared conformance fixtures for Forecast, Scenario, Simulation, Decision, and Outcome Data semantics across all three; only the local profile exists",Semantics of this chapter exist (or not) only in the local profile; parity across profiles is unclaimed (EXC-P0-004)
DP-40-005,V7,"40 Forecast, Scenario, Simulation, Decision, and Outcome Data",93,"When a strategic package has unresolved versions, missing human authority, withdrawn inputs, or broken outcome and replay linkage, the platform SHALL block commitment or mark the package unfit, preserve the historical snapshot, reopen through the governed lifecycle, and propagate impact; it SHALL NOT infer complete, current, authorized, correct, reconciled, or recovered data state.",V07-F011,decision,implemented,passed:harness,branch-only,phase4,done,"apps/api/migrations/0029 (FCT/SCN/WRN, outcome_ledger, backtests); apps/api/migrations/0033 simulation runs (initial_state_digest, model/implementation/environment digests); apps/api/migrations/0041-0047 (DPK versions, APR, CMT, RPL, OUT); apps/api/src/decision/replay/replay.service.ts; apps/api/test/int/phase4-acceptance.test.ts: D1-D8; apps/api/test/int/phase6-decisions.test.ts: options cite completed runs by exact version and digest; apps/api/test/int/phase6-approvals.test.ts: F2/F3; apps/api/test/int/phase6-replay.test.ts: F5; apps/api/test/int/phase6-monitoring.test.ts: F6",,Forecast/scenario/simulation data is merged (Phases 4-5); decision/commitment/outcome/replay data is branch-only (PR #46)
DP-40-006,V7,"40 Forecast, Scenario, Simulation, Decision, and Outcome Data",93,"Production admission and continued operation SHALL require end-to-end strategic-loop fixtures, exact version resolution, human approval, decision replay, outcome attribution, correction impact, and learning admission, bound to the exact contracts, schemas, code, data versions, policies, infrastructure, customer scope, deployment profile, and period under review.",V07-F011,decision,partial,passed:harness,branch-only,phase4,P7-B,"apps/api/migrations/0029 (FCT/SCN/WRN, outcome_ledger, backtests); apps/api/migrations/0033 simulation runs (initial_state_digest, model/implementation/environment digests); apps/api/migrations/0041-0047 (DPK versions, APR, CMT, RPL, OUT); apps/api/src/decision/replay/replay.service.ts; apps/api/test/int/phase4-acceptance.test.ts: D1-D8; apps/api/test/int/phase6-decisions.test.ts: options cite completed runs by exact version and digest; apps/api/test/int/phase6-approvals.test.ts: F2/F3; apps/api/test/int/phase6-replay.test.ts: F5; apps/api/test/int/phase6-monitoring.test.ts: F6",Learning admission (governed outcome-learning releases) does not exist; conditional approvals not evaluated (FULL_PRODUCT_DELIVERY_REGISTER.md §6),"Forecast/scenario/simulation data is merged (Phases 4-5); decision/commitment/outcome/replay data is branch-only (PR #46); Evidence is bound to the head SHA/digests of the local profile, not to a customer scope or period"
DP-41-001,V7,41 Data Product Architecture,95,"The data-platform realization of Data Product Architecture SHALL publish reusable governed data products with explicit purpose, ownership, contracts, quality, policy, lineage, service levels, consumers, cost, and lifecycle.",V07-F012,data-platform,missing,unverified,none,phase7,P7-F,"No data-product registry, contract, SLO or consumer model in apps/api/src; canonical objects served per type via apps/api/src/objects/objects.controller.ts","No governed data products (DPD-01..20 patterns) with ownership, contracts, SLOs, consumers, cost or lifecycle",Not named in the master build prompt phase roadmap; packaged under P7-F by the delivery register
DP-41-002,V7,41 Data Product Architecture,95,"Every production instance SHALL declare and continuously reconcile product identity, domain, owner, inputs, outputs, contract versions, serving modes, quality, SLOs, policy, consumers, release, and retirement through versioned contracts, observed state, ownership, lineage, and audit evidence.",V07-F012,data-platform,missing,unverified,none,phase7,P7-F,"No data-product registry, contract, SLO or consumer model in apps/api/src; canonical objects served per type via apps/api/src/objects/objects.controller.ts","No governed data products (DPD-01..20 patterns) with ownership, contracts, SLOs, consumers, cost or lifecycle",Not named in the master build prompt phase roadmap; packaged under P7-F by the delivery register
DP-41-003,V7,41 Data Product Architecture,95,"The implementation SHALL enforce this authority boundary: a data product is an accountable operational contract, not a renamed table, report, dashboard, ad hoc extract, or unmanaged semantic layer.",V07-F012,data-platform,missing,unverified,none,phase7,P7-F,"No data-product registry, contract, SLO or consumer model in apps/api/src; canonical objects served per type via apps/api/src/objects/objects.controller.ts","No governed data products (DPD-01..20 patterns) with ownership, contracts, SLOs, consumers, cost or lifecycle",Not named in the master build prompt phase roadmap; packaged under P7-F by the delivery register
DP-41-004,V7,41 Data Product Architecture,95,"SaaS, Private Cloud, and On-Premise SHALL preserve the same object, temporal, truth-state, provenance, policy, correction, export, failure, replay, and human-authority semantics for Data Product Architecture.",V07-F012,data-platform,missing,unverified,none,phase7,P7-D,"EXCEPTIONS.md: EXC-P0-004 (single deployment profile, local Compose); docker-compose.yml",Deliver Private Cloud and On-Premise profiles and run shared conformance fixtures for Data Product Architecture semantics across all three; only the local profile exists,Semantics of this chapter exist (or not) only in the local profile; parity across profiles is unclaimed (EXC-P0-004)
DP-41-005,V7,41 Data Product Architecture,96,"When a product fails quality or SLO, loses ownership, violates policy, or diverges from its published contract, the platform SHALL declare degradation or withdrawal, notify consumers, preserve last valid versions, and restore through controlled release or migration; it SHALL NOT infer complete, current, authorized, correct, reconciled, or recovered data state.",V07-F012,data-platform,missing,unverified,none,phase7,P7-F,"No data-product registry, contract, SLO or consumer model in apps/api/src; canonical objects served per type via apps/api/src/objects/objects.controller.ts","No governed data products (DPD-01..20 patterns) with ownership, contracts, SLOs, consumers, cost or lifecycle",Not named in the master build prompt phase roadmap; packaged under P7-F by the delivery register
DP-41-006,V7,41 Data Product Architecture,96,"Production admission and continued operation SHALL require product scorecard, consumer contract tests, lineage and policy closure, SLO evidence, cost attribution, adoption, and retirement review, bound to the exact contracts, schemas, code, data versions, policies, infrastructure, customer scope, deployment profile, and period under review.",V07-F012,data-platform,missing,unverified,none,phase7,P7-F,"No data-product registry, contract, SLO or consumer model in apps/api/src; canonical objects served per type via apps/api/src/objects/objects.controller.ts","No governed data products (DPD-01..20 patterns) with ownership, contracts, SLOs, consumers, cost or lifecycle",Not named in the master build prompt phase roadmap; packaged under P7-F by the delivery register
DP-42-001,V7,42 Data APIs and Query Services,97,"The data-platform realization of Data APIs and Query Services SHALL serve operational and analytical data through versioned commands, queries, APIs, and governed bulk interfaces with purpose-aware authorization.",V07-F012,data-platform,partial,passed:harness,merged,phase0,P7-F,"apps/api/src/pipeline/pipeline.service.ts (authoritative request pipeline, POL/AUD receipts); versioned /v1 controllers (apps/api/src/objects/objects.controller.ts, observation.controller.ts, graph.controller.ts, ...); apps/api/src/policy/pdp.service.ts (purpose required); apps/api/test/int/phase3-corrections.test.ts: H1 completeness across the graph responses, H2 lossless pagination; test/acceptance/acceptance.test.ts: AC-4 every request path has an executable audit path, AC-5","Versioned command/query APIs with purpose-aware authorization exist; no governed bulk interfaces, quotas or analytical query service",
DP-42-002,V7,42 Data APIs and Query Services,97,"Every production instance SHALL declare and continuously reconcile service identity, contract version, query semantics, consistency, pagination, filters, policy obligations, quotas, receipts, and error or partial-result state through versioned contracts, observed state, ownership, lineage, and audit evidence.",V07-F012,data-platform,partial,passed:harness,merged,phase0,P7-F,"apps/api/src/pipeline/pipeline.service.ts (authoritative request pipeline, POL/AUD receipts); versioned /v1 controllers (apps/api/src/objects/objects.controller.ts, observation.controller.ts, graph.controller.ts, ...); apps/api/src/policy/pdp.service.ts (purpose required); apps/api/test/int/phase3-corrections.test.ts: H1 completeness across the graph responses, H2 lossless pagination; test/acceptance/acceptance.test.ts: AC-4 every request path has an executable audit path, AC-5",Quotas and consistency declarations absent; partial-result flags exist for graph responses only,
DP-42-003,V7,42 Data APIs and Query Services,97,"The implementation SHALL enforce this authority boundary: API success does not imply complete, fresh, policy-authorized, or decision-fit data; partial, stale, denied, abstained, and unavailable states remain explicit.",V07-F012,data-platform,implemented,passed:harness,merged,phase0,done,"apps/api/src/pipeline/pipeline.service.ts (authoritative request pipeline, POL/AUD receipts); versioned /v1 controllers (apps/api/src/objects/objects.controller.ts, observation.controller.ts, graph.controller.ts, ...); apps/api/src/policy/pdp.service.ts (purpose required); apps/api/test/int/phase3-corrections.test.ts: H1 completeness across the graph responses, H2 lossless pagination; test/acceptance/acceptance.test.ts: AC-4 every request path has an executable audit path, AC-5",,
DP-42-004,V7,42 Data APIs and Query Services,98,"SaaS, Private Cloud, and On-Premise SHALL preserve the same object, temporal, truth-state, provenance, policy, correction, export, failure, replay, and human-authority semantics for Data APIs and Query Services.",V07-F012,data-platform,missing,unverified,none,phase7,P7-D,"EXCEPTIONS.md: EXC-P0-004 (single deployment profile, local Compose); docker-compose.yml",Deliver Private Cloud and On-Premise profiles and run shared conformance fixtures for Data APIs and Query Services semantics across all three; only the local profile exists,Semantics of this chapter exist (or not) only in the local profile; parity across profiles is unclaimed (EXC-P0-004)
DP-42-005,V7,42 Data APIs and Query Services,98,"When authorization, consistency, freshness, schema, pagination, or dependency state cannot satisfy the contract, the platform SHALL fail closed for protected access, return typed partial or stale state where allowed, preserve receipts, and prevent silent truncation; it SHALL NOT infer complete, current, authorized, correct, reconciled, or recovered data state.",V07-F012,data-platform,partial,passed:harness,merged,phase0,P7-F,"apps/api/src/pipeline/pipeline.service.ts (authoritative request pipeline, POL/AUD receipts); versioned /v1 controllers (apps/api/src/objects/objects.controller.ts, observation.controller.ts, graph.controller.ts, ...); apps/api/src/policy/pdp.service.ts (purpose required); apps/api/test/int/phase3-corrections.test.ts: H1 completeness across the graph responses, H2 lossless pagination; test/acceptance/acceptance.test.ts: AC-4 every request path has an executable audit path, AC-5",Fail-closed protected access and explicit truncation exist; typed stale-state responses limited to DEGRADED banner/readiness,
DP-42-006,V7,42 Data APIs and Query Services,98,"Production admission and continued operation SHALL require contract and negative authorization tests, consistency and pagination fixtures, load and quota tests, partial-result semantics, and audit evidence, bound to the exact contracts, schemas, code, data versions, policies, infrastructure, customer scope, deployment profile, and period under review.",V07-F012,data-platform,partial,passed:harness,merged,phase0,P7-F,"apps/api/src/pipeline/pipeline.service.ts (authoritative request pipeline, POL/AUD receipts); versioned /v1 controllers (apps/api/src/objects/objects.controller.ts, observation.controller.ts, graph.controller.ts, ...); apps/api/src/policy/pdp.service.ts (purpose required); apps/api/test/int/phase3-corrections.test.ts: H1 completeness across the graph responses, H2 lossless pagination; test/acceptance/acceptance.test.ts: AC-4 every request path has an executable audit path, AC-5",No load/quota tests,"Evidence is bound to the head SHA/digests of the local profile, not to a customer scope or period"
DP-43-001,V7,43 Event Products and Subscriptions,99,"The data-platform realization of Event Products and Subscriptions SHALL publish versioned change, signal, correction, lifecycle, quality, and strategic events to governed consumers through registered subscriptions.",V07-F012,data-platform,partial,passed:harness,merged,phase0,P7-F,apps/api/migrations/0006 objects.object_outbox; apps/api/src/objects/outbox.publisher.ts (domain-events queue); no subscription registry in apps/api/src; PHASE5_REPORT.md (CorrectionApplied consumer deferred),"Domain events are published to one internal queue; no registered subscriptions, event product schemas, consumer checkpoints, filters or revocation; no consumer exists (CorrectionApplied deferred)",The deferred CorrectionApplied consumer belongs to P3; external subscriptions to P7-F
DP-43-002,V7,43 Event Products and Subscriptions,99,"Every production instance SHALL declare and continuously reconcile event product, schema, producer, subject, ordering key, delivery, retention, subscription, filter, consumer checkpoint, policy, and revocation through versioned contracts, observed state, ownership, lineage, and audit evidence.",V07-F012,data-platform,missing,unverified,none,phase7,P7-F,apps/api/migrations/0006 objects.object_outbox; apps/api/src/objects/outbox.publisher.ts (domain-events queue); no subscription registry in apps/api/src; PHASE5_REPORT.md (CorrectionApplied consumer deferred),"Domain events are published to one internal queue; no registered subscriptions, event product schemas, consumer checkpoints, filters or revocation; no consumer exists (CorrectionApplied deferred)",The deferred CorrectionApplied consumer belongs to P3; external subscriptions to P7-F
DP-43-003,V7,43 Event Products and Subscriptions,99,"The implementation SHALL enforce this authority boundary: subscriptions grant only declared data, purpose, time, tenant, and consequence scope; consumers may not infer broader access from topic reachability.",V07-F012,data-platform,missing,unverified,none,phase7,P7-F,apps/api/migrations/0006 objects.object_outbox; apps/api/src/objects/outbox.publisher.ts (domain-events queue); no subscription registry in apps/api/src; PHASE5_REPORT.md (CorrectionApplied consumer deferred),"Domain events are published to one internal queue; no registered subscriptions, event product schemas, consumer checkpoints, filters or revocation; no consumer exists (CorrectionApplied deferred)",The deferred CorrectionApplied consumer belongs to P3; external subscriptions to P7-F
DP-43-004,V7,43 Event Products and Subscriptions,99,"SaaS, Private Cloud, and On-Premise SHALL preserve the same object, temporal, truth-state, provenance, policy, correction, export, failure, replay, and human-authority semantics for Event Products and Subscriptions.",V07-F012,data-platform,missing,unverified,none,phase7,P7-D,"EXCEPTIONS.md: EXC-P0-004 (single deployment profile, local Compose); docker-compose.yml",Deliver Private Cloud and On-Premise profiles and run shared conformance fixtures for Event Products and Subscriptions semantics across all three; only the local profile exists,Semantics of this chapter exist (or not) only in the local profile; parity across profiles is unclaimed (EXC-P0-004)
DP-43-005,V7,43 Event Products and Subscriptions,100,"When a subscription is unauthorized, schema-incompatible, lagging beyond policy, or cannot process correction and replay semantics, the platform SHALL revoke or pause delivery, preserve offsets, constrain retention, notify owner, and require conformance before resumption; it SHALL NOT infer complete, current, authorized, correct, reconciled, or recovered data state.",V07-F012,data-platform,missing,unverified,none,phase7,P7-F,apps/api/migrations/0006 objects.object_outbox; apps/api/src/objects/outbox.publisher.ts (domain-events queue); no subscription registry in apps/api/src; PHASE5_REPORT.md (CorrectionApplied consumer deferred),"Domain events are published to one internal queue; no registered subscriptions, event product schemas, consumer checkpoints, filters or revocation; no consumer exists (CorrectionApplied deferred)",The deferred CorrectionApplied consumer belongs to P3; external subscriptions to P7-F
DP-43-006,V7,43 Event Products and Subscriptions,100,"Production admission and continued operation SHALL require subscription authorization, schema compatibility, lag and replay, correction propagation, revocation, tenant isolation, and consumer acceptance, bound to the exact contracts, schemas, code, data versions, policies, infrastructure, customer scope, deployment profile, and period under review.",V07-F012,data-platform,missing,unverified,none,phase7,P7-F,apps/api/migrations/0006 objects.object_outbox; apps/api/src/objects/outbox.publisher.ts (domain-events queue); no subscription registry in apps/api/src; PHASE5_REPORT.md (CorrectionApplied consumer deferred),"Domain events are published to one internal queue; no registered subscriptions, event product schemas, consumer checkpoints, filters or revocation; no consumer exists (CorrectionApplied deferred)",The deferred CorrectionApplied consumer belongs to P3; external subscriptions to P7-F
DP-44-001,V7,44 Analytics and Semantic Serving,101,"The data-platform realization of Analytics and Semantic Serving SHALL provide governed metrics, dimensions, measures, cohorts, relationships, temporal views, and analytical models without creating a parallel truth system.",V07-F012,data-platform,missing,unverified,none,phase7,P7-F,"No semantic/metric layer; apps/api/migrations/0029 §2 prediction.series_registry is a narrow certified-series analogue (parser_ref, unit, attribution)",No governed metrics/dimensions/measures/cohorts or certified semantic models; Strategic Health Score (V0 C-034) has no data model,
DP-44-002,V7,44 Analytics and Semantic Serving,101,"Every production instance SHALL declare and continuously reconcile semantic model identity, owner, metric definition, grain, dimensions, filters, source revisions, policy, quality, certification, and effective time through versioned contracts, observed state, ownership, lineage, and audit evidence.",V07-F012,data-platform,missing,unverified,none,phase7,P7-F,"No semantic/metric layer; apps/api/migrations/0029 §2 prediction.series_registry is a narrow certified-series analogue (parser_ref, unit, attribution)",No governed metrics/dimensions/measures/cohorts or certified semantic models; Strategic Health Score (V0 C-034) has no data model,
DP-44-003,V7,44 Analytics and Semantic Serving,101,The implementation SHALL enforce this authority boundary: dashboards and BI tools are access modes; calculated metrics and semantic models remain versioned products linked to canonical data and evidence.,V07-F012,data-platform,missing,unverified,none,phase7,P7-F,"No semantic/metric layer; apps/api/migrations/0029 §2 prediction.series_registry is a narrow certified-series analogue (parser_ref, unit, attribution)",No governed metrics/dimensions/measures/cohorts or certified semantic models; Strategic Health Score (V0 C-034) has no data model,
DP-44-004,V7,44 Analytics and Semantic Serving,102,"SaaS, Private Cloud, and On-Premise SHALL preserve the same object, temporal, truth-state, provenance, policy, correction, export, failure, replay, and human-authority semantics for Analytics and Semantic Serving.",V07-F012,data-platform,missing,unverified,none,phase7,P7-D,"EXCEPTIONS.md: EXC-P0-004 (single deployment profile, local Compose); docker-compose.yml",Deliver Private Cloud and On-Premise profiles and run shared conformance fixtures for Analytics and Semantic Serving semantics across all three; only the local profile exists,Semantics of this chapter exist (or not) only in the local profile; parity across profiles is unclaimed (EXC-P0-004)
DP-44-005,V7,44 Analytics and Semantic Serving,102,"When metric definitions conflict, source grain is incompatible, certification expires, or analytical outputs cannot reproduce from declared inputs, the platform SHALL withdraw certification, expose affected reports and decisions, freeze the last valid model, and reconcile definitions under semantic governance; it SHALL NOT infer complete, current, authorized, correct, reconciled, or recovered dat…",V07-F012,data-platform,missing,unverified,none,phase7,P7-F,"No semantic/metric layer; apps/api/migrations/0029 §2 prediction.series_registry is a narrow certified-series analogue (parser_ref, unit, attribution)",No governed metrics/dimensions/measures/cohorts or certified semantic models; Strategic Health Score (V0 C-034) has no data model,
DP-44-006,V7,44 Analytics and Semantic Serving,102,"Production admission and continued operation SHALL require metric fixtures, grain and aggregation tests, reproducibility, policy filtering, definition diff, historical recalculation, and owner acceptance, bound to the exact contracts, schemas, code, data versions, policies, infrastructure, customer scope, deployment profile, and period under review.",V07-F012,data-platform,missing,unverified,none,phase7,P7-F,"No semantic/metric layer; apps/api/migrations/0029 §2 prediction.series_registry is a narrow certified-series analogue (parser_ref, unit, attribution)",No governed metrics/dimensions/measures/cohorts or certified semantic models; Strategic Health Score (V0 C-034) has no data model,
DP-45-001,V7,"45 Feature, Training, Evaluation, and Feedback Data",103,"The data-platform realization of Feature, Training, Evaluation, and Feedback Data SHALL govern datasets and features used to train, adapt, evaluate, calibrate, red-team, monitor, and learn from models and agents.",V07-F013,learning-evaluation,partial,passed:harness,merged,phase4,P7-B,"apps/api/migrations/0029 §4-§5 backtests, outcome_ledger, calibration; apps/api/migrations/0023 §3 recorded_responses (recorded_from fixture vs local-live); apps/api/test/int/phase4-acceptance.test.ts: D3/D4 backtest against seasonal naive, D4 calibration; apps/api/test/int/phase4-corrections-historical.test.ts: F2 origins fitted only on complete history; PHASE2_REPORT.md §6 (authored fixtures marked)","Backtest/outcome/calibration data and recorded model responses are governed; no dataset registry for training/evaluation/red-team/feedback, no features, splits or leakage controls",
DP-45-002,V7,"45 Feature, Training, Evaluation, and Feedback Data",103,"Every production instance SHALL declare and continuously reconcile dataset identity, purpose, population, snapshot, labels, features, rights, provenance, splits, leakage controls, quality, bias, approval, and expiry through versioned contracts, observed state, ownership, lineage, and audit evidence.",V07-F013,learning-evaluation,partial,passed:harness,merged,phase4,P7-B,"apps/api/migrations/0029 §4-§5 backtests, outcome_ledger, calibration; apps/api/migrations/0023 §3 recorded_responses (recorded_from fixture vs local-live); apps/api/test/int/phase4-acceptance.test.ts: D3/D4 backtest against seasonal naive, D4 calibration; apps/api/test/int/phase4-corrections-historical.test.ts: F2 origins fitted only on complete history; PHASE2_REPORT.md §6 (authored fixtures marked)","Dataset identity, splits, labels, bias, approval and expiry are not modelled",
DP-45-003,V7,"45 Feature, Training, Evaluation, and Feedback Data",103,"The implementation SHALL enforce this authority boundary: production, training, evaluation, red-team, synthetic, feedback, and outcome data remain isolated by purpose and may not be silently reused or contaminated.",V07-F013,learning-evaluation,partial,passed:harness,merged,phase4,P7-B,"apps/api/migrations/0029 §4-§5 backtests, outcome_ledger, calibration; apps/api/migrations/0023 §3 recorded_responses (recorded_from fixture vs local-live); apps/api/test/int/phase4-acceptance.test.ts: D3/D4 backtest against seasonal naive, D4 calibration; apps/api/test/int/phase4-corrections-historical.test.ts: F2 origins fitted only on complete history; PHASE2_REPORT.md §6 (authored fixtures marked)",Replay fixtures are marked recorded_from=fixture and never conflated with live; purpose isolation of training data has nothing to isolate (no training),
DP-45-004,V7,"45 Feature, Training, Evaluation, and Feedback Data",104,"SaaS, Private Cloud, and On-Premise SHALL preserve the same object, temporal, truth-state, provenance, policy, correction, export, failure, replay, and human-authority semantics for Feature, Training, Evaluation, and Feedback Data.",V07-F013,learning-evaluation,missing,unverified,none,phase7,P7-D,"EXCEPTIONS.md: EXC-P0-004 (single deployment profile, local Compose); docker-compose.yml","Deliver Private Cloud and On-Premise profiles and run shared conformance fixtures for Feature, Training, Evaluation, and Feedback Data semantics across all three; only the local profile exists",Semantics of this chapter exist (or not) only in the local profile; parity across profiles is unclaimed (EXC-P0-004)
DP-45-005,V7,"45 Feature, Training, Evaluation, and Feedback Data",104,"When rights, provenance, labels, split integrity, representativeness, leakage, or evaluation independence becomes invalid, the platform SHALL revoke the dataset or feature revision, stop affected model promotion, identify dependent artifacts, and rebuild or re-evaluate from approved data; it SHALL NOT infer complete, current, authorized, correct, reconciled, or recovered data state.",V07-F013,learning-evaluation,partial,passed:harness,merged,phase4,P7-B,"apps/api/migrations/0029 §4-§5 backtests, outcome_ledger, calibration; apps/api/migrations/0023 §3 recorded_responses (recorded_from fixture vs local-live); apps/api/test/int/phase4-acceptance.test.ts: D3/D4 backtest against seasonal naive, D4 calibration; apps/api/test/int/phase4-corrections-historical.test.ts: F2 origins fitted only on complete history; PHASE2_REPORT.md §6 (authored fixtures marked)",Governed deletion of an evidence version refuses the backtest (F2); no dataset revocation or model-promotion stop,
DP-45-006,V7,"45 Feature, Training, Evaluation, and Feedback Data",104,"Production admission and continued operation SHALL require dataset cards, rights review, lineage closure, leakage and contamination tests, slice metrics, split reproducibility, and model-impact analysis, bound to the exact contracts, schemas, code, data versions, policies, infrastructure, customer scope, deployment profile, and period under review.",V07-F013,learning-evaluation,missing,unverified,none,phase7,P7-B,"apps/api/migrations/0029 §4-§5 backtests, outcome_ledger, calibration; apps/api/migrations/0023 §3 recorded_responses (recorded_from fixture vs local-live); apps/api/test/int/phase4-acceptance.test.ts: D3/D4 backtest against seasonal naive, D4 calibration; apps/api/test/int/phase4-corrections-historical.test.ts: F2 origins fitted only on complete history; PHASE2_REPORT.md §6 (authored fixtures marked)","No dataset cards, leakage tests or slice metrics",
DP-46-001,V7,46 Context Assembly and Retrieval Products,105,"The data-platform realization of Context Assembly and Retrieval Products SHALL assemble purpose-bound evidence, graph, memory, twin, policy, and user context for agents, models, analysts, and executive workflows.",V07-F013,intelligence,partial,passed:harness,branch-only,phase2,P2,"apps/api/src/intelligence/gateway/model-gateway.service.ts (request digest, evidence spans, mode); apps/api/migrations/0023 claim_lineage byte spans; apps/api/src/executive/briefings/briefing.service.ts (as-of context with availability, items cited); apps/api/migrations/0049 (historical eligibility/contract state); apps/api/test/int/phase2-acceptance.test.ts: B1, B4; apps/api/test/int/phase6-briefings.test.ts","Context is assembled for extraction (evidence spans) and briefings (as-of items); no context-manifest product for agents/analysts, no ranking/budget/omission accounting beyond briefing availability",Briefing context (executive) is branch-only; extraction context is merged
DP-46-002,V7,46 Context Assembly and Retrieval Products,105,"Every production instance SHALL declare and continuously reconcile context manifest, request purpose, principal, object versions, retrieval methods, ranking, filters, token or size budget, omissions, citations, and expiry through versioned contracts, observed state, ownership, lineage, and audit evidence.",V07-F013,intelligence,partial,passed:harness,branch-only,phase2,P2,"apps/api/src/intelligence/gateway/model-gateway.service.ts (request digest, evidence spans, mode); apps/api/migrations/0023 claim_lineage byte spans; apps/api/src/executive/briefings/briefing.service.ts (as-of context with availability, items cited); apps/api/migrations/0049 (historical eligibility/contract state); apps/api/test/int/phase2-acceptance.test.ts: B1, B4; apps/api/test/int/phase6-briefings.test.ts","Token/size budget, ranking and omissions are not declared as a manifest",Briefing context (executive) is branch-only; extraction context is merged
DP-46-003,V7,46 Context Assembly and Retrieval Products,105,"The implementation SHALL enforce this authority boundary: context assembly does not grant new access, erase contradictory evidence, hide truncation, or convert retrieved content into instructions or accepted truth.",V07-F013,intelligence,partial,passed:harness,branch-only,phase2,P2,"apps/api/src/intelligence/gateway/model-gateway.service.ts (request digest, evidence spans, mode); apps/api/migrations/0023 claim_lineage byte spans; apps/api/src/executive/briefings/briefing.service.ts (as-of context with availability, items cited); apps/api/migrations/0049 (historical eligibility/contract state); apps/api/test/int/phase2-acceptance.test.ts: B1, B4; apps/api/test/int/phase6-briefings.test.ts",Retrieved content is not treated as instructions in the replay-only gateway; no injection defense corpus,Briefing context (executive) is branch-only; extraction context is merged
DP-46-004,V7,46 Context Assembly and Retrieval Products,106,"SaaS, Private Cloud, and On-Premise SHALL preserve the same object, temporal, truth-state, provenance, policy, correction, export, failure, replay, and human-authority semantics for Context Assembly and Retrieval Products.",V07-F013,intelligence,missing,unverified,none,phase7,P7-D,"EXCEPTIONS.md: EXC-P0-004 (single deployment profile, local Compose); docker-compose.yml",Deliver Private Cloud and On-Premise profiles and run shared conformance fixtures for Context Assembly and Retrieval Products semantics across all three; only the local profile exists,Semantics of this chapter exist (or not) only in the local profile; parity across profiles is unclaimed (EXC-P0-004)
DP-46-005,V7,46 Context Assembly and Retrieval Products,106,"When policy, freshness, relevance, token budget, injection defense, or citation closure cannot satisfy the task contract, the platform SHALL abstain or return a typed partial context, isolate malicious content, expose omissions, and prevent downstream admission as complete evidence; it SHALL NOT infer complete, current, authorized, correct, reconciled, or recovered data state.",V07-F013,intelligence,partial,passed:harness,branch-only,phase2,P2,"apps/api/src/intelligence/gateway/model-gateway.service.ts (request digest, evidence spans, mode); apps/api/migrations/0023 claim_lineage byte spans; apps/api/src/executive/briefings/briefing.service.ts (as-of context with availability, items cited); apps/api/migrations/0049 (historical eligibility/contract state); apps/api/test/int/phase2-acceptance.test.ts: B1, B4; apps/api/test/int/phase6-briefings.test.ts",Abstention exists for extraction; typed partial context exists for briefings (unavailable items); no injection isolation,Briefing context (executive) is branch-only; extraction context is merged
DP-46-006,V7,46 Context Assembly and Retrieval Products,106,"Production admission and continued operation SHALL require permission and purpose tests, retrieval evaluation, injection corpus, truncation and omission behavior, citation closure, freshness, and replay, bound to the exact contracts, schemas, code, data versions, policies, infrastructure, customer scope, deployment profile, and period under review.",V07-F013,intelligence,partial,passed:harness,branch-only,phase2,P2,"apps/api/src/intelligence/gateway/model-gateway.service.ts (request digest, evidence spans, mode); apps/api/migrations/0023 claim_lineage byte spans; apps/api/src/executive/briefings/briefing.service.ts (as-of context with availability, items cited); apps/api/migrations/0049 (historical eligibility/contract state); apps/api/test/int/phase2-acceptance.test.ts: B1, B4; apps/api/test/int/phase6-briefings.test.ts",No injection corpus or retrieval evaluation,"Briefing context (executive) is branch-only; extraction context is merged; Evidence is bound to the head SHA/digests of the local profile, not to a customer scope or period"
DP-47-001,V7,"47 Data Exchange, Export, and Portability",107,"The data-platform realization of Data Exchange, Export, and Portability SHALL provide complete governed export, import, exchange, replication, and portability paths using open formats and verifiable manifests.",V07-F013,commercial,missing,unverified,none,phase7,P7-F,apps/api/src/observation/observation.controller.ts: /evidence/:evdId/download (single-object byte retrieval with custody); packages/contracts/src/jcs.ts (RFC 8785 canonical JSON); no export/import/exchange service in apps/api/src,"No tenant/domain export, import, replication or portability package with manifest; only per-evidence download exists",
DP-47-002,V7,"47 Data Exchange, Export, and Portability",107,"Every production instance SHALL declare and continuously reconcile exchange identity, requester, purpose, scope, contract versions, object and relationship closure, policy, encryption, destination, receipt, and expiry through versioned contracts, observed state, ownership, lineage, and audit evidence.",V07-F013,commercial,missing,unverified,none,phase7,P7-F,apps/api/src/observation/observation.controller.ts: /evidence/:evdId/download (single-object byte retrieval with custody); packages/contracts/src/jcs.ts (RFC 8785 canonical JSON); no export/import/exchange service in apps/api/src,"No tenant/domain export, import, replication or portability package with manifest; only per-evidence download exists",
DP-47-003,V7,"47 Data Exchange, Export, and Portability",107,"The implementation SHALL enforce this authority boundary: exports preserve identity, temporal truth, provenance, corrections, policy labels, graph links, and manifest integrity; proprietary stores may not trap customer knowledge.",V07-F013,commercial,partial,unverified,merged,phase1,P7-F,apps/api/src/observation/observation.controller.ts: /evidence/:evdId/download (single-object byte retrieval with custody); packages/contracts/src/jcs.ts (RFC 8785 canonical JSON); no export/import/exchange service in apps/api/src,Objects are open JSON with canonical digests (JCS) so an export would preserve identity/time/provenance; no export exists to prove it,
DP-47-004,V7,"47 Data Exchange, Export, and Portability",108,"SaaS, Private Cloud, and On-Premise SHALL preserve the same object, temporal, truth-state, provenance, policy, correction, export, failure, replay, and human-authority semantics for Data Exchange, Export, and Portability.",V07-F013,commercial,missing,unverified,none,phase7,P7-D,"EXCEPTIONS.md: EXC-P0-004 (single deployment profile, local Compose); docker-compose.yml","Deliver Private Cloud and On-Premise profiles and run shared conformance fixtures for Data Exchange, Export, and Portability semantics across all three; only the local profile exists",Semantics of this chapter exist (or not) only in the local profile; parity across profiles is unclaimed (EXC-P0-004)
DP-47-005,V7,"47 Data Exchange, Export, and Portability",108,"When scope, rights, destination, completeness, integrity, re- import compatibility, or revocation cannot be proven, the platform SHALL deny or quarantine the exchange, preserve the request and evidence, repair the manifest, and require recipient acknowledgement before closure; it SHALL NOT infer complete, current, authorized, correct, reconciled, or recovered data state.",V07-F013,commercial,missing,unverified,none,phase7,P7-F,apps/api/src/observation/observation.controller.ts: /evidence/:evdId/download (single-object byte retrieval with custody); packages/contracts/src/jcs.ts (RFC 8785 canonical JSON); no export/import/exchange service in apps/api/src,"No tenant/domain export, import, replication or portability package with manifest; only per-evidence download exists",
DP-47-006,V7,"47 Data Exchange, Export, and Portability",108,"Production admission and continued operation SHALL require round-trip fixtures, large-scale export, relationship closure, checksum and signature verification, policy filtering, revocation, and customer acceptance, bound to the exact contracts, schemas, code, data versions, policies, infrastructure, customer scope, deployment profile, and period under review.",V07-F013,commercial,missing,unverified,none,phase7,P7-F,apps/api/src/observation/observation.controller.ts: /evidence/:evdId/download (single-object byte retrieval with custody); packages/contracts/src/jcs.ts (RFC 8785 canonical JSON); no export/import/exchange service in apps/api/src,No round-trip fixtures,
DP-48-001,V7,48 Marketplace Data Packages and Extension Contracts,109,"The data-platform realization of Marketplace Data Packages and Extension Contracts SHALL govern reusable data products, schemas, ontologies, connectors, mappings, features, and scenario datasets distributed through controlled marketplaces.",V07-F013,marketplace,missing,unverified,none,phase7,P7-C,No marketplace/package installation code in the repository; EXCEPTIONS.md EXC-P0-003 (no artifact signing),"No signed data/schema/ontology/connector/scenario packages, sandbox, licensing or revocation",
DP-48-002,V7,48 Marketplace Data Packages and Extension Contracts,109,"Every production instance SHALL declare and continuously reconcile package identity, publisher, license, contents, contracts, permissions, dependencies, signatures, evaluation, sandbox profile, monitoring, revocation, and support through versioned contracts, observed state, ownership, lineage, and audit evidence.",V07-F013,marketplace,missing,unverified,none,phase7,P7-C,No marketplace/package installation code in the repository; EXCEPTIONS.md EXC-P0-003 (no artifact signing),"No signed data/schema/ontology/connector/scenario packages, sandbox, licensing or revocation",
DP-48-003,V7,48 Marketplace Data Packages and Extension Contracts,109,"The implementation SHALL enforce this authority boundary: marketplace installation grants no implicit access to customer data, memory, graph, keys, models, tools, or external destinations.",V07-F013,marketplace,missing,unverified,none,phase7,P7-C,No marketplace/package installation code in the repository; EXCEPTIONS.md EXC-P0-003 (no artifact signing),"No signed data/schema/ontology/connector/scenario packages, sandbox, licensing or revocation",
DP-48-004,V7,48 Marketplace Data Packages and Extension Contracts,110,"SaaS, Private Cloud, and On-Premise SHALL preserve the same object, temporal, truth-state, provenance, policy, correction, export, failure, replay, and human-authority semantics for Marketplace Data Packages and Extension Contracts.",V07-F013,marketplace,missing,unverified,none,phase7,P7-D,"EXCEPTIONS.md: EXC-P0-004 (single deployment profile, local Compose); docker-compose.yml",Deliver Private Cloud and On-Premise profiles and run shared conformance fixtures for Marketplace Data Packages and Extension Contracts semantics across all three; only the local profile exists,Semantics of this chapter exist (or not) only in the local profile; parity across profiles is unclaimed (EXC-P0-004)
DP-48-005,V7,48 Marketplace Data Packages and Extension Contracts,110,"When a package is unsigned, malicious, incompatible, over- privileged, unlicensed, unfit, or revoked, the platform SHALL block installation or execution, quarantine the package, identify affected data and products, revoke access, and restore a trusted version; it SHALL NOT infer complete, current, authorized, correct, reconciled, or recovered data state.",V07-F013,marketplace,missing,unverified,none,phase7,P7-C,No marketplace/package installation code in the repository; EXCEPTIONS.md EXC-P0-003 (no artifact signing),"No signed data/schema/ontology/connector/scenario packages, sandbox, licensing or revocation",
DP-48-006,V7,48 Marketplace Data Packages and Extension Contracts,110,"Production admission and continued operation SHALL require signature and provenance, sandbox, permission denial, compatibility, data-access isolation, quality evaluation, revocation, and uninstall evidence, bound to the exact contracts, schemas, code, data versions, policies, infrastructure, customer scope, deployment profile, and period under review.",V07-F013,marketplace,missing,unverified,none,phase7,P7-C,No marketplace/package installation code in the repository; EXCEPTIONS.md EXC-P0-003 (no artifact signing),"No signed data/schema/ontology/connector/scenario packages, sandbox, licensing or revocation",
DP-49-001,V7,49 Metadata Catalog and Data Discovery,112,"The data-platform realization of Metadata Catalog and Data Discovery SHALL maintain a complete authoritative catalog of data assets, contracts, schemas, owners, lineage, policy, quality, service levels, consumers, cost, and lifecycle.",V07-F014,data-platform,partial,unverified,merged,phase0,P7-F,"apps/api/migrations/0006 objects.schema_registry; apps/api/migrations/0008 objects.canonical_field_registry; observation sources register (apps/api/src/observation/sources/sources.service.ts, readiness register); apps/api/scripts/authority-inventory.mjs","Registries exist for object schemas, header fields, sources and ports; no unified catalog of assets, owners, lineage, policy, quality, SLOs, consumers, cost",
DP-49-002,V7,49 Metadata Catalog and Data Discovery,112,"Every production instance SHALL declare and continuously reconcile catalog entry, asset identity, owner, classification, contracts, locations, lineage, glossary, quality, SLO, consumers, release, and lifecycle state through versioned contracts, observed state, ownership, lineage, and audit evidence.",V07-F014,data-platform,partial,unverified,merged,phase0,P7-F,"apps/api/migrations/0006 objects.schema_registry; apps/api/migrations/0008 objects.canonical_field_registry; observation sources register (apps/api/src/observation/sources/sources.service.ts, readiness register); apps/api/scripts/authority-inventory.mjs",,
DP-49-003,V7,49 Metadata Catalog and Data Discovery,112,"The implementation SHALL enforce this authority boundary: catalog metadata may describe and index authority but cannot replace the owning source, contract registry, policy service, or canonical object state.",V07-F014,data-platform,implemented,unverified,merged,phase0,P7-F,"apps/api/migrations/0006 objects.schema_registry; apps/api/migrations/0008 objects.canonical_field_registry; observation sources register (apps/api/src/observation/sources/sources.service.ts, readiness register); apps/api/scripts/authority-inventory.mjs",Registries describe; canonical state stays in objects/ports,
DP-49-004,V7,49 Metadata Catalog and Data Discovery,112,"SaaS, Private Cloud, and On-Premise SHALL preserve the same object, temporal, truth-state, provenance, policy, correction, export, failure, replay, and human-authority semantics for Metadata Catalog and Data Discovery.",V07-F014,data-platform,missing,unverified,none,phase7,P7-D,"EXCEPTIONS.md: EXC-P0-004 (single deployment profile, local Compose); docker-compose.yml",Deliver Private Cloud and On-Premise profiles and run shared conformance fixtures for Metadata Catalog and Data Discovery semantics across all three; only the local profile exists,Semantics of this chapter exist (or not) only in the local profile; parity across profiles is unclaimed (EXC-P0-004)
DP-49-005,V7,49 Metadata Catalog and Data Discovery,113,"When catalog coverage, ownership, lineage, policy, or runtime observations are missing, stale, duplicated, or inconsistent, the platform SHALL mark affected assets undiscoverable or untrusted, stop new consumption where required, reconcile authoritative registries, and expose coverage debt; it SHALL NOT infer complete, current, authorized, correct, reconciled, or recovered data state.",V07-F014,data-platform,missing,unverified,none,phase7,P7-F,"apps/api/migrations/0006 objects.schema_registry; apps/api/migrations/0008 objects.canonical_field_registry; observation sources register (apps/api/src/observation/sources/sources.service.ts, readiness register); apps/api/scripts/authority-inventory.mjs",No undiscoverable/untrusted marking or coverage-debt exposure,
DP-49-006,V7,49 Metadata Catalog and Data Discovery,113,"Production admission and continued operation SHALL require inventory reconciliation, orphan detection, ownership recertification, lineage coverage, search permission, runtime sync, and retirement evidence, bound to the exact contracts, schemas, code, data versions, policies, infrastructure, customer scope, deployment profile, and period under review.",V07-F014,data-platform,missing,unverified,none,phase7,P7-F,"apps/api/migrations/0006 objects.schema_registry; apps/api/migrations/0008 objects.canonical_field_registry; observation sources register (apps/api/src/observation/sources/sources.service.ts, readiness register); apps/api/scripts/authority-inventory.mjs",No inventory reconciliation or orphan detection,
DP-50-001,V7,"50 Policy, Access, and Purpose Enforcement",114,"The data-platform realization of Policy, Access, and Purpose Enforcement SHALL enforce identity, tenant, role, attribute, purpose, classification, rights, locality, time, consequence, and obligation policy at every data boundary.",V07-F014,identity-policy,implemented,passed:harness,merged,phase0,P7-D,"apps/api/src/policy/pdp.service.ts (four-value ABAC, default deny, purpose required, obligations executed, human_gate); apps/api/migrations/0003 policy_decisions; apps/api/migrations/0013 operation closure; apps/api/migrations/0014 evidence de-authorization; RLS FORCE on every scoped table; apps/api/migrations/0048 revocation epoch; test/acceptance/acceptance.test.ts: AC-5 four-value ABAC, AC-11; apps/api/test/int/gate22-evidence-deauthorization.test.ts; apps/api/test/int/domain-isolation.test.ts; test/unit/pdp.test.ts",Locality and time attributes are not policy inputs (six-dimension input covers identity/scope/action/purpose/consequence/context),
DP-50-002,V7,"50 Policy, Access, and Purpose Enforcement",114,"Every production instance SHALL declare and continuously reconcile policy decision, principal, resource, action, purpose, context, policy version, result, obligations, enforcement receipt, and review state through versioned contracts, observed state, ownership, lineage, and audit evidence.",V07-F014,identity-policy,implemented,passed:harness,merged,phase0,done,"apps/api/src/policy/pdp.service.ts (four-value ABAC, default deny, purpose required, obligations executed, human_gate); apps/api/migrations/0003 policy_decisions; apps/api/migrations/0013 operation closure; apps/api/migrations/0014 evidence de-authorization; RLS FORCE on every scoped table; apps/api/migrations/0048 revocation epoch; test/acceptance/acceptance.test.ts: AC-5 four-value ABAC, AC-11; apps/api/test/int/gate22-evidence-deauthorization.test.ts; apps/api/test/int/domain-isolation.test.ts; test/unit/pdp.test.ts",,
DP-50-003,V7,"50 Policy, Access, and Purpose Enforcement",114,"The implementation SHALL enforce this authority boundary: applications, pipelines, agents, models, administrators, and storage engines cannot self-authorize or silently bypass independent policy enforcement.",V07-F014,identity-policy,implemented,passed:harness,merged,phase0,done,"apps/api/src/policy/pdp.service.ts (four-value ABAC, default deny, purpose required, obligations executed, human_gate); apps/api/migrations/0003 policy_decisions; apps/api/migrations/0013 operation closure; apps/api/migrations/0014 evidence de-authorization; RLS FORCE on every scoped table; apps/api/migrations/0048 revocation epoch; test/acceptance/acceptance.test.ts: AC-5 four-value ABAC, AC-11; apps/api/test/int/gate22-evidence-deauthorization.test.ts; apps/api/test/int/domain-isolation.test.ts; test/unit/pdp.test.ts",,
DP-50-004,V7,"50 Policy, Access, and Purpose Enforcement",115,"SaaS, Private Cloud, and On-Premise SHALL preserve the same object, temporal, truth-state, provenance, policy, correction, export, failure, replay, and human-authority semantics for Policy, Access, and Purpose Enforcement.",V07-F014,identity-policy,missing,unverified,none,phase7,P7-D,"EXCEPTIONS.md: EXC-P0-004 (single deployment profile, local Compose); docker-compose.yml","Deliver Private Cloud and On-Premise profiles and run shared conformance fixtures for Policy, Access, and Purpose Enforcement semantics across all three; only the local profile exists",Semantics of this chapter exist (or not) only in the local profile; parity across profiles is unclaimed (EXC-P0-004)
DP-50-005,V7,"50 Policy, Access, and Purpose Enforcement",115,"When identity, purpose, policy, classification, or enforcement evidence is missing, conflicting, stale, or unavailable, the platform SHALL fail closed for protected operations, use only explicit bounded cached decisions where authorized, revoke suspect grants, and preserve denial evidence; it SHALL NOT infer complete, current, authorized, correct, reconciled, or recovered data state.",V07-F014,identity-policy,implemented,passed:harness,merged,phase0,done,"apps/api/src/policy/pdp.service.ts (four-value ABAC, default deny, purpose required, obligations executed, human_gate); apps/api/migrations/0003 policy_decisions; apps/api/migrations/0013 operation closure; apps/api/migrations/0014 evidence de-authorization; RLS FORCE on every scoped table; apps/api/migrations/0048 revocation epoch; test/acceptance/acceptance.test.ts: AC-5 four-value ABAC, AC-11; apps/api/test/int/gate22-evidence-deauthorization.test.ts; apps/api/test/int/domain-isolation.test.ts; test/unit/pdp.test.ts",,
DP-50-006,V7,"50 Policy, Access, and Purpose Enforcement",115,"Production admission and continued operation SHALL require positive and negative authorization, purpose change, policy outage, revocation propagation, row and field filtering, and privileged-access review, bound to the exact contracts, schemas, code, data versions, policies, infrastructure, customer scope, deployment profile, and period under review.",V07-F014,identity-policy,partial,passed:harness,merged,phase0,P7-D,"apps/api/src/policy/pdp.service.ts (four-value ABAC, default deny, purpose required, obligations executed, human_gate); apps/api/migrations/0003 policy_decisions; apps/api/migrations/0013 operation closure; apps/api/migrations/0014 evidence de-authorization; RLS FORCE on every scoped table; apps/api/migrations/0048 revocation epoch; test/acceptance/acceptance.test.ts: AC-5 four-value ABAC, AC-11; apps/api/test/int/gate22-evidence-deauthorization.test.ts; apps/api/test/int/domain-isolation.test.ts; test/unit/pdp.test.ts",Field-level filtering limited to the mask_secret_metadata obligation; no policy-outage or privileged-access review exercises,"Evidence is bound to the head SHA/digests of the local profile, not to a customer scope or period"
DP-51-001,V7,"51 Privacy, Minimization, Consent, and Lawful Basis",116,"The data-platform realization of Privacy, Minimization, Consent, and Lawful Basis SHALL make collection, use, inference, sharing, retention, correction, access, and deletion purpose- bound, proportionate, reviewable, and enforceable.",V07-F014,identity-policy,partial,passed:harness,merged,phase1,P7-D,apps/api/migrations/0006 purpose_scope NOT NULL; apps/api/src/policy/pdp.service.ts (missing purpose on a protected operation -> deny); apps/api/src/observation/connectors/redaction.ts (query strings/secrets never logged); apps/api/migrations/0022 contract purposes; apps/api/test/int/phase1-hostile-input.test.ts: A10 secret and URL-query redaction; test/acceptance/acceptance.test.ts: missing purpose -> deny,"Purpose binding and telemetry minimization exist; no data-subject/protected-class context, consent, lawful basis, minimization rules, access/deletion request handling",
DP-51-002,V7,"51 Privacy, Minimization, Consent, and Lawful Basis",116,"Every production instance SHALL declare and continuously reconcile data subject or protected class context, purpose, lawful basis, consent where applicable, minimization rule, use restriction, access request, and expiry through versioned contracts, observed state, ownership, lineage, and audit evidence.",V07-F014,identity-policy,missing,unverified,none,phase7,P7-D,apps/api/migrations/0006 purpose_scope NOT NULL; apps/api/src/policy/pdp.service.ts (missing purpose on a protected operation -> deny); apps/api/src/observation/connectors/redaction.ts (query strings/secrets never logged); apps/api/migrations/0022 contract purposes; apps/api/test/int/phase1-hostile-input.test.ts: A10 secret and URL-query redaction; test/acceptance/acceptance.test.ts: missing purpose -> deny,"Purpose binding and telemetry minimization exist; no data-subject/protected-class context, consent, lawful basis, minimization rules, access/deletion request handling",
DP-51-003,V7,"51 Privacy, Minimization, Consent, and Lawful Basis",116,"The implementation SHALL enforce this authority boundary: availability, model utility, analytics value, or operational convenience does not authorize collection or secondary use beyond the approved purpose.",V07-F014,identity-policy,partial,passed:harness,merged,phase1,P7-D,apps/api/migrations/0006 purpose_scope NOT NULL; apps/api/src/policy/pdp.service.ts (missing purpose on a protected operation -> deny); apps/api/src/observation/connectors/redaction.ts (query strings/secrets never logged); apps/api/migrations/0022 contract purposes; apps/api/test/int/phase1-hostile-input.test.ts: A10 secret and URL-query redaction; test/acceptance/acceptance.test.ts: missing purpose -> deny,Secondary use beyond purpose is denied at the PDP; no inference/sharing controls,
DP-51-004,V7,"51 Privacy, Minimization, Consent, and Lawful Basis",117,"SaaS, Private Cloud, and On-Premise SHALL preserve the same object, temporal, truth-state, provenance, policy, correction, export, failure, replay, and human-authority semantics for Privacy, Minimization, Consent, and Lawful Basis.",V07-F014,identity-policy,missing,unverified,none,phase7,P7-D,"EXCEPTIONS.md: EXC-P0-004 (single deployment profile, local Compose); docker-compose.yml","Deliver Private Cloud and On-Premise profiles and run shared conformance fixtures for Privacy, Minimization, Consent, and Lawful Basis semantics across all three; only the local profile exists",Semantics of this chapter exist (or not) only in the local profile; parity across profiles is unclaimed (EXC-P0-004)
DP-51-005,V7,"51 Privacy, Minimization, Consent, and Lawful Basis",117,"When purpose, lawful basis, consent, minimization, or data- subject obligations cannot be established or fulfilled, the platform SHALL stop the affected processing, restrict access, preserve the compliance case, execute required correction or deletion, and notify accountable authorities; it SHALL NOT infer complete, current, authorized, correct, reconciled, or recovered data state.",V07-F014,identity-policy,missing,unverified,none,phase7,P7-D,apps/api/migrations/0006 purpose_scope NOT NULL; apps/api/src/policy/pdp.service.ts (missing purpose on a protected operation -> deny); apps/api/src/observation/connectors/redaction.ts (query strings/secrets never logged); apps/api/migrations/0022 contract purposes; apps/api/test/int/phase1-hostile-input.test.ts: A10 secret and URL-query redaction; test/acceptance/acceptance.test.ts: missing purpose -> deny,"Purpose binding and telemetry minimization exist; no data-subject/protected-class context, consent, lawful basis, minimization rules, access/deletion request handling",
DP-51-006,V7,"51 Privacy, Minimization, Consent, and Lawful Basis",117,"Production admission and continued operation SHALL require purpose and field minimization tests, consent changes, subject request exercises, inference review, secondary-use denial, and deletion verification, bound to the exact contracts, schemas, code, data versions, policies, infrastructure, customer scope, deployment profile, and period under review.",V07-F014,identity-policy,missing,unverified,none,phase7,P7-D,apps/api/migrations/0006 purpose_scope NOT NULL; apps/api/src/policy/pdp.service.ts (missing purpose on a protected operation -> deny); apps/api/src/observation/connectors/redaction.ts (query strings/secrets never logged); apps/api/migrations/0022 contract purposes; apps/api/test/int/phase1-hostile-input.test.ts: A10 secret and URL-query redaction; test/acceptance/acceptance.test.ts: missing purpose -> deny,"Purpose binding and telemetry minimization exist; no data-subject/protected-class context, consent, lawful basis, minimization rules, access/deletion request handling",
DP-52-001,V7,"52 Residency, Sovereignty, and Cross-Border Control",118,"The data-platform realization of Residency, Sovereignty, and Cross-Border Control SHALL bind storage, processing, replication, indexes, models, telemetry, backups, support, and exchange to approved jurisdictional and administrative boundaries.",V07-F014,infrastructure,partial,unverified,merged,phase1,P7-D,"apps/api/migrations/0006 residency_profile column; apps/api/migrations/0022 source contract residency and manifest residency (recorded); no placement/egress enforcement of residency in apps/api/src (residency is carried, not evaluated); apps/api/src/observation/connectors/http-client.ts (host allowlist only)","Residency is a recorded label on contracts/manifests/objects; nothing binds storage, processing, backups, support or exchange to a jurisdiction",
DP-52-002,V7,"52 Residency, Sovereignty, and Cross-Border Control",118,"Every production instance SHALL declare and continuously reconcile sovereignty profile, residency class, processing locality, key authority, administrator jurisdiction, transfer mechanism, exception, and evidence through versioned contracts, observed state, ownership, lineage, and audit evidence.",V07-F014,infrastructure,missing,unverified,none,phase7,P7-D,"apps/api/migrations/0006 residency_profile column; apps/api/migrations/0022 source contract residency and manifest residency (recorded); no placement/egress enforcement of residency in apps/api/src (residency is carried, not evaluated); apps/api/src/observation/connectors/http-client.ts (host allowlist only)","Residency is a recorded label on contracts/manifests/objects; nothing binds storage, processing, backups, support or exchange to a jurisdiction",
DP-52-003,V7,"52 Residency, Sovereignty, and Cross-Border Control",118,"The implementation SHALL enforce this authority boundary: residency applies end to end across primary, replica, cache, archive, backup, recovery, support, provider, and derived data paths.",V07-F014,infrastructure,missing,unverified,none,phase7,P7-D,"apps/api/migrations/0006 residency_profile column; apps/api/migrations/0022 source contract residency and manifest residency (recorded); no placement/egress enforcement of residency in apps/api/src (residency is carried, not evaluated); apps/api/src/observation/connectors/http-client.ts (host allowlist only)","Residency is a recorded label on contracts/manifests/objects; nothing binds storage, processing, backups, support or exchange to a jurisdiction",
DP-52-004,V7,"52 Residency, Sovereignty, and Cross-Border Control",119,"SaaS, Private Cloud, and On-Premise SHALL preserve the same object, temporal, truth-state, provenance, policy, correction, export, failure, replay, and human-authority semantics for Residency, Sovereignty, and Cross-Border Control.",V07-F014,infrastructure,missing,unverified,none,phase7,P7-D,"EXCEPTIONS.md: EXC-P0-004 (single deployment profile, local Compose); docker-compose.yml","Deliver Private Cloud and On-Premise profiles and run shared conformance fixtures for Residency, Sovereignty, and Cross-Border Control semantics across all three; only the local profile exists",Semantics of this chapter exist (or not) only in the local profile; parity across profiles is unclaimed (EXC-P0-004)
DP-52-005,V7,"52 Residency, Sovereignty, and Cross-Border Control",119,"When placement, processing, support, model use, recovery, or exchange would cross an unapproved boundary, the platform SHALL deny the operation, choose an approved local path or explicit reduced capability, and preserve the blocked reason and affected scope; it SHALL NOT infer complete, current, authorized, correct, reconciled, or recovered data state.",V07-F014,infrastructure,missing,unverified,none,phase7,P7-D,"apps/api/migrations/0006 residency_profile column; apps/api/migrations/0022 source contract residency and manifest residency (recorded); no placement/egress enforcement of residency in apps/api/src (residency is carried, not evaluated); apps/api/src/observation/connectors/http-client.ts (host allowlist only)","Residency is a recorded label on contracts/manifests/objects; nothing binds storage, processing, backups, support or exchange to a jurisdiction",
DP-52-006,V7,"52 Residency, Sovereignty, and Cross-Border Control",119,"Production admission and continued operation SHALL require placement and egress proofs, key and administrator tests, backup locality, provider denial, disconnected operation, and recovery exercises, bound to the exact contracts, schemas, code, data versions, policies, infrastructure, customer scope, deployment profile, and period under review.",V07-F014,infrastructure,missing,unverified,none,phase7,P7-D,"apps/api/migrations/0006 residency_profile column; apps/api/migrations/0022 source contract residency and manifest residency (recorded); no placement/egress enforcement of residency in apps/api/src (residency is carried, not evaluated); apps/api/src/observation/connectors/http-client.ts (host allowlist only)","Residency is a recorded label on contracts/manifests/objects; nothing binds storage, processing, backups, support or exchange to a jurisdiction",
DP-53-001,V7,"53 Encryption, Tokenization, Masking, and Confidentiality",120,"The data-platform realization of Encryption, Tokenization, Masking, and Confidentiality SHALL protect data at rest, in transit, in use, in lower environments, and in shared outputs through policy-bound cryptographic and transformation controls.",V07-F014,infrastructure,partial,passed:harness,merged,phase1,P7-D,"apps/api/src/observation/connectors/http-client.ts (TLS verified, plaintext HTTP contracts refused); apps/api/test/int/phase1-hostile-input.test.ts: a contract naming a plaintext HTTP endpoint is refused; apps/api/src/observation/connectors/redaction.ts; EXCEPTIONS.md EXC-P0-005 (.env secrets); no at-rest encryption, tokenization or masking in apps/api","In-transit TLS on egress only; no at-rest encryption/key management, tokenization, masking or lower-environment de-identification",
DP-53-002,V7,"53 Encryption, Tokenization, Masking, and Confidentiality",120,"Every production instance SHALL declare and continuously reconcile protection profile, data class, key identity, token vault, masking rule, confidential execution requirement, rotation, revocation, and evidence through versioned contracts, observed state, ownership, lineage, and audit evidence.",V07-F014,infrastructure,missing,unverified,none,phase7,P7-D,"apps/api/src/observation/connectors/http-client.ts (TLS verified, plaintext HTTP contracts refused); apps/api/test/int/phase1-hostile-input.test.ts: a contract naming a plaintext HTTP endpoint is refused; apps/api/src/observation/connectors/redaction.ts; EXCEPTIONS.md EXC-P0-005 (.env secrets); no at-rest encryption, tokenization or masking in apps/api","In-transit TLS on egress only; no at-rest encryption/key management, tokenization, masking or lower-environment de-identification",
DP-53-003,V7,"53 Encryption, Tokenization, Masking, and Confidentiality",120,"The implementation SHALL enforce this authority boundary: masking and tokenization preserve controlled usability but do not change classification, purpose, rights, retention, or re- identification risk.",V07-F014,infrastructure,missing,unverified,none,phase7,P7-D,"apps/api/src/observation/connectors/http-client.ts (TLS verified, plaintext HTTP contracts refused); apps/api/test/int/phase1-hostile-input.test.ts: a contract naming a plaintext HTTP endpoint is refused; apps/api/src/observation/connectors/redaction.ts; EXCEPTIONS.md EXC-P0-005 (.env secrets); no at-rest encryption, tokenization or masking in apps/api","In-transit TLS on egress only; no at-rest encryption/key management, tokenization, masking or lower-environment de-identification",
DP-53-004,V7,"53 Encryption, Tokenization, Masking, and Confidentiality",121,"SaaS, Private Cloud, and On-Premise SHALL preserve the same object, temporal, truth-state, provenance, policy, correction, export, failure, replay, and human-authority semantics for Encryption, Tokenization, Masking, and Confidentiality.",V07-F014,infrastructure,missing,unverified,none,phase7,P7-D,"EXCEPTIONS.md: EXC-P0-004 (single deployment profile, local Compose); docker-compose.yml","Deliver Private Cloud and On-Premise profiles and run shared conformance fixtures for Encryption, Tokenization, Masking, and Confidentiality semantics across all three; only the local profile exists",Semantics of this chapter exist (or not) only in the local profile; parity across profiles is unclaimed (EXC-P0-004)
DP-53-005,V7,"53 Encryption, Tokenization, Masking, and Confidentiality",121,"When keys, certificates, masks, tokens, attestation, or re- identification controls become invalid or unavailable, the platform SHALL stop protected processing, revoke exposed authority, quarantine affected derivatives, rotate or recover controls, and assess data impact; it SHALL NOT infer complete, current, authorized, correct, reconciled, or recovered data state.",V07-F014,infrastructure,missing,unverified,none,phase7,P7-D,"apps/api/src/observation/connectors/http-client.ts (TLS verified, plaintext HTTP contracts refused); apps/api/test/int/phase1-hostile-input.test.ts: a contract naming a plaintext HTTP endpoint is refused; apps/api/src/observation/connectors/redaction.ts; EXCEPTIONS.md EXC-P0-005 (.env secrets); no at-rest encryption, tokenization or masking in apps/api","In-transit TLS on egress only; no at-rest encryption/key management, tokenization, masking or lower-environment de-identification",
DP-53-006,V7,"53 Encryption, Tokenization, Masking, and Confidentiality",121,"Production admission and continued operation SHALL require encryption posture, key rotation and recovery, tokenization determinism, mask quality, re-identification testing, and confidential execution attestation, bound to the exact contracts, schemas, code, data versions, policies, infrastructure, customer scope, deployment profile, and period under review.",V07-F014,infrastructure,missing,unverified,none,phase7,P7-D,"apps/api/src/observation/connectors/http-client.ts (TLS verified, plaintext HTTP contracts refused); apps/api/test/int/phase1-hostile-input.test.ts: a contract naming a plaintext HTTP endpoint is refused; apps/api/src/observation/connectors/redaction.ts; EXCEPTIONS.md EXC-P0-005 (.env secrets); no at-rest encryption, tokenization or masking in apps/api","In-transit TLS on egress only; no at-rest encryption/key management, tokenization, masking or lower-environment de-identification",
DP-54-001,V7,"54 Retention, Legal Hold, Archive, and Deletion",122,"The data-platform realization of Retention, Legal Hold, Archive, and Deletion SHALL execute lawful retention, archive, legal hold, customer export, deletion, and residual-reference closure across canonical and derived data.",V07-F015,data-platform,partial,passed:harness,merged,phase1,P3,"apps/api/migrations/0022 blob_manifests.retention_profile/legal_hold (stored), blob_tombstones; apps/api/migrations/0006 retention_profile, lifecycle_state deleted/archived; apps/api/test/int/phase6-scheduled-corrections.test.ts: GOVERNED-DELETED bytes are not reused; apps/api/test/int/phase4-corrections-historical.test.ts: after one evidence version is governed-deleted, no origin is fitted; apps/api/src/observation/sweeper/sweeper.service.ts (nothing is ever silently deleted)","Governed deletion of evidence bytes (tombstone) exists and derived readers refuse the deleted version; no retention timers, archive tier, legal-hold precedence enforcement, customer deletion requests or residual-reference closure across projections",
DP-54-002,V7,"54 Retention, Legal Hold, Archive, and Deletion",122,"Every production instance SHALL declare and continuously reconcile lifecycle policy, trigger, retention period, hold, archive tier, deletion scope, authority, execution, residual references, verification, and evidence through versioned contracts, observed state, ownership, lineage, and audit evidence.",V07-F015,data-platform,partial,unverified,merged,phase1,P3,"apps/api/migrations/0022 blob_manifests.retention_profile/legal_hold (stored), blob_tombstones; apps/api/migrations/0006 retention_profile, lifecycle_state deleted/archived; apps/api/test/int/phase6-scheduled-corrections.test.ts: GOVERNED-DELETED bytes are not reused; apps/api/test/int/phase4-corrections-historical.test.ts: after one evidence version is governed-deleted, no origin is fitted; apps/api/src/observation/sweeper/sweeper.service.ts (nothing is ever silently deleted)",Retention/hold are labels; no lifecycle policy engine or execution record,
DP-54-003,V7,"54 Retention, Legal Hold, Archive, and Deletion",122,"The implementation SHALL enforce this authority boundary: deletion is not complete when derived copies, indexes, features, caches, backups, exports, or external processors remain outside the declared disposition.",V07-F015,data-platform,implemented,passed:harness,merged,phase1,P3,"apps/api/migrations/0022 blob_manifests.retention_profile/legal_hold (stored), blob_tombstones; apps/api/migrations/0006 retention_profile, lifecycle_state deleted/archived; apps/api/test/int/phase6-scheduled-corrections.test.ts: GOVERNED-DELETED bytes are not reused; apps/api/test/int/phase4-corrections-historical.test.ts: after one evidence version is governed-deleted, no origin is fitted; apps/api/src/observation/sweeper/sweeper.service.ts (nothing is ever silently deleted)",Deletion leaves the tombstone and readers fail closed; derivative closure is not verified,
DP-54-004,V7,"54 Retention, Legal Hold, Archive, and Deletion",123,"SaaS, Private Cloud, and On-Premise SHALL preserve the same object, temporal, truth-state, provenance, policy, correction, export, failure, replay, and human-authority semantics for Retention, Legal Hold, Archive, and Deletion.",V07-F015,data-platform,missing,unverified,none,phase7,P7-D,"EXCEPTIONS.md: EXC-P0-004 (single deployment profile, local Compose); docker-compose.yml","Deliver Private Cloud and On-Premise profiles and run shared conformance fixtures for Retention, Legal Hold, Archive, and Deletion semantics across all three; only the local profile exists",Semantics of this chapter exist (or not) only in the local profile; parity across profiles is unclaimed (EXC-P0-004)
DP-54-005,V7,"54 Retention, Legal Hold, Archive, and Deletion",123,"When scope is uncertain, legal holds conflict, a copy is unavailable, or deletion cannot be verified without corrupting historical accountability, the platform SHALL pause unsafe deletion, protect held data, resolve authority and scope, execute in dependency order, and record residual risk and closure; it SHALL NOT infer complete, current, authorized, correct, reconciled, or recovered data state.",V07-F015,data-platform,partial,passed:harness,merged,phase1,P3,"apps/api/migrations/0022 blob_manifests.retention_profile/legal_hold (stored), blob_tombstones; apps/api/migrations/0006 retention_profile, lifecycle_state deleted/archived; apps/api/test/int/phase6-scheduled-corrections.test.ts: GOVERNED-DELETED bytes are not reused; apps/api/test/int/phase4-corrections-historical.test.ts: after one evidence version is governed-deleted, no origin is fitted; apps/api/src/observation/sweeper/sweeper.service.ts (nothing is ever silently deleted)",Deletion of held data is not blocked (legal_hold never read),
DP-54-006,V7,"54 Retention, Legal Hold, Archive, and Deletion",123,"Production admission and continued operation SHALL require retention timers, hold precedence, archive retrieval, delete propagation, backup expiry, external processor receipts, and verification evidence, bound to the exact contracts, schemas, code, data versions, policies, infrastructure, customer scope, deployment profile, and period under review.",V07-F015,data-platform,missing,unverified,none,omission,P3,"apps/api/migrations/0022 blob_manifests.retention_profile/legal_hold (stored), blob_tombstones; apps/api/migrations/0006 retention_profile, lifecycle_state deleted/archived; apps/api/test/int/phase6-scheduled-corrections.test.ts: GOVERNED-DELETED bytes are not reused; apps/api/test/int/phase4-corrections-historical.test.ts: after one evidence version is governed-deleted, no origin is fitted; apps/api/src/observation/sweeper/sweeper.service.ts (nothing is ever silently deleted)","Governed deletion of evidence bytes (tombstone) exists and derived readers refuse the deleted version; no retention timers, archive tier, legal-hold precedence enforcement, customer deletion requests or residual-reference closure across projections",
DP-55-001,V7,"55 Data Stewardship, Approval, and Exception Management",124,"The data-platform realization of Data Stewardship, Approval, and Exception Management SHALL operate durable queues and decision rights for quality, identity, semantics, classification, access, correction, lifecycle, and data exceptions.",V07-F015,governance-docs,partial,passed:harness,merged,phase1,P7-D,"apps/api/migrations/0022 (registrar != approver, second-operator quarantine release with reason); apps/api/migrations/0023 review queue (agent that produced output may not decide); apps/api/migrations/0024 resolution queue; apps/api/migrations/0042 approvals (named humans, quorum, self-approval refused); EXCEPTIONS.md (scoped exceptions with expiry); apps/api/test/int/phase1-acceptance.test.ts: REGISTRAR MAY NEVER APPROVE; apps/api/test/int/phase2-acceptance.test.ts: B2; apps/api/test/int/phase3-acceptance.test.ts: C2; apps/api/test/int/phase6-approvals.test.ts","Durable queues exist for quarantine, extraction review, entity resolution, corrections and decision approval; classification/access/lifecycle/data-exception cases are not queued in-product (exceptions live in EXCEPTIONS.md)",
DP-55-002,V7,"55 Data Stewardship, Approval, and Exception Management",124,"Every production instance SHALL declare and continuously reconcile stewardship case, subject, owner, evidence, proposed action, reviewers, segregation of duties, decision, conditions, expiry, and closure through versioned contracts, observed state, ownership, lineage, and audit evidence.",V07-F015,governance-docs,partial,passed:harness,merged,phase1,P7-D,"apps/api/migrations/0022 (registrar != approver, second-operator quarantine release with reason); apps/api/migrations/0023 review queue (agent that produced output may not decide); apps/api/migrations/0024 resolution queue; apps/api/migrations/0042 approvals (named humans, quorum, self-approval refused); EXCEPTIONS.md (scoped exceptions with expiry); apps/api/test/int/phase1-acceptance.test.ts: REGISTRAR MAY NEVER APPROVE; apps/api/test/int/phase2-acceptance.test.ts: B2; apps/api/test/int/phase3-acceptance.test.ts: C2; apps/api/test/int/phase6-approvals.test.ts","Conditions and expiry on decisions are recorded but not evaluated (conditional approvals open, FULL_PRODUCT_DELIVERY_REGISTER.md §6); exception ageing not tracked in-product",
DP-55-003,V7,"55 Data Stewardship, Approval, and Exception Management",124,The implementation SHALL enforce this authority boundary: automation may recommend and execute pre-approved reversible steps; named humans retain authority for material adjudication and exception acceptance.,V07-F015,governance-docs,implemented,passed:harness,merged,phase1,done,"apps/api/migrations/0022 (registrar != approver, second-operator quarantine release with reason); apps/api/migrations/0023 review queue (agent that produced output may not decide); apps/api/migrations/0024 resolution queue; apps/api/migrations/0042 approvals (named humans, quorum, self-approval refused); EXCEPTIONS.md (scoped exceptions with expiry); apps/api/test/int/phase1-acceptance.test.ts: REGISTRAR MAY NEVER APPROVE; apps/api/test/int/phase2-acceptance.test.ts: B2; apps/api/test/int/phase3-acceptance.test.ts: C2; apps/api/test/int/phase6-approvals.test.ts",,
DP-55-004,V7,"55 Data Stewardship, Approval, and Exception Management",125,"SaaS, Private Cloud, and On-Premise SHALL preserve the same object, temporal, truth-state, provenance, policy, correction, export, failure, replay, and human-authority semantics for Data Stewardship, Approval, and Exception Management.",V07-F015,governance-docs,missing,unverified,none,phase7,P7-D,"EXCEPTIONS.md: EXC-P0-004 (single deployment profile, local Compose); docker-compose.yml","Deliver Private Cloud and On-Premise profiles and run shared conformance fixtures for Data Stewardship, Approval, and Exception Management semantics across all three; only the local profile exists",Semantics of this chapter exist (or not) only in the local profile; parity across profiles is unclaimed (EXC-P0-004)
DP-55-005,V7,"55 Data Stewardship, Approval, and Exception Management",125,"When a case lacks owner, evidence, timely review, independent approval, or an exception exceeds its scope or expiry, the platform SHALL escalate by consequence, constrain affected use, block unapproved changes, and keep the unresolved condition visible until closure; it SHALL NOT infer complete, current, authorized, correct, reconciled, or recovered data state.",V07-F015,governance-docs,partial,passed:harness,merged,phase1,P7-D,"apps/api/migrations/0022 (registrar != approver, second-operator quarantine release with reason); apps/api/migrations/0023 review queue (agent that produced output may not decide); apps/api/migrations/0024 resolution queue; apps/api/migrations/0042 approvals (named humans, quorum, self-approval refused); EXCEPTIONS.md (scoped exceptions with expiry); apps/api/test/int/phase1-acceptance.test.ts: REGISTRAR MAY NEVER APPROVE; apps/api/test/int/phase2-acceptance.test.ts: B2; apps/api/test/int/phase3-acceptance.test.ts: C2; apps/api/test/int/phase6-approvals.test.ts",Escalation by consequence and exception-expiry constraint are not automated,
DP-55-006,V7,"55 Data Stewardship, Approval, and Exception Management",125,"Production admission and continued operation SHALL require workflow and SLA evidence, segregation tests, authority verification, exception ageing, override review, and sampled decision quality, bound to the exact contracts, schemas, code, data versions, policies, infrastructure, customer scope, deployment profile, and period under review.",V07-F015,governance-docs,partial,passed:harness,merged,phase1,P7-D,"apps/api/migrations/0022 (registrar != approver, second-operator quarantine release with reason); apps/api/migrations/0023 review queue (agent that produced output may not decide); apps/api/migrations/0024 resolution queue; apps/api/migrations/0042 approvals (named humans, quorum, self-approval refused); EXCEPTIONS.md (scoped exceptions with expiry); apps/api/test/int/phase1-acceptance.test.ts: REGISTRAR MAY NEVER APPROVE; apps/api/test/int/phase2-acceptance.test.ts: B2; apps/api/test/int/phase3-acceptance.test.ts: C2; apps/api/test/int/phase6-approvals.test.ts",No workflow SLA evidence or sampled decision quality,"Evidence is bound to the head SHA/digests of the local profile, not to a customer scope or period"
DP-56-001,V7,"56 Data Audit, Non-Repudiation, and Accountability",126,"The data-platform realization of Data Audit, Non-Repudiation, and Accountability SHALL produce tamper-evident attributable records for material collection, access, transformation, correction, approval, export, deletion, release, and administrative action.",V07-F015,identity-policy,implemented,passed:harness,merged,phase0,done,"apps/api/migrations/0004 audit_events/audit_seals (INSERT-only, generated columns from canonical bytes); apps/api/migrations/0010 (evidence computed inside trusted boundary); apps/api/migrations/0013 (POL+AUD+effect closure at commit); apps/api/src/audit/audit.service.ts (verify/seal, tamper freeze); apps/api/src/shared/degraded-store.ts; apps/api/test/int/audit-chain.test.ts: gap-free concurrent appends, tamper response; apps/api/test/int/gate22-audit-verify.test.ts: C10; apps/api/test/int/gate22-operation-closure.test.ts: C1; test/acceptance/acceptance.test.ts: AC-8/AC-9",Export/deletion receipts do not exist (no export; deletion receipts are tombstones),
DP-56-002,V7,"56 Data Audit, Non-Repudiation, and Accountability",126,"Every production instance SHALL declare and continuously reconcile audit event, actor and workload identity, action, target versions, purpose, policy, time, result, obligations, correlation, integrity anchor, and custody through versioned contracts, observed state, ownership, lineage, and audit evidence.",V07-F015,identity-policy,implemented,passed:harness,merged,phase0,done,"apps/api/migrations/0004 audit_events/audit_seals (INSERT-only, generated columns from canonical bytes); apps/api/migrations/0010 (evidence computed inside trusted boundary); apps/api/migrations/0013 (POL+AUD+effect closure at commit); apps/api/src/audit/audit.service.ts (verify/seal, tamper freeze); apps/api/src/shared/degraded-store.ts; apps/api/test/int/audit-chain.test.ts: gap-free concurrent appends, tamper response; apps/api/test/int/gate22-audit-verify.test.ts: C10; apps/api/test/int/gate22-operation-closure.test.ts: C1; test/acceptance/acceptance.test.ts: AC-8/AC-9",,
DP-56-003,V7,"56 Data Audit, Non-Repudiation, and Accountability",126,"The implementation SHALL enforce this authority boundary: operational logs support diagnosis but do not replace protected audit evidence, human approval records, data lineage, or customer-visible receipts.",V07-F015,identity-policy,implemented,passed:harness,merged,phase0,done,"apps/api/migrations/0004 audit_events/audit_seals (INSERT-only, generated columns from canonical bytes); apps/api/migrations/0010 (evidence computed inside trusted boundary); apps/api/migrations/0013 (POL+AUD+effect closure at commit); apps/api/src/audit/audit.service.ts (verify/seal, tamper freeze); apps/api/src/shared/degraded-store.ts; apps/api/test/int/audit-chain.test.ts: gap-free concurrent appends, tamper response; apps/api/test/int/gate22-audit-verify.test.ts: C10; apps/api/test/int/gate22-operation-closure.test.ts: C1; test/acceptance/acceptance.test.ts: AC-8/AC-9",,
DP-56-004,V7,"56 Data Audit, Non-Repudiation, and Accountability",127,"SaaS, Private Cloud, and On-Premise SHALL preserve the same object, temporal, truth-state, provenance, policy, correction, export, failure, replay, and human-authority semantics for Data Audit, Non-Repudiation, and Accountability.",V07-F015,identity-policy,missing,unverified,none,phase7,P7-D,"EXCEPTIONS.md: EXC-P0-004 (single deployment profile, local Compose); docker-compose.yml","Deliver Private Cloud and On-Premise profiles and run shared conformance fixtures for Data Audit, Non-Repudiation, and Accountability semantics across all three; only the local profile exists",Semantics of this chapter exist (or not) only in the local profile; parity across profiles is unclaimed (EXC-P0-004)
DP-56-005,V7,"56 Data Audit, Non-Repudiation, and Accountability",127,"When audit coverage, identity attribution, time, integrity, correlation, retention, or custody becomes incomplete or suspect, the platform SHALL declare the accountability gap, restrict high- consequence operations, preserve alternate evidence, repair coverage, and investigate affected scope; it SHALL NOT infer complete, current, authorized, correct, reconciled, or recovered data state.",V07-F015,identity-policy,implemented,passed:harness,merged,phase0,done,"apps/api/migrations/0004 audit_events/audit_seals (INSERT-only, generated columns from canonical bytes); apps/api/migrations/0010 (evidence computed inside trusted boundary); apps/api/migrations/0013 (POL+AUD+effect closure at commit); apps/api/src/audit/audit.service.ts (verify/seal, tamper freeze); apps/api/src/shared/degraded-store.ts; apps/api/test/int/audit-chain.test.ts: gap-free concurrent appends, tamper response; apps/api/test/int/gate22-audit-verify.test.ts: C10; apps/api/test/int/gate22-operation-closure.test.ts: C1; test/acceptance/acceptance.test.ts: AC-8/AC-9",,
DP-56-006,V7,"56 Data Audit, Non-Repudiation, and Accountability",127,"Production admission and continued operation SHALL require coverage mapping, integrity verification, privileged and bulk- access exercises, clock correlation, export and deletion receipts, and audit reconstruction, bound to the exact contracts, schemas, code, data versions, policies, infrastructure, customer scope, deployment profile, and period under review.",V07-F015,identity-policy,partial,passed:harness,merged,phase0,done,"apps/api/migrations/0004 audit_events/audit_seals (INSERT-only, generated columns from canonical bytes); apps/api/migrations/0010 (evidence computed inside trusted boundary); apps/api/migrations/0013 (POL+AUD+effect closure at commit); apps/api/src/audit/audit.service.ts (verify/seal, tamper freeze); apps/api/src/shared/degraded-store.ts; apps/api/test/int/audit-chain.test.ts: gap-free concurrent appends, tamper response; apps/api/test/int/gate22-audit-verify.test.ts: C10; apps/api/test/int/gate22-operation-closure.test.ts: C1; test/acceptance/acceptance.test.ts: AC-8/AC-9",No clock-correlation or bulk-access exercises; ledger shares the primary DB failure domain (EXC-P0-001),"Evidence is bound to the head SHA/digests of the local profile, not to a customer scope or period"
DP-57-001,V7,57 Data Quality Architecture,129,"The data-platform realization of Data Quality Architecture SHALL treat quality as governed multidimensional product state across accuracy, completeness, validity, consistency, uniqueness, timeliness, provenance, representativeness, and fitness.",V07-F016,data-platform,partial,passed:harness,merged,phase1,P1,"apps/api/src/observation/coverage/coverage.service.ts (dimensions reported side by side, unknown never healthy); apps/api/migrations/0022 §8 coverage_measurements; apps/api/migrations/0022 schema_drift_tolerance -> quarantine; apps/api/src/observation/connectors/content-controls.ts; apps/api/test/int/phase1-acceptance.test.ts: A6, fails closed on schema drift beyond tolerance; apps/api/migrations/0032 state_elements.health",Quality is measured for source coverage/freshness/completeness/latency and twin element health; no versioned quality-rule service for accuracy/validity/uniqueness/consistency across assets (DQM catalogue),
DP-57-002,V7,57 Data Quality Architecture,129,"Every production instance SHALL declare and continuously reconcile quality rule, dimension, scope, population, threshold, method, owner, observation, exception, impact, remediation, and evidence through versioned contracts, observed state, ownership, lineage, and audit evidence.",V07-F016,data-platform,partial,passed:harness,merged,phase1,P1,"apps/api/src/observation/coverage/coverage.service.ts (dimensions reported side by side, unknown never healthy); apps/api/migrations/0022 §8 coverage_measurements; apps/api/migrations/0022 schema_drift_tolerance -> quarantine; apps/api/src/observation/connectors/content-controls.ts; apps/api/test/int/phase1-acceptance.test.ts: A6, fails closed on schema drift beyond tolerance; apps/api/migrations/0032 state_elements.health","No quality rule registry with thresholds, owners, exceptions, remediation",
DP-57-003,V7,57 Data Quality Architecture,129,"The implementation SHALL enforce this authority boundary: quality scores inform fitness but may not hide failed dimensions, affected records, uncertainty, policy violations, or decision consequence behind one aggregate.",V07-F016,data-platform,implemented,passed:harness,merged,phase1,done,"apps/api/src/observation/coverage/coverage.service.ts (dimensions reported side by side, unknown never healthy); apps/api/migrations/0022 §8 coverage_measurements; apps/api/migrations/0022 schema_drift_tolerance -> quarantine; apps/api/src/observation/connectors/content-controls.ts; apps/api/test/int/phase1-acceptance.test.ts: A6, fails closed on schema drift beyond tolerance; apps/api/migrations/0032 state_elements.health",,
DP-57-004,V7,57 Data Quality Architecture,129,"SaaS, Private Cloud, and On-Premise SHALL preserve the same object, temporal, truth-state, provenance, policy, correction, export, failure, replay, and human-authority semantics for Data Quality Architecture.",V07-F016,data-platform,missing,unverified,none,phase7,P7-D,"EXCEPTIONS.md: EXC-P0-004 (single deployment profile, local Compose); docker-compose.yml",Deliver Private Cloud and On-Premise profiles and run shared conformance fixtures for Data Quality Architecture semantics across all three; only the local profile exists,Semantics of this chapter exist (or not) only in the local profile; parity across profiles is unclaimed (EXC-P0-004)
DP-57-005,V7,57 Data Quality Architecture,130,"When quality falls outside contract, measurement is invalid, or impact cannot be bounded to products and decisions, the platform SHALL declare degradation, quarantine affected partitions or objects, notify consumers, remediate from authoritative sources, and reverify before release; it SHALL NOT infer complete, current, authorized, correct, reconciled, or recovered data state.",V07-F016,data-platform,partial,passed:harness,merged,phase1,P1,"apps/api/src/observation/coverage/coverage.service.ts (dimensions reported side by side, unknown never healthy); apps/api/migrations/0022 §8 coverage_measurements; apps/api/migrations/0022 schema_drift_tolerance -> quarantine; apps/api/src/observation/connectors/content-controls.ts; apps/api/test/int/phase1-acceptance.test.ts: A6, fails closed on schema drift beyond tolerance; apps/api/migrations/0032 state_elements.health",Schema-drift quarantine and health degradation exist; no partition quarantine or consumer notification,
DP-57-006,V7,57 Data Quality Architecture,130,"Production admission and continued operation SHALL require rule fixtures, distribution and anomaly tests, slice analysis, impact lineage, remediation replay, consumer acknowledgement, and governance review, bound to the exact contracts, schemas, code, data versions, policies, infrastructure, customer scope, deployment profile, and period under review.",V07-F016,data-platform,partial,passed:harness,merged,phase1,P1,"apps/api/src/observation/coverage/coverage.service.ts (dimensions reported side by side, unknown never healthy); apps/api/migrations/0022 §8 coverage_measurements; apps/api/migrations/0022 schema_drift_tolerance -> quarantine; apps/api/src/observation/connectors/content-controls.ts; apps/api/test/int/phase1-acceptance.test.ts: A6, fails closed on schema drift beyond tolerance; apps/api/migrations/0032 state_elements.health",No distribution/anomaly tests or slice analysis,"Evidence is bound to the head SHA/digests of the local profile, not to a customer scope or period"
DP-58-001,V7,"58 Freshness, Completeness, and Coverage",131,"The data-platform realization of Freshness, Completeness, and Coverage SHALL measure whether sources, data products, graph, memory, twins, indexes, features, and strategic packages are current and sufficiently complete for declared purposes.",V07-F016,observation,partial,passed:harness,merged,phase1,P3,"apps/api/src/observation/coverage/coverage.service.ts; apps/api/src/observation/coverage/facts.service.ts (facts from admitted objects, stored evaluation instant); apps/api/migrations/0022 §8 source_health_events; contract freshness_threshold_seconds, coverage universe; apps/web/app/observation/sources/[sourceId]/page.tsx; apps/web/app/prediction/forecasts/page.tsx (DEGRADED banner); apps/api/test/int/phase1-acceptance.test.ts: A6 unknown never healthy, PUBLISHER LAG distinct, health replay deterministic; apps/api/test/int/phase6-scheduled-collection.test.ts: UNCHANGED response confirmed, freshness advanced","Freshness/completeness/coverage/blind spots are measured for sources; graph, memory, indexes, features and strategic packages have no freshness contract (twins carry health; warnings carry windows)",
DP-58-002,V7,"58 Freshness, Completeness, and Coverage",131,"Every production instance SHALL declare and continuously reconcile freshness contract, observation time, expected arrival, watermark, expiry, completeness denominator, coverage universe, blind spot, and consumer impact through versioned contracts, observed state, ownership, lineage, and audit evidence.",V07-F016,observation,implemented,passed:harness,merged,phase1,done,"apps/api/src/observation/coverage/coverage.service.ts; apps/api/src/observation/coverage/facts.service.ts (facts from admitted objects, stored evaluation instant); apps/api/migrations/0022 §8 source_health_events; contract freshness_threshold_seconds, coverage universe; apps/web/app/observation/sources/[sourceId]/page.tsx; apps/web/app/prediction/forecasts/page.tsx (DEGRADED banner); apps/api/test/int/phase1-acceptance.test.ts: A6 unknown never healthy, PUBLISHER LAG distinct, health replay deterministic; apps/api/test/int/phase6-scheduled-collection.test.ts: UNCHANGED response confirmed, freshness advanced",,
DP-58-003,V7,"58 Freshness, Completeness, and Coverage",131,"The implementation SHALL enforce this authority boundary: successful pipeline execution does not prove source freshness, world coverage, semantic completeness, or decision fitness.",V07-F016,observation,implemented,passed:harness,merged,phase1,done,"apps/api/src/observation/coverage/coverage.service.ts; apps/api/src/observation/coverage/facts.service.ts (facts from admitted objects, stored evaluation instant); apps/api/migrations/0022 §8 source_health_events; contract freshness_threshold_seconds, coverage universe; apps/web/app/observation/sources/[sourceId]/page.tsx; apps/web/app/prediction/forecasts/page.tsx (DEGRADED banner); apps/api/test/int/phase1-acceptance.test.ts: A6 unknown never healthy, PUBLISHER LAG distinct, health replay deterministic; apps/api/test/int/phase6-scheduled-collection.test.ts: UNCHANGED response confirmed, freshness advanced",,
DP-58-004,V7,"58 Freshness, Completeness, and Coverage",132,"SaaS, Private Cloud, and On-Premise SHALL preserve the same object, temporal, truth-state, provenance, policy, correction, export, failure, replay, and human-authority semantics for Freshness, Completeness, and Coverage.",V07-F016,observation,missing,unverified,none,phase7,P7-D,"EXCEPTIONS.md: EXC-P0-004 (single deployment profile, local Compose); docker-compose.yml","Deliver Private Cloud and On-Premise profiles and run shared conformance fixtures for Freshness, Completeness, and Coverage semantics across all three; only the local profile exists",Semantics of this chapter exist (or not) only in the local profile; parity across profiles is unclaimed (EXC-P0-004)
DP-58-005,V7,"58 Freshness, Completeness, and Coverage",132,"When arrivals are late, expected scope is absent, coverage is unknown, or expiry invalidates dependent products, the platform SHALL surface staleness and blind spots, suppress unsafe outputs, trigger alternate authorized collection or human review, and propagate fitness impact; it SHALL NOT infer complete, current, authorized, correct, reconciled, or recovered data state.",V07-F016,observation,partial,passed:harness,merged,phase1,P3,"apps/api/src/observation/coverage/coverage.service.ts; apps/api/src/observation/coverage/facts.service.ts (facts from admitted objects, stored evaluation instant); apps/api/migrations/0022 §8 source_health_events; contract freshness_threshold_seconds, coverage universe; apps/web/app/observation/sources/[sourceId]/page.tsx; apps/web/app/prediction/forecasts/page.tsx (DEGRADED banner); apps/api/test/int/phase1-acceptance.test.ts: A6 unknown never healthy, PUBLISHER LAG distinct, health replay deterministic; apps/api/test/int/phase6-scheduled-collection.test.ts: UNCHANGED response confirmed, freshness advanced",Staleness and blind spots surfaced and warnings fold fail-closed; no alternate-collection trigger,
DP-58-006,V7,"58 Freshness, Completeness, and Coverage",132,"Production admission and continued operation SHALL require freshness and coverage fixtures, missing-source simulations, denominator validation, blind-spot review, expiry propagation, and user comprehension, bound to the exact contracts, schemas, code, data versions, policies, infrastructure, customer scope, deployment profile, and period under review.",V07-F016,observation,partial,passed:harness,merged,phase1,P3,"apps/api/src/observation/coverage/coverage.service.ts; apps/api/src/observation/coverage/facts.service.ts (facts from admitted objects, stored evaluation instant); apps/api/migrations/0022 §8 source_health_events; contract freshness_threshold_seconds, coverage universe; apps/web/app/observation/sources/[sourceId]/page.tsx; apps/web/app/prediction/forecasts/page.tsx (DEGRADED banner); apps/api/test/int/phase1-acceptance.test.ts: A6 unknown never healthy, PUBLISHER LAG distinct, health replay deterministic; apps/api/test/int/phase6-scheduled-collection.test.ts: UNCHANGED response confirmed, freshness advanced",No missing-source simulations or user-comprehension evidence,"Evidence is bound to the head SHA/digests of the local profile, not to a customer scope or period"
DP-59-001,V7,59 Data Observability and Lineage Monitoring,133,"The data-platform realization of Data Observability and Lineage Monitoring SHALL observe data flows, schemas, volumes, distributions, quality, freshness, lineage, policies, costs, and consumer impact as one causal operating model.",V07-F016,infrastructure,partial,unverified,merged,phase0,P7-D,apps/api/src/health/health.controller.ts (/readyz degraded never presented as ok); apps/api/src/shared/correlation.ts (correlation ids); apps/api/src/shared/degraded-store.ts; event logs per schema; no metrics/trace pipeline or lineage monitor,"Readiness, correlation ids and durable event logs exist; no observability across the four planes (evidence health, intelligence quality, analytical fitness, institutional behaviour), no volume/distribution/cost telemetry or lineage-break detection",Four-plane observability is Phase 7 in the master build prompt
DP-59-002,V7,59 Data Observability and Lineage Monitoring,133,"Every production instance SHALL declare and continuously reconcile observation identity, asset, pipeline run, contract version, lineage span, metric, anomaly, affected graph, alert, owner, and resolution through versioned contracts, observed state, ownership, lineage, and audit evidence.",V07-F016,infrastructure,missing,unverified,none,phase7,P7-D,apps/api/src/health/health.controller.ts (/readyz degraded never presented as ok); apps/api/src/shared/correlation.ts (correlation ids); apps/api/src/shared/degraded-store.ts; event logs per schema; no metrics/trace pipeline or lineage monitor,"Readiness, correlation ids and durable event logs exist; no observability across the four planes (evidence health, intelligence quality, analytical fitness, institutional behaviour), no volume/distribution/cost telemetry or lineage-break detection",Four-plane observability is Phase 7 in the master build prompt
DP-59-003,V7,59 Data Observability and Lineage Monitoring,133,"The implementation SHALL enforce this authority boundary: telemetry is operational evidence and may not replace canonical data, protected audit, quality authority, or source-of-truth reconciliation.",V07-F016,infrastructure,implemented,unverified,merged,phase0,done,apps/api/src/health/health.controller.ts (/readyz degraded never presented as ok); apps/api/src/shared/correlation.ts (correlation ids); apps/api/src/shared/degraded-store.ts; event logs per schema; no metrics/trace pipeline or lineage monitor,Produce test evidence of the required class (see chapter verification column),Four-plane observability is Phase 7 in the master build prompt
DP-59-004,V7,59 Data Observability and Lineage Monitoring,134,"SaaS, Private Cloud, and On-Premise SHALL preserve the same object, temporal, truth-state, provenance, policy, correction, export, failure, replay, and human-authority semantics for Data Observability and Lineage Monitoring.",V07-F016,infrastructure,missing,unverified,none,phase7,P7-D,"EXCEPTIONS.md: EXC-P0-004 (single deployment profile, local Compose); docker-compose.yml",Deliver Private Cloud and On-Premise profiles and run shared conformance fixtures for Data Observability and Lineage Monitoring semantics across all three; only the local profile exists,Semantics of this chapter exist (or not) only in the local profile; parity across profiles is unclaimed (EXC-P0-004)
DP-59-005,V7,59 Data Observability and Lineage Monitoring,134,"When observability coverage is lost, lineage breaks, anomaly detectors drift, or telemetry overload obscures material data state, the platform SHALL declare observability degradation, preserve priority signals, restrict risky change, reconstruct from alternate evidence, and restore causal coverage; it SHALL NOT infer complete, current, authorized, correct, reconciled, or recovered data state.",V07-F016,infrastructure,partial,passed:harness,merged,phase0,P7-D,apps/api/src/health/health.controller.ts (/readyz degraded never presented as ok); apps/api/src/shared/correlation.ts (correlation ids); apps/api/src/shared/degraded-store.ts; event logs per schema; no metrics/trace pipeline or lineage monitor,Audit unavailability is declared and reconciled under governance (C9); telemetry loss elsewhere is not detected,Four-plane observability is Phase 7 in the master build prompt
DP-59-006,V7,59 Data Observability and Lineage Monitoring,134,"Production admission and continued operation SHALL require end-to-end trace fixtures, telemetry loss and overload, lineage break detection, anomaly validation, privacy review, and incident reconstruction, bound to the exact contracts, schemas, code, data versions, policies, infrastructure, customer scope, deployment profile, and period under review.",V07-F016,infrastructure,missing,unverified,none,phase7,P7-D,apps/api/src/health/health.controller.ts (/readyz degraded never presented as ok); apps/api/src/shared/correlation.ts (correlation ids); apps/api/src/shared/degraded-store.ts; event logs per schema; no metrics/trace pipeline or lineage monitor,"Readiness, correlation ids and durable event logs exist; no observability across the four planes (evidence health, intelligence quality, analytical fitness, institutional behaviour), no volume/distribution/cost telemetry or lineage-break detection",Four-plane observability is Phase 7 in the master build prompt
DP-60-001,V7,"60 Data SLOs, Capacity, and Performance",135,"The data-platform realization of Data SLOs, Capacity, and Performance SHALL govern latency, throughput, freshness, quality, durability, recovery, query, ingestion, processing, export, and cost objectives by consequence and deployment scope.",V07-F016,infrastructure,missing,unverified,none,phase7,P7-D,No SLO/error-budget/capacity model in apps/api/src; budgets exist per agent/run only (apps/api/migrations/0022 agents.budgets),"No data SLOs, indicators, error budgets, demand model, headroom or consequence-based shedding",
DP-60-002,V7,"60 Data SLOs, Capacity, and Performance",135,"Every production instance SHALL declare and continuously reconcile indicator, objective, population, window, exclusions, budget, demand model, headroom, bottleneck, burn state, owner, and action policy through versioned contracts, observed state, ownership, lineage, and audit evidence.",V07-F016,infrastructure,missing,unverified,none,phase7,P7-D,No SLO/error-budget/capacity model in apps/api/src; budgets exist per agent/run only (apps/api/migrations/0022 agents.budgets),"No data SLOs, indicators, error budgets, demand model, headroom or consequence-based shedding",
DP-60-003,V7,"60 Data SLOs, Capacity, and Performance",135,"The implementation SHALL enforce this authority boundary: SLOs cover user-visible and control-critical data journeys including stale, partial, denied, late, missing, recovering, and incorrect states.",V07-F016,infrastructure,missing,unverified,none,phase7,P7-D,No SLO/error-budget/capacity model in apps/api/src; budgets exist per agent/run only (apps/api/migrations/0022 agents.budgets),"No data SLOs, indicators, error budgets, demand model, headroom or consequence-based shedding",
DP-60-004,V7,"60 Data SLOs, Capacity, and Performance",136,"SaaS, Private Cloud, and On-Premise SHALL preserve the same object, temporal, truth-state, provenance, policy, correction, export, failure, replay, and human-authority semantics for Data SLOs, Capacity, and Performance.",V07-F016,infrastructure,missing,unverified,none,phase7,P7-D,"EXCEPTIONS.md: EXC-P0-004 (single deployment profile, local Compose); docker-compose.yml","Deliver Private Cloud and On-Premise profiles and run shared conformance fixtures for Data SLOs, Capacity, and Performance semantics across all three; only the local profile exists",Semantics of this chapter exist (or not) only in the local profile; parity across profiles is unclaimed (EXC-P0-004)
DP-60-005,V7,"60 Data SLOs, Capacity, and Performance",136,"When an error budget burns beyond policy, demand exceeds safe headroom, or measurement cannot support a fitness claim, the platform SHALL halt or restrict change, apply consequence- based admission and shedding, expose affected journeys, and prioritize recovery and capacity; it SHALL NOT infer complete, current, authorized, correct, reconciled, or recovered data state.",V07-F016,infrastructure,missing,unverified,none,phase7,P7-D,No SLO/error-budget/capacity model in apps/api/src; budgets exist per agent/run only (apps/api/migrations/0022 agents.budgets),"No data SLOs, indicators, error budgets, demand model, headroom or consequence-based shedding",
DP-60-006,V7,"60 Data SLOs, Capacity, and Performance",136,"Production admission and continued operation SHALL require indicator validation, representative load, burst and recovery tests, queue and skew analysis, error-budget simulation, and capacity forecast accuracy, bound to the exact contracts, schemas, code, data versions, policies, infrastructure, customer scope, deployment profile, and period under review.",V07-F016,infrastructure,missing,unverified,none,phase7,P7-D,No SLO/error-budget/capacity model in apps/api/src; budgets exist per agent/run only (apps/api/migrations/0022 agents.budgets),"No data SLOs, indicators, error budgets, demand model, headroom or consequence-based shedding",
DP-61-001,V7,"61 Availability, Durability, and Degraded Data Modes",137,"The data-platform realization of Availability, Durability, and Degraded Data Modes SHALL maintain safe useful data services through component, cell, zone, site, source, schema, pipeline, store, and dependency failures without fabricating completeness.",V07-F017,infrastructure,partial,passed:harness,merged,phase0,P7-D,"apps/api/src/shared/degraded-store.ts (fsync journal, degraded flag); apps/api/migrations/0020 governed degraded recovery; apps/api/src/audit/reconcile-degraded.ts; apps/web (DEGRADED banner, PHASE4_REPORT.md §12.1); apps/api/test/int/gate22-degraded-recovery.test.ts: C9; apps/api/test/int/phase1-fault-injection.test.ts: F01-F46; test/acceptance/acceptance.test.ts: R10 rollbacks when audit commit fails","Fail-closed and explicit degraded modes exist for audit/evidence/scheduling; no redundancy, cells, zones or site failover — single Postgres/Redis, single site",
DP-61-002,V7,"61 Availability, Durability, and Degraded Data Modes",137,"Every production instance SHALL declare and continuously reconcile availability profile, recovery unit, redundancy, quorum, source and projection state, degraded mode, trust limits, owner, entry, and exit evidence through versioned contracts, observed state, ownership, lineage, and audit evidence.",V07-F017,infrastructure,partial,passed:harness,merged,phase0,P7-D,"apps/api/src/shared/degraded-store.ts (fsync journal, degraded flag); apps/api/migrations/0020 governed degraded recovery; apps/api/src/audit/reconcile-degraded.ts; apps/web (DEGRADED banner, PHASE4_REPORT.md §12.1); apps/api/test/int/gate22-degraded-recovery.test.ts: C9; apps/api/test/int/phase1-fault-injection.test.ts: F01-F46; test/acceptance/acceptance.test.ts: R10 rollbacks when audit commit fails",Redundancy/quorum/recovery unit are not declared,
DP-61-003,V7,"61 Availability, Durability, and Degraded Data Modes",137,"The implementation SHALL enforce this authority boundary: redundancy is valid only when copies do not share undeclared failure, release, policy, key, locality, source, or corruption domains.",V07-F017,infrastructure,partial,unverified,merged,phase0,P7-D,"apps/api/src/shared/degraded-store.ts (fsync journal, degraded flag); apps/api/migrations/0020 governed degraded recovery; apps/api/src/audit/reconcile-degraded.ts; apps/web (DEGRADED banner, PHASE4_REPORT.md §12.1); apps/api/test/int/gate22-degraded-recovery.test.ts: C9; apps/api/test/int/phase1-fault-injection.test.ts: F01-F46; test/acceptance/acceptance.test.ts: R10 rollbacks when audit commit fails",No copies exist to share failure domains; EXC-P0-001 audit ledger shares primary DB failure domain,
DP-61-004,V7,"61 Availability, Durability, and Degraded Data Modes",138,"SaaS, Private Cloud, and On-Premise SHALL preserve the same object, temporal, truth-state, provenance, policy, correction, export, failure, replay, and human-authority semantics for Availability, Durability, and Degraded Data Modes.",V07-F017,infrastructure,missing,unverified,none,phase7,P7-D,"EXCEPTIONS.md: EXC-P0-004 (single deployment profile, local Compose); docker-compose.yml","Deliver Private Cloud and On-Premise profiles and run shared conformance fixtures for Availability, Durability, and Degraded Data Modes semantics across all three; only the local profile exists",Semantics of this chapter exist (or not) only in the local profile; parity across profiles is unclaimed (EXC-P0-004)
DP-61-005,V7,"61 Availability, Durability, and Degraded Data Modes",138,"When failures exceed redundancy, authoritative state is uncertain, or normal service would violate truth, policy, quality, or sovereignty, the platform SHALL enter the explicit safer data mode, fence unsafe writes, mark stale or partial results, suspend consequential products, and reconcile before exit; it SHALL NOT infer complete, current, authorized, correct, reconciled, or recovered data state.",V07-F017,infrastructure,partial,passed:harness,merged,phase0,P7-D,"apps/api/src/shared/degraded-store.ts (fsync journal, degraded flag); apps/api/migrations/0020 governed degraded recovery; apps/api/src/audit/reconcile-degraded.ts; apps/web (DEGRADED banner, PHASE4_REPORT.md §12.1); apps/api/test/int/gate22-degraded-recovery.test.ts: C9; apps/api/test/int/phase1-fault-injection.test.ts: F01-F46; test/acceptance/acceptance.test.ts: R10 rollbacks when audit commit fails",Fencing of unsafe writes exists via fail-closed ports; no consequential-product suspension mode,
DP-61-006,V7,"61 Availability, Durability, and Degraded Data Modes",138,"Production admission and continued operation SHALL require fault injection from component through site, source loss, corruption, quorum and fencing, degraded journeys, failback, and consumer impact, bound to the exact contracts, schemas, code, data versions, policies, infrastructure, customer scope, deployment profile, and period under review.",V07-F017,infrastructure,partial,passed:harness,merged,phase0,P7-D,"apps/api/src/shared/degraded-store.ts (fsync journal, degraded flag); apps/api/migrations/0020 governed degraded recovery; apps/api/src/audit/reconcile-degraded.ts; apps/web (DEGRADED banner, PHASE4_REPORT.md §12.1); apps/api/test/int/gate22-degraded-recovery.test.ts: C9; apps/api/test/int/phase1-fault-injection.test.ts: F01-F46; test/acceptance/acceptance.test.ts: R10 rollbacks when audit commit fails",Fault injection covers process crashes (46 F-cases) not component/zone/site loss,"Evidence is bound to the head SHA/digests of the local profile, not to a customer scope or period"
DP-62-001,V7,"62 Backup, Restore, and Disaster Recovery",139,"The data-platform realization of Backup, Restore, and Disaster Recovery SHALL protect every durable data class with immutable policy-matched recovery points, tested restore, dependency ordering, integrity validation, and consumer reconciliation.",V07-F017,infrastructure,missing,unverified,none,phase7,P7-D,No backup/restore tooling (grep: no pg_dump/pgbackrest/wal-g/PITR); FULL_PRODUCT_DELIVERY_REGISTER.md §7 (no backup/restore procedure for vault and degraded journal; .eye-local loss 2026-09-09); PHASE6_REPORT.md §9,"No recovery points, restore validation, dependency-ordered restore or DR for database, vault or journal; the 2026-09-09 .eye-local loss was rebuilt virgin, not restored",DADR-022 and LR-01..24 unmet by the same absence
DP-62-002,V7,"62 Backup, Restore, and Disaster Recovery",139,"Every production instance SHALL declare and continuously reconcile recovery unit, source revision, consistency point, backup set, encryption, locality, retention, legal hold, RPO, RTO, restore, and reconciliation through versioned contracts, observed state, ownership, lineage, and audit evidence.",V07-F017,infrastructure,missing,unverified,none,phase7,P7-D,No backup/restore tooling (grep: no pg_dump/pgbackrest/wal-g/PITR); FULL_PRODUCT_DELIVERY_REGISTER.md §7 (no backup/restore procedure for vault and degraded journal; .eye-local loss 2026-09-09); PHASE6_REPORT.md §9,"No recovery points, restore validation, dependency-ordered restore or DR for database, vault or journal; the 2026-09-09 .eye-local loss was rebuilt virgin, not restored",DADR-022 and LR-01..24 unmet by the same absence
DP-62-003,V7,"62 Backup, Restore, and Disaster Recovery",139,"The implementation SHALL enforce this authority boundary: copied bytes are not recovered data service until identity, schemas, policies, keys, lineage, versions, projections, consumers, sovereignty, and quality reconcile.",V07-F017,infrastructure,missing,unverified,none,phase7,P7-D,No backup/restore tooling (grep: no pg_dump/pgbackrest/wal-g/PITR); FULL_PRODUCT_DELIVERY_REGISTER.md §7 (no backup/restore procedure for vault and degraded journal; .eye-local loss 2026-09-09); PHASE6_REPORT.md §9,"No recovery points, restore validation, dependency-ordered restore or DR for database, vault or journal; the 2026-09-09 .eye-local loss was rebuilt virgin, not restored",DADR-022 and LR-01..24 unmet by the same absence
DP-62-004,V7,"62 Backup, Restore, and Disaster Recovery",140,"SaaS, Private Cloud, and On-Premise SHALL preserve the same object, temporal, truth-state, provenance, policy, correction, export, failure, replay, and human-authority semantics for Backup, Restore, and Disaster Recovery.",V07-F017,infrastructure,missing,unverified,none,phase7,P7-D,"EXCEPTIONS.md: EXC-P0-004 (single deployment profile, local Compose); docker-compose.yml","Deliver Private Cloud and On-Premise profiles and run shared conformance fixtures for Backup, Restore, and Disaster Recovery semantics across all three; only the local profile exists",Semantics of this chapter exist (or not) only in the local profile; parity across profiles is unclaimed (EXC-P0-004)
DP-62-005,V7,"62 Backup, Restore, and Disaster Recovery",140,"When a backup is missing, corrupt, unverifiable, outside locality, incompatible, or cannot restore within declared objectives, the platform SHALL declare the degraded recovery posture, protect remaining copies, constrain destructive change, select an alternate path, and prove usable restoration; it SHALL NOT infer complete, current, authorized, correct, reconciled, or recovered data state.",V07-F017,infrastructure,missing,unverified,none,phase7,P7-D,No backup/restore tooling (grep: no pg_dump/pgbackrest/wal-g/PITR); FULL_PRODUCT_DELIVERY_REGISTER.md §7 (no backup/restore procedure for vault and degraded journal; .eye-local loss 2026-09-09); PHASE6_REPORT.md §9,"No recovery points, restore validation, dependency-ordered restore or DR for database, vault or journal; the 2026-09-09 .eye-local loss was rebuilt virgin, not restored",DADR-022 and LR-01..24 unmet by the same absence
DP-62-006,V7,"62 Backup, Restore, and Disaster Recovery",140,"Production admission and continued operation SHALL require automated restore validation, corruption and deletion drills, key recovery, point-in-time restore, graph and projection rebuild, regional recovery, and failback, bound to the exact contracts, schemas, code, data versions, policies, infrastructure, customer scope, deployment profile, and period under review.",V07-F017,infrastructure,missing,unverified,none,phase7,P7-D,No backup/restore tooling (grep: no pg_dump/pgbackrest/wal-g/PITR); FULL_PRODUCT_DELIVERY_REGISTER.md §7 (no backup/restore procedure for vault and degraded journal; .eye-local loss 2026-09-09); PHASE6_REPORT.md §9,"No recovery points, restore validation, dependency-ordered restore or DR for database, vault or journal; the 2026-09-09 .eye-local loss was rebuilt virgin, not restored",DADR-022 and LR-01..24 unmet by the same absence
DP-63-001,V7,"63 Data Incident, Breach, and Correction Response",141,"The data-platform realization of Data Incident, Breach, and Correction Response SHALL coordinate detection, scope, authority, containment, evidence, correction, communication, recovery, decision impact, and lessons for data incidents.",V07-F017,data-platform,partial,passed:harness,merged,phase0,P7-D,"apps/api/migrations/0004 audit.integrity_incidents, availability_incidents; apps/api/src/audit/audit.service.ts (tamper -> freeze + incident atomically); apps/api/src/observation/corrections/corrections.service.ts; apps/api/src/graph/strategy/impact.service.ts (decision impact via walk, branch-only DEC bucket); EXCEPTIONS.md security correction records; apps/api/test/int/audit-chain.test.ts: tamper response; apps/api/test/int/phase6-monitoring.test.ts: invalidated input reaches the package","Integrity/availability incidents and correction cases are recorded and human-reconciled; no incident command model, breach scoping, subject notification or communication workflow",
DP-63-002,V7,"63 Data Incident, Breach, and Correction Response",141,"Every production instance SHALL declare and continuously reconcile incident identity, severity, command roles, affected assets and subjects, timeline, access and lineage evidence, decisions, actions, notifications, and closure through versioned contracts, observed state, ownership, lineage, and audit evidence.",V07-F017,data-platform,partial,passed:harness,merged,phase0,P7-D,"apps/api/migrations/0004 audit.integrity_incidents, availability_incidents; apps/api/src/audit/audit.service.ts (tamper -> freeze + incident atomically); apps/api/src/observation/corrections/corrections.service.ts; apps/api/src/graph/strategy/impact.service.ts (decision impact via walk, branch-only DEC bucket); EXCEPTIONS.md security correction records; apps/api/test/int/audit-chain.test.ts: tamper response; apps/api/test/int/phase6-monitoring.test.ts: invalidated input reaches the package","Severity, command roles, affected subjects and notifications are not modelled",
DP-63-003,V7,"63 Data Incident, Breach, and Correction Response",141,"The implementation SHALL enforce this authority boundary: automation may detect and execute pre-authorized reversible controls; named humans retain incident command, notification, risk acceptance, and return-to-service authority.",V07-F017,data-platform,partial,passed:harness,merged,phase0,P7-D,"apps/api/migrations/0004 audit.integrity_incidents, availability_incidents; apps/api/src/audit/audit.service.ts (tamper -> freeze + incident atomically); apps/api/src/observation/corrections/corrections.service.ts; apps/api/src/graph/strategy/impact.service.ts (decision impact via walk, branch-only DEC bucket); EXCEPTIONS.md security correction records; apps/api/test/int/audit-chain.test.ts: tamper response; apps/api/test/int/phase6-monitoring.test.ts: invalidated input reaches the package",Reconciliation requires a recovery capability held by a person (C9); no return-to-service authority record beyond that,
DP-63-004,V7,"63 Data Incident, Breach, and Correction Response",142,"SaaS, Private Cloud, and On-Premise SHALL preserve the same object, temporal, truth-state, provenance, policy, correction, export, failure, replay, and human-authority semantics for Data Incident, Breach, and Correction Response.",V07-F017,data-platform,missing,unverified,none,phase7,P7-D,"EXCEPTIONS.md: EXC-P0-004 (single deployment profile, local Compose); docker-compose.yml","Deliver Private Cloud and On-Premise profiles and run shared conformance fixtures for Data Incident, Breach, and Correction Response semantics across all three; only the local profile exists",Semantics of this chapter exist (or not) only in the local profile; parity across profiles is unclaimed (EXC-P0-004)
DP-63-005,V7,"63 Data Incident, Breach, and Correction Response",142,"When scope, ownership, breach status, correction impact, or affected decisions remain uncertain during an active event, the platform SHALL assume the safer consequence class, establish command, constrain access and propagation, preserve evidence, and update scope as facts change; it SHALL NOT infer complete, current, authorized, correct, reconciled, or recovered data state.",V07-F017,data-platform,partial,passed:harness,merged,phase0,P7-D,"apps/api/migrations/0004 audit.integrity_incidents, availability_incidents; apps/api/src/audit/audit.service.ts (tamper -> freeze + incident atomically); apps/api/src/observation/corrections/corrections.service.ts; apps/api/src/graph/strategy/impact.service.ts (decision impact via walk, branch-only DEC bucket); EXCEPTIONS.md security correction records; apps/api/test/int/audit-chain.test.ts: tamper response; apps/api/test/int/phase6-monitoring.test.ts: invalidated input reaches the package",Safer consequence class on uncertainty is applied for warnings/evidence; no incident-scoped access constraint,
DP-63-006,V7,"63 Data Incident, Breach, and Correction Response",142,"Production admission and continued operation SHALL require tabletop and live exercises, breach and corruption scenarios, correction fan-out, decision-impact analysis, custody, communication, and closure review, bound to the exact contracts, schemas, code, data versions, policies, infrastructure, customer scope, deployment profile, and period under review.",V07-F017,data-platform,missing,unverified,none,phase7,P7-D,"apps/api/migrations/0004 audit.integrity_incidents, availability_incidents; apps/api/src/audit/audit.service.ts (tamper -> freeze + incident atomically); apps/api/src/observation/corrections/corrections.service.ts; apps/api/src/graph/strategy/impact.service.ts (decision impact via walk, branch-only DEC bucket); EXCEPTIONS.md security correction records; apps/api/test/int/audit-chain.test.ts: tamper response; apps/api/test/int/phase6-monitoring.test.ts: invalidated input reaches the package","Integrity/availability incidents and correction cases are recorded and human-reconciled; no incident command model, breach scoping, subject notification or communication workflow",
DP-64-001,V7,64 Operational Data Lifecycle and Housekeeping,143,"The data-platform realization of Operational Data Lifecycle and Housekeeping SHALL operate compaction, partitioning, reindexing, archiving, vacuuming, expiry, deduplication, reconciliation, and cleanup as controlled evidence-bearing workflows.",V07-F017,data-platform,partial,passed:harness,merged,phase1,P7-D,"apps/api/src/observation/sweeper/sweeper.service.ts (orphan blobs quarantined, expired cases evented, interrupted runs failed; idempotent; nothing silently deleted); apps/api/migrations/0015 outbox dead-letter; observation.controller.ts /sweep; apps/api/test/int/phase1-fault-injection.test.ts: F34/F35/F36 the sweeper is idempotent","Reconciliation/expiry housekeeping exists for the observation layer; no compaction, partitioning, reindexing, archiving, vacuuming or deduplication workflows (vault does not deduplicate identical bytes, SCHEDULED_COLLECTION.md §4)",
DP-64-002,V7,64 Operational Data Lifecycle and Housekeeping,143,"Every production instance SHALL declare and continuously reconcile operation identity, target scope, authority, plan, dependencies, resource budget, approvals, checkpoints, observations, rollback, verification, and closure through versioned contracts, observed state, ownership, lineage, and audit evidence.",V07-F017,data-platform,partial,passed:harness,merged,phase1,P7-D,"apps/api/src/observation/sweeper/sweeper.service.ts (orphan blobs quarantined, expired cases evented, interrupted runs failed; idempotent; nothing silently deleted); apps/api/migrations/0015 outbox dead-letter; observation.controller.ts /sweep; apps/api/test/int/phase1-fault-injection.test.ts: F34/F35/F36 the sweeper is idempotent",No operation plan/approval/rollback record for maintenance,
DP-64-003,V7,64 Operational Data Lifecycle and Housekeeping,143,"The implementation SHALL enforce this authority boundary: maintenance may change physical representation but may not alter canonical meaning, temporal history, lineage, policy, legal hold, or replayability.",V07-F017,data-platform,implemented,passed:harness,merged,phase1,done,"apps/api/src/observation/sweeper/sweeper.service.ts (orphan blobs quarantined, expired cases evented, interrupted runs failed; idempotent; nothing silently deleted); apps/api/migrations/0015 outbox dead-letter; observation.controller.ts /sweep; apps/api/test/int/phase1-fault-injection.test.ts: F34/F35/F36 the sweeper is idempotent",,
DP-64-004,V7,64 Operational Data Lifecycle and Housekeeping,144,"SaaS, Private Cloud, and On-Premise SHALL preserve the same object, temporal, truth-state, provenance, policy, correction, export, failure, replay, and human-authority semantics for Operational Data Lifecycle and Housekeeping.",V07-F017,data-platform,missing,unverified,none,phase7,P7-D,"EXCEPTIONS.md: EXC-P0-004 (single deployment profile, local Compose); docker-compose.yml",Deliver Private Cloud and On-Premise profiles and run shared conformance fixtures for Operational Data Lifecycle and Housekeeping semantics across all three; only the local profile exists,Semantics of this chapter exist (or not) only in the local profile; parity across profiles is unclaimed (EXC-P0-004)
DP-64-005,V7,64 Operational Data Lifecycle and Housekeeping,144,"When an operation exceeds scope, corrupts state, blocks recovery, or cannot safely roll back or complete, the platform SHALL stop mutation, fence affected state, preserve before and after evidence, restore or roll forward through an approved plan, and reconcile consumers; it SHALL NOT infer complete, current, authorized, correct, reconciled, or recovered data state.",V07-F017,data-platform,partial,passed:harness,merged,phase1,P7-D,"apps/api/src/observation/sweeper/sweeper.service.ts (orphan blobs quarantined, expired cases evented, interrupted runs failed; idempotent; nothing silently deleted); apps/api/migrations/0015 outbox dead-letter; observation.controller.ts /sweep; apps/api/test/int/phase1-fault-injection.test.ts: F34/F35/F36 the sweeper is idempotent",Sweeper stops on poison item and retries; no fencing/before-after evidence for other operations,
DP-64-006,V7,64 Operational Data Lifecycle and Housekeeping,144,"Production admission and continued operation SHALL require dry run, production-like scale, interruption and resume, corruption detection, rollback or roll-forward, resource limits, and lifecycle audit, bound to the exact contracts, schemas, code, data versions, policies, infrastructure, customer scope, deployment profile, and period under review.",V07-F017,data-platform,partial,passed:harness,merged,phase1,P7-D,"apps/api/src/observation/sweeper/sweeper.service.ts (orphan blobs quarantined, expired cases evented, interrupted runs failed; idempotent; nothing silently deleted); apps/api/migrations/0015 outbox dead-letter; observation.controller.ts /sweep; apps/api/test/int/phase1-fault-injection.test.ts: F34/F35/F36 the sweeper is idempotent",No dry-run/scale/interruption fixtures beyond sweeper crash cases,"Evidence is bound to the head SHA/digests of the local profile, not to a customer scope or period"
DP-65-001,V7,65 Data Pipeline Engineering and Repository Standards,146,"The data-platform realization of Data Pipeline Engineering and Repository Standards SHALL organize data platform source, contracts, schemas, transformations, quality rules, migrations, fixtures, policies, and ownership as reviewable modular repositories.",V07-F018,infrastructure,implemented,passed:ci,merged,phase0,done,"DECISIONS.md ADR-P0-02 (modular monolith, contract-only boundaries); .dependency-cruiser.cjs; .github/workflows/ci.yml: Module boundaries, Clean-source typecheck + build, License inventory, C17 licence obligations; apps/api/migrations (versioned forward-only); packages/contracts; pnpm-workspace.yaml (exact pins)",,
DP-65-002,V7,65 Data Pipeline Engineering and Repository Standards,146,"Every production instance SHALL declare and continuously reconcile module identity, owning team, source revision, dependencies, contract and schema set, tests, build, release, deployment targets, and lifecycle through versioned contracts, observed state, ownership, lineage, and audit evidence.",V07-F018,infrastructure,partial,passed:ci,merged,phase0,done,"DECISIONS.md ADR-P0-02 (modular monolith, contract-only boundaries); .dependency-cruiser.cjs; .github/workflows/ci.yml: Module boundaries, Clean-source typecheck + build, License inventory, C17 licence obligations; apps/api/migrations (versioned forward-only); packages/contracts; pnpm-workspace.yaml (exact pins)","Owning team per module and deployment targets are not declared (single team, single target)",
DP-65-003,V7,65 Data Pipeline Engineering and Repository Standards,146,The implementation SHALL enforce this authority boundary: repository boundaries follow authority and ownership; shared libraries may support but may not create cross-owner writes or hidden data contracts.,V07-F018,infrastructure,implemented,passed:ci,merged,phase0,done,"DECISIONS.md ADR-P0-02 (modular monolith, contract-only boundaries); .dependency-cruiser.cjs; .github/workflows/ci.yml: Module boundaries, Clean-source typecheck + build, License inventory, C17 licence obligations; apps/api/migrations (versioned forward-only); packages/contracts; pnpm-workspace.yaml (exact pins)",,
DP-65-004,V7,65 Data Pipeline Engineering and Repository Standards,147,"SaaS, Private Cloud, and On-Premise SHALL preserve the same object, temporal, truth-state, provenance, policy, correction, export, failure, replay, and human-authority semantics for Data Pipeline Engineering and Repository Standards.",V07-F018,infrastructure,missing,unverified,none,phase7,P7-D,"EXCEPTIONS.md: EXC-P0-004 (single deployment profile, local Compose); docker-compose.yml",Deliver Private Cloud and On-Premise profiles and run shared conformance fixtures for Data Pipeline Engineering and Repository Standards semantics across all three; only the local profile exists,Semantics of this chapter exist (or not) only in the local profile; parity across profiles is unclaimed (EXC-P0-004)
DP-65-005,V7,65 Data Pipeline Engineering and Repository Standards,147,"When source provenance, ownership, dependencies, contract references, or reproducible build state is incomplete, the platform SHALL block build or promotion, expose the unresolved dependency, restore module closure, and require owner and reviewer acceptance; it SHALL NOT infer complete, current, authorized, correct, reconciled, or recovered data state.",V07-F018,infrastructure,partial,passed:ci,merged,phase0,done,"DECISIONS.md ADR-P0-02 (modular monolith, contract-only boundaries); .dependency-cruiser.cjs; .github/workflows/ci.yml: Module boundaries, Clean-source typecheck + build, License inventory, C17 licence obligations; apps/api/migrations (versioned forward-only); packages/contracts; pnpm-workspace.yaml (exact pins)","Build blocks on boundary/typecheck/licence failures; ownership/reviewer acceptance is by PR review, not enforced",
DP-65-006,V7,65 Data Pipeline Engineering and Repository Standards,147,"Production admission and continued operation SHALL require repository linting, dependency and license closure, reproducible build, ownership review, contract mapping, and retirement evidence, bound to the exact contracts, schemas, code, data versions, policies, infrastructure, customer scope, deployment profile, and period under review.",V07-F018,infrastructure,implemented,passed:ci,merged,phase0,done,"DECISIONS.md ADR-P0-02 (modular monolith, contract-only boundaries); .dependency-cruiser.cjs; .github/workflows/ci.yml: Module boundaries, Clean-source typecheck + build, License inventory, C17 licence obligations; apps/api/migrations (versioned forward-only); packages/contracts; pnpm-workspace.yaml (exact pins)",,"Evidence is bound to the head SHA/digests of the local profile, not to a customer scope or period"
DP-66-001,V7,"66 Configuration, Infrastructure, and Environment Promotion",148,"The data-platform realization of Configuration, Infrastructure, and Environment Promotion SHALL promote data capabilities through controlled configuration, infrastructure, contract, schema, policy, and environment states with semantic parity.",V07-F018,infrastructure,partial,passed:ci,merged,phase0,P7-D,"apps/api/src/config/config.ts (schema-validated eye.* configuration, ADR-P0-15); apps/api/migrations/0007 config.runtime_profile; docker-compose.yml (digest-pinned images, required env vars); conformance.manifest.json; .github/workflows/ci.yml: Pinned-digest consistency (compose == conformance manifest); EXCEPTIONS.md EXC-P0-004/005",One environment (local Compose); no promotion path across environments/profiles,
DP-66-002,V7,"66 Configuration, Infrastructure, and Environment Promotion",148,"Every production instance SHALL declare and continuously reconcile environment, deployment profile, desired configuration, contract and schema versions, infrastructure bindings, secrets, policy, data fixtures, drift, and promotion through versioned contracts, observed state, ownership, lineage, and audit evidence.",V07-F018,infrastructure,partial,passed:ci,merged,phase0,P7-D,"apps/api/src/config/config.ts (schema-validated eye.* configuration, ADR-P0-15); apps/api/migrations/0007 config.runtime_profile; docker-compose.yml (digest-pinned images, required env vars); conformance.manifest.json; .github/workflows/ci.yml: Pinned-digest consistency (compose == conformance manifest); EXCEPTIONS.md EXC-P0-004/005",Drift detection limited to compose vs manifest digests,
DP-66-003,V7,"66 Configuration, Infrastructure, and Environment Promotion",149,"The implementation SHALL enforce this authority boundary: configuration may vary by locality and scale but cannot create environment-specific truth, policy, quality, correction, or export semantics.",V07-F018,infrastructure,implemented,passed:ci,merged,phase0,done,"apps/api/src/config/config.ts (schema-validated eye.* configuration, ADR-P0-15); apps/api/migrations/0007 config.runtime_profile; docker-compose.yml (digest-pinned images, required env vars); conformance.manifest.json; .github/workflows/ci.yml: Pinned-digest consistency (compose == conformance manifest); EXCEPTIONS.md EXC-P0-004/005",,
DP-66-004,V7,"66 Configuration, Infrastructure, and Environment Promotion",149,"SaaS, Private Cloud, and On-Premise SHALL preserve the same object, temporal, truth-state, provenance, policy, correction, export, failure, replay, and human-authority semantics for Configuration, Infrastructure, and Environment Promotion.",V07-F018,infrastructure,missing,unverified,none,phase7,P7-D,"EXCEPTIONS.md: EXC-P0-004 (single deployment profile, local Compose); docker-compose.yml","Deliver Private Cloud and On-Premise profiles and run shared conformance fixtures for Configuration, Infrastructure, and Environment Promotion semantics across all three; only the local profile exists",Semantics of this chapter exist (or not) only in the local profile; parity across profiles is unclaimed (EXC-P0-004)
DP-66-005,V7,"66 Configuration, Infrastructure, and Environment Promotion",149,"When desired and observed state drift, an environment lacks certified dependencies, or promotion would cross an unverified semantic difference, the platform SHALL hold promotion, preserve the last approved state, expose the diff, reconcile dependencies, and rerun shared conformance fixtures; it SHALL NOT infer complete, current, authorized, correct, reconciled, or recovered data state.",V07-F018,infrastructure,partial,passed:ci,merged,phase0,P7-D,"apps/api/src/config/config.ts (schema-validated eye.* configuration, ADR-P0-15); apps/api/migrations/0007 config.runtime_profile; docker-compose.yml (digest-pinned images, required env vars); conformance.manifest.json; .github/workflows/ci.yml: Pinned-digest consistency (compose == conformance manifest); EXCEPTIONS.md EXC-P0-004/005",No promotion hold/diff; C15/C16 gates hold merges,
DP-66-006,V7,"66 Configuration, Infrastructure, and Environment Promotion",149,"Production admission and continued operation SHALL require configuration schema tests, drift detection, cross-environment data fixtures, secret and policy validation, deployment parity, and rollback, bound to the exact contracts, schemas, code, data versions, policies, infrastructure, customer scope, deployment profile, and period under review.",V07-F018,infrastructure,partial,passed:ci,merged,phase0,P7-D,"apps/api/src/config/config.ts (schema-validated eye.* configuration, ADR-P0-15); apps/api/migrations/0007 config.runtime_profile; docker-compose.yml (digest-pinned images, required env vars); conformance.manifest.json; .github/workflows/ci.yml: Pinned-digest consistency (compose == conformance manifest); EXCEPTIONS.md EXC-P0-004/005",No cross-environment fixtures or rollback,"Evidence is bound to the head SHA/digests of the local profile, not to a customer scope or period"
DP-67-001,V7,"67 Test Data, Fixtures, and Verification Architecture",150,"The data-platform realization of Test Data, Fixtures, and Verification Architecture SHALL verify data behavior through versioned synthetic, masked, sampled, adversarial, historical, and golden datasets isolated from production authority.",V07-F018,infrastructure,implemented,passed:ci,merged,phase1,P7-D,"fixtures/phase1/replay; docs/phase1/REPLAY_DATA_MANIFEST.md, SOURCE_DATA_MANIFEST.md, SYNTHETIC_COMPANY_SPEC.md; apps/api/test/gate/c18-seed-world.ts; packages/contracts/fixtures; apps/api/test/int/phase5-fixtures.ts, phase6-fixtures.ts; test/gate/hermetic-isolation.test.ts; .github/workflows/ci.yml: Unit + conformance + gate tests (hermetic — no network)","Synthetic, replay, adversarial (hostile-input) and golden fixtures exist; no masked production samples (no production)",
DP-67-002,V7,"67 Test Data, Fixtures, and Verification Architecture",150,"Every production instance SHALL declare and continuously reconcile fixture identity, purpose, source or generator, schema, seed, classification, expected results, environment scope, expiry, and evidence through versioned contracts, observed state, ownership, lineage, and audit evidence.",V07-F018,infrastructure,partial,passed:ci,merged,phase1,P7-D,"fixtures/phase1/replay; docs/phase1/REPLAY_DATA_MANIFEST.md, SOURCE_DATA_MANIFEST.md, SYNTHETIC_COMPANY_SPEC.md; apps/api/test/gate/c18-seed-world.ts; packages/contracts/fixtures; apps/api/test/int/phase5-fixtures.ts, phase6-fixtures.ts; test/gate/hermetic-isolation.test.ts; .github/workflows/ci.yml: Unit + conformance + gate tests (hermetic — no network)",Fixture manifests exist for phase1 replay only; expiry/classification per fixture not declared,
DP-67-003,V7,"67 Test Data, Fixtures, and Verification Architecture",150,"The implementation SHALL enforce this authority boundary: test data may model production conditions but may not expose protected production content, leak across tenants, or become model training or canonical truth by reuse.",V07-F018,infrastructure,implemented,passed:harness,merged,phase1,P7-D,"fixtures/phase1/replay; docs/phase1/REPLAY_DATA_MANIFEST.md, SOURCE_DATA_MANIFEST.md, SYNTHETIC_COMPANY_SPEC.md; apps/api/test/gate/c18-seed-world.ts; packages/contracts/fixtures; apps/api/test/int/phase5-fixtures.ts, phase6-fixtures.ts; test/gate/hermetic-isolation.test.ts; .github/workflows/ci.yml: Unit + conformance + gate tests (hermetic — no network)","Synthetic data is marked at object level (data_origin synthetic, synthetic_state)",
DP-67-004,V7,"67 Test Data, Fixtures, and Verification Architecture",151,"SaaS, Private Cloud, and On-Premise SHALL preserve the same object, temporal, truth-state, provenance, policy, correction, export, failure, replay, and human-authority semantics for Test Data, Fixtures, and Verification Architecture.",V07-F018,infrastructure,missing,unverified,none,phase7,P7-D,"EXCEPTIONS.md: EXC-P0-004 (single deployment profile, local Compose); docker-compose.yml","Deliver Private Cloud and On-Premise profiles and run shared conformance fixtures for Test Data, Fixtures, and Verification Architecture semantics across all three; only the local profile exists",Semantics of this chapter exist (or not) only in the local profile; parity across profiles is unclaimed (EXC-P0-004)
DP-67-005,V7,"67 Test Data, Fixtures, and Verification Architecture",151,"When fixtures are stale, non-representative, contaminated, privacy-unsafe, irreproducible, or cannot distinguish expected failure states, the platform SHALL invalidate affected evidence, quarantine the fixture, rebuild from approved sources or generators, and rerun dependent verification; it SHALL NOT infer complete, current, authorized, correct, reconciled, or recovered data state.",V07-F018,infrastructure,partial,unverified,merged,phase1,P7-D,"fixtures/phase1/replay; docs/phase1/REPLAY_DATA_MANIFEST.md, SOURCE_DATA_MANIFEST.md, SYNTHETIC_COMPANY_SPEC.md; apps/api/test/gate/c18-seed-world.ts; packages/contracts/fixtures; apps/api/test/int/phase5-fixtures.ts, phase6-fixtures.ts; test/gate/hermetic-isolation.test.ts; .github/workflows/ci.yml: Unit + conformance + gate tests (hermetic — no network)",Stale fixtures are caught by tests failing; no fixture quarantine workflow,
DP-67-006,V7,"67 Test Data, Fixtures, and Verification Architecture",151,"Production admission and continued operation SHALL require contract, quality, temporal, lineage, policy, scale, migration, recovery, adversarial, privacy, and deployment-parity test suites, bound to the exact contracts, schemas, code, data versions, policies, infrastructure, customer scope, deployment profile, and period under review.",V07-F018,infrastructure,partial,passed:ci,merged,phase1,P7-D,"fixtures/phase1/replay; docs/phase1/REPLAY_DATA_MANIFEST.md, SOURCE_DATA_MANIFEST.md, SYNTHETIC_COMPANY_SPEC.md; apps/api/test/gate/c18-seed-world.ts; packages/contracts/fixtures; apps/api/test/int/phase5-fixtures.ts, phase6-fixtures.ts; test/gate/hermetic-isolation.test.ts; .github/workflows/ci.yml: Unit + conformance + gate tests (hermetic — no network)","Contract/quality/temporal/lineage/policy/adversarial suites exist; scale, migration-rehearsal, recovery and deployment-parity suites do not","Evidence is bound to the head SHA/digests of the local profile, not to a customer scope or period"
DP-68-001,V7,"68 Data Release, Migration, Backfill, and Rollback",152,"The data-platform realization of Data Release, Migration, Backfill, and Rollback SHALL release dependency-closed data changes through evidence-gated migrations, backfills, dual operation, cutover, rollback or roll-forward, and consumer reconciliation.",V07-F018,infrastructure,partial,passed:ci,merged,phase0,P7-D,"apps/api/scripts/migrate.mjs (ordered forward-only migrations, ledger); .github/workflows/ci.yml: Post-C18 migration upgrade compatibility, C18 dual-path database history gate; scripts/gate/c18-db-paths.mjs; apps/api/migrations/0028 declared backfill; apps/api/test/int/phase4-acceptance.test.ts: P4-M0a backfill; conformance.manifest.json (exact digests)","Migrations are evidence-gated and forward-only with an upgrade-compatibility gate; no rollback/roll-forward strategy, dual operation, cutover or consumer reconciliation for data releases",
DP-68-002,V7,"68 Data Release, Migration, Backfill, and Rollback",152,"Every production instance SHALL declare and continuously reconcile release identity, contracts, schemas, code, policies, datasets, migration plan, backfill scope, checkpoints, consumers, approvals, rollout, and rollback target through versioned contracts, observed state, ownership, lineage, and audit evidence.",V07-F018,infrastructure,partial,passed:ci,merged,phase0,P7-D,"apps/api/scripts/migrate.mjs (ordered forward-only migrations, ledger); .github/workflows/ci.yml: Post-C18 migration upgrade compatibility, C18 dual-path database history gate; scripts/gate/c18-db-paths.mjs; apps/api/migrations/0028 declared backfill; apps/api/test/int/phase4-acceptance.test.ts: P4-M0a backfill; conformance.manifest.json (exact digests)",No data-release object binding contracts/schemas/code/policy/datasets/rollback target,
DP-68-003,V7,"68 Data Release, Migration, Backfill, and Rollback",152,"The implementation SHALL enforce this authority boundary: a data release is the exact resolved system configuration and state transition; mutable tags, floating schemas, and out-of-band production changes are non-conformant.",V07-F018,infrastructure,implemented,passed:ci,merged,phase0,done,"apps/api/scripts/migrate.mjs (ordered forward-only migrations, ledger); .github/workflows/ci.yml: Post-C18 migration upgrade compatibility, C18 dual-path database history gate; scripts/gate/c18-db-paths.mjs; apps/api/migrations/0028 declared backfill; apps/api/test/int/phase4-acceptance.test.ts: P4-M0a backfill; conformance.manifest.json (exact digests)",,
DP-68-004,V7,"68 Data Release, Migration, Backfill, and Rollback",153,"SaaS, Private Cloud, and On-Premise SHALL preserve the same object, temporal, truth-state, provenance, policy, correction, export, failure, replay, and human-authority semantics for Data Release, Migration, Backfill, and Rollback.",V07-F018,infrastructure,missing,unverified,none,phase7,P7-D,"EXCEPTIONS.md: EXC-P0-004 (single deployment profile, local Compose); docker-compose.yml","Deliver Private Cloud and On-Premise profiles and run shared conformance fixtures for Data Release, Migration, Backfill, and Rollback semantics across all three; only the local profile exists",Semantics of this chapter exist (or not) only in the local profile; parity across profiles is unclaimed (EXC-P0-004)
DP-68-005,V7,"68 Data Release, Migration, Backfill, and Rollback",153,"When migration or backfill diverges, validation fails, consumers disagree, or rollback would lose authoritative changes, the platform SHALL halt rollout, contain the cohort, preserve old and new state, reconcile deltas, and execute the approved rollback or roll-forward strategy; it SHALL NOT infer complete, current, authorized, correct, reconciled, or recovered data state.",V07-F018,infrastructure,partial,passed:harness,merged,phase0,P7-D,"apps/api/scripts/migrate.mjs (ordered forward-only migrations, ledger); .github/workflows/ci.yml: Post-C18 migration upgrade compatibility, C18 dual-path database history gate; scripts/gate/c18-db-paths.mjs; apps/api/migrations/0028 declared backfill; apps/api/test/int/phase4-acceptance.test.ts: P4-M0a backfill; conformance.manifest.json (exact digests)",Backfill divergence is handled per source (revisions as supersessions); no cohort halt/rollback,
DP-68-006,V7,"68 Data Release, Migration, Backfill, and Rollback",153,"Production admission and continued operation SHALL require dependency closure, representative rehearsal, dual-read and dual-write validation, backfill totals, canary, rollback, correction, and consumer acceptance, bound to the exact contracts, schemas, code, data versions, policies, infrastructure, customer scope, deployment profile, and period under review.",V07-F018,infrastructure,partial,passed:ci,merged,phase0,P7-D,"apps/api/scripts/migrate.mjs (ordered forward-only migrations, ledger); .github/workflows/ci.yml: Post-C18 migration upgrade compatibility, C18 dual-path database history gate; scripts/gate/c18-db-paths.mjs; apps/api/migrations/0028 declared backfill; apps/api/test/int/phase4-acceptance.test.ts: P4-M0a backfill; conformance.manifest.json (exact digests)",No canary/rollback rehearsal,"Evidence is bound to the head SHA/digests of the local profile, not to a customer scope or period"
DP-69-001,V7,"69 Deployment Parity, Disconnected Sync, and Air Gaps",154,"The data-platform realization of Deployment Parity, Disconnected Sync, and Air Gaps SHALL operate and synchronize the common data platform across SaaS, Private Cloud, On-Premise, disconnected, and air-gapped deployments without hidden cloud dependencies.",V07-F019,infrastructure,partial,passed:harness,merged,phase1,P7-D,"apps/api/migrations/0022 acquisition_mode replay; apps/api/src/intelligence/gateway/model-gateway.service.ts (replay / local-live, no hosted model API); test/gate/hermetic-isolation.test.ts; EXCEPTIONS.md EXC-P0-004; apps/api/test/int/phase6-scheduled-corrections.test.ts: a REPLAYED set is not a live confirmation","Replay/hermetic operation and local-only model inference exist; no disconnected sync ledger, signed package transfer, trusted-time or air-gap ceremony",
DP-69-002,V7,"69 Deployment Parity, Disconnected Sync, and Air Gaps",154,"Every production instance SHALL declare and continuously reconcile deployment profile, local authority, source set, package manifest, trusted time, transfer path, synchronization ledger, conflict policy, and reconciliation through versioned contracts, observed state, ownership, lineage, and audit evidence.",V07-F019,infrastructure,missing,unverified,none,phase7,P7-D,"apps/api/migrations/0022 acquisition_mode replay; apps/api/src/intelligence/gateway/model-gateway.service.ts (replay / local-live, no hosted model API); test/gate/hermetic-isolation.test.ts; EXCEPTIONS.md EXC-P0-004; apps/api/test/int/phase6-scheduled-corrections.test.ts: a REPLAYED set is not a live confirmation","Replay/hermetic operation and local-only model inference exist; no disconnected sync ledger, signed package transfer, trusted-time or air-gap ceremony",
DP-69-003,V7,"69 Deployment Parity, Disconnected Sync, and Air Gaps",154,"The implementation SHALL enforce this authority boundary: offline operation preserves object, time, truth, provenance, policy, correction, export, and human-authority semantics even when freshness and capability are reduced.",V07-F019,infrastructure,partial,passed:harness,merged,phase1,P7-D,"apps/api/migrations/0022 acquisition_mode replay; apps/api/src/intelligence/gateway/model-gateway.service.ts (replay / local-live, no hosted model API); test/gate/hermetic-isolation.test.ts; EXCEPTIONS.md EXC-P0-004; apps/api/test/int/phase6-scheduled-corrections.test.ts: a REPLAYED set is not a live confirmation",Replay preserves object/time/truth/provenance semantics and never masquerades as live,
DP-69-004,V7,"69 Deployment Parity, Disconnected Sync, and Air Gaps",155,"SaaS, Private Cloud, and On-Premise SHALL preserve the same object, temporal, truth-state, provenance, policy, correction, export, failure, replay, and human-authority semantics for Deployment Parity, Disconnected Sync, and Air Gaps.",V07-F019,infrastructure,missing,unverified,none,phase7,P7-D,"EXCEPTIONS.md: EXC-P0-004 (single deployment profile, local Compose); docker-compose.yml","Deliver Private Cloud and On-Premise profiles and run shared conformance fixtures for Deployment Parity, Disconnected Sync, and Air Gaps semantics across all three; only the local profile exists",Semantics of this chapter exist (or not) only in the local profile; parity across profiles is unclaimed (EXC-P0-004)
DP-69-005,V7,"69 Deployment Parity, Disconnected Sync, and Air Gaps",155,"When trusted time, signed packages, transfer inspection, local dependencies, synchronization evidence, or conflict resolution is unavailable, the platform SHALL remain in the declared local continuity mode, reject unverifiable exchange, preserve pending changes, and reconcile only through approved ceremony; it SHALL NOT infer complete, current, authorized, correct, reconciled, or recovered data s…",V07-F019,infrastructure,missing,unverified,none,phase7,P7-D,"apps/api/migrations/0022 acquisition_mode replay; apps/api/src/intelligence/gateway/model-gateway.service.ts (replay / local-live, no hosted model API); test/gate/hermetic-isolation.test.ts; EXCEPTIONS.md EXC-P0-004; apps/api/test/int/phase6-scheduled-corrections.test.ts: a REPLAYED set is not a live confirmation","Replay/hermetic operation and local-only model inference exist; no disconnected sync ledger, signed package transfer, trusted-time or air-gap ceremony",
DP-69-006,V7,"69 Deployment Parity, Disconnected Sync, and Air Gaps",155,"Production admission and continued operation SHALL require zero-egress operation, offline install and update, removable- media ceremony, clock discontinuity, delayed synchronization, conflicts, export, and recovery, bound to the exact contracts, schemas, code, data versions, policies, infrastructure, customer scope, deployment profile, and period under review.",V07-F019,infrastructure,missing,unverified,none,phase7,P7-D,"apps/api/migrations/0022 acquisition_mode replay; apps/api/src/intelligence/gateway/model-gateway.service.ts (replay / local-live, no hosted model API); test/gate/hermetic-isolation.test.ts; EXCEPTIONS.md EXC-P0-004; apps/api/test/int/phase6-scheduled-corrections.test.ts: a REPLAYED set is not a live confirmation","Replay/hermetic operation and local-only model inference exist; no disconnected sync ledger, signed package transfer, trusted-time or air-gap ceremony",
DP-70-001,V7,"70 Data Cost, Capacity, Sustainability, and Unit Economics",156,"The data-platform realization of Data Cost, Capacity, Sustainability, and Unit Economics SHALL make storage, processing, transfer, retrieval, graph, indexing, quality, recovery, licensing, energy, and operational cost visible by product, domain, customer, and workload.",V07-F019,commercial,partial,passed:harness,merged,phase1,P7-F,"apps/api/migrations/0022 agents.budgets (requests, bytes, cost_units, concurrency, timeout, retries); apps/api/src/intelligence/extraction/extraction.service.ts (call budget stops the run); apps/api/test/int/phase1-acceptance.test.ts: A9 BUDGET BREACH stops the run; apps/api/test/int/phase2-acceptance.test.ts: a run that exceeds its call budget stops","Per-run budgets are enforced; no cost ledger, allocation by product/domain/customer, storage/transfer/energy accounting or unit economics",
DP-70-002,V7,"70 Data Cost, Capacity, Sustainability, and Unit Economics",156,"Every production instance SHALL declare and continuously reconcile cost ledger, allocation key, resource measure, rate, budget, forecast, anomaly, retention tier, energy, carbon, optimization, and decision evidence through versioned contracts, observed state, ownership, lineage, and audit evidence.",V07-F019,commercial,missing,unverified,none,phase7,P7-F,"apps/api/migrations/0022 agents.budgets (requests, bytes, cost_units, concurrency, timeout, retries); apps/api/src/intelligence/extraction/extraction.service.ts (call budget stops the run); apps/api/test/int/phase1-acceptance.test.ts: A9 BUDGET BREACH stops the run; apps/api/test/int/phase2-acceptance.test.ts: a run that exceeds its call budget stops","Per-run budgets are enforced; no cost ledger, allocation by product/domain/customer, storage/transfer/energy accounting or unit economics",
DP-70-003,V7,"70 Data Cost, Capacity, Sustainability, and Unit Economics",157,"The implementation SHALL enforce this authority boundary: economic optimization may not weaken isolation, provenance, quality, freshness, durability, recovery, sovereignty, accessibility, or customer control.",V07-F019,commercial,implemented,passed:harness,merged,phase1,P7-F,"apps/api/migrations/0022 agents.budgets (requests, bytes, cost_units, concurrency, timeout, retries); apps/api/src/intelligence/extraction/extraction.service.ts (call budget stops the run); apps/api/test/int/phase1-acceptance.test.ts: A9 BUDGET BREACH stops the run; apps/api/test/int/phase2-acceptance.test.ts: a run that exceeds its call budget stops",Budget stops never weaken evidence (budget_exceeded is a recorded terminal state),
DP-70-004,V7,"70 Data Cost, Capacity, Sustainability, and Unit Economics",157,"SaaS, Private Cloud, and On-Premise SHALL preserve the same object, temporal, truth-state, provenance, policy, correction, export, failure, replay, and human-authority semantics for Data Cost, Capacity, Sustainability, and Unit Economics.",V07-F019,commercial,missing,unverified,none,phase7,P7-D,"EXCEPTIONS.md: EXC-P0-004 (single deployment profile, local Compose); docker-compose.yml","Deliver Private Cloud and On-Premise profiles and run shared conformance fixtures for Data Cost, Capacity, Sustainability, and Unit Economics semantics across all three; only the local profile exists",Semantics of this chapter exist (or not) only in the local profile; parity across profiles is unclaimed (EXC-P0-004)
DP-70-005,V7,"70 Data Cost, Capacity, Sustainability, and Unit Economics",157,"When cost or energy exceeds budget, allocation is unreliable, or an optimization would breach a contract, SLO, policy, or recovery posture, the platform SHALL stop unsafe optimization, expose trade-offs, apply approved demand and lifecycle controls, and route material variance to accountable owners; it SHALL NOT infer complete, current, authorized, correct, reconciled, or recovered data state.",V07-F019,commercial,partial,passed:harness,merged,phase1,P7-F,"apps/api/migrations/0022 agents.budgets (requests, bytes, cost_units, concurrency, timeout, retries); apps/api/src/intelligence/extraction/extraction.service.ts (call budget stops the run); apps/api/test/int/phase1-acceptance.test.ts: A9 BUDGET BREACH stops the run; apps/api/test/int/phase2-acceptance.test.ts: a run that exceeds its call budget stops",Budget breach stops work and is recorded; no trade-off exposure,
DP-70-006,V7,"70 Data Cost, Capacity, Sustainability, and Unit Economics",157,"Production admission and continued operation SHALL require allocation reconciliation, unit-cost benchmarks, workload and retention sensitivity, anomaly tests, capacity forecasts, and control-preserving optimization review, bound to the exact contracts, schemas, code, data versions, policies, infrastructure, customer scope, deployment profile, and period under review.",V07-F019,commercial,missing,unverified,none,phase7,P7-F,"apps/api/migrations/0022 agents.budgets (requests, bytes, cost_units, concurrency, timeout, retries); apps/api/src/intelligence/extraction/extraction.service.ts (call budget stops the run); apps/api/test/int/phase1-acceptance.test.ts: A9 BUDGET BREACH stops the run; apps/api/test/int/phase2-acceptance.test.ts: a run that exceeds its call budget stops","Per-run budgets are enforced; no cost ledger, allocation by product/domain/customer, storage/transfer/energy accounting or unit economics",
DP-71-001,V7,71 Data Platform Acceptance and Operational Readiness,158,"The data-platform realization of Data Platform Acceptance and Operational Readiness SHALL prove that a specific customer deployment can collect, govern, process, serve, explain, secure, fail, restore, migrate, export, and retire its contracted data scope.",V07-F019,governance-docs,partial,passed:ci,merged,phase0,P7-D,".github/workflows/ci.yml (build-test, browser-regression, supply-chain: C15/C16/C17/C18 gates); apps/api/test/acceptance/acceptance.test.ts (15 criteria); phase acceptance suites; e2e/phase0.spec.ts, e2e/phase1-observation.spec.ts; PHASE1_REPORT.md §4; FULL_PRODUCT_DELIVERY_REGISTER.md","Acceptance is proven for phase criteria on one local profile; collect/govern/process/serve/explain proven, secure partially (EXC-P0-002/003), fail partially, restore/migrate/export/retire not proven",
DP-71-002,V7,71 Data Platform Acceptance and Operational Readiness,158,"Every production instance SHALL declare and continuously reconcile acceptance scope, deployment, sources, contracts, schemas, assets, pipelines, products, policies, tests, operators, open conditions, evidence, and expiry through versioned contracts, observed state, ownership, lineage, and audit evidence.",V07-F019,governance-docs,partial,passed:ci,merged,phase0,P7-D,".github/workflows/ci.yml (build-test, browser-regression, supply-chain: C15/C16/C17/C18 gates); apps/api/test/acceptance/acceptance.test.ts (15 criteria); phase acceptance suites; e2e/phase0.spec.ts, e2e/phase1-observation.spec.ts; PHASE1_REPORT.md §4; FULL_PRODUCT_DELIVERY_REGISTER.md","No customer-scoped acceptance record with operators, open conditions and expiry",
DP-71-003,V7,71 Data Platform Acceptance and Operational Readiness,159,"The implementation SHALL enforce this authority boundary: acceptance is bound to exact data classes, products, workloads, integrations, infrastructure, releases, consequence levels, responsibilities, and operating period.",V07-F019,governance-docs,partial,passed:ci,merged,phase0,P7-D,".github/workflows/ci.yml (build-test, browser-regression, supply-chain: C15/C16/C17/C18 gates); apps/api/test/acceptance/acceptance.test.ts (15 criteria); phase acceptance suites; e2e/phase0.spec.ts, e2e/phase1-observation.spec.ts; PHASE1_REPORT.md §4; FULL_PRODUCT_DELIVERY_REGISTER.md",Gates bind to exact head SHA and digests (C16 FINAL mode); not to customer scope/consequence level/period,
DP-71-004,V7,71 Data Platform Acceptance and Operational Readiness,159,"SaaS, Private Cloud, and On-Premise SHALL preserve the same object, temporal, truth-state, provenance, policy, correction, export, failure, replay, and human-authority semantics for Data Platform Acceptance and Operational Readiness.",V07-F019,governance-docs,missing,unverified,none,phase7,P7-D,"EXCEPTIONS.md: EXC-P0-004 (single deployment profile, local Compose); docker-compose.yml",Deliver Private Cloud and On-Premise profiles and run shared conformance fixtures for Data Platform Acceptance and Operational Readiness semantics across all three; only the local profile exists,Semantics of this chapter exist (or not) only in the local profile; parity across profiles is unclaimed (EXC-P0-004)
DP-71-005,V7,71 Data Platform Acceptance and Operational Readiness,159,"When a mandatory test fails, evidence is stale, an open condition exceeds tolerance, or operators cannot execute required data procedures, the platform SHALL withhold production authority or restrict accepted scope, record conditions, remediate, and retest through joint customer and platform authority; it SHALL NOT infer complete, current, authorized, correct, reconciled, or recovered data state.",V07-F019,governance-docs,partial,passed:ci,merged,phase0,P7-D,".github/workflows/ci.yml (build-test, browser-regression, supply-chain: C15/C16/C17/C18 gates); apps/api/test/acceptance/acceptance.test.ts (15 criteria); phase acceptance suites; e2e/phase0.spec.ts, e2e/phase1-observation.spec.ts; PHASE1_REPORT.md §4; FULL_PRODUCT_DELIVERY_REGISTER.md","A failing mandatory gate blocks merge (C15 currently red, no waiver); no restriction of accepted scope concept",
DP-71-006,V7,71 Data Platform Acceptance and Operational Readiness,159,"Production admission and continued operation SHALL require source through decision-path fixtures, quality and policy, scale, resilience, restore, migration, export, deletion, operations drills, and signed acceptance, bound to the exact contracts, schemas, code, data versions, policies, infrastructure, customer scope, deployment profile, and period under review.",V07-F019,governance-docs,partial,passed:ci,merged,phase0,P7-D,".github/workflows/ci.yml (build-test, browser-regression, supply-chain: C15/C16/C17/C18 gates); apps/api/test/acceptance/acceptance.test.ts (15 criteria); phase acceptance suites; e2e/phase0.spec.ts, e2e/phase1-observation.spec.ts; PHASE1_REPORT.md §4; FULL_PRODUCT_DELIVERY_REGISTER.md",Restore/migration/export/deletion/operations drills absent,"Evidence is bound to the head SHA/digests of the local profile, not to a customer scope or period"
DP-72-001,V7,72 Data Platform Governance and Baseline Closure,160,"The data-platform realization of Data Platform Governance and Baseline Closure SHALL keep the data architecture coherent through ownership, standards, architecture decisions, metrics, exceptions, conformance, lifecycle evidence, review, and controlled amendment.",V07-F019,governance-docs,partial,unverified,merged,phase0,P7-D,"DECISIONS.md (ADR-P0-01..17); EXCEPTIONS.md (scoped exceptions, expiry, closure records); PROGRESS.md (document authority model, review log); PHASE*_REPORT.md review closures; FULL_PRODUCT_DELIVERY_REGISTER.md; CODEX_CORRECTION_PASS.md","ADRs, exceptions, review closures and a delivery register exist as documents; no metrics/conformance trend or amendment workflow in-product",
DP-72-002,V7,72 Data Platform Governance and Baseline Closure,160,"Every production instance SHALL declare and continuously reconcile architecture decision, standard, owner, exception, risk acceptance, review cadence, conformance state, amendment, debt, and closure evidence through versioned contracts, observed state, ownership, lineage, and audit evidence.",V07-F019,governance-docs,partial,unverified,merged,phase0,P7-D,"DECISIONS.md (ADR-P0-01..17); EXCEPTIONS.md (scoped exceptions, expiry, closure records); PROGRESS.md (document authority model, review log); PHASE*_REPORT.md review closures; FULL_PRODUCT_DELIVERY_REGISTER.md; CODEX_CORRECTION_PASS.md",Debt and review cadence are not tracked; exception ageing manual,
DP-72-003,V7,72 Data Platform Governance and Baseline Closure,160,The implementation SHALL enforce this authority boundary: technologies and physical designs may evolve behind frozen data contracts; local implementation cannot redefine the Strategic Intelligence Operating System or canonical truth.,V07-F019,governance-docs,implemented,passed:harness,merged,phase0,P7-D,"DECISIONS.md (ADR-P0-01..17); EXCEPTIONS.md (scoped exceptions, expiry, closure records); PROGRESS.md (document authority model, review log); PHASE*_REPORT.md review closures; FULL_PRODUCT_DELIVERY_REGISTER.md; CODEX_CORRECTION_PASS.md",Technology changes behind contracts verified by projection-rebuild and header-digest tests,
DP-72-004,V7,72 Data Platform Governance and Baseline Closure,161,"SaaS, Private Cloud, and On-Premise SHALL preserve the same object, temporal, truth-state, provenance, policy, correction, export, failure, replay, and human-authority semantics for Data Platform Governance and Baseline Closure.",V07-F019,governance-docs,missing,unverified,none,phase7,P7-D,"EXCEPTIONS.md: EXC-P0-004 (single deployment profile, local Compose); docker-compose.yml",Deliver Private Cloud and On-Premise profiles and run shared conformance fixtures for Data Platform Governance and Baseline Closure semantics across all three; only the local profile exists,Semantics of this chapter exist (or not) only in the local profile; parity across profiles is unclaimed (EXC-P0-004)
DP-72-005,V7,72 Data Platform Governance and Baseline Closure,161,"When material divergence, unmanaged data debt, repeated exception, obsolete control, or unresolved ownership threatens the baseline, the platform SHALL constrain affected change and use, assign accountable remediation, elevate semantic conflicts, and amend only through the governing authority chain; it SHALL NOT infer complete, current, authorized, correct, reconciled, or recovered data state.",V07-F019,governance-docs,partial,unverified,merged,phase0,P7-D,"DECISIONS.md (ADR-P0-01..17); EXCEPTIONS.md (scoped exceptions, expiry, closure records); PROGRESS.md (document authority model, review log); PHASE*_REPORT.md review closures; FULL_PRODUCT_DELIVERY_REGISTER.md; CODEX_CORRECTION_PASS.md",Constraint of change is by review and gates; no automatic constraint on repeated exceptions,
DP-72-006,V7,72 Data Platform Governance and Baseline Closure,161,"Production admission and continued operation SHALL require architecture review, exception ageing, quality and conformance trends, customer control, Decision Replay, retirement evidence, and executive attestation, bound to the exact contracts, schemas, code, data versions, policies, infrastructure, customer scope, deployment profile, and period under review.",V07-F019,governance-docs,partial,unverified,merged,phase0,P7-D,"DECISIONS.md (ADR-P0-01..17); EXCEPTIONS.md (scoped exceptions, expiry, closure records); PROGRESS.md (document authority model, review log); PHASE*_REPORT.md review closures; FULL_PRODUCT_DELIVERY_REGISTER.md; CODEX_CORRECTION_PASS.md",No executive attestation or retirement evidence,"Evidence is bound to the head SHA/digests of the local profile, not to a customer scope or period"
DADR-001,V7,O Data Platform Architecture Decision Baseline,191,"Contracts precede physical data structures Tables, topics, files, indexes, and APIs implement stable semantic contracts.",,data-platform,partial,unverified,merged,phase0,P7-D,packages/contracts/src/header.ts; apps/api/migrations/0006 schema_registry; apps/api/migrations/0022 §20 SRC schema,Contracts exist for canonical objects and source contracts only; tables/topics/indexes/APIs are not contract-bound,
DADR-002,V7,O Data Platform Architecture Decision Baseline,191,Canonical ownership remains singular Every authoritative lifecycle has one accountable owning component.,,data-platform,implemented,passed:harness,merged,phase0,done,"apps/api/migrations/0006 owning_component; SECURITY DEFINER ports with per-action object-type pinning (apps/api/migrations/0022 §20, 0023 §9, 0024 §11, 0029 §9); apps/api/test/int/phase5-twins.test.ts: every TWN admission boundary refuses another object type",,
DADR-003,V7,O Data Platform Architecture Decision Baseline,191,Raw evidence is immutable and derivatives are explicit Parsing and AI transformation never overwrite source evidence.,,data-platform,implemented,passed:harness,merged,phase1,done,apps/api/migrations/0022 §6 blob_manifests append-only; apps/api/migrations/0023 claim_lineage; apps/api/test/int/phase1-acceptance.test.ts: A2; apps/api/test/int/phase2-acceptance.test.ts: B2 a correction admits a NEW version,,No parsing/AI derivatives exist yet beyond claims (Ch 12)
DADR-004,V7,O Data Platform Architecture Decision Baseline,191,Four temporal coordinates are first- class Historical reconstruction does not depend on latest-value storage.,,data-platform,implemented,passed:harness,merged,phase0,done,apps/api/migrations/0006 four temporal columns; apps/api/migrations/0024 bitemporal edges; apps/api/test/int/phase1-acceptance.test.ts: A3; apps/api/test/int/phase3-acceptance.test.ts: C5,,
DADR-005,V7,O Data Platform Architecture Decision Baseline,191,"Truth state is mandatory Observed, inferred, assessed, synthetic, and decided data remain distinguishable.",,data-platform,implemented,passed:harness,merged,phase0,done,apps/api/migrations/0006 truth_state CHECK + synthetic_consistency; apps/api/migrations/0032 kind/basis_truth_state; apps/api/test/int/phase5-twins.test.ts: E2,,
DADR-006,V7,O Data Platform Architecture Decision Baseline,191,Provenance is canonical data Material lineage cannot depend on mutable operational logs.,,data-platform,implemented,passed:harness,merged,phase1,done,apps/api/migrations/0022 custody_events; apps/api/migrations/0023 claim_lineage; apps/api/migrations/0024 provenance on edges; apps/api/test/int/phase2-acceptance.test.ts: B1,,
DADR-007,V7,O Data Platform Architecture Decision Baseline,191,Correction is non-destructive Historical knowledge and later amendments remain replayable.,,data-platform,implemented,passed:harness,merged,phase0,done,apps/api/src/objects/objects.service.ts correction_of; apps/api/test/int/phase1-acceptance.test.ts: A8; apps/api/test/int/phase3-acceptance.test.ts: C3,,Replay of amendments is operator-initiated (CorrectionApplied consumer deferred)
DADR-008,V7,O Data Platform Architecture Decision Baseline,191,"State class precedes storage engine Authority, consistency, locality, lifecycle, and recovery select technology.",,data-platform,partial,unverified,merged,phase0,P7-D,apps/api/migrations (event logs vs projections); EXCEPTIONS.md EXC-P1-002,No state-class registry; technology (Postgres/filesystem) was chosen by ADR-P0-01 before state classes were declared,
DADR-009,V7,O Data Platform Architecture Decision Baseline,191,Open analytical formats preserve portability Customer knowledge is not trapped in proprietary-only representation.,,data-platform,missing,unverified,none,phase7,P7-D,ADR-P0-01 (PostgreSQL primary store); no parquet/iceberg in repository,No open analytical formats or lakehouse; objects are exportable only as JSON via the API/evidence download,See Ch 26/47
DADR-010,V7,O Data Platform Architecture Decision Baseline,191,Operational writes follow service ownership Shared tables and cross-owner mutation are prohibited.,,data-platform,implemented,passed:harness,merged,phase0,done,"apps/api/migrations/0009/0011/0013 (no role writes directly; ports assert bound action); apps/api/test/int/domain-isolation.test.ts: direct DML is gone, and the ports derive the labels; apps/api/test/int/gate22-inertness-integrity.test.ts: C14",,
DADR-011,V7,O Data Platform Architecture Decision Baseline,191,Messaging semantics are explicit Delivery and acknowledgement do not imply institutional commitment.,,data-platform,implemented,passed:harness,merged,phase0,done,"apps/api/migrations/0006 object_outbox status is publisher control state, not evidence; apps/api/migrations/0015 dead-letter; apps/api/src/objects/outbox.publisher.ts; apps/api/test/int/gate22-outbox-hardening.test.ts: C7",,
DADR-012,V7,O Data Platform Architecture Decision Baseline,191,"Derived projections are rebuildable Indexes, caches, marts, and embeddings never become silent truth.",,data-platform,implemented,passed:harness,merged,phase1,done,rebuild_projections ports in 0022/0023/0024/0029/0032/0033/0041; apps/api/test/int/phase1-acceptance.test.ts: A11; apps/api/test/int/phase4-acceptance.test.ts: D8,,No embeddings/marts exist; the prediction series cache is a known non-invalidated projection (PHASE4_REPORT.md §9)
DADR-013,V7,O Data Platform Architecture Decision Baseline,191,"Knowledge Graph is the semantic heart Identity, relationship, time, provenance, and strategy context converge there.",,data-platform,implemented,passed:harness,merged,phase3,done,"apps/api/migrations/0024 (entities, edges, strategy, dependencies); apps/api/src/graph/strategy/impact.service.ts; apps/api/test/int/phase3-acceptance.test.ts: C1-C6",,"Twins/forecasts/decisions bind to graph entities (0032 boundary entities, 0041 DEC)"
DADR-014,V7,O Data Platform Architecture Decision Baseline,191,Observed and synthetic twin state are isolated Scenario and simulation branches cannot contaminate observed state.,,data-platform,implemented,passed:harness,merged,phase5,done,apps/api/migrations/0032 twin_versions branch_id + state_elements.kind; apps/api/migrations/0033 SIM objects synthetic; apps/api/test/int/phase5-twins.test.ts: E3 ALTERNATIVE branch coexists; apps/api/test/int/phase5-propagation.test.ts: E3 reconciliation changes nothing,,
DADR-015,V7,O Data Platform Architecture Decision Baseline,191,"Strategic packages preserve exact versions Forecasts, simulations, recommendations, decisions, and outcomes remain distinct.",,data-platform,implemented,passed:harness,branch-only,phase6,done,apps/api/migrations/0041 options bind run version+digest; apps/api/migrations/0043 replay layers; apps/api/test/int/phase6-decisions.test.ts: options cite completed runs by exact version and digest; apps/api/test/int/phase6-replay.test.ts,,Branch-only (PR #46)
DADR-016,V7,O Data Platform Architecture Decision Baseline,191,"Data products are operational contracts A table, report, or dashboard is not a product without ownership and SLOs.",,data-platform,missing,unverified,none,phase7,P7-F,,"No data-product concept, ownership or SLOs (Ch 41)",
DADR-017,V7,O Data Platform Architecture Decision Baseline,192,Access is identity- and purpose-bound Reachability and possession never authorize use.,,data-platform,implemented,passed:harness,merged,phase0,done,"apps/api/src/policy/pdp.service.ts (purpose required, default deny); apps/api/migrations/0014 evidence de-authorization; test/acceptance/acceptance.test.ts: AC-5, AC-11; apps/api/test/int/gate22-evidence-deauthorization.test.ts",,
DADR-018,V7,O Data Platform Architecture Decision Baseline,192,"Privacy and sovereignty propagate to derivatives Indexes, features, models, backups, and exports inherit obligations.",,data-platform,partial,passed:harness,merged,phase2,P7-D,apps/api/src/intelligence/extraction/extraction.service.ts (ES-29-002 most-restrictive inheritance); apps/api/test/int/phase2-acceptance.test.ts: B1,"Inheritance is proven for claims only; no indexes, features, models, backups or exports exist to inherit obligations",
DADR-019,V7,O Data Platform Architecture Decision Baseline,192,"Deletion requires residual closure Canonical, derived, recovery, and processor copies are accounted for.",,data-platform,partial,passed:harness,merged,phase1,P3,apps/api/migrations/0022 blob_tombstones; apps/api/test/int/phase6-scheduled-corrections.test.ts: GOVERNED-DELETED bytes are not reused; apps/api/test/int/phase4-corrections-historical.test.ts: F2,Residual closure across projections/derived copies/recovery sets is not verified; no deletion orchestrator,Ch 54
DADR-020,V7,O Data Platform Architecture Decision Baseline,192,Quality is multidimensional product state One aggregate score cannot conceal failed controls or uncertainty.,,data-platform,partial,passed:harness,merged,phase1,P1,"apps/api/src/observation/coverage/coverage.service.ts (dimensions side by side, unknown never healthy); apps/api/test/int/phase1-acceptance.test.ts: A6",Quality dimensions beyond source coverage are not measured (Ch 57),
DADR-021,V7,O Data Platform Architecture Decision Baseline,192,"Degraded data modes are explicit The platform never fabricates completeness, freshness, correctness, or policy state.",,data-platform,implemented,passed:harness,merged,phase0,done,apps/api/src/shared/degraded-store.ts; apps/api/src/health/health.controller.ts; apps/api/migrations/0020; apps/api/test/int/gate22-degraded-recovery.test.ts: C9; PHASE4_REPORT.md §12.1 DEGRADED banner,,
DADR-022,V7,O Data Platform Architecture Decision Baseline,192,"Backups are untrusted until restored Recovery evidence includes schemas, keys, lineage, policies, and consumers.",,data-platform,missing,unverified,none,phase7,P7-D,FULL_PRODUCT_DELIVERY_REGISTER.md §7,"No backups exist, so nothing is untrusted-until-restored (Ch 62)",
DADR-023,V7,O Data Platform Architecture Decision Baseline,192,"Data releases are dependency-closed transitions Schemas, code, policy, data, migration, and rollback are resolved together.",,data-platform,partial,unverified,merged,phase0,P7-D,.github/workflows/ci.yml: C16 target-resolved closure gate; conformance.manifest.json; apps/api/scripts/migrate.mjs,"Code/images/migrations resolve exactly; policy bundle version, datasets and rollback target are not part of one data-release identity",
DADR-024,V7,O Data Platform Architecture Decision Baseline,192,"One data contract spans every deployment Physical variation cannot create SaaS, Private Cloud, or On-Premise semantics.",,data-platform,missing,unverified,none,phase7,P7-D,EXCEPTIONS.md EXC-P0-004,Single deployment profile (EXC-P0-004); no second profile to prove one contract spans deployments,
DAT-GV-01,V7,A Data Platform Component Catalog,163,"Authority and Governance Data authority registry Registry / control Governance domain Own authoritative data responsibilities, write rights, and delegated duties.",V07-F001,data-platform,missing,unverified,none,phase7,P7-D,DECISIONS.md; EXCEPTIONS.md; apps/api/migrations/0006 accountable_owner,"No governance registry/service component; ownership is a header field, exceptions and ADRs are documents",
DAT-GV-02,V7,A Data Platform Component Catalog,163,"Authority and Governance Data domain registry Registry / control Governance domain Own domain identities, boundaries, accountable leaders, and extension contracts.",V07-F001,data-platform,partial,passed:harness,merged,phase0,P7-D,apps/api/migrations/0002 tenancy.domains; apps/api/src/tenancy/tenancy.service.ts; apps/api/test/int/domain-isolation.test.ts,Domain identities/boundaries exist; accountable leaders and extension contracts are not modelled,
DAT-GV-03,V7,A Data Platform Component Catalog,163,"Authority and Governance Data product registry Registry / control Governance domain Own product purpose, contracts, consumers, SLOs, cost, and lifecycle.",V07-F001,data-platform,missing,unverified,none,phase7,P7-D,DECISIONS.md; EXCEPTIONS.md; apps/api/migrations/0006 accountable_owner,"No governance registry/service component; ownership is a header field, exceptions and ADRs are documents",
DAT-GV-04,V7,A Data Platform Component Catalog,163,"Authority and Governance Data ownership service Registry / control Governance domain Resolve owner, steward, custodian, producer, consumer, and escalation state.",V07-F001,data-platform,missing,unverified,none,phase7,P7-D,DECISIONS.md; EXCEPTIONS.md; apps/api/migrations/0006 accountable_owner,"No governance registry/service component; ownership is a header field, exceptions and ADRs are documents",
DAT-GV-05,V7,A Data Platform Component Catalog,163,"Authority and Governance Classification registry Registry / control Governance domain Own sensitivity, consequence, handling, dissemination, and derivation rules.",V07-F001,data-platform,partial,unverified,merged,phase0,P7-D,apps/api/migrations/0006 classification; apps/api/migrations/0022 classification_ceiling,Classification values are free text with a contract ceiling; no registry of handling/dissemination/derivation rules,
DAT-GV-06,V7,A Data Platform Component Catalog,163,"Authority and Governance Data architecture registry Registry / control Governance domain Own standards, architecture decisions, exceptions, and conformance state.",V07-F001,data-platform,missing,unverified,none,phase7,P7-D,DECISIONS.md; EXCEPTIONS.md; apps/api/migrations/0006 accountable_owner,"No governance registry/service component; ownership is a header field, exceptions and ADRs are documents",
DAT-GV-07,V7,A Data Platform Component Catalog,163,"Authority and Governance Stewardship case service Registry / control Governance domain Execute identity, semantic, quality, access, correction, and lifecycle adjudication.",V07-F001,data-platform,missing,unverified,none,phase7,P7-D,DECISIONS.md; EXCEPTIONS.md; apps/api/migrations/0006 accountable_owner,"No governance registry/service component; ownership is a header field, exceptions and ADRs are documents",
DAT-GV-08,V7,A Data Platform Component Catalog,163,"Authority and Governance Data exception service Registry / control Governance domain Own narrow exceptions, risk acceptance, controls, expiry, and closure.",V07-F001,data-platform,missing,unverified,none,phase7,P7-D,DECISIONS.md; EXCEPTIONS.md; apps/api/migrations/0006 accountable_owner,"No governance registry/service component; ownership is a header field, exceptions and ADRs are documents",
DAT-GV-09,V7,A Data Platform Component Catalog,163,"Authority and Governance Conformance service Registry / control Governance domain Evaluate data requirements, manifests, contracts, releases, and runtime evidence.",V07-F001,data-platform,partial,passed:harness,merged,phase0,P7-D,.github/workflows/ci.yml: C16 target-resolved closure gate; conformance.manifest.json; apps/api/test/acceptance,Conformance is evaluated for code/images/migrations by CI gates; not for data manifests/contracts/runtime data evidence,
DAT-GV-10,V7,A Data Platform Component Catalog,163,"Authority and Governance Data responsibility portal Registry / control Governance domain Expose customer and platform duties, approvals, evidence, and escalation.",V07-F001,data-platform,missing,unverified,none,phase7,P7-D,DECISIONS.md; EXCEPTIONS.md; apps/api/migrations/0006 accountable_owner,"No governance registry/service component; ownership is a header field, exceptions and ADRs are documents",
DAT-IN-01,V7,A Data Platform Component Catalog,163,"Acquisition and Intake Source registry and contract service Runtime / evidence Connector or intake cell Own source authority, rights, purpose, endpoints, freshness, and withdrawal.",V07-F004,observation,implemented,passed:harness,merged,phase1,done,apps/api/src/observation/sources/sources.service.ts; apps/api/migrations/0022 §2; apps/api/test/int/phase1-acceptance.test.ts: A1,,credential_ref never resolved
DAT-IN-02,V7,A Data Platform Component Catalog,163,Acquisition and Intake Connector runtime Runtime / evidence Connector or intake cell Execute isolated first-party and custom collection adapters.,V07-F004,observation,partial,passed:harness,merged,phase1,P1,apps/api/src/observation/connectors/sdk.ts; rest/rss/upload connectors; apps/api/test/int/phase1-acceptance.test.ts: A9,First-party adapters only; no isolated custom adapters,
DAT-IN-03,V7,A Data Platform Component Catalog,163,"Acquisition and Intake Collection scheduler Runtime / evidence Connector or intake cell Coordinate schedules, subscriptions, leases, retries, and priority.",V07-F004,observation,partial,passed:harness,branch-only,phase1,P1,apps/api/src/observation/scheduling/scheduler.service.ts; apps/api/migrations/0038-0040; apps/api/test/int/phase6-scheduled-collection.test.ts,"Schedules, retries and restart reconciliation exist (branch-only); no subscriptions, leases across workers or priority",
DAT-IN-04,V7,A Data Platform Component Catalog,163,"Acquisition and Intake External source receiver Runtime / evidence Connector or intake cell Acquire authorized government, news, market, research, patent, and filing data.",V07-F004,observation,partial,unverified,merged,phase1,P1,"SOURCE_INTEGRATION_STATUS.md §3 (ECB, EU sanctions, World Bank live; PortWatch rights-blocked); L1_CONNECTOR_COVERAGE.md",Government/news/market/research/patent/filing classes largely not covered (15 of 20 classes not implemented),
DAT-IN-05,V7,A Data Platform Component Catalog,163,"Acquisition and Intake Enterprise system receiver Runtime / evidence Connector or intake cell Acquire ERP, CRM, database, document, and operational-system data.",V07-F004,observation,missing,unverified,none,omission,P1,,No ERP/CRM/database/document/operational-system receiver,
DAT-IN-06,V7,A Data Platform Component Catalog,163,"Acquisition and Intake File and bulk-transfer receiver Runtime / evidence Connector or intake cell Admit manifested files, secure transfers, and bulk exchange packages.",V07-F004,observation,partial,unverified,merged,phase1,P1,apps/api/src/observation/connectors/upload.connector.ts; apps/api/src/observation/sources/upload.controller.ts,"Operator upload only; no manifested files, secure transfer or bulk exchange packages",
DAT-IN-07,V7,A Data Platform Component Catalog,163,Acquisition and Intake API and RSS receiver Runtime / evidence Connector or intake cell Acquire versioned API and feed data under rate and cursor contracts.,V07-F004,observation,implemented,passed:harness,merged,phase1,done,apps/api/src/observation/connectors/rest.connector.ts; apps/api/src/observation/connectors/rss.connector.ts; apps/api/migrations/0022 §12 checkpoints; budgets; apps/api/test/int/phase4-acceptance.test.ts: P4-M0a,,Versioned API contracts honoured via endpoints in the source contract; no rate contract beyond budgets
DAT-IN-08,V7,A Data Platform Component Catalog,163,"Acquisition and Intake Event and IoT receiver Runtime / evidence Connector or intake cell Admit ordered streams, devices, telemetry, and sensor evidence.",V07-F004,observation,missing,unverified,none,omission,P1,,No event/IoT receiver,
DAT-IN-09,V7,A Data Platform Component Catalog,163,"Acquisition and Intake Change data capture service Runtime / evidence Connector or intake cell Capture transactional changes, deletes, tombstones, and source positions.",V07-F004,observation,missing,unverified,none,omission,P1,,No CDC service,
DAT-IN-10,V7,A Data Platform Component Catalog,163,"Acquisition and Intake Document and media intake Runtime / evidence Connector or intake cell Preserve originals and create aligned parsing, OCR, transcription, and media derivatives.",V07-F004,observation,partial,unverified,merged,phase1,P2,apps/api/src/observation/connectors/content-controls.ts (pdf stored opaque; never parsed),Originals preserved; no parsing/OCR/transcription/media derivatives,Ch 12
DAT-IN-11,V7,A Data Platform Component Catalog,163,"Acquisition and Intake Content inspection service Runtime / evidence Connector or intake cell Detect malicious, corrupt, unsupported, or policy-prohibited content.",V07-F004,observation,partial,passed:harness,merged,phase1,P1,apps/api/src/observation/connectors/content-controls.ts; EXCEPTIONS.md EXC-P1-001; apps/api/test/int/phase1-hostile-input.test.ts: A10,Heuristic structural checks only; no malware engine or policy-prohibited-content detection,
DAT-IN-12,V7,A Data Platform Component Catalog,163,"Acquisition and Intake Intake validation service Runtime / evidence Connector or intake cell Validate integrity, schema, rights, classification, locality, and quality.",V07-F004,observation,partial,passed:harness,merged,phase1,P1,"apps/api/src/observation/acquisition/lifecycle.service.ts (contract revalidated at three points, schema drift tolerance, digest); apps/api/test/int/phase1-acceptance.test.ts: A1 fails closed",Integrity/schema/rights/classification/locality checked; locality and quality validation are label checks only,
DAT-IN-13,V7,A Data Platform Component Catalog,163,Acquisition and Intake Quarantine service Runtime / evidence Connector or intake cell Isolate untrusted or non-conformant content and controlled reinspection.,V07-F004,observation,implemented,passed:harness,merged,phase1,done,apps/api/src/observation/quarantine/quarantine.service.ts; apps/api/migrations/0022 §8; apps/api/test/int/phase1-acceptance.test.ts: A7 QUARANTINE AND EVIDENCE ARE SEPARATE VOLUMES,,Controlled reinspection = second-operator review with reason
DAT-IN-14,V7,A Data Platform Component Catalog,163,"Acquisition and Intake Raw preservation service Runtime / evidence Connector or intake cell Commit immutable original evidence, digests, custody, and intake receipts.",V07-F004,observation,implemented,passed:harness,merged,phase1,done,apps/api/src/observation/vault/vault.service.ts; apps/api/migrations/0022 §6-§7; apps/api/test/int/phase1-fault-injection.test.ts: F12-F27,,
DAT-SM-01,V7,A Data Platform Component Catalog,163,"Contracts and Semantics Data contract registry Registry / canonical state Semantic domain Own dataset, stream, object, feature, index, and export contracts.",V07-F005,data-platform,partial,unverified,merged,phase0,P7-D,apps/api/migrations/0006 schema_registry; packages/contracts,Object and source contracts only; no dataset/stream/feature/index/export contracts,
DAT-SM-02,V7,A Data Platform Component Catalog,163,"Contracts and Semantics Schema registry Registry / canonical state Semantic domain Own schema identity, compatibility, migration, deprecation, and consumer impact.",V07-F005,data-platform,partial,unverified,merged,phase0,P7-D,apps/api/migrations/0006 schema_registry (compatibility column),No migration/deprecation/consumer-impact handling,
DAT-SM-03,V7,A Data Platform Component Catalog,164,Contracts and Semantics Canonical object service Registry / canonical state Semantic domain Validate and admit intelligence objects with the common governed header.,V07-F005,data-platform,implemented,passed:harness,merged,phase0,done,apps/api/src/objects/objects.service.ts; apps/api/migrations/0010 admission ports; test/acceptance/acceptance.test.ts: AC-6/AC-7,,
DAT-SM-04,V7,A Data Platform Component Catalog,164,"Contracts and Semantics Identity and namespace service Registry / canonical state Semantic domain Issue stable tenant-safe identifiers for assets, objects, and versions.",V07-F005,data-platform,implemented,passed:harness,merged,phase0,done,"apps/api/src/shared/ids.ts (UUIDv7, ADR-P0-11); apps/api/src/shared/scope.ts; apps/api/test/int/domain-isolation.test.ts",,
DAT-SM-05,V7,A Data Platform Component Catalog,164,"Contracts and Semantics Temporal semantics service Registry / canonical state Semantic domain Validate event, observation, validity, and system- record time.",V07-F005,data-platform,implemented,passed:harness,merged,phase0,done,apps/api/migrations/0006 valid_interval CHECK; test/acceptance/acceptance.test.ts: rejects temporal inconsistency (EYE-TMP-001); apps/api/test/int/phase1-acceptance.test.ts: four times are populated per the type rules,,"Validation is structural (interval order, clock quality label); no calendar/timezone semantics"
DAT-SM-06,V7,A Data Platform Component Catalog,164,"Contracts and Semantics Truth-state registry Registry / canonical state Semantic domain Own epistemic labels, confidence forms, uncertainty, and promotion rules.",V07-F005,data-platform,implemented,passed:harness,merged,phase0,done,"packages/contracts/src/truth-state.ts (enum + compatibility mappings, ADR-P0-06); apps/api/migrations/0006 truth_state CHECK",,Promotion rules exist for twins (0032 tse_observed_basis); confidence forms unregistered
DAT-SM-07,V7,A Data Platform Component Catalog,164,"Contracts and Semantics Provenance and lineage service Registry / canonical state Semantic domain Record inputs, outputs, actors, methods, versions, policies, and custody.",V07-F005,data-platform,implemented,passed:harness,merged,phase1,done,apps/api/migrations/0022 custody_events; apps/api/migrations/0023 claim_lineage; apps/api/migrations/0033 digests; apps/api/test/int/phase2-acceptance.test.ts: B1,,
DAT-SM-08,V7,A Data Platform Component Catalog,164,"Contracts and Semantics Correction and withdrawal service Registry / canonical state Semantic domain Coordinate non-destructive correction, withdrawal, supersession, and impact.",V07-F005,data-platform,partial,passed:harness,merged,phase1,P3,apps/api/src/observation/corrections/corrections.service.ts; apps/api/src/graph/strategy/impact.service.ts; apps/api/test/int/phase3-corrections.test.ts,Impact walk is operator-initiated; CorrectionApplied consumer deferred,
DAT-SM-09,V7,A Data Platform Component Catalog,164,"Contracts and Semantics Compatibility analyzer Registry / canonical state Semantic domain Evaluate producer, consumer, schema, ontology, and contract changes.",V07-F005,data-platform,missing,unverified,none,phase7,P7-D,"apps/api/migrations/0006 compatibility column (default additive, unevaluated)",No compatibility analyzer for producer/consumer/schema/ontology/contract changes,
DAT-SM-10,V7,A Data Platform Component Catalog,164,Contracts and Semantics Semantic mapping service Registry / canonical state Semantic domain Own governed mappings between domain and canonical concepts.,V07-F005,data-platform,missing,unverified,none,omission,P3,,No semantic mapping service between domain and canonical concepts (no ontology),
DAT-SM-11,V7,A Data Platform Component Catalog,164,"Contracts and Semantics Data policy metadata service Registry / canonical state Semantic domain Bind classification, purpose, rights, retention, and obligations to data.",V07-F005,data-platform,partial,unverified,merged,phase0,P7-D,"apps/api/migrations/0006 policy block (classification, purpose_scope, rights_profile, residency_profile, retention_profile, access_policy_ref)",Labels are bound to objects; obligations beyond PDP obligations are not derived from them,
DAT-SM-12,V7,A Data Platform Component Catalog,164,"Contracts and Semantics Contract fixture service Registry / canonical state Semantic domain Publish golden positive, negative, historical, and migration fixtures.",V07-F005,data-platform,partial,passed:harness,merged,phase1,P7-D,packages/contracts/fixtures; fixtures/phase1/replay; docs/phase1/REPLAY_DATA_MANIFEST.md; apps/api/test/gate/c18-post-upgrade-world.ts,Golden positive/negative/historical fixtures exist per phase; no migration fixtures published as a service,
DAT-ST-01,V7,A Data Platform Component Catalog,164,"Storage and Processing State-class registry Canonical / derived state Data state cell Resolve authority, consistency, durability, locality, protection, and recovery.",V07-F007,infrastructure,missing,unverified,none,phase7,P7-D,,No state-class registry,
DAT-ST-02,V7,A Data Platform Component Catalog,164,"Storage and Processing Lakehouse catalog Canonical / derived state Data state cell Own open analytical tables, snapshots, partitions, and transaction metadata.",V07-F007,infrastructure,missing,unverified,none,phase7,P7-D,ADR-P0-01 (PostgreSQL + Redis/BullMQ only),"No lakehouse catalog, analytical object store, event streaming platform, stream processor, distributed query or materialization service",
DAT-ST-03,V7,A Data Platform Component Catalog,164,"Storage and Processing Analytical object store Canonical / derived state Data state cell Persist raw, standardized, curated, feature, and evaluation data.",V07-F007,infrastructure,missing,unverified,none,phase7,P7-D,ADR-P0-01 (PostgreSQL + Redis/BullMQ only),"No lakehouse catalog, analytical object store, event streaming platform, stream processor, distributed query or materialization service",
DAT-ST-04,V7,A Data Platform Component Catalog,164,Storage and Processing Operational database platform Canonical / derived state Data state cell Host service-owned consistency-sensitive data.,V07-F007,infrastructure,implemented,passed:harness,merged,phase0,done,"apps/api/migrations/0001-0013 (privilege-separated Postgres, service-owned ports); apps/api/test/int/audit-chain.test.ts; apps/api/test/int/gate22-operation-closure.test.ts",,
DAT-ST-05,V7,A Data Platform Component Catalog,164,"Storage and Processing Evidence object store Canonical / derived state Data state cell Retain immutable source, document, media, and custody objects.",V07-F007,infrastructure,partial,unverified,merged,phase1,P7-D,apps/api/src/observation/vault/vault.service.ts; apps/api/migrations/0022 §6; EXCEPTIONS.md EXC-P1-002,"Local filesystem vault; no replicated object store, encryption or archive",
DAT-ST-06,V7,A Data Platform Component Catalog,164,Storage and Processing Archive and cold-tier store Canonical / derived state Data state cell Retain governed historical data under retrieval and lifecycle contracts.,V07-F007,infrastructure,missing,unverified,none,phase7,P7-D,,No archive/cold tier,
DAT-ST-07,V7,A Data Platform Component Catalog,164,Storage and Processing Event streaming platform Canonical / derived state Data state cell Deliver ordered durable events with replay and retention.,V07-F007,infrastructure,missing,unverified,none,phase7,P7-D,ADR-P0-01 (PostgreSQL + Redis/BullMQ only),"No lakehouse catalog, analytical object store, event streaming platform, stream processor, distributed query or materialization service",
DAT-ST-08,V7,A Data Platform Component Catalog,164,"Storage and Processing Durable queue platform Canonical / derived state Data state cell Deliver bounded work, retries, delays, and dead- letter state.",V07-F007,infrastructure,implemented,passed:harness,merged,phase0,done,"apps/api/migrations/0006 object_outbox; apps/api/migrations/0015 (bounded lease, retry budget, dead_letter); BullMQ domain-events; apps/api/test/int/gate22-outbox-hardening.test.ts: C7",,"Delays exist via BullMQ; the queue is work delivery, not a stream"
DAT-ST-09,V7,A Data Platform Component Catalog,164,"Storage and Processing Batch orchestration service Canonical / derived state Data state cell Execute versioned transformations, backfills, exports, and rebuilds.",V07-F007,infrastructure,partial,passed:harness,merged,phase1,P7-D,apps/api/src/observation/scheduling/*; apps/api/migrations/0028 declared backfill; rebuild_projections ports; apps/api/test/int/phase4-acceptance.test.ts: P4-M0a,Collection/backfill/rebuild only; no export or generic transformation jobs,
DAT-ST-10,V7,A Data Platform Component Catalog,164,"Storage and Processing Stream processing service Canonical / derived state Data state cell Execute event-time stateful processing, windows, rules, and signals.",V07-F007,infrastructure,missing,unverified,none,phase7,P7-D,ADR-P0-01 (PostgreSQL + Redis/BullMQ only),"No lakehouse catalog, analytical object store, event streaming platform, stream processor, distributed query or materialization service",
DAT-ST-11,V7,A Data Platform Component Catalog,164,Storage and Processing Distributed query service Canonical / derived state Data state cell Serve federated policy-aware analytical queries.,V07-F007,infrastructure,missing,unverified,none,phase7,P7-D,ADR-P0-01 (PostgreSQL + Redis/BullMQ only),"No lakehouse catalog, analytical object store, event streaming platform, stream processor, distributed query or materialization service",
DAT-ST-12,V7,A Data Platform Component Catalog,164,"Storage and Processing Materialization service Canonical / derived state Data state cell Build governed marts, views, aggregates, and reusable projections.",V07-F007,infrastructure,missing,unverified,none,phase7,P7-D,ADR-P0-01 (PostgreSQL + Redis/BullMQ only),"No lakehouse catalog, analytical object store, event streaming platform, stream processor, distributed query or materialization service",
DAT-ST-13,V7,A Data Platform Component Catalog,164,Storage and Processing Cache platform Canonical / derived state Data state cell Serve source-versioned temporary acceleration with explicit invalidation.,V07-F007,infrastructure,partial,unverified,merged,phase4,P4,PHASE4_REPORT.md §9 (in-process series cache per reader/purpose/evidence version),Cache is source-versioned but not invalidated on governed deletion; no cache platform,
DAT-ST-14,V7,A Data Platform Component Catalog,164,"Storage and Processing Checkpoint store Canonical / derived state Data state cell Persist pipeline, stream, exchange, and recovery progress.",V07-F007,infrastructure,implemented,passed:harness,merged,phase1,done,apps/api/migrations/0022 §12 checkpoint_events/connector_checkpoints; apps/api/migrations/0027 lossless cursor; apps/api/test/int/phase1-fault-injection.test.ts: F28-F30 checkpoint; apps/api/test/int/phase3-corrections.test.ts: H2,,
DAT-KN-01,V7,A Data Platform Component Catalog,164,"Knowledge and Strategic State Ontology registry Canonical / product state Knowledge cell Own semantic versions, constraints, mappings, migrations, and stewardship.",V07-F009,memory-graph,missing,unverified,none,omission,P3,apps/api/migrations/0006 ontology_ref unused,No ontology registry,
DAT-KN-02,V7,A Data Platform Component Catalog,164,"Knowledge and Strategic State Entity resolution service Canonical / product state Knowledge cell Resolve canonical identities, candidates, merges, splits, and evidence.",V07-F009,memory-graph,implemented,passed:harness,merged,phase3,done,apps/api/src/graph/entities/resolver.service.ts; apps/api/src/graph/entities/resolution.service.ts; apps/api/test/int/phase3-acceptance.test.ts: C1-C3,,
DAT-KN-03,V7,A Data Platform Component Catalog,164,Knowledge and Strategic State Knowledge Graph write service Canonical / product state Knowledge cell Validate atomic temporal graph revisions and provenance edges.,V07-F009,memory-graph,implemented,passed:harness,merged,phase3,done,"apps/api/migrations/0024 §10 ports (graph.assert_edge, atomic events); apps/api/migrations/0025 §4; apps/api/test/int/phase3-corrections.test.ts: F2",,
DAT-KN-04,V7,A Data Platform Component Catalog,164,"Knowledge and Strategic State Knowledge Graph store Canonical / product state Knowledge cell Persist canonical entities, relationships, claims, events, and strategy context.",V07-F009,memory-graph,implemented,passed:harness,merged,phase3,done,apps/api/migrations/0024 entities/edges/strategy tables; apps/api/test/int/phase3-acceptance.test.ts: C7,,
DAT-KN-05,V7,A Data Platform Component Catalog,164,Knowledge and Strategic State Graph projection service Canonical / product state Knowledge cell Build rebuildable traversal and analytical graph projections.,V07-F009,memory-graph,implemented,passed:harness,merged,phase3,done,apps/api/migrations/0024 §12 graph.rebuild_projections; apps/api/test/int/phase3-acceptance.test.ts: every graph projection is derivable from its event log,,Traversal projections are the same tables (bounded walks); no analytical graph projection
DAT-KN-06,V7,A Data Platform Component Catalog,164,Knowledge and Strategic State Enterprise Memory service Canonical / product state Knowledge cell Persist versioned permission-aware institutional and strategic records.,V07-F009,memory-graph,partial,unverified,merged,phase3,P3,apps/api/src/graph/strategy/strategy.service.ts; apps/api/migrations/0045 outcomes/lessons,Strategic record only; no institutional memory service (Ch 37),
DAT-KN-07,V7,A Data Platform Component Catalog,164,"Knowledge and Strategic State Document and artifact repository Canonical / product state Knowledge cell Retain governed internal documents, communications, and artifacts.",V07-F009,memory-graph,partial,unverified,merged,phase1,P1,"apps/api/src/observation/connectors/upload.connector.ts (internal documents via governed upload, synthetic nordwerk-internal source)",No document/artifact repository or communications integration,
DAT-KN-08,V7,A Data Platform Component Catalog,165,"Knowledge and Strategic State Search index service Canonical / product state Knowledge cell Build policy-aware lexical, temporal, structured, and geospatial indexes.",V07-F009,memory-graph,partial,passed:harness,merged,phase3,P3,apps/api/src/graph/search/search.service.ts; apps/api/test/int/phase3-acceptance.test.ts: C4,Lexical metadata search only; no temporal/structured/geospatial indexes,
DAT-KN-09,V7,A Data Platform Component Catalog,165,Knowledge and Strategic State Vector index service Canonical / product state Knowledge cell Build versioned multimodal semantic retrieval projections.,V07-F009,memory-graph,missing,unverified,none,omission,P3,,No vector index service,
DAT-KN-10,V7,A Data Platform Component Catalog,165,"Knowledge and Strategic State Digital Twin state service Canonical / product state Knowledge cell Persist definitions, observed snapshots, branches, models, and validation.",V07-F009,memory-graph,implemented,passed:harness,merged,phase5,done,apps/api/migrations/0032 twin registry; apps/api/test/int/phase5-twins.test.ts,,
DAT-KN-11,V7,A Data Platform Component Catalog,165,"Knowledge and Strategic State Strategic package service Canonical / product state Knowledge cell Persist forecasts, scenarios, simulations, decisions, commitments, and outcomes.",V07-F009,memory-graph,implemented,passed:harness,branch-only,phase4,done,apps/api/migrations/0029; apps/api/migrations/0033; apps/api/migrations/0041-0045; apps/api/test/int/phase4-acceptance.test.ts: D1-D8; apps/api/test/int/phase6-decisions.test.ts,,Decision/commitment/outcome persistence is branch-only
DAT-KN-12,V7,A Data Platform Component Catalog,165,Knowledge and Strategic State Decision Replay archive Canonical / product state Knowledge cell Preserve exact decision-time knowledge and later outcome linkage.,V07-F009,memory-graph,implemented,passed:harness,branch-only,phase6,done,apps/api/migrations/0043 decision.replays/replay_layers; apps/api/src/decision/replay/replay.service.ts; apps/api/test/int/phase6-replay.test.ts: F5,,Branch-only (PR #46)
DAT-SV-01,V7,A Data Platform Component Catalog,165,"Products and Serving Data product control service Product / serving state Serving cell Register, release, monitor, degrade, and retire governed data products.",V07-F012,data-platform,missing,unverified,none,phase7,P7-F,,"No data-product control, event product gateway, semantic analytics, feature service, AI dataset service, exchange, marketplace package or consumer registry",
DAT-SV-02,V7,A Data Platform Component Catalog,165,Products and Serving Data API gateway Product / serving state Serving cell Serve typed purpose-aware queries and bulk interfaces.,V07-F012,data-platform,partial,passed:harness,merged,phase0,P7-F,apps/api/src/pipeline/pipeline.service.ts; versioned /v1 controllers; apps/api/src/policy/pdp.service.ts; test/acceptance/acceptance.test.ts: AC-4,Typed purpose-aware queries exist; no bulk interfaces,
DAT-SV-03,V7,A Data Platform Component Catalog,165,Products and Serving Event product gateway Product / serving state Serving cell Publish governed event products and subscription state.,V07-F012,data-platform,missing,unverified,none,phase7,P7-F,,"No data-product control, event product gateway, semantic analytics, feature service, AI dataset service, exchange, marketplace package or consumer registry",
DAT-SV-04,V7,A Data Platform Component Catalog,165,"Products and Serving Semantic analytics service Product / serving state Serving cell Serve certified metrics, dimensions, measures, and temporal views.",V07-F012,data-platform,missing,unverified,none,phase7,P7-F,,"No data-product control, event product gateway, semantic analytics, feature service, AI dataset service, exchange, marketplace package or consumer registry",
DAT-SV-05,V7,A Data Platform Component Catalog,165,Products and Serving Feature data service Product / serving state Serving cell Serve versioned online and offline features with point-in-time correctness.,V07-F012,data-platform,missing,unverified,none,phase7,P7-F,,"No data-product control, event product gateway, semantic analytics, feature service, AI dataset service, exchange, marketplace package or consumer registry",
DAT-SV-06,V7,A Data Platform Component Catalog,165,"Products and Serving AI dataset service Product / serving state Serving cell Own training, evaluation, feedback, red-team, and calibration datasets.",V07-F012,data-platform,missing,unverified,none,phase7,P7-B,"apps/api/migrations/0029 backtests, outcome_ledger; apps/api/migrations/0023 recorded_responses",No AI dataset service; backtests/outcome ledger/recorded responses exist as prediction and gateway records (Ch 45),
DAT-SV-07,V7,A Data Platform Component Catalog,165,Products and Serving Context assembly service Product / serving state Serving cell Build evidence-bound purpose-filtered context manifests.,V07-F012,data-platform,partial,passed:harness,branch-only,phase2,P2,apps/api/src/intelligence/gateway/model-gateway.service.ts; apps/api/src/executive/briefings/briefing.service.ts; apps/api/test/int/phase2-acceptance.test.ts: B1,Context assembled for extraction and briefings; no evidence-bound context manifest product (Ch 46),
DAT-SV-08,V7,A Data Platform Component Catalog,165,"Products and Serving Data exchange service Product / serving state Serving cell Create signed exports, imports, replication, and portability packages.",V07-F012,data-platform,missing,unverified,none,phase7,P7-F,,"No data-product control, event product gateway, semantic analytics, feature service, AI dataset service, exchange, marketplace package or consumer registry",
DAT-SV-09,V7,A Data Platform Component Catalog,165,Products and Serving Marketplace package service Product / serving state Serving cell Distribute signed governed data extensions and their lifecycle.,V07-F012,data-platform,missing,unverified,none,phase7,P7-C,,No marketplace package service,
DAT-SV-10,V7,A Data Platform Component Catalog,165,"Products and Serving Consumer registry Product / serving state Serving cell Own product subscriptions, contract versions, usage, impact, and migration state.",V07-F012,data-platform,missing,unverified,none,phase7,P7-F,,"No data-product control, event product gateway, semantic analytics, feature service, AI dataset service, exchange, marketplace package or consumer registry",
DAT-TR-01,V7,A Data Platform Component Catalog,165,"Trust and Lifecycle Metadata catalog Policy / protected evidence Trust domain Discover assets, owners, contracts, lineage, policy, quality, SLOs, and lifecycle.",V07-F014,identity-policy,missing,unverified,none,phase7,P7-F,apps/api/migrations/0006 schema_registry; apps/api/migrations/0008 canonical_field_registry,No metadata catalog (Ch 49),
DAT-TR-02,V7,A Data Platform Component Catalog,165,"Trust and Lifecycle Purpose and access policy service Policy / protected evidence Trust domain Evaluate identity, purpose, tenant, classification, rights, and locality.",V07-F014,identity-policy,implemented,passed:harness,merged,phase0,done,apps/api/src/policy/pdp.service.ts; test/unit/pdp.test.ts; test/acceptance/acceptance.test.ts: AC-5,,Locality is not evaluated
DAT-TR-03,V7,A Data Platform Component Catalog,165,Trust and Lifecycle Data policy enforcement gateway Policy / protected evidence Trust domain Apply decisions and obligations at data access and processing boundaries.,V07-F014,identity-policy,implemented,passed:harness,merged,phase0,done,"apps/api/src/pipeline/pipeline.service.ts (obligations executed and evidenced, ES-13-004); apps/api/migrations/0013 operation closure; apps/api/test/int/gate22-operation-closure.test.ts: C1",,Enforced at API and port boundaries; no processing-pipeline PEP beyond the same ports
DAT-TR-04,V7,A Data Platform Component Catalog,165,"Trust and Lifecycle Privacy and minimization service Policy / protected evidence Trust domain Own field, content, consent, lawful-basis, and secondary-use controls.",V07-F014,identity-policy,missing,unverified,none,phase7,P7-D,apps/api/src/policy/pdp.service.ts (missing purpose -> deny); apps/api/src/observation/connectors/redaction.ts,"No privacy/minimization service: no consent, lawful basis, field/content minimization or secondary-use controls (purpose denial exists in the PDP)",
DAT-TR-05,V7,A Data Platform Component Catalog,165,"Trust and Lifecycle Residency and sovereignty controller Policy / protected evidence Trust domain Enforce storage, processing, key, support, transfer, and recovery locality.",V07-F014,identity-policy,missing,unverified,none,phase7,P7-D,apps/api/migrations/0022 residency columns,No residency/sovereignty controller; residency is a recorded label (Ch 52),
DAT-TR-06,V7,A Data Platform Component Catalog,165,Trust and Lifecycle Tokenization service Policy / protected evidence Trust domain Replace protected values with policy-bound reversible or irreversible tokens.,V07-F014,identity-policy,missing,unverified,none,phase7,P7-D,,No tokenization or masking service (Ch 53),
DAT-TR-07,V7,A Data Platform Component Catalog,165,Trust and Lifecycle Masking and de- identification service Policy / protected evidence Trust domain Produce controlled lower-environment and analytical representations.,V07-F014,identity-policy,missing,unverified,none,phase7,P7-D,,No tokenization or masking service (Ch 53),
DAT-TR-08,V7,A Data Platform Component Catalog,165,"Trust and Lifecycle Retention policy service Policy / protected evidence Trust domain Compute lifecycle actions, expiry, archive, and review state.",V07-F014,identity-policy,missing,unverified,none,omission,P3,apps/api/migrations/0022 retention_profile,No retention policy service; retention_profile is a stored label (Ch 54),
DAT-TR-09,V7,A Data Platform Component Catalog,165,Trust and Lifecycle Legal hold service Policy / protected evidence Trust domain Preserve scoped data and prevent conflicting lifecycle actions.,V07-F014,identity-policy,missing,unverified,none,omission,P3,apps/api/migrations/0022 blob_manifests.legal_hold,No legal hold service; legal_hold column is stored but never read (Ch 54),
DAT-TR-10,V7,A Data Platform Component Catalog,165,Trust and Lifecycle Deletion orchestrator Policy / protected evidence Trust domain Delete canonical and derived copies in dependency order and verify residue.,V07-F014,identity-policy,partial,passed:harness,merged,phase1,P3,apps/api/migrations/0022 blob_tombstones; apps/api/test/int/phase6-scheduled-corrections.test.ts: GOVERNED-DELETED bytes are not reused,Single-object governed deletion only; no dependency-ordered deletion of derived copies or residue verification,
DAT-TR-11,V7,A Data Platform Component Catalog,165,Trust and Lifecycle Immutable data audit store Policy / protected evidence Trust domain Retain attributable tamper-evident data access and change evidence.,V07-F014,identity-policy,implemented,passed:harness,merged,phase0,done,apps/api/migrations/0004 audit ledger; apps/api/src/audit/audit.service.ts; apps/api/test/int/audit-chain.test.ts; apps/api/test/int/gate22-audit-verify.test.ts: C10,,Ledger shares the primary DB failure domain (EXC-P0-001)
DAT-TR-12,V7,A Data Platform Component Catalog,165,"Trust and Lifecycle Customer rights and request service Policy / protected evidence Trust domain Execute access, correction, export, restriction, and deletion requests.",V07-F014,identity-policy,missing,unverified,none,phase7,P7-F,,"No customer rights/request service (access, correction, export, restriction, deletion requests)",
DAT-OP-01,V7,A Data Platform Component Catalog,165,"Quality and Operations Data quality rules service Telemetry / control Operations domain Execute versioned quality dimensions, thresholds, exceptions, and evidence.",V07-F016,infrastructure,partial,unverified,merged,phase1,P1,apps/api/src/observation/coverage/coverage.service.ts; apps/api/migrations/0022 schema_drift_tolerance,Coverage/freshness dimensions only; no versioned quality-rule service,
DAT-OP-02,V7,A Data Platform Component Catalog,165,"Quality and Operations Freshness and coverage monitor Telemetry / control Operations domain Measure expected arrivals, watermarks, completeness, expiry, and blind spots.",V07-F016,infrastructure,implemented,passed:harness,merged,phase1,done,apps/api/src/observation/coverage/coverage.service.ts; apps/api/src/observation/coverage/facts.service.ts; apps/api/migrations/0022 §8; apps/api/test/int/phase1-acceptance.test.ts: A6,,Sources only; products/graph/twins have no freshness monitor
DAT-OP-03,V7,A Data Platform Component Catalog,165,"Quality and Operations Data observability service Telemetry / control Operations domain Correlate contracts, runs, lineage, volumes, distributions, quality, and consumers.",V07-F016,infrastructure,missing,unverified,none,phase7,P7-D,apps/api/src/health/health.controller.ts,"No data observability service correlating contracts, runs, lineage, volumes, distributions (Ch 59)",
DAT-OP-04,V7,A Data Platform Component Catalog,165,"Quality and Operations Data SLO service Telemetry / control Operations domain Compute indicators, objectives, error budgets, burn, and response state.",V07-F016,infrastructure,missing,unverified,none,phase7,P7-D,,No SLO or capacity service (Ch 60),
DAT-OP-05,V7,A Data Platform Component Catalog,166,"Quality and Operations Data capacity service Telemetry / control Operations domain Model demand, storage, processing, transfer, query, headroom, and bottlenecks.",V07-F016,infrastructure,missing,unverified,none,phase7,P7-D,,No SLO or capacity service (Ch 60),
DAT-OP-06,V7,A Data Platform Component Catalog,166,"Quality and Operations Data degraded-mode controller Telemetry / control Operations domain Declare, communicate, enforce, and exit controlled data modes.",V07-F016,infrastructure,partial,passed:harness,merged,phase0,P7-D,apps/api/src/shared/degraded-store.ts; apps/api/migrations/0020; apps/api/src/health/health.controller.ts; apps/api/test/int/gate22-degraded-recovery.test.ts: C9,Degraded mode exists for audit availability and scheduler readiness; no general declared-mode controller with communication and consumer scope,
DAT-OP-07,V7,A Data Platform Component Catalog,166,"Quality and Operations Backup controller Telemetry / control Operations domain Create, verify, retain, and expire policy-matched recovery sets.",V07-F016,infrastructure,missing,unverified,none,phase7,P7-D,FULL_PRODUCT_DELIVERY_REGISTER.md §7,No backup controller or restore orchestrator (Ch 62),
DAT-OP-08,V7,A Data Platform Component Catalog,166,"Quality and Operations Restore orchestrator Telemetry / control Operations domain Restore data, contracts, schemas, keys, lineage, and consumers in order.",V07-F016,infrastructure,missing,unverified,none,phase7,P7-D,FULL_PRODUCT_DELIVERY_REGISTER.md §7,No backup controller or restore orchestrator (Ch 62),
DAT-OP-09,V7,A Data Platform Component Catalog,166,"Quality and Operations Data incident platform Telemetry / control Operations domain Manage incident command, scope, evidence, actions, communication, and closure.",V07-F016,infrastructure,partial,unverified,merged,phase0,P7-D,"apps/api/migrations/0004 integrity_incidents, availability_incidents; apps/api/src/audit/audit.service.ts; EXCEPTIONS.md security correction records",Incidents recorded and reconciled; no command/scope/communication workflow,
DAT-OP-10,V7,A Data Platform Component Catalog,166,"Quality and Operations Correction impact service Telemetry / control Operations domain Identify and track products, models, warnings, decisions, and exports affected.",V07-F016,infrastructure,partial,passed:harness,merged,phase3,P3,apps/api/src/graph/strategy/impact.service.ts; apps/api/migrations/0025-0027; apps/api/migrations/0034; apps/api/test/int/phase3-corrections.test.ts: F4; apps/api/test/int/phase5-propagation.test.ts: E7; apps/api/test/int/phase6-monitoring.test.ts,Identifies affected assumptions/forecasts/twins/runs/packages via operator-initiated walk; exports and products do not exist; automatic consumer deferred,
DAT-OP-11,V7,A Data Platform Component Catalog,166,"Quality and Operations Operational lifecycle service Telemetry / control Operations domain Execute compaction, reindex, archive, expiry, deduplication, and cleanup.",V07-F016,infrastructure,partial,passed:harness,merged,phase1,P7-D,apps/api/src/observation/sweeper/sweeper.service.ts; apps/api/test/int/phase1-fault-injection.test.ts: F34-F36,Orphan/expiry reconciliation only; no compaction/reindex/archive/dedup,
DAT-OP-12,V7,A Data Platform Component Catalog,166,"Quality and Operations Data operations evidence vault Telemetry / control Operations domain Retain readiness, change, incident, recovery, and acceptance evidence.",V07-F016,infrastructure,partial,unverified,merged,phase0,P7-D,"PROGRESS.md evidence provenance records; .github/workflows/ci.yml artifacts (c18-db-paths-evidence, supply-chain-gate-evidence, c17-evidence-archive); PHASE*_REPORT.md",Evidence is retained as CI artifacts and reports; no in-product operations evidence vault,
DAT-DL-01,V7,A Data Platform Component Catalog,166,"Delivery and Economics Data source repository service Registry / durable workflow Delivery domain Own pipeline, schema, contract, rule, migration, and fixture source identity.",V07-F018,infrastructure,implemented,passed:harness,merged,phase0,done,"git repository (apps/api/migrations, packages/contracts, fixtures); DECISIONS.md ADR-P0-02",,Rule/migration/fixture identity is the repository path + commit
DAT-DL-02,V7,A Data Platform Component Catalog,166,Delivery and Economics Data build and provenance service Registry / durable workflow Delivery domain Build reproducible artifacts and attest source and dependencies.,V07-F018,infrastructure,partial,unverified,merged,phase0,P7-D,".github/workflows/ci.yml: Clean-source typecheck + build, C17 CycloneDX + licence obligations, supply-chain gate; scripts/gate/supply-chain.mjs",Build attests dependencies/licences; not reproducible builds or signed artifacts (EXC-P0-003),
DAT-DL-03,V7,A Data Platform Component Catalog,166,Delivery and Economics Data release registry Registry / durable workflow Delivery domain Own dependency-closed data release identity and lifecycle.,V07-F018,infrastructure,partial,unverified,merged,phase0,P7-D,conformance.manifest.json; .github/workflows/ci.yml: C16 FINAL mode asserts exact Actions head SHA,Releases identified by head SHA + image digests; no data-release identity closing contracts/policy/datasets,
DAT-DL-04,V7,A Data Platform Component Catalog,166,"Delivery and Economics Migration and backfill controller Registry / durable workflow Delivery domain Execute rehearsed migrations, checkpoints, validation, and reconciliation.",V07-F018,infrastructure,partial,unverified,merged,phase0,P7-D,apps/api/scripts/migrate.mjs; apps/api/migrations/0028 backfill; scripts/gate/c18-db-paths.mjs,Forward migrations and source backfill with checkpoints; no rehearsed data migrations with validation/reconciliation,
DAT-DL-05,V7,A Data Platform Component Catalog,166,Delivery and Economics Data promotion controller Registry / durable workflow Delivery domain Promote cohorts through evidence gates and rollback boundaries.,V07-F018,infrastructure,partial,unverified,merged,phase0,P7-D,.github/workflows/ci.yml (blocking gates before merge); FULL_PRODUCT_DELIVERY_REGISTER.md merge order,Promotion = merge behind gates; no cohorts or rollback boundaries,
DAT-DL-06,V7,A Data Platform Component Catalog,166,"Delivery and Economics Deployment parity service Registry / durable workflow Delivery domain Run common data fixtures across SaaS, Private Cloud, and On-Premise.",V07-F018,infrastructure,missing,unverified,none,phase7,P7-D,,"No deployment parity service (single profile, EXC-P0-004)",
DAT-DL-07,V7,A Data Platform Component Catalog,166,"Delivery and Economics Data cost and sustainability ledger Registry / durable workflow Delivery domain Allocate storage, processing, transfer, retrieval, energy, and cost.",V07-F018,infrastructure,missing,unverified,none,phase7,P7-F,,No cost/sustainability ledger (Ch 70),
DAT-DL-08,V7,A Data Platform Component Catalog,166,"Delivery and Economics Data readiness service Registry / durable workflow Delivery domain Own deployment acceptance scope, tests, operators, conditions, and expiry.",V07-F018,infrastructure,partial,passed:harness,merged,phase0,P7-D,apps/api/test/acceptance/acceptance.test.ts; PHASE*_REPORT.md; FULL_PRODUCT_DELIVERY_REGISTER.md,Phase acceptance only; no deployment acceptance scope/operators/conditions/expiry record,
DZ-01,V7,B Data Zone and State Tier Catalog,167,External source boundary External authority Untrusted source payloads Collection contract and intake controls,V07-F007,data-platform,implemented,passed:harness,merged,phase1,done,apps/api/migrations/0022 source contracts; apps/api/src/observation/connectors/http-client.ts (host allowlist); apps/api/test/int/phase1-hostile-input.test.ts: A10,,
DZ-02,V7,B Data Zone and State Tier Catalog,167,Enterprise source boundary Customer system authority Operational source data Integration contract and reconciliation,V07-F007,data-platform,missing,unverified,none,omission,P1,,No enterprise source boundary (Ch 11),
DZ-03,V7,B Data Zone and State Tier Catalog,167,Transfer quarantine Intake authority Unvalidated packages and content No downstream access before admission,V07-F007,data-platform,implemented,passed:harness,merged,phase1,done,apps/api/src/observation/vault/vault.service.ts (separate quarantine root); apps/api/test/int/phase1-acceptance.test.ts: A7,,
DZ-04,V7,B Data Zone and State Tier Catalog,167,Raw evidence tier Observation authority Immutable originals and custody Append-only versioned evidence,V07-F007,data-platform,implemented,passed:harness,merged,phase1,done,apps/api/migrations/0022 §6 blob_manifests (append-only); apps/api/test/int/phase1-fault-injection.test.ts,,
DZ-05,V7,B Data Zone and State Tier Catalog,167,"Standardized data tier Data contract owner Parsed and normalized records Schema, lineage, truth state, quality",V07-F007,data-platform,partial,unverified,merged,phase2,P2,"apps/api/migrations/0023 claims (parsed/normalised records with lineage, truth state)",Standardized tier exists only as extracted claims and prediction series parsing; no general parsed-record tier,
DZ-06,V7,B Data Zone and State Tier Catalog,167,Curated domain tier Domain product owner Validated reusable domain products Product contract and SLO,V07-F007,data-platform,missing,unverified,none,phase7,P7-F,,No curated domain product tier (Ch 41),
DZ-07,V7,B Data Zone and State Tier Catalog,167,Canonical object tier Canonical component owner Governed intelligence objects Common object and lifecycle contract,V07-F007,data-platform,implemented,passed:harness,merged,phase0,done,apps/api/migrations/0006 objects.canonical_objects; test/acceptance/acceptance.test.ts: AC-6/AC-7,,
DZ-08,V7,B Data Zone and State Tier Catalog,167,"Knowledge Graph tier Graph authority Temporal entities and relationships Ontology, provenance, revision control",V07-F007,data-platform,implemented,passed:harness,merged,phase3,done,apps/api/migrations/0024; apps/api/test/int/phase3-acceptance.test.ts: C5,,No ontology (Ch 34)
DZ-09,V7,B Data Zone and State Tier Catalog,167,"Enterprise Memory tier Memory authority Institutional and strategic records Permission, retention, correction",V07-F007,data-platform,partial,unverified,merged,phase3,P3,apps/api/migrations/0024 §6 strategy objects; RLS,Permission and correction hold; retention does not (Ch 37/54),
DZ-10,V7,B Data Zone and State Tier Catalog,167,Digital Twin tier Twin authority Observed snapshots and synthetic branches Branch isolation and validation,V07-F007,data-platform,implemented,passed:harness,merged,phase5,done,"apps/api/migrations/0032 twin_versions branches, state_elements kind; apps/api/test/int/phase5-twins.test.ts: E3",,
DZ-11,V7,B Data Zone and State Tier Catalog,167,"Strategic state tier Foresight and decision owners Forecast, scenario, simulation, decision data Exact version and human authority",V07-F007,data-platform,implemented,passed:harness,branch-only,phase4,done,apps/api/migrations/0029; apps/api/migrations/0033; apps/api/migrations/0041-0042 (exact version + human authority); apps/api/test/int/phase6-approvals.test.ts,,Decision data branch-only
DZ-12,V7,B Data Zone and State Tier Catalog,167,"Feature and AI dataset tier AI data owner Training, evaluation, feedback, features Purpose isolation and dataset approval",V07-F007,data-platform,missing,unverified,none,phase7,P7-B,,No feature/AI dataset tier (Ch 45),
DZ-13,V7,B Data Zone and State Tier Catalog,167,Search projection tier Source owner remains authoritative Lexical and structured indexes Rebuildable and visibly stale,V07-F007,data-platform,partial,unverified,merged,phase3,P3,apps/api/src/graph/search/search.service.ts,Search reads the canonical relations directly (no projection to rebuild or mark stale),
DZ-14,V7,B Data Zone and State Tier Catalog,167,Vector projection tier Source owner remains authoritative Embeddings and multimodal representations Model-versioned and rebuildable,V07-F007,data-platform,missing,unverified,none,omission,P3,,No vector projection tier (Ch 38),
DZ-15,V7,B Data Zone and State Tier Catalog,167,"Semantic analytics tier Metric owner Certified measures and dimensions Grain, source revision, effective time",V07-F007,data-platform,missing,unverified,none,phase7,P7-F,,No semantic analytics tier (Ch 44),
DZ-16,V7,B Data Zone and State Tier Catalog,167,"Serving tier Data product owner API, event, query, and context products Purpose, policy, SLO, receipts",V07-F007,data-platform,partial,unverified,merged,phase0,P7-F,apps/api/src/pipeline/pipeline.service.ts (receipts); versioned /v1 APIs,API serving with policy and receipts; no event/context products or SLOs,
DZ-17,V7,B Data Zone and State Tier Catalog,167,"Exchange staging tier Exchange authority Signed export and import packages Scope, rights, destination, expiry",V07-F007,data-platform,missing,unverified,none,phase7,P7-F,,No exchange staging tier (Ch 47),
DZ-18,V7,B Data Zone and State Tier Catalog,167,"Archive tier Lifecycle authority Historical low-access data Retention, hold, retrieval, deletion",V07-F007,data-platform,missing,unverified,none,phase7,P7-D,,No archive tier,
DZ-19,V7,B Data Zone and State Tier Catalog,167,"Recovery tier Recovery authority Immutable backup and restore sets RPO, RTO, locality, reconciliation",V07-F007,data-platform,missing,unverified,none,phase7,P7-D,,No recovery tier (Ch 62),
DZ-20,V7,B Data Zone and State Tier Catalog,167,Audit evidence tier Audit authority Tamper-evident actions and receipts Independent integrity and custody,V07-F007,data-platform,implemented,passed:harness,merged,phase0,done,apps/api/migrations/0004 audit ledger + seals; apps/api/test/int/gate22-audit-verify.test.ts: C10,,Independence limited: shares primary DB failure domain (EXC-P0-001)
SP-01,V7,C Source and Ingestion Pattern Catalog,168,"Government and regulation feed Schedule / subscription Effective dates, jurisdiction, withdrawal Coverage and legal-authority review",V07-F002,observation,partial,unverified,merged,phase1,P1,SOURCE_INTEGRATION_STATUS.md (EU sanctions RSS/CSV live via generic REST/RSS),Regulation feeds arrive via generic RSS/REST; no effective-date/jurisdiction/withdrawal semantics,
SP-02,V7,C Source and Ingestion Pattern Catalog,168,"News and media feed API / RSS / crawl Publication, update, correction, provenance Freshness, duplication, manipulation tests",V07-F002,observation,partial,passed:harness,merged,phase1,P1,apps/api/src/observation/connectors/rss.connector.ts (republished guid with new date = correction signal); apps/api/test/int/phase1-acceptance.test.ts: A6,"Publisher feeds only; no crawl, duplication or manipulation tests",
SP-03,V7,C Source and Ingestion Pattern Catalog,168,"Financial market feed Streaming / batch Exchange time, sequence, entitlement Gap, latency, entitlement reconciliation",V07-F002,observation,missing,unverified,none,omission,P1,,No financial market feed (streaming/entitlement) pattern/connector,
SP-04,V7,C Source and Ingestion Pattern Catalog,168,"Research and scientific corpus API / file / repository Version, authorship, retraction, license Retraction and citation validation",V07-F002,observation,missing,unverified,none,omission,P1,,"No research/scientific corpus (retraction, license) pattern/connector",
SP-05,V7,C Source and Ingestion Pattern Catalog,168,"Patent and filing corpus API / bulk file Filing identity, amendment, jurisdiction Completeness and amendment replay",V07-F002,observation,missing,unverified,none,omission,P1,,No patent/filing corpus pattern/connector,
SP-06,V7,C Source and Ingestion Pattern Catalog,168,"Supply-chain feed API / EDI / file Parties, shipments, routes, confidence Identity and transaction reconciliation",V07-F002,observation,partial,unverified,merged,phase1,P1,"SOURCE_INTEGRATION_STATUS.md (PortWatch replay, rights pending; un-comtrade-upload; synthetic carrier-advisories)","No EDI/API supply-chain feed live; PortWatch blocked on rights, Comtrade deferred",
SP-07,V7,C Source and Ingestion Pattern Catalog,168,"Satellite and geospatial product Object / API Acquisition time, footprint, sensor, processing Geospatial alignment and custody",V07-F002,observation,missing,unverified,none,omission,P1,,No satellite/geospatial product pattern/connector,
SP-08,V7,C Source and Ingestion Pattern Catalog,168,"Climate and weather feed Streaming / forecast package Observation versus model, horizon, revision Temporal and model separation",V07-F002,observation,missing,unverified,none,omission,P1,,No climate/weather feed pattern/connector,
SP-09,V7,C Source and Ingestion Pattern Catalog,168,"Geopolitical event feed API / analyst package Event, claim, assessment, confidence Truth-state and provenance review",V07-F002,observation,partial,unverified,merged,phase1,P1,"SOURCE_INTEGRATION_STATUS.md (gdelt-discovery replay, held)",GDELT held in replay pending lawful-collection design,
SP-10,V7,C Source and Ingestion Pattern Catalog,168,"Social signal source API / approved collection Purpose, minimization, sampling, deletion Privacy and representativeness review",V07-F002,observation,missing,unverified,none,omission,P1,,No social signal source (lawful-collection controls first) pattern/connector,
SP-11,V7,C Source and Ingestion Pattern Catalog,168,"ERP integration CDC / API / batch Transaction boundary, business keys, deletes Source totals and watermark reconciliation",V07-F002,observation,missing,unverified,none,omission,P1,,No ERP integration pattern/connector,
SP-12,V7,C Source and Ingestion Pattern Catalog,168,"CRM integration CDC / API Object lifecycle, consent, ownership Permission and delete propagation",V07-F002,observation,missing,unverified,none,omission,P1,,No CRM integration pattern/connector,
SP-13,V7,C Source and Ingestion Pattern Catalog,168,"Operational database CDC / snapshot Log position, transaction order, schema Gap and resnapshot exercises",V07-F002,observation,missing,unverified,none,omission,P1,,No operational database CDC/snapshot pattern/connector,
SP-14,V7,C Source and Ingestion Pattern Catalog,168,"Document repository Event / API / bulk Version, permissions, folders, deletion Permission and version reconciliation",V07-F002,observation,missing,unverified,none,omission,P1,,No document repository integration pattern/connector,
SP-15,V7,C Source and Ingestion Pattern Catalog,168,"Email and collaboration API / export Participants, thread, attachment, retention Purpose, rights, and access tests",V07-F002,observation,missing,unverified,none,omission,P1,,No email/collaboration integration pattern/connector,
SP-16,V7,C Source and Ingestion Pattern Catalog,168,"IoT and sensor stream Broker / edge Device identity, event time, sequence, calibration Device trust and clock tests",V07-F002,observation,missing,unverified,none,omission,P1,,No IoT/sensor stream pattern/connector,
SP-17,V7,C Source and Ingestion Pattern Catalog,168,"Cyber telemetry Stream / batch Asset, event, detector, retention, privilege Security isolation and loss accounting",V07-F002,observation,missing,unverified,none,omission,P1,,No cyber telemetry pattern/connector,
SP-18,V7,C Source and Ingestion Pattern Catalog,168,"File transfer SFTP / managed exchange Manifest, checksum, partitions, receipt Partial and duplicate transfer recovery",V07-F002,observation,missing,unverified,none,omission,P1,,No SFTP/managed file transfer with manifests pattern/connector,
SP-19,V7,C Source and Ingestion Pattern Catalog,168,"Bulk historical load Object package Snapshot date, scope, schema, totals Manifest and reconciliation",V07-F002,observation,partial,passed:harness,merged,phase4,P1,apps/api/migrations/0028 declared closed-range backfill; apps/api/test/int/phase4-acceptance.test.ts: P4-M0a,Historical load exists as a declared API backfill; no object-package bulk load with snapshot manifest/totals,
SP-20,V7,C Source and Ingestion Pattern Catalog,168,"Custom REST API Request / pagination Contract, cursor, rate, retries, rights Adapter certification suite",V07-F002,observation,implemented,passed:harness,merged,phase1,done,apps/api/src/observation/connectors/rest.connector.ts; apps/api/test/int/phase1-acceptance.test.ts: A1/A9; apps/api/test/int/phase4-acceptance.test.ts,,Cursor/rate/retries/rights via contract; no adapter certification suite
SP-21,V7,C Source and Ingestion Pattern Catalog,168,"RSS or Atom feed Polling Entry identity, update, deletion, source health Deduplication and correction",V07-F002,observation,implemented,passed:harness,merged,phase1,done,apps/api/src/observation/connectors/rss.connector.ts; apps/api/test/int/phase6-scheduled-collection.test.ts; SOURCE_INTEGRATION_STATUS.md (eu-sanctions-rss live),,
SP-22,V7,C Source and Ingestion Pattern Catalog,168,"Manual governed upload Human workflow Uploader, purpose, approval, manifest Authority and malware inspection",V07-F002,observation,partial,unverified,merged,phase1,P1,apps/api/src/observation/sources/upload.controller.ts; apps/api/src/observation/connectors/upload.connector.ts; EXC-P1-001,"Uploader identity, purpose and contract recorded; no approval workflow or malware inspection engine",
SP-23,V7,C Source and Ingestion Pattern Catalog,168,"Disconnected exchange Signed package Trusted time, media, transfer authority Air-gap ceremony and reconciliation",V07-F002,observation,missing,unverified,none,omission,P7-D,,No disconnected signed-package exchange pattern/connector,
SP-24,V7,C Source and Ingestion Pattern Catalog,168,"Marketplace source package Signed install Publisher, license, permissions, dependencies Sandbox, revocation, and isolation",V07-F002,observation,missing,unverified,none,omission,P7-C,,No marketplace source package pattern/connector,
DC-01,V7,D Data Contract and Schema Compatibility Matrix,169,Add optional field Backward compatible Consumer default and unknown-field tests Ordinary controlled release,V07-F005,data-platform,partial,passed:harness,merged,phase0,P7-D,apps/api/migrations/0028 SRC@v2 additive fields; apps/api/migrations/0023 CLM@v2 beside v1; apps/api/test/int/phase2-acceptance.test.ts: B6,Additive changes practiced; no consumer default/unknown-field tests as a rule,
DC-02,V7,D Data Contract and Schema Compatibility Matrix,169,Add required field Incompatible without population plan Historical backfill and producer readiness Parallel version or migration,V07-F005,data-platform,missing,unverified,none,phase7,P7-D,apps/api/migrations/0006 schema_registry.compatibility,No compatibility policy engine evaluates this change class; schema evolution is manual and additive-only by convention,
DC-03,V7,D Data Contract and Schema Compatibility Matrix,169,Remove field Incompatible Consumer inventory and deprecation evidence Deprecate then major version,V07-F005,data-platform,missing,unverified,none,phase7,P7-D,apps/api/migrations/0006 schema_registry.compatibility,No compatibility policy engine evaluates this change class; schema evolution is manual and additive-only by convention,
DC-04,V7,D Data Contract and Schema Compatibility Matrix,169,Rename field Incompatible semantic change Alias and round-trip fixtures Parallel field or major version,V07-F005,data-platform,missing,unverified,none,phase7,P7-D,apps/api/migrations/0006 schema_registry.compatibility,No compatibility policy engine evaluates this change class; schema evolution is manual and additive-only by convention,
DC-05,V7,D Data Contract and Schema Compatibility Matrix,169,"Widen numeric type Conditionally compatible Range, precision, and consumer tests Evidence-gated minor version",V07-F005,data-platform,missing,unverified,none,phase7,P7-D,apps/api/migrations/0006 schema_registry.compatibility,No compatibility policy engine evaluates this change class; schema evolution is manual and additive-only by convention,
DC-06,V7,D Data Contract and Schema Compatibility Matrix,169,Narrow numeric type Incompatible Overflow and historical-value analysis Major version and migration,V07-F005,data-platform,missing,unverified,none,phase7,P7-D,apps/api/migrations/0006 schema_registry.compatibility,No compatibility policy engine evaluates this change class; schema evolution is manual and additive-only by convention,
DC-07,V7,D Data Contract and Schema Compatibility Matrix,169,Change enum values Conditional Unknown-value consumer behavior Additive minor or major version,V07-F005,data-platform,missing,unverified,none,phase7,P7-D,apps/api/migrations/0006 schema_registry.compatibility,No compatibility policy engine evaluates this change class; schema evolution is manual and additive-only by convention,
DC-08,V7,D Data Contract and Schema Compatibility Matrix,169,Change semantic definition Incompatible even if shape is stable Metric and decision impact analysis New field or major version,V07-F005,data-platform,missing,unverified,none,phase7,P7-D,apps/api/migrations/0006 schema_registry.compatibility,No compatibility policy engine evaluates this change class; schema evolution is manual and additive-only by convention,
DC-09,V7,D Data Contract and Schema Compatibility Matrix,169,"Change key or identity High-risk incompatible Merge, split, replay, and referential tests Governed identity migration",V07-F005,data-platform,missing,unverified,none,phase7,P7-D,apps/api/migrations/0006 schema_registry.compatibility,No compatibility policy engine evaluates this change class; schema evolution is manual and additive-only by convention,
DC-10,V7,D Data Contract and Schema Compatibility Matrix,169,Change temporal meaning High-risk incompatible Historical reconstruction and late-data tests New contract version,V07-F005,data-platform,missing,unverified,none,phase7,P7-D,apps/api/migrations/0006 schema_registry.compatibility,No compatibility policy engine evaluates this change class; schema evolution is manual and additive-only by convention,
DC-11,V7,D Data Contract and Schema Compatibility Matrix,169,Change truth-state rules High-risk incompatible Epistemic and downstream fitness tests Governance approval and major version,V07-F005,data-platform,missing,unverified,none,phase7,P7-D,apps/api/migrations/0006 schema_registry.compatibility,No compatibility policy engine evaluates this change class; schema evolution is manual and additive-only by convention,
DC-12,V7,D Data Contract and Schema Compatibility Matrix,169,Change classification or rights Policy change Access and export negative tests Immediate enforcement with impact review,V07-F005,data-platform,partial,unverified,merged,phase1,P7-D,apps/api/migrations/0022 rights_state pending holds live activation; observation.controller.ts /sources/:sourceId/rights,Rights changes enforce immediately on live collection; classification changes are not enforced with impact review,
DC-13,V7,D Data Contract and Schema Compatibility Matrix,169,"Partitioning change Physically compatible only Reconciliation, performance, and rollback Controlled migration",V07-F005,data-platform,missing,unverified,none,phase7,P7-D,apps/api/migrations/0006 schema_registry.compatibility,No compatibility policy engine evaluates this change class; schema evolution is manual and additive-only by convention,
DC-14,V7,D Data Contract and Schema Compatibility Matrix,169,"Retention change Lifecycle change Hold, archive, delete, and replay impact Policy authority approval",V07-F005,data-platform,missing,unverified,none,omission,P3,,Retention change has no policy authority path (no retention engine),
DC-15,V7,D Data Contract and Schema Compatibility Matrix,169,Producer replacement Contract-dependent Golden fixtures and lineage continuity Cohort promotion,V07-F005,data-platform,partial,passed:harness,merged,phase4,P7-D,"apps/api/test/int/phase4-acceptance.test.ts: P4-M0b (replay v1 superseded by live v2, exactly one version active)",Source producer replacement is versioned with lineage continuity; no golden-fixture gate for it,
DC-16,V7,D Data Contract and Schema Compatibility Matrix,169,"Consumer retirement Compatible after closure Subscription, export, and historical replay checks Recorded retirement",V07-F005,data-platform,missing,unverified,none,phase7,P7-D,apps/api/migrations/0006 schema_registry.compatibility,No compatibility policy engine evaluates this change class; schema evolution is manual and additive-only by convention,
TT-01,V7,"F Temporal, Truth-State, and Provenance Profiles",172,Immutable observation Observed Event + observation + record time Correction creates a new version,V07-F005,data-platform,implemented,passed:harness,merged,phase1,done,apps/api/migrations/0006; apps/api/test/int/phase1-acceptance.test.ts: A3/A8,,
TT-02,V7,"F Temporal, Truth-State, and Provenance Profiles",172,Source assertion Asserted Assertion validity + observation Withdrawal preserves history,V07-F005,data-platform,implemented,passed:harness,merged,phase1,done,apps/api/migrations/0022 SRC objects asserted; apps/api/test/int/phase1-acceptance.test.ts: A WITHDRAWAL says so in the truth state,,
TT-03,V7,"F Temporal, Truth-State, and Provenance Profiles",172,Extracted claim Extracted Evidence time + extraction record Re-extraction remains a new version,V07-F005,data-platform,implemented,passed:harness,merged,phase2,done,"apps/api/migrations/0023 claims (extracted, re-extraction = new attempt); apps/api/test/int/phase2-acceptance.test.ts: B5",,
TT-04,V7,"F Temporal, Truth-State, and Provenance Profiles",172,Inferred relationship Inferred Evidence validity + inference record Model or evidence change triggers reassessment,V07-F005,data-platform,partial,unverified,merged,phase3,P3,apps/api/migrations/0024 edges inferred with validity; apps/api/migrations/0025 evidence-triggered invalidation,Reassessment on model/evidence change is operator-initiated,
TT-05,V7,"F Temporal, Truth-State, and Provenance Profiles",172,Human assessment Assessed Assessment effective window Dissent and supersession retained,V07-F005,data-platform,implemented,passed:harness,merged,phase2,done,apps/api/migrations/0023 review decisions; apps/api/migrations/0041 dissent; apps/api/test/int/phase6-decisions.test.ts: F3 dissent,,Assessment effective window not modelled; dissent retained (branch-only)
TT-06,V7,"F Temporal, Truth-State, and Provenance Profiles",172,Canonical entity Stewarded identity Identity validity interval Merge and split are reversible,V07-F005,data-platform,implemented,passed:harness,merged,phase3,done,apps/api/migrations/0024 §2-§4; apps/api/test/int/phase3-acceptance.test.ts: C3 split reversible,,
TT-07,V7,"F Temporal, Truth-State, and Provenance Profiles",172,Temporal relationship Observed / asserted / inferred Valid-from and valid-to Overlaps require typed rules,V07-F005,data-platform,implemented,passed:harness,merged,phase3,done,apps/api/migrations/0024 edges valid_from/valid_to; apps/api/test/int/phase3-acceptance.test.ts: C5,,Overlap typing rules not enforced
TT-08,V7,"F Temporal, Truth-State, and Provenance Profiles",172,Metric observation Observed calculation Measurement window + record time Definition version is mandatory,V07-F005,data-platform,implemented,passed:harness,merged,phase4,done,apps/api/migrations/0029 series_registry (parser_ref version) + measurement windows; apps/api/test/int/phase4-acceptance.test.ts: D2,,
TT-09,V7,"F Temporal, Truth-State, and Provenance Profiles",172,Forecast package Model output As-of time + horizon Expiry and withdrawal are explicit,V07-F005,data-platform,implemented,passed:harness,merged,phase4,done,"apps/api/migrations/0029 forecasts (as-of, horizon, expiry); apps/api/test/int/phase4-acceptance.test.ts: D1",,
TT-10,V7,"F Temporal, Truth-State, and Provenance Profiles",172,Scenario branch Synthetic possibility Branch base time + review window Never merges into observed state,V07-F005,data-platform,implemented,passed:harness,merged,phase4,done,apps/api/migrations/0029 scenarios/branches; apps/api/migrations/0037 branch flip under both clocks; apps/api/test/int/phase4-acceptance.test.ts: D5/D6,,
TT-11,V7,"F Temporal, Truth-State, and Provenance Profiles",172,Simulation run Synthetic experiment Resolved initial state + run time Invalidation preserves prior result,V07-F005,data-platform,implemented,passed:harness,merged,phase5,done,"apps/api/migrations/0033 runs (resolved initial state, digests, run.unverified); apps/api/test/int/phase5-simulations.test.ts: E4/E5",,
TT-12,V7,"F Temporal, Truth-State, and Provenance Profiles",172,Recommendation Advisory output Decision context time Does not become a decision,V07-F005,data-platform,implemented,passed:harness,branch-only,phase6,done,"apps/api/migrations/0041 options/agent option cards (SIMULATED, never a decision); apps/api/test/int/phase6-decisions.test.ts: the decision agent holds exactly ONE write",,Branch-only
TT-13,V7,"F Temporal, Truth-State, and Provenance Profiles",172,Human decision Decided Decision time + effective time Later evidence does not rewrite it,V07-F005,data-platform,implemented,passed:harness,branch-only,phase6,done,"apps/api/migrations/0042 commitment (C3, human authority); apps/api/test/int/phase6-approvals.test.ts: after commitment nothing reopens",,Branch-only
TT-14,V7,"F Temporal, Truth-State, and Provenance Profiles",172,Commitment Institutional obligation Effective interval + due dates Closure and breach are versioned,V07-F005,data-platform,implemented,passed:harness,branch-only,phase6,done,"apps/api/migrations/0042 CMT; apps/api/migrations/0045 condition_breaches, review overdue; apps/api/test/int/phase6-monitoring.test.ts: F6",,Branch-only
TT-15,V7,"F Temporal, Truth-State, and Provenance Profiles",172,Outcome observation Observed result Outcome event + observation time Links to prior commitments and decisions,V07-F005,data-platform,implemented,passed:harness,branch-only,phase4,done,"apps/api/migrations/0045 outcomes (OUT citing observed twin element, reconciliation); apps/api/migrations/0029 outcome_ledger; apps/api/test/int/phase6-monitoring.test.ts: the OUT",,Branch-only for decisions; forecast outcomes merged
TT-16,V7,"F Temporal, Truth-State, and Provenance Profiles",172,Correction Corrective authority Correction effective + record time Preserves affected history,V07-F005,data-platform,implemented,passed:harness,merged,phase1,done,apps/api/src/observation/corrections/corrections.service.ts; apps/api/migrations/0022 §9; apps/api/test/int/phase1-acceptance.test.ts: A8,,
TT-17,V7,"F Temporal, Truth-State, and Provenance Profiles",172,Withdrawal No longer decision- active Withdrawal effective time Prior use remains replayable,V07-F005,data-platform,implemented,passed:harness,merged,phase1,done,apps/api/migrations/0006 lifecycle withdrawn + withdrawal_reason; apps/api/test/int/phase6-replay.test.ts: a withdrawal becomes unavailable (prior use replayable),,
TT-18,V7,"F Temporal, Truth-State, and Provenance Profiles",172,Synthetic training data Synthetic Generation snapshot + record time Purpose-isolated from observed truth,V07-F005,data-platform,partial,passed:harness,merged,phase1,P7-B,apps/api/migrations/0022 data_origin synthetic; apps/api/migrations/0032 synthetic folds upward; apps/api/test/int/phase5-twins.test.ts: E2,Synthetic evidence is isolated by label; no training data exists to isolate,
TT-19,V7,"F Temporal, Truth-State, and Provenance Profiles",172,Stale projection Derived stale state Source revision + build time Cannot represent current authority,V07-F005,data-platform,partial,unverified,merged,phase4,P4,PHASE4_REPORT.md §9 (series cache may serve a version tombstoned after warm-up),Stale projections are not labelled as such; the one known stale path is a cache that should invalidate on governed deletion,
TT-20,V7,"F Temporal, Truth-State, and Provenance Profiles",172,Deleted record marker Lifecycle tombstone Deletion effective + verified time Retains only permitted accountability metadata,V07-F005,data-platform,implemented,passed:harness,merged,phase1,done,"apps/api/migrations/0022 blob_tombstones (reason, actor, time); apps/api/test/int/phase6-scheduled-corrections.test.ts: GOVERNED-DELETED bytes are not reused",,Verified time of residual closure not recorded
DPD-01,V7,G Data Product and Serving Pattern Catalog,173,Canonical object product Typed object API + events Canonical component Object lifecycle and policy fixtures,V07-F012,data-platform,partial,unverified,merged,phase0,P7-F,apps/api/src/objects/objects.controller.ts; outbox events,Typed object API exists; not registered as a product with owner/SLO,
DPD-02,V7,G Data Product and Serving Pattern Catalog,173,"Observation evidence product Object + metadata World Observation Custody, rights, freshness, correction",V07-F012,data-platform,partial,unverified,merged,phase1,P7-F,apps/api/src/observation/vault/evidence.service.ts; observation.controller.ts /evidence/*; apps/web/app/observation/evidence,Custody/rights/freshness/correction served; no product contract,
DPD-03,V7,G Data Product and Serving Pattern Catalog,173,"Curated domain dataset Open table + contract Domain data owner Quality, lineage, SLO, portability",V07-F012,data-platform,missing,unverified,none,phase7,P7-F,,No curated domain dataset product,
DPD-04,V7,G Data Product and Serving Pattern Catalog,173,"Knowledge Graph product Graph query + change events Knowledge Graph Temporal, provenance, policy, revision",V07-F012,data-platform,partial,unverified,merged,phase3,P7-F,"apps/api/src/graph/graph.controller.ts (as-of queries, bounded traversal)",Graph query exists; no change-event product,
DPD-05,V7,G Data Product and Serving Pattern Catalog,173,"Enterprise Memory product Purpose-aware retrieval Enterprise Memory Permission, version, retention, deletion",V07-F012,data-platform,partial,unverified,merged,phase3,P3,apps/api/src/graph/search/search.service.ts; strategy reads,Purpose-aware retrieval over metadata; retention/deletion absent,
DPD-06,V7,G Data Product and Serving Pattern Catalog,173,Digital Twin snapshot product Snapshot + change events Digital Twins Observed/synthetic isolation and validation,V07-F012,data-platform,partial,unverified,merged,phase5,P7-F,"apps/api/src/twin/twin.controller.ts (versions, comparison)",Snapshots served; no change events,
DPD-07,V7,G Data Product and Serving Pattern Catalog,173,"Forecast data product Forecast package Prediction Engine Horizon, calibration, lineage, expiry",V07-F012,data-platform,partial,unverified,merged,phase4,P7-F,apps/api/src/prediction/prediction.controller.ts; apps/api/migrations/0029 forecasts,Forecast package with horizon/calibration/lineage/expiry; not a registered product,
DPD-08,V7,G Data Product and Serving Pattern Catalog,173,"Scenario portfolio product Versioned branch package Scenario Intelligence Plurality, assumptions, signposts",V07-F012,data-platform,partial,unverified,merged,phase4,P7-F,apps/api/migrations/0029 scenarios/branches/indicators,Versioned branch packages; not a registered product,
DPD-09,V7,G Data Product and Serving Pattern Catalog,173,"Simulation result product Run package Simulation Engine Resolved versions, seeds, sensitivity",V07-F012,data-platform,partial,unverified,merged,phase5,P7-F,"apps/api/migrations/0033 runs (resolved versions, seeds, digests)",Run package with reproducibility; sensitivity not modelled; not a product,
DPD-10,V7,G Data Product and Serving Pattern Catalog,173,"Decision package product Review and approval package Decision Intelligence Alternatives, dissent, human authority",V07-F012,data-platform,partial,unverified,branch-only,phase6,P7-F,"apps/api/migrations/0041-0042 DPK/APR (alternatives, dissent, human authority)",Branch-only; not a registered product,
DPD-11,V7,G Data Product and Serving Pattern Catalog,173,"Executive briefing product Live briefing + events Executive Operating System Evidence, materiality, acknowledgement",V07-F012,data-platform,partial,passed:harness,branch-only,phase6,P7-F,apps/api/migrations/0044 briefings; apps/api/src/executive/briefings/briefing.service.ts; apps/api/test/int/phase6-briefings.test.ts,Briefing with evidence/materiality; acknowledgement and live events partial; branch-only,
DPD-12,V7,G Data Product and Serving Pattern Catalog,173,"Certified metric product Semantic query Metric owner Definition, grain, source revision",V07-F012,data-platform,missing,unverified,none,phase7,P7-F,,No certified metric product,
DPD-13,V7,G Data Product and Serving Pattern Catalog,173,"Event signal product Subscription stream Producing domain Ordering, replay, correction, lag",V07-F012,data-platform,missing,unverified,none,phase7,P7-F,,No event signal subscription stream (outbox is internal),
DPD-14,V7,G Data Product and Serving Pattern Catalog,173,"Search index product Search API Source product owner Relevance, permission, freshness, rebuild",V07-F012,data-platform,partial,unverified,merged,phase3,P3,apps/api/src/graph/search/search.service.ts,Permission proven; relevance/freshness/rebuild not products,
DPD-15,V7,G Data Product and Serving Pattern Catalog,173,"Vector retrieval product Semantic retrieval API Source product owner Embedding version, citation, rebuild",V07-F012,data-platform,missing,unverified,none,omission,P3,,No vector retrieval product,
DPD-16,V7,G Data Product and Serving Pattern Catalog,173,Feature product Online + offline feature AI data owner Point-in-time correctness and drift,V07-F012,data-platform,missing,unverified,none,phase7,P7-B,,No feature product,
DPD-17,V7,G Data Product and Serving Pattern Catalog,173,"Evaluation dataset product Versioned dataset Evaluation authority Independence, slices, leakage, expiry",V07-F012,data-platform,partial,unverified,merged,phase4,P7-B,apps/api/migrations/0029 backtests/outcome_ledger; apps/api/migrations/0023 recorded_responses,Evaluation data exists as records; no versioned dataset product with slices/leakage/expiry,
DPD-18,V7,G Data Product and Serving Pattern Catalog,173,"Context manifest product Bounded context package Context control plane Purpose, policy, omissions, citations",V07-F012,data-platform,partial,unverified,merged,phase2,P2,apps/api/src/intelligence/gateway/model-gateway.service.ts; briefings,No bounded context manifest product (Ch 46),
DPD-19,V7,G Data Product and Serving Pattern Catalog,173,"Customer export product Signed open package Customer data authority Completeness, integrity, re-import",V07-F012,data-platform,missing,unverified,none,phase7,P7-F,,No customer export product (Ch 47),
DPD-20,V7,G Data Product and Serving Pattern Catalog,173,"Marketplace data package Signed installable package Publisher + governance License, sandbox, evaluation, revocation",V07-F012,data-platform,missing,unverified,none,phase7,P7-C,,No marketplace data package (Ch 48),
DQM-001,V7,J Data Quality and SLO Metric Catalog,178,"Contract conformance rate Records, objects, or events satisfying the active data contract. Asset + tenant + deployment + product + consumer + window",V07-F016,data-platform,partial,unverified,merged,phase1,P7-D,apps/api/src/objects/objects.service.ts (schema-validated admission),Conformance is enforced per write; no rate metric is computed,
DQM-002,V7,J Data Quality and SLO Metric Catalog,178,Schema rejection rate Inputs rejected for schema or constraint violation. Asset + tenant + deployment + product + consumer + window,V07-F016,data-platform,partial,unverified,merged,phase1,P7-D,apps/api/migrations/0022 quarantine reason_class schema_drift; apps/api/src/observation/coverage,Rejections are recorded; no rate metric,
DQM-003,V7,J Data Quality and SLO Metric Catalog,178,Source freshness Age of the latest accepted source observation against contract. Asset + tenant + deployment + product + consumer + window,V07-F016,data-platform,implemented,passed:harness,merged,phase1,done,apps/api/src/observation/coverage/coverage.service.ts (freshness vs contract threshold); apps/api/test/int/phase1-acceptance.test.ts: A6,,Sources only
DQM-004,V7,J Data Quality and SLO Metric Catalog,178,"Arrival completeness Expected versus received partitions, records, or events. Asset + tenant + deployment + product + consumer + window",V07-F016,data-platform,implemented,passed:harness,merged,phase1,done,"apps/api/src/observation/coverage/coverage.service.ts (expected vs actual coverage, completeness insufficient_evidence); apps/api/test/int/phase1-acceptance.test.ts: A6",,Sources only
DQM-005,V7,J Data Quality and SLO Metric Catalog,178,Coverage ratio Observed governed universe versus declared coverage universe. Asset + tenant + deployment + product + consumer + window,V07-F016,data-platform,implemented,passed:harness,merged,phase1,done,apps/api/src/observation/coverage/coverage.service.ts (coverage universe per contract),,
DQM-006,V7,J Data Quality and SLO Metric Catalog,178,Blind-spot duration Time a material coverage gap remains unresolved. Asset + tenant + deployment + product + consumer + window,V07-F016,data-platform,implemented,passed:harness,merged,phase1,done,"apps/api/src/observation/coverage/coverage.service.ts (blind spots, degraded regions displayed in their own right)",,Duration of a blind spot is derivable from stored measurements; not reported as a metric
DQM-007,V7,J Data Quality and SLO Metric Catalog,178,"Validity rate Values satisfying type, range, format, and business constraints. Asset + tenant + deployment + product + consumer + window",V07-F016,data-platform,missing,unverified,none,omission,P1,,No validity/accuracy/uniqueness/consistency measurement across assets,
DQM-008,V7,J Data Quality and SLO Metric Catalog,178,Accuracy estimate Verified correspondence to authoritative or sampled ground truth. Asset + tenant + deployment + product + consumer + window,V07-F016,data-platform,missing,unverified,none,omission,P1,,No validity/accuracy/uniqueness/consistency measurement across assets,
DQM-009,V7,J Data Quality and SLO Metric Catalog,178,Uniqueness rate Records unique under the declared identity and grain. Asset + tenant + deployment + product + consumer + window,V07-F016,data-platform,missing,unverified,none,omission,P1,,No validity/accuracy/uniqueness/consistency measurement across assets,
DQM-010,V7,J Data Quality and SLO Metric Catalog,178,"Consistency rate Cross-field, cross-source, and cross-product constraint agreement. Asset + tenant + deployment + product + consumer + window",V07-F016,data-platform,missing,unverified,none,omission,P1,,No validity/accuracy/uniqueness/consistency measurement across assets,
DQM-011,V7,J Data Quality and SLO Metric Catalog,178,Referential integrity Resolvable governed references among material objects. Asset + tenant + deployment + product + consumer + window,V07-F016,data-platform,partial,unverified,merged,phase1,P7-D,apps/api/migrations/0006 minimum_provenance; apps/api/migrations/0024 edges REFERENCES entities; apps/api/migrations/0041 options cite completed runs,Referential integrity is enforced at admission; no integrity-rate metric,
DQM-012,V7,J Data Quality and SLO Metric Catalog,178,"Temporal completeness Objects carrying required event, observation, validity, and record time. Asset + tenant + deployment + product + consumer + window",V07-F016,data-platform,partial,passed:harness,merged,phase1,P7-D,apps/api/migrations/0006 temporal columns; apps/api/test/int/phase1-acceptance.test.ts: four times are populated per the type rules,Enforced per type; no completeness metric,
DQM-013,V7,J Data Quality and SLO Metric Catalog,178,"Temporal anomaly rate Invalid intervals, ordering, clock, or future-time anomalies. Asset + tenant + deployment + product + consumer + window",V07-F016,data-platform,partial,unverified,merged,phase1,P7-D,apps/api/migrations/0006 valid_interval CHECK; source_clock_quality,Invalid intervals refused; no anomaly rate,
DQM-014,V7,J Data Quality and SLO Metric Catalog,178,Truth-state completeness Material objects carrying valid epistemic labels. Asset + tenant + deployment + product + consumer + window,V07-F016,data-platform,partial,unverified,merged,phase1,P7-D,apps/api/migrations/0006 truth_state NOT NULL CHECK,Enforced structurally; no metric,
DQM-015,V7,J Data Quality and SLO Metric Catalog,178,Provenance completeness Material outputs with closed lineage to evidence. Asset + tenant + deployment + product + consumer + window,V07-F016,data-platform,partial,passed:harness,merged,phase2,P7-D,apps/api/migrations/0023 claim_lineage NOT NULL; apps/api/test/int/phase2-acceptance.test.ts: B1,Enforced structurally for claims/edges; no closure metric,
DQM-016,V7,J Data Quality and SLO Metric Catalog,178,Custody integrity Evidence transfers with verified digest and custody continuity. Asset + tenant + deployment + product + consumer + window,V07-F016,data-platform,partial,unverified,merged,phase1,P7-D,apps/api/migrations/0022 custody_events digest_verified; apps/api/src/observation/vault/vault.service.ts,Verified per transfer; no integrity-rate metric,
DQM-017,V7,J Data Quality and SLO Metric Catalog,178,Classification completeness Assets and records with enforceable classification. Asset + tenant + deployment + product + consumer + window,V07-F016,data-platform,partial,unverified,merged,phase0,P7-D,apps/api/migrations/0006 classification NOT NULL,Enforced; no metric,
DQM-018,V7,J Data Quality and SLO Metric Catalog,178,Policy enforcement success Authorized operations satisfying all returned obligations. Asset + tenant + deployment + product + consumer + window,V07-F016,data-platform,partial,unverified,merged,phase0,P7-D,apps/api/src/pipeline/pipeline.service.ts (obligations executed and evidenced); apps/api/migrations/0013,Evidenced per operation; no success-rate metric,
DQM-019,V7,J Data Quality and SLO Metric Catalog,178,Unauthorized access denial Negative access attempts denied and evidenced. Asset + tenant + deployment + product + consumer + window,V07-F016,data-platform,partial,passed:harness,merged,phase0,P7-D,apps/api/migrations/0003 policy_decisions (denials recorded); test/acceptance/acceptance.test.ts: denied request,Denials evidenced; no rate metric,
DQM-020,V7,J Data Quality and SLO Metric Catalog,178,Correction propagation time Time from correction admission to material consumer closure. Asset + tenant + deployment + product + consumer + window,V07-F016,data-platform,partial,unverified,merged,phase3,P3,apps/api/migrations/0026-0027 case propagation state; graph/impact/awaiting,Propagation state per case; time-to-closure not computed,
DQM-021,V7,J Data Quality and SLO Metric Catalog,178,Stale projection rate Queries served from projections beyond freshness contract. Asset + tenant + deployment + product + consumer + window,V07-F016,data-platform,partial,unverified,merged,phase4,P4,PHASE4_REPORT.md §9 series cache,No stale-projection accounting,
DQM-022,V7,J Data Quality and SLO Metric Catalog,178,Projection reconciliation gap Difference between authoritative and derived state. Asset + tenant + deployment + product + consumer + window,V07-F016,data-platform,implemented,passed:harness,merged,phase1,done,observation.controller.ts /projections/verify; apps/api/test/int/phase1-acceptance.test.ts: A11 no projection has drifted,,Byte-equality verification on demand; not a continuous metric
DQM-023,V7,J Data Quality and SLO Metric Catalog,178,Entity resolution precision Accepted identity links that are correct. Asset + tenant + deployment + product + consumer + window,V07-F016,data-platform,missing,unverified,none,omission,P3,PHASE3_REPORT.md §9,No entity-resolution precision/recall evaluation set,
DQM-024,V7,J Data Quality and SLO Metric Catalog,178,Entity resolution recall Resolvable identities successfully linked. Asset + tenant + deployment + product + consumer + window,V07-F016,data-platform,missing,unverified,none,omission,P3,PHASE3_REPORT.md §9,No entity-resolution precision/recall evaluation set,
DQM-025,V7,J Data Quality and SLO Metric Catalog,179,"Graph edge validity Edges satisfying type, time, provenance, and constraint rules. Asset + tenant + deployment + product + consumer + window",V07-F016,data-platform,partial,passed:harness,merged,phase3,P3,"apps/api/migrations/0024 edge constraints (type, time, provenance NOT NULL); apps/api/test/int/phase3-acceptance.test.ts: C5",Enforced at admission; no validity metric,
DQM-026,V7,J Data Quality and SLO Metric Catalog,179,Graph orphan rate Canonical graph objects lacking required connections. Asset + tenant + deployment + product + consumer + window,V07-F016,data-platform,missing,unverified,none,omission,P3,,No orphan-rate measurement for graph objects,
DQM-027,V7,J Data Quality and SLO Metric Catalog,179,Retrieval permission correctness Results satisfying object- and purpose-level policy. Asset + tenant + deployment + product + consumer + window,V07-F016,data-platform,implemented,passed:harness,merged,phase3,done,apps/api/test/int/phase3-acceptance.test.ts: C4 search is permission-aware,,Correctness proven by tests; not measured in operation
DQM-028,V7,J Data Quality and SLO Metric Catalog,179,Retrieval relevance Task-appropriate relevance by governed evaluation set. Asset + tenant + deployment + product + consumer + window,V07-F016,data-platform,missing,unverified,none,omission,P3,,No retrieval relevance evaluation set,
DQM-029,V7,J Data Quality and SLO Metric Catalog,179,Citation closure Returned claims and context linked to accessible evidence. Asset + tenant + deployment + product + consumer + window,V07-F016,data-platform,partial,unverified,merged,phase2,P2,apps/api/migrations/0023 claim_lineage byte spans; apps/api/migrations/0044 briefings cite items with availability,Claims/briefings link to evidence; closure not measured as a metric,
DQM-030,V7,J Data Quality and SLO Metric Catalog,179,Feature point-in-time correctness Feature values excluding future information leakage. Asset + tenant + deployment + product + consumer + window,V07-F016,data-platform,missing,unverified,none,phase7,P7-B,,No features or training datasets (Ch 45),
DQM-031,V7,J Data Quality and SLO Metric Catalog,179,Dataset leakage rate Training or evaluation contamination and target leakage. Asset + tenant + deployment + product + consumer + window,V07-F016,data-platform,missing,unverified,none,phase7,P7-B,,No features or training datasets (Ch 45),
DQM-032,V7,J Data Quality and SLO Metric Catalog,179,Pipeline success rate Runs reaching a reconciled terminal state. Asset + tenant + deployment + product + consumer + window,V07-F016,data-platform,partial,unverified,merged,phase1,P7-D,apps/api/migrations/0022 collection_runs_current.state; apps/api/migrations/0038 scheduled_attempts (finished/failed/refused/faulted),Run terminal states recorded (branch-only for scheduled attempts); no success-rate metric,
DQM-033,V7,J Data Quality and SLO Metric Catalog,179,Pipeline recovery time Time to resume from a committed compatible boundary. Asset + tenant + deployment + product + consumer + window,V07-F016,data-platform,partial,passed:harness,merged,phase1,P7-D,apps/api/migrations/0022 checkpoints; apps/api/test/int/phase1-fault-injection.test.ts,Resume from checkpoint proven; recovery time not measured,
DQM-034,V7,J Data Quality and SLO Metric Catalog,179,Stream end-to-end latency Event time to governed product availability. Asset + tenant + deployment + product + consumer + window,V07-F016,data-platform,missing,unverified,none,phase7,P7-D,,No streams/consumers (Ch 13/29/43),
DQM-035,V7,J Data Quality and SLO Metric Catalog,179,Consumer lag Committed source position minus consumer checkpoint. Asset + tenant + deployment + product + consumer + window,V07-F016,data-platform,missing,unverified,none,phase7,P7-D,,No streams/consumers (Ch 13/29/43),
DQM-036,V7,J Data Quality and SLO Metric Catalog,179,Query latency Policy-complete user-visible query response time. Asset + tenant + deployment + product + consumer + window,V07-F016,data-platform,missing,unverified,none,phase7,P7-D,,No query latency measurement (Ch 60),
DQM-037,V7,J Data Quality and SLO Metric Catalog,179,Data durability Committed authoritative data retained through failure. Asset + tenant + deployment + product + consumer + window,V07-F016,data-platform,missing,unverified,none,phase7,P7-D,,No durability/restore verification (Ch 62),
DQM-038,V7,J Data Quality and SLO Metric Catalog,179,Restore verification rate Recovery sets automatically restored and reconciled. Asset + tenant + deployment + product + consumer + window,V07-F016,data-platform,missing,unverified,none,phase7,P7-D,,No durability/restore verification (Ch 62),
DQM-039,V7,J Data Quality and SLO Metric Catalog,179,Export round-trip integrity Exported assets re-imported without semantic loss. Asset + tenant + deployment + product + consumer + window,V07-F016,data-platform,missing,unverified,none,phase7,P7-F,,No export (Ch 47),
DQM-040,V7,J Data Quality and SLO Metric Catalog,179,"Unit data cost Storage, processing, transfer, and operations cost per governed unit. Asset + tenant + deployment + product + consumer + window",V07-F016,data-platform,missing,unverified,none,phase7,P7-F,,No cost ledger (Ch 70),
DF-01,V7,K Failure Mode and Degraded Data State Matrix,180,Source unavailable Source Expose coverage and freshness loss; retry by contract Source outage exercise,V07-F017,infrastructure,implemented,passed:harness,merged,phase1,done,apps/api/src/observation/coverage/coverage.service.ts (PUBLISHER LAG vs COLLECTION FAILURE); apps/api/test/int/phase1-acceptance.test.ts: A6; apps/api/test/int/phase6-scheduled-collection.test.ts: a FAILED run,,"Retry is BullMQ bounded retry, not per-contract"
DF-02,V7,K Failure Mode and Degraded Data State Matrix,180,Source authority revoked Source contract Stop collection and downstream promotion Revocation drill,V07-F017,infrastructure,implemented,passed:harness,merged,phase1,done,apps/api/test/int/phase1-fault-injection.test.ts: F08 non-active contract aborts BEFORE egress; apps/api/test/int/phase1-acceptance.test.ts: A9 REVOCATION WHILE QUEUED,,Downstream promotion stop is via the correction walk
DF-03,V7,K Failure Mode and Degraded Data State Matrix,180,Malicious or corrupt content Intake Quarantine and preserve custody Content corpus test,V07-F017,infrastructure,partial,passed:harness,merged,phase1,P1,apps/api/src/observation/connectors/content-controls.ts; apps/api/test/int/phase1-hostile-input.test.ts: A10,Structural hostility only; no content corpus/malware engine (EXC-P1-001),
DF-04,V7,K Failure Mode and Degraded Data State Matrix,180,Partial file transfer Exchange Hold publication and resume from manifest Interrupted transfer,V07-F017,infrastructure,partial,passed:harness,merged,phase1,P1,apps/api/test/int/phase1-fault-injection.test.ts: F12-F19 partial writes never admitted,No transfer manifests to resume from,
DF-05,V7,K Failure Mode and Degraded Data State Matrix,180,"CDC log gap Synchronization Pause, resnapshot bounded scope, reconcile Log-gap exercise",V07-F017,infrastructure,missing,unverified,none,omission,P1,,No CDC,
DF-06,V7,K Failure Mode and Degraded Data State Matrix,180,Stream overload Streaming Backpressure or explicit consequence-based shedding Burst test,V07-F017,infrastructure,missing,unverified,none,omission,P1,,No streams,
DF-07,V7,K Failure Mode and Degraded Data State Matrix,180,Clock discontinuity Temporal Mark time quality and constrain affected use Clock-skew test,V07-F017,infrastructure,partial,unverified,merged,phase0,P7-D,apps/api/migrations/0006 source_clock_quality,Time quality label exists; no clock-discontinuity detection or use constraint,
DF-08,V7,K Failure Mode and Degraded Data State Matrix,180,Schema incompatibility Contract Block producer or consumer promotion Compatibility fixture,V07-F017,infrastructure,partial,unverified,merged,phase1,P7-D,apps/api/migrations/0022 schema_drift_tolerance -> quarantine; .github/workflows/ci.yml: Post-C18 migration upgrade compatibility,Producer drift quarantined; no consumer-promotion block,
DF-09,V7,K Failure Mode and Degraded Data State Matrix,180,Identity collision Identity Fail closed and route stewardship Collision test,V07-F017,infrastructure,implemented,passed:harness,merged,phase3,done,apps/api/src/graph/entities/resolver.service.ts; apps/api/test/int/phase3-acceptance.test.ts: C2 the database REFUSES an accepted name match,,
DF-10,V7,K Failure Mode and Degraded Data State Matrix,180,Truth-state collapse Semantics Withdraw affected outputs and restore labels Epistemic negative test,V07-F017,infrastructure,implemented,passed:harness,merged,phase5,done,apps/api/migrations/0006 synthetic_consistency; apps/api/migrations/0032 tse_observed_basis; apps/api/test/int/phase5-twins.test.ts: E2,,Collapse is refused at admission; withdrawal of already-affected outputs is the operator walk
DF-11,V7,K Failure Mode and Degraded Data State Matrix,180,Lineage break Provenance Mark output unfit and recompute Lineage closure test,V07-F017,infrastructure,partial,unverified,merged,phase2,P7-D,apps/api/migrations/0023 claim_lineage NOT NULL; apps/api/migrations/0043 replay unavailable reasons,Lineage cannot be admitted broken; no runtime lineage-break detection/recompute,
DF-12,V7,K Failure Mode and Degraded Data State Matrix,180,Correction propagation stall Lifecycle Freeze affected publication and escalate consumers Correction fan-out,V07-F017,infrastructure,partial,passed:harness,merged,phase3,P3,graph/impact/awaiting (cases nothing has propagated); apps/api/test/int/phase3-corrections.test.ts: lists applied corrections nothing has propagated,Stall is visible; publication freeze and consumer escalation are manual,
DF-13,V7,K Failure Mode and Degraded Data State Matrix,180,Lakehouse metadata divergence Analytical state Fence writers and restore consistent snapshot Transaction recovery,V07-F017,infrastructure,missing,unverified,none,phase7,P7-D,,No lakehouse,
DF-14,V7,K Failure Mode and Degraded Data State Matrix,180,Operational database quorum loss Transactional state Fence writes and recover consistent owner Quorum and fencing,V07-F017,infrastructure,missing,unverified,none,phase7,P7-D,,No quorum/fencing (single Postgres),
DF-15,V7,K Failure Mode and Degraded Data State Matrix,180,Evidence object corruption Evidence Quarantine reference and restore verified replica Digest corruption drill,V07-F017,infrastructure,partial,passed:harness,merged,phase1,P7-D,"apps/api/src/observation/vault/evidence.service.ts (corrupt read fails closed, integrity event); apps/api/test/int/phase1-acceptance.test.ts: A7",No verified replica to restore from,
DF-16,V7,K Failure Mode and Degraded Data State Matrix,180,"Broker quorum loss Messaging Fail over, preserve offsets, reconcile Broker recovery",V07-F017,infrastructure,missing,unverified,none,phase7,P7-D,apps/api/test/int/phase1-fault-injection.test.ts: F31/F32/F33,No broker quorum (Redis single node; outbox rows survive Redis loss),
DF-17,V7,K Failure Mode and Degraded Data State Matrix,180,"Poison message recurrence Messaging Isolate, dead-letter, and bound retries Poison message test",V07-F017,infrastructure,implemented,passed:harness,merged,phase0,done,apps/api/migrations/0015 retry budget 10 -> dead_letter; apps/api/test/int/gate22-outbox-hardening.test.ts: C7,,
DF-18,V7,K Failure Mode and Degraded Data State Matrix,180,Partial batch commit Processing Stop publication and reconcile partitions Partial commit recovery,V07-F017,infrastructure,implemented,passed:harness,merged,phase0,done,apps/api/migrations/0013 operation closure (all-or-nothing); apps/api/test/int/phase1-fault-injection.test.ts: F23/F24 seven durable writes,,Partition reconciliation not applicable (no batch partitions)
DF-19,V7,K Failure Mode and Degraded Data State Matrix,180,Stream checkpoint corruption Processing Restore compatible checkpoint and replay State recovery,V07-F017,infrastructure,missing,unverified,none,omission,P1,,No stream checkpoints,
DF-20,V7,K Failure Mode and Degraded Data State Matrix,180,Stale or poisoned index Retrieval Withdraw and rebuild from canonical sources Index rebuild,V07-F017,infrastructure,missing,unverified,none,omission,P3,,No index to withdraw/rebuild,
DF-21,V7,K Failure Mode and Degraded Data State Matrix,180,Graph revision conflict Knowledge Graph Reject atomic change and reconcile log Revision conflict test,V07-F017,infrastructure,implemented,passed:harness,merged,phase3,done,"apps/api/migrations/0024 §10 ports (atomic, refuse); apps/api/test/int/phase3-corrections.test.ts: F2",,
DF-22,V7,K Failure Mode and Degraded Data State Matrix,180,Memory permission drift Enterprise Memory Restrict access and rebuild policy projection Permission recovery,V07-F017,infrastructure,partial,unverified,merged,phase3,P7-D,RLS FORCE on graph/strategy tables; apps/api/migrations/0048 revocation epoch,Access restriction is structural; no policy-projection rebuild exercise,
DF-23,V7,K Failure Mode and Degraded Data State Matrix,180,Twin branch leakage Digital Twins Contain branch and invalidate affected outputs Branch isolation test,V07-F017,infrastructure,implemented,passed:harness,merged,phase5,done,apps/api/migrations/0032 branch isolation; apps/api/test/int/phase5-twins.test.ts: E3; apps/api/test/int/phase5-propagation.test.ts,,
DF-24,V7,K Failure Mode and Degraded Data State Matrix,180,"Unauthorized data access Trust Deny, revoke, investigate, preserve audit Negative authorization",V07-F017,infrastructure,implemented,passed:harness,merged,phase0,done,"apps/api/src/policy/pdp.service.ts (default deny, denial evidence); apps/api/migrations/0048 revocation; test/acceptance/acceptance.test.ts: AC-11",,Investigation workflow absent
DF-25,V7,K Failure Mode and Degraded Data State Matrix,180,Residency violation attempt Sovereignty Deny transfer or placement Locality test,V07-F017,infrastructure,missing,unverified,none,phase7,P7-D,,No residency enforcement (Ch 52),
DF-26,V7,K Failure Mode and Degraded Data State Matrix,180,Key or token service failure Confidentiality Stop protected processing or use approved continuity Key continuity exercise,V07-F017,infrastructure,missing,unverified,none,phase7,P7-D,,No key/token service (Ch 53),
DF-27,V7,K Failure Mode and Degraded Data State Matrix,180,Deletion scope uncertainty Lifecycle Pause deletion and resolve dependency closure Delete-scope test,V07-F017,infrastructure,partial,unverified,merged,phase1,P3,apps/api/migrations/0022 blob_tombstones (single object),No deletion scope resolution or dependency closure,
DF-28,V7,K Failure Mode and Degraded Data State Matrix,180,Quality contract breach Data product Declare degradation and quarantine affected scope Quality incident,V07-F017,infrastructure,partial,unverified,merged,phase1,P1,apps/api/src/observation/coverage (health degradation); warnings fold fail-closed (apps/api/src/prediction/controls.ts),No product quarantine of affected scope,
DF-29,V7,K Failure Mode and Degraded Data State Matrix,180,Observability loss Operations Constrain risky change and preserve priority evidence Telemetry loss,V07-F017,infrastructure,partial,unverified,merged,phase0,P7-D,apps/api/src/shared/degraded-store.ts (audit unavailability journal),Observability loss beyond audit is undetected,
DF-30,V7,K Failure Mode and Degraded Data State Matrix,180,Backup corruption Recovery Protect remaining copies and select alternate set Backup corruption,V07-F017,infrastructure,missing,unverified,none,phase7,P7-D,,No backups (Ch 62),
DF-31,V7,K Failure Mode and Degraded Data State Matrix,180,Migration divergence Release Stop cohort and reconcile old and new state Migration rollback,V07-F017,infrastructure,partial,unverified,merged,phase0,P7-D,.github/workflows/ci.yml: C18 dual-path database history gate,Migration divergence detected in CI only; no cohort stop/rollback in production,
DF-32,V7,K Failure Mode and Degraded Data State Matrix,181,Disconnected sync conflict Deployment Preserve both histories and apply governed reconciliation Offline conflict drill,V07-F017,infrastructure,missing,unverified,none,phase7,P7-D,,No disconnected sync (Ch 69),
DCN-01,V7,"L Data Security, Privacy, and Residency Control Matrix",182,"Source authority before collection Source registry and connector admission Contract, rights, purpose, and approval",V07-F014,identity-policy,implemented,passed:harness,merged,phase1,done,"apps/api/migrations/0022 §2 (approval, rights, purposes); apps/api/test/int/phase1-acceptance.test.ts: A1",,
DCN-02,V7,"L Data Security, Privacy, and Residency Control Matrix",182,"Content quarantine Intake boundary Inspection, isolation, release authority",V07-F014,identity-policy,implemented,passed:harness,merged,phase1,done,apps/api/src/observation/quarantine/quarantine.service.ts; apps/api/test/int/phase1-acceptance.test.ts: A7,,
DCN-03,V7,"L Data Security, Privacy, and Residency Control Matrix",182,"Immutable raw preservation Evidence store Digest, version, custody, retention",V07-F014,identity-policy,implemented,passed:harness,merged,phase1,done,apps/api/migrations/0022 §6; apps/api/test/int/phase1-fault-injection.test.ts,,Retention is a label only
DCN-04,V7,"L Data Security, Privacy, and Residency Control Matrix",182,Canonical contract validation Producer and consumer boundary Schema and contract results,V07-F014,identity-policy,implemented,passed:harness,merged,phase0,done,apps/api/src/objects/objects.service.ts; test/acceptance/acceptance.test.ts: payload-validation failure records durable failure evidence,,Consumer-side contract validation absent
DCN-05,V7,"L Data Security, Privacy, and Residency Control Matrix",182,Tenant and domain scoping Every asset and request Cross-tenant negative tests,V07-F014,identity-policy,implemented,passed:harness,merged,phase0,done,apps/api/test/int/domain-isolation.test.ts; apps/api/test/int/phase1-acceptance.test.ts: A5; test/acceptance/acceptance.test.ts: AC-11,,
DCN-06,V7,"L Data Security, Privacy, and Residency Control Matrix",182,Temporal truth validation Canonical admission Bitemporal fixtures and clock quality,V07-F014,identity-policy,implemented,passed:harness,merged,phase0,done,apps/api/migrations/0006 temporal CHECKs; apps/api/test/int/phase1-acceptance.test.ts: A3; apps/api/test/int/phase5-twins.test.ts: E1,,Clock-quality fixtures absent
DCN-07,V7,"L Data Security, Privacy, and Residency Control Matrix",182,"Truth-state separation Object and graph admission Observed, inferred, assessed, synthetic tests",V07-F014,identity-policy,implemented,passed:harness,merged,phase0,done,apps/api/migrations/0006 synthetic_consistency; apps/api/migrations/0032; apps/api/test/int/phase5-twins.test.ts: E2,,
DCN-08,V7,"L Data Security, Privacy, and Residency Control Matrix",182,End-to-end lineage Every material transformation Closed input-output provenance,V07-F014,identity-policy,implemented,passed:harness,merged,phase2,done,apps/api/migrations/0023 claim_lineage; apps/api/migrations/0024 edge provenance; apps/api/migrations/0033 digests; apps/api/test/int/phase2-acceptance.test.ts: B1,,
DCN-09,V7,"L Data Security, Privacy, and Residency Control Matrix",182,"Correction propagation Lifecycle controller Impact, acknowledgement, and closure",V07-F014,identity-policy,partial,passed:harness,merged,phase3,P3,apps/api/migrations/0025-0027; apps/api/test/int/phase3-corrections.test.ts: G4,Impact and closure per graph case; acknowledgement by consumers absent; automatic consumer deferred,
DCN-10,V7,"L Data Security, Privacy, and Residency Control Matrix",182,"State-class enforcement Storage admission Authority, consistency, locality, recovery",V07-F014,identity-policy,missing,unverified,none,phase7,P7-D,,No state-class enforcement at storage admission,
DCN-11,V7,"L Data Security, Privacy, and Residency Control Matrix",182,"Derived-state rebuildability Index, cache, projection Source revision and rebuild evidence",V07-F014,identity-policy,implemented,passed:harness,merged,phase1,done,rebuild_projections ports; apps/api/test/int/phase1-acceptance.test.ts: A11,,Embeddings/caches excluded (none/series cache)
DCN-12,V7,"L Data Security, Privacy, and Residency Control Matrix",182,Service-owned writes Operational stores Cross-owner write denial,V07-F014,identity-policy,implemented,passed:harness,merged,phase0,done,apps/api/migrations/0009/0011 (no direct DML); apps/api/test/int/domain-isolation.test.ts: direct DML is gone,,
DCN-13,V7,"L Data Security, Privacy, and Residency Control Matrix",182,Messaging idempotency Producer and consumer Effect identity and replay reconciliation,V07-F014,identity-policy,implemented,passed:harness,merged,phase1,done,apps/api/migrations/0022 §5 attempt key; apps/api/src/objects/outbox.publisher.ts jobId; apps/api/test/int/phase1-fault-injection.test.ts: F39-F46,,
DCN-14,V7,"L Data Security, Privacy, and Residency Control Matrix",182,"Graph revision atomicity Knowledge Graph write boundary Constraint, provenance, and rollback",V07-F014,identity-policy,implemented,passed:harness,merged,phase3,done,apps/api/migrations/0024 §10; apps/api/test/int/phase3-corrections.test.ts: F2,,Rollback = refusal (no partial revision)
DCN-15,V7,"L Data Security, Privacy, and Residency Control Matrix",182,Memory permission enforcement Retrieval and archive Purpose-aware object filtering,V07-F014,identity-policy,implemented,passed:harness,merged,phase3,done,apps/api/src/graph/search/search.service.ts; apps/api/test/int/phase3-acceptance.test.ts: C4,,Archive absent
DCN-16,V7,"L Data Security, Privacy, and Residency Control Matrix",182,Twin branch isolation Twin and simulation boundary Observed versus synthetic separation,V07-F014,identity-policy,implemented,passed:harness,merged,phase5,done,apps/api/migrations/0032; apps/api/test/int/phase5-twins.test.ts: E3,,
DCN-17,V7,"L Data Security, Privacy, and Residency Control Matrix",182,"Purpose-aware access API, query, pipeline, agent, model Policy decision and obligation receipt",V07-F014,identity-policy,implemented,passed:harness,merged,phase0,done,apps/api/src/policy/pdp.service.ts; apps/api/migrations/0013 (decision + obligation receipt at commit); apps/api/test/int/gate22-operation-closure.test.ts: C1,,Agents/models reach data only through the same API ports
DCN-18,V7,"L Data Security, Privacy, and Residency Control Matrix",182,"Data minimization Collection, processing, context, telemetry Field and content minimization evidence",V07-F014,identity-policy,partial,passed:harness,merged,phase1,P7-D,apps/api/src/observation/connectors/redaction.ts; apps/api/src/shared/degraded-store.ts (never holds payloads); apps/api/test/int/phase1-hostile-input.test.ts: A10 redaction,Telemetry minimization only; no collection/context field minimization,
DCN-19,V7,"L Data Security, Privacy, and Residency Control Matrix",182,"Residency enforcement Placement, transfer, backup, support End-to-end locality proof",V07-F014,identity-policy,missing,unverified,none,phase7,P7-D,,No residency enforcement,
DCN-20,V7,"L Data Security, Privacy, and Residency Control Matrix",182,Encryption at rest Every protected state class Key binding and posture,V07-F014,identity-policy,missing,unverified,none,phase7,P7-D,,No encryption at rest (Postgres/filesystem unencrypted in the local profile),
DCN-21,V7,"L Data Security, Privacy, and Residency Control Matrix",182,Encryption in transit Every protected data path Protocol and certificate posture,V07-F014,identity-policy,partial,unverified,merged,phase1,P7-D,apps/api/src/observation/connectors/http-client.ts (TLS verified; plaintext contracts refused); docker-compose.yml (loopback only),Egress TLS only; API/DB/Redis paths are loopback plaintext in the local profile,
DCN-22,V7,"L Data Security, Privacy, and Residency Control Matrix",182,Tokenization and masking Declared protected uses Transformation and re-identification tests,V07-F014,identity-policy,missing,unverified,none,phase7,P7-D,,No tokenization/masking,
DCN-23,V7,"L Data Security, Privacy, and Residency Control Matrix",182,"Retention and legal hold Lifecycle boundary Timer, hold precedence, and evidence",V07-F014,identity-policy,missing,unverified,none,omission,P3,"apps/api/migrations/0022 retention_profile, legal_hold",No retention timer or hold precedence (labels only),
DCN-24,V7,"L Data Security, Privacy, and Residency Control Matrix",182,Verifiable deletion Canonical and derived stores Residual reference closure,V07-F014,identity-policy,partial,passed:harness,merged,phase1,P3,apps/api/migrations/0022 blob_tombstones; apps/api/test/int/phase6-scheduled-corrections.test.ts; apps/api/test/int/phase4-corrections-historical.test.ts: F2,Residual-reference closure across derived stores unverified,
DCN-25,V7,"L Data Security, Privacy, and Residency Control Matrix",182,Tamper-evident data audit Material access and change Integrity anchors and custody,V07-F014,identity-policy,implemented,passed:harness,merged,phase0,done,apps/api/migrations/0004; apps/api/src/audit/audit.service.ts; apps/api/test/int/gate22-audit-verify.test.ts: C10; apps/api/test/int/audit-chain.test.ts,,
DCN-26,V7,"L Data Security, Privacy, and Residency Control Matrix",182,"Data quality gates Pre-publication and serving Rule, threshold, exception, remediation",V07-F014,identity-policy,partial,passed:harness,merged,phase1,P1,apps/api/migrations/0022 schema drift quarantine; contract revalidation; apps/api/test/int/phase1-acceptance.test.ts: A1,Pre-publication rule/threshold gates beyond contract conformance absent,
DCN-27,V7,"L Data Security, Privacy, and Residency Control Matrix",182,Freshness and coverage warnings Products and executive surfaces Expiry and blind-spot propagation,V07-F014,identity-policy,implemented,passed:harness,merged,phase1,done,apps/api/src/observation/coverage; apps/web/app/observation/sources/[sourceId]/page.tsx; DEGRADED banner (PHASE4_REPORT.md §12.1); warnings with response windows (apps/api/migrations/0029 §7); apps/api/test/int/phase4-acceptance.test.ts: D6,,Executive briefings carry availability (branch-only)
DCN-28,V7,"L Data Security, Privacy, and Residency Control Matrix",182,"Data SLO enforcement User-visible data journeys Indicators, budgets, and action",V07-F014,identity-policy,missing,unverified,none,phase7,P7-D,,No data SLO enforcement,
DCN-29,V7,"L Data Security, Privacy, and Residency Control Matrix",182,Recovery verification Every durable state class Automated restore and reconciliation,V07-F014,identity-policy,missing,unverified,none,phase7,P7-D,,No recovery verification,
DCN-30,V7,"L Data Security, Privacy, and Residency Control Matrix",182,"Dependency-closed data release Build and promotion Contracts, schemas, code, policy, data, infrastructure",V07-F014,identity-policy,partial,unverified,merged,phase0,P7-D,".github/workflows/ci.yml: C16 target-resolved closure gate, Pinned-digest consistency; conformance.manifest.json",Contracts/schemas/code/infrastructure resolved; policy bundle version and data not part of one release identity,
DCN-31,V7,"L Data Security, Privacy, and Residency Control Matrix",182,"Deployment parity SaaS, Private Cloud, On-Premise Common semantic fixtures",V07-F014,identity-policy,missing,unverified,none,phase7,P7-D,,Single profile (EXC-P0-004),
DCN-32,V7,"L Data Security, Privacy, and Residency Control Matrix",182,"Human authority for material adjudication Stewardship, exceptions, incidents Authenticated approval and rationale",V07-F014,identity-policy,implemented,passed:harness,merged,phase1,done,apps/api/migrations/0022 second-operator quarantine review with reason; apps/api/migrations/0023 review decisions; apps/api/migrations/0042 approvals human_gate; apps/api/test/int/phase6-approvals.test.ts: the PEP discharges the human gate,,Incidents reconciled under a recovery capability (C9); exception acceptance is documentary
LR-01,V7,"M Lifecycle, Retention, Deletion, and Recovery Matrix",183,Source contracts Policy history retained Hours Versioned registry Contract and revocation recovery,V07-F017,infrastructure,partial,unverified,merged,phase1,P7-D,apps/api/migrations/0022 source_contract_events (versioned history retained),History retained in the primary DB only; no recovery set,
LR-02,V7,"M Lifecycle, Retention, Deletion, and Recovery Matrix",183,Raw evidence No acknowledged loss where required Hours Immutable replicated objects Digest restore,V07-F017,infrastructure,missing,unverified,none,phase7,P7-D,FULL_PRODUCT_DELIVERY_REGISTER.md §7,No backup/restore exists for this unit; RPO/RTO undeclared (Ch 62),
LR-03,V7,"M Lifecycle, Retention, Deletion, and Recovery Matrix",183,Canonical objects Last committed version Minutes to hours Transactional history Point-in-time restore,V07-F017,infrastructure,partial,unverified,merged,phase0,P7-D,apps/api/migrations/0006 append-only versions,Transactional history exists; no point-in-time restore,
LR-04,V7,"M Lifecycle, Retention, Deletion, and Recovery Matrix",183,Data contracts and schemas No released identity loss Minutes Signed registry copies Registry recovery,V07-F017,infrastructure,missing,unverified,none,phase7,P7-D,FULL_PRODUCT_DELIVERY_REGISTER.md §7,No backup/restore exists for this unit; RPO/RTO undeclared (Ch 62),
LR-05,V7,"M Lifecycle, Retention, Deletion, and Recovery Matrix",183,Lineage and custody No material committed loss Hours Protected event log Closure reconstruction,V07-F017,infrastructure,partial,unverified,merged,phase1,P7-D,apps/api/migrations/0022 custody_events; apps/api/migrations/0023 claim_lineage (append-only),Protected event logs exist; no closure reconstruction from a restore,
LR-06,V7,"M Lifecycle, Retention, Deletion, and Recovery Matrix",183,Lakehouse metadata Last committed snapshot Hours Transaction log and manifests Snapshot restore,V07-F017,infrastructure,missing,unverified,none,phase7,P7-D,FULL_PRODUCT_DELIVERY_REGISTER.md §7,No backup/restore exists for this unit; RPO/RTO undeclared (Ch 62),
LR-07,V7,"M Lifecycle, Retention, Deletion, and Recovery Matrix",183,Analytical data files Contract-specific Hours to days Replicated objects and manifests Partition restore,V07-F017,infrastructure,missing,unverified,none,phase7,P7-D,FULL_PRODUCT_DELIVERY_REGISTER.md §7,No backup/restore exists for this unit; RPO/RTO undeclared (Ch 62),
LR-08,V7,"M Lifecycle, Retention, Deletion, and Recovery Matrix",183,Operational databases Seconds to hours Minutes to hours Logs and snapshots Point-in-time restore,V07-F017,infrastructure,missing,unverified,none,phase7,P7-D,FULL_PRODUCT_DELIVERY_REGISTER.md §7,No backup/restore exists for this unit; RPO/RTO undeclared (Ch 62),
LR-09,V7,"M Lifecycle, Retention, Deletion, and Recovery Matrix",183,Event streams Committed offset Minutes to hours Replicated logs Broker replay,V07-F017,infrastructure,missing,unverified,none,phase7,P7-D,FULL_PRODUCT_DELIVERY_REGISTER.md §7,No backup/restore exists for this unit; RPO/RTO undeclared (Ch 62),
LR-10,V7,"M Lifecycle, Retention, Deletion, and Recovery Matrix",183,Pipeline checkpoints Last compatible boundary Minutes Checkpoint store Resume and reconcile,V07-F017,infrastructure,partial,passed:harness,merged,phase1,P7-D,apps/api/migrations/0022 checkpoint_events; apps/api/test/int/phase1-fault-injection.test.ts: F28-F30,Resume from checkpoint proven; checkpoint store is the primary DB,
LR-11,V7,"M Lifecycle, Retention, Deletion, and Recovery Matrix",183,Knowledge Graph Declared revision Hours Revision log and snapshots Graph replay,V07-F017,infrastructure,partial,passed:harness,merged,phase3,P7-D,apps/api/migrations/0024 event logs + graph.rebuild_projections; apps/api/test/int/phase3-acceptance.test.ts: C7,Replay from log proven; no snapshot/restore,
LR-12,V7,"M Lifecycle, Retention, Deletion, and Recovery Matrix",183,Enterprise Memory Declared object revision Hours Canonical objects and policy state Temporal restore,V07-F017,infrastructure,missing,unverified,none,phase7,P7-D,FULL_PRODUCT_DELIVERY_REGISTER.md §7,No backup/restore exists for this unit; RPO/RTO undeclared (Ch 62),
LR-13,V7,"M Lifecycle, Retention, Deletion, and Recovery Matrix",183,Search indexes Rebuildable Hours to days Canonical sources and definitions Deterministic rebuild,V07-F017,infrastructure,partial,unverified,merged,phase3,P3,apps/api/src/graph/search/search.service.ts,No index (search reads canonical relations) — nothing to rebuild,
LR-14,V7,"M Lifecycle, Retention, Deletion, and Recovery Matrix",183,Vector indexes Rebuildable Hours to days Source snapshots and model revision Embedding rebuild,V07-F017,infrastructure,missing,unverified,none,phase7,P7-D,FULL_PRODUCT_DELIVERY_REGISTER.md §7,No backup/restore exists for this unit; RPO/RTO undeclared (Ch 62),
LR-15,V7,"M Lifecycle, Retention, Deletion, and Recovery Matrix",183,"Digital Twins Last consistent snapshot Hours Snapshots, events, model bindings Twin reconciliation",V07-F017,infrastructure,partial,passed:harness,merged,phase5,P7-D,apps/api/migrations/0032-0034; apps/api/test/int/phase5-propagation.test.ts: E3 reconciliation,Reconciliation exists; no snapshot restore,
LR-16,V7,"M Lifecycle, Retention, Deletion, and Recovery Matrix",183,Strategic packages No committed decision loss Hours Canonical records and evidence Decision-path recovery,V07-F017,infrastructure,partial,passed:harness,branch-only,phase6,P7-D,apps/api/migrations/0041-0045 (append-only decision records); apps/api/test/int/phase6-replay.test.ts,Decision path recoverable from records in the primary DB only; branch-only,
LR-17,V7,"M Lifecycle, Retention, Deletion, and Recovery Matrix",183,Feature data Point-in-time contract Hours Source snapshots and feature code Feature rebuild,V07-F017,infrastructure,missing,unverified,none,phase7,P7-D,FULL_PRODUCT_DELIVERY_REGISTER.md §7,No backup/restore exists for this unit; RPO/RTO undeclared (Ch 62),
LR-18,V7,"M Lifecycle, Retention, Deletion, and Recovery Matrix",183,AI datasets Released dataset snapshot Hours to days Immutable manifests and objects Dataset reconstruction,V07-F017,infrastructure,missing,unverified,none,phase7,P7-D,FULL_PRODUCT_DELIVERY_REGISTER.md §7,No backup/restore exists for this unit; RPO/RTO undeclared (Ch 62),
LR-19,V7,"M Lifecycle, Retention, Deletion, and Recovery Matrix",183,Policy and classification Last approved revision Minutes Signed bundles and registry Fail-closed restore,V07-F017,infrastructure,partial,unverified,merged,phase0,P7-D,apps/api/migrations/0003 policy_bundles (digest recorded); apps/api/src/policy/pdp.service.ts fail-closed,Bundle is code-defined; no signed bundle registry restore,
LR-20,V7,"M Lifecycle, Retention, Deletion, and Recovery Matrix",183,Retention and legal holds No active hold loss Hours Protected lifecycle registry Hold reconciliation,V07-F017,infrastructure,missing,unverified,none,phase7,P7-D,FULL_PRODUCT_DELIVERY_REGISTER.md §7,No backup/restore exists for this unit; RPO/RTO undeclared (Ch 62),
LR-21,V7,"M Lifecycle, Retention, Deletion, and Recovery Matrix",183,Data audit No committed audit loss Hours Immutable independent copies Integrity verification,V07-F017,infrastructure,partial,unverified,merged,phase0,P7-D,apps/api/migrations/0004 audit_seals; apps/api/src/audit/audit.service.ts verify,Integrity verification exists; no independent copy (EXC-P0-001),
LR-22,V7,"M Lifecycle, Retention, Deletion, and Recovery Matrix",183,"Data quality evidence Bounded observations Hours Rules, results, and exceptions Scorecard recovery",V07-F017,infrastructure,partial,passed:harness,merged,phase1,P7-D,apps/api/migrations/0022 coverage_measurements (stored evaluation instants); apps/api/test/int/phase1-acceptance.test.ts: health replay is deterministic,Scorecard replay from stored measurements proven; no recovery set,
LR-23,V7,"M Lifecycle, Retention, Deletion, and Recovery Matrix",183,Customer exports Published package retained by policy Hours Signed manifest and object set Package verification,V07-F017,infrastructure,missing,unverified,none,phase7,P7-D,FULL_PRODUCT_DELIVERY_REGISTER.md §7,No backup/restore exists for this unit; RPO/RTO undeclared (Ch 62),
LR-24,V7,"M Lifecycle, Retention, Deletion, and Recovery Matrix",183,Air-gapped deployment Local policy objective Hours to days Signed offline recovery media No-network recovery,V07-F017,infrastructure,missing,unverified,none,phase7,P7-D,FULL_PRODUCT_DELIVERY_REGISTER.md §7,No backup/restore exists for this unit; RPO/RTO undeclared (Ch 62),
V07-T-001,V7,E Canonical Intelligence Object Field Dictionary,170,"The canonical object header travels with every material intelligence object. Specialized payloads may add fields but cannot remove or redefine required identity, time, truth, provenance, policy, quality, correction, and lifecycle semantics.",V07-F005,data-platform,implemented,passed:harness,merged,phase0,done,"packages/contracts/src/header.ts (43 fields, one-to-one with Appendix E); apps/api/migrations/0006_objects.sql; apps/api/src/objects/objects.service.ts (round-trip digest); test/acceptance/acceptance.test.ts: AC-6/AC-7",,Tracking id assigned: appendix has no identifier; 43 dictionary fields match the header exactly
V07-T-002,V7,H Data Asset Manifest Field Dictionary,174,"The data asset manifest binds each governed dataset, stream, object family, graph, index, feature, product, exchange, or evidence collection to exact authority, semantics, state, policy, quality, lifecycle, recovery, deployment, and evidence.",V07-F014,data-platform,missing,unverified,none,phase7,P7-D,,No data asset manifest exists; source contracts (SRC) cover sources only. Define the manifest (asset_id … evidence_refs) and register every schema/table/queue/vault as an asset,Tracking id assigned: appendix has no identifier
V07-T-003,V7,I Data Pipeline Manifest Field Dictionary,176,"The data pipeline manifest binds every batch, stream, CDC, exchange, migration, and lifecycle execution to exact inputs, outputs, artifacts, policies, checkpoints, failure behavior, release, and evidence.",V07-F018,data-platform,partial,passed:harness,merged,phase1,P7-D,"apps/api/migrations/0022 (collection runs record agent, connector version, code digest, contract version, budgets, checkpoints); apps/api/migrations/0023 extraction runs; apps/api/migrations/0033 runs (implementation/environment digests)","Run records carry identity/version/inputs/checkpoints/terminal state for collection, extraction and simulation; no pipeline manifest with late-data policy, compensation, rollback target, SLO profile or approval state",Tracking id assigned: appendix has no identifier
V07-T-004,V7,P Baseline closure,194,"Volume 7 closes when every production data capability can identify its authority, source contracts, accountable owners, canonical objects, identities, time semantics, truth states, provenance, corrections, contracts, schemas, ontologies, state tiers, pipelines, products, consumers, policies, quality, service levels, failure states, degraded modes, retention, deletion, recovery, deployment profile…",V07-F019,governance-docs,partial,unverified,merged,phase0,P7-D,FULL_PRODUCT_DELIVERY_REGISTER.md; audit/requirements/v07.csv (this register),"Closure requires the missing chapters (11,13,15,26,31,34,41,44,48,60,62 and deployment parity) and the partial ones to reach implemented+verified; no closure claim is possible",Tracking id assigned: closure statement has no identifier
V07-T-005,V7,A Data Platform Component Catalog (Component conformance rules),166,"Authority precedes technology: A product, database, framework, managed service, or internal implementation becomes conformant only through a stable DAT component identity and approved manifest. Ownership remains singular. Data state is explicit. Semantics survive substitution. Evidence follows release.",V07-F001,governance-docs,partial,unverified,merged,phase0,P7-D,DECISIONS.md ADR-P0-02/03 (CP-* component namespace); apps/api/migrations (owning_component); rebuild_projections ports; conformance.manifest.json,No DAT component identities or approved component manifests; the CP-* namespace of Phase 0 is not mapped to the 104 DAT identities; state classes are not declared,Tracking id assigned: the rules block has no identifier
V07-T-006,V7,K Failure Mode and Degraded Data State Matrix (Degraded-data command rules),181,"Declare before serving; Protect strategic meaning; Constrain propagation; Preserve evidence; Exit through proof. Availability is never manufactured by hiding data degradation. When the safe interpretation is uncertain, The Eye selects the more restrictive consequence class, exposes the limitation, and restores service through verified state.",V07-F017,infrastructure,partial,passed:harness,merged,phase0,P7-D,apps/api/src/shared/degraded-store.ts; apps/api/migrations/0020 (exit through governed reconciliation); apps/api/src/health/health.controller.ts; apps/api/src/prediction/controls.ts (warnings fold fail-closed); test/int/gate22-degraded-recovery.test.ts: C9; PHASE4_REPORT.md §12.1 DEGRADED banner,"Degraded modes exist for audit availability, evidence integrity, scheduler readiness and warnings; no declared-mode registry naming trigger/authority/affected consumers/maximum duration for other data classes",Tracking id assigned: the rules block has no identifier
