id,volume,chapter,page,clause,family_seed,capability_area,impl_status,verif_status,release_status,phase_origin,package,evidence,remaining_work,notes,source_ref,evidence_scope
PR-01-001,V8,"1 Product Authority, Scope, and Decision Rights",11,"The Eye SHALL provide a governed, role-appropriate capability through which authorized users can establish the controlled product baseline, assign singular decision rights, and resolve scope or authority conflicts before implementation.",V08-F001,governance-docs,missing,unverified,none,omission,P7-F,,"Build a product baseline registry: capability inventory, decision-rights/authority matrix, signed baseline decision record, conflict hold-and-route; authority today lives only in prose (PROGRESS.md 'Document authority model', FULL_PRODUCT_DELIVERY_REGISTER.md)",CAP-AU-01..03; C-001/003/004/051/052; never scheduled in docs/the-eye-master-build-prompt.md; verification class in source: Control + accountable,v08.txt:page 11:L326-L364,
PR-01-002,V8,"1 Product Authority, Scope, and Decision Rights",11,"The product SHALL persist, expose, version, and reconcile baseline identity, capability scope, accountable owner, authority class, controlling volume, decision record, exception, effective time, and supersession; identity, owner, effective time, status, provenance, and policy SHALL remain explicit.",V08-F001,governance-docs,missing,unverified,none,omission,P7-F,,"No persisted state for this chapter; build the object model with identity, owner, effective time, status, provenance and policy together with the capability in PR-01-001",verification class in source: Control + accountable,v08.txt:page 11:L336-L364,
PR-01-003,V8,"1 Product Authority, Scope, and Decision Rights",11,"The product SHALL enforce this human-authority boundary: AI and automation may prepare evidence and proposals; only the recorded human authority may approve product meaning, consequential scope, or institutional commitment.",V08-F001,governance-docs,missing,unverified,none,omission,P7-F,,"No capability exists to gate; when built, the boundary 'AI and automation may prepare evidence and proposals; only the recorded human authority may approve product meaning, consequential scope, or institutional commi' must be a PDP rule with named eligible authority, digest and audit",verification class in source: Control + accountable,v08.txt:page 11:L347-L364,
PR-01-004,V8,"1 Product Authority, Scope, and Decision Rights",11,"SaaS, Private Cloud, and On-Premise SHALL preserve identical outcome, object, human-authority, explanation, correction, export, replay, and failure semantics; operational variance SHALL be declared.",V08-F001,governance-docs,missing,unverified,none,omission,P7-D,,"Capability absent, so parity cannot be declared; when built, add the chapter's golden journey to the cross-profile conformance suite (ch. 65)",ADR-020; PAR catalog,v08.txt:page 11:L357-L364,
PR-01-005,V8,"1 Product Authority, Scope, and Decision Rights",12,"When a capability, requirement, owner, or decision cannot resolve to an approved authority, the product SHALL hold admission or release, preserve the disputed state, expose affected scope, and route the conflict through the recorded authority chain; it SHALL NOT represent unavailable, stale, unapproved, unsupported, or incomplete state as current and complete.",V08-F001,governance-docs,missing,unverified,none,omission,P7-F,,"No continuity path exists for 'a capability, requirement, owner, or decision cannot resolve to an approved authority'; build hold/expose/route behaviour with the capability",verification class in source: Journey + fault test,v08.txt:page 12:L370-L425,
PR-01-006,V8,"1 Product Authority, Scope, and Decision Rights",12,"Acceptance SHALL demonstrate a complete capability inventory, authority matrix, signed baseline decision record, conflict tests, and release evidence for the exact capability version, journey, role, tenant or domain, deployment, entitlement, data and model versions, configuration, consequence class, and period.",V08-F001,governance-docs,missing,unverified,none,omission,P7-F,,No capability and no acceptance evidence; AT-01 cannot start,AT-01,v08.txt:page 12:L381-L425,
PR-02-001,V8,2 Product Principles and User Value Contract,13,"The Eye SHALL provide a governed, role-appropriate capability through which authorized users can operate the closed strategic loop from observation through learning without collapsing The Eye into a chatbot, dashboard, BI platform, copilot, or reporting tool.",V08-F001,executive-os,partial,passed:harness,branch-only,phase6,P7-B,apps/api/src/decision/monitoring/monitoring.service.ts; apps/api/test/int/phase6-monitoring.test.ts: closure records the lessons as text on the outcomes; apps/api/test/int/phase6-replay.test.ts; PHASE6_REPORT.md §7.1 (Act VI),Learning stage is free text at closure; no governed lesson -> change proposal -> evaluation -> approval loop (P7-B); MET-001 loop-closure rate not computed; observe->learn loop proven only on the demo tenant,C-002; ADR-002 (not a chatbot/dashboard) holds by construction: no chat surface exists; verification class in source: End-to-end product,v08.txt:page 13:L455-L485,branch+test
PR-02-002,V8,2 Product Principles and User Value Contract,13,"The product SHALL persist, expose, version, and reconcile mission stage, user objective, work object, evidence state, uncertainty, recommendation, human decision, outcome, and learning disposition; identity, owner, effective time, status, provenance, and policy SHALL remain explicit.",V08-F001,executive-os,partial,passed:harness,branch-only,phase6,P7-B,"apps/api/migrations/0006_objects.sql (identity, owner, times, status, provenance, policy on every canonical object); apps/api/src/decision/monitoring/monitoring.service.ts; apps/api/test/int/phase6-monitoring.test.ts: closure records the lessons as text on the outcomes; apps/api/test/int/phase6-replay.test.ts; PHASE6_REPORT.md §7.1 (Act VI)",No stored 'principle conformance' or user-value state; mission stages are implicit in module lifecycles,verification class in source: Control + accountable,v08.txt:page 13:L466-L485,branch+main+test
PR-02-003,V8,2 Product Principles and User Value Contract,13,"The product SHALL enforce this human-authority boundary: the product shall improve human understanding and decision quality while preserving uncertainty, dissent, accountability, and the user's final authority.",V08-F001,executive-os,partial,passed:harness,merged,phase6,P7-B,apps/api/src/policy/pdp.service.ts; apps/api/test/unit/pdp.test.ts; apps/api/test/int/gate22-authority-matrix.test.ts: no port succeeds on a role outside its grantee set,"The boundary 'the product shall improve human understanding and decision quality while preserving uncertainty, dissent, accountability, and the user's final authority' is only approximated by coarse PDP roles; no named eligible authority, digest, expiry or separation record for this chapter's transi",verification class in source: Control + accountable | release_status branch-only → merged from the evidence at 2e83945,v08.txt:page 13:L477-L485,main+test
PR-02-004,V8,2 Product Principles and User Value Contract,14,"SaaS, Private Cloud, and On-Premise SHALL preserve identical outcome, object, human-authority, explanation, correction, export, replay, and failure semantics; operational variance SHALL be declared.",V08-F001,infrastructure,partial,unverified,branch-only,phase7,P7-D,docker-compose.yml (one local profile); infra/images/candidates/*.Dockerfile; .github/workflows/ci.yml: build-test,"One local Docker Compose profile only; no SaaS/Private Cloud/On-Premise deployment profiles, no golden-journey semantic diff across them, no declared operational variance (ch. 65, MET-035)",ADR-020; C-042; semantics are profile-independent by construction (single code path) but unproven,v08.txt:page 14:L491-L557,branch+main+test
PR-02-005,V8,2 Product Principles and User Value Contract,14,"When a workflow optimizes engagement, speed, or automation at the expense of truth, explanation, control, or strategic completeness, the product SHALL constrain the workflow, expose the violated principle, preserve user work, and require accountable product adjudication; it SHALL NOT represent unavailable, stale, unapproved, unsupported, or incomplete state as current and complete.",V08-F001,executive-os,partial,passed:harness,merged,phase6,P7-B,"apps/web/components/ui.tsx (DegradedBanner, ErrorNote, TruthBadge, LifecycleBadge); apps/api/src/shared/degraded-store.ts; apps/api/test/int/phase1-fault-injection.test.ts","The condition 'a workflow optimizes engagement, speed, or automation at the expense of truth, explanation, control, or strategic completeness' has no declared continuity contract: behaviour is fail-closed refusal plus the degraded banner; no hold/expose-affected-scope/route-to-authority path specifi",Truth/lifecycle/degraded labelling exists generically; verification class in source: Journey + fault test | release_status branch-only → merged from the evidence at 2e83945,v08.txt:page 14:L500-L557,main+test
PR-02-006,V8,2 Product Principles and User Value Contract,14,"Acceptance SHALL demonstrate journey tests across all six mission stages, user-value evidence, principle conformance review, and customer authority acceptance for the exact capability version, journey, role, tenant or domain, deployment, entitlement, data and model versions, configuration, consequence class, and period.",V08-F001,executive-os,partial,unverified,branch-only,phase6,P7-B,apps/api/src/decision/monitoring/monitoring.service.ts; apps/api/test/int/phase6-monitoring.test.ts: closure records the lessons as text on the outcomes; apps/api/test/int/phase6-replay.test.ts; PHASE6_REPORT.md §7.1 (Act VI),"No scope-specific acceptance record binding capability version, journey, role, tenant/domain, deployment, entitlement, data/model versions, configuration, consequence class and period; no independent assurance or customer attestation (ADR-023); existing evidence is phase harness/browser/CI",AT-02; verification class in source: Control + accountable,v08.txt:page 14:L511-L557,branch+test
PR-03-001,V8,"3 Customers, Tenants, and Operating Contexts",15,"The Eye SHALL provide a governed, role-appropriate capability through which authorized users can configure governed customer domains and operating contexts without forking the universal product core or leaking state across tenants.",V08-F001,identity-policy,partial,passed:harness,merged,phase0,P7-D,apps/api/src/tenancy/tenancy.service.ts (residency_profile); apps/api/migrations/0002_identity_tenancy.sql (RLS); apps/api/test/int/domain-isolation.test.ts: tenant context cannot COUNT other-tenant rows; e2e/phase0.spec.ts: 4. cross-tenant access denied without metadata leakage,"No jurisdiction, purpose-of-use, specialization-package or deployment fields on the tenant; residency is a stored label without enforcement; no customer operating-context journey (JRN-01)",CAP-AU-04; C-006/007/037/040/041/042; verification class in source: Control + accountable,v08.txt:page 15:L586-L624,main+test
PR-03-002,V8,"3 Customers, Tenants, and Operating Contexts",15,"The product SHALL persist, expose, version, and reconcile customer, tenant, domain, organization, jurisdiction, deployment, data authority, operating context, specialization package, policy set, and lifecycle; identity, owner, effective time, status, provenance, and policy SHALL remain explicit.",V08-F001,identity-policy,partial,passed:harness,merged,phase0,P7-D,"apps/api/migrations/0006_objects.sql (identity, owner, times, status, provenance, policy on every canonical object); apps/api/src/tenancy/tenancy.service.ts (residency_profile); apps/api/migrations/0002_identity_tenancy.sql (RLS); apps/api/test/int/domain-isolation.test.ts: tenant context cannot COUNT other-tenant rows; e2e/phase0.spec.ts: 4. cross-tenant access denied without metadata leakage","Tenant carries id, name, residency_profile only; domain carries id/name; no jurisdiction, obligations, specialization or context versioning",verification class in source: Control + accountable,v08.txt:page 15:L596-L624,main+test
PR-03-003,V8,"3 Customers, Tenants, and Operating Contexts",15,The product SHALL enforce this human-authority boundary: each customer controls its data and authorized operating context; platform operators cannot silently assume customer business authority or broaden purpose.,V08-F001,identity-policy,partial,passed:harness,merged,phase0,P7-D,apps/api/src/policy/pdp.service.ts; apps/api/test/unit/pdp.test.ts; apps/api/test/int/gate22-authority-matrix.test.ts: no port succeeds on a role outside its grantee set,"The boundary 'each customer controls its data and authorized operating context; platform operators cannot silently assume customer business authority or broaden purpose' is only approximated by coarse PDP roles; no named eligible authority, digest, expiry or separation record for this chapter's tran",verification class in source: Control + accountable,v08.txt:page 15:L607-L624,main+test
PR-03-004,V8,"3 Customers, Tenants, and Operating Contexts",15,"SaaS, Private Cloud, and On-Premise SHALL preserve identical outcome, object, human-authority, explanation, correction, export, replay, and failure semantics; operational variance SHALL be declared.",V08-F001,infrastructure,partial,unverified,branch-only,phase7,P7-D,docker-compose.yml (one local profile); infra/images/candidates/*.Dockerfile; .github/workflows/ci.yml: build-test,"One local Docker Compose profile only; no SaaS/Private Cloud/On-Premise deployment profiles, no golden-journey semantic diff across them, no declared operational variance (ch. 65, MET-035)",ADR-020; C-042; semantics are profile-independent by construction (single code path) but unproven | release_status merged → branch-only from the evidence at 2e83945,v08.txt:page 15:L617-L624,branch+main+test
PR-03-005,V8,"3 Customers, Tenants, and Operating Contexts",16,"When tenant, domain, jurisdiction, ownership, or purpose is ambiguous or conflicts with an active context, the product SHALL deny cross-boundary use, retain the last valid context, make scope visibly indeterminate, and require customer-authority resolution; it SHALL NOT represent unavailable, stale, unapproved, unsupported, or incomplete state as current and complete.",V08-F001,identity-policy,partial,passed:harness,merged,phase0,P7-D,"apps/web/components/ui.tsx (DegradedBanner, ErrorNote, TruthBadge, LifecycleBadge); apps/api/src/shared/degraded-store.ts; apps/api/test/int/phase1-fault-injection.test.ts","The condition 'tenant, domain, jurisdiction, ownership, or purpose is ambiguous or conflicts with an active context' has no declared continuity contract: behaviour is fail-closed refusal plus the degraded banner; no hold/expose-affected-scope/route-to-authority path specific to this chapter",Truth/lifecycle/degraded labelling exists generically; verification class in source: Journey + fault test,v08.txt:page 16:L630-L685,main+test
PR-03-006,V8,"3 Customers, Tenants, and Operating Contexts",16,"Acceptance SHALL demonstrate tenant-isolation tests, domain fixtures, jurisdiction and purpose checks, specialization compatibility tests, and customer acceptance for the exact capability version, journey, role, tenant or domain, deployment, entitlement, data and model versions, configuration, consequence class, and period.",V08-F001,identity-policy,partial,unverified,merged,phase0,P7-D,apps/api/src/tenancy/tenancy.service.ts (residency_profile); apps/api/migrations/0002_identity_tenancy.sql (RLS); apps/api/test/int/domain-isolation.test.ts: tenant context cannot COUNT other-tenant rows; e2e/phase0.spec.ts: 4. cross-tenant access denied without metadata leakage,"No scope-specific acceptance record binding capability version, journey, role, tenant/domain, deployment, entitlement, data/model versions, configuration, consequence class and period; no independent assurance or customer attestation (ADR-023); existing evidence is phase harness/browser/CI",AT-03; verification class in source: Control + accountable,v08.txt:page 16:L641-L685,main+test
PR-04-001,V8,"4 Roles, Personas, and Human Authority Model",17,"The Eye SHALL provide a governed, role-appropriate capability through which authorized users can receive role-appropriate information, actions, explanations, and escalation paths while separation of duties and human decision sovereignty remain enforceable.",V08-F001,identity-policy,partial,passed:harness,branch-only,phase0,P7-D,apps/api/migrations/0002_identity_tenancy.sql: identity.roles (13 codes); apps/api/src/policy/pdp.service.ts; apps/api/test/int/phase6-approvals.test.ts: the PEP discharges the human gate BEFORE any port; refuses ... self-approval by the author; apps/api/test/int/phase1-acceptance.test.ts: the REGISTRAR MAY NEVER APPROVE their own registration,"No persona registry (24 PER), no delegation/recusal/recertification, no explicit authority class per transition beyond coded PDP rules; role-appropriate explanation and escalation paths not modelled","Phase 6 roles (decision_owner/approver/authority, executive) are branch-only; CAP-AU-05; C-004/028/029/036/048/050; verification class in source: Control + accountable | release_status merged → branch-only from the evidence at 2e83945",v08.txt:page 17:L715-L744,branch+main+test
PR-04-002,V8,"4 Roles, Personas, and Human Authority Model",17,"The product SHALL persist, expose, version, and reconcile persona, role, authority grant, purpose, scope, task, approval class, delegation, recusal, session, and audit attribution; identity, owner, effective time, status, provenance, and policy SHALL remain explicit.",V08-F001,identity-policy,partial,passed:harness,branch-only,phase0,P7-D,"apps/api/migrations/0006_objects.sql (identity, owner, times, status, provenance, policy on every canonical object); apps/api/migrations/0002_identity_tenancy.sql: identity.roles (13 codes); apps/api/src/policy/pdp.service.ts; apps/api/test/int/phase6-approvals.test.ts: the PEP discharges the human gate BEFORE any port; refuses ... self-approval by the author; apps/api/test/int/phase1-acceptance.test.ts: the REGISTRAR MAY NEVER APPROVE their own registration","Roles and bindings persisted; no persona, authority-class, delegation or separation-of-duty records",verification class in source: Control + accountable | release_status merged → branch-only from the evidence at 2e83945,v08.txt:page 17:L726-L744,branch+main+test
PR-04-003,V8,"4 Roles, Personas, and Human Authority Model",17,The product SHALL enforce this human-authority boundary: roles may shape access and workflow but may not transfer or infer consequential authority; approvals require an authenticated eligible person and exact decision digest.,V08-F001,identity-policy,implemented,passed:harness,branch-only,phase0,P7-D,"apps/api/test/int/phase6-approvals.test.ts: the human gate at the PEP: a non-human principal holding decision_authority is refused before any port; apps/api/test/int/phase6-agents.test.ts: approve, dissent and commit are refused at the PDP with no grant","The boundary holds for decisions; it is not expressed as a reusable rule for every consequential transition named by Volume 8 (publication, source approval, merges) — each module codes its own",verification class in source: Control + accountable | release_status merged → branch-only from the evidence at 2e83945,v08.txt:page 17:L736-L744,branch+test
PR-04-004,V8,"4 Roles, Personas, and Human Authority Model",18,"SaaS, Private Cloud, and On-Premise SHALL preserve identical outcome, object, human-authority, explanation, correction, export, replay, and failure semantics; operational variance SHALL be declared.",V08-F001,infrastructure,partial,unverified,branch-only,phase7,P7-D,docker-compose.yml (one local profile); infra/images/candidates/*.Dockerfile; .github/workflows/ci.yml: build-test,"One local Docker Compose profile only; no SaaS/Private Cloud/On-Premise deployment profiles, no golden-journey semantic diff across them, no declared operational variance (ch. 65, MET-035)",ADR-020; C-042; semantics are profile-independent by construction (single code path) but unproven | release_status merged → branch-only from the evidence at 2e83945,v08.txt:page 18:L750-L815,branch+main+test
PR-04-005,V8,"4 Roles, Personas, and Human Authority Model",18,"When a user is ineligible, conflicted, unavailable, delegated outside policy, or cannot understand the decision package, the product SHALL block the consequential transition, preserve draft work, expose the missing authority, and escalate without substituting automation; it SHALL NOT represent unavailable, stale, unapproved, unsupported, or incomplete state as current and complete.",V08-F001,identity-policy,partial,passed:harness,merged,phase0,P7-D,"apps/web/components/ui.tsx (DegradedBanner, ErrorNote, TruthBadge, LifecycleBadge); apps/api/src/shared/degraded-store.ts; apps/api/test/int/phase1-fault-injection.test.ts","The condition 'a user is ineligible, conflicted, unavailable, delegated outside policy, or cannot understand the decision package' has no declared continuity contract: behaviour is fail-closed refusal plus the degraded banner; no hold/expose-affected-scope/route-to-authority path specific to this ch",Truth/lifecycle/degraded labelling exists generically; verification class in source: Journey + fault test,v08.txt:page 18:L759-L815,main+test
PR-04-006,V8,"4 Roles, Personas, and Human Authority Model",18,"Acceptance SHALL demonstrate role and separation-of-duty tests, delegated-authority expiry, recusal scenarios, approval digest verification, and accessibility evidence for the exact capability version, journey, role, tenant or domain, deployment, entitlement, data and model versions, configuration, consequence class, and period.",V08-F001,identity-policy,partial,unverified,branch-only,phase0,P7-D,apps/api/migrations/0002_identity_tenancy.sql: identity.roles (13 codes); apps/api/src/policy/pdp.service.ts; apps/api/test/int/phase6-approvals.test.ts: the PEP discharges the human gate BEFORE any port; refuses ... self-approval by the author; apps/api/test/int/phase1-acceptance.test.ts: the REGISTRAR MAY NEVER APPROVE their own registration,"No scope-specific acceptance record binding capability version, journey, role, tenant/domain, deployment, entitlement, data/model versions, configuration, consequence class and period; no independent assurance or customer attestation (ADR-023); existing evidence is phase harness/browser/CI",AT-04; verification class in source: Control + accountable | release_status merged → branch-only from the evidence at 2e83945,v08.txt:page 18:L770-L815,branch+main+test
PR-05-001,V8,5 Information Architecture and Workspace System,19,"The Eye SHALL provide a governed, role-appropriate capability through which authorized users can move through a coherent system of workspaces, work objects, queues, investigations, strategic packages, and actions without losing context or authority.",V08-F001,ux,partial,passed:browser,merged,phase0,P7-E,apps/web/app/layout.tsx; apps/web/app/observation/evidence/[evdId]/page.tsx (deep link); e2e/phase0.spec.ts; e2e/phase1-observation.spec.ts: 13. a denied view discloses nothing about another domain,"No global operating-context bar (tenant/domain/role/objective/geography/horizon/scenario/classification), no work queues, no workspace registry for the 20 WS, no deterministic return path on workspace switch, no stale-projection watermark on every projection","Phase 6 pages (decisions, briefings) are branch-only; CAP-AU-06; WS-01..20; verification class in source: Control + accountable | UNRESOLVED pointer(s) at 2e83945: apps/web/app/{admin,observation,intelligence,graph,prediction,twins,decisions}/layout.tsx",v08.txt:page 19:L843-L881,main+test
PR-05-002,V8,5 Information Architecture and Workspace System,19,"The product SHALL persist, expose, version, and reconcile workspace identity, purpose, audience, navigation position, active context, object selection, query, filter, view, draft, task, and return path; identity, owner, effective time, status, provenance, and policy SHALL remain explicit.",V08-F001,ux,partial,passed:harness,merged,phase0,P7-E,"apps/api/migrations/0006_objects.sql (identity, owner, times, status, provenance, policy on every canonical object); apps/web/app/layout.tsx; apps/web/app/observation/evidence/[evdId]/page.tsx (deep link); e2e/phase0.spec.ts; e2e/phase1-observation.spec.ts: 13. a denied view discloses nothing about another domain","No persisted workspace/navigation state, saved filters or draft state across workspaces","verification class in source: Control + accountable | UNRESOLVED pointer(s) at 2e83945: apps/web/app/{admin,observation,intelligence,graph,prediction,twins,decisions}/layout.tsx",v08.txt:page 19:L853-L881,main+test
PR-05-003,V8,5 Information Architecture and Workspace System,19,"The product SHALL enforce this human-authority boundary: navigation may change presentation and focus but may not change canonical state, permission, decision meaning, or the identity of the active work object.",V08-F001,ux,partial,passed:harness,merged,phase0,P7-E,apps/api/src/policy/pdp.service.ts; apps/api/test/unit/pdp.test.ts; apps/api/test/int/gate22-authority-matrix.test.ts: no port succeeds on a role outside its grantee set,"The boundary 'navigation may change presentation and focus but may not change canonical state, permission, decision meaning, or the identity of the active work object' is only approximated by coarse PDP roles; no named eligible authority, digest, expiry or separation record for this chapter's transi",verification class in source: Control + accountable,v08.txt:page 19:L864-L881,main+test
PR-05-004,V8,5 Information Architecture and Workspace System,19,"SaaS, Private Cloud, and On-Premise SHALL preserve identical outcome, object, human-authority, explanation, correction, export, replay, and failure semantics; operational variance SHALL be declared.",V08-F001,infrastructure,partial,unverified,branch-only,phase7,P7-D,docker-compose.yml (one local profile); infra/images/candidates/*.Dockerfile; .github/workflows/ci.yml: build-test,"One local Docker Compose profile only; no SaaS/Private Cloud/On-Premise deployment profiles, no golden-journey semantic diff across them, no declared operational variance (ch. 65, MET-035)",ADR-020; C-042; semantics are profile-independent by construction (single code path) but unproven | release_status merged → branch-only from the evidence at 2e83945,v08.txt:page 19:L874-L881,branch+main+test
PR-05-005,V8,5 Information Architecture and Workspace System,20,"When workspace context, object identity, permission, or navigation history becomes inconsistent or stale, the product SHALL restore the last verified context, mark stale projections, preserve unsaved work, and prevent action against an unintended object; it SHALL NOT represent unavailable, stale, unapproved, unsupported, or incomplete state as current and complete.",V08-F001,ux,partial,passed:harness,merged,phase0,P7-E,"apps/web/components/ui.tsx (DegradedBanner, ErrorNote, TruthBadge, LifecycleBadge); apps/api/src/shared/degraded-store.ts; apps/api/test/int/phase1-fault-injection.test.ts","The condition 'workspace context, object identity, permission, or navigation history becomes inconsistent or stale' has no declared continuity contract: behaviour is fail-closed refusal plus the degraded banner; no hold/expose-affected-scope/route-to-authority path specific to this chapter",Truth/lifecycle/degraded labelling exists generically; verification class in source: Journey + fault test,v08.txt:page 20:L887-L942,main+test
PR-05-006,V8,5 Information Architecture and Workspace System,20,"Acceptance SHALL demonstrate cross-workspace journey tests, deep-link and back-stack tests, object identity checks, role-based navigation evidence, and state restoration for the exact capability version, journey, role, tenant or domain, deployment, entitlement, data and model versions, configuration, consequence class, and period.",V08-F001,ux,partial,unverified,merged,phase0,P7-E,apps/web/app/layout.tsx; apps/web/app/observation/evidence/[evdId]/page.tsx (deep link); e2e/phase0.spec.ts; e2e/phase1-observation.spec.ts: 13. a denied view discloses nothing about another domain,"No scope-specific acceptance record binding capability version, journey, role, tenant/domain, deployment, entitlement, data/model versions, configuration, consequence class and period; no independent assurance or customer attestation (ADR-023); existing evidence is phase harness/browser/CI","AT-05; verification class in source: Control + accountable | UNRESOLVED pointer(s) at 2e83945: apps/web/app/{admin,observation,intelligence,graph,prediction,twins,decisions}/layout.tsx",v08.txt:page 20:L898-L942,main+test
PR-06-001,V8,"6 Product State, Lifecycle, and Work Object Model",21,"The Eye SHALL provide a governed, role-appropriate capability through which authorized users can create, review, approve, publish, supersede, withdraw, archive, export, replay, and retire every material work object through explicit lifecycle states.",V08-F001,data-platform,partial,passed:harness,merged,phase0,P3,"apps/api/migrations/0006_objects.sql (lifecycle_state, truth_state, supersedes, correction_of, withdrawal_reason); apps/api/src/objects/objects.controller.ts; apps/api/test/acceptance/acceptance.test.ts: creates, corrects (non-destructive), and version-conflicts correctly; apps/api/test/int/phase1-acceptance.test.ts: a WITHDRAWAL says so in the truth state","No archive, export, publish or retire transitions; lifecycle states are per module (source, package, twin, forecast) rather than one governed work-object state machine with transition contracts (ADR-006)",CAP-AU-07; C-003/010/011/012/036/049; verification class in source: End-to-end product,v08.txt:page 21:L971-L1010,main+test
PR-06-002,V8,"6 Product State, Lifecycle, and Work Object Model",21,"The product SHALL persist, expose, version, and reconcile object identity, type, owner, version, status, truth state, policy, task state, approval state, publication state, dependencies, timestamps, and lifecycle events; identity, owner, effective time, status, provenance, and policy SHALL remain explicit.",V08-F001,data-platform,partial,passed:harness,merged,phase0,P3,"apps/api/migrations/0006_objects.sql (identity, owner, times, status, provenance, policy on every canonical object); apps/api/migrations/0006_objects.sql (lifecycle_state, truth_state, supersedes, correction_of, withdrawal_reason); apps/api/src/objects/objects.controller.ts; apps/api/test/acceptance/acceptance.test.ts: creates, corrects (non-destructive), and version-conflicts correctly; apps/api/test/int/phase1-acceptance.test.ts: a WITHDRAWAL says so in the truth state","lifecycle_state exists per object; no transition contract table, no archive/retire/export state, no reconciliation of state across derived objects",verification class in source: Control + accountable,v08.txt:page 21:L982-L1010,main+test
PR-06-003,V8,"6 Product State, Lifecycle, and Work Object Model",21,"The product SHALL enforce this human-authority boundary: only the canonical owner may commit an authoritative transition; views, agents, models, imports, and projections submit proposals or commands through the owning contract.",V08-F001,data-platform,partial,passed:harness,merged,phase0,P3,apps/api/src/policy/pdp.service.ts; apps/api/test/unit/pdp.test.ts; apps/api/test/int/gate22-authority-matrix.test.ts: no port succeeds on a role outside its grantee set,"The boundary 'only the canonical owner may commit an authoritative transition; views, agents, models, imports, and projections submit proposals or commands through the owning' is only approximated by coarse PDP roles; no named eligible authority, digest, expiry or separation record for this chapter'",verification class in source: Control + accountable,v08.txt:page 21:L993-L1010,main+test
PR-06-004,V8,"6 Product State, Lifecycle, and Work Object Model",21,"SaaS, Private Cloud, and On-Premise SHALL preserve identical outcome, object, human-authority, explanation, correction, export, replay, and failure semantics; operational variance SHALL be declared.",V08-F001,infrastructure,partial,unverified,branch-only,phase7,P7-D,docker-compose.yml (one local profile); infra/images/candidates/*.Dockerfile; .github/workflows/ci.yml: build-test,"One local Docker Compose profile only; no SaaS/Private Cloud/On-Premise deployment profiles, no golden-journey semantic diff across them, no declared operational variance (ch. 65, MET-035)",ADR-020; C-042; semantics are profile-independent by construction (single code path) but unproven | release_status merged → branch-only from the evidence at 2e83945,v08.txt:page 21:L1003-L1010,branch+main+test
PR-06-005,V8,"6 Product State, Lifecycle, and Work Object Model",22,"When an object transition is invalid, duplicated, out of order, stale, partially committed, or cannot identify its owner, the product SHALL reject or compensate the transition, preserve the last authoritative version and attempted action, and expose the unresolved lifecycle; it SHALL NOT represent unavailable, stale, unapproved, unsupported, or incomplete state as current and complete.",V08-F001,data-platform,partial,passed:harness,merged,phase0,P3,"apps/web/components/ui.tsx (DegradedBanner, ErrorNote, TruthBadge, LifecycleBadge); apps/api/src/shared/degraded-store.ts; apps/api/test/int/phase1-fault-injection.test.ts","The condition 'an object transition is invalid, duplicated, out of order, stale, partially committed, or cannot identify its owner' has no declared continuity contract: behaviour is fail-closed refusal plus the degraded banner; no hold/expose-affected-scope/route-to-authority path specific to this c",Truth/lifecycle/degraded labelling exists generically; verification class in source: Journey + fault test,v08.txt:page 22:L1015-L1071,main+test
PR-06-006,V8,"6 Product State, Lifecycle, and Work Object Model",22,"Acceptance SHALL demonstrate state-machine fixtures, idempotency and ordering tests, stale-write denial, lifecycle replay, correction propagation, and export/re-import evidence for the exact capability version, journey, role, tenant or domain, deployment, entitlement, data and model versions, configuration, consequence class, and period.",V08-F001,data-platform,partial,unverified,merged,phase0,P3,"apps/api/migrations/0006_objects.sql (lifecycle_state, truth_state, supersedes, correction_of, withdrawal_reason); apps/api/src/objects/objects.controller.ts; apps/api/test/acceptance/acceptance.test.ts: creates, corrects (non-destructive), and version-conflicts correctly; apps/api/test/int/phase1-acceptance.test.ts: a WITHDRAWAL says so in the truth state","No scope-specific acceptance record binding capability version, journey, role, tenant/domain, deployment, entitlement, data/model versions, configuration, consequence class and period; no independent assurance or customer attestation (ADR-023); existing evidence is phase harness/browser/CI",AT-06; verification class in source: Journey + fault test,v08.txt:page 22:L1027-L1071,main+test
PR-07-001,V8,"7 Accessibility, Localization, and Global Readiness",23,"The Eye SHALL provide a governed, role-appropriate capability through which authorized users can complete every material journey and understand evidence, uncertainty, alerts, recommendations, approvals, and product state without dependence on a single sensory, language, or interaction mode.",V08-F002,ux,partial,passed:browser,merged,phase0,P7-E,"apps/web/lib/i18n.ts (en, ar; RTL); apps/web/app/globals.css (:focus-visible, prefers-reduced-motion); e2e/phase0.spec.ts: 9. keyboard navigation and basic accessibility; e2e/phase1-observation.spec.ts: 11. keyboard operation, landmarks and labels; 12. state is never carried by colour alone; 14. the shell mirrors under RTL","No WCAG 2.2 AA audit, no screen-reader (NVDA/JAWS/VoiceOver) evidence, two locales with partial string coverage, no locale-aware number/date/time-zone formatting, no accessibility governance owner/regression gate (GLB-01..24)",CAP-AU-08; ADR-019; C-048; verification class in source: Control + accountable | UNRESOLVED pointer(s) at 2e83945: 10. light/dark presentation and RTL-layout smoke,v08.txt:page 23:L1102-L1132,main+test
PR-07-002,V8,"7 Accessibility, Localization, and Global Readiness",23,"The product SHALL persist, expose, version, and reconcile locale, language, script, direction, timezone, units, number format, reading level, assistive preference, contrast mode, keyboard state, and translation provenance; identity, owner, effective time, status, provenance, and policy SHALL remain explicit.",V08-F002,ux,partial,passed:harness,merged,phase0,P7-E,"apps/api/migrations/0006_objects.sql (identity, owner, times, status, provenance, policy on every canonical object); apps/web/lib/i18n.ts (en, ar; RTL); apps/web/app/globals.css (:focus-visible, prefers-reduced-motion); e2e/phase0.spec.ts: 9. keyboard navigation and basic accessibility; e2e/phase1-observation.spec.ts: 11. keyboard operation, landmarks and labels; 12. state is never carried by colour alone; 14. the shell mirrors under RTL",No persisted user preference (locale/theme/assistive settings); locale is a shell default,verification class in source: Control + accountable | UNRESOLVED pointer(s) at 2e83945: 10. light/dark presentation and RTL-layout smoke,v08.txt:page 23:L1113-L1132,main+test
PR-07-003,V8,"7 Accessibility, Localization, and Global Readiness",23,"The product SHALL enforce this human-authority boundary: localization and accommodation may adapt presentation but may not alter strategic meaning, legal effect, risk severity, confidence, temporal truth, or approval wording.",V08-F002,ux,partial,passed:harness,merged,phase0,P7-E,apps/api/src/policy/pdp.service.ts; apps/api/test/unit/pdp.test.ts; apps/api/test/int/gate22-authority-matrix.test.ts: no port succeeds on a role outside its grantee set,"The boundary 'localization and accommodation may adapt presentation but may not alter strategic meaning, legal effect, risk severity, confidence, temporal truth, or approval ' is only approximated by coarse PDP roles; no named eligible authority, digest, expiry or separation record for this chapter'",verification class in source: Control + accountable,v08.txt:page 23:L1124-L1132,main+test
PR-07-004,V8,"7 Accessibility, Localization, and Global Readiness",24,"SaaS, Private Cloud, and On-Premise SHALL preserve identical outcome, object, human-authority, explanation, correction, export, replay, and failure semantics; operational variance SHALL be declared.",V08-F002,infrastructure,partial,unverified,branch-only,phase7,P7-D,docker-compose.yml (one local profile); infra/images/candidates/*.Dockerfile; .github/workflows/ci.yml: build-test,"One local Docker Compose profile only; no SaaS/Private Cloud/On-Premise deployment profiles, no golden-journey semantic diff across them, no declared operational variance (ch. 65, MET-035)",ADR-020; C-042; semantics are profile-independent by construction (single code path) but unproven | release_status merged → branch-only from the evidence at 2e83945,v08.txt:page 24:L1138-L1205,branch+main+test
PR-07-005,V8,"7 Accessibility, Localization, and Global Readiness",24,"When content, control, alert, explanation, or approval cannot be perceived, operated, understood, translated, or verified, the product SHALL provide an equivalent accessible path, identify any limitation before consequential use, preserve user progress, and prevent inaccessible approval; it SHALL NOT represent unavailable, stale, unapproved, unsupported, or incomplete state as current and complet…",V08-F002,ux,partial,passed:harness,merged,phase0,P7-E,"apps/web/components/ui.tsx (DegradedBanner, ErrorNote, TruthBadge, LifecycleBadge); apps/api/src/shared/degraded-store.ts; apps/api/test/int/phase1-fault-injection.test.ts","The condition 'content, control, alert, explanation, or approval cannot be perceived, operated, understood, translated, or verified' has no declared continuity contract: behaviour is fail-closed refusal plus the degraded banner; no hold/expose-affected-scope/route-to-authority path specific to this",Truth/lifecycle/degraded labelling exists generically; verification class in source: Journey + fault test,v08.txt:page 24:L1147-L1205,main+test
PR-07-006,V8,"7 Accessibility, Localization, and Global Readiness",24,"Acceptance SHALL demonstrate WCAG 2.2 AA journey evidence, assistive-technology tests, keyboard and focus tests, bidirectional- language fixtures, translation review, and user acceptance for the exact capability version, journey, role, tenant or domain, deployment, entitlement, data and model versions, configuration, consequence class, and period.",V08-F002,ux,partial,unverified,merged,phase0,P7-E,"apps/web/lib/i18n.ts (en, ar; RTL); apps/web/app/globals.css (:focus-visible, prefers-reduced-motion); e2e/phase0.spec.ts: 9. keyboard navigation and basic accessibility; e2e/phase1-observation.spec.ts: 11. keyboard operation, landmarks and labels; 12. state is never carried by colour alone; 14. the shell mirrors under RTL","No scope-specific acceptance record binding capability version, journey, role, tenant/domain, deployment, entitlement, data/model versions, configuration, consequence class and period; no independent assurance or customer attestation (ADR-023); existing evidence is phase harness/browser/CI",AT-07; verification class in source: Control + accountable | UNRESOLVED pointer(s) at 2e83945: 10. light/dark presentation and RTL-layout smoke,v08.txt:page 24:L1159-L1205,main+test
PR-08-001,V8,8 Product System Context and Cross-Volume,25,"The Eye SHALL provide a governed, role-appropriate capability through which authorized users can trace each product capability from user outcome through canonical layer, service, AI method, infrastructure, data contract, release, deployment, and acceptance evidence.",V08-F001,governance-docs,missing,unverified,none,omission,P7-F,docs/phase1/MILESTONE_ACCEPTANCE_MAPPING.md; docs/phase1/CAPABILITY_PRESERVATION_MAP.md (prose maps only),Build a product traceability service: capability -> journey -> requirement -> architecture anchor -> component -> release -> deployment -> test -> evidence with orphan-free bidirectional queries; this audit CSV is the first machine-readable trace,CAP-AU-09; C-052; verification class in source: Cross-deployment,v08.txt:page 25:L1236-L1256,main
PR-08-002,V8,8 Product System Context and Cross-Volume,25,"The product SHALL persist, expose, version, and reconcile capability, journey, requirement, architecture anchor, component, agent or model, infrastructure service, data product, release, deployment, test, evidence, exception, and retirement; identity, owner, effective time, status, provenance, and policy SHALL remain explicit.",V08-F001,governance-docs,missing,unverified,none,omission,P7-F,,"No persisted state for this chapter; build the object model with identity, owner, effective time, status, provenance and policy together with the capability in PR-08-001",verification class in source: Control + accountable,v08.txt:page 25:L1247-L1256,
PR-08-003,V8,8 Product System Context and Cross-Volume,26,"The product SHALL enforce this human-authority boundary: Volume 8 controls product behavior and acceptance but may not redefine constitutional, architecture, engineering, AI, infrastructure, data, or future visual-system authority.",V08-F001,governance-docs,missing,unverified,none,omission,P7-F,,"No capability exists to gate; when built, the boundary 'Volume 8 controls product behavior and acceptance but may not redefine constitutional, architecture, engineering, AI, infrastructure, data, or future visual-sys' must be a PDP rule with named eligible authority, digest and audit",verification class in source: Control + accountable,v08.txt:page 26:L1262-L1336,
PR-08-004,V8,8 Product System Context and Cross-Volume,26,"SaaS, Private Cloud, and On-Premise SHALL preserve identical outcome, object, human-authority, explanation, correction, export, replay, and failure semantics; operational variance SHALL be declared.",V08-F001,governance-docs,missing,unverified,none,omission,P7-D,,"Capability absent, so parity cannot be declared; when built, add the chapter's golden journey to the cross-profile conformance suite (ch. 65)",ADR-020; PAR catalog,v08.txt:page 26:L1272-L1336,
PR-08-005,V8,8 Product System Context and Cross-Volume,26,"When a product requirement has incomplete, conflicting, circular, stale, or unverifiable inheritance, the product SHALL hold capability acceptance, expose affected journeys and releases, select the highest controlling authority, and close the evidence chain; it SHALL NOT represent unavailable, stale, unapproved, unsupported, or incomplete state as current and complete.",V08-F001,governance-docs,missing,unverified,none,omission,P7-F,,"No continuity path exists for 'a product requirement has incomplete, conflicting, circular, stale, or unverifiable inheritance'; build hold/expose/route behaviour with the capability",verification class in source: Journey + fault test,v08.txt:page 26:L1281-L1336,
PR-08-006,V8,8 Product System Context and Cross-Volume,26,"Acceptance SHALL demonstrate bidirectional trace queries, orphan detection, cross-volume conformance review, release closure, runtime evidence, and customer acceptance for the exact capability version, journey, role, tenant or domain, deployment, entitlement, data and model versions, configuration, consequence class, and period.",V08-F001,governance-docs,missing,unverified,none,omission,P7-F,,No capability and no acceptance evidence; AT-08 cannot start,AT-08,v08.txt:page 26:L1292-L1336,
PR-09-001,V8,9 Source Registry and Collection Workspace,28,"The Eye SHALL provide a governed, role-appropriate capability through which authorized users can register, evaluate, approve, configure, monitor, suspend, and retire every external, internal, physical, scientific, commercial, and custom source.",V08-F003,observation,partial,passed:harness,branch-only,phase1,P1,"apps/api/src/observation/observation.controller.ts (/sources/register, approve, transition, rights, evaluate, readiness); apps/api/src/observation/sources/source-contract.ts; apps/api/migrations/0022_observation_registry_and_evidence.sql; 0028_phase4_source_contract_v2.sql; apps/web/app/observation/sources/**; apps/api/test/int/phase1-acceptance.test.ts: A1 — source contract: the full §7 field set and every fail-closed case; e2e/phase1-observation.spec.ts: 1.–3.","Connector kinds are RSS, REST poll and file upload only; no enterprise, database/CDC, stream/IoT, media, scientific or commercial source families; no credential binding, cost or budget on the source; no source evaluation scoring beyond readiness",CAP-OB-01/02; JRN-02; C-013/014; verification class in source: End-to-end product | release_status merged → branch-only from the evidence at 2e83945,v08.txt:page 28:L1373-L1412,branch+main+test
PR-09-002,V8,9 Source Registry and Collection Workspace,28,"The product SHALL persist, expose, version, and reconcile source identity, owner, authority, rights, purpose, endpoint, credentials reference, coverage, schedule, freshness, cost, health, approval, and withdrawal; identity, owner, effective time, status, provenance, and policy SHALL remain explicit.",V08-F003,observation,partial,passed:harness,branch-only,phase1,P1,"apps/api/migrations/0006_objects.sql (identity, owner, times, status, provenance, policy on every canonical object); apps/api/src/observation/observation.controller.ts (/sources/register, approve, transition, rights, evaluate, readiness); apps/api/src/observation/sources/source-contract.ts; apps/api/migrations/0022_observation_registry_and_evidence.sql; 0028_phase4_source_contract_v2.sql; apps/web/app/observation/sources/**; apps/api/test/int/phase1-acceptance.test.ts: A1 — source contract: the full §7 field set and every fail-closed case; e2e/phase1-observation.spec.ts: 1.–3.","Source contract persists identity, owner, authority, rights, purpose, endpoint, schedule, freshness, classification; missing: credentials reference, cost, coverage targets per plan, evaluation record",verification class in source: Control + accountable | release_status merged → branch-only from the evidence at 2e83945,v08.txt:page 28:L1384-L1412,branch+main+test
PR-09-003,V8,9 Source Registry and Collection Workspace,28,"The product SHALL enforce this human-authority boundary: connectivity or public availability does not establish collection authority; a human source authority approves purpose, rights, scope, and customer obligations.",V08-F003,observation,implemented,passed:harness,merged,phase1,P1,apps/api/test/int/phase1-acceptance.test.ts: the REGISTRAR MAY NEVER APPROVE their own registration — enforced on the authority; e2e/phase1-observation.spec.ts: 2. the registrar cannot approve their own registration; 3. a second operator approves and activates it,"Approval is a second operator, not a named 'source authority' role with rights/purpose/obligation sign-off per source family",verification class in source: Control + accountable,v08.txt:page 28:L1395-L1412,main+test
PR-09-004,V8,9 Source Registry and Collection Workspace,28,"SaaS, Private Cloud, and On-Premise SHALL preserve identical outcome, object, human-authority, explanation, correction, export, replay, and failure semantics; operational variance SHALL be declared.",V08-F003,infrastructure,partial,unverified,branch-only,phase7,P7-D,docker-compose.yml (one local profile); infra/images/candidates/*.Dockerfile; .github/workflows/ci.yml: build-test,"One local Docker Compose profile only; no SaaS/Private Cloud/On-Premise deployment profiles, no golden-journey semantic diff across them, no declared operational variance (ch. 65, MET-035)",ADR-020; C-042; semantics are profile-independent by construction (single code path) but unproven | release_status merged → branch-only from the evidence at 2e83945,v08.txt:page 28:L1405-L1412,branch+main+test
PR-09-005,V8,9 Source Registry and Collection Workspace,29,"When a source lacks valid authority, rights, ownership, purpose, coverage, or withdrawal handling, the product SHALL block activation or suspend collection, preserve the last valid checkpoint, expose consumer impact, and route remediation; it SHALL NOT represent unavailable, stale, unapproved, unsupported, or incomplete state as current and complete.",V08-F003,observation,implemented,passed:harness,merged,phase1,P1,"apps/api/test/int/phase1-acceptance.test.ts: fails closed on schema drift beyond the contract tolerance — QUARANTINE; the contract is revalidated at THREE points; apps/api/test/int/phase1-fault-injection.test.ts; apps/web/components/ui.tsx (DegradedBanner, ErrorNote, TruthBadge, LifecycleBadge); apps/api/src/shared/degraded-store.ts; apps/api/test/int/phase1-fault-injection.test.ts",Suspension on rights loss exists as a transition; consumer-impact exposure and remediation routing are not surfaced to consumers,"Stale/unavailable/synthetic state is labelled (TruthBadge, LifecycleBadge, DegradedBanner); verification class in source: Journey + fault test",v08.txt:page 29:L1418-L1473,main+test
PR-09-006,V8,9 Source Registry and Collection Workspace,29,"Acceptance SHALL demonstrate source registration journeys, rights and purpose evidence, approval and revocation tests, coverage validation, and downstream impact review for the exact capability version, journey, role, tenant or domain, deployment, entitlement, data and model versions, configuration, consequence class, and period.",V08-F003,observation,partial,unverified,branch-only,phase1,P1,"apps/api/src/observation/observation.controller.ts (/sources/register, approve, transition, rights, evaluate, readiness); apps/api/src/observation/sources/source-contract.ts; apps/api/migrations/0022_observation_registry_and_evidence.sql; 0028_phase4_source_contract_v2.sql; apps/web/app/observation/sources/**; apps/api/test/int/phase1-acceptance.test.ts: A1 — source contract: the full §7 field set and every fail-closed case; e2e/phase1-observation.spec.ts: 1.–3.","No scope-specific acceptance record binding capability version, journey, role, tenant/domain, deployment, entitlement, data/model versions, configuration, consequence class and period; no independent assurance or customer attestation (ADR-023); existing evidence is phase harness/browser/CI",AT-09; verification class in source: Control + accountable | release_status merged → branch-only from the evidence at 2e83945,v08.txt:page 29:L1429-L1473,branch+main+test
PR-10-001,V8,10 Observation Operations and Source Coverage,30,"The Eye SHALL provide a governed, role-appropriate capability through which authorized users can operate continuous observation against explicit priorities, coverage targets, freshness contracts, legal constraints, and source health.",V08-F003,observation,partial,passed:harness,branch-only,phase1,P1,"apps/api/src/observation/coverage/coverage.service.ts; apps/api/src/observation/scheduling/scheduler.service.ts; apps/api/migrations/0038_scheduled_collection.sql; 0040_scheduled_attempt_faults.sql; apps/web/app/observation/page.tsx (Collection status, Source health, Needs attention); apps/api/test/int/phase1-acceptance.test.ts: A6 — coverage, health, and the honesty of unknown; apps/api/test/int/phase6-scheduled-collection.test.ts: RESTART RECOVERY","Blind spots, authenticity and degraded regions are STRUCTURALLY_UNKNOWN (declared, not measured); no incident workflow, priorities or coverage SLOs; scheduled collection (0038–0040) is branch-only on scheduling/automatic-collection-2026-09 (#44)",CAP-OB-03; WS-02; SCHEDULED_COLLECTION.md §3–§4; MET-011..013; verification class in source: End-to-end product | release_status merged → branch-only from the evidence at 2e83945,v08.txt:page 30:L1503-L1532,branch+main+test
PR-10-002,V8,10 Observation Operations and Source Coverage,30,"The product SHALL persist, expose, version, and reconcile observation plan, source set, collection run, coverage dimension, expected versus observed arrival, blind spot, freshness, quality, incident, and operator action; identity, owner, effective time, status, provenance, and policy SHALL remain explicit.",V08-F003,observation,partial,passed:harness,branch-only,phase1,P1,"apps/api/migrations/0006_objects.sql (identity, owner, times, status, provenance, policy on every canonical object); apps/api/src/observation/coverage/coverage.service.ts; apps/api/src/observation/scheduling/scheduler.service.ts; apps/api/migrations/0038_scheduled_collection.sql; 0040_scheduled_attempt_faults.sql; apps/web/app/observation/page.tsx (Collection status, Source health, Needs attention); apps/api/test/int/phase1-acceptance.test.ts: A6 — coverage, health, and the honesty of unknown; apps/api/test/int/phase6-scheduled-collection.test.ts: RESTART RECOVERY","Coverage measurements, health events, scheduler entries and attempts persisted; no incident, priority or blind-spot objects",verification class in source: Control + accountable | release_status merged → branch-only from the evidence at 2e83945,v08.txt:page 30:L1514-L1532,branch+main+test
PR-10-003,V8,10 Observation Operations and Source Coverage,30,"The product SHALL enforce this human-authority boundary: automation may schedule and recover collection inside approved contracts; humans set priorities, accept material blind spots, and authorize source substitution.",V08-F003,observation,partial,passed:harness,merged,phase1,P1,apps/api/src/policy/pdp.service.ts; apps/api/test/unit/pdp.test.ts; apps/api/test/int/gate22-authority-matrix.test.ts: no port succeeds on a role outside its grantee set,"The boundary 'automation may schedule and recover collection inside approved contracts; humans set priorities, accept material blind spots, and authorize source substitution' is only approximated by coarse PDP roles; no named eligible authority, digest, expiry or separation record for this chapter's",verification class in source: Journey + fault test,v08.txt:page 30:L1525-L1532,main+test
PR-10-004,V8,10 Observation Operations and Source Coverage,31,"SaaS, Private Cloud, and On-Premise SHALL preserve identical outcome, object, human-authority, explanation, correction, export, replay, and failure semantics; operational variance SHALL be declared.",V08-F003,infrastructure,partial,unverified,branch-only,phase7,P7-D,docker-compose.yml (one local profile); infra/images/candidates/*.Dockerfile; .github/workflows/ci.yml: build-test,"One local Docker Compose profile only; no SaaS/Private Cloud/On-Premise deployment profiles, no golden-journey semantic diff across them, no declared operational variance (ch. 65, MET-035)",ADR-020; C-042; semantics are profile-independent by construction (single code path) but unproven | release_status merged → branch-only from the evidence at 2e83945,v08.txt:page 31:L1538-L1605,branch+main+test
PR-10-005,V8,10 Observation Operations and Source Coverage,31,"When coverage falls below target, sources conflict or disappear, freshness expires, or collection is constrained by law, cost, capacity, or security, the product SHALL declare the blind spot and affected products, apply approved fallback sources, preserve evidence, and escalate consequence-specific decisions; it SHALL NOT represent unavailable, stale, unapproved, unsupported, or incomplete state…",V08-F003,observation,implemented,passed:harness,branch-only,phase1,P1,"apps/api/test/int/phase1-acceptance.test.ts: unknown, indeterminate and insufficient_evidence NEVER map to a healthy state; health replay from stored events is deterministic; apps/api/test/int/phase6-scheduled-collection.test.ts: a FAILED run: the publisher answers 500; apps/web/components/ui.tsx (DegradedBanner, ErrorNote, TruthBadge, LifecycleBadge); apps/api/src/shared/degraded-store.ts; apps/api/test/int/phase1-fault-injection.test.ts",Last-verified coverage and degraded intervals are shown per source; no consumer-impact routing or incident record,"Stale/unavailable/synthetic state is labelled (TruthBadge, LifecycleBadge, DegradedBanner); verification class in source: Journey + fault test | release_status merged → branch-only from the evidence at 2e83945",v08.txt:page 31:L1547-L1605,branch+main+test
PR-10-006,V8,10 Observation Operations and Source Coverage,31,"Acceptance SHALL demonstrate coverage dashboards reconciled to source evidence, blind-spot drills, freshness SLOs, fallback tests, and operator acceptance for the exact capability version, journey, role, tenant or domain, deployment, entitlement, data and model versions, configuration, consequence class, and period.",V08-F003,observation,partial,unverified,branch-only,phase1,P1,"apps/api/src/observation/coverage/coverage.service.ts; apps/api/src/observation/scheduling/scheduler.service.ts; apps/api/migrations/0038_scheduled_collection.sql; 0040_scheduled_attempt_faults.sql; apps/web/app/observation/page.tsx (Collection status, Source health, Needs attention); apps/api/test/int/phase1-acceptance.test.ts: A6 — coverage, health, and the honesty of unknown; apps/api/test/int/phase6-scheduled-collection.test.ts: RESTART RECOVERY","No scope-specific acceptance record binding capability version, journey, role, tenant/domain, deployment, entitlement, data/model versions, configuration, consequence class and period; no independent assurance or customer attestation (ADR-023); existing evidence is phase harness/browser/CI",AT-10; verification class in source: Control + accountable | release_status merged → branch-only from the evidence at 2e83945,v08.txt:page 31:L1559-L1605,branch+main+test
PR-11-001,V8,"11 Search, Discovery, and Research Workspace",32,"The Eye SHALL provide a governed, role-appropriate capability through which authorized users can formulate structured and natural- language research intents, discover relevant internal and external evidence, refine scope, save research state, and reproduce results. Evidence closure review Signed scope-specific acceptance record resolving release, configuration, versions, tests, conditions, and au…",V08-F004,observation,partial,passed:harness,merged,phase3,P3,"apps/api/src/graph/search/search.service.ts; apps/web/app/graph/search/page.tsx; apps/api/test/int/phase3-acceptance.test.ts: C4 — search is permission-aware, and absence is not an oracle; search reads METADATA — it never returns evidence bytes","Metadata search only (no semantic/hybrid retrieval, no external discovery); no saved research state, query snapshot, cutoff-bound reproduction or research workspace (CAP-OB-04, MET-015)",WS-03; JRN-03,v08.txt:page 32:L1635-L1665,main+test
PR-11-002,V8,"11 Search, Discovery, and Research Workspace",32,"The product SHALL persist, expose, version, and reconcile research intent, query, scope, filters, source set, result rank, evidence item, citation, saved search, alert subscription, and retrieval snapshot; identity, owner, effective time, status, provenance, and policy SHALL remain explicit.",V08-F004,observation,partial,passed:harness,merged,phase3,P3,"apps/api/migrations/0006_objects.sql (identity, owner, times, status, provenance, policy on every canonical object); apps/api/src/graph/search/search.service.ts; apps/web/app/graph/search/page.tsx; apps/api/test/int/phase3-acceptance.test.ts: C4 — search is permission-aware, and absence is not an oracle; search reads METADATA — it never returns evidence bytes","No persisted query, result set, research scope or citation set",verification class in source: Control + accountable,v08.txt:page 32:L1646-L1665,main+test
PR-11-003,V8,"11 Search, Discovery, and Research Workspace",32,"The product SHALL enforce this human-authority boundary: search may rank and summarize evidence but may not represent relevance as truth or conceal policy, coverage, recency, uncertainty, or omitted- source limits.",V08-F004,observation,partial,passed:harness,merged,phase3,P3,apps/api/src/policy/pdp.service.ts; apps/api/test/unit/pdp.test.ts; apps/api/test/int/gate22-authority-matrix.test.ts: no port succeeds on a role outside its grantee set,"The boundary 'search may rank and summarize evidence but may not represent relevance as truth or conceal policy, coverage, recency, uncertainty, or omitted- source limits' is only approximated by coarse PDP roles; no named eligible authority, digest, expiry or separation record for this chapter's tr",verification class in source: Control + accountable,v08.txt:page 32:L1657-L1665,main+test
PR-11-004,V8,"11 Search, Discovery, and Research Workspace",33,"SaaS, Private Cloud, and On-Premise SHALL preserve identical outcome, object, human-authority, explanation, correction, export, replay, and failure semantics; operational variance SHALL be declared.",V08-F004,infrastructure,partial,unverified,branch-only,phase7,P7-D,docker-compose.yml (one local profile); infra/images/candidates/*.Dockerfile; .github/workflows/ci.yml: build-test,"One local Docker Compose profile only; no SaaS/Private Cloud/On-Premise deployment profiles, no golden-journey semantic diff across them, no declared operational variance (ch. 65, MET-035)",ADR-020; C-042; semantics are profile-independent by construction (single code path) but unproven | release_status merged → branch-only from the evidence at 2e83945,v08.txt:page 33:L1671-L1736,branch+main+test
PR-11-005,V8,"11 Search, Discovery, and Research Workspace",33,"When retrieval is incomplete, stale, policy-filtered, contradictory, unavailable, or cannot reproduce the cited result set, the product SHALL label limitations and coverage, preserve the query snapshot, offer safe refinement, and prevent unsupported conclusion or citation; it SHALL NOT represent unavailable, stale, unapproved, unsupported, or incomplete state as current and complete.",V08-F004,observation,partial,passed:harness,merged,phase3,P3,"apps/web/components/ui.tsx (DegradedBanner, ErrorNote, TruthBadge, LifecycleBadge); apps/api/src/shared/degraded-store.ts; apps/api/test/int/phase1-fault-injection.test.ts","The condition 'retrieval is incomplete, stale, policy-filtered, contradictory, unavailable, or cannot reproduce the cited result set' has no declared continuity contract: behaviour is fail-closed refusal plus the degraded banner; no hold/expose-affected-scope/route-to-authority path specific to this",Truth/lifecycle/degraded labelling exists generically; verification class in source: Journey + fault test,v08.txt:page 33:L1680-L1736,main+test
PR-11-006,V8,"11 Search, Discovery, and Research Workspace",33,"Acceptance SHALL demonstrate golden-query relevance tests, permission trimming, temporal replay, citation resolution, omitted- source disclosure, and analyst acceptance for the exact capability version, journey, role, tenant or domain, deployment, entitlement, data and model versions, configuration, consequence class, and period.",V08-F004,observation,partial,unverified,merged,phase3,P3,"apps/api/src/graph/search/search.service.ts; apps/web/app/graph/search/page.tsx; apps/api/test/int/phase3-acceptance.test.ts: C4 — search is permission-aware, and absence is not an oracle; search reads METADATA — it never returns evidence bytes","No scope-specific acceptance record binding capability version, journey, role, tenant/domain, deployment, entitlement, data/model versions, configuration, consequence class and period; no independent assurance or customer attestation (ADR-023); existing evidence is phase harness/browser/CI",AT-11; verification class in source: Control + accountable,v08.txt:page 33:L1691-L1736,main+test
PR-12-001,V8,12 Document and Media Intelligence,34,"The Eye SHALL provide a governed, role-appropriate capability through which authorized users can inspect original documents, images, audio, video, geospatial products, and scientific artifacts beside aligned extracted, translated, summarized, and enriched derivatives.",V08-F004,intelligence,missing,unverified,none,omission,P2,apps/api/src/observation/connectors/content-controls.ts (PDF stored opaque; never parsed or rendered),"Build document and media intelligence: parsing/OCR/chunking, aligned extraction, translation with provenance, annotation, original-vs-extraction viewer, image/audio/video/geospatial/scientific viewers (CAP-OB-06/07); PDFs are stored opaque today",Phase 2 scheduled extraction pipelines over ingested evidence; document parsing was never built — omission; GLB-12; verification class in source: End-to-end product,v08.txt:page 34:L1765-L1804,main
PR-12-002,V8,12 Document and Media Intelligence,34,"The product SHALL persist, expose, version, and reconcile original object, page or segment, timestamp, region, derivative, extraction method, model version, language, alignment, quality, annotation, and citation; identity, owner, effective time, status, provenance, and policy SHALL remain explicit.",V08-F004,intelligence,missing,unverified,none,omission,P2,,"No persisted state for this chapter; build the object model with identity, owner, effective time, status, provenance and policy together with the capability in PR-12-001",verification class in source: Control + accountable,v08.txt:page 34:L1777-L1804,
PR-12-003,V8,12 Document and Media Intelligence,34,The product SHALL enforce this human-authority boundary: machine derivatives remain clearly separated from original evidence; humans may correct or approve interpretations without overwriting the source.,V08-F004,intelligence,missing,unverified,none,omission,P2,,"No capability exists to gate; when built, the boundary 'machine derivatives remain clearly separated from original evidence; humans may correct or approve interpretations without overwriting the source' must be a PDP rule with named eligible authority, digest and audit",verification class in source: Control + accountable,v08.txt:page 34:L1788-L1804,
PR-12-004,V8,12 Document and Media Intelligence,34,"SaaS, Private Cloud, and On-Premise SHALL preserve identical outcome, object, human-authority, explanation, correction, export, replay, and failure semantics; operational variance SHALL be declared.",V08-F004,intelligence,missing,unverified,none,omission,P7-D,,"Capability absent, so parity cannot be declared; when built, add the chapter's golden journey to the cross-profile conformance suite (ch. 65)",ADR-020; PAR catalog,v08.txt:page 34:L1797-L1804,
PR-12-005,V8,12 Document and Media Intelligence,35,"When content is malicious, corrupt, unsupported, partially extracted, mistranslated, misaligned, or missing accessible alternatives, the product SHALL quarantine unsafe content, show derivative limitations, preserve the original and user annotations, and route controlled reprocessing or review; it SHALL NOT represent unavailable, stale, unapproved, unsupported, or incomplete state as current and…",V08-F004,intelligence,missing,unverified,none,omission,P2,,"No continuity path exists for 'content is malicious, corrupt, unsupported, partially extracted, mistranslated, misaligned, or missing accessible alternatives'; build hold/expose/route behaviour with the capability",verification class in source: Journey + fault test,v08.txt:page 35:L1810-L1869,
PR-12-006,V8,12 Document and Media Intelligence,35,"Acceptance SHALL demonstrate format corpus tests, malware handling, OCR and transcription evaluation, alignment and citation checks, translation review, and accessibility evidence for the exact capability version, journey, role, tenant or domain, deployment, entitlement, data and model versions, configuration, consequence class, and period.",V08-F004,intelligence,missing,unverified,none,omission,P2,,No capability and no acceptance evidence; AT-12 cannot start,AT-12,v08.txt:page 35:L1822-L1869,
PR-13-001,V8,"13 Live Event, Stream, IoT, and Telemetry Experience",36,"The Eye SHALL provide a governed, role-appropriate capability through which authorized users can observe live events and telemetry with explicit time, sequence, location, source trust, quality, latency, gaps, and correlation into strategic context.",V08-F004,observation,missing,unverified,none,omission,P1,,"Build live event/stream/IoT/telemetry ingestion and console: sequence, time, device trust, gaps, latency, correlation, burst/replay handling (CAP-OB-08)",C-013 full source universe; not in the Phase 1 three-connector scope; verification class in source: End-to-end product,v08.txt:page 36:L1899-L1929,
PR-13-002,V8,"13 Live Event, Stream, IoT, and Telemetry Experience",36,"The product SHALL persist, expose, version, and reconcile stream, producer or device, observation, event time, receipt time, sequence, watermark, quality, trust, gap, correlation, alert, and replay position; identity, owner, effective time, status, provenance, and policy SHALL remain explicit.",V08-F004,observation,missing,unverified,none,omission,P1,,"No persisted state for this chapter; build the object model with identity, owner, effective time, status, provenance and policy together with the capability in PR-13-001",verification class in source: Control + accountable,v08.txt:page 36:L1910-L1929,
PR-13-003,V8,"13 Live Event, Stream, IoT, and Telemetry Experience",36,"The product SHALL enforce this human-authority boundary: operators may acknowledge, annotate, suppress under policy, and escalate signals; the interface cannot infer completeness or trusted device state from transport success.",V08-F004,observation,missing,unverified,none,omission,P1,,"No capability exists to gate; when built, the boundary 'operators may acknowledge, annotate, suppress under policy, and escalate signals; the interface cannot infer completeness or trusted device state from transport' must be a PDP rule with named eligible authority, digest and audit",verification class in source: Control + accountable,v08.txt:page 36:L1921-L1929,
PR-13-004,V8,"13 Live Event, Stream, IoT, and Telemetry Experience",37,"SaaS, Private Cloud, and On-Premise SHALL preserve identical outcome, object, human-authority, explanation, correction, export, replay, and failure semantics; operational variance SHALL be declared.",V08-F004,observation,missing,unverified,none,omission,P7-D,,"Capability absent, so parity cannot be declared; when built, add the chapter's golden journey to the cross-profile conformance suite (ch. 65)",ADR-020; PAR catalog,v08.txt:page 37:L1935-L2000,
PR-13-005,V8,"13 Live Event, Stream, IoT, and Telemetry Experience",37,"When streams overrun, reorder, duplicate, lose time quality, develop gaps, or originate from an untrusted producer, the product SHALL show the degraded interval and data loss, apply bounded backpressure or approved shedding, preserve checkpoints, and constrain downstream use; it SHALL NOT represent unavailable, stale, unapproved, unsupported, or incomplete state as current and complete.",V08-F004,observation,missing,unverified,none,omission,P1,,"No continuity path exists for 'streams overrun, reorder, duplicate, lose time quality, develop gaps, or originate from an untrusted producer'; build hold/expose/route behaviour with the capability",verification class in source: Journey + fault test,v08.txt:page 37:L1944-L2000,
PR-13-006,V8,"13 Live Event, Stream, IoT, and Telemetry Experience",37,"Acceptance SHALL demonstrate burst and latency tests, duplicate and ordering fixtures, device revocation, gap visualization, replay, and operator decision exercises for the exact capability version, journey, role, tenant or domain, deployment, entitlement, data and model versions, configuration, consequence class, and period.",V08-F004,observation,missing,unverified,none,omission,P1,,No capability and no acceptance evidence; AT-13 cannot start,AT-13,v08.txt:page 37:L1956-L2000,
PR-14-001,V8,14 Enterprise Systems and Internal Data Experience,38,"The Eye SHALL provide a governed, role-appropriate capability through which authorized users can connect ERP, CRM, databases, internal documents, collaboration systems, APIs, files, and operational platforms with visible ownership, scope, reconciliation, and customer control.",V08-F004,observation,missing,unverified,none,omission,P1,apps/api/src/observation/connectors/rest.connector.ts (generic REST poller only),"Build enterprise systems integration (ERP, CRM, databases/CDC, documents, APIs, files) with least-privilege connections and reconciliation (CAP-OB-09)",C-013; verification class in source: End-to-end product,v08.txt:page 38:L2030-L2061,main
PR-14-002,V8,14 Enterprise Systems and Internal Data Experience,38,"The product SHALL persist, expose, version, and reconcile connection, source system, credential reference, object scope, extraction mode, schema, watermark, permission, reconciliation, owner, incident, and deletion behavior; identity, owner, effective time, status, provenance, and policy SHALL remain explicit.",V08-F004,observation,missing,unverified,none,omission,P1,,"No persisted state for this chapter; build the object model with identity, owner, effective time, status, provenance and policy together with the capability in PR-14-001",verification class in source: Control + accountable,v08.txt:page 38:L2042-L2061,
PR-14-003,V8,14 Enterprise Systems and Internal Data Experience,38,"The product SHALL enforce this human-authority boundary: customer source systems retain business authority; The Eye does not broaden access, reinterpret deletion, or claim transactional completeness outside the integration contract.",V08-F004,observation,missing,unverified,none,omission,P1,,"No capability exists to gate; when built, the boundary 'customer source systems retain business authority; The Eye does not broaden access, reinterpret deletion, or claim transactional completeness outside the integr' must be a PDP rule with named eligible authority, digest and audit",verification class in source: Control + accountable,v08.txt:page 38:L2053-L2061,
PR-14-004,V8,14 Enterprise Systems and Internal Data Experience,39,"SaaS, Private Cloud, and On-Premise SHALL preserve identical outcome, object, human-authority, explanation, correction, export, replay, and failure semantics; operational variance SHALL be declared.",V08-F004,observation,missing,unverified,none,omission,P7-D,,"Capability absent, so parity cannot be declared; when built, add the chapter's golden journey to the cross-profile conformance suite (ch. 65)",ADR-020; PAR catalog,v08.txt:page 39:L2067-L2132,
PR-14-005,V8,14 Enterprise Systems and Internal Data Experience,39,"When permissions, schemas, business keys, transactions, watermarks, or reconciliation totals become invalid, the product SHALL stop the affected path, retain the last consistent watermark, expose incomplete scope, and reconcile with the customer source owner; it SHALL NOT represent unavailable, stale, unapproved, unsupported, or incomplete state as current and complete.",V08-F004,observation,missing,unverified,none,omission,P1,,"No continuity path exists for 'permissions, schemas, business keys, transactions, watermarks, or reconciliation totals become invalid'; build hold/expose/route behaviour with the capability",verification class in source: Journey + fault test,v08.txt:page 39:L2076-L2132,
PR-14-006,V8,14 Enterprise Systems and Internal Data Experience,39,"Acceptance SHALL demonstrate connector certification, least- privilege tests, schema-change handling, transaction and deletion fixtures, reconciliation totals, and customer sign-off for the exact capability version, journey, role, tenant or domain, deployment, entitlement, data and model versions, configuration, consequence class, and period.",V08-F004,observation,missing,unverified,none,omission,P1,,No capability and no acceptance evidence; AT-14 cannot start,AT-14,v08.txt:page 39:L2087-L2132,
PR-15-001,V8,"15 Collection Plans, Watchlists, and Priorities",40,"The Eye SHALL provide a governed, role-appropriate capability through which authorized users can translate objectives, risks, hypotheses, entities, geographies, markets, competitors, and time horizons into governed collection plans and watchlists.",V08-F003,observation,missing,unverified,none,omission,P1,,"Build collection plans, watchlists, saved searches, priorities and budgets linked to objectives and coverage gaps with owners and expiry (CAP-OB-05, OB-10); nothing named plan or watchlist exists",WS-08 signal side also absent; verification class in source: End-to-end product,v08.txt:page 40:L2162-L2192,
PR-15-002,V8,"15 Collection Plans, Watchlists, and Priorities",40,"The product SHALL persist, expose, version, and reconcile plan identity, sponsor, objective, priority, scope, source set, query, cadence, budget, trigger, owner, review, expiry, and outcome linkage; identity, owner, effective time, status, provenance, and policy SHALL remain explicit.",V08-F003,observation,missing,unverified,none,omission,P1,,"No persisted state for this chapter; build the object model with identity, owner, effective time, status, provenance and policy together with the capability in PR-15-001",verification class in source: Control + accountable,v08.txt:page 40:L2173-L2192,
PR-15-003,V8,"15 Collection Plans, Watchlists, and Priorities",40,"The product SHALL enforce this human-authority boundary: AI may recommend collection gaps and priorities; humans approve purpose, budget, sensitive targets, escalation thresholds, and material scope changes.",V08-F003,observation,missing,unverified,none,omission,P1,,"No capability exists to gate; when built, the boundary 'AI may recommend collection gaps and priorities; humans approve purpose, budget, sensitive targets, escalation thresholds, and material scope changes' must be a PDP rule with named eligible authority, digest and audit",verification class in source: Control + accountable,v08.txt:page 40:L2184-L2192,
PR-15-004,V8,"15 Collection Plans, Watchlists, and Priorities",41,"SaaS, Private Cloud, and On-Premise SHALL preserve identical outcome, object, human-authority, explanation, correction, export, replay, and failure semantics; operational variance SHALL be declared.",V08-F003,observation,missing,unverified,none,omission,P7-D,,"Capability absent, so parity cannot be declared; when built, add the chapter's golden journey to the cross-profile conformance suite (ch. 65)",ADR-020; PAR catalog,v08.txt:page 41:L2198-L2263,
PR-15-005,V8,"15 Collection Plans, Watchlists, and Priorities",41,"When a plan becomes stale, duplicative, unauthorized, over budget, unbounded, or disconnected from an active objective, the product SHALL pause or narrow execution, preserve prior results, expose the planning defect, and require sponsor review before continuation; it SHALL NOT represent unavailable, stale, unapproved, unsupported, or incomplete state as current and complete.",V08-F003,observation,missing,unverified,none,omission,P1,,"No continuity path exists for 'a plan becomes stale, duplicative, unauthorized, over budget, unbounded, or disconnected from an active objective'; build hold/expose/route behaviour with the capability",verification class in source: Journey + fault test,v08.txt:page 41:L2207-L2263,
PR-15-006,V8,"15 Collection Plans, Watchlists, and Priorities",41,"Acceptance SHALL demonstrate plan-to-objective traceability, budget and rights tests, duplicate detection, expiry exercises, coverage outcomes, and sponsor acceptance for the exact capability version, journey, role, tenant or domain, deployment, entitlement, data and model versions, configuration, consequence class, and period.",V08-F003,observation,missing,unverified,none,omission,P1,,No capability and no acceptance evidence; AT-15 cannot start,AT-15,v08.txt:page 41:L2218-L2263,
PR-16-001,V8,"16 Intake Validation, Quarantine, and Evidence",42,"The Eye SHALL provide a governed, role-appropriate capability through which authorized users can review integrity, rights, schema, classification, provenance, quality, duplication, and safety before observed material becomes decision-active evidence. Evidence closure review Signed scope-specific acceptance record resolving release, configuration, versions, tests, conditions, and authorities.",V08-F003,observation,partial,passed:harness,merged,phase1,P1,apps/api/src/observation/quarantine/quarantine.service.ts; apps/api/src/observation/acquisition/lifecycle.service.ts; apps/web/app/observation/quarantine/page.tsx; apps/api/test/int/phase1-acceptance.test.ts: QUARANTINE AND EVIDENCE ARE SEPARATE VOLUMES; e2e/phase1-observation.spec.ts: 4. collection admits evidence and quarantines the drifted row; 8. quarantine shows the refusal and requires a reason and a second operator,"Quarantine dispositions cover integrity, schema_drift, malformed_archive, classification_ceiling; no rights, duplicate or quality review reasons; no anti-malware/sandbox processing (content-controls is explicitly not malware detection); no intake review queue beyond quarantine",CAP-OB-11/12; FEX-05,v08.txt:page 42:L2293-L2323,main+test
PR-16-002,V8,"16 Intake Validation, Quarantine, and Evidence",42,"The product SHALL persist, expose, version, and reconcile intake item, original bytes, digest, source contract, validation result, quarantine reason, review task, disposition, custody, correction, and admission receipt; identity, owner, effective time, status, provenance, and policy SHALL remain explicit.",V08-F003,observation,partial,passed:harness,merged,phase1,P1,"apps/api/migrations/0006_objects.sql (identity, owner, times, status, provenance, policy on every canonical object); apps/api/src/observation/quarantine/quarantine.service.ts; apps/api/src/observation/acquisition/lifecycle.service.ts; apps/web/app/observation/quarantine/page.tsx; apps/api/test/int/phase1-acceptance.test.ts: QUARANTINE AND EVIDENCE ARE SEPARATE VOLUMES; e2e/phase1-observation.spec.ts: 4. collection admits evidence and quarantines the drifted row; 8. quarantine shows the refusal and requires a reason and a second operator",Quarantine cases and events persisted with reviewer and reason; no duplicate state or quality score,verification class in source: Control + accountable,v08.txt:page 42:L2304-L2323,main+test
PR-16-003,V8,"16 Intake Validation, Quarantine, and Evidence",42,"The product SHALL enforce this human-authority boundary: automated checks may admit only low-risk items within an approved rule set; uncertain, sensitive, or consequential cases require an eligible human reviewer.",V08-F003,observation,implemented,passed:harness,merged,phase1,P1,e2e/phase1-observation.spec.ts: 8. quarantine shows the refusal and requires a reason and a second operator; apps/api/src/policy/pdp.service.ts (observation.quarantine.review),Reviewer role is a second operator; no dedicated rights/legal reviewer authority,verification class in source: Control + accountable,v08.txt:page 42:L2315-L2323,main+test
PR-16-004,V8,"16 Intake Validation, Quarantine, and Evidence",43,"SaaS, Private Cloud, and On-Premise SHALL preserve identical outcome, object, human-authority, explanation, correction, export, replay, and failure semantics; operational variance SHALL be declared.",V08-F003,infrastructure,partial,unverified,branch-only,phase7,P7-D,docker-compose.yml (one local profile); infra/images/candidates/*.Dockerfile; .github/workflows/ci.yml: build-test,"One local Docker Compose profile only; no SaaS/Private Cloud/On-Premise deployment profiles, no golden-journey semantic diff across them, no declared operational variance (ch. 65, MET-035)",ADR-020; C-042; semantics are profile-independent by construction (single code path) but unproven | release_status merged → branch-only from the evidence at 2e83945,v08.txt:page 43:L2329-L2394,branch+main+test
PR-16-005,V8,"16 Intake Validation, Quarantine, and Evidence",43,"When content is unsafe, unauthorized, corrupt, ambiguous, duplicated, policy-conflicting, or cannot preserve chain of custody, the product SHALL isolate it, prevent downstream use, retain immutable evidence and reason, and support controlled release, rejection, or reinspection; it SHALL NOT represent unavailable, stale, unapproved, unsupported, or incomplete state as current and complete.",V08-F003,observation,implemented,passed:harness,merged,phase1,P1,"apps/api/test/int/phase1-acceptance.test.ts: fails closed on schema drift beyond the contract tolerance — QUARANTINE, not rejection; apps/api/test/int/phase1-hostile-input.test.ts; apps/web/components/ui.tsx (DegradedBanner, ErrorNote, TruthBadge, LifecycleBadge); apps/api/src/shared/degraded-store.ts; apps/api/test/int/phase1-fault-injection.test.ts",Downstream non-use is by isolation; consumer notification of a quarantined item is not built,"Stale/unavailable/synthetic state is labelled (TruthBadge, LifecycleBadge, DegradedBanner); verification class in source: Journey + fault test",v08.txt:page 43:L2338-L2394,main+test
PR-16-006,V8,"16 Intake Validation, Quarantine, and Evidence",43,"Acceptance SHALL demonstrate positive and adversarial intake fixtures, quarantine escape tests, reviewer separation of duty, custody verification, and downstream non-use evidence for the exact capability version, journey, role, tenant or domain, deployment, entitlement, data and model versions, configuration, consequence class, and period.",V08-F003,observation,partial,unverified,merged,phase1,P1,apps/api/src/observation/quarantine/quarantine.service.ts; apps/api/src/observation/acquisition/lifecycle.service.ts; apps/web/app/observation/quarantine/page.tsx; apps/api/test/int/phase1-acceptance.test.ts: QUARANTINE AND EVIDENCE ARE SEPARATE VOLUMES; e2e/phase1-observation.spec.ts: 4. collection admits evidence and quarantines the drifted row; 8. quarantine shows the refusal and requires a reason and a second operator,"No scope-specific acceptance record binding capability version, journey, role, tenant/domain, deployment, entitlement, data/model versions, configuration, consequence class and period; no independent assurance or customer attestation (ADR-023); existing evidence is phase harness/browser/CI",AT-16; verification class in source: Control + accountable,v08.txt:page 43:L2349-L2394,main+test
PR-17-001,V8,17 Intelligence Object and Evidence Experience,45,"The Eye SHALL provide a governed, role-appropriate capability through which authorized users can inspect and act on canonical intelligence objects while retaining identity, version, time, truth state, provenance, policy, quality, correction, and lifecycle context.",V08-F005,intelligence,partial,passed:harness,merged,phase2,P2,"apps/web/app/observation/evidence/[evdId]/page.tsx (Four times, authenticity, custody, original bytes, history); apps/web/app/intelligence/claims/page.tsx (lineage); apps/web/components/ui.tsx (TruthBadge); apps/api/test/int/phase2-acceptance.test.ts: the run produced claims, and every one resolves back to the evidence bytes; e2e/phase1-observation.spec.ts: 7. evidence custody, the four times, and a safe attachment-only download",No single intelligence-object inspector for every canonical type; no segment/offset-level citation viewer or tamper verification for cited versions; annotation of evidence (OBJ-02) absent,CAP-UM-01/02; MET-006; verification class in source: Control + accountable,v08.txt:page 45:L2431-L2469,main+test
PR-17-002,V8,17 Intelligence Object and Evidence Experience,45,"The product SHALL persist, expose, version, and reconcile object identity, type, version, tenant, event and record time, truth state, confidence, provenance, classification, quality, owner, correction, and status; identity, owner, effective time, status, provenance, and policy SHALL remain explicit.",V08-F005,intelligence,partial,passed:harness,merged,phase2,P2,"apps/api/migrations/0006_objects.sql (identity, owner, times, status, provenance, policy on every canonical object); apps/web/app/observation/evidence/[evdId]/page.tsx (Four times, authenticity, custody, original bytes, history); apps/web/app/intelligence/claims/page.tsx (lineage); apps/web/components/ui.tsx (TruthBadge); apps/api/test/int/phase2-acceptance.test.ts: the run produced claims, and every one resolves back to the evidence bytes; e2e/phase1-observation.spec.ts: 7. evidence custody, the four times, and a safe attachment-only download",Canonical header fields exist on objects.canonical_objects; no annotation or citation-segment records,verification class in source: Control + accountable,v08.txt:page 45:L2441-L2469,main+test
PR-17-003,V8,17 Intelligence Object and Evidence Experience,45,"The product SHALL enforce this human-authority boundary: interpretation, annotation, assessment, and recommendation remain distinct objects linked to evidence; no user or model may overwrite historical evidence.",V08-F005,intelligence,partial,passed:harness,merged,phase2,P2,apps/api/src/policy/pdp.service.ts; apps/api/test/unit/pdp.test.ts; apps/api/test/int/gate22-authority-matrix.test.ts: no port succeeds on a role outside its grantee set,"The boundary 'interpretation, annotation, assessment, and recommendation remain distinct objects linked to evidence; no user or model may overwrite historical evidence' is only approximated by coarse PDP roles; no named eligible authority, digest, expiry or separation record for this chapter's trans",verification class in source: Control + accountable,v08.txt:page 45:L2452-L2469,main+test
PR-17-004,V8,17 Intelligence Object and Evidence Experience,45,"SaaS, Private Cloud, and On-Premise SHALL preserve identical outcome, object, human-authority, explanation, correction, export, replay, and failure semantics; operational variance SHALL be declared.",V08-F005,infrastructure,partial,unverified,branch-only,phase7,P7-D,docker-compose.yml (one local profile); infra/images/candidates/*.Dockerfile; .github/workflows/ci.yml: build-test,"One local Docker Compose profile only; no SaaS/Private Cloud/On-Premise deployment profiles, no golden-journey semantic diff across them, no declared operational variance (ch. 65, MET-035)",ADR-020; C-042; semantics are profile-independent by construction (single code path) but unproven | release_status merged → branch-only from the evidence at 2e83945,v08.txt:page 45:L2462-L2469,branch+main+test
PR-17-005,V8,17 Intelligence Object and Evidence Experience,46,"When an object is malformed, conflicting, missing required semantics, stale, withdrawn, or cannot resolve to evidence, the product SHALL block decision-active use, show the invalid or degraded state, preserve history, and route correction or stewardship; it SHALL NOT represent unavailable, stale, unapproved, unsupported, or incomplete state as current and complete.",V08-F005,intelligence,partial,passed:harness,merged,phase2,P2,"apps/web/components/ui.tsx (DegradedBanner, ErrorNote, TruthBadge, LifecycleBadge); apps/api/src/shared/degraded-store.ts; apps/api/test/int/phase1-fault-injection.test.ts","The condition 'an object is malformed, conflicting, missing required semantics, stale, withdrawn, or cannot resolve to evidence' has no declared continuity contract: behaviour is fail-closed refusal plus the degraded banner; no hold/expose-affected-scope/route-to-authority path specific to this chap",Truth/lifecycle/degraded labelling exists generically; verification class in source: Journey + fault test,v08.txt:page 46:L2475-L2532,main+test
PR-17-006,V8,17 Intelligence Object and Evidence Experience,46,"Acceptance SHALL demonstrate object-profile fixtures, version and temporal replay, provenance resolution, truth-state rendering, correction tests, and user comprehension evidence for the exact capability version, journey, role, tenant or domain, deployment, entitlement, data and model versions, configuration, consequence class, and period.",V08-F005,intelligence,partial,unverified,merged,phase2,P2,"apps/web/app/observation/evidence/[evdId]/page.tsx (Four times, authenticity, custody, original bytes, history); apps/web/app/intelligence/claims/page.tsx (lineage); apps/web/components/ui.tsx (TruthBadge); apps/api/test/int/phase2-acceptance.test.ts: the run produced claims, and every one resolves back to the evidence bytes; e2e/phase1-observation.spec.ts: 7. evidence custody, the four times, and a safe attachment-only download","No scope-specific acceptance record binding capability version, journey, role, tenant/domain, deployment, entitlement, data/model versions, configuration, consequence class and period; no independent assurance or customer attestation (ADR-023); existing evidence is phase harness/browser/CI",AT-17; verification class in source: Control + accountable,v08.txt:page 46:L2486-L2532,main+test
PR-18-001,V8,"18 Entity, Identity, and Relationship Workbench",47,"The Eye SHALL provide a governed, role-appropriate capability through which authorized users can resolve entities, aliases, duplicates, merges, splits, and relationships through evidence-backed proposals and accountable stewardship. Evidence closure review Signed scope-specific acceptance record resolving release, configuration, versions, tests, conditions, and authorities.",V08-F005,memory-graph,partial,passed:harness,merged,phase3,P3,"apps/api/src/graph/entities/resolution.service.ts; apps/api/src/graph/graph.controller.ts (/entities/resolve, /resolutions/:id/decide, /entities/:id/split, /entities/identifier-systems/*); apps/web/app/graph/resolutions/page.tsx; apps/api/test/int/phase3-acceptance.test.ts: splits a merged entity without deleting anything; a known-at query BEFORE the split still reproduces the merged view","No alias management, no multilingual/master identity, no relationship curation workbench (edges are asserted/retracted through the API without a review UI), no steward case queue with evidence comparison",CAP-UM-03/04; JRN-04; OBJ-06..10,v08.txt:page 47:L2561-L2600,main+test
PR-18-002,V8,"18 Entity, Identity, and Relationship Workbench",47,"The product SHALL persist, expose, version, and reconcile entity, namespace, identifier, alias, candidate match, relationship, evidence, score, conflict, merge or split case, reviewer, and revision; identity, owner, effective time, status, provenance, and policy SHALL remain explicit.",V08-F005,memory-graph,partial,passed:harness,merged,phase3,P3,"apps/api/migrations/0006_objects.sql (identity, owner, times, status, provenance, policy on every canonical object); apps/api/src/graph/entities/resolution.service.ts; apps/api/src/graph/graph.controller.ts (/entities/resolve, /resolutions/:id/decide, /entities/:id/split, /entities/identifier-systems/*); apps/web/app/graph/resolutions/page.tsx; apps/api/test/int/phase3-acceptance.test.ts: splits a merged entity without deleting anything; a known-at query BEFORE the split still reproduces the merged view","Entities, identifiers, resolutions and edges persisted with temporal validity; no alias table, no relationship proposal state distinct from assertion",verification class in source: Control + accountable,v08.txt:page 47:L2572-L2600,main+test
PR-18-003,V8,"18 Entity, Identity, and Relationship Workbench",47,"The product SHALL enforce this human-authority boundary: AI may propose identity and relationship changes with reasons; only authorized stewardship can commit material canonical merges, splits, or relationship adjudications.",V08-F005,memory-graph,implemented,passed:harness,merged,phase3,P3,apps/api/src/policy/pdp.service.ts (graph.resolution.decide vs graph.resolution.propose); apps/api/test/int/phase3-acceptance.test.ts: every declared assumption starts UNVERIFIED,Decide/propose are role-separated but the deciding role is not a named data-steward persona with adjudication case records,verification class in source: Control + accountable,v08.txt:page 47:L2583-L2600,main+test
PR-18-004,V8,"18 Entity, Identity, and Relationship Workbench",47,"SaaS, Private Cloud, and On-Premise SHALL preserve identical outcome, object, human-authority, explanation, correction, export, replay, and failure semantics; operational variance SHALL be declared.",V08-F005,infrastructure,partial,unverified,branch-only,phase7,P7-D,docker-compose.yml (one local profile); infra/images/candidates/*.Dockerfile; .github/workflows/ci.yml: build-test,"One local Docker Compose profile only; no SaaS/Private Cloud/On-Premise deployment profiles, no golden-journey semantic diff across them, no declared operational variance (ch. 65, MET-035)",ADR-020; C-042; semantics are profile-independent by construction (single code path) but unproven | release_status merged → branch-only from the evidence at 2e83945,v08.txt:page 47:L2593-L2600,branch+main+test
PR-18-005,V8,"18 Entity, Identity, and Relationship Workbench",48,"When identity is ambiguous, evidence conflicts, a merge would cross tenant or policy boundaries, or a committed resolution proves wrong, the product SHALL retain candidates separately, prevent unsafe propagation, expose uncertainty, and support non-destructive reversal and impact review; it SHALL NOT represent unavailable, stale, unapproved, unsupported, or incomplete state as current and complet…",V08-F005,memory-graph,partial,passed:harness,merged,phase3,P3,"apps/web/components/ui.tsx (DegradedBanner, ErrorNote, TruthBadge, LifecycleBadge); apps/api/src/shared/degraded-store.ts; apps/api/test/int/phase1-fault-injection.test.ts","The condition 'identity is ambiguous, evidence conflicts, a merge would cross tenant or policy boundaries, or a committed resolution proves wrong' has no declared continuity contract: behaviour is fail-closed refusal plus the degraded banner; no hold/expose-affected-scope/route-to-authority path spe",Truth/lifecycle/degraded labelling exists generically; verification class in source: Journey + fault test,v08.txt:page 48:L2606-L2664,main+test
PR-18-006,V8,"18 Entity, Identity, and Relationship Workbench",48,"Acceptance SHALL demonstrate golden identity corpus, cross-tenant negative tests, merge/split replay, relationship provenance, steward review, and impact reconciliation for the exact capability version, journey, role, tenant or domain, deployment, entitlement, data and model versions, configuration, consequence class, and period.",V08-F005,memory-graph,partial,unverified,merged,phase3,P3,"apps/api/src/graph/entities/resolution.service.ts; apps/api/src/graph/graph.controller.ts (/entities/resolve, /resolutions/:id/decide, /entities/:id/split, /entities/identifier-systems/*); apps/web/app/graph/resolutions/page.tsx; apps/api/test/int/phase3-acceptance.test.ts: splits a merged entity without deleting anything; a known-at query BEFORE the split still reproduces the merged view","No scope-specific acceptance record binding capability version, journey, role, tenant/domain, deployment, entitlement, data/model versions, configuration, consequence class and period; no independent assurance or customer attestation (ADR-023); existing evidence is phase harness/browser/CI",AT-18; verification class in source: Control + accountable,v08.txt:page 48:L2618-L2664,main+test
PR-19-001,V8,19 Knowledge Graph Exploration and Curation,49,"The Eye SHALL provide a governed, role-appropriate capability through which authorized users can explore connected entities, events, claims, risks, objectives, capabilities, technologies, regulations, markets, and supply chains with temporal and provenance-aware graph operations.",V08-F005,memory-graph,partial,passed:harness,merged,phase3,P3,"apps/api/src/graph/graph.controller.ts (/neighbourhood, /path, /edges/*); apps/web/app/graph/explore/page.tsx; apps/api/test/int/phase3-acceptance.test.ts: C5 — edges carry temporal validity and provenance, and as-of has no hindsight; apps/api/test/int/phase3-corrections.test.ts: a four-hop chain is found, and the search is complete","No ontology/taxonomy manager (concepts, constraints, mappings, versions, migration), no curation workflow, no projection watermark on exploration; graph is neighbourhood/path over Postgres edges without a GraphStore adapter for scale",CAP-UM-05/06; WS-06; C-009; verification class in source: End-to-end product,v08.txt:page 49:L2694-L2725,main+test
PR-19-002,V8,19 Knowledge Graph Exploration and Curation,49,"The product SHALL persist, expose, version, and reconcile graph query, node, edge, path, subgraph, ontology version, temporal slice, provenance, confidence, curation proposal, revision, and projection watermark; identity, owner, effective time, status, provenance, and policy SHALL remain explicit.",V08-F005,memory-graph,partial,passed:harness,merged,phase3,P3,"apps/api/migrations/0006_objects.sql (identity, owner, times, status, provenance, policy on every canonical object); apps/api/src/graph/graph.controller.ts (/neighbourhood, /path, /edges/*); apps/web/app/graph/explore/page.tsx; apps/api/test/int/phase3-acceptance.test.ts: C5 — edges carry temporal validity and provenance, and as-of has no hindsight; apps/api/test/int/phase3-corrections.test.ts: a four-hop chain is found, and the search is complete",Edges persisted with valid_from/valid_to/asserted_at/retracted_at; no ontology or constraint records,verification class in source: Control + accountable,v08.txt:page 49:L2706-L2725,main+test
PR-19-003,V8,19 Knowledge Graph Exploration and Curation,49,The product SHALL enforce this human-authority boundary: graph exploration may reveal associations but cannot present connectivity as causality or truth; canonical graph mutation requires governed evidence and stewardship.,V08-F005,memory-graph,partial,passed:harness,merged,phase3,P3,apps/api/src/policy/pdp.service.ts; apps/api/test/unit/pdp.test.ts; apps/api/test/int/gate22-authority-matrix.test.ts: no port succeeds on a role outside its grantee set,"The boundary 'graph exploration may reveal associations but cannot present connectivity as causality or truth; canonical graph mutation requires governed evidence and steward' is only approximated by coarse PDP roles; no named eligible authority, digest, expiry or separation record for this chapter'",verification class in source: Control + accountable,v08.txt:page 49:L2717-L2725,main+test
PR-19-004,V8,19 Knowledge Graph Exploration and Curation,50,"SaaS, Private Cloud, and On-Premise SHALL preserve identical outcome, object, human-authority, explanation, correction, export, replay, and failure semantics; operational variance SHALL be declared.",V08-F005,infrastructure,partial,unverified,branch-only,phase7,P7-D,docker-compose.yml (one local profile); infra/images/candidates/*.Dockerfile; .github/workflows/ci.yml: build-test,"One local Docker Compose profile only; no SaaS/Private Cloud/On-Premise deployment profiles, no golden-journey semantic diff across them, no declared operational variance (ch. 65, MET-035)",ADR-020; C-042; semantics are profile-independent by construction (single code path) but unproven | release_status merged → branch-only from the evidence at 2e83945,v08.txt:page 50:L2731-L2797,branch+main+test
PR-19-005,V8,19 Knowledge Graph Exploration and Curation,50,"When a path is stale, policy-filtered, cyclically derived, unsupported, temporally invalid, or inconsistent with the canonical revision, the product SHALL label the limitation, preserve the query and revision, deny unsafe mutation, and route the issue to graph stewardship; it SHALL NOT represent unavailable, stale, unapproved, unsupported, or incomplete state as current and complete.",V08-F005,memory-graph,partial,passed:harness,merged,phase3,P3,"apps/web/components/ui.tsx (DegradedBanner, ErrorNote, TruthBadge, LifecycleBadge); apps/api/src/shared/degraded-store.ts; apps/api/test/int/phase1-fault-injection.test.ts","The condition 'a path is stale, policy-filtered, cyclically derived, unsupported, temporally invalid, or inconsistent with the canonical revision' has no declared continuity contract: behaviour is fail-closed refusal plus the degraded banner; no hold/expose-affected-scope/route-to-authority path spe",Truth/lifecycle/degraded labelling exists generically; verification class in source: Journey + fault test,v08.txt:page 50:L2739-L2797,main+test
PR-19-006,V8,19 Knowledge Graph Exploration and Curation,50,"Acceptance SHALL demonstrate path and temporal query fixtures, policy trimming, provenance closure, ontology migration, projection rebuild, and analyst comprehension tests for the exact capability version, journey, role, tenant or domain, deployment, entitlement, data and model versions, configuration, consequence class, and period.",V08-F005,memory-graph,partial,unverified,merged,phase3,P3,"apps/api/src/graph/graph.controller.ts (/neighbourhood, /path, /edges/*); apps/web/app/graph/explore/page.tsx; apps/api/test/int/phase3-acceptance.test.ts: C5 — edges carry temporal validity and provenance, and as-of has no hindsight; apps/api/test/int/phase3-corrections.test.ts: a four-hop chain is found, and the search is complete","No scope-specific acceptance record binding capability version, journey, role, tenant/domain, deployment, entitlement, data/model versions, configuration, consequence class and period; no independent assurance or customer attestation (ADR-023); existing evidence is phase harness/browser/CI",AT-19; verification class in source: Control + accountable,v08.txt:page 50:L2751-L2797,main+test
PR-20-001,V8,20 Enterprise Memory and Strategic Record,51,"The Eye SHALL provide a governed, role-appropriate capability through which authorized users can capture, retrieve, connect, correct, retain, and govern institutional facts, decisions, rationales, commitments, outcomes, lessons, and context across time.",V08-F005,memory-graph,partial,passed:harness,branch-only,phase3,P3,"apps/api/src/graph/strategy/strategy.service.ts (objective, assumption, decision, commitment, outcome); apps/api/migrations/0041_decision_packages.sql; 0042_decision_approvals_and_commitment.sql; apps/api/test/int/phase6-approvals.test.ts: the bounded CMT lands in Phase 3's own graph, as a CMT@v1 object","No Enterprise Memory workspace (institutional records, lessons, permission-aware retrieval with retention and temporal replay); the strategic record is the decision package + commitment + outcome objects and free-text lessons",CAP-UM-07/08; WS-07; C-015/016; decision record parts are branch-only; verification class in source: End-to-end product | release_status merged → branch-only from the evidence at 2e83945,v08.txt:page 51:L2827-L2857,branch+main+test
PR-20-002,V8,20 Enterprise Memory and Strategic Record,51,"The product SHALL persist, expose, version, and reconcile memory item, source, owner, audience, validity, record time, truth state, policy, retention, related objective or decision, correction, access history, and lifecycle; identity, owner, effective time, status, provenance, and policy SHALL remain explicit.",V08-F005,memory-graph,partial,passed:harness,branch-only,phase3,P3,"apps/api/migrations/0006_objects.sql (identity, owner, times, status, provenance, policy on every canonical object); apps/api/src/graph/strategy/strategy.service.ts (objective, assumption, decision, commitment, outcome); apps/api/migrations/0041_decision_packages.sql; 0042_decision_approvals_and_commitment.sql; apps/api/test/int/phase6-approvals.test.ts: the bounded CMT lands in Phase 3's own graph, as a CMT@v1 object","Decisions, commitments, outcomes persisted; no memory item, lesson or rationale object with audience/validity/retention",verification class in source: Control + accountable | release_status merged → branch-only from the evidence at 2e83945,v08.txt:page 51:L2838-L2857,branch+main+test
PR-20-003,V8,20 Enterprise Memory and Strategic Record,51,"The product SHALL enforce this human-authority boundary: memory assists continuity but cannot silently convert prior text, model output, or organizational belief into verified truth; humans govern strategic and sensitive records.",V08-F005,memory-graph,partial,passed:harness,merged,phase3,P3,apps/api/src/policy/pdp.service.ts; apps/api/test/unit/pdp.test.ts; apps/api/test/int/gate22-authority-matrix.test.ts: no port succeeds on a role outside its grantee set,"The boundary 'memory assists continuity but cannot silently convert prior text, model output, or organizational belief into verified truth; humans govern strategic and sensit' is only approximated by coarse PDP roles; no named eligible authority, digest, expiry or separation record for this chapter'",verification class in source: Control + accountable,v08.txt:page 51:L2849-L2857,main+test
PR-20-004,V8,20 Enterprise Memory and Strategic Record,52,"SaaS, Private Cloud, and On-Premise SHALL preserve identical outcome, object, human-authority, explanation, correction, export, replay, and failure semantics; operational variance SHALL be declared.",V08-F005,infrastructure,partial,unverified,branch-only,phase7,P7-D,docker-compose.yml (one local profile); infra/images/candidates/*.Dockerfile; .github/workflows/ci.yml: build-test,"One local Docker Compose profile only; no SaaS/Private Cloud/On-Premise deployment profiles, no golden-journey semantic diff across them, no declared operational variance (ch. 65, MET-035)",ADR-020; C-042; semantics are profile-independent by construction (single code path) but unproven | release_status merged → branch-only from the evidence at 2e83945,v08.txt:page 52:L2863-L2929,branch+main+test
PR-20-005,V8,20 Enterprise Memory and Strategic Record,52,"When memory is stale, contradictory, inaccessible, over-retained, missing provenance, or exposed outside purpose, the product SHALL mark or restrict it, preserve historical context, prevent unsupported reuse, and route correction, access, or lifecycle review; it SHALL NOT represent unavailable, stale, unapproved, unsupported, or incomplete state as current and complete.",V08-F005,memory-graph,partial,passed:harness,merged,phase3,P3,"apps/web/components/ui.tsx (DegradedBanner, ErrorNote, TruthBadge, LifecycleBadge); apps/api/src/shared/degraded-store.ts; apps/api/test/int/phase1-fault-injection.test.ts","The condition 'memory is stale, contradictory, inaccessible, over-retained, missing provenance, or exposed outside purpose' has no declared continuity contract: behaviour is fail-closed refusal plus the degraded banner; no hold/expose-affected-scope/route-to-authority path specific to this chapter",Truth/lifecycle/degraded labelling exists generically; verification class in source: Journey + fault test,v08.txt:page 52:L2872-L2929,main+test
PR-20-006,V8,20 Enterprise Memory and Strategic Record,52,"Acceptance SHALL demonstrate memory retrieval and temporal replay, permission inheritance, contradiction handling, retention and deletion tests, and records-authority acceptance for the exact capability version, journey, role, tenant or domain, deployment, entitlement, data and model versions, configuration, consequence class, and period.",V08-F005,memory-graph,partial,unverified,branch-only,phase3,P3,"apps/api/src/graph/strategy/strategy.service.ts (objective, assumption, decision, commitment, outcome); apps/api/migrations/0041_decision_packages.sql; 0042_decision_approvals_and_commitment.sql; apps/api/test/int/phase6-approvals.test.ts: the bounded CMT lands in Phase 3's own graph, as a CMT@v1 object","No scope-specific acceptance record binding capability version, journey, role, tenant/domain, deployment, entitlement, data/model versions, configuration, consequence class and period; no independent assurance or customer attestation (ADR-023); existing evidence is phase harness/browser/CI",AT-20; verification class in source: Control + accountable | release_status merged → branch-only from the evidence at 2e83945,v08.txt:page 52:L2883-L2929,branch+main+test
PR-21-001,V8,"21 Claims, Contradictions, Confidence, and",53,"The Eye SHALL provide a governed, role-appropriate capability through which authorized users can distinguish evidence, claims, inferences, assessments, hypotheses, synthetic outputs, recommendations, decisions, and corrections while preserving disagreement. Evidence closure review Signed scope-specific acceptance record resolving release, configuration, versions, tests, conditions, and authoritie…",V08-F006,intelligence,partial,passed:harness,merged,phase2,P2,"apps/api/migrations/0023_intelligence_extraction_and_claims.sql; apps/api/src/intelligence/review/review.service.ts; apps/web/app/intelligence/claims/page.tsx; apps/api/test/int/phase2-acceptance.test.ts: every claim below the review threshold has a queued case; an abstention is its own outcome, with no claim attached; apps/api/migrations/0006_objects.sql (contradiction_refs, corroboration_refs, confidence, uncertainty)","No claim-vs-claim contradiction workbench, no contest/dissent record on claims (OBJ-13), no calibration display of confidence; contradiction_refs/corroboration_refs are columns without a producing service",CAP-UM-09; C-010; FEX-10,v08.txt:page 53:L2960-L2981,main+test
PR-21-002,V8,"21 Claims, Contradictions, Confidence, and",53,"The product SHALL persist, expose, version, and reconcile claim identity, proposition, truth state, evidence, source independence, confidence form, uncertainty, contradiction set, assessment, dissent, review, and status; identity, owner, effective time, status, provenance, and policy SHALL remain explicit.",V08-F006,intelligence,partial,passed:harness,merged,phase2,P2,"apps/api/migrations/0006_objects.sql (identity, owner, times, status, provenance, policy on every canonical object); apps/api/migrations/0023_intelligence_extraction_and_claims.sql; apps/api/src/intelligence/review/review.service.ts; apps/web/app/intelligence/claims/page.tsx; apps/api/test/int/phase2-acceptance.test.ts: every claim below the review threshold has a queued case; an abstention is its own outcome, with no claim attached; apps/api/migrations/0006_objects.sql (contradiction_refs, corroboration_refs, confidence, uncertainty)","Claims carry confidence, truth state and lineage; no contradiction set, dissent or resolution state",verification class in source: Control + accountable,v08.txt:page 53:L2972-L2981,main+test
PR-21-003,V8,"21 Claims, Contradictions, Confidence, and",54,"The product SHALL enforce this human-authority boundary: models and analysts may assess claims but cannot erase dissent, fabricate precision, or promote an inference to fact without governed evidence and authority.",V08-F006,intelligence,partial,passed:harness,merged,phase2,P2,apps/api/src/policy/pdp.service.ts; apps/api/test/unit/pdp.test.ts; apps/api/test/int/gate22-authority-matrix.test.ts: no port succeeds on a role outside its grantee set,"The boundary 'models and analysts may assess claims but cannot erase dissent, fabricate precision, or promote an inference to fact without governed evidence and authority' is only approximated by coarse PDP roles; no named eligible authority, digest, expiry or separation record for this chapter's tr",verification class in source: Control + accountable,v08.txt:page 54:L2987-L3064,main+test
PR-21-004,V8,"21 Claims, Contradictions, Confidence, and",54,"SaaS, Private Cloud, and On-Premise SHALL preserve identical outcome, object, human-authority, explanation, correction, export, replay, and failure semantics; operational variance SHALL be declared.",V08-F006,infrastructure,partial,unverified,branch-only,phase7,P7-D,docker-compose.yml (one local profile); infra/images/candidates/*.Dockerfile; .github/workflows/ci.yml: build-test,"One local Docker Compose profile only; no SaaS/Private Cloud/On-Premise deployment profiles, no golden-journey semantic diff across them, no declared operational variance (ch. 65, MET-035)",ADR-020; C-042; semantics are profile-independent by construction (single code path) but unproven | release_status merged → branch-only from the evidence at 2e83945,v08.txt:page 54:L2997-L3064,branch+main+test
PR-21-005,V8,"21 Claims, Contradictions, Confidence, and",54,"When claims conflict, confidence is uncalibrated, sources are dependent, evidence is insufficient, or a prior assessment is withdrawn, the product SHALL show the unresolved state and competing claims, constrain downstream use, preserve all versions, and require review or abstention; it SHALL NOT represent unavailable, stale, unapproved, unsupported, or incomplete state as current and complete.",V08-F006,intelligence,partial,passed:harness,merged,phase2,P2,"apps/web/components/ui.tsx (DegradedBanner, ErrorNote, TruthBadge, LifecycleBadge); apps/api/src/shared/degraded-store.ts; apps/api/test/int/phase1-fault-injection.test.ts","The condition 'claims conflict, confidence is uncalibrated, sources are dependent, evidence is insufficient, or a prior assessment is withdrawn' has no declared continuity contract: behaviour is fail-closed refusal plus the degraded banner; no hold/expose-affected-scope/route-to-authority path speci",Truth/lifecycle/degraded labelling exists generically; verification class in source: Journey + fault test,v08.txt:page 54:L3006-L3064,main+test
PR-21-006,V8,"21 Claims, Contradictions, Confidence, and",54,"Acceptance SHALL demonstrate truth-state fixtures, contradiction and source-dependence tests, calibration evidence, dissent preservation, correction replay, and user comprehension for the exact capability version, journey, role, tenant or domain, deployment, entitlement, data and model versions, configuration, consequence class, and period.",V08-F006,intelligence,partial,unverified,merged,phase2,P2,"apps/api/migrations/0023_intelligence_extraction_and_claims.sql; apps/api/src/intelligence/review/review.service.ts; apps/web/app/intelligence/claims/page.tsx; apps/api/test/int/phase2-acceptance.test.ts: every claim below the review threshold has a queued case; an abstention is its own outcome, with no claim attached; apps/api/migrations/0006_objects.sql (contradiction_refs, corroboration_refs, confidence, uncertainty)","No scope-specific acceptance record binding capability version, journey, role, tenant/domain, deployment, entitlement, data/model versions, configuration, consequence class and period; no independent assurance or customer attestation (ADR-023); existing evidence is phase harness/browser/CI",AT-21; verification class in source: Control + accountable,v08.txt:page 54:L3018-L3064,main+test
PR-22-001,V8,"22 Timelines, Provenance, and Decision-Grade",55,"The Eye SHALL provide a governed, role-appropriate capability through which authorized users can reconstruct what happened, what was known, what was believed, what changed, and which evidence, methods, people, and versions produced each strategic output. Evidence closure review Signed scope-specific acceptance record resolving release, configuration, versions, tests, conditions, and authorities.",V08-F006,memory-graph,partial,passed:harness,branch-only,phase0,P3,"apps/api/migrations/0006_objects.sql (event_time, observation_time, valid_from/valid_to, recorded_at); apps/web/app/observation/evidence/[evdId]/page.tsx (Four times); apps/api/test/acceptance/acceptance.test.ts: as-of (known-at) retrieval shows the pre-correction state — no hindsight; apps/api/test/int/phase5-twins.test.ts: RECORD time / WORLD time",No timeline/as-of explorer across object types (CAP-UM-10); provenance is per-object detail rather than a decision-grade source-to-product trace view; no clock-skew fixtures,C-011; MET-009 | release_status merged → branch-only from the evidence at 2e83945,v08.txt:page 55:L3095-L3125,branch+main+test
PR-22-002,V8,"22 Timelines, Provenance, and Decision-Grade",55,"The product SHALL persist, expose, version, and reconcile event, observation, validity interval, record time, revision, source, actor, method, model, policy, lineage edge, citation, decision-time snapshot, and custody; identity, owner, effective time, status, provenance, and policy SHALL remain explicit.",V08-F006,memory-graph,partial,passed:harness,branch-only,phase0,P3,"apps/api/migrations/0006_objects.sql (identity, owner, times, status, provenance, policy on every canonical object); apps/api/migrations/0006_objects.sql (event_time, observation_time, valid_from/valid_to, recorded_at); apps/web/app/observation/evidence/[evdId]/page.tsx (Four times); apps/api/test/acceptance/acceptance.test.ts: as-of (known-at) retrieval shows the pre-correction state — no hindsight; apps/api/test/int/phase5-twins.test.ts: RECORD time / WORLD time",Four times persisted on every canonical object; no timeline projection,verification class in source: Control + accountable | release_status merged → branch-only from the evidence at 2e83945,v08.txt:page 55:L3106-L3125,branch+main+test
PR-22-003,V8,"22 Timelines, Provenance, and Decision-Grade",55,"The product SHALL enforce this human-authority boundary: time and provenance views support interpretation but may not rewrite history or conceal later corrections, missing intervals, source limitations, or policy filtering.",V08-F006,memory-graph,partial,passed:harness,merged,phase0,P3,apps/api/src/policy/pdp.service.ts; apps/api/test/unit/pdp.test.ts; apps/api/test/int/gate22-authority-matrix.test.ts: no port succeeds on a role outside its grantee set,"The boundary 'time and provenance views support interpretation but may not rewrite history or conceal later corrections, missing intervals, source limitations, or policy filt' is only approximated by coarse PDP roles; no named eligible authority, digest, expiry or separation record for this chapter'",verification class in source: Control + accountable,v08.txt:page 55:L3117-L3125,main+test
PR-22-004,V8,"22 Timelines, Provenance, and Decision-Grade",56,"SaaS, Private Cloud, and On-Premise SHALL preserve identical outcome, object, human-authority, explanation, correction, export, replay, and failure semantics; operational variance SHALL be declared.",V08-F006,infrastructure,partial,unverified,branch-only,phase7,P7-D,docker-compose.yml (one local profile); infra/images/candidates/*.Dockerfile; .github/workflows/ci.yml: build-test,"One local Docker Compose profile only; no SaaS/Private Cloud/On-Premise deployment profiles, no golden-journey semantic diff across them, no declared operational variance (ch. 65, MET-035)",ADR-020; C-042; semantics are profile-independent by construction (single code path) but unproven | release_status merged → branch-only from the evidence at 2e83945,v08.txt:page 56:L3131-L3196,branch+main+test
PR-22-005,V8,"22 Timelines, Provenance, and Decision-Grade",56,"When time semantics conflict, lineage breaks, evidence is unavailable, clocks diverge, or a cited version no longer resolves, the product SHALL mark the trace incomplete, prevent false chronology or completeness, preserve the unresolved edge, and route reconciliation; it SHALL NOT represent unavailable, stale, unapproved, unsupported, or incomplete state as current and complete.",V08-F006,memory-graph,partial,passed:harness,merged,phase0,P3,"apps/web/components/ui.tsx (DegradedBanner, ErrorNote, TruthBadge, LifecycleBadge); apps/api/src/shared/degraded-store.ts; apps/api/test/int/phase1-fault-injection.test.ts","The condition 'time semantics conflict, lineage breaks, evidence is unavailable, clocks diverge, or a cited version no longer resolves' has no declared continuity contract: behaviour is fail-closed refusal plus the degraded banner; no hold/expose-affected-scope/route-to-authority path specific to th",Truth/lifecycle/degraded labelling exists generically; verification class in source: Journey + fault test,v08.txt:page 56:L3139-L3196,main+test
PR-22-006,V8,"22 Timelines, Provenance, and Decision-Grade",56,"Acceptance SHALL demonstrate bitemporal replay, citation and digest resolution, lineage closure, clock-skew fixtures, decision snapshot reconstruction, and audit acceptance for the exact capability version, journey, role, tenant or domain, deployment, entitlement, data and model versions, configuration, consequence class, and period.",V08-F006,memory-graph,partial,unverified,branch-only,phase0,P3,"apps/api/migrations/0006_objects.sql (event_time, observation_time, valid_from/valid_to, recorded_at); apps/web/app/observation/evidence/[evdId]/page.tsx (Four times); apps/api/test/acceptance/acceptance.test.ts: as-of (known-at) retrieval shows the pre-correction state — no hindsight; apps/api/test/int/phase5-twins.test.ts: RECORD time / WORLD time","No scope-specific acceptance record binding capability version, journey, role, tenant/domain, deployment, entitlement, data/model versions, configuration, consequence class and period; no independent assurance or customer attestation (ADR-023); existing evidence is phase harness/browser/CI",AT-22; verification class in source: Control + accountable | release_status merged → branch-only from the evidence at 2e83945,v08.txt:page 56:L3151-L3196,branch+main+test
PR-23-001,V8,"23 Classification, Summaries, and Analyst Workflows",57,"The Eye SHALL provide a governed, role-appropriate capability through which authorized users can triage, classify, summarize, annotate, compare, assign, review, and publish intelligence through durable analyst workflows.",V08-F006,intelligence,partial,passed:harness,merged,phase2,P2,apps/api/src/intelligence/review/review.service.ts; apps/web/app/intelligence/review/page.tsx; apps/api/test/int/phase2-acceptance.test.ts: every claim below the review threshold has a queued case; a claim ABOVE the threshold is admitted without a case,"No classification service, summaries, analyst cases, annotation, publication workflow or analyst/reviewer separation beyond the claim review queue (CAP-UM-11, WS-04)",JRN-03; verification class in source: End-to-end product,v08.txt:page 57:L3226-L3256,main+test
PR-23-002,V8,"23 Classification, Summaries, and Analyst Workflows",57,"The product SHALL persist, expose, version, and reconcile case, queue, item, classification, summary, annotation, task, reviewer, deadline, evidence set, quality state, publication, and audit trail; identity, owner, effective time, status, provenance, and policy SHALL remain explicit.",V08-F006,intelligence,partial,passed:harness,merged,phase2,P2,"apps/api/migrations/0006_objects.sql (identity, owner, times, status, provenance, policy on every canonical object); apps/api/src/intelligence/review/review.service.ts; apps/web/app/intelligence/review/page.tsx; apps/api/test/int/phase2-acceptance.test.ts: every claim below the review threshold has a queued case; a claim ABOVE the threshold is admitted without a case","Review cases and decisions persisted; no case, assessment, summary or publication objects",verification class in source: Control + accountable,v08.txt:page 57:L3237-L3256,main+test
PR-23-003,V8,"23 Classification, Summaries, and Analyst Workflows",57,"The product SHALL enforce this human-authority boundary: AI may draft and prioritize; analysts remain accountable for accepted assessments, publication, sensitive handling, and consequential escalation.",V08-F006,intelligence,partial,passed:harness,merged,phase2,P2,apps/api/src/policy/pdp.service.ts; apps/api/test/unit/pdp.test.ts; apps/api/test/int/gate22-authority-matrix.test.ts: no port succeeds on a role outside its grantee set,"The boundary 'AI may draft and prioritize; analysts remain accountable for accepted assessments, publication, sensitive handling, and consequential escalation' is only approximated by coarse PDP roles; no named eligible authority, digest, expiry or separation record for this chapter's transitions",verification class in source: Control + accountable,v08.txt:page 57:L3248-L3256,main+test
PR-23-004,V8,"23 Classification, Summaries, and Analyst Workflows",58,"SaaS, Private Cloud, and On-Premise SHALL preserve identical outcome, object, human-authority, explanation, correction, export, replay, and failure semantics; operational variance SHALL be declared.",V08-F006,infrastructure,partial,unverified,branch-only,phase7,P7-D,docker-compose.yml (one local profile); infra/images/candidates/*.Dockerfile; .github/workflows/ci.yml: build-test,"One local Docker Compose profile only; no SaaS/Private Cloud/On-Premise deployment profiles, no golden-journey semantic diff across them, no declared operational variance (ch. 65, MET-035)",ADR-020; C-042; semantics are profile-independent by construction (single code path) but unproven | release_status merged → branch-only from the evidence at 2e83945,v08.txt:page 58:L3262-L3328,branch+main+test
PR-23-005,V8,"23 Classification, Summaries, and Analyst Workflows",58,"When classification is wrong, summary loses material nuance, assignments conflict, work becomes stale, or review is bypassed, the product SHALL retain source context and draft history, flag the defect, prevent publication, and route rework or independent review; it SHALL NOT represent unavailable, stale, unapproved, unsupported, or incomplete state as current and complete.",V08-F006,intelligence,partial,passed:harness,merged,phase2,P2,"apps/web/components/ui.tsx (DegradedBanner, ErrorNote, TruthBadge, LifecycleBadge); apps/api/src/shared/degraded-store.ts; apps/api/test/int/phase1-fault-injection.test.ts","The condition 'classification is wrong, summary loses material nuance, assignments conflict, work becomes stale, or review is bypassed' has no declared continuity contract: behaviour is fail-closed refusal plus the degraded banner; no hold/expose-affected-scope/route-to-authority path specific to th",Truth/lifecycle/degraded labelling exists generically; verification class in source: Journey + fault test,v08.txt:page 58:L3271-L3328,main+test
PR-23-006,V8,"23 Classification, Summaries, and Analyst Workflows",58,"Acceptance SHALL demonstrate golden classification and summarization sets, omission and hallucination tests, workflow recovery, reviewer separation, and analyst acceptance for the exact capability version, journey, role, tenant or domain, deployment, entitlement, data and model versions, configuration, consequence class, and period.",V08-F006,intelligence,partial,unverified,merged,phase2,P2,apps/api/src/intelligence/review/review.service.ts; apps/web/app/intelligence/review/page.tsx; apps/api/test/int/phase2-acceptance.test.ts: every claim below the review threshold has a queued case; a claim ABOVE the threshold is admitted without a case,"No scope-specific acceptance record binding capability version, journey, role, tenant/domain, deployment, entitlement, data/model versions, configuration, consequence class and period; no independent assurance or customer attestation (ADR-023); existing evidence is phase harness/browser/CI",AT-23; verification class in source: Journey + fault test,v08.txt:page 58:L3282-L3328,main+test
PR-24-001,V8,"24 Corrections, Withdrawals, Reconciliation, and",59,"The Eye SHALL provide a governed, role-appropriate capability through which authorized users can correct or withdraw evidence and derived intelligence without erasing prior state, then identify, constrain, rebuild, and reconcile every affected product. Evidence closure review Signed scope-specific acceptance record resolving release, configuration, versions, tests, conditions, and authorities.",V08-F006,data-platform,partial,passed:harness,branch-only,phase1,P3,"apps/api/src/observation/corrections/corrections.service.ts; apps/api/src/graph/strategy/impact.service.ts (/impact/preview, propagate, awaiting); apps/web/app/observation/corrections/page.tsx; apps/web/app/graph/impact/page.tsx; apps/api/test/int/phase1-acceptance.test.ts: A8 — correction, withdrawal, supersession; apps/api/test/int/phase5-propagation.test.ts: a correction case applied to cited evidence shows on the twin as PROPAGATION PENDING; apps/api/test/int/phase6-replay.test.ts: the world moves after the decision","Propagation is an operator-initiated walk, not continuous; no acknowledgment/closure workflow across consumers; the CorrectionApplied consumer for scheduled sources is deferred (SCHEDULED_COLLECTION.md §4); no projection rebuild of every derivative",CAP-UM-12; JRN-05; C-012; MET-010 | release_status merged → branch-only from the evidence at 2e83945,v08.txt:page 59:L3359-L3389,branch+main+test
PR-24-002,V8,"24 Corrections, Withdrawals, Reconciliation, and",59,"The product SHALL persist, expose, version, and reconcile correction case, authority, target version, reason, replacement, affected lineage, consumer, projection, warning, recommendation, decision, acknowledgment, and closure; identity, owner, effective time, status, provenance, and policy SHALL remain explicit.",V08-F006,data-platform,partial,passed:harness,branch-only,phase1,P3,"apps/api/migrations/0006_objects.sql (identity, owner, times, status, provenance, policy on every canonical object); apps/api/src/observation/corrections/corrections.service.ts; apps/api/src/graph/strategy/impact.service.ts (/impact/preview, propagate, awaiting); apps/web/app/observation/corrections/page.tsx; apps/web/app/graph/impact/page.tsx; apps/api/test/int/phase1-acceptance.test.ts: A8 — correction, withdrawal, supersession; apps/api/test/int/phase5-propagation.test.ts: a correction case applied to cited evidence shows on the twin as PROPAGATION PENDING; apps/api/test/int/phase6-replay.test.ts: the world moves after the decision","Correction cases, events and invalidations persisted; no acknowledgment or closure records per consumer",verification class in source: Control + accountable | release_status merged → branch-only from the evidence at 2e83945,v08.txt:page 59:L3370-L3389,branch+main+test
PR-24-003,V8,"24 Corrections, Withdrawals, Reconciliation, and",59,The product SHALL enforce this human-authority boundary: correction authority may change decision-active state but cannot alter what was historically available; affected humans determine whether prior decisions require review.,V08-F006,data-platform,partial,passed:harness,merged,phase1,P3,apps/api/src/policy/pdp.service.ts; apps/api/test/unit/pdp.test.ts; apps/api/test/int/gate22-authority-matrix.test.ts: no port succeeds on a role outside its grantee set,"The boundary 'correction authority may change decision-active state but cannot alter what was historically available; affected humans determine whether prior decisions requir' is only approximated by coarse PDP roles; no named eligible authority, digest, expiry or separation record for this chapter'",verification class in source: Control + accountable,v08.txt:page 59:L3381-L3389,main+test
PR-24-004,V8,"24 Corrections, Withdrawals, Reconciliation, and",60,"SaaS, Private Cloud, and On-Premise SHALL preserve identical outcome, object, human-authority, explanation, correction, export, replay, and failure semantics; operational variance SHALL be declared.",V08-F006,infrastructure,partial,unverified,branch-only,phase7,P7-D,docker-compose.yml (one local profile); infra/images/candidates/*.Dockerfile; .github/workflows/ci.yml: build-test,"One local Docker Compose profile only; no SaaS/Private Cloud/On-Premise deployment profiles, no golden-journey semantic diff across them, no declared operational variance (ch. 65, MET-035)",ADR-020; C-042; semantics are profile-independent by construction (single code path) but unproven | release_status merged → branch-only from the evidence at 2e83945,v08.txt:page 60:L3395-L3462,branch+main+test
PR-24-005,V8,"24 Corrections, Withdrawals, Reconciliation, and",60,"When a target is unresolved, propagation is incomplete, projections diverge, consumers fail to acknowledge, or replay cannot reconstruct prior state, the product SHALL keep the case open, visibly constrain affected products, preserve historical versions, and escalate unresolved decision impact; it SHALL NOT represent unavailable, stale, unapproved, unsupported, or incomplete state as current and…",V08-F006,data-platform,implemented,passed:harness,branch-only,phase1,P3,"apps/api/test/int/phase5-propagation.test.ts: the citing version goes UNVERIFIED by event; apps/api/test/int/phase1-acceptance.test.ts: a SPOOFED correction — claiming another domain's evidence — resolves nothing; apps/web/components/ui.tsx (DegradedBanner, ErrorNote, TruthBadge, LifecycleBadge); apps/api/src/shared/degraded-store.ts; apps/api/test/int/phase1-fault-injection.test.ts",Impact is exposed on twins/forecasts/packages via the walk; closure and acknowledgment are not tracked,"Stale/unavailable/synthetic state is labelled (TruthBadge, LifecycleBadge, DegradedBanner); verification class in source: Journey + fault test | release_status merged → branch-only from the evidence at 2e83945",v08.txt:page 60:L3404-L3462,branch+main+test
PR-24-006,V8,"24 Corrections, Withdrawals, Reconciliation, and",60,"Acceptance SHALL demonstrate end-to-end correction fixtures, impact analysis, projection rebuild, consumer acknowledgment, Decision Replay, and governance closure for the exact capability version, journey, role, tenant or domain, deployment, entitlement, data and model versions, configuration, consequence class, and period.",V08-F006,data-platform,partial,unverified,branch-only,phase1,P3,"apps/api/src/observation/corrections/corrections.service.ts; apps/api/src/graph/strategy/impact.service.ts (/impact/preview, propagate, awaiting); apps/web/app/observation/corrections/page.tsx; apps/web/app/graph/impact/page.tsx; apps/api/test/int/phase1-acceptance.test.ts: A8 — correction, withdrawal, supersession; apps/api/test/int/phase5-propagation.test.ts: a correction case applied to cited evidence shows on the twin as PROPAGATION PENDING; apps/api/test/int/phase6-replay.test.ts: the world moves after the decision","No scope-specific acceptance record binding capability version, journey, role, tenant/domain, deployment, entitlement, data/model versions, configuration, consequence class and period; no independent assurance or customer attestation (ADR-023); existing evidence is phase harness/browser/CI",AT-24; verification class in source: Control + accountable | release_status merged → branch-only from the evidence at 2e83945,v08.txt:page 60:L3416-L3462,branch+main+test
PR-25-001,V8,25 Weak Signal Detection,62,"The Eye SHALL provide a governed, role-appropriate capability through which authorized users can discover low-frequency, low- confidence, cross-domain, or emerging patterns before they become obvious while preserving evidence and uncertainty. Evidence closure review Signed scope-specific acceptance record resolving release, configuration, versions, tests, conditions, and authorities.",V08-F007,prediction,missing,unverified,none,omission,P4,,"Build weak-signal workbench: nomination, novelty/persistence tests, baseline deviation, evidence, uncertainty, analyst disposition and learning (CAP-FW-01, JRN-06, OBJ-17/18)",C-032; MET-019/020,v08.txt:page 62:L3500-L3538,
PR-25-002,V8,25 Weak Signal Detection,62,"The product SHALL persist, expose, version, and reconcile signal, hypothesis, feature set, baseline, deviation, source diversity, confidence, novelty, persistence, relevance, analyst disposition, and outcome; identity, owner, effective time, status, provenance, and policy SHALL remain explicit.",V08-F007,prediction,missing,unverified,none,omission,P4,,"No persisted state for this chapter; build the object model with identity, owner, effective time, status, provenance and policy together with the capability in PR-25-001",verification class in source: Control + accountable,v08.txt:page 62:L3511-L3538,
PR-25-003,V8,25 Weak Signal Detection,62,"The product SHALL enforce this human-authority boundary: AI may nominate and rank weak signals; humans decide strategic relevance, escalation, collection changes, and incorporation into assessments.",V08-F007,prediction,missing,unverified,none,omission,P4,,"No capability exists to gate; when built, the boundary 'AI may nominate and rank weak signals; humans decide strategic relevance, escalation, collection changes, and incorporation into assessments' must be a PDP rule with named eligible authority, digest and audit",verification class in source: Control + accountable,v08.txt:page 62:L3522-L3538,
PR-25-004,V8,25 Weak Signal Detection,62,"SaaS, Private Cloud, and On-Premise SHALL preserve identical outcome, object, human-authority, explanation, correction, export, replay, and failure semantics; operational variance SHALL be declared.",V08-F007,prediction,missing,unverified,none,omission,P7-D,,"Capability absent, so parity cannot be declared; when built, add the chapter's golden journey to the cross-profile conformance suite (ch. 65)",ADR-020; PAR catalog,v08.txt:page 62:L3531-L3538,
PR-25-005,V8,25 Weak Signal Detection,63,"When signals are driven by source artifacts, correlated feeds, model drift, seasonal noise, or insufficient evidence, the product SHALL label the signal as tentative or invalid, expose contributing evidence and blind spots, suppress unsafe escalation, and retain evaluation history; it SHALL NOT represent unavailable, stale, unapproved, unsupported, or incomplete state as current and complete.",V08-F007,prediction,missing,unverified,none,omission,P4,,"No continuity path exists for 'signals are driven by source artifacts, correlated feeds, model drift, seasonal noise, or insufficient evidence'; build hold/expose/route behaviour with the capability",verification class in source: Journey + fault test,v08.txt:page 63:L3544-L3600,
PR-25-006,V8,25 Weak Signal Detection,63,"Acceptance SHALL demonstrate seeded-signal and null tests, source- independence checks, drift controls, analyst disposition evidence, false-positive analysis, and replay for the exact capability version, journey, role, tenant or domain, deployment, entitlement, data and model versions, configuration, consequence class, and period.",V08-F007,prediction,missing,unverified,none,omission,P4,,No capability and no acceptance evidence; AT-25 cannot start,AT-25,v08.txt:page 63:L3555-L3600,
PR-26-001,V8,26 Early Warning System,64,"The Eye SHALL provide a governed, role-appropriate capability through which authorized users can convert governed indicators and weak signals into timely, severity-appropriate, explainable warnings with explicit owner, acknowledgment, action, expiry, and outcome.",V08-F007,prediction,partial,passed:harness,branch-only,phase4,P4,"apps/api/src/prediction/prediction.controller.ts (/warnings/*, /indicators/*); apps/api/migrations/0029_prediction_forecasts_scenarios_warnings_outcomes.sql (warnings_current: consequence, confidence, response_window, routed_to); apps/web/app/prediction/warnings/page.tsx; apps/api/test/int/phase4-acceptance.test.ts: D5/D6 · an indicator breach FLIPS the branch with a receipt and raises a warning to a named owner; D6 · a warning nobody acknowledged before its window closed is recorded as EXPIRED; e2e/phase4-prediction.demo.spec.ts: ACTION/STATE cases","No severity classes, policy-path approval, delivery channels or receipts, deduplication across warnings, suppression (OBJ-21), escalation drills or delivery/acknowledgment latency measurement; warnings arise only from indicator breaches",CAP-FW-02/03; JRN-07; C-033; MET-021..023; verification class in source: End-to-end product | release_status merged → branch-only from the evidence at 2e83945,v08.txt:page 64:L3630-L3660,branch+test
PR-26-002,V8,26 Early Warning System,64,"The product SHALL persist, expose, version, and reconcile warning, trigger, threshold, severity, confidence, evidence, affected objective, owner, recipients, acknowledgment, escalation, suppression, action, and closure; identity, owner, effective time, status, provenance, and policy SHALL remain explicit.",V08-F007,prediction,partial,passed:harness,branch-only,phase4,P4,"apps/api/migrations/0006_objects.sql (identity, owner, times, status, provenance, policy on every canonical object); apps/api/src/prediction/prediction.controller.ts (/warnings/*, /indicators/*); apps/api/migrations/0029_prediction_forecasts_scenarios_warnings_outcomes.sql (warnings_current: consequence, confidence, response_window, routed_to); apps/web/app/prediction/warnings/page.tsx; apps/api/test/int/phase4-acceptance.test.ts: D5/D6 · an indicator breach FLIPS the branch with a receipt and raises a warning to a named owner; D6 · a warning nobody acknowledged before its window closed is recorded as EXPIRED; e2e/phase4-prediction.demo.spec.ts: ACTION/STATE cases","Warning state, owner, window, acknowledgement persisted; no severity, recipients, delivery receipts or suppression",verification class in source: Control + accountable | release_status merged → branch-only from the evidence at 2e83945,v08.txt:page 64:L3641-L3660,branch+main+test
PR-26-003,V8,26 Early Warning System,64,"The product SHALL enforce this human-authority boundary: AI may detect and recommend; humans approve material warning policies, consequence-specific escalation, suppression exceptions, and institutional action.",V08-F007,prediction,partial,passed:harness,merged,phase4,P4,apps/api/src/policy/pdp.service.ts; apps/api/test/unit/pdp.test.ts; apps/api/test/int/gate22-authority-matrix.test.ts: no port succeeds on a role outside its grantee set,"The boundary 'AI may detect and recommend; humans approve material warning policies, consequence-specific escalation, suppression exceptions, and institutional action' is only approximated by coarse PDP roles; no named eligible authority, digest, expiry or separation record for this chapter's transi",verification class in source: Control + accountable,v08.txt:page 64:L3652-L3660,main+test
PR-26-004,V8,26 Early Warning System,65,"SaaS, Private Cloud, and On-Premise SHALL preserve identical outcome, object, human-authority, explanation, correction, export, replay, and failure semantics; operational variance SHALL be declared.",V08-F007,infrastructure,partial,unverified,branch-only,phase7,P7-D,docker-compose.yml (one local profile); infra/images/candidates/*.Dockerfile; .github/workflows/ci.yml: build-test,"One local Docker Compose profile only; no SaaS/Private Cloud/On-Premise deployment profiles, no golden-journey semantic diff across them, no declared operational variance (ch. 65, MET-035)",ADR-020; C-042; semantics are profile-independent by construction (single code path) but unproven | release_status merged → branch-only from the evidence at 2e83945,v08.txt:page 65:L3666-L3731,branch+main+test
PR-26-005,V8,26 Early Warning System,65,"When a trigger is late, noisy, duplicated, policy-filtered, unowned, unacknowledged, or unsupported by current evidence, the product SHALL declare warning quality, deduplicate, escalate by policy, preserve non-delivery evidence, and prevent unsupported severity or closure; it SHALL NOT represent unavailable, stale, unapproved, unsupported, or incomplete state as current and complete.",V08-F007,prediction,implemented,passed:harness,branch-only,phase4,P4,"apps/api/test/int/phase4-acceptance.test.ts: D6 · a warning nobody acknowledged before its window closed is recorded as EXPIRED, not left silently open; e2e/phase4-prediction.demo.spec.ts: STATE: a warning issued after its decision deadline is a MISSED DECISION; apps/web/components/ui.tsx (DegradedBanner, ErrorNote, TruthBadge, LifecycleBadge); apps/api/src/shared/degraded-store.ts; apps/api/test/int/phase1-fault-injection.test.ts",No degraded path for a lost delivery channel or recipient unavailability,"Stale/unavailable/synthetic state is labelled (TruthBadge, LifecycleBadge, DegradedBanner); verification class in source: Journey + fault test | release_status merged → branch-only from the evidence at 2e83945",v08.txt:page 65:L3675-L3731,branch+main+test
PR-26-006,V8,26 Early Warning System,65,"Acceptance SHALL demonstrate trigger and latency tests, escalation drills, delivery receipts, suppression controls, false-positive and missed-event analysis, and owner acceptance for the exact capability version, journey, role, tenant or domain, deployment, entitlement, data and model versions, configuration, consequence class, and period.",V08-F007,prediction,partial,unverified,branch-only,phase4,P4,"apps/api/src/prediction/prediction.controller.ts (/warnings/*, /indicators/*); apps/api/migrations/0029_prediction_forecasts_scenarios_warnings_outcomes.sql (warnings_current: consequence, confidence, response_window, routed_to); apps/web/app/prediction/warnings/page.tsx; apps/api/test/int/phase4-acceptance.test.ts: D5/D6 · an indicator breach FLIPS the branch with a receipt and raises a warning to a named owner; D6 · a warning nobody acknowledged before its window closed is recorded as EXPIRED; e2e/phase4-prediction.demo.spec.ts: ACTION/STATE cases","No scope-specific acceptance record binding capability version, journey, role, tenant/domain, deployment, entitlement, data/model versions, configuration, consequence class and period; no independent assurance or customer attestation (ADR-023); existing evidence is phase harness/browser/CI",AT-26; verification class in source: Control + accountable | release_status merged → branch-only from the evidence at 2e83945,v08.txt:page 65:L3686-L3731,branch+test
PR-27-001,V8,27 Risk Intelligence,66,"The Eye SHALL provide a governed, role-appropriate capability through which authorized users can identify, assess, connect, prioritize, monitor, mitigate, and learn from strategic risks against objectives, capabilities, dependencies, and risk appetite.",V08-F008,prediction,missing,unverified,none,omission,P4,,"Build risk intelligence: risk register with exposure, appetite, controls, mitigation, owner, residual exposure, aggregation rules and outcomes (CAP-FW-04, JRN-08, OBJ-22)",WS-09; C-026; verification class in source: End-to-end product,v08.txt:page 66:L3761-L3791,
PR-27-002,V8,27 Risk Intelligence,66,"The product SHALL persist, expose, version, and reconcile risk, category, cause, event, consequence, likelihood distribution, exposure, velocity, owner, appetite, control, mitigation, indicator, residual risk, and review; identity, owner, effective time, status, provenance, and policy SHALL remain explicit.",V08-F008,prediction,missing,unverified,none,omission,P4,,"No persisted state for this chapter; build the object model with identity, owner, effective time, status, provenance and policy together with the capability in PR-27-001",verification class in source: Control + accountable,v08.txt:page 66:L3772-L3791,
PR-27-003,V8,27 Risk Intelligence,66,"The product SHALL enforce this human-authority boundary: AI may estimate and recommend; accountable human risk owners accept assessments, appetite decisions, mitigation commitments, and residual risk.",V08-F008,prediction,missing,unverified,none,omission,P4,,"No capability exists to gate; when built, the boundary 'AI may estimate and recommend; accountable human risk owners accept assessments, appetite decisions, mitigation commitments, and residual risk' must be a PDP rule with named eligible authority, digest and audit",verification class in source: Control + accountable,v08.txt:page 66:L3783-L3791,
PR-27-004,V8,27 Risk Intelligence,67,"SaaS, Private Cloud, and On-Premise SHALL preserve identical outcome, object, human-authority, explanation, correction, export, replay, and failure semantics; operational variance SHALL be declared.",V08-F008,prediction,missing,unverified,none,omission,P7-D,,"Capability absent, so parity cannot be declared; when built, add the chapter's golden journey to the cross-profile conformance suite (ch. 65)",ADR-020; PAR catalog,v08.txt:page 67:L3797-L3864,
PR-27-005,V8,27 Risk Intelligence,67,"When risk is unowned, double-counted, stale, based on invalid dependencies, outside appetite, or expressed with false precision, the product SHALL show uncertainty and ownership gaps, constrain aggregate scores, escalate breaches, and preserve competing assessments; it SHALL NOT represent unavailable, stale, unapproved, unsupported, or incomplete state as current and complete.",V08-F008,prediction,missing,unverified,none,omission,P4,,"No continuity path exists for 'risk is unowned, double-counted, stale, based on invalid dependencies, outside appetite, or expressed with false precision'; build hold/expose/route behaviour with the capability",verification class in source: Journey + fault test,v08.txt:page 67:L3806-L3864,
PR-27-006,V8,27 Risk Intelligence,67,"Acceptance SHALL demonstrate risk taxonomy fixtures, aggregation and dependency tests, appetite breach workflow, calibration, mitigation tracking, and risk-owner acceptance for the exact capability version, journey, role, tenant or domain, deployment, entitlement, data and model versions, configuration, consequence class, and period.",V08-F008,prediction,missing,unverified,none,omission,P4,,No capability and no acceptance evidence; AT-27 cannot start,AT-27,v08.txt:page 67:L3818-L3864,
PR-28-001,V8,28 Opportunity Intelligence,68,"The Eye SHALL provide a governed, role-appropriate capability through which authorized users can discover, assess, compare, sponsor, monitor, and learn from strategic opportunities aligned to objectives and capabilities.",V08-F008,prediction,missing,unverified,none,omission,P4,apps/api/src/decision/packages/package.service.ts ('opportunity' as an option label only),"Build opportunity intelligence: hypotheses, value ranges, timing, options, challenge, sponsorship and outcome linkage (CAP-FW-05, JRN-09, OBJ-23)",WS-09; verification class in source: End-to-end product,v08.txt:page 68:L3893-L3931,branch
PR-28-002,V8,28 Opportunity Intelligence,68,"The product SHALL persist, expose, version, and reconcile opportunity, evidence, hypothesis, market or technology, value range, timing, dependencies, required capabilities, risks, sponsor, option, stage, decision, and outcome; identity, owner, effective time, status, provenance, and policy SHALL remain explicit.",V08-F008,prediction,missing,unverified,none,omission,P4,,"No persisted state for this chapter; build the object model with identity, owner, effective time, status, provenance and policy together with the capability in PR-28-001",verification class in source: Control + accountable,v08.txt:page 68:L3904-L3931,
PR-28-003,V8,28 Opportunity Intelligence,68,"The product SHALL enforce this human-authority boundary: AI may surface and model opportunities; humans choose sponsorship, capital, risk acceptance, commitments, and strategic direction.",V08-F008,prediction,missing,unverified,none,omission,P4,,"No capability exists to gate; when built, the boundary 'AI may surface and model opportunities; humans choose sponsorship, capital, risk acceptance, commitments, and strategic direction' must be a PDP rule with named eligible authority, digest and audit",verification class in source: Control + accountable,v08.txt:page 68:L3915-L3931,
PR-28-004,V8,28 Opportunity Intelligence,68,"SaaS, Private Cloud, and On-Premise SHALL preserve identical outcome, object, human-authority, explanation, correction, export, replay, and failure semantics; operational variance SHALL be declared.",V08-F008,prediction,missing,unverified,none,omission,P7-D,,"Capability absent, so parity cannot be declared; when built, add the chapter's golden journey to the cross-profile conformance suite (ch. 65)",ADR-020; PAR catalog,v08.txt:page 68:L3924-L3931,
PR-28-005,V8,28 Opportunity Intelligence,69,"When an opportunity is duplicative, speculative, misaligned, unowned, time-expired, or based on insufficient or biased evidence, the product SHALL retain it as a hypothesis or close it with reason, expose uncertainty and gaps, and prevent unsupported value claims; it SHALL NOT represent unavailable, stale, unapproved, unsupported, or incomplete state as current and complete.",V08-F008,prediction,missing,unverified,none,omission,P4,,"No continuity path exists for 'an opportunity is duplicative, speculative, misaligned, unowned, time-expired, or based on insufficient or biased evidence'; build hold/expose/route behaviour with the capability",verification class in source: Journey + fault test,v08.txt:page 69:L3937-L3994,
PR-28-006,V8,28 Opportunity Intelligence,69,"Acceptance SHALL demonstrate opportunity discovery tests, objective and capability linkage, option comparison, evidence challenge, sponsor workflow, and outcome attribution for the exact capability version, journey, role, tenant or domain, deployment, entitlement, data and model versions, configuration, consequence class, and period.",V08-F008,prediction,missing,unverified,none,omission,P4,,No capability and no acceptance evidence; AT-28 cannot start,AT-28,v08.txt:page 69:L3948-L3994,
PR-29-001,V8,29 Competitor Intelligence,70,"The Eye SHALL provide a governed, role-appropriate capability through which authorized users can maintain evidence-backed competitor profiles, strategies, products, capabilities, movements, dependencies, and comparative assessments across time. Evidence closure review Signed scope-specific acceptance record resolving release, configuration, versions, tests, conditions, and authorities.",V08-F008,prediction,missing,unverified,none,omission,P4,,"Build competitor intelligence workspace: temporal competitor profiles, comparative assessments, identity resolution of competitors, source diversity, alerts and replay (CAP-FW-06, JRN-10)",WS-10,v08.txt:page 70:L4023-L4061,
PR-29-002,V8,29 Competitor Intelligence,70,"The product SHALL persist, expose, version, and reconcile competitor, entity identity, product, market, capability, objective, action, event, claim, comparison basis, confidence, timeline, alert, and assessment; identity, owner, effective time, status, provenance, and policy SHALL remain explicit.",V08-F008,prediction,missing,unverified,none,omission,P4,,"No persisted state for this chapter; build the object model with identity, owner, effective time, status, provenance and policy together with the capability in PR-29-001",verification class in source: Control + accountable,v08.txt:page 70:L4034-L4061,
PR-29-003,V8,29 Competitor Intelligence,70,"The product SHALL enforce this human-authority boundary: AI may collect, resolve, compare, and propose interpretations; analysts approve material assessments and executives decide response.",V08-F008,prediction,missing,unverified,none,omission,P4,,"No capability exists to gate; when built, the boundary 'AI may collect, resolve, compare, and propose interpretations; analysts approve material assessments and executives decide response' must be a PDP rule with named eligible authority, digest and audit",verification class in source: Control + accountable,v08.txt:page 70:L4045-L4061,
PR-29-004,V8,29 Competitor Intelligence,70,"SaaS, Private Cloud, and On-Premise SHALL preserve identical outcome, object, human-authority, explanation, correction, export, replay, and failure semantics; operational variance SHALL be declared.",V08-F008,prediction,missing,unverified,none,omission,P7-D,,"Capability absent, so parity cannot be declared; when built, add the chapter's golden journey to the cross-profile conformance suite (ch. 65)",ADR-020; PAR catalog,v08.txt:page 70:L4054-L4061,
PR-29-005,V8,29 Competitor Intelligence,71,"When identity is mistaken, sources are correlated or manipulated, comparisons use incompatible definitions, or coverage becomes stale, the product SHALL mark the assessment limited, preserve conflicting evidence, suspend invalid comparisons, and route revalidation; it SHALL NOT represent unavailable, stale, unapproved, unsupported, or incomplete state as current and complete.",V08-F008,prediction,missing,unverified,none,omission,P4,,"No continuity path exists for 'identity is mistaken, sources are correlated or manipulated, comparisons use incompatible definitions, or coverage becomes stale'; build hold/expose/route behaviour with the capability",verification class in source: Journey + fault test,v08.txt:page 71:L4067-L4125,
PR-29-006,V8,29 Competitor Intelligence,71,"Acceptance SHALL demonstrate entity-resolution corpus, source- diversity tests, comparable-basis controls, temporal replay, analyst challenge, and decision-use evidence for the exact capability version, journey, role, tenant or domain, deployment, entitlement, data and model versions, configuration, consequence class, and period.",V08-F008,prediction,missing,unverified,none,omission,P4,,No capability and no acceptance evidence; AT-29 cannot start,AT-29,v08.txt:page 71:L4078-L4125,
PR-30-001,V8,30 Supply Chain Intelligence,72,"The Eye SHALL provide a governed, role-appropriate capability through which authorized users can map multi-tier supply networks, materials, products, facilities, routes, inventories, obligations, exposures, disruptions, and response options.",V08-F008,prediction,partial,passed:harness,branch-only,phase5,P4,apps/api/src/twin/models/supply-flow.ts; apps/api/migrations/0032_twin_registry.sql ('supply-chain' kind); apps/api/test/unit/phase5-supply-flow.test.ts; e2e/phase4-prediction.demo.spec.ts: TWINS: the NORDWERK twin shows its synthetic world,"No multi-tier network mapping, disruption detection, coverage limits or alternatives workspace; supply chain exists only as the single twin kind and its flow model on a synthetic company (docs/phase1/SYNTHETIC_COMPANY_SPEC.md)",CAP-FW-07; JRN-11; verification class in source: End-to-end product | release_status merged → branch-only from the evidence at 2e83945,v08.txt:page 72:L4155-L4185,branch+test
PR-30-002,V8,30 Supply Chain Intelligence,72,"The product SHALL persist, expose, version, and reconcile supplier, facility, part, product, shipment, route, inventory, capacity, dependency, event, risk, alternative, constraint, confidence, and temporal state; identity, owner, effective time, status, provenance, and policy SHALL remain explicit.",V08-F008,prediction,partial,passed:harness,branch-only,phase5,P4,"apps/api/migrations/0006_objects.sql (identity, owner, times, status, provenance, policy on every canonical object); apps/api/src/twin/models/supply-flow.ts; apps/api/migrations/0032_twin_registry.sql ('supply-chain' kind); apps/api/test/unit/phase5-supply-flow.test.ts; e2e/phase4-prediction.demo.spec.ts: TWINS: the NORDWERK twin shows its synthetic world","Twin elements for one supply-chain twin; no supplier network, tier, constraint or disruption objects",verification class in source: Control + accountable | release_status merged → branch-only from the evidence at 2e83945,v08.txt:page 72:L4166-L4185,branch+main+test
PR-30-003,V8,30 Supply Chain Intelligence,72,"The product SHALL enforce this human-authority boundary: AI may infer hidden dependencies and forecast disruption; humans validate sensitive relationships and decide supplier, inventory, routing, and contractual actions.",V08-F008,prediction,partial,passed:harness,merged,phase5,P4,apps/api/src/policy/pdp.service.ts; apps/api/test/unit/pdp.test.ts; apps/api/test/int/gate22-authority-matrix.test.ts: no port succeeds on a role outside its grantee set,"The boundary 'AI may infer hidden dependencies and forecast disruption; humans validate sensitive relationships and decide supplier, inventory, routing, and contractual actio' is only approximated by coarse PDP roles; no named eligible authority, digest, expiry or separation record for this chapter'",verification class in source: Control + accountable,v08.txt:page 72:L4177-L4185,main+test
PR-30-004,V8,30 Supply Chain Intelligence,73,"SaaS, Private Cloud, and On-Premise SHALL preserve identical outcome, object, human-authority, explanation, correction, export, replay, and failure semantics; operational variance SHALL be declared.",V08-F008,infrastructure,partial,unverified,branch-only,phase7,P7-D,docker-compose.yml (one local profile); infra/images/candidates/*.Dockerfile; .github/workflows/ci.yml: build-test,"One local Docker Compose profile only; no SaaS/Private Cloud/On-Premise deployment profiles, no golden-journey semantic diff across them, no declared operational variance (ch. 65, MET-035)",ADR-020; C-042; semantics are profile-independent by construction (single code path) but unproven | release_status merged → branch-only from the evidence at 2e83945,v08.txt:page 73:L4191-L4258,branch+main+test
PR-30-005,V8,30 Supply Chain Intelligence,73,"When network coverage is incomplete, identities conflict, telemetry is late, inferred tiers are uncertain, or alternatives are infeasible, the product SHALL show coverage and confidence, isolate invalid dependencies, constrain recommendations, and preserve scenario branches for review; it SHALL NOT represent unavailable, stale, unapproved, unsupported, or incomplete state as current and complete.",V08-F008,prediction,partial,passed:harness,merged,phase5,P4,"apps/web/components/ui.tsx (DegradedBanner, ErrorNote, TruthBadge, LifecycleBadge); apps/api/src/shared/degraded-store.ts; apps/api/test/int/phase1-fault-injection.test.ts","The condition 'network coverage is incomplete, identities conflict, telemetry is late, inferred tiers are uncertain, or alternatives are infeasible' has no declared continuity contract: behaviour is fail-closed refusal plus the degraded banner; no hold/expose-affected-scope/route-to-authority path s",Truth/lifecycle/degraded labelling exists generically; verification class in source: Journey + fault test,v08.txt:page 73:L4199-L4258,main+test
PR-30-006,V8,30 Supply Chain Intelligence,73,"Acceptance SHALL demonstrate network and identity fixtures, tier- coverage measures, disruption replay, alternative feasibility checks, source reconciliation, and operator acceptance for the exact capability version, journey, role, tenant or domain, deployment, entitlement, data and model versions, configuration, consequence class, and period.",V08-F008,prediction,partial,unverified,branch-only,phase5,P4,apps/api/src/twin/models/supply-flow.ts; apps/api/migrations/0032_twin_registry.sql ('supply-chain' kind); apps/api/test/unit/phase5-supply-flow.test.ts; e2e/phase4-prediction.demo.spec.ts: TWINS: the NORDWERK twin shows its synthetic world,"No scope-specific acceptance record binding capability version, journey, role, tenant/domain, deployment, entitlement, data/model versions, configuration, consequence class and period; no independent assurance or customer attestation (ADR-023); existing evidence is phase harness/browser/CI",AT-30; verification class in source: Control + accountable | release_status merged → branch-only from the evidence at 2e83945,v08.txt:page 73:L4212-L4258,branch+test
PR-31-001,V8,"31 Geopolitical, Technology, Cyber, and Financial",74,"The Eye SHALL provide a governed, role-appropriate capability through which authorized users can operate governed domain intelligence workspaces that extend the universal core without fragmenting evidence, graph, memory, forecast, scenario, or decision semantics. Evidence closure review Signed scope-specific acceptance record resolving release, configuration, versions, tests, conditions, and auth…",V08-F008,prediction,missing,unverified,none,omission,P4,,"Build the geopolitical, technology, cyber and financial intelligence packages (sources, ontology, indicators, assessments, scenarios) on a governed domain-package mechanism that does not exist (CAP-FW-08..11, ENT-13)","C-007 governed specialization; ECB/World Bank series are data feeds, not a financial package",v08.txt:page 74:L4290-L4311,
PR-31-002,V8,"31 Geopolitical, Technology, Cyber, and Financial",74,"The product SHALL persist, expose, version, and reconcile domain package, ontology extension, source set, indicator, model, assessment, watchlist, risk, opportunity, forecast, scenario, control, owner, and release; identity, owner, effective time, status, provenance, and policy SHALL remain explicit.",V08-F008,prediction,missing,unverified,none,omission,P4,,"No persisted state for this chapter; build the object model with identity, owner, effective time, status, provenance and policy together with the capability in PR-31-001",verification class in source: Control + accountable,v08.txt:page 74:L4302-L4311,
PR-31-003,V8,"31 Geopolitical, Technology, Cyber, and Financial",75,"The product SHALL enforce this human-authority boundary: domain specialists approve ontology, methodology, assessment, escalation, and use boundaries; agents and models remain bounded by the common trust and evidence contracts.",V08-F008,prediction,missing,unverified,none,omission,P4,,"No capability exists to gate; when built, the boundary 'domain specialists approve ontology, methodology, assessment, escalation, and use boundaries; agents and models remain bounded by the common trust and evidence ' must be a PDP rule with named eligible authority, digest and audit",verification class in source: Control + accountable,v08.txt:page 75:L4317-L4396,
PR-31-004,V8,"31 Geopolitical, Technology, Cyber, and Financial",75,"SaaS, Private Cloud, and On-Premise SHALL preserve identical outcome, object, human-authority, explanation, correction, export, replay, and failure semantics; operational variance SHALL be declared.",V08-F008,prediction,missing,unverified,none,omission,P7-D,,"Capability absent, so parity cannot be declared; when built, add the chapter's golden journey to the cross-profile conformance suite (ch. 65)",ADR-020; PAR catalog,v08.txt:page 75:L4327-L4396,
PR-31-005,V8,"31 Geopolitical, Technology, Cyber, and Financial",75,"When a domain package conflicts with canonical semantics, uses unapproved sources or models, exceeds purpose, or creates incompatible risk meaning, the product SHALL disable the incompatible function, preserve accessible state, expose the conflict, and route package governance and migration; it SHALL NOT represent unavailable, stale, unapproved, unsupported, or incomplete state as current and com…",V08-F008,prediction,missing,unverified,none,omission,P4,,"No continuity path exists for 'a domain package conflicts with canonical semantics, uses unapproved sources or models, exceeds purpose, or creates incompatible risk meaning'; build hold/expose/route behaviour with the capability",verification class in source: Journey + fault test,v08.txt:page 75:L4336-L4396,
PR-31-006,V8,"31 Geopolitical, Technology, Cyber, and Financial",75,"Acceptance SHALL demonstrate domain conformance suites, ontology and contract compatibility, source and model approval, cross-domain journey tests, and authority acceptance for the exact capability version, journey, role, tenant or domain, deployment, entitlement, data and model versions, configuration, consequence class, and period.",V08-F008,prediction,missing,unverified,none,omission,P4,,No capability and no acceptance evidence; AT-31 cannot start,AT-31,v08.txt:page 75:L4348-L4396,
PR-32-001,V8,32 Forecasting and Prediction Horizons,76,"The Eye SHALL provide a governed, role-appropriate capability through which authorized users can create, compare, monitor, calibrate, supersede, and consume probabilistic forecasts at 30-day, 90-day, 180-day, 1-year, 3-year, and 5-year horizons.",V08-F009,prediction,partial,passed:harness,branch-only,phase4,P4,"apps/api/src/prediction/forecasting/forecasting.service.ts (30d/90d/180d/1y/3y/5y); apps/api/src/prediction/models/models.ts (seasonal naive, Holt-Winters, pinball); apps/web/app/prediction/forecasts/page.tsx; apps/web/app/prediction/calibration/page.tsx; apps/api/test/int/phase4-acceptance.test.ts: D1 · a forecast names distribution, horizon, drivers, assumptions and evidence — or is refused; D4 · an outcome is scored from the observation known at the target; e2e/phase4-prediction.demo.spec.ts: the calibration screen labels every backtest with its knowledge mode","Model families are seasonal naive and Holt-Winters only; no event/causal/judgmental methods, no per-target/horizon/domain validation beyond the demo series; ECB retrospective validation unverified (publisher unreachable, FULL_PRODUCT_DELIVERY_REGISTER.md §7)",CAP-FW-12; JRN-12; C-020/021; ADR-011; MET-024/025; verification class in source: End-to-end product | UNRESOLVED pointer(s) at 2e83945: D3/D4 · a backtest scores the learned model AGAINST seasonal naive | release_status merged → branch-only from the evidence at 2e83945,v08.txt:page 76:L4426-L4456,branch+test
PR-32-002,V8,32 Forecasting and Prediction Horizons,76,"The product SHALL persist, expose, version, and reconcile forecast, target, horizon, cutoff, evidence snapshot, method, model, assumptions, distribution, intervals, scenarios, calibration class, owner, review, and outcome; identity, owner, effective time, status, provenance, and policy SHALL remain explicit.",V08-F009,prediction,partial,passed:harness,branch-only,phase4,P4,"apps/api/migrations/0006_objects.sql (identity, owner, times, status, provenance, policy on every canonical object); apps/api/src/prediction/forecasting/forecasting.service.ts (30d/90d/180d/1y/3y/5y); apps/api/src/prediction/models/models.ts (seasonal naive, Holt-Winters, pinball); apps/web/app/prediction/forecasts/page.tsx; apps/web/app/prediction/calibration/page.tsx; apps/api/test/int/phase4-acceptance.test.ts: D1 · a forecast names distribution, horizon, drivers, assumptions and evidence — or is refused; D4 · an outcome is scored from the observation known at the target; e2e/phase4-prediction.demo.spec.ts: the calibration screen labels every backtest with its knowledge mode","Forecast persists quantiles, drivers, assumptions, evidence_refs, refresh_cadence, validation_state, skill; no model-registry identity or reviewer sign-off",verification class in source: Control + accountable | UNRESOLVED pointer(s) at 2e83945: D3/D4 · a backtest scores the learned model AGAINST seasonal naive | release_status merged → branch-only from the evidence at 2e83945,v08.txt:page 76:L4437-L4456,branch+main+test
PR-32-003,V8,32 Forecasting and Prediction Horizons,76,"The product SHALL enforce this human-authority boundary: AI and statistical methods produce forecasts; humans approve decision- active use, material assumptions, overrides, and actions derived from them.",V08-F009,prediction,implemented,passed:harness,branch-only,phase4,P4,apps/api/src/policy/pdp.service.ts (prediction.forecast.issue: forecast_owner); apps/api/test/int/phase5-twins.test.ts: a forecast-issuing write cannot admit a TWN,No reviewer step before publication (OBJ-24 forecaster AND reviewer),verification class in source: Control + accountable | release_status merged → branch-only from the evidence at 2e83945,v08.txt:page 76:L4448-L4456,branch+main+test
PR-32-004,V8,32 Forecasting and Prediction Horizons,77,"SaaS, Private Cloud, and On-Premise SHALL preserve identical outcome, object, human-authority, explanation, correction, export, replay, and failure semantics; operational variance SHALL be declared.",V08-F009,infrastructure,partial,unverified,branch-only,phase7,P7-D,docker-compose.yml (one local profile); infra/images/candidates/*.Dockerfile; .github/workflows/ci.yml: build-test,"One local Docker Compose profile only; no SaaS/Private Cloud/On-Premise deployment profiles, no golden-journey semantic diff across them, no declared operational variance (ch. 65, MET-035)",ADR-020; C-042; semantics are profile-independent by construction (single code path) but unproven | release_status merged → branch-only from the evidence at 2e83945,v08.txt:page 77:L4462-L4530,branch+main+test
PR-32-005,V8,32 Forecasting and Prediction Horizons,77,"When a horizon is unsupported, inputs are stale, calibration fails, assumptions change, models disagree materially, or outcomes cannot be scored, the product SHALL abstain or mark the forecast degraded, expose method disagreement and sensitivity, preserve the prior version, and require review; it SHALL NOT represent unavailable, stale, unapproved, unsupported, or incomplete state as current and c…",V08-F009,prediction,implemented,passed:harness,branch-only,phase4,P4,"apps/api/test/int/phase4-acceptance.test.ts: D3 · the learned model is used only when the backtest says it earned it; otherwise the baseline; D1 · ... or is refused; apps/api/test/int/phase4-corrections.test.ts; apps/web/components/ui.tsx (DegradedBanner, ErrorNote, TruthBadge, LifecycleBadge); apps/api/src/shared/degraded-store.ts; apps/api/test/int/phase1-fault-injection.test.ts",Uncalibrated forecasts fall back to baseline; no explicit 'unsupported forecast' abstention product (FEX-11),"Stale/unavailable/synthetic state is labelled (TruthBadge, LifecycleBadge, DegradedBanner); verification class in source: Journey + fault test | release_status merged → branch-only from the evidence at 2e83945",v08.txt:page 77:L4471-L4530,branch+main+test
PR-32-006,V8,32 Forecasting and Prediction Horizons,77,"Acceptance SHALL demonstrate backtests by horizon, leakage controls, calibration and sharpness, model comparison, assumption sensitivity, outcome scoring, and forecaster acceptance for the exact capability version, journey, role, tenant or domain, deployment, entitlement, data and model versions, configuration, consequence class, and period.",V08-F009,prediction,partial,unverified,branch-only,phase4,P4,"apps/api/src/prediction/forecasting/forecasting.service.ts (30d/90d/180d/1y/3y/5y); apps/api/src/prediction/models/models.ts (seasonal naive, Holt-Winters, pinball); apps/web/app/prediction/forecasts/page.tsx; apps/web/app/prediction/calibration/page.tsx; apps/api/test/int/phase4-acceptance.test.ts: D1 · a forecast names distribution, horizon, drivers, assumptions and evidence — or is refused; D4 · an outcome is scored from the observation known at the target; e2e/phase4-prediction.demo.spec.ts: the calibration screen labels every backtest with its knowledge mode","No scope-specific acceptance record binding capability version, journey, role, tenant/domain, deployment, entitlement, data/model versions, configuration, consequence class and period; no independent assurance or customer attestation (ADR-023); existing evidence is phase harness/browser/CI",AT-32; verification class in source: Control + accountable | UNRESOLVED pointer(s) at 2e83945: D3/D4 · a backtest scores the learned model AGAINST seasonal naive | release_status merged → branch-only from the evidence at 2e83945,v08.txt:page 77:L4483-L4530,branch+test
PR-33-001,V8,33 Scenario Intelligence Workspace,79,"The Eye SHALL provide a governed, role-appropriate capability through which authorized users can construct multiple plausible futures with explicit drivers, uncertainties, assumptions, branch points, indicators, implications, and strategic options.",V08-F009,prediction,partial,passed:harness,branch-only,phase4,P4,"apps/api/src/prediction/scenarios/scenarios.service.ts; apps/api/migrations/0029 (scenarios_current, branches_current); 0037_branch_flip_under_both_clocks.sql; apps/web/app/prediction/scenarios/page.tsx; apps/api/test/int/phase4-acceptance.test.ts: D5/D6 · an indicator breach FLIPS the branch; e2e/phase4-prediction.demo.spec.ts: the scenario tree shows the flipped branch with its decision deadline","Scenarios are forecast-bound branch trees with indicators, owner and review cadence; no scenario sets with drivers, assumptions, uncertainties, narratives, implications, options, distinctness/consistency checks or comparator (CAP-DS-01/02, MET-026)",JRN-13; C-022; ADR-012; WS-12; verification class in source: End-to-end product | release_status merged → branch-only from the evidence at 2e83945,v08.txt:page 79:L4569-L4607,branch+test
PR-33-002,V8,33 Scenario Intelligence Workspace,79,"The product SHALL persist, expose, version, and reconcile scenario set, scenario, driver, assumption, uncertainty, branch, narrative, quantitative state, indicator, implication, option, owner, version, and status; identity, owner, effective time, status, provenance, and policy SHALL remain explicit.",V08-F009,prediction,partial,passed:harness,branch-only,phase4,P4,"apps/api/migrations/0006_objects.sql (identity, owner, times, status, provenance, policy on every canonical object); apps/api/src/prediction/scenarios/scenarios.service.ts; apps/api/migrations/0029 (scenarios_current, branches_current); 0037_branch_flip_under_both_clocks.sql; apps/web/app/prediction/scenarios/page.tsx; apps/api/test/int/phase4-acceptance.test.ts: D5/D6 · an indicator breach FLIPS the branch; e2e/phase4-prediction.demo.spec.ts: the scenario tree shows the flipped branch with its decision deadline","Scenario, branch, indicator, owner, review_cadence, state persisted; no driver, assumption, narrative, implication or option records",verification class in source: Control + accountable | release_status merged → branch-only from the evidence at 2e83945,v08.txt:page 79:L4580-L4607,branch+main+test
PR-33-003,V8,33 Scenario Intelligence Workspace,79,"The product SHALL enforce this human-authority boundary: AI may propose and elaborate scenarios; humans approve framing, plurality, assumptions, decision relevance, and use in strategic deliberation.",V08-F009,prediction,partial,passed:harness,merged,phase4,P4,apps/api/src/policy/pdp.service.ts; apps/api/test/unit/pdp.test.ts; apps/api/test/int/gate22-authority-matrix.test.ts: no port succeeds on a role outside its grantee set,"The boundary 'AI may propose and elaborate scenarios; humans approve framing, plurality, assumptions, decision relevance, and use in strategic deliberation' is only approximated by coarse PDP roles; no named eligible authority, digest, expiry or separation record for this chapter's transitions",verification class in source: Control + accountable,v08.txt:page 79:L4591-L4607,main+test
PR-33-004,V8,33 Scenario Intelligence Workspace,79,"SaaS, Private Cloud, and On-Premise SHALL preserve identical outcome, object, human-authority, explanation, correction, export, replay, and failure semantics; operational variance SHALL be declared.",V08-F009,infrastructure,partial,unverified,branch-only,phase7,P7-D,docker-compose.yml (one local profile); infra/images/candidates/*.Dockerfile; .github/workflows/ci.yml: build-test,"One local Docker Compose profile only; no SaaS/Private Cloud/On-Premise deployment profiles, no golden-journey semantic diff across them, no declared operational variance (ch. 65, MET-035)",ADR-020; C-042; semantics are profile-independent by construction (single code path) but unproven | release_status merged → branch-only from the evidence at 2e83945,v08.txt:page 79:L4600-L4607,branch+main+test
PR-33-005,V8,33 Scenario Intelligence Workspace,80,"When scenarios collapse to one forecast, omit material uncertainty, duplicate each other, contain inconsistent assumptions, or lose evidence links, the product SHALL keep scenarios distinct, expose the defect, prevent decision-active publication, and route reframing or review; it SHALL NOT represent unavailable, stale, unapproved, unsupported, or incomplete state as current and complete.",V08-F009,prediction,partial,passed:harness,branch-only,phase4,P4,"apps/api/test/int/phase5-corrections.test.ts; apps/api/test/int/phase4-corrections-historical.test.ts; apps/web/components/ui.tsx (DegradedBanner, ErrorNote, TruthBadge, LifecycleBadge); apps/api/src/shared/degraded-store.ts; apps/api/test/int/phase1-fault-injection.test.ts",No detection of collapsed/duplicate/inconsistent scenarios; decision-active publication gate absent (FEX-12),"Stale/unavailable/synthetic state is labelled (TruthBadge, LifecycleBadge, DegradedBanner); verification class in source: Journey + fault test | release_status merged → branch-only from the evidence at 2e83945",v08.txt:page 80:L4613-L4670,branch+main+test
PR-33-006,V8,33 Scenario Intelligence Workspace,80,"Acceptance SHALL demonstrate plurality and distinctness tests, assumption consistency, evidence traceability, facilitated challenge, temporal replay, and sponsor acceptance for the exact capability version, journey, role, tenant or domain, deployment, entitlement, data and model versions, configuration, consequence class, and period.",V08-F009,prediction,partial,unverified,branch-only,phase4,P4,"apps/api/src/prediction/scenarios/scenarios.service.ts; apps/api/migrations/0029 (scenarios_current, branches_current); 0037_branch_flip_under_both_clocks.sql; apps/web/app/prediction/scenarios/page.tsx; apps/api/test/int/phase4-acceptance.test.ts: D5/D6 · an indicator breach FLIPS the branch; e2e/phase4-prediction.demo.spec.ts: the scenario tree shows the flipped branch with its decision deadline","No scope-specific acceptance record binding capability version, journey, role, tenant/domain, deployment, entitlement, data/model versions, configuration, consequence class and period; no independent assurance or customer attestation (ADR-023); existing evidence is phase harness/browser/CI",AT-33; verification class in source: Control + accountable | release_status merged → branch-only from the evidence at 2e83945,v08.txt:page 80:L4624-L4670,branch+test
PR-34-001,V8,34 Scenario Marketplace,81,"The Eye SHALL provide a governed, role-appropriate capability through which authorized users can publish, discover, evaluate, license, install, configure, execute, update, and retire governed scenario packages.",V08-F009,marketplace,missing,unverified,none,omission,P7-C,,"Build the Scenario Marketplace: signed package manifests, evaluation, licensing, compatibility, sandbox install, update/revocation (CAP-DS-03, OBJ-27, ENT-12)",Never scheduled in the master build prompt; C-046; verification class in source: End-to-end product,v08.txt:page 81:L4699-L4738,
PR-34-002,V8,34 Scenario Marketplace,81,"The product SHALL persist, expose, version, and reconcile package identity, publisher, version, domain, ontology, inputs, assumptions, methods, dependencies, rights, price, evaluation, compatibility, signature, installation, and lifecycle; identity, owner, effective time, status, provenance, and policy SHALL remain explicit.",V08-F009,marketplace,missing,unverified,none,omission,P7-C,,"No persisted state for this chapter; build the object model with identity, owner, effective time, status, provenance and policy together with the capability in PR-34-001",verification class in source: Control + accountable,v08.txt:page 81:L4710-L4738,
PR-34-003,V8,34 Scenario Marketplace,81,"The product SHALL enforce this human-authority boundary: installation never grants decision authority or bypasses customer governance; customers approve package trust, data access, configuration, and decision-active use.",V08-F009,marketplace,missing,unverified,none,omission,P7-C,,"No capability exists to gate; when built, the boundary 'installation never grants decision authority or bypasses customer governance; customers approve package trust, data access, configuration, and decision-active u' must be a PDP rule with named eligible authority, digest and audit",verification class in source: Control + accountable,v08.txt:page 81:L4721-L4738,
PR-34-004,V8,34 Scenario Marketplace,81,"SaaS, Private Cloud, and On-Premise SHALL preserve identical outcome, object, human-authority, explanation, correction, export, replay, and failure semantics; operational variance SHALL be declared.",V08-F009,marketplace,missing,unverified,none,omission,P7-D,,"Capability absent, so parity cannot be declared; when built, add the chapter's golden journey to the cross-profile conformance suite (ch. 65)",ADR-020; PAR catalog,v08.txt:page 81:L4731-L4738,
PR-34-005,V8,34 Scenario Marketplace,82,"When a package is unsigned, incompatible, vulnerable, expired, misleading, unlicensed, or requests excessive data or capabilities, the product SHALL deny installation or execution, preserve installed-state evidence, notify affected users, and support rollback or removal; it SHALL NOT represent unavailable, stale, unapproved, unsupported, or incomplete state as current and complete.",V08-F009,marketplace,missing,unverified,none,omission,P7-C,,"No continuity path exists for 'a package is unsigned, incompatible, vulnerable, expired, misleading, unlicensed, or requests excessive data or capabilities'; build hold/expose/route behaviour with the capability",verification class in source: Journey + fault test,v08.txt:page 82:L4744-L4802,
PR-34-006,V8,34 Scenario Marketplace,82,"Acceptance SHALL demonstrate publisher verification, signature and supply-chain tests, compatibility fixtures, sandbox evaluation, entitlement enforcement, and customer approval for the exact capability version, journey, role, tenant or domain, deployment, entitlement, data and model versions, configuration, consequence class, and period.",V08-F009,marketplace,missing,unverified,none,omission,P7-C,,No capability and no acceptance evidence; AT-34 cannot start,AT-34,v08.txt:page 82:L4755-L4802,
PR-35-001,V8,35 Simulation Design and Run Control,83,"The Eye SHALL provide a governed, role-appropriate capability through which authorized users can define, validate, execute, compare, pause, reproduce, and retire simulations against exact scenarios, Digital Twin states, methods, constraints, and seeds.",V08-F009,twin-simulation,partial,passed:harness,branch-only,phase5,P5,"apps/api/src/twin/simulations/simulation.service.ts; apps/api/src/twin/simulations/reproduce-worker.ts; apps/api/migrations/0033_simulation_runs.sql; 0036_run_input_availability_and_scenario_as_of.sql; apps/web/app/twins/simulations/page.tsx; apps/api/test/int/phase5-simulations.test.ts: a CONTROL run completes: outputs bound, digests recorded, the SIM object SYNTHETIC; a COLD process re-executes the stored contract; e2e/phase4-prediction.demo.spec.ts: SIMULATIONS","No pause/resume/checkpoint, resource-budget governance, sensitivity analysis, capacity/fault tests or multi-model designer; one behaviour model (supply-flow@1); no simulation reviewer promotion step (OBJ-29)",CAP-DS-04/05; JRN-14; C-023; ADR-013; MET-027; verification class in source: End-to-end product | release_status merged → branch-only from the evidence at 2e83945,v08.txt:page 83:L4832-L4862,branch+test
PR-35-002,V8,35 Simulation Design and Run Control,83,"The product SHALL persist, expose, version, and reconcile simulation definition, scenario, twin snapshot, model, parameter, distribution, constraint, seed, run, checkpoint, output, sensitivity, validity, cost, and evidence; identity, owner, effective time, status, provenance, and policy SHALL remain explicit.",V08-F009,twin-simulation,partial,passed:harness,branch-only,phase5,P5,"apps/api/migrations/0006_objects.sql (identity, owner, times, status, provenance, policy on every canonical object); apps/api/src/twin/simulations/simulation.service.ts; apps/api/src/twin/simulations/reproduce-worker.ts; apps/api/migrations/0033_simulation_runs.sql; 0036_run_input_availability_and_scenario_as_of.sql; apps/web/app/twins/simulations/page.tsx; apps/api/test/int/phase5-simulations.test.ts: a CONTROL run completes: outputs bound, digests recorded, the SIM object SYNTHETIC; a COLD process re-executes the stored contract; e2e/phase4-prediction.demo.spec.ts: SIMULATIONS","Run manifest (inputs, model version, seed, interventions, control, outputs, digests, reproductions) persisted; no checkpoint, budget or validity-review records",verification class in source: Control + accountable | release_status merged → branch-only from the evidence at 2e83945,v08.txt:page 83:L4843-L4862,branch+main+test
PR-35-003,V8,35 Simulation Design and Run Control,83,"The product SHALL enforce this human-authority boundary: AI and simulation engines execute bounded methods; humans approve model suitability, material assumptions, run budgets, validity, interpretation, and decision use.",V08-F009,twin-simulation,partial,passed:harness,merged,phase5,P5,apps/api/src/policy/pdp.service.ts; apps/api/test/unit/pdp.test.ts; apps/api/test/int/gate22-authority-matrix.test.ts: no port succeeds on a role outside its grantee set,"The boundary 'AI and simulation engines execute bounded methods; humans approve model suitability, material assumptions, run budgets, validity, interpretation, and decision u' is only approximated by coarse PDP roles; no named eligible authority, digest, expiry or separation record for this chapter'",verification class in source: Control + accountable,v08.txt:page 83:L4854-L4862,main+test
PR-35-004,V8,35 Simulation Design and Run Control,84,"SaaS, Private Cloud, and On-Premise SHALL preserve identical outcome, object, human-authority, explanation, correction, export, replay, and failure semantics; operational variance SHALL be declared.",V08-F009,infrastructure,partial,unverified,branch-only,phase7,P7-D,docker-compose.yml (one local profile); infra/images/candidates/*.Dockerfile; .github/workflows/ci.yml: build-test,"One local Docker Compose profile only; no SaaS/Private Cloud/On-Premise deployment profiles, no golden-journey semantic diff across them, no declared operational variance (ch. 65, MET-035)",ADR-020; C-042; semantics are profile-independent by construction (single code path) but unproven | release_status merged → branch-only from the evidence at 2e83945,v08.txt:page 84:L4868-L4933,branch+main+test
PR-35-005,V8,35 Simulation Design and Run Control,84,"When inputs are incompatible, constraints fail, runs diverge, resources exhaust, outputs cannot reproduce, or model validity is indeterminate, the product SHALL stop or quarantine the run, preserve checkpoints and partial outputs as non-decision-active, expose limits, and require review; it SHALL NOT represent unavailable, stale, unapproved, unsupported, or incomplete state as current and complet…",V08-F009,twin-simulation,implemented,passed:harness,branch-only,phase5,P5,"apps/api/test/int/phase5-simulations.test.ts: when the pinned implementation is no longer the one the run recorded, the verdict is UNREPRODUCIBLE; a run on an incomplete twin version is refused; apps/web/components/ui.tsx (DegradedBanner, ErrorNote, TruthBadge, LifecycleBadge); apps/api/src/shared/degraded-store.ts; apps/api/test/int/phase1-fault-injection.test.ts",No partial-result handling or diagnostic-only mode for failed validity rules (FEX-13),"Stale/unavailable/synthetic state is labelled (TruthBadge, LifecycleBadge, DegradedBanner); verification class in source: Journey + fault test | release_status merged → branch-only from the evidence at 2e83945",v08.txt:page 84:L4876-L4933,branch+main+test
PR-35-006,V8,35 Simulation Design and Run Control,84,"Acceptance SHALL demonstrate reproducibility, seed and sensitivity tests, model validation, resource-boundary tests, checkpoint recovery, and specialist acceptance for the exact capability version, journey, role, tenant or domain, deployment, entitlement, data and model versions, configuration, consequence class, and period.",V08-F009,twin-simulation,partial,unverified,branch-only,phase5,P5,"apps/api/src/twin/simulations/simulation.service.ts; apps/api/src/twin/simulations/reproduce-worker.ts; apps/api/migrations/0033_simulation_runs.sql; 0036_run_input_availability_and_scenario_as_of.sql; apps/web/app/twins/simulations/page.tsx; apps/api/test/int/phase5-simulations.test.ts: a CONTROL run completes: outputs bound, digests recorded, the SIM object SYNTHETIC; a COLD process re-executes the stored contract; e2e/phase4-prediction.demo.spec.ts: SIMULATIONS","No scope-specific acceptance record binding capability version, journey, role, tenant/domain, deployment, entitlement, data/model versions, configuration, consequence class and period; no independent assurance or customer attestation (ADR-023); existing evidence is phase harness/browser/CI",AT-35; verification class in source: Journey + fault test | release_status merged → branch-only from the evidence at 2e83945,v08.txt:page 84:L4888-L4933,branch+test
PR-36-001,V8,36 Digital Twin Portfolio and State,85,"The Eye SHALL provide a governed, role-appropriate capability through which authorized users can manage living Digital Twins for company, competitors, supply chain, products, markets, regulations, infrastructure, processes, and organization.",V08-F009,twin-simulation,partial,passed:harness,branch-only,phase5,P5,apps/api/src/twin/twins/twin.service.ts; apps/api/migrations/0032_twin_registry.sql; 0034_twin_propagation_and_reconciliation.sql; 0035_twin_cutoffs_scenario_binding_reconciliation.sql; apps/web/app/twins/page.tsx; apps/api/test/int/phase5-twins.test.ts: an ALTERNATIVE branch forked from v1 coexists with the actual branch; E2 · synthetic state folds UPWARD; apps/api/test/int/phase5-propagation.test.ts: a simulated element citing a run is reconciled against a later observation,"One twin kind (supply-chain) on a synthetic company; no company/competitor/market/product/process twins, no continuous reconciliation, no time-travel/branch explorer beyond compare and as-of",CAP-DS-06/07; JRN-15; C-018/019; ADR-010; MET-028; verification class in source: End-to-end product | release_status merged → branch-only from the evidence at 2e83945,v08.txt:page 85:L4963-L4993,branch+test
PR-36-002,V8,36 Digital Twin Portfolio and State,85,"The product SHALL persist, expose, version, and reconcile twin identity, type, owner, scope, observed snapshot, synthetic branch, model, assumptions, synchronization, quality, validation, scenario use, version, and retirement; identity, owner, effective time, status, provenance, and policy SHALL remain explicit.",V08-F009,twin-simulation,partial,passed:harness,branch-only,phase5,P5,"apps/api/migrations/0006_objects.sql (identity, owner, times, status, provenance, policy on every canonical object); apps/api/src/twin/twins/twin.service.ts; apps/api/migrations/0032_twin_registry.sql; 0034_twin_propagation_and_reconciliation.sql; 0035_twin_cutoffs_scenario_binding_reconciliation.sql; apps/web/app/twins/page.tsx; apps/api/test/int/phase5-twins.test.ts: an ALTERNATIVE branch forked from v1 coexists with the actual branch; E2 · synthetic state folds UPWARD; apps/api/test/int/phase5-propagation.test.ts: a simulated element citing a run is reconciled against a later observation","Twin versions, state elements (observed/estimated/simulated/assumed), reconciliations, verification events persisted; no validity contract or freshness SLO per twin",verification class in source: Control + accountable | release_status merged → branch-only from the evidence at 2e83945,v08.txt:page 85:L4974-L4993,branch+main+test
PR-36-003,V8,36 Digital Twin Portfolio and State,85,"The product SHALL enforce this human-authority boundary: observed state and synthetic branches remain visibly separate; humans approve twin scope, validity, strategic use, and any action based on simulated state.",V08-F009,twin-simulation,implemented,passed:harness,branch-only,phase5,P5,"apps/api/test/int/phase5-twins.test.ts: declares the twin, asserted by a person; a simulation operator cannot declare, version, ground or admit","Twin owner is a role, not a named owner with validity sign-off",verification class in source: Control + accountable | release_status merged → branch-only from the evidence at 2e83945,v08.txt:page 85:L4985-L4993,branch+test
PR-36-004,V8,36 Digital Twin Portfolio and State,86,"SaaS, Private Cloud, and On-Premise SHALL preserve identical outcome, object, human-authority, explanation, correction, export, replay, and failure semantics; operational variance SHALL be declared.",V08-F009,infrastructure,partial,unverified,branch-only,phase7,P7-D,docker-compose.yml (one local profile); infra/images/candidates/*.Dockerfile; .github/workflows/ci.yml: build-test,"One local Docker Compose profile only; no SaaS/Private Cloud/On-Premise deployment profiles, no golden-journey semantic diff across them, no declared operational variance (ch. 65, MET-035)",ADR-020; C-042; semantics are profile-independent by construction (single code path) but unproven | release_status merged → branch-only from the evidence at 2e83945,v08.txt:page 86:L4999-L5066,branch+main+test
PR-36-005,V8,36 Digital Twin Portfolio and State,86,"When a twin drifts, loses synchronization, mixes observed and synthetic state, exceeds validated scope, or cannot reproduce a prior branch, the product SHALL mark the twin degraded, prohibit unsupported decision use, preserve versions, and route resynchronization or revalidation; it SHALL NOT represent unavailable, stale, unapproved, unsupported, or incomplete state as current and complete.",V08-F009,twin-simulation,implemented,passed:harness,branch-only,phase5,P5,"apps/api/test/int/phase5-twins.test.ts: a required key that is MISSING keeps a version incomplete: admission is refused unless explicit; apps/api/test/int/phase5-propagation.test.ts: PROPAGATION PENDING; apps/web/components/ui.tsx (DegradedBanner, ErrorNote, TruthBadge, LifecycleBadge); apps/api/src/shared/degraded-store.ts; apps/api/test/int/phase1-fault-injection.test.ts",Unsynchronized twin has no expiry on its last snapshot (FEX-14),"Stale/unavailable/synthetic state is labelled (TruthBadge, LifecycleBadge, DegradedBanner); verification class in source: Journey + fault test | release_status merged → branch-only from the evidence at 2e83945",v08.txt:page 86:L5008-L5066,branch+main+test
PR-36-006,V8,36 Digital Twin Portfolio and State,86,"Acceptance SHALL demonstrate state synchronization, branch isolation, time travel, model validation, drift monitoring, replay, and owner acceptance for the exact capability version, journey, role, tenant or domain, deployment, entitlement, data and model versions, configuration, consequence class, and period.",V08-F009,twin-simulation,partial,unverified,branch-only,phase5,P5,apps/api/src/twin/twins/twin.service.ts; apps/api/migrations/0032_twin_registry.sql; 0034_twin_propagation_and_reconciliation.sql; 0035_twin_cutoffs_scenario_binding_reconciliation.sql; apps/web/app/twins/page.tsx; apps/api/test/int/phase5-twins.test.ts: an ALTERNATIVE branch forked from v1 coexists with the actual branch; E2 · synthetic state folds UPWARD; apps/api/test/int/phase5-propagation.test.ts: a simulated element citing a run is reconciled against a later observation,"No scope-specific acceptance record binding capability version, journey, role, tenant/domain, deployment, entitlement, data/model versions, configuration, consequence class and period; no independent assurance or customer attestation (ADR-023); existing evidence is phase harness/browser/CI",AT-36; verification class in source: Control + accountable | release_status merged → branch-only from the evidence at 2e83945,v08.txt:page 86:L5020-L5066,branch+test
PR-37-001,V8,37 Strategy Graph and Objective-Capability,87,"The Eye SHALL provide a governed, role-appropriate capability through which authorized users can connect objectives, outcomes, measures, initiatives, capabilities, resources, dependencies, risks, opportunities, scenarios, decisions, commitments, and results.",V08-F010,decision,partial,passed:harness,merged,phase3,P6,apps/api/src/graph/strategy/strategy.service.ts; apps/api/src/graph/strategy/impact.service.ts; apps/web/app/graph/strategy/page.tsx; apps/api/test/int/phase3-acceptance.test.ts: C6 — invalidating an assumption surfaces what rested on it; propagation marks every dependent assumption UNVERIFIED,"No capability, initiative, resource or stakeholder nodes; no objective-capability alignment scoring or gap view; strategy kinds are objective/assumption/decision/commitment/outcome only (CAP-DS-08, MET-029)",C-017; WS-16; JRN-16 objectives step; verification class in source: End-to-end product,v08.txt:page 87:L5097-L5127,main+test
PR-37-002,V8,37 Strategy Graph and Objective-Capability,87,"The product SHALL persist, expose, version, and reconcile objective, outcome, measure, target, capability, initiative, resource, dependency, risk, opportunity, option, decision, commitment, outcome, and relationship evidence; identity, owner, effective time, status, provenance, and policy SHALL remain explicit.",V08-F010,decision,partial,passed:harness,merged,phase3,P6,"apps/api/migrations/0006_objects.sql (identity, owner, times, status, provenance, policy on every canonical object); apps/api/src/graph/strategy/strategy.service.ts; apps/api/src/graph/strategy/impact.service.ts; apps/web/app/graph/strategy/page.tsx; apps/api/test/int/phase3-acceptance.test.ts: C6 — invalidating an assumption surfaces what rested on it; propagation marks every dependent assumption UNVERIFIED",Strategy objects and dependencies persisted; no capability/initiative/resource records,verification class in source: Control + accountable,v08.txt:page 87:L5108-L5127,main+test
PR-37-003,V8,37 Strategy Graph and Objective-Capability,87,"The product SHALL enforce this human-authority boundary: AI may detect misalignment and recommend options; human authorities set objectives, approve measures and trade-offs, allocate resources, and commit the organization.",V08-F010,decision,partial,passed:harness,merged,phase3,P6,apps/api/src/policy/pdp.service.ts; apps/api/test/unit/pdp.test.ts; apps/api/test/int/gate22-authority-matrix.test.ts: no port succeeds on a role outside its grantee set,"The boundary 'AI may detect misalignment and recommend options; human authorities set objectives, approve measures and trade-offs, allocate resources, and commit the organiza' is only approximated by coarse PDP roles; no named eligible authority, digest, expiry or separation record for this chapter'",verification class in source: Control + accountable,v08.txt:page 87:L5119-L5127,main+test
PR-37-004,V8,37 Strategy Graph and Objective-Capability,88,"SaaS, Private Cloud, and On-Premise SHALL preserve identical outcome, object, human-authority, explanation, correction, export, replay, and failure semantics; operational variance SHALL be declared.",V08-F010,infrastructure,partial,unverified,branch-only,phase7,P7-D,docker-compose.yml (one local profile); infra/images/candidates/*.Dockerfile; .github/workflows/ci.yml: build-test,"One local Docker Compose profile only; no SaaS/Private Cloud/On-Premise deployment profiles, no golden-journey semantic diff across them, no declared operational variance (ch. 65, MET-035)",ADR-020; C-042; semantics are profile-independent by construction (single code path) but unproven | release_status merged → branch-only from the evidence at 2e83945,v08.txt:page 88:L5133-L5201,branch+main+test
PR-37-005,V8,37 Strategy Graph and Objective-Capability,88,"When objectives conflict, measures are gamed or stale, capability evidence is weak, dependencies are cyclic, or ownership is missing, the product SHALL show the misalignment and uncertainty, prevent unsupported health claims, preserve alternatives, and route accountable planning review; it SHALL NOT represent unavailable, stale, unapproved, unsupported, or incomplete state as current and complete.",V08-F010,decision,partial,passed:harness,merged,phase3,P6,"apps/web/components/ui.tsx (DegradedBanner, ErrorNote, TruthBadge, LifecycleBadge); apps/api/src/shared/degraded-store.ts; apps/api/test/int/phase1-fault-injection.test.ts","The condition 'objectives conflict, measures are gamed or stale, capability evidence is weak, dependencies are cyclic, or ownership is missing' has no declared continuity contract: behaviour is fail-closed refusal plus the degraded banner; no hold/expose-affected-scope/route-to-authority path specif",Truth/lifecycle/degraded labelling exists generically; verification class in source: Journey + fault test,v08.txt:page 88:L5142-L5201,main+test
PR-37-006,V8,37 Strategy Graph and Objective-Capability,88,"Acceptance SHALL demonstrate graph integrity and temporal tests, objective-to-capability coverage, metric validation, conflict and dependency analysis, and executive acceptance for the exact capability version, journey, role, tenant or domain, deployment, entitlement, data and model versions, configuration, consequence class, and period.",V08-F010,decision,partial,unverified,merged,phase3,P6,apps/api/src/graph/strategy/strategy.service.ts; apps/api/src/graph/strategy/impact.service.ts; apps/web/app/graph/strategy/page.tsx; apps/api/test/int/phase3-acceptance.test.ts: C6 — invalidating an assumption surfaces what rested on it; propagation marks every dependent assumption UNVERIFIED,"No scope-specific acceptance record binding capability version, journey, role, tenant/domain, deployment, entitlement, data/model versions, configuration, consequence class and period; no independent assurance or customer attestation (ADR-023); existing evidence is phase harness/browser/CI",AT-37; verification class in source: Control + accountable,v08.txt:page 88:L5154-L5201,main+test
PR-38-001,V8,38 Decision Intelligence and Recommendation,89,"The Eye SHALL provide a governed, role-appropriate capability through which authorized users can assemble and compare decision options with objectives, evidence, assumptions, forecasts, scenarios, simulations, risks, opportunities, trade-offs, dissent, confidence, and recommended actions. Evidence closure review Signed scope-specific acceptance record resolving release, configuration, versions, t…",V08-F010,decision,partial,passed:harness,branch-only,phase6,P6,"apps/api/src/decision/packages/package.service.ts; apps/api/migrations/0041_decision_packages.sql; 0048_phase6_review_corrections.sql; apps/web/app/decisions/page.tsx; apps/api/test/int/phase6-decisions.test.ts: an option on a completed run binds version and digest, is SIMULATED, and carries uncertainty; one common baseline; the decision agent holds exactly ONE write; e2e/phase6-decisions.demo.spec.ts: DECISIONS","No recommendation review comparing AI and human recommendations with calibration/contestability (CAP-DS-10); no constraints, trade-offs, second-order effects or value-of-information; case-bound agent simulation selection open (FULL_PRODUCT_DELIVERY_REGISTER.md §6); no independent 'decision-ready' re",JRN-16; C-024; ADR-014; MET-002/005,v08.txt:page 89:L5233-L5254,branch+test
PR-38-002,V8,38 Decision Intelligence and Recommendation,89,"The product SHALL persist, expose, version, and reconcile decision case, question, options, objectives, constraints, evidence snapshot, assumptions, forecast, scenario, simulation, risk, opportunity, recommendation, explanation, dissent, and review; identity, owner, effective time, status, provenance, and policy SHALL remain explicit.",V08-F010,decision,partial,passed:harness,branch-only,phase6,P6,"apps/api/migrations/0006_objects.sql (identity, owner, times, status, provenance, policy on every canonical object); apps/api/src/decision/packages/package.service.ts; apps/api/migrations/0041_decision_packages.sql; 0048_phase6_review_corrections.sql; apps/web/app/decisions/page.tsx; apps/api/test/int/phase6-decisions.test.ts: an option on a completed run binds version and digest, is SIMULATED, and carries uncertainty; one common baseline; the decision agent holds exactly ONE write; e2e/phase6-decisions.demo.spec.ts: DECISIONS","Packages, versions, options, terms, choice, dissent persisted; no recommendation object distinct from options, no trade-off or constraint records",verification class in source: Control + accountable,v08.txt:page 89:L5245-L5254,branch+main+test
PR-38-003,V8,38 Decision Intelligence and Recommendation,90,"The product SHALL enforce this human-authority boundary: AI recommends and explains but cannot approve, commit, or conceal alternatives; the eligible human decision authority owns the final choice.",V08-F010,decision,implemented,passed:harness,branch-only,phase6,P6,apps/api/test/int/phase6-decisions.test.ts: the author cannot be the only approver the policy names; the decision agent holds exactly ONE write — an option card into a draft — and none of the owner's,Decision-ready marking by an independent reviewer is not a distinct gate,verification class in source: Control + accountable,v08.txt:page 90:L5260-L5339,branch+test
PR-38-004,V8,38 Decision Intelligence and Recommendation,90,"SaaS, Private Cloud, and On-Premise SHALL preserve identical outcome, object, human-authority, explanation, correction, export, replay, and failure semantics; operational variance SHALL be declared.",V08-F010,infrastructure,partial,unverified,branch-only,phase7,P7-D,docker-compose.yml (one local profile); infra/images/candidates/*.Dockerfile; .github/workflows/ci.yml: build-test,"One local Docker Compose profile only; no SaaS/Private Cloud/On-Premise deployment profiles, no golden-journey semantic diff across them, no declared operational variance (ch. 65, MET-035)",ADR-020; C-042; semantics are profile-independent by construction (single code path) but unproven,v08.txt:page 90:L5270-L5339,branch+main+test
PR-38-005,V8,38 Decision Intelligence and Recommendation,90,"When the package is incomplete, evidence is stale, explanation is unsupported, alternatives are missing, conflicts are undisclosed, or the recommendation exceeds authorized scope, the product SHALL block decision-ready status, expose the gap, preserve drafts and dissent, and require remediation or explicit human deferral; it SHALL NOT represent unavailable, stale, unapproved, unsupported, or inco…",V08-F010,decision,implemented,passed:harness,branch-only,phase6,P6,"apps/api/test/int/phase6-decisions.test.ts: the proposal is refused while the choice is missing; refuses a citation that names nothing readable, a non-run consequence without an unsimulated reason; apps/web/components/ui.tsx (DegradedBanner, ErrorNote, TruthBadge, LifecycleBadge); apps/api/src/shared/degraded-store.ts; apps/api/test/int/phase1-fault-injection.test.ts",Incomplete packages are refused at propose; no 'human-led draft' degraded mode (FEX-15),"Stale/unavailable/synthetic state is labelled (TruthBadge, LifecycleBadge, DegradedBanner); verification class in source: Journey + fault test",v08.txt:page 90:L5279-L5339,branch+main+test
PR-38-006,V8,38 Decision Intelligence and Recommendation,90,"Acceptance SHALL demonstrate decision-completeness fixtures, evidence and citation checks, alternative and dissent tests, recommendation evaluation, accessibility, and authority acceptance for the exact capability version, journey, role, tenant or domain, deployment, entitlement, data and model versions, configuration, consequence class, and period.",V08-F010,decision,partial,unverified,branch-only,phase6,P6,"apps/api/src/decision/packages/package.service.ts; apps/api/migrations/0041_decision_packages.sql; 0048_phase6_review_corrections.sql; apps/web/app/decisions/page.tsx; apps/api/test/int/phase6-decisions.test.ts: an option on a completed run binds version and digest, is SIMULATED, and carries uncertainty; one common baseline; the decision agent holds exactly ONE write; e2e/phase6-decisions.demo.spec.ts: DECISIONS","No scope-specific acceptance record binding capability version, journey, role, tenant/domain, deployment, entitlement, data/model versions, configuration, consequence class and period; no independent assurance or customer attestation (ADR-023); existing evidence is phase harness/browser/CI",AT-38; verification class in source: Control + accountable,v08.txt:page 90:L5291-L5339,branch+test
PR-39-001,V8,"39 Human Approval, Commitment, and Decision",91,"The Eye SHALL provide a governed, role-appropriate capability through which authorized users can review the exact decision digest, approve or reject options, record rationale and conditions, create commitments, and preserve non-repudiable institutional accountability.",V08-F010,decision,partial,passed:harness,branch-only,phase6,P6,"apps/api/src/decision/approvals/approval.service.ts; apps/api/migrations/0042_decision_approvals_and_commitment.sql; apps/api/test/int/phase6-approvals.test.ts: a named approver approves: APR admitted, the version and package approved at quorum; the ROUTE pins C3 ... two authorities commit concurrently and exactly one; after commitment nothing reopens; role-at-scope with a quorum of two DISTINCT humans; e2e/phase6-decisions.demo.spec.ts: DECISIONS ... approvals and the C3 commitment",Conditional approvals are recorded (decision.approvals.conditions) but not evaluated at commitment (register §6); no reject/defer record with next review (OBJ-35); no cryptographic signature beyond the audit chain; no distribution step (JRN-17),CAP-DS-11; C-004/036; MET-004; HX-09/10; verification class in source: End-to-end product,v08.txt:page 91:L5371-L5391,branch+test
PR-39-002,V8,"39 Human Approval, Commitment, and Decision",91,"The product SHALL persist, expose, version, and reconcile decision identity, authority, digest, option, rationale, dissent, conditions, approval, signature, effective time, commitment, owner, deadline, audit, and supersession; identity, owner, effective time, status, provenance, and policy SHALL remain explicit.",V08-F010,decision,partial,passed:harness,branch-only,phase6,P6,"apps/api/migrations/0006_objects.sql (identity, owner, times, status, provenance, policy on every canonical object); apps/api/src/decision/approvals/approval.service.ts; apps/api/migrations/0042_decision_approvals_and_commitment.sql; apps/api/test/int/phase6-approvals.test.ts: a named approver approves: APR admitted, the version and package approved at quorum; the ROUTE pins C3 ... two authorities commit concurrently and exactly one; after commitment nothing reopens; role-at-scope with a quorum of two DISTINCT humans; e2e/phase6-decisions.demo.spec.ts: DECISIONS ... approvals and the C3 commitment","Approvals with digest, expiry, revocation and commitment persisted; no deferral or rejection record",verification class in source: Control + accountable,v08.txt:page 91:L5382-L5391,branch+main+test
PR-39-003,V8,"39 Human Approval, Commitment, and Decision",92,"The product SHALL enforce this human-authority boundary: only an eligible authenticated human can decide; AI, workflow, administrators, delegated services, and marketplace packages cannot synthesize or proxy approval.",V08-F010,decision,implemented,passed:harness,branch-only,phase6,P6,"apps/api/test/int/phase6-approvals.test.ts: refuses a wrong digest, an approver the policy does not name, and self-approval by the author; the human gate at the PEP: a non-human principal holding decision_authority is refused before any port",Delegation and recusal are not modelled,verification class in source: Control + accountable,v08.txt:page 92:L5397-L5473,branch+test
PR-39-004,V8,"39 Human Approval, Commitment, and Decision",92,"SaaS, Private Cloud, and On-Premise SHALL preserve identical outcome, object, human-authority, explanation, correction, export, replay, and failure semantics; operational variance SHALL be declared.",V08-F010,infrastructure,partial,unverified,branch-only,phase7,P7-D,docker-compose.yml (one local profile); infra/images/candidates/*.Dockerfile; .github/workflows/ci.yml: build-test,"One local Docker Compose profile only; no SaaS/Private Cloud/On-Premise deployment profiles, no golden-journey semantic diff across them, no declared operational variance (ch. 65, MET-035)",ADR-020; C-042; semantics are profile-independent by construction (single code path) but unproven,v08.txt:page 92:L5407-L5473,branch+main+test
PR-39-005,V8,"39 Human Approval, Commitment, and Decision",92,"When authority is stale or conflicted, digest changes, required reviewers are absent, approval is ambiguous, or commitment creation partially fails, the product SHALL invalidate or hold the transition, preserve the attempted decision and evidence, require re-review, and reconcile commitments before closure; it SHALL NOT represent unavailable, stale, unapproved, unsupported, or incomplete state as…",V08-F010,decision,implemented,passed:harness,branch-only,phase6,P6,"apps/api/test/int/phase6-approvals.test.ts: revocation is the approver's own act; it breaks quorum; expiry ends an approval; two authorities commit concurrently and exactly one; apps/web/components/ui.tsx (DegradedBanner, ErrorNote, TruthBadge, LifecycleBadge); apps/api/src/shared/degraded-store.ts; apps/api/test/int/phase1-fault-injection.test.ts",Partial-effect recovery of a commitment's side effects (FEX-18) is not exercised — commitments have no external effects yet,"Stale/unavailable/synthetic state is labelled (TruthBadge, LifecycleBadge, DegradedBanner); verification class in source: Journey + fault test",v08.txt:page 92:L5416-L5473,branch+main+test
PR-39-006,V8,"39 Human Approval, Commitment, and Decision",92,"Acceptance SHALL demonstrate authority and separation tests, digest binding, signature verification, approval replay, partial-commitment recovery, and audit acceptance for the exact capability version, journey, role, tenant or domain, deployment, entitlement, data and model versions, configuration, consequence class, and period.",V08-F010,decision,partial,unverified,branch-only,phase6,P6,"apps/api/src/decision/approvals/approval.service.ts; apps/api/migrations/0042_decision_approvals_and_commitment.sql; apps/api/test/int/phase6-approvals.test.ts: a named approver approves: APR admitted, the version and package approved at quorum; the ROUTE pins C3 ... two authorities commit concurrently and exactly one; after commitment nothing reopens; role-at-scope with a quorum of two DISTINCT humans; e2e/phase6-decisions.demo.spec.ts: DECISIONS ... approvals and the C3 commitment","No scope-specific acceptance record binding capability version, journey, role, tenant/domain, deployment, entitlement, data/model versions, configuration, consequence class and period; no independent assurance or customer attestation (ADR-023); existing evidence is phase harness/browser/CI",AT-39; verification class in source: Journey + fault test,v08.txt:page 92:L5428-L5473,branch+test
PR-40-001,V8,"40 Decision Replay, Outcome Attribution, and",93,"The Eye SHALL provide a governed, role-appropriate capability through which authorized users can reconstruct decision-time knowledge, compare expected and actual outcomes, attribute contributions cautiously, record lessons, and govern changes without rewriting history.",V08-F010,decision,partial,passed:harness,branch-only,phase6,P7-B,apps/api/src/decision/replay/replay.service.ts; apps/api/migrations/0043_decision_replay.sql; 0045_decision_monitoring_and_outcomes.sql; 0047_replay_prior_dissent.sql; apps/api/test/int/phase6-replay.test.ts: known / believed / tested hold only what was recorded under the cut-offs; an earlier as_of excludes what came after it; apps/api/test/int/phase6-monitoring.test.ts: the OUT: refused without the reconciliation; closure records the lessons as text; e2e/phase6-decisions.demo.spec.ts: REPLAY,"No outcome attribution hypothesis or scoring beyond criterion comparison, no lesson objects, no change proposals or governed learning pipeline (P7-B, ADR-024, HX-20)",CAP-DS-12; JRN-18; C-025/044; MET-003; verification class in source: End-to-end product,v08.txt:page 93:L5505-L5527,branch+test
PR-40-002,V8,"40 Decision Replay, Outcome Attribution, and",93,"The product SHALL persist, expose, version, and reconcile decision snapshot, evidence and model versions, recommendation, human rationale, commitment, intervention, outcome, counterfactual, attribution, lesson, change proposal, approval, and replay; identity, owner, effective time, status, provenance, and policy SHALL remain explicit.",V08-F010,decision,partial,passed:harness,branch-only,phase6,P7-B,"apps/api/migrations/0006_objects.sql (identity, owner, times, status, provenance, policy on every canonical object); apps/api/src/decision/replay/replay.service.ts; apps/api/migrations/0043_decision_replay.sql; 0045_decision_monitoring_and_outcomes.sql; 0047_replay_prior_dissent.sql; apps/api/test/int/phase6-replay.test.ts: known / believed / tested hold only what was recorded under the cut-offs; an earlier as_of excludes what came after it; apps/api/test/int/phase6-monitoring.test.ts: the OUT: refused without the reconciliation; closure records the lessons as text; e2e/phase6-decisions.demo.spec.ts: REPLAY","Replays (five layers, digests, invocation records), outcomes and closure persisted; no attribution or lesson records",verification class in source: Control + accountable,v08.txt:page 93:L5517-L5527,branch+main+test
PR-40-003,V8,"40 Decision Replay, Outcome Attribution, and",94,"The product SHALL enforce this human-authority boundary: learning may recommend product, policy, process, or model changes; authorized humans approve each change and prior decisions remain immutable.",V08-F010,decision,partial,passed:harness,merged,phase6,P7-B,apps/api/src/policy/pdp.service.ts; apps/api/test/unit/pdp.test.ts; apps/api/test/int/gate22-authority-matrix.test.ts: no port succeeds on a role outside its grantee set,"The boundary 'learning may recommend product, policy, process, or model changes; authorized humans approve each change and prior decisions remain immutable' is only approximated by coarse PDP roles; no named eligible authority, digest, expiry or separation record for this chapter's transitions",verification class in source: Control + accountable | release_status branch-only → merged from the evidence at 2e83945,v08.txt:page 94:L5533-L5611,main+test
PR-40-004,V8,"40 Decision Replay, Outcome Attribution, and",94,"SaaS, Private Cloud, and On-Premise SHALL preserve identical outcome, object, human-authority, explanation, correction, export, replay, and failure semantics; operational variance SHALL be declared.",V08-F010,infrastructure,partial,unverified,branch-only,phase7,P7-D,docker-compose.yml (one local profile); infra/images/candidates/*.Dockerfile; .github/workflows/ci.yml: build-test,"One local Docker Compose profile only; no SaaS/Private Cloud/On-Premise deployment profiles, no golden-journey semantic diff across them, no declared operational variance (ch. 65, MET-035)",ADR-020; C-042; semantics are profile-independent by construction (single code path) but unproven,v08.txt:page 94:L5543-L5611,branch+main+test
PR-40-005,V8,"40 Decision Replay, Outcome Attribution, and",94,"When decision-time state cannot reconstruct, outcomes are missing or confounded, attribution is overstated, or learning would cause silent self-modification, the product SHALL mark the replay incomplete, separate observation from inference, prevent automatic change, and route evidence collection or governance review; it SHALL NOT represent unavailable, stale, unapproved, unsupported, or incomplet…",V08-F010,decision,implemented,passed:harness,branch-only,phase6,P7-B,"apps/api/test/int/phase6-replay.test.ts: the world moves after the decision: a correction stays history, a withdrawal becomes unavailable; refuses a package that is not committed and an as_of before the decision; apps/web/components/ui.tsx (DegradedBanner, ErrorNote, TruthBadge, LifecycleBadge); apps/api/src/shared/degraded-store.ts; apps/api/test/int/phase1-fault-injection.test.ts",Unresolved versions are surfaced as unavailable; no reconstruction failure product,"Stale/unavailable/synthetic state is labelled (TruthBadge, LifecycleBadge, DegradedBanner); verification class in source: Journey + fault test",v08.txt:page 94:L5552-L5611,branch+main+test
PR-40-006,V8,"40 Decision Replay, Outcome Attribution, and",94,"Acceptance SHALL demonstrate historical reconstruction, version pinning, outcome linkage, confounding and attribution tests, governed- change workflow, and auditor acceptance for the exact capability version, journey, role, tenant or domain, deployment, entitlement, data and model versions, configuration, consequence class, and period.",V08-F010,decision,partial,unverified,branch-only,phase6,P7-B,apps/api/src/decision/replay/replay.service.ts; apps/api/migrations/0043_decision_replay.sql; 0045_decision_monitoring_and_outcomes.sql; 0047_replay_prior_dissent.sql; apps/api/test/int/phase6-replay.test.ts: known / believed / tested hold only what was recorded under the cut-offs; an earlier as_of excludes what came after it; apps/api/test/int/phase6-monitoring.test.ts: the OUT: refused without the reconciliation; closure records the lessons as text; e2e/phase6-decisions.demo.spec.ts: REPLAY,"No scope-specific acceptance record binding capability version, journey, role, tenant/domain, deployment, entitlement, data/model versions, configuration, consequence class and period; no independent assurance or customer attestation (ADR-023); existing evidence is phase harness/browser/CI",AT-40; verification class in source: Control + accountable,v08.txt:page 94:L5564-L5611,branch+test
PR-41-001,V8,41 Executive Operating System,96,"The Eye SHALL provide a governed, role-appropriate capability through which authorized users can operate strategy as a continuous system of objectives, intelligence, foresight, decisions, commitments, outcomes, and learning rather than a collection of dashboards.",V08-F011,executive-os,partial,passed:browser,branch-only,phase6,P6,"apps/web/app/decisions/page.tsx; apps/web/app/decisions/briefings/page.tsx; apps/api/src/executive/rooms/room.service.ts; apps/api/migrations/0044_executive_rooms_and_briefings.sql (review_every_days, next_review_at); apps/api/test/int/phase6-briefings.test.ts: a room is opened by the package owner only; review overdue is a fact of the clock; e2e/phase6-decisions.demo.spec.ts: BRIEFINGS","No executive home operating priorities/intelligence/decisions/commitments/outcomes in one loop, no context switcher (organization/objective/geography/horizon/scenario), no commitment tracker beyond the package's commitment and conditions (CAP-EO-01/02/08)",WS-01; JRN-19; C-027; verification class in source: End-to-end product,v08.txt:page 96:L5650-L5680,branch+test
PR-41-002,V8,41 Executive Operating System,96,"The product SHALL persist, expose, version, and reconcile executive context, objective, priority, warning, assessment, scenario, decision, commitment, initiative, outcome, exception, cadence, and institutional record; identity, owner, effective time, status, provenance, and policy SHALL remain explicit.",V08-F011,executive-os,partial,passed:harness,branch-only,phase6,P6,"apps/api/migrations/0006_objects.sql (identity, owner, times, status, provenance, policy on every canonical object); apps/web/app/decisions/page.tsx; apps/web/app/decisions/briefings/page.tsx; apps/api/src/executive/rooms/room.service.ts; apps/api/migrations/0044_executive_rooms_and_briefings.sql (review_every_days, next_review_at); apps/api/test/int/phase6-briefings.test.ts: a room is opened by the package owner only; review overdue is a fact of the clock; e2e/phase6-decisions.demo.spec.ts: BRIEFINGS","Rooms, members, cadence and reviews persisted per package; no executive agenda, priority or commitment register across packages",verification class in source: Control + accountable,v08.txt:page 96:L5661-L5680,branch+main+test
PR-41-003,V8,41 Executive Operating System,96,"The product SHALL enforce this human-authority boundary: AI may prioritize, brief, forecast, simulate, and recommend; executives decide priorities, strategy, commitments, risk acceptance, and organizational action.",V08-F011,executive-os,partial,passed:harness,merged,phase6,P6,apps/api/src/policy/pdp.service.ts; apps/api/test/unit/pdp.test.ts; apps/api/test/int/gate22-authority-matrix.test.ts: no port succeeds on a role outside its grantee set,"The boundary 'AI may prioritize, brief, forecast, simulate, and recommend; executives decide priorities, strategy, commitments, risk acceptance, and organizational action' is only approximated by coarse PDP roles; no named eligible authority, digest, expiry or separation record for this chapter's tr",verification class in source: Control + accountable | release_status branch-only → merged from the evidence at 2e83945,v08.txt:page 96:L5672-L5680,main+test
PR-41-004,V8,41 Executive Operating System,97,"SaaS, Private Cloud, and On-Premise SHALL preserve identical outcome, object, human-authority, explanation, correction, export, replay, and failure semantics; operational variance SHALL be declared.",V08-F011,infrastructure,partial,unverified,branch-only,phase7,P7-D,docker-compose.yml (one local profile); infra/images/candidates/*.Dockerfile; .github/workflows/ci.yml: build-test,"One local Docker Compose profile only; no SaaS/Private Cloud/On-Premise deployment profiles, no golden-journey semantic diff across them, no declared operational variance (ch. 65, MET-035)",ADR-020; C-042; semantics are profile-independent by construction (single code path) but unproven,v08.txt:page 97:L5686-L5753,branch+main+test
PR-41-005,V8,41 Executive Operating System,97,"When executive state is incomplete, stale, policy-filtered, contradictory, overloaded, or detached from accountable owners and evidence, the product SHALL show strategic limitations and provenance, preserve last verified state, prioritize consequence, and prevent false executive completeness; it SHALL NOT represent unavailable, stale, unapproved, unsupported, or incomplete state as current and co…",V08-F011,executive-os,partial,passed:harness,merged,phase6,P6,"apps/web/components/ui.tsx (DegradedBanner, ErrorNote, TruthBadge, LifecycleBadge); apps/api/src/shared/degraded-store.ts; apps/api/test/int/phase1-fault-injection.test.ts","The condition 'executive state is incomplete, stale, policy-filtered, contradictory, overloaded, or detached from accountable owners and evidence' has no declared continuity contract: behaviour is fail-closed refusal plus the degraded banner; no hold/expose-affected-scope/route-to-authority path spe",Truth/lifecycle/degraded labelling exists generically; verification class in source: Journey + fault test | release_status branch-only → merged from the evidence at 2e83945,v08.txt:page 97:L5695-L5753,main+test
PR-41-006,V8,41 Executive Operating System,97,"Acceptance SHALL demonstrate executive cadence journeys, strategic-loop closure, authority and delegation tests, stale-state handling, accessibility, and executive acceptance for the exact capability version, journey, role, tenant or domain, deployment, entitlement, data and model versions, configuration, consequence class, and period.",V08-F011,executive-os,partial,unverified,branch-only,phase6,P6,"apps/web/app/decisions/page.tsx; apps/web/app/decisions/briefings/page.tsx; apps/api/src/executive/rooms/room.service.ts; apps/api/migrations/0044_executive_rooms_and_briefings.sql (review_every_days, next_review_at); apps/api/test/int/phase6-briefings.test.ts: a room is opened by the package owner only; review overdue is a fact of the clock; e2e/phase6-decisions.demo.spec.ts: BRIEFINGS","No scope-specific acceptance record binding capability version, journey, role, tenant/domain, deployment, entitlement, data/model versions, configuration, consequence class and period; no independent assurance or customer attestation (ADR-023); existing evidence is phase harness/browser/CI",AT-41; verification class in source: Journey + fault test,v08.txt:page 97:L5707-L5753,branch+test
PR-42-001,V8,42 Strategic Briefings and Command Views,98,"The Eye SHALL provide a governed, role-appropriate capability through which authorized users can assemble, review, approve, deliver, acknowledge, update, and archive evidence-backed strategic briefings and command views tailored to role and moment. Evidence closure review Signed scope-specific acceptance record resolving release, configuration, versions, tests, conditions, and authorities.",V08-F011,executive-os,partial,passed:harness,branch-only,phase6,P6,"apps/api/src/executive/briefings/briefing.service.ts (what changed / why it matters / who owns it / which window is closing; content digest; known_at); apps/api/migrations/0044_executive_rooms_and_briefings.sql; apps/api/test/int/phase6-briefings.test.ts: composed from stored records under the reader's known_at; recomposition under the same watermark and known_at yields the same content digest; the narrative is optional, labelled, cites only included items; e2e/phase6-decisions.demo.spec.ts: BRIEFINGS","No command views per role/moment (CAP-EO-04), no classification/approval/delivery/receipt on briefings, narrative has no model-gateway call (register §6), no accessibility/visual QA of briefing output; historical eligibility assumes principal kind and tenant only (PHASE6_REPORT.md §12.5)",CAP-EO-03; JRN-20; HX-01/15,v08.txt:page 98:L5783-L5821,branch+test
PR-42-002,V8,42 Strategic Briefings and Command Views,98,"The product SHALL persist, expose, version, and reconcile briefing, audience, purpose, cutoff, evidence snapshot, claims, visuals, recommendations, dissent, classification, reviewer, approval, delivery, receipt, update, and archive; identity, owner, effective time, status, provenance, and policy SHALL remain explicit.",V08-F011,executive-os,partial,passed:harness,branch-only,phase6,P6,"apps/api/migrations/0006_objects.sql (identity, owner, times, status, provenance, policy on every canonical object); apps/api/src/executive/briefings/briefing.service.ts (what changed / why it matters / who owns it / which window is closing; content digest; known_at); apps/api/migrations/0044_executive_rooms_and_briefings.sql; apps/api/test/int/phase6-briefings.test.ts: composed from stored records under the reader's known_at; recomposition under the same watermark and known_at yields the same content digest; the narrative is optional, labelled, cites only included items; e2e/phase6-decisions.demo.spec.ts: BRIEFINGS","Briefing snapshots with items, windows, sources, digest persisted; no approval, audience or delivery records",verification class in source: Control + accountable,v08.txt:page 98:L5794-L5821,branch+main+test
PR-42-003,V8,42 Strategic Briefings and Command Views,98,"The product SHALL enforce this human-authority boundary: AI may draft and adapt briefings; authorized humans approve decision-active content, classification, audience, recommendation, and publication.",V08-F011,executive-os,implemented,passed:harness,branch-only,phase6,P6,"apps/api/test/int/phase6-briefings.test.ts: retrieval is governed like composition: a room briefing is read by the room's members; apps/api/src/policy/pdp.service.ts (briefing.compose, briefing.read)",No approval-before-delivery gate by a briefing owner,verification class in source: Control + accountable,v08.txt:page 98:L5805-L5821,branch+main+test
PR-42-004,V8,42 Strategic Briefings and Command Views,98,"SaaS, Private Cloud, and On-Premise SHALL preserve identical outcome, object, human-authority, explanation, correction, export, replay, and failure semantics; operational variance SHALL be declared.",V08-F011,infrastructure,partial,unverified,branch-only,phase7,P7-D,docker-compose.yml (one local profile); infra/images/candidates/*.Dockerfile; .github/workflows/ci.yml: build-test,"One local Docker Compose profile only; no SaaS/Private Cloud/On-Premise deployment profiles, no golden-journey semantic diff across them, no declared operational variance (ch. 65, MET-035)",ADR-020; C-042; semantics are profile-independent by construction (single code path) but unproven,v08.txt:page 98:L5814-L5821,branch+main+test
PR-42-005,V8,42 Strategic Briefings and Command Views,99,"When a briefing is stale, unsupported, misclassified, sent to the wrong audience, inaccessible, or altered after approval, the product SHALL block or withdraw delivery, preserve the approved digest and receipts, notify recipients of material correction, and route reapproval; it SHALL NOT represent unavailable, stale, unapproved, unsupported, or incomplete state as current and complete.",V08-F011,executive-os,implemented,passed:harness,branch-only,phase6,P6,"apps/api/test/int/phase6-briefings.test.ts: items carry truth state, source state (stale/unavailable) and availability; apps/api/test/int/phase6-residual-corrections-2.test.ts; apps/web/components/ui.tsx (DegradedBanner, ErrorNote, TruthBadge, LifecycleBadge); apps/api/src/shared/degraded-store.ts; apps/api/test/int/phase1-fault-injection.test.ts",Branch and package contributors are not availability-checked (PHASE6_REPORT.md §12.5),"Stale/unavailable/synthetic state is labelled (TruthBadge, LifecycleBadge, DegradedBanner); verification class in source: Journey + fault test",v08.txt:page 99:L5826-L5884,branch+main+test
PR-42-006,V8,42 Strategic Briefings and Command Views,99,"Acceptance SHALL demonstrate briefing generation and citation tests, cutoff replay, audience and classification controls, approval digest, delivery receipts, correction drills, and recipient comprehension for the exact capability version, journey, role, tenant or domain, deployment, entitlement, data and model versions, configuration, consequence class, and period.",V08-F011,executive-os,partial,unverified,branch-only,phase6,P6,"apps/api/src/executive/briefings/briefing.service.ts (what changed / why it matters / who owns it / which window is closing; content digest; known_at); apps/api/migrations/0044_executive_rooms_and_briefings.sql; apps/api/test/int/phase6-briefings.test.ts: composed from stored records under the reader's known_at; recomposition under the same watermark and known_at yields the same content digest; the narrative is optional, labelled, cites only included items; e2e/phase6-decisions.demo.spec.ts: BRIEFINGS","No scope-specific acceptance record binding capability version, journey, role, tenant/domain, deployment, entitlement, data/model versions, configuration, consequence class and period; no independent assurance or customer attestation (ADR-023); existing evidence is phase harness/browser/CI",AT-42; verification class in source: Control + accountable,v08.txt:page 99:L5838-L5884,branch+test
PR-43-001,V8,43 Strategic Health Score,100,"The Eye SHALL provide a governed, role-appropriate capability through which authorized users can understand decomposable strategic health across objectives, capabilities, risks, opportunities, execution, resilience, and learning without hiding uncertainty in a single score.",V08-F011,executive-os,missing,unverified,none,omission,P6,,"Build the decomposable Strategic Health Score by objective, capability, risk and execution with formula, lineage, sensitivity, coverage and missing-data disclosure (CAP-EO-05, ADR-018)",C-034; P6 scope in FAMILIES.txt; verification class in source: End-to-end product,v08.txt:page 100:L5913-L5944,
PR-43-002,V8,43 Strategic Health Score,100,"The product SHALL persist, expose, version, and reconcile score, dimension, indicator, measure, source, formula, weight, threshold, confidence, coverage, trend, decomposition, owner, exception, and version; identity, owner, effective time, status, provenance, and policy SHALL remain explicit.",V08-F011,executive-os,missing,unverified,none,omission,P6,,"No persisted state for this chapter; build the object model with identity, owner, effective time, status, provenance and policy together with the capability in PR-43-001",verification class in source: Control + accountable,v08.txt:page 100:L5925-L5944,
PR-43-003,V8,43 Strategic Health Score,100,"The product SHALL enforce this human-authority boundary: AI may compute and explain; humans approve dimensions, measures, weights, thresholds, exceptions, and any decisions based on the score.",V08-F011,executive-os,missing,unverified,none,omission,P6,,"No capability exists to gate; when built, the boundary 'AI may compute and explain; humans approve dimensions, measures, weights, thresholds, exceptions, and any decisions based on the score' must be a PDP rule with named eligible authority, digest and audit",verification class in source: Control + accountable,v08.txt:page 100:L5936-L5944,
PR-43-004,V8,43 Strategic Health Score,101,"SaaS, Private Cloud, and On-Premise SHALL preserve identical outcome, object, human-authority, explanation, correction, export, replay, and failure semantics; operational variance SHALL be declared.",V08-F011,executive-os,missing,unverified,none,omission,P7-D,,"Capability absent, so parity cannot be declared; when built, add the chapter's golden journey to the cross-profile conformance suite (ch. 65)",ADR-020; PAR catalog,v08.txt:page 101:L5950-L6018,
PR-43-005,V8,43 Strategic Health Score,101,"When inputs are stale or missing, weights are disputed, metrics are gamed, confidence is low, or aggregation masks a critical failure, the product SHALL mark the score partial or indeterminate, expose decomposition and coverage, prevent misleading comparison, and route measure governance; it SHALL NOT represent unavailable, stale, unapproved, unsupported, or incomplete state as current and comple…",V08-F011,executive-os,missing,unverified,none,omission,P6,,"No continuity path exists for 'inputs are stale or missing, weights are disputed, metrics are gamed, confidence is low, or aggregation masks a critical failure'; build hold/expose/route behaviour with the capability",verification class in source: Journey + fault test,v08.txt:page 101:L5959-L6018,
PR-43-006,V8,43 Strategic Health Score,101,"Acceptance SHALL demonstrate formula and lineage tests, sensitivity and missing-data analysis, anti-gaming review, temporal replay, decomposition accessibility, and executive acceptance for the exact capability version, journey, role, tenant or domain, deployment, entitlement, data and model versions, configuration, consequence class, and period.",V08-F011,executive-os,missing,unverified,none,omission,P6,,No capability and no acceptance evidence; AT-43 cannot start,AT-43,v08.txt:page 101:L5971-L6018,
PR-44-001,V8,44 Proactive Intelligence and Priority Queue,102,"The Eye SHALL provide a governed, role-appropriate capability through which authorized users can receive a governed queue of material warnings, decisions, reviews, opportunities, collection gaps, commitments, and exceptions before manual inquiry.",V08-F011,executive-os,partial,passed:harness,branch-only,phase6,P6,apps/api/src/executive/briefings/briefing.service.ts (windows ordered by time left); apps/api/src/executive/agents/agent-worker.service.ts (cadence-driven briefing job); apps/api/test/int/phase6-agents.test.ts: the planner: the room's cadence becomes a briefing job on its own queue; apps/api/test/int/phase6-monitoring.test.ts: a review falling due without a review event is recorded as overdue once,"No proactive priority queue ranking warnings, reviews, decisions, opportunities and commitments with explainable ranking, precision/recall/fairness/overload tests (CAP-EO-06, ADR-017); no notification delivery",C-032; HX-15; verification class in source: End-to-end product,v08.txt:page 102:L6048-L6086,branch+test
PR-44-002,V8,44 Proactive Intelligence and Priority Queue,102,"The product SHALL persist, expose, version, and reconcile queue item, type, trigger, evidence, relevance, severity, urgency, confidence, owner, audience, rank, due time, action, acknowledgment, suppression, and outcome; identity, owner, effective time, status, provenance, and policy SHALL remain explicit.",V08-F011,executive-os,partial,passed:harness,branch-only,phase6,P6,"apps/api/migrations/0006_objects.sql (identity, owner, times, status, provenance, policy on every canonical object); apps/api/src/executive/briefings/briefing.service.ts (windows ordered by time left); apps/api/src/executive/agents/agent-worker.service.ts (cadence-driven briefing job); apps/api/test/int/phase6-agents.test.ts: the planner: the room's cadence becomes a briefing job on its own queue; apps/api/test/int/phase6-monitoring.test.ts: a review falling due without a review event is recorded as overdue once",Windows are computed at briefing time; no persisted priority items or ranking,verification class in source: Control + accountable,v08.txt:page 102:L6059-L6086,branch+main+test
PR-44-003,V8,44 Proactive Intelligence and Priority Queue,102,"The product SHALL enforce this human-authority boundary: AI may nominate and rank; humans set policy, accept priority, suppress with reason, assign ownership, and decide consequential action.",V08-F011,executive-os,partial,passed:harness,merged,phase6,P6,apps/api/src/policy/pdp.service.ts; apps/api/test/unit/pdp.test.ts; apps/api/test/int/gate22-authority-matrix.test.ts: no port succeeds on a role outside its grantee set,"The boundary 'AI may nominate and rank; humans set policy, accept priority, suppress with reason, assign ownership, and decide consequential action' is only approximated by coarse PDP roles; no named eligible authority, digest, expiry or separation record for this chapter's transitions",verification class in source: Control + accountable | release_status branch-only → merged from the evidence at 2e83945,v08.txt:page 102:L6070-L6086,main+test
PR-44-004,V8,44 Proactive Intelligence and Priority Queue,102,"SaaS, Private Cloud, and On-Premise SHALL preserve identical outcome, object, human-authority, explanation, correction, export, replay, and failure semantics; operational variance SHALL be declared.",V08-F011,infrastructure,partial,unverified,branch-only,phase7,P7-D,docker-compose.yml (one local profile); infra/images/candidates/*.Dockerfile; .github/workflows/ci.yml: build-test,"One local Docker Compose profile only; no SaaS/Private Cloud/On-Premise deployment profiles, no golden-journey semantic diff across them, no declared operational variance (ch. 65, MET-035)",ADR-020; C-042; semantics are profile-independent by construction (single code path) but unproven,v08.txt:page 102:L6079-L6086,branch+main+test
PR-44-005,V8,44 Proactive Intelligence and Priority Queue,103,"When the queue becomes noisy, biased, duplicated, stale, unowned, overloaded, or hides a severe lower-ranked item, the product SHALL declare queue quality, deduplicate and rebalance by policy, expose ranking reasons, escalate unowned items, and preserve suppressed history; it SHALL NOT represent unavailable, stale, unapproved, unsupported, or incomplete state as current and complete.",V08-F011,executive-os,partial,passed:harness,merged,phase6,P6,"apps/web/components/ui.tsx (DegradedBanner, ErrorNote, TruthBadge, LifecycleBadge); apps/api/src/shared/degraded-store.ts; apps/api/test/int/phase1-fault-injection.test.ts","The condition 'the queue becomes noisy, biased, duplicated, stale, unowned, overloaded, or hides a severe lower-ranked item' has no declared continuity contract: behaviour is fail-closed refusal plus the degraded banner; no hold/expose-affected-scope/route-to-authority path specific to this chapter",Truth/lifecycle/degraded labelling exists generically; verification class in source: Journey + fault test | release_status branch-only → merged from the evidence at 2e83945,v08.txt:page 103:L6092-L6148,main+test
PR-44-006,V8,44 Proactive Intelligence and Priority Queue,103,"Acceptance SHALL demonstrate precision and recall by class, ranking fairness and stability, overload drills, escalation latency, suppression audits, and user acceptance for the exact capability version, journey, role, tenant or domain, deployment, entitlement, data and model versions, configuration, consequence class, and period.",V08-F011,executive-os,partial,unverified,branch-only,phase6,P6,apps/api/src/executive/briefings/briefing.service.ts (windows ordered by time left); apps/api/src/executive/agents/agent-worker.service.ts (cadence-driven briefing job); apps/api/test/int/phase6-agents.test.ts: the planner: the room's cadence becomes a briefing job on its own queue; apps/api/test/int/phase6-monitoring.test.ts: a review falling due without a review event is recorded as overdue once,"No scope-specific acceptance record binding capability version, journey, role, tenant/domain, deployment, entitlement, data/model versions, configuration, consequence class and period; no independent assurance or customer attestation (ADR-023); existing evidence is phase harness/browser/CI",AT-44; verification class in source: Control + accountable,v08.txt:page 103:L6103-L6148,branch+test
PR-45-001,V8,45 Strategic Planning and Initiative Governance,104,"The Eye SHALL provide a governed, role-appropriate capability through which authorized users can translate objectives and decisions into governed initiatives, resources, milestones, dependencies, measures, commitments, reviews, changes, and outcomes.",V08-F012,executive-os,missing,unverified,none,omission,P6,,"Build strategic planning workspace: initiatives, resources, dependencies, milestones, measures, baselines and change replay (CAP-EO-07); no initiative object exists",WS-16; MET-029; verification class in source: End-to-end product,v08.txt:page 104:L6178-L6216,
PR-45-002,V8,45 Strategic Planning and Initiative Governance,104,"The product SHALL persist, expose, version, and reconcile plan, objective, initiative, business case, option, resource, dependency, risk, owner, milestone, commitment, measure, forecast, review, change, and outcome; identity, owner, effective time, status, provenance, and policy SHALL remain explicit.",V08-F012,executive-os,missing,unverified,none,omission,P6,,"No persisted state for this chapter; build the object model with identity, owner, effective time, status, provenance and policy together with the capability in PR-45-001",verification class in source: Control + accountable,v08.txt:page 104:L6189-L6216,
PR-45-003,V8,45 Strategic Planning and Initiative Governance,104,"The product SHALL enforce this human-authority boundary: AI may propose plans and detect variance; humans approve priorities, resources, commitments, changes, risk acceptance, and termination.",V08-F012,executive-os,missing,unverified,none,omission,P6,,"No capability exists to gate; when built, the boundary 'AI may propose plans and detect variance; humans approve priorities, resources, commitments, changes, risk acceptance, and termination' must be a PDP rule with named eligible authority, digest and audit",verification class in source: Control + accountable,v08.txt:page 104:L6200-L6216,
PR-45-004,V8,45 Strategic Planning and Initiative Governance,104,"SaaS, Private Cloud, and On-Premise SHALL preserve identical outcome, object, human-authority, explanation, correction, export, replay, and failure semantics; operational variance SHALL be declared.",V08-F012,executive-os,missing,unverified,none,omission,P7-D,,"Capability absent, so parity cannot be declared; when built, add the chapter's golden journey to the cross-profile conformance suite (ch. 65)",ADR-020; PAR catalog,v08.txt:page 104:L6209-L6216,
PR-45-005,V8,45 Strategic Planning and Initiative Governance,105,"When a plan loses objective linkage, becomes infeasible, exceeds authority or budget, has conflicting dependencies, or drifts without review, the product SHALL show the breach and forecast impact, hold unauthorized commitment, preserve baseline and changes, and route accountable review; it SHALL NOT represent unavailable, stale, unapproved, unsupported, or incomplete state as current and complete.",V08-F012,executive-os,missing,unverified,none,omission,P6,,"No continuity path exists for 'a plan loses objective linkage, becomes infeasible, exceeds authority or budget, has conflicting dependencies, or drifts without review'; build hold/expose/route behaviour with the capability",verification class in source: Journey + fault test,v08.txt:page 105:L6222-L6281,
PR-45-006,V8,45 Strategic Planning and Initiative Governance,105,"Acceptance SHALL demonstrate objective alignment, dependency and budget tests, approval workflow, baseline/change replay, forecast variance, and sponsor acceptance for the exact capability version, journey, role, tenant or domain, deployment, entitlement, data and model versions, configuration, consequence class, and period.",V08-F012,executive-os,missing,unverified,none,omission,P6,,No capability and no acceptance evidence; AT-45 cannot start,AT-45,v08.txt:page 105:L6234-L6281,
PR-46-001,V8,"46 Collaboration, Tasks, and Workflow Orchestration",106,"The Eye SHALL provide a governed, role-appropriate capability through which authorized users can coordinate durable human and machine work with assignments, discussions, evidence, deadlines, approvals, escalations, handoffs, and accountable completion.",V08-F012,executive-os,partial,passed:harness,branch-only,phase6,P6,apps/api/src/executive/executive.controller.ts (/workflow/:packageId; apps/api/test/int/phase6-agents.test.ts: the workflow contract reads every step of a decision from its governed events; apps/api/migrations/0038_scheduled_collection.sql (BullMQ durable jobs),"No collaboration workspace (discussions, artifacts, tasks, reviews, external sharing with audience/expiry), no durable human task service with retries/compensation beyond BullMQ jobs (CAP-EO-09/10)",PER-22 external collaborator absent; verification class in source: Control + accountable | UNRESOLVED pointer(s) at 2e83945: /rooms/:roomId/membership),v08.txt:page 106:L6310-L6348,branch+test
PR-46-002,V8,"46 Collaboration, Tasks, and Workflow Orchestration",106,"The product SHALL persist, expose, version, and reconcile workspace, participant, role, thread, task, dependency, artifact, mention, deadline, approval, escalation, handoff, completion evidence, and audit; identity, owner, effective time, status, provenance, and policy SHALL remain explicit.",V08-F012,executive-os,partial,passed:harness,branch-only,phase6,P6,"apps/api/migrations/0006_objects.sql (identity, owner, times, status, provenance, policy on every canonical object); apps/api/src/executive/executive.controller.ts (/workflow/:packageId; apps/api/test/int/phase6-agents.test.ts: the workflow contract reads every step of a decision from its governed events; apps/api/migrations/0038_scheduled_collection.sql (BullMQ durable jobs)","Room membership and events persisted; no task, discussion or artifact objects",verification class in source: Control + accountable | UNRESOLVED pointer(s) at 2e83945: /rooms/:roomId/membership),v08.txt:page 106:L6320-L6348,branch+main+test
PR-46-003,V8,"46 Collaboration, Tasks, and Workflow Orchestration",106,"The product SHALL enforce this human-authority boundary: collaboration cannot broaden access or decision rights; machine work remains attributable, side effects remain gated, and eligible humans own approvals.",V08-F012,executive-os,partial,passed:harness,merged,phase6,P6,apps/api/src/policy/pdp.service.ts; apps/api/test/unit/pdp.test.ts; apps/api/test/int/gate22-authority-matrix.test.ts: no port succeeds on a role outside its grantee set,"The boundary 'collaboration cannot broaden access or decision rights; machine work remains attributable, side effects remain gated, and eligible humans own approvals' is only approximated by coarse PDP roles; no named eligible authority, digest, expiry or separation record for this chapter's transit",verification class in source: Control + accountable | release_status branch-only → merged from the evidence at 2e83945,v08.txt:page 106:L6331-L6348,main+test
PR-46-004,V8,"46 Collaboration, Tasks, and Workflow Orchestration",106,"SaaS, Private Cloud, and On-Premise SHALL preserve identical outcome, object, human-authority, explanation, correction, export, replay, and failure semantics; operational variance SHALL be declared.",V08-F012,infrastructure,partial,unverified,branch-only,phase7,P7-D,docker-compose.yml (one local profile); infra/images/candidates/*.Dockerfile; .github/workflows/ci.yml: build-test,"One local Docker Compose profile only; no SaaS/Private Cloud/On-Premise deployment profiles, no golden-journey semantic diff across them, no declared operational variance (ch. 65, MET-035)",ADR-020; C-042; semantics are profile-independent by construction (single code path) but unproven,v08.txt:page 106:L6341-L6348,branch+main+test
PR-46-005,V8,"46 Collaboration, Tasks, and Workflow Orchestration",107,"When participants lose access, tasks duplicate or stall, handoffs lose context, messages cross domains, or workflows partially complete, the product SHALL constrain access, preserve committed work and evidence, expose stalled or residual state, and route reassignment or recovery; it SHALL NOT represent unavailable, stale, unapproved, unsupported, or incomplete state as current and complete.",V08-F012,executive-os,partial,passed:harness,merged,phase6,P6,"apps/web/components/ui.tsx (DegradedBanner, ErrorNote, TruthBadge, LifecycleBadge); apps/api/src/shared/degraded-store.ts; apps/api/test/int/phase1-fault-injection.test.ts","The condition 'participants lose access, tasks duplicate or stall, handoffs lose context, messages cross domains, or workflows partially complete' has no declared continuity contract: behaviour is fail-closed refusal plus the degraded banner; no hold/expose-affected-scope/route-to-authority path spe",Truth/lifecycle/degraded labelling exists generically; verification class in source: Journey + fault test | release_status branch-only → merged from the evidence at 2e83945,v08.txt:page 107:L6353-L6410,main+test
PR-46-006,V8,"46 Collaboration, Tasks, and Workflow Orchestration",107,"Acceptance SHALL demonstrate role and external-sharing tests, workflow crash recovery, duplicate-task handling, handoff context, approval gating, and collaboration accessibility for the exact capability version, journey, role, tenant or domain, deployment, entitlement, data and model versions, configuration, consequence class, and period.",V08-F012,executive-os,partial,unverified,branch-only,phase6,P6,apps/api/src/executive/executive.controller.ts (/workflow/:packageId; apps/api/test/int/phase6-agents.test.ts: the workflow contract reads every step of a decision from its governed events; apps/api/migrations/0038_scheduled_collection.sql (BullMQ durable jobs),"No scope-specific acceptance record binding capability version, journey, role, tenant/domain, deployment, entitlement, data/model versions, configuration, consequence class and period; no independent assurance or customer attestation (ADR-023); existing evidence is phase harness/browser/CI",AT-46; verification class in source: Journey + fault test | UNRESOLVED pointer(s) at 2e83945: /rooms/:roomId/membership),v08.txt:page 107:L6365-L6410,branch+test
PR-47-001,V8,"47 Reporting, Publishing, and Distribution",108,"The Eye SHALL provide a governed, role-appropriate capability through which authorized users can create governed reports and intelligence products from canonical state, approve exact content, publish to authorized channels, track receipts, correct, withdraw, and archive.",V08-F012,executive-os,partial,passed:harness,branch-only,phase6,P6,apps/api/src/executive/executive.controller.ts (/reports/:packageId/render); apps/api/test/int/phase6-agents.test.ts: renders a report marked agent-produced with SYNTHETIC marks and truth states; refuses a confidential ...,"No publishing/distribution center: audience, classification, channels, delivery receipts, correction/withdrawal of published products, archive (CAP-EO-11, OBJ-39)",JRN-20 deliver/receipt/correct stages; verification class in source: End-to-end product,v08.txt:page 108:L6440-L6470,branch+test
PR-47-002,V8,"47 Reporting, Publishing, and Distribution",108,"The product SHALL persist, expose, version, and reconcile publication, template, source snapshot, content, audience, classification, format, accessibility, approval digest, channel, schedule, receipt, correction, withdrawal, and archive; identity, owner, effective time, status, provenance, and policy SHALL remain explicit.",V08-F012,executive-os,partial,passed:harness,branch-only,phase6,P6,"apps/api/migrations/0006_objects.sql (identity, owner, times, status, provenance, policy on every canonical object); apps/api/src/executive/executive.controller.ts (/reports/:packageId/render); apps/api/test/int/phase6-agents.test.ts: renders a report marked agent-produced with SYNTHETIC marks and truth states; refuses a confidential ...","Rendered reports are not persisted as publications with digest, audience and receipts",verification class in source: Control + accountable,v08.txt:page 108:L6452-L6470,branch+main+test
PR-47-003,V8,"47 Reporting, Publishing, and Distribution",108,"The product SHALL enforce this human-authority boundary: reporting is an output of the operating system, not its product boundary; humans approve material publication, audience, and classification.",V08-F012,executive-os,partial,passed:harness,merged,phase6,P6,apps/api/src/policy/pdp.service.ts; apps/api/test/unit/pdp.test.ts; apps/api/test/int/gate22-authority-matrix.test.ts: no port succeeds on a role outside its grantee set,"The boundary 'reporting is an output of the operating system, not its product boundary; humans approve material publication, audience, and classification' is only approximated by coarse PDP roles; no named eligible authority, digest, expiry or separation record for this chapter's transitions",verification class in source: Control + accountable | release_status branch-only → merged from the evidence at 2e83945,v08.txt:page 108:L6463-L6470,main+test
PR-47-004,V8,"47 Reporting, Publishing, and Distribution",109,"SaaS, Private Cloud, and On-Premise SHALL preserve identical outcome, object, human-authority, explanation, correction, export, replay, and failure semantics; operational variance SHALL be declared.",V08-F012,infrastructure,partial,unverified,branch-only,phase7,P7-D,docker-compose.yml (one local profile); infra/images/candidates/*.Dockerfile; .github/workflows/ci.yml: build-test,"One local Docker Compose profile only; no SaaS/Private Cloud/On-Premise deployment profiles, no golden-journey semantic diff across them, no declared operational variance (ch. 65, MET-035)",ADR-020; C-042; semantics are profile-independent by construction (single code path) but unproven,v08.txt:page 109:L6476-L6545,branch+main+test
PR-47-005,V8,"47 Reporting, Publishing, and Distribution",109,"When content is stale or unsupported, formatting changes meaning, delivery exceeds audience, export loses controls, or corrections fail to propagate, the product SHALL block or withdraw distribution, preserve approved bytes and receipts, notify affected recipients, and require controlled republishing; it SHALL NOT represent unavailable, stale, unapproved, unsupported, or incomplete state as curre…",V08-F012,executive-os,partial,passed:harness,merged,phase6,P6,"apps/web/components/ui.tsx (DegradedBanner, ErrorNote, TruthBadge, LifecycleBadge); apps/api/src/shared/degraded-store.ts; apps/api/test/int/phase1-fault-injection.test.ts","The condition 'content is stale or unsupported, formatting changes meaning, delivery exceeds audience, export loses controls, or corrections fail to propagate' has no declared continuity contract: behaviour is fail-closed refusal plus the degraded banner; no hold/expose-affected-scope/route-to-autho",Truth/lifecycle/degraded labelling exists generically; verification class in source: Journey + fault test | release_status branch-only → merged from the evidence at 2e83945,v08.txt:page 109:L6485-L6545,main+test
PR-47-006,V8,"47 Reporting, Publishing, and Distribution",109,"Acceptance SHALL demonstrate source-to-publication lineage, multi- format visual QA, classification and audience tests, accessibility, receipt tracking, correction and withdrawal drills for the exact capability version, journey, role, tenant or domain, deployment, entitlement, data and model versions, configuration, consequence class, and period.",V08-F012,executive-os,partial,unverified,branch-only,phase6,P6,apps/api/src/executive/executive.controller.ts (/reports/:packageId/render); apps/api/test/int/phase6-agents.test.ts: renders a report marked agent-produced with SYNTHETIC marks and truth states; refuses a confidential ...,"No scope-specific acceptance record binding capability version, journey, role, tenant/domain, deployment, entitlement, data/model versions, configuration, consequence class and period; no independent assurance or customer attestation (ADR-023); existing evidence is phase harness/browser/CI",AT-47; verification class in source: Control + accountable,v08.txt:page 109:L6497-L6545,branch+test
PR-48-001,V8,"48 Mobile, Field, Offline, and Disconnected Operation",110,"The Eye SHALL provide a governed, role-appropriate capability through which authorized users can continue authorized strategic work on constrained devices and networks with explicit freshness, local protection, queued effects, synchronization, and conflict resolution.",V08-F012,ux,missing,unverified,none,omission,P7-E,,"Build mobile/field/offline operation: constrained and disconnected continuation, scoped packages, expiry, queued effects, revocation, conflict and sync (CAP-EO-12, ADR-021, FEX-26/27)",C-041; GLB-21/22; verification class in source: End-to-end product,v08.txt:page 110:L6575-L6606,
PR-48-002,V8,"48 Mobile, Field, Offline, and Disconnected Operation",110,"The product SHALL persist, expose, version, and reconcile device, user, local scope, cached object, watermark, offline package, queued command, conflict, synchronization, receipt, remote wipe, and expiry; identity, owner, effective time, status, provenance, and policy SHALL remain explicit.",V08-F012,ux,missing,unverified,none,omission,P7-E,,"No persisted state for this chapter; build the object model with identity, owner, effective time, status, provenance and policy together with the capability in PR-48-001",verification class in source: Control + accountable,v08.txt:page 110:L6587-L6606,
PR-48-003,V8,"48 Mobile, Field, Offline, and Disconnected Operation",110,The product SHALL enforce this human-authority boundary: offline access and effects are limited by pre-authorized scope; consequential decisions and queued commands retain human attribution and may require online revalidation.,V08-F012,ux,missing,unverified,none,omission,P7-E,,"No capability exists to gate; when built, the boundary 'offline access and effects are limited by pre-authorized scope; consequential decisions and queued commands retain human attribution and may require online reva' must be a PDP rule with named eligible authority, digest and audit",verification class in source: Control + accountable,v08.txt:page 110:L6598-L6606,
PR-48-004,V8,"48 Mobile, Field, Offline, and Disconnected Operation",111,"SaaS, Private Cloud, and On-Premise SHALL preserve identical outcome, object, human-authority, explanation, correction, export, replay, and failure semantics; operational variance SHALL be declared.",V08-F012,ux,missing,unverified,none,omission,P7-D,,"Capability absent, so parity cannot be declared; when built, add the chapter's golden journey to the cross-profile conformance suite (ch. 65)",ADR-020; PAR catalog,v08.txt:page 111:L6612-L6681,
PR-48-005,V8,"48 Mobile, Field, Offline, and Disconnected Operation",111,"When connectivity is absent, local data expires, devices are lost or compromised, queues conflict, synchronization is partial, or remote authority changes, the product SHALL enter the declared offline mode, protect and expire local state, preserve queued work, prevent unsafe effects, and reconcile on reconnect; it SHALL NOT represent unavailable, stale, unapproved, unsupported, or incomplete stat…",V08-F012,ux,missing,unverified,none,omission,P7-E,,"No continuity path exists for 'connectivity is absent, local data expires, devices are lost or compromised, queues conflict, synchronization is partial, or remote authority changes'; build hold/expose/route behaviour with the capability",verification class in source: Journey + fault test,v08.txt:page 111:L6621-L6681,
PR-48-006,V8,"48 Mobile, Field, Offline, and Disconnected Operation",111,"Acceptance SHALL demonstrate network-loss journeys, local encryption and expiry, conflict fixtures, queued-command idempotency, remote revocation, resynchronization, and field acceptance for the exact capability version, journey, role, tenant or domain, deployment, entitlement, data and model versions, configuration, consequence class, and period.",V08-F012,ux,missing,unverified,none,omission,P7-E,,No capability and no acceptance evidence; AT-48 cannot start,AT-48,v08.txt:page 111:L6633-L6681,
PR-49-001,V8,49 Agent Operating Model and Marketplace,113,"The Eye SHALL provide a governed, role-appropriate capability through which authorized users can discover, evaluate, approve, install, configure, invoke, monitor, update, suspend, and retire governed agents as bounded product capabilities.",V08-F013,agents,partial,passed:harness,branch-only,phase7,P7-C,"apps/api/src/executive/agents/agents.service.ts (budgets max_reads/max_gateway_calls/max_elapsed_ms; SUPPORTED_STOP_CONDITIONS; escalation principal); apps/api/migrations/0046_executive_agents_and_runs.sql; apps/api/src/executive/executive.controller.ts (/agents/decision/register, revoke, list, run, schedule); apps/api/test/int/phase6-agents.test.ts: registration is the tenant administrator's; a budget of three reads: the run stops before anything is admitted, records the reason and escalates","No agent marketplace: discover, evaluate, install, signed package/publisher, update, retire (CAP-AG-01, ADR-016); agents are code-registered kinds (decision, briefing, report, collection) with code digests, not governed packages; no agent operations workspace (WS-17)",C-028/046; JRN-21; the Phase 7 agent system is partly delivered by Phase 6's three bounded agents; verification class in source: End-to-end product,v08.txt:page 113:L6719-L6749,branch+test
PR-49-002,V8,49 Agent Operating Model and Marketplace,113,"The product SHALL persist, expose, version, and reconcile agent identity, role, package, publisher, version, tools, data scopes, model policy, permissions, budgets, evaluation, approval, installation, run, incident, and lifecycle; identity, owner, effective time, status, provenance, and policy SHALL remain explicit.",V08-F013,agents,partial,passed:harness,branch-only,phase7,P7-C,"apps/api/migrations/0006_objects.sql (identity, owner, times, status, provenance, policy on every canonical object); apps/api/src/executive/agents/agents.service.ts (budgets max_reads/max_gateway_calls/max_elapsed_ms; SUPPORTED_STOP_CONDITIONS; escalation principal); apps/api/migrations/0046_executive_agents_and_runs.sql; apps/api/src/executive/executive.controller.ts (/agents/decision/register, revoke, list, run, schedule); apps/api/test/int/phase6-agents.test.ts: registration is the tenant administrator's; a budget of three reads: the run stops before anything is admitted, records the reason and escalates","Agent identity, owner, version, code digest, budgets, stop conditions, escalation and runs persisted; no package manifest, signature, evaluation or entitlement",verification class in source: Control + accountable,v08.txt:page 113:L6730-L6749,branch+main+test
PR-49-003,V8,49 Agent Operating Model and Marketplace,113,"The product SHALL enforce this human-authority boundary: agents never acquire human decision authority; customer and platform authorities approve packages, permissions, deployment, use cases, and consequential side-effect classes.",V08-F013,agents,implemented,passed:harness,branch-only,phase7,P7-C,"apps/api/test/int/phase6-agents.test.ts: approve, dissent and commit are refused at the PDP with no grant — and at the port by principal kind",Agent governor persona (PER-15) is the tenant administrator; no separate approval of tools/data/side effects,verification class in source: Control + accountable,v08.txt:page 113:L6741-L6749,branch+test
PR-49-004,V8,49 Agent Operating Model and Marketplace,114,"SaaS, Private Cloud, and On-Premise SHALL preserve identical outcome, object, human-authority, explanation, correction, export, replay, and failure semantics; operational variance SHALL be declared.",V08-F013,infrastructure,partial,unverified,branch-only,phase7,P7-D,docker-compose.yml (one local profile); infra/images/candidates/*.Dockerfile; .github/workflows/ci.yml: build-test,"One local Docker Compose profile only; no SaaS/Private Cloud/On-Premise deployment profiles, no golden-journey semantic diff across them, no declared operational variance (ch. 65, MET-035)",ADR-020; C-042; semantics are profile-independent by construction (single code path) but unproven,v08.txt:page 114:L6755-L6823,branch+main+test
PR-49-005,V8,49 Agent Operating Model and Marketplace,114,"When an agent is untrusted, incompatible, over-privileged, unevaluated, compromised, expired, drifting, or requests undeclared capabilities, the product SHALL deny installation or execution, isolate active runs, preserve evidence, notify affected users, and support rollback or retirement; it SHALL NOT represent unavailable, stale, unapproved, unsupported, or incomplete state as current and comple…",V08-F013,agents,partial,passed:harness,merged,phase7,P7-C,"apps/web/components/ui.tsx (DegradedBanner, ErrorNote, TruthBadge, LifecycleBadge); apps/api/src/shared/degraded-store.ts; apps/api/test/int/phase1-fault-injection.test.ts","The condition 'an agent is untrusted, incompatible, over-privileged, unevaluated, compromised, expired, drifting, or requests undeclared capabilities' has no declared continuity contract: behaviour is fail-closed refusal plus the degraded banner; no hold/expose-affected-scope/route-to-authority path",Truth/lifecycle/degraded labelling exists generically; verification class in source: Journey + fault test | release_status branch-only → merged from the evidence at 2e83945,v08.txt:page 114:L6764-L6823,main+test
PR-49-006,V8,49 Agent Operating Model and Marketplace,114,"Acceptance SHALL demonstrate package signature and provenance, sandbox tests, permission minimization, evaluation thresholds, lifecycle and rollback drills, and governor acceptance for the exact capability version, journey, role, tenant or domain, deployment, entitlement, data and model versions, configuration, consequence class, and period.",V08-F013,agents,partial,unverified,branch-only,phase7,P7-C,"apps/api/src/executive/agents/agents.service.ts (budgets max_reads/max_gateway_calls/max_elapsed_ms; SUPPORTED_STOP_CONDITIONS; escalation principal); apps/api/migrations/0046_executive_agents_and_runs.sql; apps/api/src/executive/executive.controller.ts (/agents/decision/register, revoke, list, run, schedule); apps/api/test/int/phase6-agents.test.ts: registration is the tenant administrator's; a budget of three reads: the run stops before anything is admitted, records the reason and escalates","No scope-specific acceptance record binding capability version, journey, role, tenant/domain, deployment, entitlement, data/model versions, configuration, consequence class and period; no independent assurance or customer attestation (ADR-023); existing evidence is phase harness/browser/CI",AT-49; verification class in source: Control + accountable,v08.txt:page 114:L6776-L6823,branch+test
PR-50-001,V8,"50 Observation, Search, and Collection Agents",115,"The Eye SHALL provide a governed, role-appropriate capability through which authorized users can delegate bounded source observation, crawling, search, collection, and coverage work while retaining purpose, rights, provenance, budgets, review, and human escalation.",V08-F013,agents,partial,passed:harness,branch-only,phase1,P7-A,"apps/api/src/observation/agents/agents.service.ts (RunBudgets); apps/api/src/observation/observation.controller.ts (/agents/register, /agents/:agentId/revoke); apps/api/src/observation/scheduling/collection-worker.service.ts; apps/api/test/int/phase6-scheduled-collection.test.ts: a REFUSED run: the agent is revoked; no run is opened, the attempt is recorded refused","No crawler agent family with isolated tools, no search agent under exact scope/time/policy/citation (CAP-AG-05), no coverage-plan monitoring agent; collection agents run the three connectors under budgets",Scheduled collection worker is branch-only (#44); verification class in source: Control + accountable | release_status merged → branch-only from the evidence at 2e83945,v08.txt:page 115:L6852-L6882,branch+main+test
PR-50-002,V8,"50 Observation, Search, and Collection Agents",115,"The product SHALL persist, expose, version, and reconcile agent run, plan, source contract, query, target, cursor, budget, retrieved evidence, coverage, refusal, escalation, checkpoint, and outcome; identity, owner, effective time, status, provenance, and policy SHALL remain explicit.",V08-F013,agents,partial,passed:harness,branch-only,phase1,P7-A,"apps/api/migrations/0006_objects.sql (identity, owner, times, status, provenance, policy on every canonical object); apps/api/src/observation/agents/agents.service.ts (RunBudgets); apps/api/src/observation/observation.controller.ts (/agents/register, /agents/:agentId/revoke); apps/api/src/observation/scheduling/collection-worker.service.ts; apps/api/test/int/phase6-scheduled-collection.test.ts: a REFUSED run: the agent is revoked; no run is opened, the attempt is recorded refused",Observation agents and runs persisted with budgets; no plan or tool grants,verification class in source: Control + accountable | release_status merged → branch-only from the evidence at 2e83945,v08.txt:page 115:L6863-L6882,branch+main+test
PR-50-003,V8,"50 Observation, Search, and Collection Agents",115,"The product SHALL enforce this human-authority boundary: agents may act only inside approved collection contracts and tool scopes; humans approve sensitive targets, rights, source substitution, and consequential collection changes.",V08-F013,agents,partial,passed:harness,merged,phase1,P7-A,apps/api/src/policy/pdp.service.ts; apps/api/test/unit/pdp.test.ts; apps/api/test/int/gate22-authority-matrix.test.ts: no port succeeds on a role outside its grantee set,"The boundary 'agents may act only inside approved collection contracts and tool scopes; humans approve sensitive targets, rights, source substitution, and consequential colle' is only approximated by coarse PDP roles; no named eligible authority, digest, expiry or separation record for this chapter'",verification class in source: Control + accountable,v08.txt:page 115:L6874-L6882,main+test
PR-50-004,V8,"50 Observation, Search, and Collection Agents",116,"SaaS, Private Cloud, and On-Premise SHALL preserve identical outcome, object, human-authority, explanation, correction, export, replay, and failure semantics; operational variance SHALL be declared.",V08-F013,infrastructure,partial,unverified,branch-only,phase7,P7-D,docker-compose.yml (one local profile); infra/images/candidates/*.Dockerfile; .github/workflows/ci.yml: build-test,"One local Docker Compose profile only; no SaaS/Private Cloud/On-Premise deployment profiles, no golden-journey semantic diff across them, no declared operational variance (ch. 65, MET-035)",ADR-020; C-042; semantics are profile-independent by construction (single code path) but unproven | release_status merged → branch-only from the evidence at 2e83945,v08.txt:page 116:L6888-L6957,branch+main+test
PR-50-005,V8,"50 Observation, Search, and Collection Agents",116,"When agents encounter prohibited content, robots or legal constraints, credential loss, source manipulation, loops, budget exhaustion, or coverage ambiguity, the product SHALL stop or narrow work, preserve checkpoints and custody, expose coverage loss, and escalate without bypassing controls; it SHALL NOT represent unavailable, stale, unapproved, unsupported, or incomplete state as current and co…",V08-F013,agents,partial,passed:harness,merged,phase1,P7-A,"apps/web/components/ui.tsx (DegradedBanner, ErrorNote, TruthBadge, LifecycleBadge); apps/api/src/shared/degraded-store.ts; apps/api/test/int/phase1-fault-injection.test.ts","The condition 'agents encounter prohibited content, robots or legal constraints, credential loss, source manipulation, loops, budget exhaustion, or coverage ambiguity' has no declared continuity contract: behaviour is fail-closed refusal plus the degraded banner; no hold/expose-affected-scope/route-",Truth/lifecycle/degraded labelling exists generically; verification class in source: Journey + fault test,v08.txt:page 116:L6896-L6957,main+test
PR-50-006,V8,"50 Observation, Search, and Collection Agents",116,"Acceptance SHALL demonstrate source and rights fixtures, crawl- boundary tests, budget and loop controls, tool-denial tests, provenance closure, and supervisor acceptance for the exact capability version, journey, role, tenant or domain, deployment, entitlement, data and model versions, configuration, consequence class, and period.",V08-F013,agents,partial,unverified,branch-only,phase1,P7-A,"apps/api/src/observation/agents/agents.service.ts (RunBudgets); apps/api/src/observation/observation.controller.ts (/agents/register, /agents/:agentId/revoke); apps/api/src/observation/scheduling/collection-worker.service.ts; apps/api/test/int/phase6-scheduled-collection.test.ts: a REFUSED run: the agent is revoked; no run is opened, the attempt is recorded refused","No scope-specific acceptance record binding capability version, journey, role, tenant/domain, deployment, entitlement, data/model versions, configuration, consequence class and period; no independent assurance or customer attestation (ADR-023); existing evidence is phase harness/browser/CI",AT-50; verification class in source: Control + accountable | release_status merged → branch-only from the evidence at 2e83945,v08.txt:page 116:L6909-L6957,branch+main+test
PR-51-001,V8,"51 Cleaning, Classification, NER, and Relationship",117,"The Eye SHALL provide a governed, role-appropriate capability through which authorized users can propose cleaned records, classifications, named entities, identity resolutions, and relationships with confidence, provenance, reversible changes, and review queues.",V08-F013,agents,partial,passed:harness,merged,phase2,P7-A,apps/api/src/intelligence/extraction/extraction.service.ts; apps/api/src/intelligence/gateway/model-gateway.service.ts (replay | local-live; abstention; NO HOSTED MODEL API); apps/api/src/graph/entities/resolver.service.ts; apps/api/test/int/phase2-acceptance.test.ts: a run that exceeds its call budget stops and says so; an abstention is its own outcome,"No cleaning/normalization agent, no classification agent with golden sets, no relationship-proposal agent with calibration and rollback; extraction is a governed pipeline with budgets, not bounded agents with identity per CAP-AG-06/07",PHASE2_REPORT.md §4 model decision; C-030; verification class in source: Control + accountable,v08.txt:page 117:L6989-L7008,main+test
PR-51-002,V8,"51 Cleaning, Classification, NER, and Relationship",117,"The product SHALL persist, expose, version, and reconcile input object, transformation, model, candidate entity, class, relationship, score, explanation, evidence, review rule, proposal, decision, correction, and evaluation; identity, owner, effective time, status, provenance, and policy SHALL remain explicit.",V08-F013,agents,partial,passed:harness,merged,phase2,P7-A,"apps/api/migrations/0006_objects.sql (identity, owner, times, status, provenance, policy on every canonical object); apps/api/src/intelligence/extraction/extraction.service.ts; apps/api/src/intelligence/gateway/model-gateway.service.ts (replay | local-live; abstention; NO HOSTED MODEL API); apps/api/src/graph/entities/resolver.service.ts; apps/api/test/int/phase2-acceptance.test.ts: a run that exceeds its call budget stops and says so; an abstention is its own outcome","Runs, gateway calls, methods persisted; no golden-set or reversibility records",verification class in source: Control + accountable,v08.txt:page 117:L6999-L7008,main+test
PR-51-003,V8,"51 Cleaning, Classification, NER, and Relationship",118,The product SHALL enforce this human-authority boundary: agents create proposals unless an explicitly approved low-consequence rule permits automatic admission; humans adjudicate ambiguous or material identity and relationship changes.,V08-F013,agents,partial,passed:harness,merged,phase2,P7-A,apps/api/src/policy/pdp.service.ts; apps/api/test/unit/pdp.test.ts; apps/api/test/int/gate22-authority-matrix.test.ts: no port succeeds on a role outside its grantee set,"The boundary 'agents create proposals unless an explicitly approved low-consequence rule permits automatic admission; humans adjudicate ambiguous or material identity and rel' is only approximated by coarse PDP roles; no named eligible authority, digest, expiry or separation record for this chapter'",verification class in source: Control + accountable,v08.txt:page 118:L7014-L7090,main+test
PR-51-004,V8,"51 Cleaning, Classification, NER, and Relationship",118,"SaaS, Private Cloud, and On-Premise SHALL preserve identical outcome, object, human-authority, explanation, correction, export, replay, and failure semantics; operational variance SHALL be declared.",V08-F013,infrastructure,partial,unverified,branch-only,phase7,P7-D,docker-compose.yml (one local profile); infra/images/candidates/*.Dockerfile; .github/workflows/ci.yml: build-test,"One local Docker Compose profile only; no SaaS/Private Cloud/On-Premise deployment profiles, no golden-journey semantic diff across them, no declared operational variance (ch. 65, MET-035)",ADR-020; C-042; semantics are profile-independent by construction (single code path) but unproven | release_status merged → branch-only from the evidence at 2e83945,v08.txt:page 118:L7024-L7090,branch+main+test
PR-51-005,V8,"51 Cleaning, Classification, NER, and Relationship",118,"When agents corrupt meaning, lose provenance, misclassify, merge identities incorrectly, create unsupported relationships, or drift, the product SHALL reject or quarantine proposals, preserve inputs and versions, reverse affected projections, and route review or rollback; it SHALL NOT represent unavailable, stale, unapproved, unsupported, or incomplete state as current and complete.",V08-F013,agents,partial,passed:harness,merged,phase2,P7-A,"apps/web/components/ui.tsx (DegradedBanner, ErrorNote, TruthBadge, LifecycleBadge); apps/api/src/shared/degraded-store.ts; apps/api/test/int/phase1-fault-injection.test.ts","The condition 'agents corrupt meaning, lose provenance, misclassify, merge identities incorrectly, create unsupported relationships, or drift' has no declared continuity contract: behaviour is fail-closed refusal plus the degraded banner; no hold/expose-affected-scope/route-to-authority path specifi",Truth/lifecycle/degraded labelling exists generically; verification class in source: Journey + fault test,v08.txt:page 118:L7033-L7090,main+test
PR-51-006,V8,"51 Cleaning, Classification, NER, and Relationship",118,"Acceptance SHALL demonstrate golden and adversarial datasets, provenance and reversibility, merge/split tests, calibration by class, drift monitoring, and steward acceptance for the exact capability version, journey, role, tenant or domain, deployment, entitlement, data and model versions, configuration, consequence class, and period.",V08-F013,agents,partial,unverified,merged,phase2,P7-A,apps/api/src/intelligence/extraction/extraction.service.ts; apps/api/src/intelligence/gateway/model-gateway.service.ts (replay | local-live; abstention; NO HOSTED MODEL API); apps/api/src/graph/entities/resolver.service.ts; apps/api/test/int/phase2-acceptance.test.ts: a run that exceeds its call budget stops and says so; an abstention is its own outcome,"No scope-specific acceptance record binding capability version, journey, role, tenant/domain, deployment, entitlement, data/model versions, configuration, consequence class and period; no independent assurance or customer attestation (ADR-023); existing evidence is phase harness/browser/CI",AT-51; verification class in source: Control + accountable,v08.txt:page 118:L7044-L7090,main+test
PR-52-001,V8,"52 Knowledge Graph, Memory, and Reasoning",119,"The Eye SHALL provide a governed, role-appropriate capability through which authorized users can propose graph curation, retrieve institutional memory, construct evidence-grounded reasoning chains, surface contradiction, and preserve dissent and provenance. Evidence closure review Signed scope-specific acceptance record resolving release, configuration, versions, tests, conditions, and authoritie…",V08-F013,agents,missing,unverified,none,phase7,P7-A,,"Build graph/memory/reasoning agent family: retrieval and reasoning across evidence, graph and memory with citation, circularity, dissent and abstention tests (CAP-AG-08)",Depends on P3 retrieval (hybrid search absent),v08.txt:page 119:L7121-L7151,
PR-52-002,V8,"52 Knowledge Graph, Memory, and Reasoning",119,"The product SHALL persist, expose, version, and reconcile reasoning task, context manifest, graph revision, memory snapshot, claims, evidence, inference, uncertainty, alternatives, dissent, proposal, reviewer, and outcome; identity, owner, effective time, status, provenance, and policy SHALL remain explicit.",V08-F013,agents,missing,unverified,none,phase7,P7-A,,"No persisted state for this chapter; build the object model with identity, owner, effective time, status, provenance and policy together with the capability in PR-52-001",verification class in source: Control + accountable,v08.txt:page 119:L7132-L7151,
PR-52-003,V8,"52 Knowledge Graph, Memory, and Reasoning",119,"The product SHALL enforce this human-authority boundary: reasoning agents may advise and propose but cannot declare derived claims as fact, mutate canonical graph or memory without authority, or suppress disagreement.",V08-F013,agents,missing,unverified,none,phase7,P7-A,,"No capability exists to gate; when built, the boundary 'reasoning agents may advise and propose but cannot declare derived claims as fact, mutate canonical graph or memory without authority, or suppress disagreement' must be a PDP rule with named eligible authority, digest and audit",verification class in source: Control + accountable,v08.txt:page 119:L7143-L7151,
PR-52-004,V8,"52 Knowledge Graph, Memory, and Reasoning",120,"SaaS, Private Cloud, and On-Premise SHALL preserve identical outcome, object, human-authority, explanation, correction, export, replay, and failure semantics; operational variance SHALL be declared.",V08-F013,agents,missing,unverified,none,phase7,P7-D,,"Capability absent, so parity cannot be declared; when built, add the chapter's golden journey to the cross-profile conformance suite (ch. 65)",ADR-020; PAR catalog,v08.txt:page 120:L7157-L7222,
PR-52-005,V8,"52 Knowledge Graph, Memory, and Reasoning",120,"When context is incomplete or policy-filtered, reasoning is circular, citations fail, memory is stale, or claims exceed evidence, the product SHALL abstain or return a visibly partial result, preserve the reasoning trace, constrain downstream use, and escalate review; it SHALL NOT represent unavailable, stale, unapproved, unsupported, or incomplete state as current and complete.",V08-F013,agents,missing,unverified,none,phase7,P7-A,,"No continuity path exists for 'context is incomplete or policy-filtered, reasoning is circular, citations fail, memory is stale, or claims exceed evidence'; build hold/expose/route behaviour with the capability",verification class in source: Journey + fault test,v08.txt:page 120:L7166-L7222,
PR-52-006,V8,"52 Knowledge Graph, Memory, and Reasoning",120,"Acceptance SHALL demonstrate context and citation closure, circularity and contradiction tests, temporal replay, policy trimming, abstention evaluation, and expert acceptance for the exact capability version, journey, role, tenant or domain, deployment, entitlement, data and model versions, configuration, consequence class, and period.",V08-F013,agents,missing,unverified,none,phase7,P7-A,,No capability and no acceptance evidence; AT-52 cannot start,AT-52,v08.txt:page 120:L7177-L7222,
PR-53-001,V8,"53 Prediction, Scenario, Simulation, and Decision",121,"The Eye SHALL provide a governed, role-appropriate capability through which authorized users can coordinate bounded prediction, scenario, simulation, and recommendation work against exact evidence, model, assumption, twin, objective, and decision-case versions. Evidence closure review Signed scope-specific acceptance record resolving release, configuration, versions, tests, conditions, and author…",V08-F014,agents,partial,passed:harness,branch-only,phase6,P7-A,"apps/api/src/executive/agents/agents.service.ts (decision agent); apps/api/test/int/phase6-agents.test.ts: drafts option cards into a DRAFT version, marked agent-produced; its attempt to propose is refused; apps/api/test/int/phase6-decisions.test.ts: the decision agent holds exactly ONE write","No forecast, scenario or simulation agents (CAP-AG-09); the decision agent drafts from the first control with interventions rather than the case-bound runs (FULL_PRODUCT_DELIVERY_REGISTER.md §6)",C-028,v08.txt:page 121:L7253-L7284,branch+test
PR-53-002,V8,"53 Prediction, Scenario, Simulation, and Decision",121,"The product SHALL persist, expose, version, and reconcile agent run, task graph, evidence snapshot, model, forecast, scenario, simulation, recommendation, uncertainty, checkpoint, human gate, budget, and result; identity, owner, effective time, status, provenance, and policy SHALL remain explicit.",V08-F014,agents,partial,passed:harness,branch-only,phase6,P7-A,"apps/api/migrations/0006_objects.sql (identity, owner, times, status, provenance, policy on every canonical object); apps/api/src/executive/agents/agents.service.ts (decision agent); apps/api/test/int/phase6-agents.test.ts: drafts option cards into a DRAFT version, marked agent-produced; its attempt to propose is refused; apps/api/test/int/phase6-decisions.test.ts: the decision agent holds exactly ONE write",Agent runs persisted with outputs; no forecast/scenario agent state,verification class in source: Control + accountable,v08.txt:page 121:L7265-L7284,branch+main+test
PR-53-003,V8,"53 Prediction, Scenario, Simulation, and Decision",121,"The product SHALL enforce this human-authority boundary: agents may prepare and compare strategic products; humans approve assumptions, models, decision-active status, recommendations, and all consequential decisions.",V08-F014,agents,partial,passed:harness,merged,phase6,P7-A,apps/api/src/policy/pdp.service.ts; apps/api/test/unit/pdp.test.ts; apps/api/test/int/gate22-authority-matrix.test.ts: no port succeeds on a role outside its grantee set,"The boundary 'agents may prepare and compare strategic products; humans approve assumptions, models, decision-active status, recommendations, and all consequential decisions' is only approximated by coarse PDP roles; no named eligible authority, digest, expiry or separation record for this chapter's",verification class in source: Control + accountable | release_status branch-only → merged from the evidence at 2e83945,v08.txt:page 121:L7276-L7284,main+test
PR-53-004,V8,"53 Prediction, Scenario, Simulation, and Decision",122,"SaaS, Private Cloud, and On-Premise SHALL preserve identical outcome, object, human-authority, explanation, correction, export, replay, and failure semantics; operational variance SHALL be declared.",V08-F014,infrastructure,partial,unverified,branch-only,phase7,P7-D,docker-compose.yml (one local profile); infra/images/candidates/*.Dockerfile; .github/workflows/ci.yml: build-test,"One local Docker Compose profile only; no SaaS/Private Cloud/On-Premise deployment profiles, no golden-journey semantic diff across them, no declared operational variance (ch. 65, MET-035)",ADR-020; C-042; semantics are profile-independent by construction (single code path) but unproven,v08.txt:page 122:L7290-L7357,branch+main+test
PR-53-005,V8,"53 Prediction, Scenario, Simulation, and Decision",122,"When versions diverge, task chains amplify error, models disagree, budgets exhaust, gates are bypassed, or an agent attempts institutional effect, the product SHALL pause the run, preserve checkpoints and partial state, expose disagreement and residual effects, and require human review; it SHALL NOT represent unavailable, stale, unapproved, unsupported, or incomplete state as current and complete.",V08-F014,agents,partial,passed:harness,merged,phase6,P7-A,"apps/web/components/ui.tsx (DegradedBanner, ErrorNote, TruthBadge, LifecycleBadge); apps/api/src/shared/degraded-store.ts; apps/api/test/int/phase1-fault-injection.test.ts","The condition 'versions diverge, task chains amplify error, models disagree, budgets exhaust, gates are bypassed, or an agent attempts institutional effect' has no declared continuity contract: behaviour is fail-closed refusal plus the degraded banner; no hold/expose-affected-scope/route-to-authorit",Truth/lifecycle/degraded labelling exists generically; verification class in source: Journey + fault test | release_status branch-only → merged from the evidence at 2e83945,v08.txt:page 122:L7299-L7357,main+test
PR-53-006,V8,"53 Prediction, Scenario, Simulation, and Decision",122,"Acceptance SHALL demonstrate multi-agent replay, version pinning, budget and tool controls, gate-bypass tests, uncertainty propagation, and decision-authority acceptance for the exact capability version, journey, role, tenant or domain, deployment, entitlement, data and model versions, configuration, consequence class, and period.",V08-F014,agents,partial,unverified,branch-only,phase6,P7-A,"apps/api/src/executive/agents/agents.service.ts (decision agent); apps/api/test/int/phase6-agents.test.ts: drafts option cards into a DRAFT version, marked agent-produced; its attempt to propose is refused; apps/api/test/int/phase6-decisions.test.ts: the decision agent holds exactly ONE write","No scope-specific acceptance record binding capability version, journey, role, tenant/domain, deployment, entitlement, data/model versions, configuration, consequence class and period; no independent assurance or customer attestation (ADR-023); existing evidence is phase harness/browser/CI",AT-53; verification class in source: Control + accountable,v08.txt:page 122:L7311-L7357,branch+test
PR-54-001,V8,54 Domain Intelligence Agents,123,"The Eye SHALL provide a governed, role-appropriate capability through which authorized users can apply specialist methods and ontologies through governed agent packages that preserve the universal evidence, graph, memory, forecast, and decision contracts. Evidence closure review Signed scope-specific acceptance record resolving release, configuration, versions, tests, conditions, and authorities.",V08-F014,agents,missing,unverified,none,phase7,P7-A,,Build domain specialist agents applying approved ontologies/methods/models/tools with domain benchmarks and scope conformance (CAP-AG-10); depends on domain packages (ch. 31) that do not exist,C-007,v08.txt:page 123:L7387-L7417,
PR-54-002,V8,54 Domain Intelligence Agents,123,"The product SHALL persist, expose, version, and reconcile domain agent, package, ontology, source set, method, model, tools, policy, evaluation, output type, explanation, escalation, owner, release, and lifecycle; identity, owner, effective time, status, provenance, and policy SHALL remain explicit.",V08-F014,agents,missing,unverified,none,phase7,P7-A,,"No persisted state for this chapter; build the object model with identity, owner, effective time, status, provenance and policy together with the capability in PR-54-001",verification class in source: Control + accountable,v08.txt:page 123:L7398-L7417,
PR-54-003,V8,54 Domain Intelligence Agents,123,"The product SHALL enforce this human-authority boundary: domain agents remain within approved expertise, data, action, and consequence boundaries; domain human authorities approve assessments and strategic use.",V08-F014,agents,missing,unverified,none,phase7,P7-A,,"No capability exists to gate; when built, the boundary 'domain agents remain within approved expertise, data, action, and consequence boundaries; domain human authorities approve assessments and strategic use' must be a PDP rule with named eligible authority, digest and audit",verification class in source: Control + accountable,v08.txt:page 123:L7409-L7417,
PR-54-004,V8,54 Domain Intelligence Agents,124,"SaaS, Private Cloud, and On-Premise SHALL preserve identical outcome, object, human-authority, explanation, correction, export, replay, and failure semantics; operational variance SHALL be declared.",V08-F014,agents,missing,unverified,none,phase7,P7-D,,"Capability absent, so parity cannot be declared; when built, add the chapter's golden journey to the cross-profile conformance suite (ch. 65)",ADR-020; PAR catalog,v08.txt:page 124:L7423-L7492,
PR-54-005,V8,54 Domain Intelligence Agents,124,"When an agent operates outside domain competence, conflicts with canonical semantics, uses unapproved data or models, or creates unsafe cross-domain effects, the product SHALL deny or constrain execution, preserve evidence, mark outputs non-conformant, and route domain and platform governance; it SHALL NOT represent unavailable, stale, unapproved, unsupported, or incomplete state as current and c…",V08-F014,agents,missing,unverified,none,phase7,P7-A,,"No continuity path exists for 'an agent operates outside domain competence, conflicts with canonical semantics, uses unapproved data or models, or creates unsafe cross-domain effects'; build hold/expose/route behaviour with the capability",verification class in source: Journey + fault test,v08.txt:page 124:L7432-L7492,
PR-54-006,V8,54 Domain Intelligence Agents,124,"Acceptance SHALL demonstrate domain benchmark suites, ontology compatibility, scope and tool negative tests, cross-domain consistency, explanation review, and authority acceptance for the exact capability version, journey, role, tenant or domain, deployment, entitlement, data and model versions, configuration, consequence class, and period.",V08-F014,agents,missing,unverified,none,phase7,P7-A,,No capability and no acceptance evidence; AT-54 cannot start,AT-54,v08.txt:page 124:L7444-L7492,
PR-55-001,V8,"55 Planner, Supervisor, Workflow, and Briefing",125,"The Eye SHALL provide a governed, role-appropriate capability through which authorized users can decompose authorized goals, assign bounded tasks, supervise agents, coordinate durable workflows, escalate exceptions, and assemble reviewable briefing drafts.",V08-F014,agents,partial,passed:harness,branch-only,phase7,P7-A,"apps/api/src/executive/agents/agent-worker.service.ts; apps/api/src/executive/agents/agents.service.ts (briefing agent); apps/api/test/int/phase6-agents.test.ts: the planner: the room's cadence becomes a briefing job on its own queue; a promoted tick runs the agent; composes the room's briefing as an agent run, evaluating the conditions first","No generic Planner/Supervisor/Workflow runtime: task decomposition, inter-agent contracts, checkpoints, loop/deadlock detection, resume after interruption, adversarial workflow tests (CAP-AG-11, C-029)",ADR-016; PAR-09; verification class in source: End-to-end product,v08.txt:page 125:L7522-L7553,branch+test
PR-55-002,V8,"55 Planner, Supervisor, Workflow, and Briefing",125,"The product SHALL persist, expose, version, and reconcile goal, plan, task, dependency, agent, tool, budget, checkpoint, supervision rule, exception, escalation, human gate, briefing draft, outcome, and replay; identity, owner, effective time, status, provenance, and policy SHALL remain explicit.",V08-F014,agents,partial,passed:harness,branch-only,phase7,P7-A,"apps/api/migrations/0006_objects.sql (identity, owner, times, status, provenance, policy on every canonical object); apps/api/src/executive/agents/agent-worker.service.ts; apps/api/src/executive/agents/agents.service.ts (briefing agent); apps/api/test/int/phase6-agents.test.ts: the planner: the room's cadence becomes a briefing job on its own queue; a promoted tick runs the agent; composes the room's briefing as an agent run, evaluating the conditions first",Scheduled briefing jobs and runs persisted; no task graph or checkpoint records,verification class in source: Control + accountable,v08.txt:page 125:L7534-L7553,branch+main+test
PR-55-003,V8,"55 Planner, Supervisor, Workflow, and Briefing",125,"The product SHALL enforce this human-authority boundary: planning and supervision optimize execution only within explicit authority; humans approve material goals, plan changes, gates, publication, and commitments.",V08-F014,agents,partial,passed:harness,merged,phase7,P7-A,apps/api/src/policy/pdp.service.ts; apps/api/test/unit/pdp.test.ts; apps/api/test/int/gate22-authority-matrix.test.ts: no port succeeds on a role outside its grantee set,"The boundary 'planning and supervision optimize execution only within explicit authority; humans approve material goals, plan changes, gates, publication, and commitments' is only approximated by coarse PDP roles; no named eligible authority, digest, expiry or separation record for this chapter's tr",verification class in source: Control + accountable | release_status branch-only → merged from the evidence at 2e83945,v08.txt:page 125:L7545-L7553,main+test
PR-55-004,V8,"55 Planner, Supervisor, Workflow, and Briefing",126,"SaaS, Private Cloud, and On-Premise SHALL preserve identical outcome, object, human-authority, explanation, correction, export, replay, and failure semantics; operational variance SHALL be declared.",V08-F014,infrastructure,partial,unverified,branch-only,phase7,P7-D,docker-compose.yml (one local profile); infra/images/candidates/*.Dockerfile; .github/workflows/ci.yml: build-test,"One local Docker Compose profile only; no SaaS/Private Cloud/On-Premise deployment profiles, no golden-journey semantic diff across them, no declared operational variance (ch. 65, MET-035)",ADR-020; C-042; semantics are profile-independent by construction (single code path) but unproven,v08.txt:page 126:L7559-L7627,branch+main+test
PR-55-005,V8,"55 Planner, Supervisor, Workflow, and Briefing",126,"When plans loop or expand scope, agents deadlock, tasks duplicate, supervision fails, context diverges, or briefing synthesis hides material dissent, the product SHALL pause and checkpoint, cancel unsafe tasks, expose residual and incomplete state, escalate to the eligible human, and preserve replay; it SHALL NOT represent unavailable, stale, unapproved, unsupported, or incomplete state as curren…",V08-F014,agents,partial,passed:harness,merged,phase7,P7-A,"apps/web/components/ui.tsx (DegradedBanner, ErrorNote, TruthBadge, LifecycleBadge); apps/api/src/shared/degraded-store.ts; apps/api/test/int/phase1-fault-injection.test.ts","The condition 'plans loop or expand scope, agents deadlock, tasks duplicate, supervision fails, context diverges, or briefing synthesis hides material dissent' has no declared continuity contract: behaviour is fail-closed refusal plus the degraded banner; no hold/expose-affected-scope/route-to-autho",Truth/lifecycle/degraded labelling exists generically; verification class in source: Journey + fault test | release_status branch-only → merged from the evidence at 2e83945,v08.txt:page 126:L7568-L7627,main+test
PR-55-006,V8,"55 Planner, Supervisor, Workflow, and Briefing",126,"Acceptance SHALL demonstrate goal-to-plan traceability, loop and budget controls, crash recovery, deadlock and duplicate tests, gate enforcement, dissent preservation, and supervisor acceptance for the exact capability version, journey, role, tenant or domain, deployment, entitlement, data and model versions, configuration, consequence class, and period.",V08-F014,agents,partial,unverified,branch-only,phase7,P7-A,"apps/api/src/executive/agents/agent-worker.service.ts; apps/api/src/executive/agents/agents.service.ts (briefing agent); apps/api/test/int/phase6-agents.test.ts: the planner: the room's cadence becomes a briefing job on its own queue; a promoted tick runs the agent; composes the room's briefing as an agent run, evaluating the conditions first","No scope-specific acceptance record binding capability version, journey, role, tenant/domain, deployment, entitlement, data/model versions, configuration, consequence class and period; no independent assurance or customer attestation (ADR-023); existing evidence is phase harness/browser/CI",AT-55; verification class in source: Journey + fault test,v08.txt:page 126:L7580-L7627,branch+test
PR-56-001,V8,"56 Agent Controls, Explainability, Escalation, and",127,"The Eye SHALL provide a governed, role-appropriate capability through which authorized users can understand why an agent acted, inspect evidence and tools, constrain or stop execution, challenge outputs, escalate exceptions, and override within recorded authority.",V08-F014,agents,partial,passed:harness,branch-only,phase7,P7-A,"apps/api/src/executive/agents/agents.service.ts (RunOutcome: spent, stopReason, refusals, escalation); apps/api/test/int/phase6-agents.test.ts: a budget of three reads ... records the reason and escalates; approve, dissent and commit are refused at the PDP with no grant","No agent control center: pause/cancel a running agent (OBJ-38), constrain mid-run, challenge outputs, residual-effect accounting, human override record (HX-19), agent trace view (HX-07) in the web app",CAP-AG-12; C-028/031; MET-031..033; verification class in source: Control + accountable | UNRESOLVED pointer(s) at 2e83945: /agents/decision/:agentId/revoke,v08.txt:page 127:L7659-L7678,branch+test
PR-56-002,V8,"56 Agent Controls, Explainability, Escalation, and",127,"The product SHALL persist, expose, version, and reconcile agent identity, instruction, plan, context, model, tool call, permission, budget, action, result, explanation, refusal, escalation, override, residual effect, and audit; identity, owner, effective time, status, provenance, and policy SHALL remain explicit.",V08-F014,agents,partial,passed:harness,branch-only,phase7,P7-A,"apps/api/migrations/0006_objects.sql (identity, owner, times, status, provenance, policy on every canonical object); apps/api/src/executive/agents/agents.service.ts (RunOutcome: spent, stopReason, refusals, escalation); apps/api/test/int/phase6-agents.test.ts: a budget of three reads ... records the reason and escalates; approve, dissent and commit are refused at the PDP with no grant",Run outcomes with spent budget and stop reason persisted; no override or checkpoint records,verification class in source: Control + accountable | UNRESOLVED pointer(s) at 2e83945: /agents/decision/:agentId/revoke,v08.txt:page 127:L7669-L7678,branch+main+test
PR-56-003,V8,"56 Agent Controls, Explainability, Escalation, and",128,"The product SHALL enforce this human-authority boundary: humans may pause, cancel, reject, override, or require review within their authority; administrators cannot erase evidence or convert operational control into business approval.",V08-F014,agents,partial,passed:harness,merged,phase7,P7-A,apps/api/src/policy/pdp.service.ts; apps/api/test/unit/pdp.test.ts; apps/api/test/int/gate22-authority-matrix.test.ts: no port succeeds on a role outside its grantee set,"The boundary 'humans may pause, cancel, reject, override, or require review within their authority; administrators cannot erase evidence or convert operational control into b' is only approximated by coarse PDP roles; no named eligible authority, digest, expiry or separation record for this chapter'",verification class in source: Control + accountable | release_status branch-only → merged from the evidence at 2e83945,v08.txt:page 128:L7684-L7762,main+test
PR-56-004,V8,"56 Agent Controls, Explainability, Escalation, and",128,"SaaS, Private Cloud, and On-Premise SHALL preserve identical outcome, object, human-authority, explanation, correction, export, replay, and failure semantics; operational variance SHALL be declared.",V08-F014,infrastructure,partial,unverified,branch-only,phase7,P7-D,docker-compose.yml (one local profile); infra/images/candidates/*.Dockerfile; .github/workflows/ci.yml: build-test,"One local Docker Compose profile only; no SaaS/Private Cloud/On-Premise deployment profiles, no golden-journey semantic diff across them, no declared operational variance (ch. 65, MET-035)",ADR-020; C-042; semantics are profile-independent by construction (single code path) but unproven,v08.txt:page 128:L7694-L7762,branch+main+test
PR-56-005,V8,"56 Agent Controls, Explainability, Escalation, and",128,"When explanations are incomplete, tools exceed scope, side effects are uncertain, stop signals fail, escalation is unavailable, or override creates residual effects, the product SHALL fail closed for new consequential actions, isolate the run, preserve full trace, expose residual state, and require accountable remediation; it SHALL NOT represent unavailable, stale, unapproved, unsupported, or inc…",V08-F014,agents,implemented,passed:harness,branch-only,phase7,P7-A,"apps/api/test/int/phase6-agents.test.ts: a budget of three reads: the run stops before anything is admitted, records the reason and escalates; apps/web/components/ui.tsx (DegradedBanner, ErrorNote, TruthBadge, LifecycleBadge); apps/api/src/shared/degraded-store.ts; apps/api/test/int/phase1-fault-injection.test.ts",Stop is budget/degraded-triggered only; a human stop request mid-run (FEX-21) is not implemented,"Stale/unavailable/synthetic state is labelled (TruthBadge, LifecycleBadge, DegradedBanner); verification class in source: Journey + fault test",v08.txt:page 128:L7703-L7762,branch+main+test
PR-56-006,V8,"56 Agent Controls, Explainability, Escalation, and",128,"Acceptance SHALL demonstrate explanation fidelity, tool and permission denial, emergency stop, override and residual-effect drills, escalation availability, and auditor acceptance for the exact capability version, journey, role, tenant or domain, deployment, entitlement, data and model versions, configuration, consequence class, and period.",V08-F014,agents,partial,unverified,branch-only,phase7,P7-A,"apps/api/src/executive/agents/agents.service.ts (RunOutcome: spent, stopReason, refusals, escalation); apps/api/test/int/phase6-agents.test.ts: a budget of three reads ... records the reason and escalates; approve, dissent and commit are refused at the PDP with no grant","No scope-specific acceptance record binding capability version, journey, role, tenant/domain, deployment, entitlement, data/model versions, configuration, consequence class and period; no independent assurance or customer attestation (ADR-023); existing evidence is phase harness/browser/CI",AT-56; verification class in source: Control + accountable | UNRESOLVED pointer(s) at 2e83945: /agents/decision/:agentId/revoke,v08.txt:page 128:L7715-L7762,branch+test
PR-57-001,V8,57 Trust and Provenance Experience,130,"The Eye SHALL provide a governed, role-appropriate capability through which authorized users can verify source, chain of custody, transformation, model or agent, policy, review, approval, release, delivery, correction, and current trust state for every material product.",V08-F015,identity-policy,partial,passed:harness,merged,phase0,P7-D,"apps/web/app/observation/evidence/[evdId]/page.tsx (authenticity, custody, history); apps/web/app/admin/audit/page.tsx (chain-integrity status); apps/api/test/int/gate22-audit-verify.test.ts: a byte-level rewrite that preserves the parsed JSON is caught; e2e/phase0.spec.ts: 8. audit viewer shows events and chain-integrity status; packages/contracts (JCS/RFC 8785 digests)","No end-to-end trust inspector from source to product (signatures, versions, corrections) with tamper/substitution/offline verification (CAP-TR-01); no signed artefacts for briefings/reports; no receipts",C-035; PAR-10; HX-01/02; verification class in source: Control + accountable,v08.txt:page 130:L7800-L7838,main+test
PR-57-002,V8,57 Trust and Provenance Experience,130,"The product SHALL persist, expose, version, and reconcile trust statement, provenance chain, source, actor, method, artifact, digest, policy decision, approval, release, receipt, correction, exception, and verification status; identity, owner, effective time, status, provenance, and policy SHALL remain explicit.",V08-F015,identity-policy,partial,passed:harness,merged,phase0,P7-D,"apps/api/migrations/0006_objects.sql (identity, owner, times, status, provenance, policy on every canonical object); apps/web/app/observation/evidence/[evdId]/page.tsx (authenticity, custody, history); apps/web/app/admin/audit/page.tsx (chain-integrity status); apps/api/test/int/gate22-audit-verify.test.ts: a byte-level rewrite that preserves the parsed JSON is caught; e2e/phase0.spec.ts: 8. audit viewer shows events and chain-integrity status; packages/contracts (JCS/RFC 8785 digests)","Custody events, digests and audit chain persisted; no signature/trust-anchor records",verification class in source: Control + accountable,v08.txt:page 130:L7810-L7838,main+test
PR-57-003,V8,57 Trust and Provenance Experience,130,The product SHALL enforce this human-authority boundary: trust signals explain evidence and controls but do not certify truth beyond their scope; humans interpret consequence and decide whether evidence is sufficient.,V08-F015,identity-policy,partial,passed:harness,merged,phase0,P7-D,apps/api/src/policy/pdp.service.ts; apps/api/test/unit/pdp.test.ts; apps/api/test/int/gate22-authority-matrix.test.ts: no port succeeds on a role outside its grantee set,"The boundary 'trust signals explain evidence and controls but do not certify truth beyond their scope; humans interpret consequence and decide whether evidence is sufficient' is only approximated by coarse PDP roles; no named eligible authority, digest, expiry or separation record for this chapter's",verification class in source: Control + accountable,v08.txt:page 130:L7821-L7838,main+test
PR-57-004,V8,57 Trust and Provenance Experience,130,"SaaS, Private Cloud, and On-Premise SHALL preserve identical outcome, object, human-authority, explanation, correction, export, replay, and failure semantics; operational variance SHALL be declared.",V08-F015,infrastructure,partial,unverified,branch-only,phase7,P7-D,docker-compose.yml (one local profile); infra/images/candidates/*.Dockerfile; .github/workflows/ci.yml: build-test,"One local Docker Compose profile only; no SaaS/Private Cloud/On-Premise deployment profiles, no golden-journey semantic diff across them, no declared operational variance (ch. 65, MET-035)",ADR-020; C-042; semantics are profile-independent by construction (single code path) but unproven | release_status merged → branch-only from the evidence at 2e83945,v08.txt:page 130:L7831-L7838,branch+main+test
PR-57-005,V8,57 Trust and Provenance Experience,131,"When provenance breaks, signatures fail, artifacts mismatch, authority expires, corrections are pending, or verification services are unavailable, the product SHALL mark trust indeterminate, prevent unsupported consequential use, preserve the failing evidence, and route verification or investigation; it SHALL NOT represent unavailable, stale, unapproved, unsupported, or incomplete state as curren…",V08-F015,identity-policy,partial,passed:harness,merged,phase0,P7-D,"apps/web/components/ui.tsx (DegradedBanner, ErrorNote, TruthBadge, LifecycleBadge); apps/api/src/shared/degraded-store.ts; apps/api/test/int/phase1-fault-injection.test.ts","The condition 'provenance breaks, signatures fail, artifacts mismatch, authority expires, corrections are pending, or verification services are unavailable' has no declared continuity contract: behaviour is fail-closed refusal plus the degraded banner; no hold/expose-affected-scope/route-to-authorit",Truth/lifecycle/degraded labelling exists generically; verification class in source: Journey + fault test,v08.txt:page 131:L7843-L7903,main+test
PR-57-006,V8,57 Trust and Provenance Experience,131,"Acceptance SHALL demonstrate end-to-end provenance resolution, tamper and substitution tests, offline verification, correction propagation, recipient checks, and audit acceptance for the exact capability version, journey, role, tenant or domain, deployment, entitlement, data and model versions, configuration, consequence class, and period.",V08-F015,identity-policy,partial,unverified,merged,phase0,P7-D,"apps/web/app/observation/evidence/[evdId]/page.tsx (authenticity, custody, history); apps/web/app/admin/audit/page.tsx (chain-integrity status); apps/api/test/int/gate22-audit-verify.test.ts: a byte-level rewrite that preserves the parsed JSON is caught; e2e/phase0.spec.ts: 8. audit viewer shows events and chain-integrity status; packages/contracts (JCS/RFC 8785 digests)","No scope-specific acceptance record binding capability version, journey, role, tenant/domain, deployment, entitlement, data/model versions, configuration, consequence class and period; no independent assurance or customer attestation (ADR-023); existing evidence is phase harness/browser/CI",AT-57; verification class in source: Control + accountable,v08.txt:page 131:L7856-L7903,main+test
PR-58-001,V8,"58 Identity, Access, and Tenant Administration",132,"The Eye SHALL provide a governed, role-appropriate capability through which authorized users can federate identities, provision roles, scope domains, enforce least privilege, manage privileged access, review entitlements, and revoke access across deployments.",V08-F015,identity-policy,partial,passed:harness,merged,phase0,P7-D,"apps/api/src/pipeline/auth.controller.ts (/login, /rotate, /refresh); apps/api/src/pipeline/admin.controllers.ts (/tenants/:tenantId/principals); apps/api/src/identity/*.ts; apps/web/app/admin/principals/page.tsx; apps/web/app/admin/tenants/page.tsx; apps/api/test/acceptance/acceptance.test.ts: rotates on every successful refresh; detects replay; revokes on reuse; apps/api/test/int/gate22-identity-mutators.test.ts; apps/api/test/int/domain-isolation.test.ts","No SSO/OIDC/SAML federation, MFA, partner/customer identity, access recertification or delegated emergency-access workflow (break-glass exists only as a DB grant); principal status history not recorded (PHASE6_REPORT.md §12.5)",CAP-TR-02/03; C-039; PER-18/19; verification class in source: Cross-deployment,v08.txt:page 132:L7933-L7962,main+test
PR-58-002,V8,"58 Identity, Access, and Tenant Administration",132,"The product SHALL persist, expose, version, and reconcile identity, organization, tenant, domain, role, policy, group, credential, session, device, workload, privilege, approval, recertification, revocation, and audit; identity, owner, effective time, status, provenance, and policy SHALL remain explicit.",V08-F015,identity-policy,partial,passed:harness,merged,phase0,P7-D,"apps/api/migrations/0006_objects.sql (identity, owner, times, status, provenance, policy on every canonical object); apps/api/src/pipeline/auth.controller.ts (/login, /rotate, /refresh); apps/api/src/pipeline/admin.controllers.ts (/tenants/:tenantId/principals); apps/api/src/identity/*.ts; apps/web/app/admin/principals/page.tsx; apps/web/app/admin/tenants/page.tsx; apps/api/test/acceptance/acceptance.test.ts: rotates on every successful refresh; detects replay; revokes on reuse; apps/api/test/int/gate22-identity-mutators.test.ts; apps/api/test/int/domain-isolation.test.ts","Principals, sessions, role bindings, break_glass_grants persisted; no federation, MFA or recertification records",verification class in source: Control + accountable,v08.txt:page 132:L7943-L7962,main+test
PR-58-003,V8,"58 Identity, Access, and Tenant Administration",132,"The product SHALL enforce this human-authority boundary: administrators manage access but cannot grant themselves business decision authority, bypass separation of duty, or inspect customer data outside approved support purpose.",V08-F015,identity-policy,implemented,passed:harness,merged,phase0,P7-D,apps/api/test/int/gate22-identity-mutators.test.ts; apps/api/test/int/domain-isolation.test.ts: rejects a DOMAIN context request for a domain the principal is not bound to,Administration cannot mint business authority (proven); emergency access approval workflow absent,verification class in source: Control + accountable,v08.txt:page 132:L7954-L7962,main+test
PR-58-004,V8,"58 Identity, Access, and Tenant Administration",133,"SaaS, Private Cloud, and On-Premise SHALL preserve identical outcome, object, human-authority, explanation, correction, export, replay, and failure semantics; operational variance SHALL be declared.",V08-F015,infrastructure,partial,unverified,branch-only,phase7,P7-D,docker-compose.yml (one local profile); infra/images/candidates/*.Dockerfile; .github/workflows/ci.yml: build-test,"One local Docker Compose profile only; no SaaS/Private Cloud/On-Premise deployment profiles, no golden-journey semantic diff across them, no declared operational variance (ch. 65, MET-035)",ADR-020; C-042; semantics are profile-independent by construction (single code path) but unproven | release_status merged → branch-only from the evidence at 2e83945,v08.txt:page 133:L7968-L8036,branch+main+test
PR-58-005,V8,"58 Identity, Access, and Tenant Administration",133,"When identity assurance fails, privileges conflict or become stale, federation is unavailable, revocation lags, or tenant scope is ambiguous, the product SHALL deny or reduce access, preserve existing low-risk sessions only by policy, expose impact, and invoke customer-controlled recovery; it SHALL NOT represent unavailable, stale, unapproved, unsupported, or incomplete state as current and compl…",V08-F015,identity-policy,partial,passed:harness,merged,phase0,P7-D,"apps/web/components/ui.tsx (DegradedBanner, ErrorNote, TruthBadge, LifecycleBadge); apps/api/src/shared/degraded-store.ts; apps/api/test/int/phase1-fault-injection.test.ts","The condition 'identity assurance fails, privileges conflict or become stale, federation is unavailable, revocation lags, or tenant scope is ambiguous' has no declared continuity contract: behaviour is fail-closed refusal plus the degraded banner; no hold/expose-affected-scope/route-to-authority pat",Truth/lifecycle/degraded labelling exists generically; verification class in source: Journey + fault test,v08.txt:page 133:L7977-L8036,main+test
PR-58-006,V8,"58 Identity, Access, and Tenant Administration",133,"Acceptance SHALL demonstrate federation and lifecycle tests, least- privilege and cross-tenant negatives, privileged workflows, recertification, emergency access, and customer acceptance for the exact capability version, journey, role, tenant or domain, deployment, entitlement, data and model versions, configuration, consequence class, and period.",V08-F015,identity-policy,partial,unverified,merged,phase0,P7-D,"apps/api/src/pipeline/auth.controller.ts (/login, /rotate, /refresh); apps/api/src/pipeline/admin.controllers.ts (/tenants/:tenantId/principals); apps/api/src/identity/*.ts; apps/web/app/admin/principals/page.tsx; apps/web/app/admin/tenants/page.tsx; apps/api/test/acceptance/acceptance.test.ts: rotates on every successful refresh; detects replay; revokes on reuse; apps/api/test/int/gate22-identity-mutators.test.ts; apps/api/test/int/domain-isolation.test.ts","No scope-specific acceptance record binding capability version, journey, role, tenant/domain, deployment, entitlement, data/model versions, configuration, consequence class and period; no independent assurance or customer attestation (ADR-023); existing evidence is phase harness/browser/CI",AT-58; verification class in source: Control + accountable,v08.txt:page 133:L7989-L8036,main+test
PR-59-001,V8,"59 Policy, Privacy, Residency, and Consent",134,"The Eye SHALL provide a governed, role-appropriate capability through which authorized users can define, approve, enforce, explain, review, and evidence purpose, classification, rights, consent, minimization, residency, retention, and cross-border obligations. Evidence closure review Signed scope-specific acceptance record resolving release, configuration, versions, tests, conditions, and authori…",V08-F015,identity-policy,partial,passed:harness,merged,phase0,P7-D,"apps/api/src/policy/pdp.service.ts; apps/api/migrations/0003_policy.sql; apps/api/test/acceptance/acceptance.test.ts: missing purpose on a protected operation → deny; audit.read returns allow_with_obligations and the mask is EXECUTED; apps/api/src/observation/observation.controller.ts (/sources/:sourceId/rights); apps/api/migrations/0006_objects.sql (classification, purpose_scope, rights_profile, residency_profile, retention_profile)","No policy/purpose console, consent records, privacy-rights workspace (access/correction/restriction/export/deletion requests; CAP-TR-05), residency enforcement or cross-border transfer fixtures; retention profiles are labels without execution",C-037/040/041; PAR-11/12; HX-17,v08.txt:page 134:L8066-L8096,main+test
PR-59-002,V8,"59 Policy, Privacy, Residency, and Consent",134,"The product SHALL persist, expose, version, and reconcile policy, authority, subject, purpose, classification, lawful basis, consent, right, jurisdiction, residency, transfer, obligation, decision, exception, and evidence; identity, owner, effective time, status, provenance, and policy SHALL remain explicit.",V08-F015,identity-policy,partial,passed:harness,merged,phase0,P7-D,"apps/api/migrations/0006_objects.sql (identity, owner, times, status, provenance, policy on every canonical object); apps/api/src/policy/pdp.service.ts; apps/api/migrations/0003_policy.sql; apps/api/test/acceptance/acceptance.test.ts: missing purpose on a protected operation → deny; audit.read returns allow_with_obligations and the mask is EXECUTED; apps/api/src/observation/observation.controller.ts (/sources/:sourceId/rights); apps/api/migrations/0006_objects.sql (classification, purpose_scope, rights_profile, residency_profile, retention_profile)","Policy decisions, obligations, classification and profile labels persisted; no consent, request or transfer records",verification class in source: Control + accountable,v08.txt:page 134:L8077-L8096,main+test
PR-59-003,V8,"59 Policy, Privacy, Residency, and Consent",134,"The product SHALL enforce this human-authority boundary: automation evaluates policy; accountable human and customer authorities define obligations, approve exceptions, and decide contested or high-consequence cases.",V08-F015,identity-policy,partial,passed:harness,merged,phase0,P7-D,apps/api/src/policy/pdp.service.ts; apps/api/test/unit/pdp.test.ts; apps/api/test/int/gate22-authority-matrix.test.ts: no port succeeds on a role outside its grantee set,"The boundary 'automation evaluates policy; accountable human and customer authorities define obligations, approve exceptions, and decide contested or high-consequence cases' is only approximated by coarse PDP roles; no named eligible authority, digest, expiry or separation record for this chapter's",verification class in source: Control + accountable,v08.txt:page 134:L8088-L8096,main+test
PR-59-004,V8,"59 Policy, Privacy, Residency, and Consent",135,"SaaS, Private Cloud, and On-Premise SHALL preserve identical outcome, object, human-authority, explanation, correction, export, replay, and failure semantics; operational variance SHALL be declared.",V08-F015,infrastructure,partial,unverified,branch-only,phase7,P7-D,docker-compose.yml (one local profile); infra/images/candidates/*.Dockerfile; .github/workflows/ci.yml: build-test,"One local Docker Compose profile only; no SaaS/Private Cloud/On-Premise deployment profiles, no golden-journey semantic diff across them, no declared operational variance (ch. 65, MET-035)",ADR-020; C-042; semantics are profile-independent by construction (single code path) but unproven | release_status merged → branch-only from the evidence at 2e83945,v08.txt:page 135:L8102-L8169,branch+main+test
PR-59-005,V8,"59 Policy, Privacy, Residency, and Consent",135,"When policy is missing or conflicting, consent changes, purpose expires, location cannot be established, or obligations cannot propagate, the product SHALL apply the most restrictive valid rule, deny uncertain use or transfer, preserve decision evidence, and route adjudication; it SHALL NOT represent unavailable, stale, unapproved, unsupported, or incomplete state as current and complete.",V08-F015,identity-policy,partial,passed:harness,merged,phase0,P7-D,"apps/web/components/ui.tsx (DegradedBanner, ErrorNote, TruthBadge, LifecycleBadge); apps/api/src/shared/degraded-store.ts; apps/api/test/int/phase1-fault-injection.test.ts","The condition 'policy is missing or conflicting, consent changes, purpose expires, location cannot be established, or obligations cannot propagate' has no declared continuity contract: behaviour is fail-closed refusal plus the degraded banner; no hold/expose-affected-scope/route-to-authority path sp",Truth/lifecycle/degraded labelling exists generically; verification class in source: Journey + fault test,v08.txt:page 135:L8111-L8169,main+test
PR-59-006,V8,"59 Policy, Privacy, Residency, and Consent",135,"Acceptance SHALL demonstrate policy decision fixtures, consent withdrawal, purpose expiry, location and transfer negatives, minimization tests, rights requests, and authority acceptance for the exact capability version, journey, role, tenant or domain, deployment, entitlement, data and model versions, configuration, consequence class, and period.",V08-F015,identity-policy,partial,unverified,merged,phase0,P7-D,"apps/api/src/policy/pdp.service.ts; apps/api/migrations/0003_policy.sql; apps/api/test/acceptance/acceptance.test.ts: missing purpose on a protected operation → deny; audit.read returns allow_with_obligations and the mask is EXECUTED; apps/api/src/observation/observation.controller.ts (/sources/:sourceId/rights); apps/api/migrations/0006_objects.sql (classification, purpose_scope, rights_profile, residency_profile, retention_profile)","No scope-specific acceptance record binding capability version, journey, role, tenant/domain, deployment, entitlement, data/model versions, configuration, consequence class and period; no independent assurance or customer attestation (ADR-023); existing evidence is phase harness/browser/CI",AT-59; verification class in source: Control + accountable,v08.txt:page 135:L8122-L8169,main+test
PR-60-001,V8,"60 Security, Cyber, and Incident Experience",136,"The Eye SHALL provide a governed, role-appropriate capability through which authorized users can detect, investigate, contain, communicate, recover, and learn from security, privacy, integrity, availability, and supply-chain incidents without obscuring product state.",V08-F015,infrastructure,partial,passed:harness,merged,phase0,P7-D,"apps/api/src/health/degraded-reconciliation.service.ts; apps/api/src/observation/connectors/redaction.ts; apps/api/src/observation/connectors/content-controls.ts; apps/api/test/int/audit-chain.test.ts: detects tampering, freezes + records the incident ATOMICALLY; apps/api/test/acceptance/acceptance.test.ts: bad credentials are rejected and captured by the sanitized security intake; apps/api/test/int/phase1-hostile-input.test.ts; .github/workflows/ci.yml: supply-chain","No security operations workspace (detect, investigate, contain, communicate, recover, learn; CAP-TR-06), no incident-commander journey (JRN-22), no attack/incident exercises beyond the harness and CI gates","C-039/043; C15/C16/C17 gates cover supply chain, not runtime security operations; verification class in source: Journey + fault test",v08.txt:page 136:L8199-L8226,main+test
PR-60-002,V8,"60 Security, Cyber, and Incident Experience",136,"The product SHALL persist, expose, version, and reconcile finding, alert, incident, severity, scope, tenant, asset, evidence, timeline, action, containment, communication, decision, recovery, correction, and closure; identity, owner, effective time, status, provenance, and policy SHALL remain explicit.",V08-F015,infrastructure,partial,passed:harness,merged,phase0,P7-D,"apps/api/migrations/0006_objects.sql (identity, owner, times, status, provenance, policy on every canonical object); apps/api/src/health/degraded-reconciliation.service.ts; apps/api/src/observation/connectors/redaction.ts; apps/api/src/observation/connectors/content-controls.ts; apps/api/test/int/audit-chain.test.ts: detects tampering, freezes + records the incident ATOMICALLY; apps/api/test/acceptance/acceptance.test.ts: bad credentials are rejected and captured by the sanitized security intake; apps/api/test/int/phase1-hostile-input.test.ts; .github/workflows/ci.yml: supply-chain","Security intake events, integrity incidents, degraded journal persisted; no incident case object",verification class in source: Journey + fault test,v08.txt:page 136:L8209-L8226,main+test
PR-60-003,V8,"60 Security, Cyber, and Incident Experience",136,"The product SHALL enforce this human-authority boundary: automated response may execute pre-authorized containment; humans own incident command, material customer impact decisions, disclosure, exceptional access, and recovery acceptance.",V08-F015,infrastructure,partial,passed:harness,merged,phase0,P7-D,apps/api/src/policy/pdp.service.ts; apps/api/test/unit/pdp.test.ts; apps/api/test/int/gate22-authority-matrix.test.ts: no port succeeds on a role outside its grantee set,"The boundary 'automated response may execute pre-authorized containment; humans own incident command, material customer impact decisions, disclosure, exceptional access, and ' is only approximated by coarse PDP roles; no named eligible authority, digest, expiry or separation record for this chapter'",verification class in source: Journey + fault test,v08.txt:page 136:L8219-L8226,main+test
PR-60-004,V8,"60 Security, Cyber, and Incident Experience",137,"SaaS, Private Cloud, and On-Premise SHALL preserve identical outcome, object, human-authority, explanation, correction, export, replay, and failure semantics; operational variance SHALL be declared.",V08-F015,infrastructure,partial,unverified,branch-only,phase7,P7-D,docker-compose.yml (one local profile); infra/images/candidates/*.Dockerfile; .github/workflows/ci.yml: build-test,"One local Docker Compose profile only; no SaaS/Private Cloud/On-Premise deployment profiles, no golden-journey semantic diff across them, no declared operational variance (ch. 65, MET-035)",ADR-020; C-042; semantics are profile-independent by construction (single code path) but unproven | release_status merged → branch-only from the evidence at 2e83945,v08.txt:page 137:L8232-L8300,branch+main+test
PR-60-005,V8,"60 Security, Cyber, and Incident Experience",137,"When detection is uncertain, scope expands, controls fail, evidence is compromised, responders lose access, or recovery would create unsafe state, the product SHALL contain the known boundary, preserve custody, declare uncertainty and degraded modes, escalate authority, and recover through verified reconciliation; it SHALL NOT represent unavailable, stale, unapproved, unsupported, or incomplete s…",V08-F015,infrastructure,partial,passed:harness,merged,phase0,P7-D,"apps/web/components/ui.tsx (DegradedBanner, ErrorNote, TruthBadge, LifecycleBadge); apps/api/src/shared/degraded-store.ts; apps/api/test/int/phase1-fault-injection.test.ts","The condition 'detection is uncertain, scope expands, controls fail, evidence is compromised, responders lose access, or recovery would create unsafe state' has no declared continuity contract: behaviour is fail-closed refusal plus the degraded banner; no hold/expose-affected-scope/route-to-authorit",Truth/lifecycle/degraded labelling exists generically; verification class in source: Journey + fault test,v08.txt:page 137:L8240-L8300,main+test
PR-60-006,V8,"60 Security, Cyber, and Incident Experience",137,"Acceptance SHALL demonstrate attack and incident simulations, evidence custody, tenant-scoped communication, containment and recovery drills, disclosure workflow, and customer acceptance for the exact capability version, journey, role, tenant or domain, deployment, entitlement, data and model versions, configuration, consequence class, and period.",V08-F015,infrastructure,partial,unverified,merged,phase0,P7-D,"apps/api/src/health/degraded-reconciliation.service.ts; apps/api/src/observation/connectors/redaction.ts; apps/api/src/observation/connectors/content-controls.ts; apps/api/test/int/audit-chain.test.ts: detects tampering, freezes + records the incident ATOMICALLY; apps/api/test/acceptance/acceptance.test.ts: bad credentials are rejected and captured by the sanitized security intake; apps/api/test/int/phase1-hostile-input.test.ts; .github/workflows/ci.yml: supply-chain","No scope-specific acceptance record binding capability version, journey, role, tenant/domain, deployment, entitlement, data/model versions, configuration, consequence class and period; no independent assurance or customer attestation (ADR-023); existing evidence is phase harness/browser/CI",AT-60; verification class in source: Journey + fault test,v08.txt:page 137:L8253-L8300,main+test
PR-61-001,V8,"61 Model, Agent, and Data Governance Console",138,"The Eye SHALL provide a governed, role-appropriate capability through which authorized users can inventory, evaluate, approve, constrain, monitor, change, suspend, roll back, and retire models, agents, datasets, prompts, tools, ontologies, and governed product packages.",V08-F016,learning-evaluation,partial,passed:harness,branch-only,phase7,P7-B,"apps/api/src/intelligence/methods/methods.service.ts (/methods/register, approve, transition); apps/web/app/intelligence/methods/page.tsx; apps/web/app/intelligence/gateway/page.tsx; apps/api/test/int/phase2-acceptance.test.ts: each call carries mode, model, versions and an outcome; the call log is append-only; apps/api/src/executive/agents/agents.service.ts (agent registry)","No governance console spanning model, agent, data, prompt, tool, ontology and package lifecycle with inventory, evaluation gates, drift, rollback and expiry (CAP-TR-07); governed release of prompts/models/thresholds (Phase 7) absent",C-030/031/044/045; ADR-024; PER-14; verification class in source: End-to-end product | release_status merged → branch-only from the evidence at 2e83945,v08.txt:page 138:L8331-L8362,branch+main+test
PR-61-002,V8,"61 Model, Agent, and Data Governance Console",138,"The product SHALL persist, expose, version, and reconcile governed artifact, owner, version, purpose, risk class, dependencies, data, evaluation, policy, approval, deployment, monitoring, incident, exception, change, and lifecycle; identity, owner, effective time, status, provenance, and policy SHALL remain explicit.",V08-F016,learning-evaluation,partial,passed:harness,branch-only,phase7,P7-B,"apps/api/migrations/0006_objects.sql (identity, owner, times, status, provenance, policy on every canonical object); apps/api/src/intelligence/methods/methods.service.ts (/methods/register, approve, transition); apps/web/app/intelligence/methods/page.tsx; apps/web/app/intelligence/gateway/page.tsx; apps/api/test/int/phase2-acceptance.test.ts: each call carries mode, model, versions and an outcome; the call log is append-only; apps/api/src/executive/agents/agents.service.ts (agent registry)","Methods (versions, approvals, transitions) and gateway calls persisted; no evaluation, drift or rollback records",verification class in source: Control + accountable | release_status merged → branch-only from the evidence at 2e83945,v08.txt:page 138:L8343-L8362,branch+main+test
PR-61-003,V8,"61 Model, Agent, and Data Governance Console",138,"The product SHALL enforce this human-authority boundary: governance automation assembles evidence and enforces gates; eligible humans approve risk, use, exceptions, releases, rollback, and retirement.",V08-F016,learning-evaluation,partial,passed:harness,merged,phase7,P7-B,apps/api/src/policy/pdp.service.ts; apps/api/test/unit/pdp.test.ts; apps/api/test/int/gate22-authority-matrix.test.ts: no port succeeds on a role outside its grantee set,"The boundary 'governance automation assembles evidence and enforces gates; eligible humans approve risk, use, exceptions, releases, rollback, and retirement' is only approximated by coarse PDP roles; no named eligible authority, digest, expiry or separation record for this chapter's transitions",verification class in source: Control + accountable,v08.txt:page 138:L8354-L8362,main+test
PR-61-004,V8,"61 Model, Agent, and Data Governance Console",139,"SaaS, Private Cloud, and On-Premise SHALL preserve identical outcome, object, human-authority, explanation, correction, export, replay, and failure semantics; operational variance SHALL be declared.",V08-F016,infrastructure,partial,unverified,branch-only,phase7,P7-D,docker-compose.yml (one local profile); infra/images/candidates/*.Dockerfile; .github/workflows/ci.yml: build-test,"One local Docker Compose profile only; no SaaS/Private Cloud/On-Premise deployment profiles, no golden-journey semantic diff across them, no declared operational variance (ch. 65, MET-035)",ADR-020; C-042; semantics are profile-independent by construction (single code path) but unproven | release_status merged → branch-only from the evidence at 2e83945,v08.txt:page 139:L8368-L8436,branch+main+test
PR-61-005,V8,"61 Model, Agent, and Data Governance Console",139,"When inventory or lineage is incomplete, evaluation expires, dependencies become unsafe, approval scope is exceeded, or runtime fitness degrades, the product SHALL block promotion or constrain running use, preserve exact state, expose affected capabilities, and route re-evaluation or rollback; it SHALL NOT represent unavailable, stale, unapproved, unsupported, or incomplete state as current and c…",V08-F016,learning-evaluation,partial,passed:harness,merged,phase7,P7-B,"apps/web/components/ui.tsx (DegradedBanner, ErrorNote, TruthBadge, LifecycleBadge); apps/api/src/shared/degraded-store.ts; apps/api/test/int/phase1-fault-injection.test.ts","The condition 'inventory or lineage is incomplete, evaluation expires, dependencies become unsafe, approval scope is exceeded, or runtime fitness degrades' has no declared continuity contract: behaviour is fail-closed refusal plus the degraded banner; no hold/expose-affected-scope/route-to-authority",Truth/lifecycle/degraded labelling exists generically; verification class in source: Journey + fault test,v08.txt:page 139:L8377-L8436,main+test
PR-61-006,V8,"61 Model, Agent, and Data Governance Console",139,"Acceptance SHALL demonstrate inventory and dependency closure, evaluation expiry, gate and rollback tests, runtime drift linkage, exception expiry, and governance acceptance for the exact capability version, journey, role, tenant or domain, deployment, entitlement, data and model versions, configuration, consequence class, and period.",V08-F016,learning-evaluation,partial,unverified,branch-only,phase7,P7-B,"apps/api/src/intelligence/methods/methods.service.ts (/methods/register, approve, transition); apps/web/app/intelligence/methods/page.tsx; apps/web/app/intelligence/gateway/page.tsx; apps/api/test/int/phase2-acceptance.test.ts: each call carries mode, model, versions and an outcome; the call log is append-only; apps/api/src/executive/agents/agents.service.ts (agent registry)","No scope-specific acceptance record binding capability version, journey, role, tenant/domain, deployment, entitlement, data/model versions, configuration, consequence class and period; no independent assurance or customer attestation (ADR-023); existing evidence is phase harness/browser/CI",AT-61; verification class in source: Control + accountable | release_status merged → branch-only from the evidence at 2e83945,v08.txt:page 139:L8389-L8436,branch+main+test
PR-62-001,V8,"62 Audit, Evidence, Compliance, and Investigation",140,"The Eye SHALL provide a governed, role-appropriate capability through which authorized users can search, preserve, verify, reconstruct, export, attest, and investigate attributable product, data, model, agent, administrative, and human decision evidence.",V08-F016,identity-policy,partial,passed:harness,merged,phase0,P7-D,"apps/api/src/pipeline/admin.controllers.ts (/tenants/:tenantId/audit/query, /platform/audit/query, /platform/audit/verify); apps/web/app/admin/audit/page.tsx; apps/api/migrations/0004_audit.sql; apps/api/test/int/audit-chain.test.ts: 16 parallel writers ... verifiable chain; apps/api/test/int/gate22-audit-verify.test.ts; scripts/gate/package-c17-evidence.mjs","No investigation workspace (search, preserve, correlate, legal hold, export with attestation; CAP-TR-08) for auditors; legal_hold is an evidence flag only; no compliance mapping",C-036; PER-17; PAR-10; verification class in source: Control + accountable,v08.txt:page 140:L8466-L8503,main+test
PR-62-002,V8,"62 Audit, Evidence, Compliance, and Investigation",140,"The product SHALL persist, expose, version, and reconcile audit event, actor, authority, action, object, version, reason, time, policy, correlation, digest, custody, retention, legal hold, case, export, and attestation; identity, owner, effective time, status, provenance, and policy SHALL remain explicit.",V08-F016,identity-policy,partial,passed:harness,merged,phase0,P7-D,"apps/api/migrations/0006_objects.sql (identity, owner, times, status, provenance, policy on every canonical object); apps/api/src/pipeline/admin.controllers.ts (/tenants/:tenantId/audit/query, /platform/audit/query, /platform/audit/verify); apps/web/app/admin/audit/page.tsx; apps/api/migrations/0004_audit.sql; apps/api/test/int/audit-chain.test.ts: 16 parallel writers ... verifiable chain; apps/api/test/int/gate22-audit-verify.test.ts; scripts/gate/package-c17-evidence.mjs","Audit events (append-only, chained, sealed) persisted; no case, hold or export-attestation records",verification class in source: Control + accountable,v08.txt:page 140:L8476-L8503,main+test
PR-62-003,V8,"62 Audit, Evidence, Compliance, and Investigation",140,"The product SHALL enforce this human-authority boundary: auditors and investigators receive purpose-bound access; operational administrators cannot alter, suppress, or certify evidence they control.",V08-F016,identity-policy,implemented,passed:harness,merged,phase0,P7-D,apps/api/test/int/audit-chain.test.ts: even the superuser cannot UPDATE/DELETE evidence rows; apps/api/src/policy/pdp.service.ts (audit.read with obligations; auditor role),Auditor cannot alter evidence (proven); no auditor-of-record persona workflow,verification class in source: Control + accountable,v08.txt:page 140:L8487-L8503,main+test
PR-62-004,V8,"62 Audit, Evidence, Compliance, and Investigation",140,"SaaS, Private Cloud, and On-Premise SHALL preserve identical outcome, object, human-authority, explanation, correction, export, replay, and failure semantics; operational variance SHALL be declared.",V08-F016,infrastructure,partial,unverified,branch-only,phase7,P7-D,docker-compose.yml (one local profile); infra/images/candidates/*.Dockerfile; .github/workflows/ci.yml: build-test,"One local Docker Compose profile only; no SaaS/Private Cloud/On-Premise deployment profiles, no golden-journey semantic diff across them, no declared operational variance (ch. 65, MET-035)",ADR-020; C-042; semantics are profile-independent by construction (single code path) but unproven | release_status merged → branch-only from the evidence at 2e83945,v08.txt:page 140:L8496-L8503,branch+main+test
PR-62-005,V8,"62 Audit, Evidence, Compliance, and Investigation",141,"When events are missing, clocks diverge, custody breaks, retention conflicts, legal hold is incomplete, or exports cannot verify, the product SHALL declare evidence limitations, protect remaining records, prevent false attestation, and route independent investigation and remediation; it SHALL NOT represent unavailable, stale, unapproved, unsupported, or incomplete state as current and complete.",V08-F016,identity-policy,partial,passed:harness,merged,phase0,P7-D,"apps/web/components/ui.tsx (DegradedBanner, ErrorNote, TruthBadge, LifecycleBadge); apps/api/src/shared/degraded-store.ts; apps/api/test/int/phase1-fault-injection.test.ts","The condition 'events are missing, clocks diverge, custody breaks, retention conflicts, legal hold is incomplete, or exports cannot verify' has no declared continuity contract: behaviour is fail-closed refusal plus the degraded banner; no hold/expose-affected-scope/route-to-authority path specific t",Truth/lifecycle/degraded labelling exists generically; verification class in source: Journey + fault test,v08.txt:page 141:L8509-L8566,main+test
PR-62-006,V8,"62 Audit, Evidence, Compliance, and Investigation",141,"Acceptance SHALL demonstrate non-repudiation and tamper tests, cross-system correlation, temporal replay, legal hold, scoped export verification, and independent audit acceptance for the exact capability version, journey, role, tenant or domain, deployment, entitlement, data and model versions, configuration, consequence class, and period.",V08-F016,identity-policy,partial,unverified,merged,phase0,P7-D,"apps/api/src/pipeline/admin.controllers.ts (/tenants/:tenantId/audit/query, /platform/audit/query, /platform/audit/verify); apps/web/app/admin/audit/page.tsx; apps/api/migrations/0004_audit.sql; apps/api/test/int/audit-chain.test.ts: 16 parallel writers ... verifiable chain; apps/api/test/int/gate22-audit-verify.test.ts; scripts/gate/package-c17-evidence.mjs","No scope-specific acceptance record binding capability version, journey, role, tenant/domain, deployment, entitlement, data/model versions, configuration, consequence class and period; no independent assurance or customer attestation (ADR-023); existing evidence is phase harness/browser/CI",AT-62; verification class in source: Control + accountable,v08.txt:page 141:L8520-L8566,main+test
PR-63-001,V8,"63 Reliability, Degraded Modes, and Recovery",142,"The Eye SHALL provide a governed, role-appropriate capability through which authorized users can understand current product quality, freshness, availability, capacity, degraded mode, recovery progress, and safe actions at every material point of use.",V08-F016,infrastructure,partial,passed:harness,branch-only,phase0,P7-D,"apps/api/src/health/health.controller.ts (/healthz, /readyz); apps/api/src/shared/degraded-store.ts; apps/api/src/audit/reconcile-degraded.ts; apps/web/components/ui.tsx (DegradedBanner); apps/web/app/admin/page.tsx (Service health); apps/api/test/int/gate22-degraded-recovery.test.ts: the correctly-bound capability reconciles AND writes inseparable evidence; apps/api/test/int/phase1-fault-injection.test.ts; e2e/phase4-prediction.demo.spec.ts: the API is HEALTHY behind the banner-free shell","No service-health center with SLOs, dependencies, capacity and incidents (CAP-TR-09); no backup/restore/site-recovery procedure or RPO/RTO evidence (FULL_PRODUCT_DELIVERY_REGISTER.md §7, CAP-TR-10); degraded modes are one 'degraded' state plus refusal",C-043/049; PAR-14; MET-036..038; HX-16; verification class in source: Journey + fault test | release_status merged → branch-only from the evidence at 2e83945,v08.txt:page 142:L8597-L8624,branch+main+test
PR-63-002,V8,"63 Reliability, Degraded Modes, and Recovery",142,"The product SHALL persist, expose, version, and reconcile service, capability, tenant, region or site, SLI, SLO, error budget, dependency, incident, degraded mode, watermark, limitation, recovery objective, progress, and exit evidence; identity, owner, effective time, status, provenance, and policy SHALL remain explicit.",V08-F016,infrastructure,partial,passed:harness,branch-only,phase0,P7-D,"apps/api/migrations/0006_objects.sql (identity, owner, times, status, provenance, policy on every canonical object); apps/api/src/health/health.controller.ts (/healthz, /readyz); apps/api/src/shared/degraded-store.ts; apps/api/src/audit/reconcile-degraded.ts; apps/web/components/ui.tsx (DegradedBanner); apps/web/app/admin/page.tsx (Service health); apps/api/test/int/gate22-degraded-recovery.test.ts: the correctly-bound capability reconciles AND writes inseparable evidence; apps/api/test/int/phase1-fault-injection.test.ts; e2e/phase4-prediction.demo.spec.ts: the API is HEALTHY behind the banner-free shell","Degraded journal and reconciliation incidents persisted; no SLO, capacity or recovery-exercise records",verification class in source: Journey + fault test | release_status merged → branch-only from the evidence at 2e83945,v08.txt:page 142:L8606-L8624,branch+main+test
PR-63-003,V8,"63 Reliability, Degraded Modes, and Recovery",142,The product SHALL enforce this human-authority boundary: operations may declare and manage technical modes; business and decision authorities determine acceptable strategic use when meaning or evidence is constrained.,V08-F016,infrastructure,partial,passed:harness,merged,phase0,P7-D,apps/api/src/policy/pdp.service.ts; apps/api/test/unit/pdp.test.ts; apps/api/test/int/gate22-authority-matrix.test.ts: no port succeeds on a role outside its grantee set,"The boundary 'operations may declare and manage technical modes; business and decision authorities determine acceptable strategic use when meaning or evidence is constrained' is only approximated by coarse PDP roles; no named eligible authority, digest, expiry or separation record for this chapter's",verification class in source: Control + accountable,v08.txt:page 142:L8616-L8624,main+test
PR-63-004,V8,"63 Reliability, Degraded Modes, and Recovery",143,"SaaS, Private Cloud, and On-Premise SHALL preserve identical outcome, object, human-authority, explanation, correction, export, replay, and failure semantics; operational variance SHALL be declared.",V08-F016,infrastructure,partial,unverified,branch-only,phase7,P7-D,docker-compose.yml (one local profile); infra/images/candidates/*.Dockerfile; .github/workflows/ci.yml: build-test,"One local Docker Compose profile only; no SaaS/Private Cloud/On-Premise deployment profiles, no golden-journey semantic diff across them, no declared operational variance (ch. 65, MET-035)",ADR-020; C-042; semantics are profile-independent by construction (single code path) but unproven | release_status merged → branch-only from the evidence at 2e83945,v08.txt:page 143:L8630-L8697,branch+main+test
PR-63-005,V8,"63 Reliability, Degraded Modes, and Recovery",143,"When services, data, models, sources, networks, or sites fail; state diverges; capacity exhausts; or recovery cannot prove reconciliation, the product SHALL enter the declared safe mode, preserve work and evidence, constrain affected actions, communicate scope, and resume only after verified reconciliation; it SHALL NOT represent unavailable, stale, unapproved, unsupported, or incomplete state as…",V08-F016,infrastructure,implemented,passed:harness,merged,phase0,P7-D,"apps/api/test/int/gate22-degraded-recovery.test.ts: markRecovered refuses while the ledger still shows unreconciled incidents; the same incident cannot be reconciled twice; apps/web/components/ui.tsx (DegradedBanner, ErrorNote, TruthBadge, LifecycleBadge); apps/api/src/shared/degraded-store.ts; apps/api/test/int/phase1-fault-injection.test.ts","No declared maximum duration, owner or exit evidence for a degraded mode (HX-16)","Stale/unavailable/synthetic state is labelled (TruthBadge, LifecycleBadge, DegradedBanner); verification class in source: Journey + fault test",v08.txt:page 143:L8639-L8697,main+test
PR-63-006,V8,"63 Reliability, Degraded Modes, and Recovery",143,"Acceptance SHALL demonstrate fault injection, dependency and capacity tests, mode-entry and exit, backup/restore and site recovery, user messaging, and customer readiness acceptance for the exact capability version, journey, role, tenant or domain, deployment, entitlement, data and model versions, configuration, consequence class, and period.",V08-F016,infrastructure,partial,unverified,branch-only,phase0,P7-D,"apps/api/src/health/health.controller.ts (/healthz, /readyz); apps/api/src/shared/degraded-store.ts; apps/api/src/audit/reconcile-degraded.ts; apps/web/components/ui.tsx (DegradedBanner); apps/web/app/admin/page.tsx (Service health); apps/api/test/int/gate22-degraded-recovery.test.ts: the correctly-bound capability reconciles AND writes inseparable evidence; apps/api/test/int/phase1-fault-injection.test.ts; e2e/phase4-prediction.demo.spec.ts: the API is HEALTHY behind the banner-free shell","No scope-specific acceptance record binding capability version, journey, role, tenant/domain, deployment, entitlement, data/model versions, configuration, consequence class and period; no independent assurance or customer attestation (ADR-023); existing evidence is phase harness/browser/CI",AT-63; verification class in source: Journey + fault test | release_status merged → branch-only from the evidence at 2e83945,v08.txt:page 143:L8651-L8697,branch+main+test
PR-64-001,V8,"64 Integrations, APIs, Exports, and Extensibility",144,"The Eye SHALL provide a governed, role-appropriate capability through which authorized users can integrate The Eye through versioned APIs, commands, events, subscriptions, data products, exports, imports, SDKs, and governed extensions without bypassing product controls.",V08-F016,commercial,partial,passed:harness,merged,phase0,P7-F,"packages/contracts (envelope header, header registry, JCS); apps/api/src/objects/objects.controller.ts; apps/api/src/observation/observation.controller.ts (/evidence/:evdId/download); packages/contracts/test/envelope-header.test.ts; apps/api/test/int/rfc8785-crosslang.test.ts","No integration management center: client registration, quotas, event subscriptions/webhooks, SDKs, complete export/exit package, customer control center (CAP-TR-11/12); no bulk export or deletion journey",C-037/038; PAR-15/22; PER-23; FEX-23/24; verification class in source: End-to-end product,v08.txt:page 144:L8728-L8759,main+test
PR-64-002,V8,"64 Integrations, APIs, Exports, and Extensibility",144,"The product SHALL persist, expose, version, and reconcile client, integration, contract, schema, credential, purpose, command, event, subscription, export, import, extension, version, quota, receipt, error, and lifecycle; identity, owner, effective time, status, provenance, and policy SHALL remain explicit.",V08-F016,commercial,partial,passed:harness,merged,phase0,P7-F,"apps/api/migrations/0006_objects.sql (identity, owner, times, status, provenance, policy on every canonical object); packages/contracts (envelope header, header registry, JCS); apps/api/src/objects/objects.controller.ts; apps/api/src/observation/observation.controller.ts (/evidence/:evdId/download); packages/contracts/test/envelope-header.test.ts; apps/api/test/int/rfc8785-crosslang.test.ts","No client, subscription or export-package records",verification class in source: Control + accountable,v08.txt:page 144:L8740-L8759,main+test
PR-64-003,V8,"64 Integrations, APIs, Exports, and Extensibility",144,"The product SHALL enforce this human-authority boundary: integrations may invoke only authorized product contracts; external systems cannot write canonical state, synthesize approval, or strip provenance and policy.",V08-F016,commercial,partial,passed:harness,merged,phase0,P7-F,apps/api/src/policy/pdp.service.ts; apps/api/test/unit/pdp.test.ts; apps/api/test/int/gate22-authority-matrix.test.ts: no port succeeds on a role outside its grantee set,"The boundary 'integrations may invoke only authorized product contracts; external systems cannot write canonical state, synthesize approval, or strip provenance and policy' is only approximated by coarse PDP roles; no named eligible authority, digest, expiry or separation record for this chapter's t",verification class in source: Control + accountable,v08.txt:page 144:L8751-L8759,main+test
PR-64-004,V8,"64 Integrations, APIs, Exports, and Extensibility",145,"SaaS, Private Cloud, and On-Premise SHALL preserve identical outcome, object, human-authority, explanation, correction, export, replay, and failure semantics; operational variance SHALL be declared.",V08-F016,infrastructure,partial,unverified,branch-only,phase7,P7-D,docker-compose.yml (one local profile); infra/images/candidates/*.Dockerfile; .github/workflows/ci.yml: build-test,"One local Docker Compose profile only; no SaaS/Private Cloud/On-Premise deployment profiles, no golden-journey semantic diff across them, no declared operational variance (ch. 65, MET-035)",ADR-020; C-042; semantics are profile-independent by construction (single code path) but unproven | release_status merged → branch-only from the evidence at 2e83945,v08.txt:page 145:L8765-L8833,branch+main+test
PR-64-005,V8,"64 Integrations, APIs, Exports, and Extensibility",145,"When contracts are incompatible, callers retry unsafely, exports exceed rights, imports fail validation, extensions are untrusted, or delivery is partial, the product SHALL reject or quarantine the operation, preserve receipts and checkpoints, expose partial state, and support deterministic retry, rollback, or reconciliation; it SHALL NOT represent unavailable, stale, unapproved, unsupported, or…",V08-F016,commercial,partial,passed:harness,merged,phase0,P7-F,"apps/web/components/ui.tsx (DegradedBanner, ErrorNote, TruthBadge, LifecycleBadge); apps/api/src/shared/degraded-store.ts; apps/api/test/int/phase1-fault-injection.test.ts","The condition 'contracts are incompatible, callers retry unsafely, exports exceed rights, imports fail validation, extensions are untrusted, or delivery is partial' has no declared continuity contract: behaviour is fail-closed refusal plus the degraded banner; no hold/expose-affected-scope/route-to-",Truth/lifecycle/degraded labelling exists generically; verification class in source: Journey + fault test,v08.txt:page 145:L8774-L8833,main+test
PR-64-006,V8,"64 Integrations, APIs, Exports, and Extensibility",145,"Acceptance SHALL demonstrate contract and SDK suites, idempotency and versioning, policy and tenant negatives, export/re- import verification, extension sandboxing, and customer acceptance for the exact capability version, journey, role, tenant or domain, deployment, entitlement, data and model versions, configuration, consequence class, and period.",V08-F016,commercial,partial,unverified,merged,phase0,P7-F,"packages/contracts (envelope header, header registry, JCS); apps/api/src/objects/objects.controller.ts; apps/api/src/observation/observation.controller.ts (/evidence/:evdId/download); packages/contracts/test/envelope-header.test.ts; apps/api/test/int/rfc8785-crosslang.test.ts","No scope-specific acceptance record binding capability version, journey, role, tenant/domain, deployment, entitlement, data/model versions, configuration, consequence class and period; no independent assurance or customer attestation (ADR-023); existing evidence is phase harness/browser/CI",AT-64; verification class in source: Control + accountable,v08.txt:page 145:L8786-L8833,main+test
PR-65-001,V8,"65 SaaS, Private Cloud, and On-Premise Product",147,"The Eye SHALL provide a governed, role-appropriate capability through which authorized users can receive one semantic product across SaaS, Private Cloud, and On-Premise, including approved disconnected and air-gapped profiles, with only declared operational variance.",V08-F017,infrastructure,missing,unverified,none,phase7,P7-D,docker-compose.yml (local profile only); infra/images/candidates/*.Dockerfile,"Build the deployment-profile catalog and the common semantic conformance suite across SaaS, Private Cloud, On-Premise, disconnected and air-gapped profiles (CAP-DL-01, ADR-020, PAR-01..24); only a local compose profile exists",C-042; Phase 7 'Deployment packaging'; verification class in source: Cross-deployment,v08.txt:page 147:L8873-L8903,branch+main
PR-65-002,V8,"65 SaaS, Private Cloud, and On-Premise Product",147,"The product SHALL persist, expose, version, and reconcile capability, deployment profile, version, provider choice, locality, service level, limitation, variance, fixture suite, evidence, exception, and parity status; identity, owner, effective time, status, provenance, and policy SHALL remain explicit.",V08-F017,infrastructure,missing,unverified,none,phase7,P7-D,,"No persisted state for this chapter; build the object model with identity, owner, effective time, status, provenance and policy together with the capability in PR-65-001",verification class in source: Control + accountable,v08.txt:page 147:L8884-L8903,
PR-65-003,V8,"65 SaaS, Private Cloud, and On-Premise Product",147,"The product SHALL enforce this human-authority boundary: deployment choice changes operational responsibility and topology, not human authority, object meaning, correction, explanation, export, replay, or core product behavior.",V08-F017,infrastructure,missing,unverified,none,phase7,P7-D,,"No capability exists to gate; when built, the boundary 'deployment choice changes operational responsibility and topology, not human authority, object meaning, correction, explanation, export, replay, or core product' must be a PDP rule with named eligible authority, digest and audit",verification class in source: Control + accountable,v08.txt:page 147:L8895-L8903,
PR-65-004,V8,"65 SaaS, Private Cloud, and On-Premise Product",148,"SaaS, Private Cloud, and On-Premise SHALL preserve identical outcome, object, human-authority, explanation, correction, export, replay, and failure semantics; operational variance SHALL be declared.",V08-F017,infrastructure,missing,unverified,none,phase7,P7-D,,"Capability absent, so parity cannot be declared; when built, add the chapter's golden journey to the cross-profile conformance suite (ch. 65)",ADR-020; PAR catalog,v08.txt:page 148:L8909-L8973,
PR-65-005,V8,"65 SaaS, Private Cloud, and On-Premise Product",148,"When a profile cannot pass common journeys, contracts, policies, failure, recovery, export, or replay fixtures, the product SHALL mark the capability unavailable or explicitly non-parity, prevent unsupported claims, and require remediation or controlled exception; it SHALL NOT represent unavailable, stale, unapproved, unsupported, or incomplete state as current and complete.",V08-F017,infrastructure,missing,unverified,none,phase7,P7-D,,"No continuity path exists for 'a profile cannot pass common journeys, contracts, policies, failure, recovery, export, or replay fixtures'; build hold/expose/route behaviour with the capability",verification class in source: Journey + fault test,v08.txt:page 148:L8918-L8973,
PR-65-006,V8,"65 SaaS, Private Cloud, and On-Premise Product",148,"Acceptance SHALL demonstrate identical golden journeys and fixtures, semantic diffs, export/re-import and replay, degraded-mode comparison, and customer acceptance for every profile for the exact capability version, journey, role, tenant or domain, deployment, entitlement, data and model versions, configuration, consequence class, and period.",V08-F017,infrastructure,missing,unverified,none,phase7,P7-D,,No capability and no acceptance evidence; AT-65 cannot start,AT-65,v08.txt:page 148:L8929-L8973,
PR-66-001,V8,"66 Packaging, Entitlements, and Licensing",149,"The Eye SHALL provide a governed, role-appropriate capability through which authorized users can package and entitle capabilities, capacity, domains, agents, scenarios, data packages, integrations, and support without changing core semantics or weakening controls.",V08-F017,commercial,missing,unverified,none,omission,P7-F,,"Build offer catalog and entitlement/licensing service: tenant capabilities, limits, grace, renewal, offline licensing, metering (CAP-DL-02/03, ENT-01..20, FEX-30)",Never scheduled in the master build prompt; ADR-022; PAR-23; verification class in source: End-to-end product,v08.txt:page 149:L9003-L9033,
PR-66-002,V8,"66 Packaging, Entitlements, and Licensing",149,"The product SHALL persist, expose, version, and reconcile offer, package, SKU, capability, limit, entitlement, tenant, license, meter, usage, overage, grace state, renewal, suspension, evidence, and audit; identity, owner, effective time, status, provenance, and policy SHALL remain explicit.",V08-F017,commercial,missing,unverified,none,omission,P7-F,,"No persisted state for this chapter; build the object model with identity, owner, effective time, status, provenance and policy together with the capability in PR-66-001",verification class in source: Control + accountable,v08.txt:page 149:L9014-L9033,
PR-66-003,V8,"66 Packaging, Entitlements, and Licensing",149,"The product SHALL enforce this human-authority boundary: commercial entitlement controls availability but cannot sell human authority, remove mandatory trust controls, or make the same named capability semantically different by deployment.",V08-F017,commercial,missing,unverified,none,omission,P7-F,,"No capability exists to gate; when built, the boundary 'commercial entitlement controls availability but cannot sell human authority, remove mandatory trust controls, or make the same named capability semantically di' must be a PDP rule with named eligible authority, digest and audit",verification class in source: Control + accountable,v08.txt:page 149:L9025-L9033,
PR-66-004,V8,"66 Packaging, Entitlements, and Licensing",150,"SaaS, Private Cloud, and On-Premise SHALL preserve identical outcome, object, human-authority, explanation, correction, export, replay, and failure semantics; operational variance SHALL be declared.",V08-F017,commercial,missing,unverified,none,omission,P7-D,,"Capability absent, so parity cannot be declared; when built, add the chapter's golden journey to the cross-profile conformance suite (ch. 65)",ADR-020; PAR catalog,v08.txt:page 150:L9039-L9106,
PR-66-005,V8,"66 Packaging, Entitlements, and Licensing",150,"When entitlements conflict, licensing is unavailable, meters diverge, limits are exceeded, renewals lapse, or emergency operation is required, the product SHALL apply the declared grace or constrained mode, preserve customer work and evidence, prevent unauthorized expansion, and reconcile commercial state; it SHALL NOT represent unavailable, stale, unapproved, unsupported, or incomplete state as…",V08-F017,commercial,missing,unverified,none,omission,P7-F,,"No continuity path exists for 'entitlements conflict, licensing is unavailable, meters diverge, limits are exceeded, renewals lapse, or emergency operation is required'; build hold/expose/route behaviour with the capability",verification class in source: Journey + fault test,v08.txt:page 150:L9048-L9106,
PR-66-006,V8,"66 Packaging, Entitlements, and Licensing",150,"Acceptance SHALL demonstrate entitlement matrix tests, offline licensing, quota and grace scenarios, meter reconciliation, renewal and suspension recovery, and customer acceptance for the exact capability version, journey, role, tenant or domain, deployment, entitlement, data and model versions, configuration, consequence class, and period.",V08-F017,commercial,missing,unverified,none,omission,P7-F,,No capability and no acceptance evidence; AT-66 cannot start,AT-66,v08.txt:page 150:L9060-L9106,
PR-67-001,V8,"67 Onboarding, Configuration, and Data Migration",151,"The Eye SHALL provide a governed, role-appropriate capability through which authorized users can establish customer context, identity, policies, sources, data, ontology extensions, users, workflows, deployment, integrations, and acceptance through reversible governed onboarding.",V08-F017,commercial,missing,unverified,none,omission,P7-F,scripts/demo.sh,"Build customer onboarding workspace, configuration baseline manager and migration/cutover manager with rehearsal, reconciliation and rollback (CAP-DL-04..06, JRN-23)",PER-21; verification class in source: Control + accountable | UNRESOLVED pointer(s) at 2e83945: scripts/phase*/seed-*.mjs (demo seeding only),v08.txt:page 151:L9137-L9168,main
PR-67-002,V8,"67 Onboarding, Configuration, and Data Migration",151,"The product SHALL persist, expose, version, and reconcile onboarding plan, customer domain, responsibility, configuration, connector, migration wave, mapping, validation, reconciliation, training, issue, approval, cutover, rollback, and acceptance; identity, owner, effective time, status, provenance, and policy SHALL remain explicit.",V08-F017,commercial,missing,unverified,none,omission,P7-F,,"No persisted state for this chapter; build the object model with identity, owner, effective time, status, provenance and policy together with the capability in PR-67-001",verification class in source: Control + accountable,v08.txt:page 151:L9148-L9168,
PR-67-003,V8,"67 Onboarding, Configuration, and Data Migration",151,"The product SHALL enforce this human-authority boundary: customers approve scope, mappings, policy, data transfer, cutover, and readiness; automation may validate and execute only within the approved migration plan.",V08-F017,commercial,missing,unverified,none,omission,P7-F,,"No capability exists to gate; when built, the boundary 'customers approve scope, mappings, policy, data transfer, cutover, and readiness; automation may validate and execute only within the approved migration plan' must be a PDP rule with named eligible authority, digest and audit",verification class in source: Control + accountable,v08.txt:page 151:L9160-L9168,
PR-67-004,V8,"67 Onboarding, Configuration, and Data Migration",152,"SaaS, Private Cloud, and On-Premise SHALL preserve identical outcome, object, human-authority, explanation, correction, export, replay, and failure semantics; operational variance SHALL be declared.",V08-F017,commercial,missing,unverified,none,omission,P7-D,,"Capability absent, so parity cannot be declared; when built, add the chapter's golden journey to the cross-profile conformance suite (ch. 65)",ADR-020; PAR catalog,v08.txt:page 152:L9174-L9243,
PR-67-005,V8,"67 Onboarding, Configuration, and Data Migration",152,"When source scope is incomplete, mappings are ambiguous, reconciliation fails, configuration drifts, users are unready, or cutover exceeds risk, the product SHALL pause at the last verified boundary, preserve source and target evidence, expose gaps, and roll back or remediate by plan; it SHALL NOT represent unavailable, stale, unapproved, unsupported, or incomplete state as current and complete.",V08-F017,commercial,missing,unverified,none,omission,P7-F,,"No continuity path exists for 'source scope is incomplete, mappings are ambiguous, reconciliation fails, configuration drifts, users are unready, or cutover exceeds risk'; build hold/expose/route behaviour with the capability",verification class in source: Journey + fault test,v08.txt:page 152:L9183-L9243,
PR-67-006,V8,"67 Onboarding, Configuration, and Data Migration",152,"Acceptance SHALL demonstrate discovery and responsibility sign-off, configuration validation, migration rehearsal, reconciliation, role-based journey tests, rollback, and customer acceptance for the exact capability version, journey, role, tenant or domain, deployment, entitlement, data and model versions, configuration, consequence class, and period.",V08-F017,commercial,missing,unverified,none,omission,P7-F,,No capability and no acceptance evidence; AT-67 cannot start,AT-67,v08.txt:page 152:L9195-L9243,
PR-68-001,V8,"68 Implementation, Adoption, and Change",153,"The Eye SHALL provide a governed, role-appropriate capability through which authorized users can move operating teams from current practice to governed strategic-intelligence workflows with measured readiness, adoption, competence, value, and controlled change.",V08-F018,commercial,missing,unverified,none,omission,P7-F,,"Build implementation program and adoption/enablement workspaces (milestones, readiness, role competence, cohort evidence; CAP-DL-07/08)",verification class in source: End-to-end product,v08.txt:page 153:L9275-L9296,
PR-68-002,V8,"68 Implementation, Adoption, and Change",153,"The product SHALL persist, expose, version, and reconcile implementation outcome, stakeholder, operating process, role, journey, training, competency, adoption cohort, change, dependency, risk, feedback, value measure, and acceptance; identity, owner, effective time, status, provenance, and policy SHALL remain explicit.",V08-F018,commercial,missing,unverified,none,omission,P7-F,,"No persisted state for this chapter; build the object model with identity, owner, effective time, status, provenance and policy together with the capability in PR-68-001",verification class in source: Control + accountable,v08.txt:page 153:L9287-L9296,
PR-68-003,V8,"68 Implementation, Adoption, and Change",154,"The product SHALL enforce this human-authority boundary: adoption never justifies bypassing human authority, trust, accessibility, review, or acceptance; customer leaders own organizational change and operating-policy decisions.",V08-F018,commercial,missing,unverified,none,omission,P7-F,,"No capability exists to gate; when built, the boundary 'adoption never justifies bypassing human authority, trust, accessibility, review, or acceptance; customer leaders own organizational change and operating-policy' must be a PDP rule with named eligible authority, digest and audit",verification class in source: Control + accountable,v08.txt:page 154:L9302-L9381,
PR-68-004,V8,"68 Implementation, Adoption, and Change",154,"SaaS, Private Cloud, and On-Premise SHALL preserve identical outcome, object, human-authority, explanation, correction, export, replay, and failure semantics; operational variance SHALL be declared.",V08-F018,commercial,missing,unverified,none,omission,P7-D,,"Capability absent, so parity cannot be declared; when built, add the chapter's golden journey to the cross-profile conformance suite (ch. 65)",ADR-020; PAR catalog,v08.txt:page 154:L9312-L9381,
PR-68-005,V8,"68 Implementation, Adoption, and Change",154,"When users are unready, processes conflict, training is inaccessible, shadow workflows persist, adoption measures mislead, or change causes unsafe workarounds, the product SHALL hold affected rollout, preserve existing safe operation, expose readiness gaps, and execute targeted remediation and reacceptance; it SHALL NOT represent unavailable, stale, unapproved, unsupported, or incomplete state as…",V08-F018,commercial,missing,unverified,none,omission,P7-F,,"No continuity path exists for 'users are unready, processes conflict, training is inaccessible, shadow workflows persist, adoption measures mislead, or change causes unsafe workarounds'; build hold/expose/route behaviour with the capability",verification class in source: Journey + fault test,v08.txt:page 154:L9321-L9381,
PR-68-006,V8,"68 Implementation, Adoption, and Change",154,"Acceptance SHALL demonstrate stakeholder and process readiness, role competency, accessible training, cohort rollout, shadow-process review, adoption and value measures, and sponsor acceptance for the exact capability version, journey, role, tenant or domain, deployment, entitlement, data and model versions, configuration, consequence class, and period.",V08-F018,commercial,missing,unverified,none,omission,P7-F,,No capability and no acceptance evidence; AT-68 cannot start,AT-68,v08.txt:page 154:L9333-L9381,
PR-69-001,V8,"69 Service Management, Support, and Customer",155,"The Eye SHALL provide a governed, role-appropriate capability through which authorized users can request service, diagnose issues, share scoped evidence, receive workarounds, recover operation, manage commitments, and measure realized strategic value.",V08-F018,commercial,missing,unverified,none,omission,P7-F,,"Build service management portal (requests, incidents, problems, changes, SLA) and customer success workspace; scoped time-limited support access (PER-20) not modelled (CAP-DL-09/10)",ENT-17; verification class in source: Journey + fault test,v08.txt:page 155:L9412-L9440,
PR-69-002,V8,"69 Service Management, Support, and Customer",155,"The product SHALL persist, expose, version, and reconcile customer, entitlement, case, severity, affected capability, deployment, evidence bundle, access approval, action, workaround, SLA, escalation, problem, commitment, closure, and value outcome; identity, owner, effective time, status, provenance, and policy SHALL remain explicit.",V08-F018,commercial,missing,unverified,none,omission,P7-F,,"No persisted state for this chapter; build the object model with identity, owner, effective time, status, provenance and policy together with the capability in PR-69-001",verification class in source: Control + accountable,v08.txt:page 155:L9421-L9440,
PR-69-003,V8,"69 Service Management, Support, and Customer",155,"The product SHALL enforce this human-authority boundary: support access remains customer-approved, purpose-bound, time-limited, and auditable; support cannot alter customer decisions, evidence, or policy outside an authorized workflow.",V08-F018,commercial,missing,unverified,none,omission,P7-F,,"No capability exists to gate; when built, the boundary 'support access remains customer-approved, purpose-bound, time-limited, and auditable; support cannot alter customer decisions, evidence, or policy outside an au' must be a PDP rule with named eligible authority, digest and audit",verification class in source: Control + accountable,v08.txt:page 155:L9432-L9440,
PR-69-004,V8,"69 Service Management, Support, and Customer",156,"SaaS, Private Cloud, and On-Premise SHALL preserve identical outcome, object, human-authority, explanation, correction, export, replay, and failure semantics; operational variance SHALL be declared.",V08-F018,commercial,missing,unverified,none,omission,P7-D,,"Capability absent, so parity cannot be declared; when built, add the chapter's golden journey to the cross-profile conformance suite (ch. 65)",ADR-020; PAR catalog,v08.txt:page 156:L9446-L9515,
PR-69-005,V8,"69 Service Management, Support, and Customer",156,"When support cannot reproduce the issue, access is unavailable, evidence is sensitive, commitments are missed, fixes regress, or recurring problems remain open, the product SHALL preserve customer control, provide safe degraded guidance, escalate by consequence, link problem and change, and verify closure with the customer; it SHALL NOT represent unavailable, stale, unapproved, unsupported, or in…",V08-F018,commercial,missing,unverified,none,omission,P7-F,,"No continuity path exists for 'support cannot reproduce the issue, access is unavailable, evidence is sensitive, commitments are missed, fixes regress, or recurring problems remain open'; build hold/expose/route behaviour with the capability",verification class in source: Journey + fault test,v08.txt:page 156:L9455-L9515,
PR-69-006,V8,"69 Service Management, Support, and Customer",156,"Acceptance SHALL demonstrate case and entitlement routing, secure evidence bundle, approved support access, SLA and escalation drills, known-error reuse, closure confirmation, and value review for the exact capability version, journey, role, tenant or domain, deployment, entitlement, data and model versions, configuration, consequence class, and period.",V08-F018,commercial,missing,unverified,none,omission,P7-F,,No capability and no acceptance evidence; AT-69 cannot start,AT-69,v08.txt:page 156:L9467-L9515,
PR-70-001,V8,"70 Product Analytics, Quality, and Unit Economics",157,"The Eye SHALL provide a governed, role-appropriate capability through which authorized users can measure product quality, adoption, mission outcomes, decision support, trust, reliability, cost, capacity, and value without surveillance or vanity metrics.",V08-F018,commercial,missing,unverified,none,omission,P7-F,apps/api/src/health/health.controller.ts (telemetry-only classification),"Build product analytics and economics service computing MET-001..040 (quality, mission outcomes, cost, capacity, value) with privacy controls; no product telemetry beyond health",C-049; verification class in source: End-to-end product,v08.txt:page 157:L9545-L9575,main
PR-70-002,V8,"70 Product Analytics, Quality, and Unit Economics",157,"The product SHALL persist, expose, version, and reconcile metric, definition, population, purpose, source, formula, dimension, window, threshold, owner, privacy class, quality, cost allocation, target, exception, and decision; identity, owner, effective time, status, provenance, and policy SHALL remain explicit.",V08-F018,commercial,missing,unverified,none,omission,P7-F,,"No persisted state for this chapter; build the object model with identity, owner, effective time, status, provenance and policy together with the capability in PR-70-001",verification class in source: Control + accountable,v08.txt:page 157:L9556-L9575,
PR-70-003,V8,"70 Product Analytics, Quality, and Unit Economics",157,"The product SHALL enforce this human-authority boundary: humans approve metrics and actions; analytics cannot infer employee performance, manipulate users, or broaden collection beyond declared product-improvement purpose.",V08-F018,commercial,missing,unverified,none,omission,P7-F,,"No capability exists to gate; when built, the boundary 'humans approve metrics and actions; analytics cannot infer employee performance, manipulate users, or broaden collection beyond declared product-improvement pur' must be a PDP rule with named eligible authority, digest and audit",verification class in source: Control + accountable,v08.txt:page 157:L9567-L9575,
PR-70-004,V8,"70 Product Analytics, Quality, and Unit Economics",158,"SaaS, Private Cloud, and On-Premise SHALL preserve identical outcome, object, human-authority, explanation, correction, export, replay, and failure semantics; operational variance SHALL be declared.",V08-F018,commercial,missing,unverified,none,omission,P7-D,,"Capability absent, so parity cannot be declared; when built, add the chapter's golden journey to the cross-profile conformance suite (ch. 65)",ADR-020; PAR catalog,v08.txt:page 158:L9581-L9648,
PR-70-005,V8,"70 Product Analytics, Quality, and Unit Economics",158,"When metrics are biased, stale, incomplete, privacy-invasive, non- comparable, gamed, or detached from customer outcomes and cost, the product SHALL mark them indeterminate, stop unsafe use, expose lineage and limitations, and route metric or privacy governance; it SHALL NOT represent unavailable, stale, unapproved, unsupported, or incomplete state as current and complete.",V08-F018,commercial,missing,unverified,none,omission,P7-F,,"No continuity path exists for 'metrics are biased, stale, incomplete, privacy-invasive, non- comparable, gamed, or detached from customer outcomes and cost'; build hold/expose/route behaviour with the capability",verification class in source: Journey + fault test,v08.txt:page 158:L9590-L9648,
PR-70-006,V8,"70 Product Analytics, Quality, and Unit Economics",158,"Acceptance SHALL demonstrate metric contract and lineage, privacy and minimization review, cohort and bias tests, cost reconciliation, anti-gaming checks, and accountable business review for the exact capability version, journey, role, tenant or domain, deployment, entitlement, data and model versions, configuration, consequence class, and period.",V08-F018,commercial,missing,unverified,none,omission,P7-F,,No capability and no acceptance evidence; AT-70 cannot start,AT-70,v08.txt:page 158:L9601-L9648,
PR-71-001,V8,71 Product Acceptance and Operational Readiness,159,"The Eye SHALL provide a governed, role-appropriate capability through which authorized users can accept a capability only when its user journeys, authority, contracts, data, AI, infrastructure, security, privacy, accessibility, performance, failure, recovery, support, and evidence are complete for declared scope.",V08-F019,governance-docs,partial,passed:ci,merged,phase0,R0,"apps/api/test/acceptance/acceptance.test.ts; .github/workflows/ci.yml: build-test, browser-regression, supply-chain; .github/workflows/c19-lifecycle.yml: lifecycle; scripts/gate/package-c17-evidence.mjs; PHASE1_REPORT.md … PHASE6_REPORT.md","No acceptance record resolving to capability/journey/role/tenant/deployment/entitlement/versions/period with independent and customer attestation (CAP-DL-12, OBJ-40); FINAL C16/C17 chain not run on any release (blocked by C15, FULL_PRODUCT_DELIVERY_REGISTER.md §4)",R0 for the gate chain; P7-F for the acceptance service; ADR-023; JRN-24; verification class in source: Journey + fault test | UNRESOLVED pointer(s) at 2e83945: apps/api/test/int/phase*-acceptance.test.ts,v08.txt:page 159:L9681-L9701,main+test
PR-71-002,V8,71 Product Acceptance and Operational Readiness,159,"The product SHALL persist, expose, version, and reconcile acceptance unit, capability, journey, release, deployment, tenant or domain, data and model versions, consequence class, test suite, evidence, condition, exception, authority, expiry, and status; identity, owner, effective time, status, provenance, and policy SHALL remain explicit.",V08-F019,governance-docs,partial,passed:harness,merged,phase0,R0,"apps/api/migrations/0006_objects.sql (identity, owner, times, status, provenance, policy on every canonical object); apps/api/test/acceptance/acceptance.test.ts; .github/workflows/ci.yml: build-test, browser-regression, supply-chain; .github/workflows/c19-lifecycle.yml: lifecycle; scripts/gate/package-c17-evidence.mjs; PHASE1_REPORT.md … PHASE6_REPORT.md",Test results and evidence packages exist as CI artefacts; no acceptance-record object,verification class in source: Control + accountable | UNRESOLVED pointer(s) at 2e83945: apps/api/test/int/phase*-acceptance.test.ts,v08.txt:page 159:L9691-L9701,main+test
PR-71-003,V8,71 Product Acceptance and Operational Readiness,160,The product SHALL enforce this human-authority boundary: no single team or automated score can self-accept the product; named independent and customer authorities approve their obligations and residual conditions.,V08-F019,governance-docs,partial,passed:harness,merged,phase0,R0,apps/api/src/policy/pdp.service.ts; apps/api/test/unit/pdp.test.ts; apps/api/test/int/gate22-authority-matrix.test.ts: no port succeeds on a role outside its grantee set,"The boundary 'no single team or automated score can self-accept the product; named independent and customer authorities approve their obligations and residual conditions' is only approximated by coarse PDP roles; no named eligible authority, digest, expiry or separation record for this chapter's tra",verification class in source: Control + accountable,v08.txt:page 160:L9707-L9786,main+test
PR-71-004,V8,71 Product Acceptance and Operational Readiness,160,"SaaS, Private Cloud, and On-Premise SHALL preserve identical outcome, object, human-authority, explanation, correction, export, replay, and failure semantics; operational variance SHALL be declared.",V08-F019,infrastructure,partial,unverified,branch-only,phase7,P7-D,docker-compose.yml (one local profile); infra/images/candidates/*.Dockerfile; .github/workflows/ci.yml: build-test,"One local Docker Compose profile only; no SaaS/Private Cloud/On-Premise deployment profiles, no golden-journey semantic diff across them, no declared operational variance (ch. 65, MET-035)",ADR-020; C-042; semantics are profile-independent by construction (single code path) but unproven | release_status merged → branch-only from the evidence at 2e83945,v08.txt:page 160:L9717-L9786,branch+main+test
PR-71-005,V8,71 Product Acceptance and Operational Readiness,160,"When evidence is missing or stale, scope is ambiguous, conditions expire, material defects remain, recovery is untested, or parity is unproven, the product SHALL withhold or limit acceptance, expose unmet obligations, preserve evidence, and require remediation and reacceptance before expansion; it SHALL NOT represent unavailable, stale, unapproved, unsupported, or incomplete state as current and…",V08-F019,governance-docs,partial,passed:harness,merged,phase0,R0,"apps/web/components/ui.tsx (DegradedBanner, ErrorNote, TruthBadge, LifecycleBadge); apps/api/src/shared/degraded-store.ts; apps/api/test/int/phase1-fault-injection.test.ts","The condition 'evidence is missing or stale, scope is ambiguous, conditions expire, material defects remain, recovery is untested, or parity is unproven' has no declared continuity contract: behaviour is fail-closed refusal plus the degraded banner; no hold/expose-affected-scope/route-to-authority p",Truth/lifecycle/degraded labelling exists generically; verification class in source: Journey + fault test,v08.txt:page 160:L9726-L9786,main+test
PR-71-006,V8,71 Product Acceptance and Operational Readiness,160,"Acceptance SHALL demonstrate requirements closure, end-to-end journey evidence, security/privacy/accessibility, scale and resilience exercises, deployment parity, support readiness, and signed acceptance for the exact capability version, journey, role, tenant or domain, deployment, entitlement, data and model versions, configuration, consequence class, and period.",V08-F019,governance-docs,partial,unverified,merged,phase0,R0,"apps/api/test/acceptance/acceptance.test.ts; .github/workflows/ci.yml: build-test, browser-regression, supply-chain; .github/workflows/c19-lifecycle.yml: lifecycle; scripts/gate/package-c17-evidence.mjs; PHASE1_REPORT.md … PHASE6_REPORT.md","No scope-specific acceptance record binding capability version, journey, role, tenant/domain, deployment, entitlement, data/model versions, configuration, consequence class and period; no independent assurance or customer attestation (ADR-023); existing evidence is phase harness/browser/CI",AT-71; verification class in source: Control + accountable | UNRESOLVED pointer(s) at 2e83945: apps/api/test/int/phase*-acceptance.test.ts,v08.txt:page 160:L9738-L9786,main+test
PR-72-001,V8,72 Product Governance and Baseline Closure,161,"The Eye SHALL provide a governed, role-appropriate capability through which authorized users can govern the controlled PRD, resolve exceptions, measure conformance, approve amendments, retire capabilities, and preserve one coherent product baseline.",V08-F019,governance-docs,missing,unverified,none,omission,P7-F,"FULL_PRODUCT_DELIVERY_REGISTER.md; PROGRESS.md (Document review log, Document authority model)","Build product governance workspace: change/impact/conflict review, exception register with expiry, retirement proof, cross-volume sign-off, baseline attestation (CAP-AU-10/12, FEX-31/32)",C-051/052; verification class in source: End-to-end product,v08.txt:page 161:L9816-L9846,branch+main
PR-72-002,V8,72 Product Governance and Baseline Closure,161,"The product SHALL persist, expose, version, and reconcile requirement, capability, owner, evidence, exception, risk acceptance, dependency, change proposal, impact, approval, effective time, release, migration, retirement, and supersession; identity, owner, effective time, status, provenance, and policy SHALL remain explicit.",V08-F019,governance-docs,missing,unverified,none,omission,P7-F,,"No persisted state for this chapter; build the object model with identity, owner, effective time, status, provenance and policy together with the capability in PR-72-001",verification class in source: Control + accountable,v08.txt:page 161:L9827-L9846,
PR-72-003,V8,72 Product Governance and Baseline Closure,161,The product SHALL enforce this human-authority boundary: local teams may implement within the baseline but cannot waive controlling meaning; constitutional or cross-volume change follows the recorded authority chain.,V08-F019,governance-docs,missing,unverified,none,omission,P7-F,,"No capability exists to gate; when built, the boundary 'local teams may implement within the baseline but cannot waive controlling meaning; constitutional or cross-volume change follows the recorded authority chain' must be a PDP rule with named eligible authority, digest and audit",verification class in source: Control + accountable,v08.txt:page 161:L9838-L9846,
PR-72-004,V8,72 Product Governance and Baseline Closure,162,"SaaS, Private Cloud, and On-Premise SHALL preserve identical outcome, object, human-authority, explanation, correction, export, replay, and failure semantics; operational variance SHALL be declared.",V08-F019,governance-docs,missing,unverified,none,omission,P7-D,,"Capability absent, so parity cannot be declared; when built, add the chapter's golden journey to the cross-profile conformance suite (ch. 65)",ADR-020; PAR catalog,v08.txt:page 162:L9852-L9921,
PR-72-005,V8,72 Product Governance and Baseline Closure,162,"When requirements conflict, exceptions age, evidence decays, local variants diverge, ownership lapses, or proposed change alters product identity, the product SHALL constrain affected release and use, make non-conformance visible, perform cross-volume impact analysis, and amend only through governing authority; it SHALL NOT represent unavailable, stale, unapproved, unsupported, or incomplete stat…",V08-F019,governance-docs,missing,unverified,none,omission,P7-F,,"No continuity path exists for 'requirements conflict, exceptions age, evidence decays, local variants diverge, ownership lapses, or proposed change alters product identity'; build hold/expose/route behaviour with the capability",verification class in source: Journey + fault test,v08.txt:page 162:L9861-L9921,
PR-72-006,V8,72 Product Governance and Baseline Closure,162,"Acceptance SHALL demonstrate full traceability, exception and evidence-age review, deployment and customer conformance, retirement proof, cross-volume sign-off, and executive attestation for the exact capability version, journey, role, tenant or domain, deployment, entitlement, data and model versions, configuration, consequence class, and period.",V08-F019,governance-docs,missing,unverified,none,omission,P7-F,,No capability and no acceptance evidence; AT-72 cannot start,AT-72,v08.txt:page 162:L9873-L9921,
CAP-AG-01,V8,Appendix A Capability Catalog,166,"Agents and Automation Agent registry and Marketplace Govern agent identity, package, publisher, tools, data, and lifecycle Chief AI Officer Package, signature, evaluation, and approval evidence",,agents,partial,passed:harness,branch-only,phase7,P7-C,"apps/api/src/executive/agents/agents.service.ts (budgets max_reads/max_gateway_calls/max_elapsed_ms; SUPPORTED_STOP_CONDITIONS; escalation principal); apps/api/migrations/0046_executive_agents_and_runs.sql; apps/api/src/executive/executive.controller.ts (/agents/decision/register, revoke, list, run, schedule); apps/api/test/int/phase6-agents.test.ts: registration is the tenant administrator's; a budget of three reads: the run stops before anything is admitted, records the reason and escalates","No agent marketplace: discover, evaluate, install, signed package/publisher, update, retire (CAP-AG-01, ADR-016); agents are code-registered kinds (decision, briefing, report, collection) with code digests, not governed packages; no agent operations workspace (WS-17)",Realizes chapter 49; PR-49-001,,branch+test
CAP-AG-02,V8,Appendix A Capability Catalog,166,"Agents and Automation Agent invocation service Start bounded work with purpose, scope, budgets, context, and authority Chief AI Officer Admission and permission tests",,agents,partial,passed:harness,branch-only,phase7,P7-C,"apps/api/src/executive/agents/agents.service.ts (budgets max_reads/max_gateway_calls/max_elapsed_ms; SUPPORTED_STOP_CONDITIONS; escalation principal); apps/api/migrations/0046_executive_agents_and_runs.sql; apps/api/src/executive/executive.controller.ts (/agents/decision/register, revoke, list, run, schedule); apps/api/test/int/phase6-agents.test.ts: registration is the tenant administrator's; a budget of three reads: the run stops before anything is admitted, records the reason and escalates","Runs start with purpose, scope, budgets and escalation (/agents/decision/:agentId/run); no admission tests for tools/data grants",Realizes chapter 49; PR-49-001,v08.txt:page 166:L10742-L10784,branch+test
CAP-AG-03,V8,Appendix A Capability Catalog,166,"Agents and Automation Observation agent family Monitor authorized sources and coverage plans Chief AI Officer Rights, rate, loop, and provenance evidence",,agents,partial,passed:harness,branch-only,phase1,P7-A,"apps/api/src/observation/agents/agents.service.ts (RunBudgets); apps/api/src/observation/observation.controller.ts (/agents/register, /agents/:agentId/revoke); apps/api/src/observation/scheduling/collection-worker.service.ts; apps/api/test/int/phase6-scheduled-collection.test.ts: a REFUSED run: the agent is revoked; no run is opened, the attempt is recorded refused","No crawler agent family with isolated tools, no search agent under exact scope/time/policy/citation (CAP-AG-05), no coverage-plan monitoring agent; collection agents run the three connectors under budgets",Realizes chapter 50; PR-50-001 | release_status merged → branch-only from the evidence at 2e83945,v08.txt:page 166:L10748-L10784,branch+main+test
CAP-AG-04,V8,Appendix A Capability Catalog,166,"Agents and Automation Crawler and collection agent family Acquire source content through isolated controlled tools Chief AI Officer Boundary, credential, and custody tests",,agents,missing,unverified,none,phase1,P7-A,,No crawler agent family with isolated tools; connectors run in-process,Realizes chapter 50; PR-50-001,,
CAP-AG-05,V8,Appendix A Capability Catalog,166,"Agents and Automation Search agent Retrieve evidence under exact scope, time, policy, and citation Chief AI Officer Relevance, omission, and reproducibility tests",,agents,missing,unverified,none,phase1,P7-A,,No search agent,Realizes chapter 50; PR-50-001,v08.txt:page 166:L10763-L10784,
CAP-AG-06,V8,Appendix A Capability Catalog,166,"Agents and Automation Cleaning and classification agent family Propose normalized records, classes, and quality state Chief AI Officer Golden sets and reversibility evidence",,agents,partial,passed:harness,merged,phase2,P7-A,apps/api/src/intelligence/extraction/extraction.service.ts; apps/api/src/intelligence/gateway/model-gateway.service.ts (replay | local-live; abstention; NO HOSTED MODEL API); apps/api/src/graph/entities/resolver.service.ts; apps/api/test/int/phase2-acceptance.test.ts: a run that exceeds its call budget stops and says so; an abstention is its own outcome,"No cleaning/normalization agent, no classification agent with golden sets, no relationship-proposal agent with calibration and rollback; extraction is a governed pipeline with budgets, not bounded agents with identity per CAP-AG-06/07",Realizes chapter 51; PR-51-001,,main+test
CAP-AG-07,V8,Appendix A Capability Catalog,166,"Agents and Automation NER and relationship agent family Propose identities, entities, relationships, merges, and splits Chief AI Officer Calibration, stewardship, and rollback tests ID PRODUCT DOMAIN CAPABILITY PRIMARY OUTCOME ACCOUNTAB LE AUTHORITY ACCEPTANCE FOCUS",,agents,partial,passed:harness,merged,phase2,P7-A,apps/api/src/intelligence/extraction/extraction.service.ts; apps/api/src/intelligence/gateway/model-gateway.service.ts (replay | local-live; abstention; NO HOSTED MODEL API); apps/api/src/graph/entities/resolver.service.ts; apps/api/test/int/phase2-acceptance.test.ts: a run that exceeds its call budget stops and says so; an abstention is its own outcome,"No cleaning/normalization agent, no classification agent with golden sets, no relationship-proposal agent with calibration and rollback; extraction is a governed pipeline with budgets, not bounded agents with identity per CAP-AG-06/07",Realizes chapter 51; PR-51-001,,main+test
CAP-AG-08,V8,Appendix A Capability Catalog,167,"Agents and Automation Graph, memory, and reasoning agent family Retrieve and reason across evidence, graph, and memory Chief AI Officer Citation, circularity, dissent, and abstention tests",,agents,missing,unverified,none,phase7,P7-A,,"Build graph/memory/reasoning agent family: retrieval and reasoning across evidence, graph and memory with citation, circularity, dissent and abstention tests (CAP-AG-08)",Realizes chapter 52; PR-52-001,,
CAP-AG-09,V8,Appendix A Capability Catalog,167,"Agents and Automation Foresight and decision agent family Prepare forecasts, scenarios, simulations, and recommendations Chief AI Officer Version, uncertainty, and gate evidence",,agents,partial,passed:harness,branch-only,phase6,P7-A,"apps/api/src/executive/agents/agents.service.ts (decision agent); apps/api/test/int/phase6-agents.test.ts: drafts option cards into a DRAFT version, marked agent-produced; its attempt to propose is refused; apps/api/test/int/phase6-decisions.test.ts: the decision agent holds exactly ONE write","No forecast, scenario or simulation agents (CAP-AG-09); the decision agent drafts from the first control with interventions rather than the case-bound runs (FULL_PRODUCT_DELIVERY_REGISTER.md §6)",Realizes chapter 53; PR-53-001,,branch+test
CAP-AG-10,V8,Appendix A Capability Catalog,167,"Agents and Automation Domain intelligence agent family Apply approved specialist ontologies, methods, models, and tools Chief AI Officer Domain benchmark and scope conformance",,agents,missing,unverified,none,phase7,P7-A,,Build domain specialist agents applying approved ontologies/methods/models/tools with domain benchmarks and scope conformance (CAP-AG-10); depends on domain packages (ch. 31) that do not exist,Realizes chapter 54; PR-54-001,,
CAP-AG-11,V8,Appendix A Capability Catalog,167,"Agents and Automation Planner, Supervisor, and Workflow agent family Decompose, coordinate, checkpoint, escalate, and replay work Chief AI Officer Loop, deadlock, budget, recovery, and gate tests",,agents,partial,passed:harness,branch-only,phase7,P7-A,"apps/api/src/executive/agents/agent-worker.service.ts; apps/api/src/executive/agents/agents.service.ts (briefing agent); apps/api/test/int/phase6-agents.test.ts: the planner: the room's cadence becomes a briefing job on its own queue; a promoted tick runs the agent; composes the room's briefing as an agent run, evaluating the conditions first","No generic Planner/Supervisor/Workflow runtime: task decomposition, inter-agent contracts, checkpoints, loop/deadlock detection, resume after interruption, adversarial workflow tests (CAP-AG-11, C-029)",Realizes chapter 55; PR-55-001,,branch+test
CAP-AG-12,V8,Appendix A Capability Catalog,167,"Agents and Automation Agent control and override center Explain, pause, cancel, constrain, challenge, and audit agents Chief AI Officer Stop, override, residual- effect, and escalation drills",,agents,partial,passed:harness,branch-only,phase7,P7-A,"apps/api/src/executive/agents/agents.service.ts (RunOutcome: spent, stopReason, refusals, escalation); apps/api/test/int/phase6-agents.test.ts: a budget of three reads ... records the reason and escalates; approve, dissent and commit are refused at the PDP with no grant","No agent control center: pause/cancel a running agent (OBJ-38), constrain mid-run, challenge outputs, residual-effect accounting, human override record (HX-19), agent trace view (HX-07) in the web app",Realizes chapter 56; PR-56-001 | UNRESOLVED pointer(s) at 2e83945: /agents/decision/:agentId/revoke,,branch+test
CAP-AU-01,V8,Appendix A Capability Catalog,164,"Product Authority and Operating Model Product baseline registry Resolve controlling product meaning, status, owners, and supersession Executive Product Authority Complete authority and release closure",,governance-docs,missing,unverified,none,omission,P7-F,,"Build a product baseline registry: capability inventory, decision-rights/authority matrix, signed baseline decision record, conflict hold-and-route; authority today lives only in prose (PROGRESS.md 'Document authority model', FULL_PRODUCT_DELIVERY_REGISTER.md)",Realizes chapter 1; PR-01-001,v08.txt:page 164:L9949-L10185,
CAP-AU-02,V8,Appendix A Capability Catalog,164,Product Authority and Operating Model Capability and domain registry Maintain stable product capability identities and domain boundaries Executive Product Authority No orphaned or duplicate authority,,governance-docs,missing,unverified,none,omission,P7-F,,No capability/domain registry; capability identities exist only in this audit and prose,Realizes chapter 1; PR-01-001,,
CAP-AU-03,V8,Appendix A Capability Catalog,164,"Product Authority and Operating Model Product decision-rights service Resolve who proposes, reviews, approves, operates, and audits Executive Product Authority Separation-of-duty and delegation tests",,governance-docs,missing,unverified,none,omission,P7-F,,"Build a product baseline registry: capability inventory, decision-rights/authority matrix, signed baseline decision record, conflict hold-and-route; authority today lives only in prose (PROGRESS.md 'Document authority model', FULL_PRODUCT_DELIVERY_REGISTER.md)",Realizes chapter 1; PR-01-001,v08.txt:page 164:L9949-L10185,
CAP-AU-04,V8,Appendix A Capability Catalog,164,"Product Authority and Operating Model Customer operating-context service Configure tenant, domain, jurisdiction, deployment, and specialization context Executive Product Authority Customer authority and isolation acceptance",,identity-policy,partial,passed:harness,merged,phase0,P7-D,apps/api/src/tenancy/tenancy.service.ts (residency_profile); apps/api/migrations/0002_identity_tenancy.sql (RLS); apps/api/test/int/domain-isolation.test.ts: tenant context cannot COUNT other-tenant rows; e2e/phase0.spec.ts: 4. cross-tenant access denied without metadata leakage,"No jurisdiction, purpose-of-use, specialization-package or deployment fields on the tenant; residency is a stored label without enforcement; no customer operating-context journey (JRN-01)",Realizes chapter 3; PR-03-001,,main+test
CAP-AU-05,V8,Appendix A Capability Catalog,164,"Product Authority and Operating Model Role and persona registry Bind role-appropriate journeys, actions, evidence, and escalation Executive Product Authority Role coverage and least- privilege tests",,identity-policy,partial,passed:harness,branch-only,phase0,P7-D,apps/api/migrations/0002_identity_tenancy.sql: identity.roles (13 codes); apps/api/src/policy/pdp.service.ts; apps/api/test/int/phase6-approvals.test.ts: the PEP discharges the human gate BEFORE any port; refuses ... self-approval by the author; apps/api/test/int/phase1-acceptance.test.ts: the REGISTRAR MAY NEVER APPROVE their own registration,"No persona registry (24 PER), no delegation/recusal/recertification, no explicit authority class per transition beyond coded PDP rules; role-appropriate explanation and escalation paths not modelled",Realizes chapter 4; PR-04-001 | release_status merged → branch-only from the evidence at 2e83945,v08.txt:page 164:L9995-L10185,branch+main+test
CAP-AU-06,V8,Appendix A Capability Catalog,164,"Product Authority and Operating Model Workspace registry Govern workspace identity, purpose, audience, objects, and navigation Executive Product Authority Cross-workspace journey and deep-link evidence",,ux,partial,passed:browser,merged,phase0,P7-E,apps/web/app/layout.tsx; apps/web/app/observation/evidence/[evdId]/page.tsx (deep link); e2e/phase0.spec.ts; e2e/phase1-observation.spec.ts: 13. a denied view discloses nothing about another domain,"No global operating-context bar (tenant/domain/role/objective/geography/horizon/scenario/classification), no work queues, no workspace registry for the 20 WS, no deterministic return path on workspace switch, no stale-projection watermark on every projection","Realizes chapter 5; PR-05-001 | UNRESOLVED pointer(s) at 2e83945: apps/web/app/{admin,observation,intelligence,graph,prediction,twins,decisions}/layout.tsx",v08.txt:page 164:L10004-L10185,main+test
CAP-AU-07,V8,Appendix A Capability Catalog,164,"Product Authority and Operating Model Work-object lifecycle service Own product lifecycle states and transition contracts Executive Product Authority State-machine, correction, and replay conformance",,data-platform,partial,passed:harness,merged,phase0,P3,"apps/api/migrations/0006_objects.sql (lifecycle_state, truth_state, supersedes, correction_of, withdrawal_reason); apps/api/src/objects/objects.controller.ts; apps/api/test/acceptance/acceptance.test.ts: creates, corrects (non-destructive), and version-conflicts correctly; apps/api/test/int/phase1-acceptance.test.ts: a WITHDRAWAL says so in the truth state","No archive, export, publish or retire transitions; lifecycle states are per module (source, package, twin, forecast) rather than one governed work-object state machine with transition contracts (ADR-006)",Realizes chapter 6; PR-06-001,v08.txt:page 164:L10013-L10185,main+test
CAP-AU-08,V8,Appendix A Capability Catalog,164,"Product Authority and Operating Model Accessibility and preference service Apply accessible, locale-aware, role- appropriate presentation settings Executive Product Authority WCAG, assistive- technology, and localization evidence",,ux,partial,passed:browser,merged,phase0,P7-E,"apps/web/lib/i18n.ts (en, ar; RTL); apps/web/app/globals.css (:focus-visible, prefers-reduced-motion); e2e/phase0.spec.ts: 9. keyboard navigation and basic accessibility; e2e/phase1-observation.spec.ts: 11. keyboard operation, landmarks and labels; 12. state is never carried by colour alone; 14. the shell mirrors under RTL","No WCAG 2.2 AA audit, no screen-reader (NVDA/JAWS/VoiceOver) evidence, two locales with partial string coverage, no locale-aware number/date/time-zone formatting, no accessibility governance owner/regression gate (GLB-01..24)",Realizes chapter 7; PR-07-001 | UNRESOLVED pointer(s) at 2e83945: 10. light/dark presentation and RTL-layout smoke,,main+test
CAP-AU-09,V8,Appendix A Capability Catalog,164,"Product Authority and Operating Model Product traceability service Connect outcomes, requirements, releases, tests, and cross-volume authorities Executive Product Authority Bidirectional orphan-free trace queries",,governance-docs,missing,unverified,none,omission,P7-F,,Build a product traceability service: capability -> journey -> requirement -> architecture anchor -> component -> release -> deployment -> test -> evidence with orphan-free bidirectional queries; this audit CSV is the first machine-readable trace,Realizes chapter 8; PR-08-001,v08.txt:page 164:L9949-L10185,
CAP-AU-10,V8,Appendix A Capability Catalog,164,"Product Authority and Operating Model Product exception service Govern narrow exceptions, compensating controls, expiry, and closure Executive Product Authority Expiry and non-broadening tests",,governance-docs,missing,unverified,none,omission,P7-F,,No exception service: scanner dispositions (docs/SCANNER_DISPOSITIONS.md) are the only exception records and carry no expiry enforcement,Realizes chapter 72; PR-72-001,v08.txt:page 164:L9949-L10185,
CAP-AU-11,V8,Appendix A Capability Catalog,164,Product Authority and Operating Model Conformance evidence service Resolve acceptance evidence to exact scope and versions Executive Product Authority Independent acceptance and evidence-age review,,governance-docs,partial,passed:ci,merged,phase0,R0,"apps/api/test/acceptance/acceptance.test.ts; .github/workflows/ci.yml: build-test, browser-regression, supply-chain; .github/workflows/c19-lifecycle.yml: lifecycle; scripts/gate/package-c17-evidence.mjs; PHASE1_REPORT.md … PHASE6_REPORT.md","Evidence packages resolve to a commit (C17), not to capability/tenant/entitlement scope",Realizes chapter 71; PR-71-001 | UNRESOLVED pointer(s) at 2e83945: apps/api/test/int/phase*-acceptance.test.ts,,main+test
CAP-AU-12,V8,Appendix A Capability Catalog,164,"Product Authority and Operating Model Product governance workspace Review changes, impacts, conflicts, exceptions, and retirement Executive Product Authority Controlled amendment and baseline attestation",,governance-docs,missing,unverified,none,omission,P7-F,,"Build product governance workspace: change/impact/conflict review, exception register with expiry, retirement proof, cross-volume sign-off, baseline attestation (CAP-AU-10/12, FEX-31/32)",Realizes chapter 72; PR-72-001,v08.txt:page 164:L9949-L10185,
CAP-DL-01,V8,Appendix A Capability Catalog,167,"Commercialization, Delivery, and Acceptance Deployment-profile catalog Govern SaaS, Private Cloud, On- Premise, disconnected, and air- gapped profiles Chief Product Officer Common semantic conformance suite",,infrastructure,missing,unverified,none,phase7,P7-D,,"Build the deployment-profile catalog and the common semantic conformance suite across SaaS, Private Cloud, On-Premise, disconnected and air-gapped profiles (CAP-DL-01, ADR-020, PAR-01..24); only a local compose profile exists",Realizes chapter 65; PR-65-001,v08.txt:page 6:L196-L200:page-mismatch,
CAP-DL-02,V8,Appendix A Capability Catalog,167,"Commercialization, Delivery, and Acceptance Packaging and offer catalog Define coherent capability, service, capacity, and support packages Chief Product Officer No semantic fragmentation or control removal",,commercial,missing,unverified,none,omission,P7-F,,"Build offer catalog and entitlement/licensing service: tenant capabilities, limits, grace, renewal, offline licensing, metering (CAP-DL-02/03, ENT-01..20, FEX-30)",Realizes chapter 66; PR-66-001,v08.txt:page 6:L196-L200:page-mismatch,
CAP-DL-03,V8,Appendix A Capability Catalog,167,"Commercialization, Delivery, and Acceptance Entitlement and licensing service Enforce tenant capabilities, limits, grace, renewal, and offline licensing Chief Product Officer Entitlement, reconciliation, and recovery tests",,commercial,missing,unverified,none,omission,P7-F,,"Build offer catalog and entitlement/licensing service: tenant capabilities, limits, grace, renewal, offline licensing, metering (CAP-DL-02/03, ENT-01..20, FEX-30)",Realizes chapter 66; PR-66-001,v08.txt:page 6:L196-L200:page-mismatch,
CAP-DL-04,V8,Appendix A Capability Catalog,167,"Commercialization, Delivery, and Acceptance Customer onboarding workspace Coordinate context, identity, policy, sources, domains, users, and acceptance Chief Product Officer Responsibility and readiness closure",,commercial,missing,unverified,none,omission,P7-F,,"Build customer onboarding workspace, configuration baseline manager and migration/cutover manager with rehearsal, reconciliation and rollback (CAP-DL-04..06, JRN-23)",Realizes chapter 67; PR-67-001,v08.txt:page 6:L196-L200:page-mismatch,
CAP-DL-05,V8,Appendix A Capability Catalog,167,"Commercialization, Delivery, and Acceptance Configuration baseline manager Version customer configuration, policy, specialization, and deployment state Chief Product Officer Drift, promotion, and rollback evidence",,commercial,missing,unverified,none,omission,P7-F,,No configuration baseline manager; configuration is environment variables (apps/api/src/config/config.ts),Realizes chapter 67; PR-67-001,v08.txt:page 6:L196-L200:page-mismatch,
CAP-DL-06,V8,Appendix A Capability Catalog,167,"Commercialization, Delivery, and Acceptance Migration and cutover manager Plan, rehearse, reconcile, cut over, roll back, and close migrations Chief Product Officer Rehearsal, reconciliation, and customer sign-off",,commercial,missing,unverified,none,omission,P7-F,,"Build customer onboarding workspace, configuration baseline manager and migration/cutover manager with rehearsal, reconciliation and rollback (CAP-DL-04..06, JRN-23)",Realizes chapter 67; PR-67-001,v08.txt:page 6:L196-L200:page-mismatch,
CAP-DL-07,V8,Appendix A Capability Catalog,167,"Commercialization, Delivery, and Acceptance Implementation program workspace Govern milestones, dependencies, risks, decisions, readiness, and outcomes Chief Product Officer Sponsor and operating- model acceptance",,commercial,missing,unverified,none,omission,P7-F,,"Build implementation program and adoption/enablement workspaces (milestones, readiness, role competence, cohort evidence; CAP-DL-07/08)",Realizes chapter 68; PR-68-001,v08.txt:page 6:L196-L200:page-mismatch,
CAP-DL-08,V8,Appendix A Capability Catalog,167,"Commercialization, Delivery, and Acceptance Adoption and enablement workspace Measure role competence, journey adoption, process change, and value Chief Product Officer Accessible training and cohort evidence ID PRODUCT DOMAIN CAPABILITY PRIMARY OUTCOME ACCOUNTAB LE AUTHORITY ACCEPTANCE FOCUS",,commercial,missing,unverified,none,omission,P7-F,,"Build implementation program and adoption/enablement workspaces (milestones, readiness, role competence, cohort evidence; CAP-DL-07/08)",Realizes chapter 68; PR-68-001,v08.txt:page 6:L196-L200:page-mismatch,
CAP-DL-09,V8,Appendix A Capability Catalog,168,"Commercialization, Delivery, and Acceptance Service management portal Request support, track incidents, problems, changes, and commitments Chief Product Officer SLA, escalation, access, and closure tests",,commercial,missing,unverified,none,omission,P7-F,,"Build service management portal (requests, incidents, problems, changes, SLA) and customer success workspace; scoped time-limited support access (PER-20) not modelled (CAP-DL-09/10)",Realizes chapter 69; PR-69-001,v08.txt:page 6:L196-L200:page-mismatch,
CAP-DL-10,V8,Appendix A Capability Catalog,168,"Commercialization, Delivery, and Acceptance Customer success workspace Connect operating health, adoption, outcomes, value, and renewal risk Chief Product Officer Joint value-review acceptance",,commercial,missing,unverified,none,omission,P7-F,,"Build service management portal (requests, incidents, problems, changes, SLA) and customer success workspace; scoped time-limited support access (PER-20) not modelled (CAP-DL-09/10)",Realizes chapter 69; PR-69-001,v08.txt:page 6:L196-L200:page-mismatch,
CAP-DL-11,V8,Appendix A Capability Catalog,168,"Commercialization, Delivery, and Acceptance Product analytics and economics service Measure quality, mission outcomes, cost, capacity, and value Chief Product Officer Metric, privacy, and cost reconciliation",,commercial,missing,unverified,none,omission,P7-F,,"Build product analytics and economics service computing MET-001..040 (quality, mission outcomes, cost, capacity, value) with privacy controls; no product telemetry beyond health",Realizes chapter 70; PR-70-001,v08.txt:page 6:L196-L200:page-mismatch,
CAP-DL-12,V8,Appendix A Capability Catalog,168,"Commercialization, Delivery, and Acceptance Product acceptance and governance service Close requirements, journeys, controls, evidence, conditions, and baseline Chief Product Officer Independent and customer attestation Capability conformance rules RULE BINDING APPLICATION Outcome before feature A capability exists to complete a governed user outcome; screens, APIs, models, agents, reports, and s…",,governance-docs,partial,passed:ci,merged,phase0,R0,"apps/api/test/acceptance/acceptance.test.ts; .github/workflows/ci.yml: build-test, browser-regression, supply-chain; .github/workflows/c19-lifecycle.yml: lifecycle; scripts/gate/package-c17-evidence.mjs; PHASE1_REPORT.md … PHASE6_REPORT.md","No acceptance record resolving to capability/journey/role/tenant/deployment/entitlement/versions/period with independent and customer attestation (CAP-DL-12, OBJ-40); FINAL C16/C17 chain not run on any release (blocked by C15, FULL_PRODUCT_DELIVERY_REGISTER.md §4)",Realizes chapter 71; PR-71-001 | UNRESOLVED pointer(s) at 2e83945: apps/api/test/int/phase*-acceptance.test.ts,v08.txt:page 6:L196-L200:page-mismatch,main+test
CAP-DS-01,V8,Appendix A Capability Catalog,165,"Scenario, Simulation, and Decision Intelligence Scenario workspace Construct plural futures with drivers, assumptions, branches, and indicators Chief Strategy Officer Distinctness, consistency, and sponsor acceptance",,prediction,partial,passed:harness,branch-only,phase4,P4,"apps/api/src/prediction/scenarios/scenarios.service.ts; apps/api/migrations/0029 (scenarios_current, branches_current); 0037_branch_flip_under_both_clocks.sql; apps/web/app/prediction/scenarios/page.tsx; apps/api/test/int/phase4-acceptance.test.ts: D5/D6 · an indicator breach FLIPS the branch; e2e/phase4-prediction.demo.spec.ts: the scenario tree shows the flipped branch with its decision deadline","Scenarios are forecast-bound branch trees with indicators, owner and review cadence; no scenario sets with drivers, assumptions, uncertainties, narratives, implications, options, distinctness/consistency checks or comparator (CAP-DS-01/02, MET-026)",Realizes chapter 33; PR-33-001 | release_status merged → branch-only from the evidence at 2e83945,v08.txt:page 5:L152-L168:page-mismatch,branch+test
CAP-DS-02,V8,Appendix A Capability Catalog,165,"Scenario, Simulation, and Decision Intelligence Scenario set comparator Compare implications, options, uncertainties, and signposts across futures Chief Strategy Officer Comparable-basis and sensitivity evidence",,prediction,missing,unverified,none,phase4,P4,,No scenario-set comparator,Realizes chapter 33; PR-33-001,v08.txt:page 5:L152-L168:page-mismatch,
CAP-DS-03,V8,Appendix A Capability Catalog,165,"Scenario, Simulation, and Decision Intelligence Scenario Marketplace Distribute signed, evaluated, licensed, governed scenario packages Chief Strategy Officer Supply-chain, compatibility, and sandbox tests",,marketplace,missing,unverified,none,omission,P7-C,,"Build the Scenario Marketplace: signed package manifests, evaluation, licensing, compatibility, sandbox install, update/revocation (CAP-DS-03, OBJ-27, ENT-12)",Realizes chapter 34; PR-34-001,v08.txt:page 5:L152-L168:page-mismatch,
CAP-DS-04,V8,Appendix A Capability Catalog,165,"Scenario, Simulation, and Decision Intelligence Simulation designer Define exact inputs, models, parameters, constraints, seeds, and outputs Chief Strategy Officer Validation and reproducibility evidence",,twin-simulation,partial,passed:harness,branch-only,phase5,P5,"apps/api/src/twin/simulations/simulation.service.ts; apps/api/src/twin/simulations/reproduce-worker.ts; apps/api/migrations/0033_simulation_runs.sql; 0036_run_input_availability_and_scenario_as_of.sql; apps/web/app/twins/simulations/page.tsx; apps/api/test/int/phase5-simulations.test.ts: a CONTROL run completes: outputs bound, digests recorded, the SIM object SYNTHETIC; a COLD process re-executes the stored contract; e2e/phase4-prediction.demo.spec.ts: SIMULATIONS","No pause/resume/checkpoint, resource-budget governance, sensitivity analysis, capacity/fault tests or multi-model designer; one behaviour model (supply-flow@1); no simulation reviewer promotion step (OBJ-29)",Realizes chapter 35; PR-35-001 | release_status merged → branch-only from the evidence at 2e83945,v08.txt:page 5:L152-L168:page-mismatch,branch+test
CAP-DS-05,V8,Appendix A Capability Catalog,165,"Scenario, Simulation, and Decision Intelligence Simulation run center Execute, checkpoint, compare, pause, resume, and govern resource use Chief Strategy Officer Fault, capacity, and recovery tests",,twin-simulation,partial,passed:harness,branch-only,phase5,P5,"apps/api/src/twin/simulations/simulation.service.ts; apps/api/src/twin/simulations/reproduce-worker.ts; apps/api/migrations/0033_simulation_runs.sql; 0036_run_input_availability_and_scenario_as_of.sql; apps/web/app/twins/simulations/page.tsx; apps/api/test/int/phase5-simulations.test.ts: a CONTROL run completes: outputs bound, digests recorded, the SIM object SYNTHETIC; a COLD process re-executes the stored contract; e2e/phase4-prediction.demo.spec.ts: SIMULATIONS","No pause/resume/checkpoint, resource-budget governance, sensitivity analysis, capacity/fault tests or multi-model designer; one behaviour model (supply-flow@1); no simulation reviewer promotion step (OBJ-29)",Realizes chapter 35; PR-35-001 | release_status merged → branch-only from the evidence at 2e83945,v08.txt:page 5:L152-L168:page-mismatch,branch+test
CAP-DS-06,V8,Appendix A Capability Catalog,165,"Scenario, Simulation, and Decision Intelligence Digital Twin portfolio Govern company, competitor, supply- chain, product, market, and process twins Chief Strategy Officer Scope, ownership, and validity evidence ID PRODUCT DOMAIN CAPABILITY PRIMARY OUTCOME ACCOUNTAB LE AUTHORITY ACCEPTANCE FOCUS",,twin-simulation,partial,passed:harness,branch-only,phase5,P5,apps/api/src/twin/twins/twin.service.ts; apps/api/migrations/0032_twin_registry.sql; 0034_twin_propagation_and_reconciliation.sql; 0035_twin_cutoffs_scenario_binding_reconciliation.sql; apps/web/app/twins/page.tsx; apps/api/test/int/phase5-twins.test.ts: an ALTERNATIVE branch forked from v1 coexists with the actual branch; E2 · synthetic state folds UPWARD; apps/api/test/int/phase5-propagation.test.ts: a simulated element citing a run is reconciled against a later observation,"One twin kind (supply-chain) on a synthetic company; no company/competitor/market/product/process twins, no continuous reconciliation, no time-travel/branch explorer beyond compare and as-of",Realizes chapter 36; PR-36-001 | release_status merged → branch-only from the evidence at 2e83945,v08.txt:page 5:L152-L168:page-mismatch,branch+test
CAP-DS-07,V8,Appendix A Capability Catalog,166,"Scenario, Simulation, and Decision Intelligence Twin state and branch explorer Separate observed snapshots from synthetic branches and time travel Chief Strategy Officer Branch isolation and temporal replay",,twin-simulation,partial,passed:harness,branch-only,phase5,P5,apps/api/src/twin/twins/twin.service.ts; apps/api/migrations/0032_twin_registry.sql; 0034_twin_propagation_and_reconciliation.sql; 0035_twin_cutoffs_scenario_binding_reconciliation.sql; apps/web/app/twins/page.tsx; apps/api/test/int/phase5-twins.test.ts: an ALTERNATIVE branch forked from v1 coexists with the actual branch; E2 · synthetic state folds UPWARD; apps/api/test/int/phase5-propagation.test.ts: a simulated element citing a run is reconciled against a later observation,"One twin kind (supply-chain) on a synthetic company; no company/competitor/market/product/process twins, no continuous reconciliation, no time-travel/branch explorer beyond compare and as-of",Realizes chapter 36; PR-36-001 | release_status merged → branch-only from the evidence at 2e83945,v08.txt:page 5:L152-L168:page-mismatch,branch+test
CAP-DS-08,V8,Appendix A Capability Catalog,166,"Scenario, Simulation, and Decision Intelligence Strategy Graph workspace Connect objectives, capabilities, initiatives, dependencies, and outcomes Chief Strategy Officer Graph integrity and alignment evidence",,decision,partial,passed:harness,merged,phase3,P6,apps/api/src/graph/strategy/strategy.service.ts; apps/api/src/graph/strategy/impact.service.ts; apps/web/app/graph/strategy/page.tsx; apps/api/test/int/phase3-acceptance.test.ts: C6 — invalidating an assumption surfaces what rested on it; propagation marks every dependent assumption UNVERIFIED,"No capability, initiative, resource or stakeholder nodes; no objective-capability alignment scoring or gap view; strategy kinds are objective/assumption/decision/commitment/outcome only (CAP-DS-08, MET-029)",Realizes chapter 37; PR-37-001,v08.txt:page 5:L152-L168:page-mismatch,main+test
CAP-DS-09,V8,Appendix A Capability Catalog,166,"Scenario, Simulation, and Decision Intelligence Decision case workspace Assemble alternatives, evidence, forecasts, scenarios, risks, and dissent Chief Strategy Officer Decision-completeness and explanation tests",,decision,partial,passed:harness,branch-only,phase6,P6,"apps/api/src/decision/packages/package.service.ts; apps/api/migrations/0041_decision_packages.sql; 0048_phase6_review_corrections.sql; apps/web/app/decisions/page.tsx; apps/api/test/int/phase6-decisions.test.ts: an option on a completed run binds version and digest, is SIMULATED, and carries uncertainty; one common baseline; the decision agent holds exactly ONE write; e2e/phase6-decisions.demo.spec.ts: DECISIONS","No recommendation review comparing AI and human recommendations with calibration/contestability (CAP-DS-10); no constraints, trade-offs, second-order effects or value-of-information; case-bound agent simulation selection open (FULL_PRODUCT_DELIVERY_REGISTER.md §6); no independent 'decision-ready' re",Realizes chapter 38; PR-38-001,v08.txt:page 5:L152-L168:page-mismatch,branch+test
CAP-DS-10,V8,Appendix A Capability Catalog,166,"Scenario, Simulation, and Decision Intelligence Recommendation review service Compare AI and human recommendations with rationale and uncertainty Chief Strategy Officer Fidelity, calibration, and contestability evidence",,decision,missing,unverified,none,phase6,P6,,No recommendation review service comparing AI and human recommendations,Realizes chapter 38; PR-38-001,v08.txt:page 5:L152-L168:page-mismatch,
CAP-DS-11,V8,Appendix A Capability Catalog,166,"Scenario, Simulation, and Decision Intelligence Human decision and commitment service Bind eligible approval to exact digest, rationale, and obligations Chief Strategy Officer Authority, signature, and partial-effect recovery",,decision,partial,passed:harness,branch-only,phase6,P6,"apps/api/src/decision/approvals/approval.service.ts; apps/api/migrations/0042_decision_approvals_and_commitment.sql; apps/api/test/int/phase6-approvals.test.ts: a named approver approves: APR admitted, the version and package approved at quorum; the ROUTE pins C3 ... two authorities commit concurrently and exactly one; after commitment nothing reopens; role-at-scope with a quorum of two DISTINCT humans; e2e/phase6-decisions.demo.spec.ts: DECISIONS ... approvals and the C3 commitment",Conditional approvals are recorded (decision.approvals.conditions) but not evaluated at commitment (register §6); no reject/defer record with next review (OBJ-35); no cryptographic signature beyond the audit chain; no distribution step (JRN-17),Realizes chapter 39; PR-39-001,v08.txt:page 5:L152-L168:page-mismatch,branch+test
CAP-DS-12,V8,Appendix A Capability Catalog,166,"Scenario, Simulation, and Decision Intelligence Decision Replay and learning workspace Reconstruct context, score outcomes, record lessons, and govern change Chief Strategy Officer Historical replay and change-control proof",,decision,partial,passed:harness,branch-only,phase6,P7-B,apps/api/src/decision/replay/replay.service.ts; apps/api/migrations/0043_decision_replay.sql; 0045_decision_monitoring_and_outcomes.sql; 0047_replay_prior_dissent.sql; apps/api/test/int/phase6-replay.test.ts: known / believed / tested hold only what was recorded under the cut-offs; an earlier as_of excludes what came after it; apps/api/test/int/phase6-monitoring.test.ts: the OUT: refused without the reconciliation; closure records the lessons as text; e2e/phase6-decisions.demo.spec.ts: REPLAY,"No outcome attribution hypothesis or scoring beyond criterion comparison, no lesson objects, no change proposals or governed learning pipeline (P7-B, ADR-024, HX-20)",Realizes chapter 40; PR-40-001,v08.txt:page 5:L152-L168:page-mismatch,branch+test
CAP-EO-01,V8,Appendix A Capability Catalog,166,"Executive Operating System and Collaboration Executive Operating System home Operate priorities, intelligence, decisions, commitments, and outcomes Executive Operating Officer Closed-loop executive journey acceptance",,executive-os,partial,passed:browser,branch-only,phase6,P6,"apps/web/app/decisions/page.tsx; apps/web/app/decisions/briefings/page.tsx; apps/api/src/executive/rooms/room.service.ts; apps/api/migrations/0044_executive_rooms_and_briefings.sql (review_every_days, next_review_at); apps/api/test/int/phase6-briefings.test.ts: a room is opened by the package owner only; review overdue is a fact of the clock; e2e/phase6-decisions.demo.spec.ts: BRIEFINGS","No executive home operating priorities/intelligence/decisions/commitments/outcomes in one loop, no context switcher (organization/objective/geography/horizon/scenario), no commitment tracker beyond the package's commitment and conditions (CAP-EO-01/02/08)",Realizes chapter 41; PR-41-001,v08.txt:page 5:L162-L168:page-mismatch,branch+test
CAP-EO-02,V8,Appendix A Capability Catalog,166,"Executive Operating System and Collaboration Executive context switcher Change organization, objective, geography, horizon, and scenario safely Executive Operating Officer Context integrity and stale- state tests",,executive-os,missing,unverified,none,phase6,P6,,No executive context switcher,Realizes chapter 41; PR-41-001,v08.txt:page 5:L162-L168:page-mismatch,
CAP-EO-03,V8,Appendix A Capability Catalog,166,"Executive Operating System and Collaboration Strategic briefing studio Assemble evidence-backed, approved, accessible executive briefings Executive Operating Officer Citation, cutoff, approval, and visual QA",,executive-os,partial,passed:harness,branch-only,phase6,P6,"apps/api/src/executive/briefings/briefing.service.ts (what changed / why it matters / who owns it / which window is closing; content digest; known_at); apps/api/migrations/0044_executive_rooms_and_briefings.sql; apps/api/test/int/phase6-briefings.test.ts: composed from stored records under the reader's known_at; recomposition under the same watermark and known_at yields the same content digest; the narrative is optional, labelled, cites only included items; e2e/phase6-decisions.demo.spec.ts: BRIEFINGS","No command views per role/moment (CAP-EO-04), no classification/approval/delivery/receipt on briefings, narrative has no model-gateway call (register §6), no accessibility/visual QA of briefing output; historical eligibility assumes principal kind and tenant only (PHASE6_REPORT.md §12.5)",Realizes chapter 42; PR-42-001,v08.txt:page 5:L162-L168:page-mismatch,branch+test
CAP-EO-04,V8,Appendix A Capability Catalog,166,Executive Operating System and Collaboration Command view service Present role- and moment-specific operating state with safe actions Executive Operating Officer Authority and degraded-state evidence,,executive-os,missing,unverified,none,phase6,P6,,No command view service,Realizes chapter 42; PR-42-001,v08.txt:page 5:L162-L168:page-mismatch,
CAP-EO-05,V8,Appendix A Capability Catalog,166,"Executive Operating System and Collaboration Strategic Health Score Decompose strategic health by objective, capability, risk, and execution Executive Operating Officer Formula, lineage, sensitivity, and coverage proof",,executive-os,missing,unverified,none,omission,P6,,"Build the decomposable Strategic Health Score by objective, capability, risk and execution with formula, lineage, sensitivity, coverage and missing-data disclosure (CAP-EO-05, ADR-018)",Realizes chapter 43; PR-43-001,v08.txt:page 5:L162-L168:page-mismatch,
CAP-EO-06,V8,Appendix A Capability Catalog,166,"Executive Operating System and Collaboration Proactive priority queue Rank warnings, reviews, decisions, opportunities, and commitments Executive Operating Officer Precision, recall, fairness, and overload tests",,executive-os,partial,passed:harness,branch-only,phase6,P6,apps/api/src/executive/briefings/briefing.service.ts (windows ordered by time left); apps/api/src/executive/agents/agent-worker.service.ts (cadence-driven briefing job); apps/api/test/int/phase6-agents.test.ts: the planner: the room's cadence becomes a briefing job on its own queue; apps/api/test/int/phase6-monitoring.test.ts: a review falling due without a review event is recorded as overdue once,"No proactive priority queue ranking warnings, reviews, decisions, opportunities and commitments with explainable ranking, precision/recall/fairness/overload tests (CAP-EO-06, ADR-017); no notification delivery",Realizes chapter 44; PR-44-001,v08.txt:page 5:L162-L168:page-mismatch,branch+test
CAP-EO-07,V8,Appendix A Capability Catalog,166,"Executive Operating System and Collaboration Strategic planning workspace Govern initiatives, resources, dependencies, milestones, and measures Executive Operating Officer Alignment, budget, and change replay",,executive-os,missing,unverified,none,omission,P6,,"Build strategic planning workspace: initiatives, resources, dependencies, milestones, measures, baselines and change replay (CAP-EO-07); no initiative object exists",Realizes chapter 45; PR-45-001,v08.txt:page 5:L162-L168:page-mismatch,
CAP-EO-08,V8,Appendix A Capability Catalog,166,"Executive Operating System and Collaboration Commitment tracker Track owners, deadlines, conditions, evidence, exceptions, and completion Executive Operating Officer Ownership, escalation, and closure evidence",,executive-os,partial,passed:harness,branch-only,phase6,P6,"apps/web/app/decisions/page.tsx; apps/web/app/decisions/briefings/page.tsx; apps/api/src/executive/rooms/room.service.ts; apps/api/migrations/0044_executive_rooms_and_briefings.sql (review_every_days, next_review_at); apps/api/test/int/phase6-briefings.test.ts: a room is opened by the package owner only; review overdue is a fact of the clock; e2e/phase6-decisions.demo.spec.ts: BRIEFINGS","Commitment object with conditions and breaches (decision.commitments, condition_breaches); no cross-package tracker with deadlines/exceptions",Realizes chapter 41; PR-41-001,v08.txt:page 5:L162-L168:page-mismatch,branch+test
CAP-EO-09,V8,Appendix A Capability Catalog,166,"Executive Operating System and Collaboration Collaboration workspace Coordinate purpose-bound discussions, artifacts, tasks, and reviews Executive Operating Officer External-sharing and accessibility tests",,executive-os,partial,passed:harness,branch-only,phase6,P6,apps/api/src/executive/executive.controller.ts (/workflow/:packageId; apps/api/test/int/phase6-agents.test.ts: the workflow contract reads every step of a decision from its governed events; apps/api/migrations/0038_scheduled_collection.sql (BullMQ durable jobs),"No collaboration workspace (discussions, artifacts, tasks, reviews, external sharing with audience/expiry), no durable human task service with retries/compensation beyond BullMQ jobs (CAP-EO-09/10)",Realizes chapter 46; PR-46-001 | UNRESOLVED pointer(s) at 2e83945: /rooms/:roomId/membership),v08.txt:page 5:L162-L168:page-mismatch,branch+test
CAP-EO-10,V8,Appendix A Capability Catalog,166,"Executive Operating System and Collaboration Durable task and workflow service Preserve human and machine work through retries and interruption Executive Operating Officer Crash, duplicate, and compensation tests",,executive-os,partial,passed:harness,branch-only,phase6,P6,apps/api/src/executive/executive.controller.ts (/workflow/:packageId; apps/api/test/int/phase6-agents.test.ts: the workflow contract reads every step of a decision from its governed events; apps/api/migrations/0038_scheduled_collection.sql (BullMQ durable jobs),BullMQ durable jobs for collection and briefings with restart recovery; no human task service with compensation,Realizes chapter 46; PR-46-001 | UNRESOLVED pointer(s) at 2e83945: /rooms/:roomId/membership),v08.txt:page 5:L162-L168:page-mismatch,branch+test
CAP-EO-11,V8,Appendix A Capability Catalog,166,"Executive Operating System and Collaboration Publishing and distribution center Approve, deliver, receipt, correct, withdraw, and archive products Executive Operating Officer Audience, classification, and correction drills",,executive-os,partial,passed:harness,branch-only,phase6,P6,apps/api/src/executive/executive.controller.ts (/reports/:packageId/render); apps/api/test/int/phase6-agents.test.ts: renders a report marked agent-produced with SYNTHETIC marks and truth states; refuses a confidential ...,"No publishing/distribution center: audience, classification, channels, delivery receipts, correction/withdrawal of published products, archive (CAP-EO-11, OBJ-39)",Realizes chapter 47; PR-47-001,v08.txt:page 5:L162-L168:page-mismatch,branch+test
CAP-EO-12,V8,Appendix A Capability Catalog,166,"Executive Operating System and Collaboration Mobile and field workspace Continue authorized work through constrained and disconnected operation Executive Operating Officer Offline, revocation, conflict, and sync tests",,ux,missing,unverified,none,omission,P7-E,,"Build mobile/field/offline operation: constrained and disconnected continuation, scoped packages, expiry, queued effects, revocation, conflict and sync (CAP-EO-12, ADR-021, FEX-26/27)",Realizes chapter 48; PR-48-001,v08.txt:page 5:L162-L168:page-mismatch,
CAP-FW-01,V8,Appendix A Capability Catalog,165,"Predict, Detect, and Warn Weak signal workbench Surface emerging patterns with novelty, persistence, evidence, and uncertainty Chief Foresight Officer Seeded-signal and null tests",,prediction,missing,unverified,none,omission,P4,,"Build weak-signal workbench: nomination, novelty/persistence tests, baseline deviation, evidence, uncertainty, analyst disposition and learning (CAP-FW-01, JRN-06, OBJ-17/18)",Realizes chapter 25; PR-25-001,v08.txt:page 165:L10315-L10502,
CAP-FW-02,V8,Appendix A Capability Catalog,165,"Predict, Detect, and Warn Indicator registry Govern indicator definition, owner, data, threshold, coverage, and lifecycle Chief Foresight Officer Lineage, sensitivity, and expiry evidence",,prediction,partial,passed:harness,branch-only,phase4,P4,"apps/api/src/prediction/prediction.controller.ts (/warnings/*, /indicators/*); apps/api/migrations/0029_prediction_forecasts_scenarios_warnings_outcomes.sql (warnings_current: consequence, confidence, response_window, routed_to); apps/web/app/prediction/warnings/page.tsx; apps/api/test/int/phase4-acceptance.test.ts: D5/D6 · an indicator breach FLIPS the branch with a receipt and raises a warning to a named owner; D6 · a warning nobody acknowledged before its window closed is recorded as EXPIRED; e2e/phase4-prediction.demo.spec.ts: ACTION/STATE cases",Indicators defined/evaluated with thresholds and owners (prediction.indicators_current); no lineage/sensitivity/expiry governance,Realizes chapter 26; PR-26-001 | release_status merged → branch-only from the evidence at 2e83945,v08.txt:page 165:L10324-L10502,branch+test
CAP-FW-03,V8,Appendix A Capability Catalog,165,"Predict, Detect, and Warn Early Warning System Deliver owned, explainable, severity- appropriate warnings and escalation Chief Foresight Officer Trigger, latency, receipt, and escalation drills",,prediction,partial,passed:harness,branch-only,phase4,P4,"apps/api/src/prediction/prediction.controller.ts (/warnings/*, /indicators/*); apps/api/migrations/0029_prediction_forecasts_scenarios_warnings_outcomes.sql (warnings_current: consequence, confidence, response_window, routed_to); apps/web/app/prediction/warnings/page.tsx; apps/api/test/int/phase4-acceptance.test.ts: D5/D6 · an indicator breach FLIPS the branch with a receipt and raises a warning to a named owner; D6 · a warning nobody acknowledged before its window closed is recorded as EXPIRED; e2e/phase4-prediction.demo.spec.ts: ACTION/STATE cases","No severity classes, policy-path approval, delivery channels or receipts, deduplication across warnings, suppression (OBJ-21), escalation drills or delivery/acknowledgment latency measurement; warnings arise only from indicator breaches",Realizes chapter 26; PR-26-001 | release_status merged → branch-only from the evidence at 2e83945,v08.txt:page 165:L10335-L10502,branch+test
CAP-FW-04,V8,Appendix A Capability Catalog,165,"Predict, Detect, and Warn Risk intelligence workspace Manage risks, exposure, appetite, controls, mitigation, and outcomes Chief Foresight Officer Aggregation, appetite, and owner acceptance",,prediction,missing,unverified,none,omission,P4,,"Build risk intelligence: risk register with exposure, appetite, controls, mitigation, owner, residual exposure, aggregation rules and outcomes (CAP-FW-04, JRN-08, OBJ-22)",Realizes chapter 27; PR-27-001,v08.txt:page 165:L10344-L10502,
CAP-FW-05,V8,Appendix A Capability Catalog,165,"Predict, Detect, and Warn Opportunity intelligence workspace Manage hypotheses, value ranges, timing, options, and sponsorship Chief Foresight Officer Alignment, challenge, and outcome evidence",,prediction,missing,unverified,none,omission,P4,,"Build opportunity intelligence: hypotheses, value ranges, timing, options, challenge, sponsorship and outcome linkage (CAP-FW-05, JRN-09, OBJ-23)",Realizes chapter 28; PR-28-001,,
CAP-FW-06,V8,Appendix A Capability Catalog,165,"Predict, Detect, and Warn Competitor intelligence workspace Maintain temporal competitor profiles and comparative assessments Chief Foresight Officer Identity, comparability, and source-diversity tests",,prediction,missing,unverified,none,omission,P4,,"Build competitor intelligence workspace: temporal competitor profiles, comparative assessments, identity resolution of competitors, source diversity, alerts and replay (CAP-FW-06, JRN-10)",Realizes chapter 29; PR-29-001,,
CAP-FW-07,V8,Appendix A Capability Catalog,165,"Predict, Detect, and Warn Supply-chain intelligence workspace Map multi-tier networks, constraints, disruptions, and alternatives Chief Foresight Officer Coverage, disruption replay, and feasibility tests",,prediction,partial,passed:harness,branch-only,phase5,P4,apps/api/src/twin/models/supply-flow.ts; apps/api/migrations/0032_twin_registry.sql ('supply-chain' kind); apps/api/test/unit/phase5-supply-flow.test.ts; e2e/phase4-prediction.demo.spec.ts: TWINS: the NORDWERK twin shows its synthetic world,"No multi-tier network mapping, disruption detection, coverage limits or alternatives workspace; supply chain exists only as the single twin kind and its flow model on a synthetic company (docs/phase1/SYNTHETIC_COMPANY_SPEC.md)",Realizes chapter 30; PR-30-001 | release_status merged → branch-only from the evidence at 2e83945,,branch+test
CAP-FW-08,V8,Appendix A Capability Catalog,165,"Predict, Detect, and Warn Geopolitical intelligence package Extend sources, ontology, indicators, assessments, and scenarios Chief Foresight Officer Domain conformance and authority acceptance",,prediction,missing,unverified,none,omission,P4,,"Build the geopolitical, technology, cyber and financial intelligence packages (sources, ontology, indicators, assessments, scenarios) on a governed domain-package mechanism that does not exist (CAP-FW-08..11, ENT-13)",Realizes chapter 31; PR-31-001,,
CAP-FW-09,V8,Appendix A Capability Catalog,165,"Predict, Detect, and Warn Technology intelligence package Track research, patents, capabilities, adoption, and discontinuities Chief Foresight Officer Evidence diversity and horizon evaluation",,prediction,missing,unverified,none,omission,P4,,"Build the geopolitical, technology, cyber and financial intelligence packages (sources, ontology, indicators, assessments, scenarios) on a governed domain-package mechanism that does not exist (CAP-FW-08..11, ENT-13)",Realizes chapter 31; PR-31-001,,
CAP-FW-10,V8,Appendix A Capability Catalog,165,"Predict, Detect, and Warn Cyber intelligence package Connect threats, vulnerabilities, assets, campaigns, and strategic exposure Chief Foresight Officer Security scope and false- positive analysis",,prediction,missing,unverified,none,omission,P4,,"Build the geopolitical, technology, cyber and financial intelligence packages (sources, ontology, indicators, assessments, scenarios) on a governed domain-package mechanism that does not exist (CAP-FW-08..11, ENT-13)",Realizes chapter 31; PR-31-001,v08.txt:page 165:L10413-L10502,
CAP-FW-11,V8,Appendix A Capability Catalog,165,"Predict, Detect, and Warn Financial intelligence package Connect markets, entities, filings, instruments, and exposures Chief Foresight Officer Entitlement, timing, and calculation evidence",,prediction,missing,unverified,none,omission,P4,,"Build the geopolitical, technology, cyber and financial intelligence packages (sources, ontology, indicators, assessments, scenarios) on a governed domain-package mechanism that does not exist (CAP-FW-08..11, ENT-13)",Realizes chapter 31; PR-31-001,,
CAP-FW-12,V8,Appendix A Capability Catalog,165,"Predict, Detect, and Warn Forecast portfolio Govern multi-method forecasts across six canonical horizons Chief Foresight Officer Backtest, calibration, leakage, and scoring proof",,prediction,partial,passed:harness,branch-only,phase4,P4,"apps/api/src/prediction/forecasting/forecasting.service.ts (30d/90d/180d/1y/3y/5y); apps/api/src/prediction/models/models.ts (seasonal naive, Holt-Winters, pinball); apps/web/app/prediction/forecasts/page.tsx; apps/web/app/prediction/calibration/page.tsx; apps/api/test/int/phase4-acceptance.test.ts: D1 · a forecast names distribution, horizon, drivers, assumptions and evidence — or is refused; D4 · an outcome is scored from the observation known at the target; e2e/phase4-prediction.demo.spec.ts: the calibration screen labels every backtest with its knowledge mode","Model families are seasonal naive and Holt-Winters only; no event/causal/judgmental methods, no per-target/horizon/domain validation beyond the demo series; ECB retrospective validation unverified (publisher unreachable, FULL_PRODUCT_DELIVERY_REGISTER.md §7)",Realizes chapter 32; PR-32-001 | UNRESOLVED pointer(s) at 2e83945: D3/D4 · a backtest scores the learned model AGAINST seasonal naive | release_status merged → branch-only from the evidence at 2e83945,v08.txt:page 165:L10436-L10502,branch+test
CAP-OB-01,V8,Appendix A Capability Catalog,164,"Observe and Collect Source registry Register source authority, rights, purpose, coverage, cost, and lifecycle Chief Intelligence Officer Source-owner approval and revocation tests",,observation,partial,passed:harness,branch-only,phase1,P1,"apps/api/src/observation/observation.controller.ts (/sources/register, approve, transition, rights, evaluate, readiness); apps/api/src/observation/sources/source-contract.ts; apps/api/migrations/0022_observation_registry_and_evidence.sql; 0028_phase4_source_contract_v2.sql; apps/web/app/observation/sources/**; apps/api/test/int/phase1-acceptance.test.ts: A1 — source contract: the full §7 field set and every fail-closed case; e2e/phase1-observation.spec.ts: 1.–3.","Connector kinds are RSS, REST poll and file upload only; no enterprise, database/CDC, stream/IoT, media, scientific or commercial source families; no credential binding, cost or budget on the source; no source evaluation scoring beyond readiness",Realizes chapter 9; PR-09-001 | release_status merged → branch-only from the evidence at 2e83945,v08.txt:page 164:L10079-L10185,branch+main+test
CAP-OB-02,V8,Appendix A Capability Catalog,164,"Observe and Collect Collection contract manager Version endpoint, schedule, schema, rate, freshness, and withdrawal terms Chief Intelligence Officer Contract and consumer- impact evidence",,observation,partial,passed:harness,branch-only,phase1,P1,"apps/api/src/observation/observation.controller.ts (/sources/register, approve, transition, rights, evaluate, readiness); apps/api/src/observation/sources/source-contract.ts; apps/api/migrations/0022_observation_registry_and_evidence.sql; 0028_phase4_source_contract_v2.sql; apps/web/app/observation/sources/**; apps/api/test/int/phase1-acceptance.test.ts: A1 — source contract: the full §7 field set and every fail-closed case; e2e/phase1-observation.spec.ts: 1.–3.",Contract versioning (SRC@v2 supersedes v1; apps/api/test/int/phase4-acceptance.test.ts) exists; consumer-impact evidence on contract change absent,Realizes chapter 9; PR-09-001 | release_status merged → branch-only from the evidence at 2e83945,v08.txt:page 164:L10086-L10185,branch+main+test
CAP-OB-03,V8,Appendix A Capability Catalog,164,"Observe and Collect Observation operations center Operate coverage, source health, blind spots, priorities, and incidents Chief Intelligence Officer Coverage SLO and blind- spot exercises",,observation,partial,passed:harness,branch-only,phase1,P1,"apps/api/src/observation/coverage/coverage.service.ts; apps/api/src/observation/scheduling/scheduler.service.ts; apps/api/migrations/0038_scheduled_collection.sql; 0040_scheduled_attempt_faults.sql; apps/web/app/observation/page.tsx (Collection status, Source health, Needs attention); apps/api/test/int/phase1-acceptance.test.ts: A6 — coverage, health, and the honesty of unknown; apps/api/test/int/phase6-scheduled-collection.test.ts: RESTART RECOVERY","Blind spots, authenticity and degraded regions are STRUCTURALLY_UNKNOWN (declared, not measured); no incident workflow, priorities or coverage SLOs; scheduled collection (0038–0040) is branch-only on scheduling/automatic-collection-2026-09 (#44)",Realizes chapter 10; PR-10-001 | release_status merged → branch-only from the evidence at 2e83945,v08.txt:page 164:L10093-L10185,branch+main+test
CAP-OB-04,V8,Appendix A Capability Catalog,164,Observe and Collect Research and discovery workspace Search internal and external evidence with reproducible scope Chief Intelligence Officer Golden queries and permission trimming,,observation,partial,passed:harness,merged,phase3,P3,"apps/api/src/graph/search/search.service.ts; apps/web/app/graph/search/page.tsx; apps/api/test/int/phase3-acceptance.test.ts: C4 — search is permission-aware, and absence is not an oracle; search reads METADATA — it never returns evidence bytes","Metadata search only (no semantic/hybrid retrieval, no external discovery); no saved research state, query snapshot, cutoff-bound reproduction or research workspace (CAP-OB-04, MET-015)",Realizes chapter 11; PR-11-001,v08.txt:page 164:L10102-L10185,main+test
CAP-OB-05,V8,Appendix A Capability Catalog,164,"Observe and Collect Saved search and watchlist service Persist governed queries, entities, triggers, owners, and expiry Chief Intelligence Officer Trigger, ownership, and expiry evidence",,observation,missing,unverified,none,omission,P1,,"Build collection plans, watchlists, saved searches, priorities and budgets linked to objectives and coverage gaps with owners and expiry (CAP-OB-05, OB-10); nothing named plan or watchlist exists",Realizes chapter 15; PR-15-001,v08.txt:page 164:L10111-L10185,
CAP-OB-06,V8,Appendix A Capability Catalog,164,"Observe and Collect Document intelligence viewer Compare originals with aligned extraction, translation, and annotation Chief Intelligence Officer Format, alignment, and citation tests",,intelligence,missing,unverified,none,omission,P2,,"Build document and media intelligence: parsing/OCR/chunking, aligned extraction, translation with provenance, annotation, original-vs-extraction viewer, image/audio/video/geospatial/scientific viewers (CAP-OB-06/07); PDFs are stored opaque today",Realizes chapter 12; PR-12-001,v08.txt:page 164:L10120-L10185,
CAP-OB-07,V8,Appendix A Capability Catalog,164,"Observe and Collect Media intelligence viewer Inspect image, audio, video, geospatial, and scientific evidence Chief Intelligence Officer Segment fidelity and accessible alternatives",,intelligence,missing,unverified,none,omission,P2,,No media intelligence viewer (image/audio/video/geospatial/scientific),Realizes chapter 12; PR-12-001,v08.txt:page 164:L10129-L10185,
CAP-OB-08,V8,Appendix A Capability Catalog,164,"Observe and Collect Live event and telemetry console Show sequence, time, trust, gaps, latency, and correlations Chief Intelligence Officer Burst, replay, gap, and device-trust tests",,observation,missing,unverified,none,omission,P1,,"Build live event/stream/IoT/telemetry ingestion and console: sequence, time, device trust, gaps, latency, correlation, burst/replay handling (CAP-OB-08)",Realizes chapter 13; PR-13-001,v08.txt:page 164:L10136-L10185,
CAP-OB-09,V8,Appendix A Capability Catalog,164,"Observe and Collect Enterprise integration manager Configure ERP, CRM, databases, documents, APIs, and files Chief Intelligence Officer Least privilege and reconciliation evidence",,observation,missing,unverified,none,omission,P1,,"Build enterprise systems integration (ERP, CRM, databases/CDC, documents, APIs, files) with least-privilege connections and reconciliation (CAP-OB-09)",Realizes chapter 14; PR-14-001,v08.txt:page 164:L10145-L10185,
CAP-OB-10,V8,Appendix A Capability Catalog,164,"Observe and Collect Collection-plan manager Translate objectives and gaps into priorities, budgets, and source plans Chief Intelligence Officer Objective linkage and sponsor acceptance",,observation,missing,unverified,none,omission,P1,,"Build collection plans, watchlists, saved searches, priorities and budgets linked to objectives and coverage gaps with owners and expiry (CAP-OB-05, OB-10); nothing named plan or watchlist exists",Realizes chapter 15; PR-15-001,v08.txt:page 164:L10154-L10185,
CAP-OB-11,V8,Appendix A Capability Catalog,164,"Observe and Collect Intake review queue Review integrity, rights, quality, classification, and duplicate state Chief Intelligence Officer Positive, negative, and reviewer tests",,observation,partial,passed:harness,merged,phase1,P1,apps/api/src/observation/quarantine/quarantine.service.ts; apps/api/src/observation/acquisition/lifecycle.service.ts; apps/web/app/observation/quarantine/page.tsx; apps/api/test/int/phase1-acceptance.test.ts: QUARANTINE AND EVIDENCE ARE SEPARATE VOLUMES; e2e/phase1-observation.spec.ts: 4. collection admits evidence and quarantines the drifted row; 8. quarantine shows the refusal and requires a reason and a second operator,"Quarantine dispositions cover integrity, schema_drift, malformed_archive, classification_ceiling; no rights, duplicate or quality review reasons; no anti-malware/sandbox processing (content-controls is explicitly not malware detection); no intake review queue beyond quarantine",Realizes chapter 16; PR-16-001,v08.txt:page 164:L10161-L10185,main+test
CAP-OB-12,V8,Appendix A Capability Catalog,164,Observe and Collect Quarantine and evidence- release service Isolate unsafe evidence and govern release or rejection Chief Intelligence Officer Escape prevention and custody closure,,observation,partial,passed:harness,merged,phase1,P1,apps/api/src/observation/quarantine/quarantine.service.ts; apps/api/src/observation/acquisition/lifecycle.service.ts; apps/web/app/observation/quarantine/page.tsx; apps/api/test/int/phase1-acceptance.test.ts: QUARANTINE AND EVIDENCE ARE SEPARATE VOLUMES; e2e/phase1-observation.spec.ts: 4. collection admits evidence and quarantines the drifted row; 8. quarantine shows the refusal and requires a reason and a second operator,"Quarantine dispositions cover integrity, schema_drift, malformed_archive, classification_ceiling; no rights, duplicate or quality review reasons; no anti-malware/sandbox processing (content-controls is explicitly not malware detection); no intake review queue beyond quarantine",Realizes chapter 16; PR-16-001,v08.txt:page 164:L10168-L10185,main+test
CAP-TR-01,V8,Appendix A Capability Catalog,167,"Trust, Governance, Administration, and Operations Trust and provenance inspector Verify source-to-product evidence, signatures, versions, and corrections Chief Trust Officer Tamper, substitution, and offline verification",,identity-policy,partial,passed:harness,merged,phase0,P7-D,"apps/web/app/observation/evidence/[evdId]/page.tsx (authenticity, custody, history); apps/web/app/admin/audit/page.tsx (chain-integrity status); apps/api/test/int/gate22-audit-verify.test.ts: a byte-level rewrite that preserves the parsed JSON is caught; e2e/phase0.spec.ts: 8. audit viewer shows events and chain-integrity status; packages/contracts (JCS/RFC 8785 digests)","No end-to-end trust inspector from source to product (signatures, versions, corrections) with tamper/substitution/offline verification (CAP-TR-01); no signed artefacts for briefings/reports; no receipts",Realizes chapter 57; PR-57-001,v08.txt:page 6:L186-L200:page-mismatch,main+test
CAP-TR-02,V8,Appendix A Capability Catalog,167,"Trust, Governance, Administration, and Operations Identity federation and lifecycle Provision and revoke workforce, partner, customer, and workload identity Chief Trust Officer Federation, lifecycle, and assurance tests",,identity-policy,partial,passed:harness,merged,phase0,P7-D,"apps/api/src/pipeline/auth.controller.ts (/login, /rotate, /refresh); apps/api/src/pipeline/admin.controllers.ts (/tenants/:tenantId/principals); apps/api/src/identity/*.ts; apps/web/app/admin/principals/page.tsx; apps/web/app/admin/tenants/page.tsx; apps/api/test/acceptance/acceptance.test.ts: rotates on every successful refresh; detects replay; revokes on reuse; apps/api/test/int/gate22-identity-mutators.test.ts; apps/api/test/int/domain-isolation.test.ts","No SSO/OIDC/SAML federation, MFA, partner/customer identity, access recertification or delegated emergency-access workflow (break-glass exists only as a DB grant); principal status history not recorded (PHASE6_REPORT.md §12.5)",Realizes chapter 58; PR-58-001,v08.txt:page 6:L186-L200:page-mismatch,main+test
CAP-TR-03,V8,Appendix A Capability Catalog,167,"Trust, Governance, Administration, and Operations Access and tenant administration Govern least privilege, domains, separation, recertification, and emergency access Chief Trust Officer Cross-tenant and privileged- access negatives",,identity-policy,partial,passed:harness,merged,phase0,P7-D,"apps/api/src/pipeline/auth.controller.ts (/login, /rotate, /refresh); apps/api/src/pipeline/admin.controllers.ts (/tenants/:tenantId/principals); apps/api/src/identity/*.ts; apps/web/app/admin/principals/page.tsx; apps/web/app/admin/tenants/page.tsx; apps/api/test/acceptance/acceptance.test.ts: rotates on every successful refresh; detects replay; revokes on reuse; apps/api/test/int/gate22-identity-mutators.test.ts; apps/api/test/int/domain-isolation.test.ts",Least privilege and tenant/domain separation proven (domain-isolation.test.ts); no recertification or emergency-access workflow,Realizes chapter 58; PR-58-001,v08.txt:page 6:L186-L200:page-mismatch,main+test
CAP-TR-04,V8,Appendix A Capability Catalog,167,"Trust, Governance, Administration, and Operations Policy and purpose console Govern classification, rights, purpose, consent, residency, and obligations Chief Trust Officer Policy, consent, and transfer fixtures",,identity-policy,partial,passed:harness,merged,phase0,P7-D,"apps/api/src/policy/pdp.service.ts; apps/api/migrations/0003_policy.sql; apps/api/test/acceptance/acceptance.test.ts: missing purpose on a protected operation → deny; audit.read returns allow_with_obligations and the mask is EXECUTED; apps/api/src/observation/observation.controller.ts (/sources/:sourceId/rights); apps/api/migrations/0006_objects.sql (classification, purpose_scope, rights_profile, residency_profile, retention_profile)","No policy/purpose console, consent records, privacy-rights workspace (access/correction/restriction/export/deletion requests; CAP-TR-05), residency enforcement or cross-border transfer fixtures; retention profiles are labels without execution",Realizes chapter 59; PR-59-001,v08.txt:page 6:L186-L200:page-mismatch,main+test
CAP-TR-05,V8,Appendix A Capability Catalog,167,"Trust, Governance, Administration, and Operations Privacy rights workspace Execute access, correction, restriction, export, and deletion requests Chief Trust Officer Identity, scope, dependency, and closure evidence",,identity-policy,missing,unverified,none,phase0,P7-D,,No privacy-rights workspace,Realizes chapter 59; PR-59-001,v08.txt:page 6:L186-L200:page-mismatch,
CAP-TR-06,V8,Appendix A Capability Catalog,167,"Trust, Governance, Administration, and Operations Security operations workspace Detect, investigate, contain, communicate, recover, and learn Chief Trust Officer Attack and incident exercises",,infrastructure,partial,passed:harness,merged,phase0,P7-D,"apps/api/src/health/degraded-reconciliation.service.ts; apps/api/src/observation/connectors/redaction.ts; apps/api/src/observation/connectors/content-controls.ts; apps/api/test/int/audit-chain.test.ts: detects tampering, freezes + records the incident ATOMICALLY; apps/api/test/acceptance/acceptance.test.ts: bad credentials are rejected and captured by the sanitized security intake; apps/api/test/int/phase1-hostile-input.test.ts; .github/workflows/ci.yml: supply-chain","No security operations workspace (detect, investigate, contain, communicate, recover, learn; CAP-TR-06), no incident-commander journey (JRN-22), no attack/incident exercises beyond the harness and CI gates",Realizes chapter 60; PR-60-001,v08.txt:page 6:L186-L200:page-mismatch,main+test
CAP-TR-07,V8,Appendix A Capability Catalog,167,"Trust, Governance, Administration, and Operations Governance console Govern model, agent, data, prompt, tool, ontology, and package lifecycle Chief Trust Officer Inventory, gate, drift, rollback, and expiry tests",,learning-evaluation,partial,passed:harness,branch-only,phase7,P7-B,"apps/api/src/intelligence/methods/methods.service.ts (/methods/register, approve, transition); apps/web/app/intelligence/methods/page.tsx; apps/web/app/intelligence/gateway/page.tsx; apps/api/test/int/phase2-acceptance.test.ts: each call carries mode, model, versions and an outcome; the call log is append-only; apps/api/src/executive/agents/agents.service.ts (agent registry)","No governance console spanning model, agent, data, prompt, tool, ontology and package lifecycle with inventory, evaluation gates, drift, rollback and expiry (CAP-TR-07); governed release of prompts/models/thresholds (Phase 7) absent",Realizes chapter 61; PR-61-001 | release_status merged → branch-only from the evidence at 2e83945,v08.txt:page 6:L186-L200:page-mismatch,branch+main+test
CAP-TR-08,V8,Appendix A Capability Catalog,167,"Trust, Governance, Administration, and Operations Audit and investigation workspace Search, preserve, correlate, export, and attest non-repudiable evidence Chief Trust Officer Custody, temporal, legal- hold, and export proof",,identity-policy,partial,passed:harness,merged,phase0,P7-D,"apps/api/src/pipeline/admin.controllers.ts (/tenants/:tenantId/audit/query, /platform/audit/query, /platform/audit/verify); apps/web/app/admin/audit/page.tsx; apps/api/migrations/0004_audit.sql; apps/api/test/int/audit-chain.test.ts: 16 parallel writers ... verifiable chain; apps/api/test/int/gate22-audit-verify.test.ts; scripts/gate/package-c17-evidence.mjs","No investigation workspace (search, preserve, correlate, legal hold, export with attestation; CAP-TR-08) for auditors; legal_hold is an evidence flag only; no compliance mapping",Realizes chapter 62; PR-62-001,v08.txt:page 6:L186-L200:page-mismatch,main+test
CAP-TR-09,V8,Appendix A Capability Catalog,167,"Trust, Governance, Administration, and Operations Reliability and service health center Expose SLOs, dependencies, capacity, incidents, and degraded modes Chief Trust Officer Fault, load, and mode- transition tests",,infrastructure,partial,passed:harness,branch-only,phase0,P7-D,"apps/api/src/health/health.controller.ts (/healthz, /readyz); apps/api/src/shared/degraded-store.ts; apps/api/src/audit/reconcile-degraded.ts; apps/web/components/ui.tsx (DegradedBanner); apps/web/app/admin/page.tsx (Service health); apps/api/test/int/gate22-degraded-recovery.test.ts: the correctly-bound capability reconciles AND writes inseparable evidence; apps/api/test/int/phase1-fault-injection.test.ts; e2e/phase4-prediction.demo.spec.ts: the API is HEALTHY behind the banner-free shell","No service-health center with SLOs, dependencies, capacity and incidents (CAP-TR-09); no backup/restore/site-recovery procedure or RPO/RTO evidence (FULL_PRODUCT_DELIVERY_REGISTER.md §7, CAP-TR-10); degraded modes are one 'degraded' state plus refusal",Realizes chapter 63; PR-63-001 | release_status merged → branch-only from the evidence at 2e83945,v08.txt:page 6:L186-L200:page-mismatch,branch+main+test
CAP-TR-10,V8,Appendix A Capability Catalog,167,"Trust, Governance, Administration, and Operations Recovery and continuity center Govern backup, restore, site recovery, reconciliation, and reopening Chief Trust Officer RPO, RTO, integrity, and customer acceptance",,infrastructure,missing,unverified,none,phase0,P7-D,,No recovery/continuity center; no backup/restore procedure (register §7),Realizes chapter 63; PR-63-001,v08.txt:page 6:L186-L200:page-mismatch,
CAP-TR-11,V8,Appendix A Capability Catalog,167,"Trust, Governance, Administration, and Operations Integration management center Register clients, APIs, events, exports, SDKs, and extensions Chief Trust Officer Contract, quota, idempotency, and policy tests",,commercial,partial,passed:harness,merged,phase0,P7-F,"packages/contracts (envelope header, header registry, JCS); apps/api/src/objects/objects.controller.ts; apps/api/src/observation/observation.controller.ts (/evidence/:evdId/download); packages/contracts/test/envelope-header.test.ts; apps/api/test/int/rfc8785-crosslang.test.ts","No integration management center: client registration, quotas, event subscriptions/webhooks, SDKs, complete export/exit package, customer control center (CAP-TR-11/12); no bulk export or deletion journey",Realizes chapter 64; PR-64-001,v08.txt:page 6:L186-L200:page-mismatch,main+test
CAP-TR-12,V8,Appendix A Capability Catalog,167,"Trust, Governance, Administration, and Operations Customer control center Expose responsibilities, support access, exports, keys, locality, and evidence Chief Trust Officer Customer-operated control exercises",,commercial,missing,unverified,none,phase0,P7-F,,"No customer control center (responsibilities, support access, exports, keys, locality)",Realizes chapter 64; PR-64-001,v08.txt:page 6:L186-L200:page-mismatch,
CAP-UM-01,V8,Appendix A Capability Catalog,164,"Understand and Remember Intelligence object inspector Present canonical identity, version, time, truth, policy, and provenance Chief Knowledge Officer Object-profile and comprehension evidence ID PRODUCT DOMAIN CAPABILITY PRIMARY OUTCOME ACCOUNTAB LE AUTHORITY ACCEPTANCE FOCUS",,intelligence,partial,passed:harness,merged,phase2,P2,"apps/web/app/observation/evidence/[evdId]/page.tsx (Four times, authenticity, custody, original bytes, history); apps/web/app/intelligence/claims/page.tsx (lineage); apps/web/components/ui.tsx (TruthBadge); apps/api/test/int/phase2-acceptance.test.ts: the run produced claims, and every one resolves back to the evidence bytes; e2e/phase1-observation.spec.ts: 7. evidence custody, the four times, and a safe attachment-only download",No single intelligence-object inspector for every canonical type; no segment/offset-level citation viewer or tamper verification for cited versions; annotation of evidence (OBJ-02) absent,Realizes chapter 17; PR-17-001,v08.txt:page 164:L10179-L10185,main+test
CAP-UM-02,V8,Appendix A Capability Catalog,165,"Understand and Remember Evidence and citation viewer Resolve source bytes, segments, digests, custody, and cited versions Chief Knowledge Officer Citation and tamper verification",,intelligence,partial,passed:harness,merged,phase2,P2,"apps/web/app/observation/evidence/[evdId]/page.tsx (Four times, authenticity, custody, original bytes, history); apps/web/app/intelligence/claims/page.tsx (lineage); apps/web/components/ui.tsx (TruthBadge); apps/api/test/int/phase2-acceptance.test.ts: the run produced claims, and every one resolves back to the evidence bytes; e2e/phase1-observation.spec.ts: 7. evidence custody, the four times, and a safe attachment-only download",No single intelligence-object inspector for every canonical type; no segment/offset-level citation viewer or tamper verification for cited versions; annotation of evidence (OBJ-02) absent,Realizes chapter 17; PR-17-001,v08.txt:page 165:L10198-L10502,main+test
CAP-UM-03,V8,Appendix A Capability Catalog,165,"Understand and Remember Entity resolution workbench Review aliases, candidates, duplicates, merges, and splits Chief Knowledge Officer Golden identity and reversal tests",,memory-graph,partial,passed:harness,merged,phase3,P3,"apps/api/src/graph/entities/resolution.service.ts; apps/api/src/graph/graph.controller.ts (/entities/resolve, /resolutions/:id/decide, /entities/:id/split, /entities/identifier-systems/*); apps/web/app/graph/resolutions/page.tsx; apps/api/test/int/phase3-acceptance.test.ts: splits a merged entity without deleting anything; a known-at query BEFORE the split still reproduces the merged view","No alias management, no multilingual/master identity, no relationship curation workbench (edges are asserted/retracted through the API without a review UI), no steward case queue with evidence comparison",Realizes chapter 18; PR-18-001,v08.txt:page 165:L10207-L10502,main+test
CAP-UM-04,V8,Appendix A Capability Catalog,165,"Understand and Remember Relationship curation workbench Review typed temporal relationships and supporting evidence Chief Knowledge Officer Provenance, temporal, and steward acceptance",,memory-graph,partial,passed:harness,merged,phase3,P3,"apps/api/src/graph/entities/resolution.service.ts; apps/api/src/graph/graph.controller.ts (/entities/resolve, /resolutions/:id/decide, /entities/:id/split, /entities/identifier-systems/*); apps/web/app/graph/resolutions/page.tsx; apps/api/test/int/phase3-acceptance.test.ts: splits a merged entity without deleting anything; a known-at query BEFORE the split still reproduces the merged view",Edges asserted/retracted via API with provenance; no curation review workbench,Realizes chapter 18; PR-18-001,,main+test
CAP-UM-05,V8,Appendix A Capability Catalog,165,"Understand and Remember Knowledge Graph explorer Query and navigate connected strategic meaning across time Chief Knowledge Officer Path, policy, revision, and projection tests",,memory-graph,partial,passed:harness,merged,phase3,P3,"apps/api/src/graph/graph.controller.ts (/neighbourhood, /path, /edges/*); apps/web/app/graph/explore/page.tsx; apps/api/test/int/phase3-acceptance.test.ts: C5 — edges carry temporal validity and provenance, and as-of has no hindsight; apps/api/test/int/phase3-corrections.test.ts: a four-hop chain is found, and the search is complete","No ontology/taxonomy manager (concepts, constraints, mappings, versions, migration), no curation workflow, no projection watermark on exploration; graph is neighbourhood/path over Postgres edges without a GraphStore adapter for scale",Realizes chapter 19; PR-19-001,v08.txt:page 165:L10228-L10502,main+test
CAP-UM-06,V8,Appendix A Capability Catalog,165,"Understand and Remember Ontology and taxonomy manager Govern concepts, constraints, mappings, versions, and migration Chief Knowledge Officer Compatibility and migration evidence",,memory-graph,missing,unverified,none,phase3,P3,,No ontology/taxonomy manager; ontology_ref is a column only,Realizes chapter 19; PR-19-001,,
CAP-UM-07,V8,Appendix A Capability Catalog,165,"Understand and Remember Enterprise Memory workspace Capture and retrieve permission- aware institutional records Chief Knowledge Officer Retention, correction, and temporal replay",,memory-graph,missing,unverified,none,phase3,P3,,No Enterprise Memory workspace or memory items,Realizes chapter 20; PR-20-001,,
CAP-UM-08,V8,Appendix A Capability Catalog,165,"Understand and Remember Strategic record manager Preserve decisions, rationales, commitments, outcomes, and lessons Chief Knowledge Officer Decision-time reconstruction and audit",,memory-graph,partial,passed:harness,branch-only,phase3,P3,"apps/api/src/graph/strategy/strategy.service.ts (objective, assumption, decision, commitment, outcome); apps/api/migrations/0041_decision_packages.sql; 0042_decision_approvals_and_commitment.sql; apps/api/test/int/phase6-approvals.test.ts: the bounded CMT lands in Phase 3's own graph, as a CMT@v1 object","No Enterprise Memory workspace (institutional records, lessons, permission-aware retrieval with retention and temporal replay); the strategic record is the decision package + commitment + outcome objects and free-text lessons",Realizes chapter 20; PR-20-001 | release_status merged → branch-only from the evidence at 2e83945,v08.txt:page 165:L10261-L10502,branch+main+test
CAP-UM-09,V8,Appendix A Capability Catalog,165,"Understand and Remember Claim and contradiction workbench Compare competing claims, evidence, confidence, and dissent Chief Knowledge Officer Truth-state and source- dependence tests",,intelligence,partial,passed:harness,merged,phase2,P2,"apps/api/migrations/0023_intelligence_extraction_and_claims.sql; apps/api/src/intelligence/review/review.service.ts; apps/web/app/intelligence/claims/page.tsx; apps/api/test/int/phase2-acceptance.test.ts: every claim below the review threshold has a queued case; an abstention is its own outcome, with no claim attached; apps/api/migrations/0006_objects.sql (contradiction_refs, corroboration_refs, confidence, uncertainty)","No claim-vs-claim contradiction workbench, no contest/dissent record on claims (OBJ-13), no calibration display of confidence; contradiction_refs/corroboration_refs are columns without a producing service",Realizes chapter 21; PR-21-001,,main+test
CAP-UM-10,V8,Appendix A Capability Catalog,165,"Understand and Remember Timeline and as-of explorer Reconstruct event, observation, validity, and record time Chief Knowledge Officer Bitemporal and clock-skew fixtures",,memory-graph,partial,passed:harness,branch-only,phase0,P3,"apps/api/migrations/0006_objects.sql (event_time, observation_time, valid_from/valid_to, recorded_at); apps/web/app/observation/evidence/[evdId]/page.tsx (Four times); apps/api/test/acceptance/acceptance.test.ts: as-of (known-at) retrieval shows the pre-correction state — no hindsight; apps/api/test/int/phase5-twins.test.ts: RECORD time / WORLD time",No timeline/as-of explorer across object types (CAP-UM-10); provenance is per-object detail rather than a decision-grade source-to-product trace view; no clock-skew fixtures,Realizes chapter 22; PR-22-001 | release_status merged → branch-only from the evidence at 2e83945,v08.txt:page 165:L10282-L10502,branch+main+test
CAP-UM-11,V8,Appendix A Capability Catalog,165,"Understand and Remember Analyst case and review workspace Coordinate classification, annotation, summary, review, and publication Chief Knowledge Officer Workflow, quality, and separation evidence",,intelligence,partial,passed:harness,merged,phase2,P2,apps/api/src/intelligence/review/review.service.ts; apps/web/app/intelligence/review/page.tsx; apps/api/test/int/phase2-acceptance.test.ts: every claim below the review threshold has a queued case; a claim ABOVE the threshold is admitted without a case,"No classification service, summaries, analyst cases, annotation, publication workflow or analyst/reviewer separation beyond the claim review queue (CAP-UM-11, WS-04)",Realizes chapter 23; PR-23-001,,main+test
CAP-UM-12,V8,Appendix A Capability Catalog,165,"Understand and Remember Correction and impact workspace Propagate withdrawal, correction, rebuild, acknowledgment, and closure Chief Knowledge Officer End-to-end correction and replay proof",,data-platform,partial,passed:harness,branch-only,phase1,P3,"apps/api/src/observation/corrections/corrections.service.ts; apps/api/src/graph/strategy/impact.service.ts (/impact/preview, propagate, awaiting); apps/web/app/observation/corrections/page.tsx; apps/web/app/graph/impact/page.tsx; apps/api/test/int/phase1-acceptance.test.ts: A8 — correction, withdrawal, supersession; apps/api/test/int/phase5-propagation.test.ts: a correction case applied to cited evidence shows on the twin as PROPAGATION PENDING; apps/api/test/int/phase6-replay.test.ts: the world moves after the decision","Propagation is an operator-initiated walk, not continuous; no acknowledgment/closure workflow across consumers; the CorrectionApplied consumer for scheduled sources is deferred (SCHEDULED_COLLECTION.md §4); no projection rebuild of every derivative",Realizes chapter 24; PR-24-001 | release_status merged → branch-only from the evidence at 2e83945,,branch+main+test
AT-01,V8,Appendix F Acceptance Test and Evidence Matrix,178,"Product Authority, Scope, and Decision Rights a complete capability inventory, authority matrix, signed baseline decision record, conflict tests, and release evidence Positive, negative, stale-state, unauthorized-role, cross- tenant, correction, and replay fixtures prove the product and authority contract. A fault exercise proves the declared continuity response when a capability, requirement, ow…",,governance-docs,missing,unverified,none,omission,P7-F,,Capability absent; the acceptance test cannot begin,Chapter 1; PR-01-005/006,v08.txt:page 178:L12238-L12468,
AT-02,V8,Appendix F Acceptance Test and Evidence Matrix,178,"Product Principles and User Value Contract journey tests across all six mission stages, user-value evidence, principle conformance review, and customer authority acceptance Positive, negative, stale-state, unauthorized-role, cross- tenant, correction, and replay fixtures prove the product and authority contract. A fault exercise proves the declared continuity response when a workflow optimizes en…",,executive-os,partial,unverified,branch-only,phase6,P7-B,apps/api/src/decision/monitoring/monitoring.service.ts; apps/api/test/int/phase6-monitoring.test.ts: closure records the lessons as text on the outcomes; apps/api/test/int/phase6-replay.test.ts; PHASE6_REPORT.md §7.1 (Act VI),"Close AT with: the journey evidence named in PR-02-006, positive/negative/stale/unauthorized/cross-tenant/correction/replay fixtures, a fault exercise for the chapter's failure condition, and product owner + independent assurance + customer authority acceptance; today only phase harness/browser/CI e",Chapter 2; PR-02-005/006,v08.txt:page 178:L12262-L12468,branch+test
AT-03,V8,Appendix F Acceptance Test and Evidence Matrix,178,"Customers, Tenants, and Operating Contexts tenant-isolation tests, domain fixtures, jurisdiction and purpose checks, specialization compatibility tests, and customer acceptance Positive, negative, stale-state, unauthorized-role, cross- tenant, correction, and replay fixtures prove the product and authority contract. A fault exercise proves the declared continuity response when tenant, domain, jur…",,identity-policy,partial,unverified,merged,phase0,P7-D,apps/api/src/tenancy/tenancy.service.ts (residency_profile); apps/api/migrations/0002_identity_tenancy.sql (RLS); apps/api/test/int/domain-isolation.test.ts: tenant context cannot COUNT other-tenant rows; e2e/phase0.spec.ts: 4. cross-tenant access denied without metadata leakage,"Close AT with: the journey evidence named in PR-03-006, positive/negative/stale/unauthorized/cross-tenant/correction/replay fixtures, a fault exercise for the chapter's failure condition, and product owner + independent assurance + customer authority acceptance; today only phase harness/browser/CI e",Chapter 3; PR-03-005/006,v08.txt:page 178:L12288-L12468,main+test
AT-04,V8,Appendix F Acceptance Test and Evidence Matrix,178,"Roles, Personas, and Human Authority Model role and separation-of-duty tests, delegated- authority expiry, recusal scenarios, approval digest verification, and accessibility evidence Positive, negative, stale-state, unauthorized-role, cross- tenant, correction, and replay fixtures prove the product and authority contract. A fault exercise proves the declared continuity response when a user is ine…",,identity-policy,partial,unverified,branch-only,phase0,P7-D,apps/api/migrations/0002_identity_tenancy.sql: identity.roles (13 codes); apps/api/src/policy/pdp.service.ts; apps/api/test/int/phase6-approvals.test.ts: the PEP discharges the human gate BEFORE any port; refuses ... self-approval by the author; apps/api/test/int/phase1-acceptance.test.ts: the REGISTRAR MAY NEVER APPROVE their own registration,"Close AT with: the journey evidence named in PR-04-006, positive/negative/stale/unauthorized/cross-tenant/correction/replay fixtures, a fault exercise for the chapter's failure condition, and product owner + independent assurance + customer authority acceptance; today only phase harness/browser/CI e",Chapter 4; PR-04-005/006 | release_status merged → branch-only from the evidence at 2e83945,v08.txt:page 178:L12313-L12468,branch+main+test
AT-05,V8,Appendix F Acceptance Test and Evidence Matrix,178,"Information Architecture and Workspace System cross-workspace journey tests, deep-link and back-stack tests, object identity checks, role- based navigation evidence, and state restoration Positive, negative, stale-state, unauthorized-role, cross- tenant, correction, and replay fixtures prove the product and authority contract. A fault exercise proves the declared continuity response when workspac…",,ux,partial,unverified,merged,phase0,P7-E,apps/web/app/layout.tsx; apps/web/app/observation/evidence/[evdId]/page.tsx (deep link); e2e/phase0.spec.ts; e2e/phase1-observation.spec.ts: 13. a denied view discloses nothing about another domain,"Close AT with: the journey evidence named in PR-05-006, positive/negative/stale/unauthorized/cross-tenant/correction/replay fixtures, a fault exercise for the chapter's failure condition, and product owner + independent assurance + customer authority acceptance; today only phase harness/browser/CI e","Chapter 5; PR-05-005/006 | UNRESOLVED pointer(s) at 2e83945: apps/web/app/{admin,observation,intelligence,graph,prediction,twins,decisions}/layout.tsx",v08.txt:page 178:L12338-L12468,main+test
AT-06,V8,Appendix F Acceptance Test and Evidence Matrix,178,"Product State, Lifecycle, and Work Object Model state-machine fixtures, idempotency and ordering tests, stale-write denial, lifecycle replay, correction propagation, and export/re- import evidence Positive, negative, stale-state, unauthorized-role, cross- tenant, correction, and replay fixtures prove the product and authority contract. A fault exercise proves the declared continuity response when…",,data-platform,partial,unverified,merged,phase0,P3,"apps/api/migrations/0006_objects.sql (lifecycle_state, truth_state, supersedes, correction_of, withdrawal_reason); apps/api/src/objects/objects.controller.ts; apps/api/test/acceptance/acceptance.test.ts: creates, corrects (non-destructive), and version-conflicts correctly; apps/api/test/int/phase1-acceptance.test.ts: a WITHDRAWAL says so in the truth state","Close AT with: the journey evidence named in PR-06-006, positive/negative/stale/unauthorized/cross-tenant/correction/replay fixtures, a fault exercise for the chapter's failure condition, and product owner + independent assurance + customer authority acceptance; today only phase harness/browser/CI e",Chapter 6; PR-06-005/006,v08.txt:page 178:L12364-L12468,main+test
AT-07,V8,Appendix F Acceptance Test and Evidence Matrix,178,"Accessibility, Localization, and Global Readiness WCAG 2.2 AA journey evidence, assistive- technology tests, keyboard and focus tests, bidirectional-language fixtures, translation review, and user acceptance Positive, negative, stale-state, unauthorized-role, cross- tenant, correction, and replay fixtures prove the product and authority contract. A fault exercise proves the declared continuity re…",,ux,partial,unverified,merged,phase0,P7-E,"apps/web/lib/i18n.ts (en, ar; RTL); apps/web/app/globals.css (:focus-visible, prefers-reduced-motion); e2e/phase0.spec.ts: 9. keyboard navigation and basic accessibility; e2e/phase1-observation.spec.ts: 11. keyboard operation, landmarks and labels; 12. state is never carried by colour alone; 14. the shell mirrors under RTL","Close AT with: the journey evidence named in PR-07-006, positive/negative/stale/unauthorized/cross-tenant/correction/replay fixtures, a fault exercise for the chapter's failure condition, and product owner + independent assurance + customer authority acceptance; today only phase harness/browser/CI e",Chapter 7; PR-07-005/006 | UNRESOLVED pointer(s) at 2e83945: 10. light/dark presentation and RTL-layout smoke,v08.txt:page 178:L12390-L12468,main+test
AT-08,V8,Appendix F Acceptance Test and Evidence Matrix,178,"Product System Context and Cross-Volume Conformance bidirectional trace queries, orphan detection, cross-volume conformance review, release closure, runtime evidence, and customer acceptance Positive, negative, stale-state, unauthorized-role, cross- tenant, correction, and replay fixtures prove the product and authority contract. A fault exercise proves the declared continuity response when a pro…",,governance-docs,missing,unverified,none,omission,P7-F,,Capability absent; the acceptance test cannot begin,Chapter 8; PR-08-005/006,v08.txt:page 4:L117-L136:page-mismatch,
AT-09,V8,Appendix F Acceptance Test and Evidence Matrix,178,"Source Registry and Collection Workspace source registration journeys, rights and purpose evidence, approval and revocation tests, coverage validation, and downstream impact review Positive, negative, stale-state, unauthorized-role, cross- tenant, correction, and replay fixtures prove the product and authority contract. A fault exercise proves the declared continuity response when a source lacks…",,observation,partial,unverified,branch-only,phase1,P1,"apps/api/src/observation/observation.controller.ts (/sources/register, approve, transition, rights, evaluate, readiness); apps/api/src/observation/sources/source-contract.ts; apps/api/migrations/0022_observation_registry_and_evidence.sql; 0028_phase4_source_contract_v2.sql; apps/web/app/observation/sources/**; apps/api/test/int/phase1-acceptance.test.ts: A1 — source contract: the full §7 field set and every fail-closed case; e2e/phase1-observation.spec.ts: 1.–3.","Close AT with: the journey evidence named in PR-09-006, positive/negative/stale/unauthorized/cross-tenant/correction/replay fixtures, a fault exercise for the chapter's failure condition, and product owner + independent assurance + customer authority acceptance; today only phase harness/browser/CI e",Chapter 9; PR-09-005/006 | release_status merged → branch-only from the evidence at 2e83945,v08.txt:page 178:L12443-L12468,branch+main+test
AT-10,V8,Appendix F Acceptance Test and Evidence Matrix,179,"Observation Operations and Source Coverage coverage dashboards reconciled to source evidence, blind-spot drills, freshness SLOs, fallback tests, and operator acceptance Positive, negative, stale-state, unauthorized-role, cross- tenant, correction, and replay fixtures prove the product and authority contract. A fault exercise proves the declared continuity response when coverage falls below target…",,observation,partial,unverified,branch-only,phase1,P1,"apps/api/src/observation/coverage/coverage.service.ts; apps/api/src/observation/scheduling/scheduler.service.ts; apps/api/migrations/0038_scheduled_collection.sql; 0040_scheduled_attempt_faults.sql; apps/web/app/observation/page.tsx (Collection status, Source health, Needs attention); apps/api/test/int/phase1-acceptance.test.ts: A6 — coverage, health, and the honesty of unknown; apps/api/test/int/phase6-scheduled-collection.test.ts: RESTART RECOVERY","Close AT with: the journey evidence named in PR-10-006, positive/negative/stale/unauthorized/cross-tenant/correction/replay fixtures, a fault exercise for the chapter's failure condition, and product owner + independent assurance + customer authority acceptance; today only phase harness/browser/CI e",Chapter 10; PR-10-005/006 | release_status merged → branch-only from the evidence at 2e83945,v08.txt:page 179:L12480-L12743,branch+main+test
AT-11,V8,Appendix F Acceptance Test and Evidence Matrix,179,"Search, Discovery, and Research Workspace golden-query relevance tests, permission trimming, temporal replay, citation resolution, omitted-source disclosure, and analyst acceptance Positive, negative, stale-state, unauthorized-role, cross- tenant, correction, and replay fixtures prove the product and authority contract. A fault exercise proves the declared continuity response when retrieval is in…",,observation,partial,unverified,merged,phase3,P3,"apps/api/src/graph/search/search.service.ts; apps/web/app/graph/search/page.tsx; apps/api/test/int/phase3-acceptance.test.ts: C4 — search is permission-aware, and absence is not an oracle; search reads METADATA — it never returns evidence bytes","Close AT with: the journey evidence named in PR-11-006, positive/negative/stale/unauthorized/cross-tenant/correction/replay fixtures, a fault exercise for the chapter's failure condition, and product owner + independent assurance + customer authority acceptance; today only phase harness/browser/CI e",Chapter 11; PR-11-005/006,v08.txt:page 179:L12506-L12743,main+test
AT-12,V8,Appendix F Acceptance Test and Evidence Matrix,179,"Document and Media Intelligence format corpus tests, malware handling, OCR and transcription evaluation, alignment and citation checks, translation review, and accessibility evidence Positive, negative, stale-state, unauthorized-role, cross- tenant, correction, and replay fixtures prove the product and authority contract. A fault exercise proves the declared continuity response when content is ma…",,intelligence,missing,unverified,none,omission,P2,,Capability absent; the acceptance test cannot begin,Chapter 12; PR-12-005/006,,
AT-13,V8,Appendix F Acceptance Test and Evidence Matrix,179,"Live Event, Stream, IoT, and Telemetry Experience burst and latency tests, duplicate and ordering fixtures, device revocation, gap visualization, replay, and operator decision exercises Positive, negative, stale-state, unauthorized-role, cross- tenant, correction, and replay fixtures prove the product and authority contract. A fault exercise proves the declared continuity response when streams ov…",,observation,missing,unverified,none,omission,P1,,Capability absent; the acceptance test cannot begin,Chapter 13; PR-13-005/006,v08.txt:page 179:L12559-L12743,
AT-14,V8,Appendix F Acceptance Test and Evidence Matrix,179,"Enterprise Systems and Internal Data Experience connector certification, least-privilege tests, schema-change handling, transaction and deletion fixtures, reconciliation totals, and customer sign-off Positive, negative, stale-state, unauthorized-role, cross- tenant, correction, and replay fixtures prove the product and authority contract. A fault exercise proves the declared continuity response w…",,observation,missing,unverified,none,omission,P1,,Capability absent; the acceptance test cannot begin,Chapter 14; PR-14-005/006,v08.txt:page 179:L12584-L12743,
AT-15,V8,Appendix F Acceptance Test and Evidence Matrix,179,"Collection Plans, Watchlists, and Priorities plan-to-objective traceability, budget and rights tests, duplicate detection, expiry exercises, coverage outcomes, and sponsor acceptance Positive, negative, stale-state, unauthorized-role, cross- tenant, correction, and replay fixtures prove the product and authority contract. A fault exercise proves the declared continuity response when a plan become…",,observation,missing,unverified,none,omission,P1,,Capability absent; the acceptance test cannot begin,Chapter 15; PR-15-005/006,v08.txt:page 179:L12610-L12743,
AT-16,V8,Appendix F Acceptance Test and Evidence Matrix,179,"Intake Validation, Quarantine, and Evidence Review positive and adversarial intake fixtures, quarantine escape tests, reviewer separation of duty, custody verification, and downstream non-use evidence Positive, negative, stale-state, unauthorized-role, cross- tenant, correction, and replay fixtures prove the product and authority contract. A fault exercise proves the declared continuity response…",,observation,partial,unverified,merged,phase1,P1,apps/api/src/observation/quarantine/quarantine.service.ts; apps/api/src/observation/acquisition/lifecycle.service.ts; apps/web/app/observation/quarantine/page.tsx; apps/api/test/int/phase1-acceptance.test.ts: QUARANTINE AND EVIDENCE ARE SEPARATE VOLUMES; e2e/phase1-observation.spec.ts: 4. collection admits evidence and quarantines the drifted row; 8. quarantine shows the refusal and requires a reason and a second operator,"Close AT with: the journey evidence named in PR-16-006, positive/negative/stale/unauthorized/cross-tenant/correction/replay fixtures, a fault exercise for the chapter's failure condition, and product owner + independent assurance + customer authority acceptance; today only phase harness/browser/CI e",Chapter 16; PR-16-005/006,v08.txt:page 179:L12636-L12743,main+test
AT-17,V8,Appendix F Acceptance Test and Evidence Matrix,179,"Intelligence Object and Evidence Experience object-profile fixtures, version and temporal replay, provenance resolution, truth-state rendering, correction tests, and user comprehension evidence Positive, negative, stale-state, unauthorized-role, cross- tenant, correction, and replay fixtures prove the product and authority contract. A fault exercise proves the declared continuity response when an…",,intelligence,partial,unverified,merged,phase2,P2,"apps/web/app/observation/evidence/[evdId]/page.tsx (Four times, authenticity, custody, original bytes, history); apps/web/app/intelligence/claims/page.tsx (lineage); apps/web/components/ui.tsx (TruthBadge); apps/api/test/int/phase2-acceptance.test.ts: the run produced claims, and every one resolves back to the evidence bytes; e2e/phase1-observation.spec.ts: 7. evidence custody, the four times, and a safe attachment-only download","Close AT with: the journey evidence named in PR-17-006, positive/negative/stale/unauthorized/cross-tenant/correction/replay fixtures, a fault exercise for the chapter's failure condition, and product owner + independent assurance + customer authority acceptance; today only phase harness/browser/CI e",Chapter 17; PR-17-005/006,v08.txt:page 179:L12664-L12743,main+test
AT-18,V8,Appendix F Acceptance Test and Evidence Matrix,179,"Entity, Identity, and Relationship Workbench golden identity corpus, cross-tenant negative tests, merge/split replay, relationship provenance, steward review, and impact reconciliation Positive, negative, stale-state, unauthorized-role, cross- tenant, correction, and replay fixtures prove the product and authority contract. A fault exercise proves the declared continuity response when identity is…",,memory-graph,partial,unverified,merged,phase3,P3,"apps/api/src/graph/entities/resolution.service.ts; apps/api/src/graph/graph.controller.ts (/entities/resolve, /resolutions/:id/decide, /entities/:id/split, /entities/identifier-systems/*); apps/web/app/graph/resolutions/page.tsx; apps/api/test/int/phase3-acceptance.test.ts: splits a merged entity without deleting anything; a known-at query BEFORE the split still reproduces the merged view","Close AT with: the journey evidence named in PR-18-006, positive/negative/stale/unauthorized/cross-tenant/correction/replay fixtures, a fault exercise for the chapter's failure condition, and product owner + independent assurance + customer authority acceptance; today only phase harness/browser/CI e",Chapter 18; PR-18-005/006,v08.txt:page 179:L12690-L12743,main+test
AT-19,V8,Appendix F Acceptance Test and Evidence Matrix,179,"Knowledge Graph Exploration and Curation path and temporal query fixtures, policy trimming, provenance closure, ontology migration, projection rebuild, and analyst comprehension tests Positive, negative, stale-state, unauthorized-role, cross- tenant, correction, and replay fixtures prove the product and authority contract. A fault exercise proves the declared continuity response when a path is st…",,memory-graph,partial,unverified,merged,phase3,P3,"apps/api/src/graph/graph.controller.ts (/neighbourhood, /path, /edges/*); apps/web/app/graph/explore/page.tsx; apps/api/test/int/phase3-acceptance.test.ts: C5 — edges carry temporal validity and provenance, and as-of has no hindsight; apps/api/test/int/phase3-corrections.test.ts: a four-hop chain is found, and the search is complete","Close AT with: the journey evidence named in PR-19-006, positive/negative/stale/unauthorized/cross-tenant/correction/replay fixtures, a fault exercise for the chapter's failure condition, and product owner + independent assurance + customer authority acceptance; today only phase harness/browser/CI e",Chapter 19; PR-19-005/006,v08.txt:page 179:L12717-L12743,main+test
AT-20,V8,Appendix F Acceptance Test and Evidence Matrix,180,"Enterprise Memory and Strategic Record memory retrieval and temporal replay, permission inheritance, contradiction handling, retention and deletion tests, and records- authority acceptance Positive, negative, stale-state, unauthorized-role, cross- tenant, correction, and replay fixtures prove the product and authority contract. A fault exercise proves the declared continuity response when memory…",,memory-graph,partial,unverified,branch-only,phase3,P3,"apps/api/src/graph/strategy/strategy.service.ts (objective, assumption, decision, commitment, outcome); apps/api/migrations/0041_decision_packages.sql; 0042_decision_approvals_and_commitment.sql; apps/api/test/int/phase6-approvals.test.ts: the bounded CMT lands in Phase 3's own graph, as a CMT@v1 object","Close AT with: the journey evidence named in PR-20-006, positive/negative/stale/unauthorized/cross-tenant/correction/replay fixtures, a fault exercise for the chapter's failure condition, and product owner + independent assurance + customer authority acceptance; today only phase harness/browser/CI e",Chapter 20; PR-20-005/006 | release_status merged → branch-only from the evidence at 2e83945,,branch+main+test
AT-21,V8,Appendix F Acceptance Test and Evidence Matrix,180,"Claims, Contradictions, Confidence, and Uncertainty truth-state fixtures, contradiction and source- dependence tests, calibration evidence, dissent preservation, correction replay, and user comprehension Positive, negative, stale-state, unauthorized-role, cross- tenant, correction, and replay fixtures prove the product and authority contract. A fault exercise proves the declared continuity respon…",,intelligence,partial,unverified,merged,phase2,P2,"apps/api/migrations/0023_intelligence_extraction_and_claims.sql; apps/api/src/intelligence/review/review.service.ts; apps/web/app/intelligence/claims/page.tsx; apps/api/test/int/phase2-acceptance.test.ts: every claim below the review threshold has a queued case; an abstention is its own outcome, with no claim attached; apps/api/migrations/0006_objects.sql (contradiction_refs, corroboration_refs, confidence, uncertainty)","Close AT with: the journey evidence named in PR-21-006, positive/negative/stale/unauthorized/cross-tenant/correction/replay fixtures, a fault exercise for the chapter's failure condition, and product owner + independent assurance + customer authority acceptance; today only phase harness/browser/CI e",Chapter 21; PR-21-005/006,v08.txt:page 180:L12781-L13012,main+test
AT-22,V8,Appendix F Acceptance Test and Evidence Matrix,180,"Timelines, Provenance, and Decision-Grade Traceability bitemporal replay, citation and digest resolution, lineage closure, clock-skew fixtures, decision snapshot reconstruction, and audit acceptance Positive, negative, stale-state, unauthorized-role, cross- tenant, correction, and replay fixtures prove the product and authority contract. A fault exercise proves the declared continuity response wh…",,memory-graph,partial,unverified,branch-only,phase0,P3,"apps/api/migrations/0006_objects.sql (event_time, observation_time, valid_from/valid_to, recorded_at); apps/web/app/observation/evidence/[evdId]/page.tsx (Four times); apps/api/test/acceptance/acceptance.test.ts: as-of (known-at) retrieval shows the pre-correction state — no hindsight; apps/api/test/int/phase5-twins.test.ts: RECORD time / WORLD time","Close AT with: the journey evidence named in PR-22-006, positive/negative/stale/unauthorized/cross-tenant/correction/replay fixtures, a fault exercise for the chapter's failure condition, and product owner + independent assurance + customer authority acceptance; today only phase harness/browser/CI e",Chapter 22; PR-22-005/006 | release_status merged → branch-only from the evidence at 2e83945,v08.txt:page 180:L12808-L13012,branch+main+test
AT-23,V8,Appendix F Acceptance Test and Evidence Matrix,180,"Classification, Summaries, and Analyst Workflows golden classification and summarization sets, omission and hallucination tests, workflow recovery, reviewer separation, and analyst acceptance Positive, negative, stale-state, unauthorized-role, cross- tenant, correction, and replay fixtures prove the product and authority contract. A fault exercise proves the declared continuity response when clas…",,intelligence,partial,unverified,merged,phase2,P2,apps/api/src/intelligence/review/review.service.ts; apps/web/app/intelligence/review/page.tsx; apps/api/test/int/phase2-acceptance.test.ts: every claim below the review threshold has a queued case; a claim ABOVE the threshold is admitted without a case,"Close AT with: the journey evidence named in PR-23-006, positive/negative/stale/unauthorized/cross-tenant/correction/replay fixtures, a fault exercise for the chapter's failure condition, and product owner + independent assurance + customer authority acceptance; today only phase harness/browser/CI e",Chapter 23; PR-23-005/006,v08.txt:page 180:L12834-L13012,main+test
AT-24,V8,Appendix F Acceptance Test and Evidence Matrix,180,"Corrections, Withdrawals, Reconciliation, and Replay end-to-end correction fixtures, impact analysis, projection rebuild, consumer acknowledgment, Decision Replay, and governance closure Positive, negative, stale-state, unauthorized-role, cross- tenant, correction, and replay fixtures prove the product and authority contract. A fault exercise proves the declared continuity response when a target…",,data-platform,partial,unverified,branch-only,phase1,P3,"apps/api/src/observation/corrections/corrections.service.ts; apps/api/src/graph/strategy/impact.service.ts (/impact/preview, propagate, awaiting); apps/web/app/observation/corrections/page.tsx; apps/web/app/graph/impact/page.tsx; apps/api/test/int/phase1-acceptance.test.ts: A8 — correction, withdrawal, supersession; apps/api/test/int/phase5-propagation.test.ts: a correction case applied to cited evidence shows on the twin as PROPAGATION PENDING; apps/api/test/int/phase6-replay.test.ts: the world moves after the decision","Close AT with: the journey evidence named in PR-24-006, positive/negative/stale/unauthorized/cross-tenant/correction/replay fixtures, a fault exercise for the chapter's failure condition, and product owner + independent assurance + customer authority acceptance; today only phase harness/browser/CI e",Chapter 24; PR-24-005/006 | release_status merged → branch-only from the evidence at 2e83945,v08.txt:page 180:L12861-L13012,branch+main+test
AT-25,V8,Appendix F Acceptance Test and Evidence Matrix,180,"Weak Signal Detection seeded-signal and null tests, source- independence checks, drift controls, analyst disposition evidence, false-positive analysis, and replay Positive, negative, stale-state, unauthorized-role, cross- tenant, correction, and replay fixtures prove the product and authority contract. A fault exercise proves the declared continuity response when signals are driven by source arti…",,prediction,missing,unverified,none,omission,P4,,Capability absent; the acceptance test cannot begin,Chapter 25; PR-25-005/006,v08.txt:page 180:L12887-L13012,
AT-26,V8,Appendix F Acceptance Test and Evidence Matrix,180,"Early Warning System trigger and latency tests, escalation drills, delivery receipts, suppression controls, false- positive and missed-event analysis, and owner acceptance Positive, negative, stale-state, unauthorized-role, cross- tenant, correction, and replay fixtures prove the product and authority contract. A fault exercise proves the declared continuity response when a trigger is late, noisy…",,prediction,partial,unverified,branch-only,phase4,P4,"apps/api/src/prediction/prediction.controller.ts (/warnings/*, /indicators/*); apps/api/migrations/0029_prediction_forecasts_scenarios_warnings_outcomes.sql (warnings_current: consequence, confidence, response_window, routed_to); apps/web/app/prediction/warnings/page.tsx; apps/api/test/int/phase4-acceptance.test.ts: D5/D6 · an indicator breach FLIPS the branch with a receipt and raises a warning to a named owner; D6 · a warning nobody acknowledged before its window closed is recorded as EXPIRED; e2e/phase4-prediction.demo.spec.ts: ACTION/STATE cases","Close AT with: the journey evidence named in PR-26-006, positive/negative/stale/unauthorized/cross-tenant/correction/replay fixtures, a fault exercise for the chapter's failure condition, and product owner + independent assurance + customer authority acceptance; today only phase harness/browser/CI e",Chapter 26; PR-26-005/006 | release_status merged → branch-only from the evidence at 2e83945,v08.txt:page 180:L12912-L13012,branch+test
AT-27,V8,Appendix F Acceptance Test and Evidence Matrix,180,"Risk Intelligence risk taxonomy fixtures, aggregation and dependency tests, appetite breach workflow, calibration, mitigation tracking, and risk-owner acceptance Positive, negative, stale-state, unauthorized-role, cross- tenant, correction, and replay fixtures prove the product and authority contract. A fault exercise proves the declared continuity response when risk is unowned, double- counted,…",,prediction,missing,unverified,none,omission,P4,,Capability absent; the acceptance test cannot begin,Chapter 27; PR-27-005/006,v08.txt:page 180:L12937-L13012,
AT-28,V8,Appendix F Acceptance Test and Evidence Matrix,180,"Opportunity Intelligence opportunity discovery tests, objective and capability linkage, option comparison, evidence challenge, sponsor workflow, and outcome attribution Positive, negative, stale-state, unauthorized-role, cross- tenant, correction, and replay fixtures prove the product and authority contract. A fault exercise proves the declared continuity response when an opportunity is duplicati…",,prediction,missing,unverified,none,omission,P4,,Capability absent; the acceptance test cannot begin,Chapter 28; PR-28-005/006,v08.txt:page 180:L12962-L13012,
AT-29,V8,Appendix F Acceptance Test and Evidence Matrix,180,"Competitor Intelligence entity-resolution corpus, source-diversity tests, comparable-basis controls, temporal replay, analyst challenge, and decision-use evidence Positive, negative, stale-state, unauthorized-role, cross- tenant, correction, and replay fixtures prove the product and authority contract. A fault exercise proves the declared continuity response when identity is mistaken, sources are…",,prediction,missing,unverified,none,omission,P4,,Capability absent; the acceptance test cannot begin,Chapter 29; PR-29-005/006,v08.txt:page 180:L12988-L13012,
AT-30,V8,Appendix F Acceptance Test and Evidence Matrix,181,"Supply Chain Intelligence network and identity fixtures, tier-coverage measures, disruption replay, alternative feasibility checks, source reconciliation, and operator acceptance Positive, negative, stale-state, unauthorized-role, cross- tenant, correction, and replay fixtures prove the product and authority contract. A fault exercise proves the declared continuity response when network coverage…",,prediction,partial,unverified,branch-only,phase5,P4,apps/api/src/twin/models/supply-flow.ts; apps/api/migrations/0032_twin_registry.sql ('supply-chain' kind); apps/api/test/unit/phase5-supply-flow.test.ts; e2e/phase4-prediction.demo.spec.ts: TWINS: the NORDWERK twin shows its synthetic world,"Close AT with: the journey evidence named in PR-30-006, positive/negative/stale/unauthorized/cross-tenant/correction/replay fixtures, a fault exercise for the chapter's failure condition, and product owner + independent assurance + customer authority acceptance; today only phase harness/browser/CI e",Chapter 30; PR-30-005/006 | release_status merged → branch-only from the evidence at 2e83945,v08.txt:page 181:L13024-L13270,branch+test
AT-31,V8,Appendix F Acceptance Test and Evidence Matrix,181,"Geopolitical, Technology, Cyber, and Financial Intelligence domain conformance suites, ontology and contract compatibility, source and model approval, cross-domain journey tests, and authority acceptance Positive, negative, stale-state, unauthorized-role, cross- tenant, correction, and replay fixtures prove the product and authority contract. A fault exercise proves the declared continuity respon…",,prediction,missing,unverified,none,omission,P4,,Capability absent; the acceptance test cannot begin,Chapter 31; PR-31-005/006,v08.txt:page 181:L13051-L13270,
AT-32,V8,Appendix F Acceptance Test and Evidence Matrix,181,"Forecasting and Prediction Horizons backtests by horizon, leakage controls, calibration and sharpness, model comparison, assumption sensitivity, outcome scoring, and forecaster acceptance Positive, negative, stale-state, unauthorized-role, cross- tenant, correction, and replay fixtures prove the product and authority contract. A fault exercise proves the declared continuity response when a horizo…",,prediction,partial,unverified,branch-only,phase4,P4,"apps/api/src/prediction/forecasting/forecasting.service.ts (30d/90d/180d/1y/3y/5y); apps/api/src/prediction/models/models.ts (seasonal naive, Holt-Winters, pinball); apps/web/app/prediction/forecasts/page.tsx; apps/web/app/prediction/calibration/page.tsx; apps/api/test/int/phase4-acceptance.test.ts: D1 · a forecast names distribution, horizon, drivers, assumptions and evidence — or is refused; D4 · an outcome is scored from the observation known at the target; e2e/phase4-prediction.demo.spec.ts: the calibration screen labels every backtest with its knowledge mode","Close AT with: the journey evidence named in PR-32-006, positive/negative/stale/unauthorized/cross-tenant/correction/replay fixtures, a fault exercise for the chapter's failure condition, and product owner + independent assurance + customer authority acceptance; today only phase harness/browser/CI e",Chapter 32; PR-32-005/006 | UNRESOLVED pointer(s) at 2e83945: D3/D4 · a backtest scores the learned model AGAINST seasonal naive | release_status merged → branch-only from the evidence at 2e83945,,branch+test
AT-33,V8,Appendix F Acceptance Test and Evidence Matrix,181,"Scenario Intelligence Workspace plurality and distinctness tests, assumption consistency, evidence traceability, facilitated challenge, temporal replay, and sponsor acceptance Positive, negative, stale-state, unauthorized-role, cross- tenant, correction, and replay fixtures prove the product and authority contract. A fault exercise proves the declared continuity response when scenarios collapse t…",,prediction,partial,unverified,branch-only,phase4,P4,"apps/api/src/prediction/scenarios/scenarios.service.ts; apps/api/migrations/0029 (scenarios_current, branches_current); 0037_branch_flip_under_both_clocks.sql; apps/web/app/prediction/scenarios/page.tsx; apps/api/test/int/phase4-acceptance.test.ts: D5/D6 · an indicator breach FLIPS the branch; e2e/phase4-prediction.demo.spec.ts: the scenario tree shows the flipped branch with its decision deadline","Close AT with: the journey evidence named in PR-33-006, positive/negative/stale/unauthorized/cross-tenant/correction/replay fixtures, a fault exercise for the chapter's failure condition, and product owner + independent assurance + customer authority acceptance; today only phase harness/browser/CI e",Chapter 33; PR-33-005/006 | release_status merged → branch-only from the evidence at 2e83945,,branch+test
AT-34,V8,Appendix F Acceptance Test and Evidence Matrix,181,"Scenario Marketplace publisher verification, signature and supply- chain tests, compatibility fixtures, sandbox evaluation, entitlement enforcement, and customer approval Positive, negative, stale-state, unauthorized-role, cross- tenant, correction, and replay fixtures prove the product and authority contract. A fault exercise proves the declared continuity response when a package is unsigned, in…",,marketplace,missing,unverified,none,omission,P7-C,,Capability absent; the acceptance test cannot begin,Chapter 34; PR-34-005/006,v08.txt:page 181:L13134-L13270,
AT-35,V8,Appendix F Acceptance Test and Evidence Matrix,181,"Simulation Design and Run Control reproducibility, seed and sensitivity tests, model validation, resource-boundary tests, checkpoint recovery, and specialist acceptance Positive, negative, stale-state, unauthorized-role, cross- tenant, correction, and replay fixtures prove the product and authority contract. A fault exercise proves the declared continuity response when inputs are incompatible, co…",,twin-simulation,partial,unverified,branch-only,phase5,P5,"apps/api/src/twin/simulations/simulation.service.ts; apps/api/src/twin/simulations/reproduce-worker.ts; apps/api/migrations/0033_simulation_runs.sql; 0036_run_input_availability_and_scenario_as_of.sql; apps/web/app/twins/simulations/page.tsx; apps/api/test/int/phase5-simulations.test.ts: a CONTROL run completes: outputs bound, digests recorded, the SIM object SYNTHETIC; a COLD process re-executes the stored contract; e2e/phase4-prediction.demo.spec.ts: SIMULATIONS","Close AT with: the journey evidence named in PR-35-006, positive/negative/stale/unauthorized/cross-tenant/correction/replay fixtures, a fault exercise for the chapter's failure condition, and product owner + independent assurance + customer authority acceptance; today only phase harness/browser/CI e",Chapter 35; PR-35-005/006 | release_status merged → branch-only from the evidence at 2e83945,,branch+test
AT-36,V8,Appendix F Acceptance Test and Evidence Matrix,181,"Digital Twin Portfolio and State state synchronization, branch isolation, time travel, model validation, drift monitoring, replay, and owner acceptance Positive, negative, stale-state, unauthorized-role, cross- tenant, correction, and replay fixtures prove the product and authority contract. A fault exercise proves the declared continuity response when a twin drifts, loses synchronization, mixes…",,twin-simulation,partial,unverified,branch-only,phase5,P5,apps/api/src/twin/twins/twin.service.ts; apps/api/migrations/0032_twin_registry.sql; 0034_twin_propagation_and_reconciliation.sql; 0035_twin_cutoffs_scenario_binding_reconciliation.sql; apps/web/app/twins/page.tsx; apps/api/test/int/phase5-twins.test.ts: an ALTERNATIVE branch forked from v1 coexists with the actual branch; E2 · synthetic state folds UPWARD; apps/api/test/int/phase5-propagation.test.ts: a simulated element citing a run is reconciled against a later observation,"Close AT with: the journey evidence named in PR-36-006, positive/negative/stale/unauthorized/cross-tenant/correction/replay fixtures, a fault exercise for the chapter's failure condition, and product owner + independent assurance + customer authority acceptance; today only phase harness/browser/CI e",Chapter 36; PR-36-005/006 | release_status merged → branch-only from the evidence at 2e83945,,branch+test
AT-37,V8,Appendix F Acceptance Test and Evidence Matrix,181,"Strategy Graph and Objective-Capability Alignment graph integrity and temporal tests, objective- to-capability coverage, metric validation, conflict and dependency analysis, and executive acceptance Positive, negative, stale-state, unauthorized-role, cross- tenant, correction, and replay fixtures prove the product and authority contract. A fault exercise proves the declared continuity response wh…",,decision,partial,unverified,merged,phase3,P6,apps/api/src/graph/strategy/strategy.service.ts; apps/api/src/graph/strategy/impact.service.ts; apps/web/app/graph/strategy/page.tsx; apps/api/test/int/phase3-acceptance.test.ts: C6 — invalidating an assumption surfaces what rested on it; propagation marks every dependent assumption UNVERIFIED,"Close AT with: the journey evidence named in PR-37-006, positive/negative/stale/unauthorized/cross-tenant/correction/replay fixtures, a fault exercise for the chapter's failure condition, and product owner + independent assurance + customer authority acceptance; today only phase harness/browser/CI e",Chapter 37; PR-37-005/006,v08.txt:page 5:L158-L168:page-mismatch,main+test
AT-38,V8,Appendix F Acceptance Test and Evidence Matrix,181,"Decision Intelligence and Recommendation Review decision-completeness fixtures, evidence and citation checks, alternative and dissent tests, recommendation evaluation, accessibility, and authority acceptance Positive, negative, stale-state, unauthorized-role, cross- tenant, correction, and replay fixtures prove the product and authority contract. A fault exercise proves the declared continuity re…",,decision,partial,unverified,branch-only,phase6,P6,"apps/api/src/decision/packages/package.service.ts; apps/api/migrations/0041_decision_packages.sql; 0048_phase6_review_corrections.sql; apps/web/app/decisions/page.tsx; apps/api/test/int/phase6-decisions.test.ts: an option on a completed run binds version and digest, is SIMULATED, and carries uncertainty; one common baseline; the decision agent holds exactly ONE write; e2e/phase6-decisions.demo.spec.ts: DECISIONS","Close AT with: the journey evidence named in PR-38-006, positive/negative/stale/unauthorized/cross-tenant/correction/replay fixtures, a fault exercise for the chapter's failure condition, and product owner + independent assurance + customer authority acceptance; today only phase harness/browser/CI e",Chapter 38; PR-38-005/006,v08.txt:page 181:L13242-L13270,branch+test
AT-39,V8,Appendix F Acceptance Test and Evidence Matrix,182,"Human Approval, Commitment, and Decision Record authority and separation tests, digest binding, signature verification, approval replay, partial- commitment recovery, and audit acceptance Positive, negative, stale-state, unauthorized-role, cross- tenant, correction, and replay fixtures prove the product and authority contract. A fault exercise proves the declared continuity response when authorit…",,decision,partial,unverified,branch-only,phase6,P6,"apps/api/src/decision/approvals/approval.service.ts; apps/api/migrations/0042_decision_approvals_and_commitment.sql; apps/api/test/int/phase6-approvals.test.ts: a named approver approves: APR admitted, the version and package approved at quorum; the ROUTE pins C3 ... two authorities commit concurrently and exactly one; after commitment nothing reopens; role-at-scope with a quorum of two DISTINCT humans; e2e/phase6-decisions.demo.spec.ts: DECISIONS ... approvals and the C3 commitment","Close AT with: the journey evidence named in PR-39-006, positive/negative/stale/unauthorized/cross-tenant/correction/replay fixtures, a fault exercise for the chapter's failure condition, and product owner + independent assurance + customer authority acceptance; today only phase harness/browser/CI e",Chapter 39; PR-39-005/006,v08.txt:page 182:L13283-L13548,branch+test
AT-40,V8,Appendix F Acceptance Test and Evidence Matrix,182,"Decision Replay, Outcome Attribution, and Learning historical reconstruction, version pinning, outcome linkage, confounding and attribution tests, governed-change workflow, and auditor acceptance Positive, negative, stale-state, unauthorized-role, cross- tenant, correction, and replay fixtures prove the product and authority contract. A fault exercise proves the declared continuity response when…",,decision,partial,unverified,branch-only,phase6,P7-B,apps/api/src/decision/replay/replay.service.ts; apps/api/migrations/0043_decision_replay.sql; 0045_decision_monitoring_and_outcomes.sql; 0047_replay_prior_dissent.sql; apps/api/test/int/phase6-replay.test.ts: known / believed / tested hold only what was recorded under the cut-offs; an earlier as_of excludes what came after it; apps/api/test/int/phase6-monitoring.test.ts: the OUT: refused without the reconciliation; closure records the lessons as text; e2e/phase6-decisions.demo.spec.ts: REPLAY,"Close AT with: the journey evidence named in PR-40-006, positive/negative/stale/unauthorized/cross-tenant/correction/replay fixtures, a fault exercise for the chapter's failure condition, and product owner + independent assurance + customer authority acceptance; today only phase harness/browser/CI e",Chapter 40; PR-40-005/006,v08.txt:page 182:L13310-L13548,branch+test
AT-41,V8,Appendix F Acceptance Test and Evidence Matrix,182,"Executive Operating System executive cadence journeys, strategic-loop closure, authority and delegation tests, stale- state handling, accessibility, and executive acceptance Positive, negative, stale-state, unauthorized-role, cross- tenant, correction, and replay fixtures prove the product and authority contract. A fault exercise proves the declared continuity response when executive state is inc…",,executive-os,partial,unverified,branch-only,phase6,P6,"apps/web/app/decisions/page.tsx; apps/web/app/decisions/briefings/page.tsx; apps/api/src/executive/rooms/room.service.ts; apps/api/migrations/0044_executive_rooms_and_briefings.sql (review_every_days, next_review_at); apps/api/test/int/phase6-briefings.test.ts: a room is opened by the package owner only; review overdue is a fact of the clock; e2e/phase6-decisions.demo.spec.ts: BRIEFINGS","Close AT with: the journey evidence named in PR-41-006, positive/negative/stale/unauthorized/cross-tenant/correction/replay fixtures, a fault exercise for the chapter's failure condition, and product owner + independent assurance + customer authority acceptance; today only phase harness/browser/CI e",Chapter 41; PR-41-005/006,v08.txt:page 182:L13338-L13548,branch+test
AT-42,V8,Appendix F Acceptance Test and Evidence Matrix,182,"Strategic Briefings and Command Views briefing generation and citation tests, cutoff replay, audience and classification controls, approval digest, delivery receipts, correction drills, and recipient comprehension Positive, negative, stale-state, unauthorized-role, cross- tenant, correction, and replay fixtures prove the product and authority contract. A fault exercise proves the declared continu…",,executive-os,partial,unverified,branch-only,phase6,P6,"apps/api/src/executive/briefings/briefing.service.ts (what changed / why it matters / who owns it / which window is closing; content digest; known_at); apps/api/migrations/0044_executive_rooms_and_briefings.sql; apps/api/test/int/phase6-briefings.test.ts: composed from stored records under the reader's known_at; recomposition under the same watermark and known_at yields the same content digest; the narrative is optional, labelled, cites only included items; e2e/phase6-decisions.demo.spec.ts: BRIEFINGS","Close AT with: the journey evidence named in PR-42-006, positive/negative/stale/unauthorized/cross-tenant/correction/replay fixtures, a fault exercise for the chapter's failure condition, and product owner + independent assurance + customer authority acceptance; today only phase harness/browser/CI e",Chapter 42; PR-42-005/006,,branch+test
AT-43,V8,Appendix F Acceptance Test and Evidence Matrix,182,"Strategic Health Score formula and lineage tests, sensitivity and missing-data analysis, anti-gaming review, temporal replay, decomposition accessibility, and executive acceptance Positive, negative, stale-state, unauthorized-role, cross- tenant, correction, and replay fixtures prove the product and authority contract. A fault exercise proves the declared continuity response when inputs are stale…",,executive-os,missing,unverified,none,omission,P6,,Capability absent; the acceptance test cannot begin,Chapter 43; PR-43-005/006,v08.txt:page 182:L13390-L13548,
AT-44,V8,Appendix F Acceptance Test and Evidence Matrix,182,"Proactive Intelligence and Priority Queue precision and recall by class, ranking fairness and stability, overload drills, escalation latency, suppression audits, and user acceptance Positive, negative, stale-state, unauthorized-role, cross- tenant, correction, and replay fixtures prove the product and authority contract. A fault exercise proves the declared continuity response when the queue beco…",,executive-os,partial,unverified,branch-only,phase6,P6,apps/api/src/executive/briefings/briefing.service.ts (windows ordered by time left); apps/api/src/executive/agents/agent-worker.service.ts (cadence-driven briefing job); apps/api/test/int/phase6-agents.test.ts: the planner: the room's cadence becomes a briefing job on its own queue; apps/api/test/int/phase6-monitoring.test.ts: a review falling due without a review event is recorded as overdue once,"Close AT with: the journey evidence named in PR-44-006, positive/negative/stale/unauthorized/cross-tenant/correction/replay fixtures, a fault exercise for the chapter's failure condition, and product owner + independent assurance + customer authority acceptance; today only phase harness/browser/CI e",Chapter 44; PR-44-005/006,v08.txt:page 182:L13416-L13548,branch+test
AT-45,V8,Appendix F Acceptance Test and Evidence Matrix,182,"Strategic Planning and Initiative Governance objective alignment, dependency and budget tests, approval workflow, baseline/change replay, forecast variance, and sponsor acceptance Positive, negative, stale-state, unauthorized-role, cross- tenant, correction, and replay fixtures prove the product and authority contract. A fault exercise proves the declared continuity response when a plan loses obj…",,executive-os,missing,unverified,none,omission,P6,,Capability absent; the acceptance test cannot begin,Chapter 45; PR-45-005/006,v08.txt:page 182:L13441-L13548,
AT-46,V8,Appendix F Acceptance Test and Evidence Matrix,182,"Collaboration, Tasks, and Workflow Orchestration role and external-sharing tests, workflow crash recovery, duplicate-task handling, handoff context, approval gating, and collaboration accessibility Positive, negative, stale-state, unauthorized-role, cross- tenant, correction, and replay fixtures prove the product and authority contract. A fault exercise proves the declared continuity response whe…",,executive-os,partial,unverified,branch-only,phase6,P6,apps/api/src/executive/executive.controller.ts (/workflow/:packageId; apps/api/test/int/phase6-agents.test.ts: the workflow contract reads every step of a decision from its governed events; apps/api/migrations/0038_scheduled_collection.sql (BullMQ durable jobs),"Close AT with: the journey evidence named in PR-46-006, positive/negative/stale/unauthorized/cross-tenant/correction/replay fixtures, a fault exercise for the chapter's failure condition, and product owner + independent assurance + customer authority acceptance; today only phase harness/browser/CI e",Chapter 46; PR-46-005/006 | UNRESOLVED pointer(s) at 2e83945: /rooms/:roomId/membership),v08.txt:page 182:L13468-L13548,branch+test
AT-47,V8,Appendix F Acceptance Test and Evidence Matrix,182,"Reporting, Publishing, and Distribution source-to-publication lineage, multi-format visual QA, classification and audience tests, accessibility, receipt tracking, correction and withdrawal drills Positive, negative, stale-state, unauthorized-role, cross- tenant, correction, and replay fixtures prove the product and authority contract. A fault exercise proves the declared continuity response when…",,executive-os,partial,unverified,branch-only,phase6,P6,apps/api/src/executive/executive.controller.ts (/reports/:packageId/render); apps/api/test/int/phase6-agents.test.ts: renders a report marked agent-produced with SYNTHETIC marks and truth states; refuses a confidential ...,"Close AT with: the journey evidence named in PR-47-006, positive/negative/stale/unauthorized/cross-tenant/correction/replay fixtures, a fault exercise for the chapter's failure condition, and product owner + independent assurance + customer authority acceptance; today only phase harness/browser/CI e",Chapter 47; PR-47-005/006,v08.txt:page 6:L175-L200:page-mismatch,branch+test
AT-48,V8,Appendix F Acceptance Test and Evidence Matrix,182,"Mobile, Field, Offline, and Disconnected Operation network-loss journeys, local encryption and expiry, conflict fixtures, queued-command idempotency, remote revocation, resynchronization, and field acceptance Positive, negative, stale-state, unauthorized-role, cross- tenant, correction, and replay fixtures prove the product and authority contract. A fault exercise proves the declared continuity r…",,ux,missing,unverified,none,omission,P7-E,,Capability absent; the acceptance test cannot begin,Chapter 48; PR-48-005/006,v08.txt:page 182:L13522-L13548,
AT-49,V8,Appendix F Acceptance Test and Evidence Matrix,183,"Agent Operating Model and Marketplace package signature and provenance, sandbox tests, permission minimization, evaluation thresholds, lifecycle and rollback drills, and governor acceptance Positive, negative, stale-state, unauthorized-role, cross- tenant, correction, and replay fixtures prove the product and authority contract. A fault exercise proves the declared continuity response when an age…",,agents,partial,unverified,branch-only,phase7,P7-C,"apps/api/src/executive/agents/agents.service.ts (budgets max_reads/max_gateway_calls/max_elapsed_ms; SUPPORTED_STOP_CONDITIONS; escalation principal); apps/api/migrations/0046_executive_agents_and_runs.sql; apps/api/src/executive/executive.controller.ts (/agents/decision/register, revoke, list, run, schedule); apps/api/test/int/phase6-agents.test.ts: registration is the tenant administrator's; a budget of three reads: the run stops before anything is admitted, records the reason and escalates","Close AT with: the journey evidence named in PR-49-006, positive/negative/stale/unauthorized/cross-tenant/correction/replay fixtures, a fault exercise for the chapter's failure condition, and product owner + independent assurance + customer authority acceptance; today only phase harness/browser/CI e",Chapter 49; PR-49-005/006,,branch+test
AT-50,V8,Appendix F Acceptance Test and Evidence Matrix,183,"Observation, Search, and Collection Agents source and rights fixtures, crawl-boundary tests, budget and loop controls, tool-denial tests, provenance closure, and supervisor acceptance Positive, negative, stale-state, unauthorized-role, cross- tenant, correction, and replay fixtures prove the product and authority contract. A fault exercise proves the declared continuity response when agents encou…",,agents,partial,unverified,branch-only,phase1,P7-A,"apps/api/src/observation/agents/agents.service.ts (RunBudgets); apps/api/src/observation/observation.controller.ts (/agents/register, /agents/:agentId/revoke); apps/api/src/observation/scheduling/collection-worker.service.ts; apps/api/test/int/phase6-scheduled-collection.test.ts: a REFUSED run: the agent is revoked; no run is opened, the attempt is recorded refused","Close AT with: the journey evidence named in PR-50-006, positive/negative/stale/unauthorized/cross-tenant/correction/replay fixtures, a fault exercise for the chapter's failure condition, and product owner + independent assurance + customer authority acceptance; today only phase harness/browser/CI e",Chapter 50; PR-50-005/006 | release_status merged → branch-only from the evidence at 2e83945,v08.txt:page 183:L13587-L13838,branch+main+test
AT-51,V8,Appendix F Acceptance Test and Evidence Matrix,183,"Cleaning, Classification, NER, and Relationship Agents golden and adversarial datasets, provenance and reversibility, merge/split tests, calibration by class, drift monitoring, and steward acceptance Positive, negative, stale-state, unauthorized-role, cross- tenant, correction, and replay fixtures prove the product and authority contract. A fault exercise proves the declared continuity response w…",,agents,partial,unverified,merged,phase2,P7-A,apps/api/src/intelligence/extraction/extraction.service.ts; apps/api/src/intelligence/gateway/model-gateway.service.ts (replay | local-live; abstention; NO HOSTED MODEL API); apps/api/src/graph/entities/resolver.service.ts; apps/api/test/int/phase2-acceptance.test.ts: a run that exceeds its call budget stops and says so; an abstention is its own outcome,"Close AT with: the journey evidence named in PR-51-006, positive/negative/stale/unauthorized/cross-tenant/correction/replay fixtures, a fault exercise for the chapter's failure condition, and product owner + independent assurance + customer authority acceptance; today only phase harness/browser/CI e",Chapter 51; PR-51-005/006,v08.txt:page 183:L13616-L13838,main+test
AT-52,V8,Appendix F Acceptance Test and Evidence Matrix,183,"Knowledge Graph, Memory, and Reasoning Agents context and citation closure, circularity and contradiction tests, temporal replay, policy trimming, abstention evaluation, and expert acceptance Positive, negative, stale-state, unauthorized-role, cross- tenant, correction, and replay fixtures prove the product and authority contract. A fault exercise proves the declared continuity response when cont…",,agents,missing,unverified,none,phase7,P7-A,,Capability absent; the acceptance test cannot begin,Chapter 52; PR-52-005/006,v08.txt:page 183:L13644-L13838,
AT-53,V8,Appendix F Acceptance Test and Evidence Matrix,183,"Prediction, Scenario, Simulation, and Decision Agents multi-agent replay, version pinning, budget and tool controls, gate-bypass tests, uncertainty propagation, and decision-authority acceptance Positive, negative, stale-state, unauthorized-role, cross- tenant, correction, and replay fixtures prove the product and authority contract. A fault exercise proves the declared continuity response when v…",,agents,partial,unverified,branch-only,phase6,P7-A,"apps/api/src/executive/agents/agents.service.ts (decision agent); apps/api/test/int/phase6-agents.test.ts: drafts option cards into a DRAFT version, marked agent-produced; its attempt to propose is refused; apps/api/test/int/phase6-decisions.test.ts: the decision agent holds exactly ONE write","Close AT with: the journey evidence named in PR-53-006, positive/negative/stale/unauthorized/cross-tenant/correction/replay fixtures, a fault exercise for the chapter's failure condition, and product owner + independent assurance + customer authority acceptance; today only phase harness/browser/CI e",Chapter 53; PR-53-005/006,v08.txt:page 183:L13671-L13838,branch+test
AT-54,V8,Appendix F Acceptance Test and Evidence Matrix,183,"Domain Intelligence Agents domain benchmark suites, ontology compatibility, scope and tool negative tests, cross-domain consistency, explanation review, and authority acceptance Positive, negative, stale-state, unauthorized-role, cross- tenant, correction, and replay fixtures prove the product and authority contract. A fault exercise proves the declared continuity response when an agent operates…",,agents,missing,unverified,none,phase7,P7-A,,Capability absent; the acceptance test cannot begin,Chapter 54; PR-54-005/006,v08.txt:page 183:L13699-L13838,
AT-55,V8,Appendix F Acceptance Test and Evidence Matrix,183,"Planner, Supervisor, Workflow, and Briefing Agents goal-to-plan traceability, loop and budget controls, crash recovery, deadlock and duplicate tests, gate enforcement, dissent preservation, and supervisor acceptance Positive, negative, stale-state, unauthorized-role, cross- tenant, correction, and replay fixtures prove the product and authority contract. A fault exercise proves the declared conti…",,agents,partial,unverified,branch-only,phase7,P7-A,"apps/api/src/executive/agents/agent-worker.service.ts; apps/api/src/executive/agents/agents.service.ts (briefing agent); apps/api/test/int/phase6-agents.test.ts: the planner: the room's cadence becomes a briefing job on its own queue; a promoted tick runs the agent; composes the room's briefing as an agent run, evaluating the conditions first","Close AT with: the journey evidence named in PR-55-006, positive/negative/stale/unauthorized/cross-tenant/correction/replay fixtures, a fault exercise for the chapter's failure condition, and product owner + independent assurance + customer authority acceptance; today only phase harness/browser/CI e",Chapter 55; PR-55-005/006,v08.txt:page 183:L13726-L13838,branch+test
AT-56,V8,Appendix F Acceptance Test and Evidence Matrix,183,"Agent Controls, Explainability, Escalation, and Human Override explanation fidelity, tool and permission denial, emergency stop, override and residual-effect drills, escalation availability, and auditor acceptance Positive, negative, stale-state, unauthorized-role, cross- tenant, correction, and replay fixtures prove the product and authority contract. A fault exercise proves the declared continu…",,agents,partial,unverified,branch-only,phase7,P7-A,"apps/api/src/executive/agents/agents.service.ts (RunOutcome: spent, stopReason, refusals, escalation); apps/api/test/int/phase6-agents.test.ts: a budget of three reads ... records the reason and escalates; approve, dissent and commit are refused at the PDP with no grant","Close AT with: the journey evidence named in PR-56-006, positive/negative/stale/unauthorized/cross-tenant/correction/replay fixtures, a fault exercise for the chapter's failure condition, and product owner + independent assurance + customer authority acceptance; today only phase harness/browser/CI e",Chapter 56; PR-56-005/006 | UNRESOLVED pointer(s) at 2e83945: /agents/decision/:agentId/revoke,v08.txt:page 183:L13755-L13838,branch+test
AT-57,V8,Appendix F Acceptance Test and Evidence Matrix,183,"Trust and Provenance Experience end-to-end provenance resolution, tamper and substitution tests, offline verification, correction propagation, recipient checks, and audit acceptance Positive, negative, stale-state, unauthorized-role, cross- tenant, correction, and replay fixtures prove the product and authority contract. A fault exercise proves the declared continuity response when provenance bre…",,identity-policy,partial,unverified,merged,phase0,P7-D,"apps/web/app/observation/evidence/[evdId]/page.tsx (authenticity, custody, history); apps/web/app/admin/audit/page.tsx (chain-integrity status); apps/api/test/int/gate22-audit-verify.test.ts: a byte-level rewrite that preserves the parsed JSON is caught; e2e/phase0.spec.ts: 8. audit viewer shows events and chain-integrity status; packages/contracts (JCS/RFC 8785 digests)","Close AT with: the journey evidence named in PR-57-006, positive/negative/stale/unauthorized/cross-tenant/correction/replay fixtures, a fault exercise for the chapter's failure condition, and product owner + independent assurance + customer authority acceptance; today only phase harness/browser/CI e",Chapter 57; PR-57-005/006,,main+test
AT-58,V8,Appendix F Acceptance Test and Evidence Matrix,183,"Identity, Access, and Tenant Administration federation and lifecycle tests, least-privilege and cross-tenant negatives, privileged workflows, recertification, emergency access, and customer acceptance Positive, negative, stale-state, unauthorized-role, cross- tenant, correction, and replay fixtures prove the product and authority contract. A fault exercise proves the declared continuity response…",,identity-policy,partial,unverified,merged,phase0,P7-D,"apps/api/src/pipeline/auth.controller.ts (/login, /rotate, /refresh); apps/api/src/pipeline/admin.controllers.ts (/tenants/:tenantId/principals); apps/api/src/identity/*.ts; apps/web/app/admin/principals/page.tsx; apps/web/app/admin/tenants/page.tsx; apps/api/test/acceptance/acceptance.test.ts: rotates on every successful refresh; detects replay; revokes on reuse; apps/api/test/int/gate22-identity-mutators.test.ts; apps/api/test/int/domain-isolation.test.ts","Close AT with: the journey evidence named in PR-58-006, positive/negative/stale/unauthorized/cross-tenant/correction/replay fixtures, a fault exercise for the chapter's failure condition, and product owner + independent assurance + customer authority acceptance; today only phase harness/browser/CI e",Chapter 58; PR-58-005/006,v08.txt:page 183:L13812-L13838,main+test
AT-59,V8,Appendix F Acceptance Test and Evidence Matrix,184,"Policy, Privacy, Residency, and Consent policy decision fixtures, consent withdrawal, purpose expiry, location and transfer negatives, minimization tests, rights requests, and authority acceptance Positive, negative, stale-state, unauthorized-role, cross- tenant, correction, and replay fixtures prove the product and authority contract. A fault exercise proves the declared continuity response when…",,identity-policy,partial,unverified,merged,phase0,P7-D,"apps/api/src/policy/pdp.service.ts; apps/api/migrations/0003_policy.sql; apps/api/test/acceptance/acceptance.test.ts: missing purpose on a protected operation → deny; audit.read returns allow_with_obligations and the mask is EXECUTED; apps/api/src/observation/observation.controller.ts (/sources/:sourceId/rights); apps/api/migrations/0006_objects.sql (classification, purpose_scope, rights_profile, residency_profile, retention_profile)","Close AT with: the journey evidence named in PR-59-006, positive/negative/stale/unauthorized/cross-tenant/correction/replay fixtures, a fault exercise for the chapter's failure condition, and product owner + independent assurance + customer authority acceptance; today only phase harness/browser/CI e",Chapter 59; PR-59-005/006,v08.txt:page 6:L191-L200:page-mismatch,main+test
AT-60,V8,Appendix F Acceptance Test and Evidence Matrix,184,"Security, Cyber, and Incident Experience attack and incident simulations, evidence custody, tenant-scoped communication, containment and recovery drills, disclosure workflow, and customer acceptance Positive, negative, stale-state, unauthorized-role, cross- tenant, correction, and replay fixtures prove the product and authority contract. A fault exercise proves the declared continuity response wh…",,infrastructure,partial,unverified,merged,phase0,P7-D,"apps/api/src/health/degraded-reconciliation.service.ts; apps/api/src/observation/connectors/redaction.ts; apps/api/src/observation/connectors/content-controls.ts; apps/api/test/int/audit-chain.test.ts: detects tampering, freezes + records the incident ATOMICALLY; apps/api/test/acceptance/acceptance.test.ts: bad credentials are rejected and captured by the sanitized security intake; apps/api/test/int/phase1-hostile-input.test.ts; .github/workflows/ci.yml: supply-chain","Close AT with: the journey evidence named in PR-60-006, positive/negative/stale/unauthorized/cross-tenant/correction/replay fixtures, a fault exercise for the chapter's failure condition, and product owner + independent assurance + customer authority acceptance; today only phase harness/browser/CI e",Chapter 60; PR-60-005/006,v08.txt:page 184:L13877-L14123,main+test
AT-61,V8,Appendix F Acceptance Test and Evidence Matrix,184,"Model, Agent, and Data Governance Console inventory and dependency closure, evaluation expiry, gate and rollback tests, runtime drift linkage, exception expiry, and governance acceptance Positive, negative, stale-state, unauthorized-role, cross- tenant, correction, and replay fixtures prove the product and authority contract. A fault exercise proves the declared continuity response when inventory…",,learning-evaluation,partial,unverified,branch-only,phase7,P7-B,"apps/api/src/intelligence/methods/methods.service.ts (/methods/register, approve, transition); apps/web/app/intelligence/methods/page.tsx; apps/web/app/intelligence/gateway/page.tsx; apps/api/test/int/phase2-acceptance.test.ts: each call carries mode, model, versions and an outcome; the call log is append-only; apps/api/src/executive/agents/agents.service.ts (agent registry)","Close AT with: the journey evidence named in PR-61-006, positive/negative/stale/unauthorized/cross-tenant/correction/replay fixtures, a fault exercise for the chapter's failure condition, and product owner + independent assurance + customer authority acceptance; today only phase harness/browser/CI e",Chapter 61; PR-61-005/006 | release_status merged → branch-only from the evidence at 2e83945,v08.txt:page 184:L13904-L14123,branch+main+test
AT-62,V8,Appendix F Acceptance Test and Evidence Matrix,184,"Audit, Evidence, Compliance, and Investigation non-repudiation and tamper tests, cross- system correlation, temporal replay, legal hold, scoped export verification, and independent audit acceptance Positive, negative, stale-state, unauthorized-role, cross- tenant, correction, and replay fixtures prove the product and authority contract. A fault exercise proves the declared continuity response whe…",,identity-policy,partial,unverified,merged,phase0,P7-D,"apps/api/src/pipeline/admin.controllers.ts (/tenants/:tenantId/audit/query, /platform/audit/query, /platform/audit/verify); apps/web/app/admin/audit/page.tsx; apps/api/migrations/0004_audit.sql; apps/api/test/int/audit-chain.test.ts: 16 parallel writers ... verifiable chain; apps/api/test/int/gate22-audit-verify.test.ts; scripts/gate/package-c17-evidence.mjs","Close AT with: the journey evidence named in PR-62-006, positive/negative/stale/unauthorized/cross-tenant/correction/replay fixtures, a fault exercise for the chapter's failure condition, and product owner + independent assurance + customer authority acceptance; today only phase harness/browser/CI e",Chapter 62; PR-62-005/006,v08.txt:page 6:L193-L200:page-mismatch,main+test
AT-63,V8,Appendix F Acceptance Test and Evidence Matrix,184,"Reliability, Degraded Modes, and Recovery Experience fault injection, dependency and capacity tests, mode-entry and exit, backup/restore and site recovery, user messaging, and customer readiness acceptance Positive, negative, stale-state, unauthorized-role, cross- tenant, correction, and replay fixtures prove the product and authority contract. A fault exercise proves the declared continuity resp…",,infrastructure,partial,unverified,branch-only,phase0,P7-D,"apps/api/src/health/health.controller.ts (/healthz, /readyz); apps/api/src/shared/degraded-store.ts; apps/api/src/audit/reconcile-degraded.ts; apps/web/components/ui.tsx (DegradedBanner); apps/web/app/admin/page.tsx (Service health); apps/api/test/int/gate22-degraded-recovery.test.ts: the correctly-bound capability reconciles AND writes inseparable evidence; apps/api/test/int/phase1-fault-injection.test.ts; e2e/phase4-prediction.demo.spec.ts: the API is HEALTHY behind the banner-free shell","Close AT with: the journey evidence named in PR-63-006, positive/negative/stale/unauthorized/cross-tenant/correction/replay fixtures, a fault exercise for the chapter's failure condition, and product owner + independent assurance + customer authority acceptance; today only phase harness/browser/CI e",Chapter 63; PR-63-005/006 | release_status merged → branch-only from the evidence at 2e83945,v08.txt:page 184:L13960-L14123,branch+main+test
AT-64,V8,Appendix F Acceptance Test and Evidence Matrix,184,"Integrations, APIs, Exports, and Extensibility contract and SDK suites, idempotency and versioning, policy and tenant negatives, export/re-import verification, extension sandboxing, and customer acceptance Positive, negative, stale-state, unauthorized-role, cross- tenant, correction, and replay fixtures prove the product and authority contract. A fault exercise proves the declared continuity resp…",,commercial,partial,unverified,merged,phase0,P7-F,"packages/contracts (envelope header, header registry, JCS); apps/api/src/objects/objects.controller.ts; apps/api/src/observation/observation.controller.ts (/evidence/:evdId/download); packages/contracts/test/envelope-header.test.ts; apps/api/test/int/rfc8785-crosslang.test.ts","Close AT with: the journey evidence named in PR-64-006, positive/negative/stale/unauthorized/cross-tenant/correction/replay fixtures, a fault exercise for the chapter's failure condition, and product owner + independent assurance + customer authority acceptance; today only phase harness/browser/CI e",Chapter 64; PR-64-005/006,v08.txt:page 184:L13988-L14123,main+test
AT-65,V8,Appendix F Acceptance Test and Evidence Matrix,184,"SaaS, Private Cloud, and On-Premise Product Parity identical golden journeys and fixtures, semantic diffs, export/re-import and replay, degraded-mode comparison, and customer acceptance for every profile Positive, negative, stale-state, unauthorized-role, cross- tenant, correction, and replay fixtures prove the product and authority contract. A fault exercise proves the declared continuity respon…",,infrastructure,missing,unverified,none,phase7,P7-D,,Capability absent; the acceptance test cannot begin,Chapter 65; PR-65-005/006,v08.txt:page 184:L14016-L14123,
AT-66,V8,Appendix F Acceptance Test and Evidence Matrix,184,"Packaging, Entitlements, and Licensing entitlement matrix tests, offline licensing, quota and grace scenarios, meter reconciliation, renewal and suspension recovery, and customer acceptance Positive, negative, stale-state, unauthorized-role, cross- tenant, correction, and replay fixtures prove the product and authority contract. A fault exercise proves the declared continuity response when entitl…",,commercial,missing,unverified,none,omission,P7-F,,Capability absent; the acceptance test cannot begin,Chapter 66; PR-66-005/006,v08.txt:page 149:L8977-L9033:page-mismatch,
AT-67,V8,Appendix F Acceptance Test and Evidence Matrix,184,"Onboarding, Configuration, and Data Migration discovery and responsibility sign-off, configuration validation, migration rehearsal, reconciliation, role-based journey tests, rollback, and customer acceptance Positive, negative, stale-state, unauthorized-role, cross- tenant, correction, and replay fixtures prove the product and authority contract. A fault exercise proves the declared continuity re…",,commercial,missing,unverified,none,omission,P7-F,,Capability absent; the acceptance test cannot begin,Chapter 67; PR-67-005/006,v08.txt:page 184:L14069-L14123,
AT-68,V8,Appendix F Acceptance Test and Evidence Matrix,184,"Implementation, Adoption, and Change Management stakeholder and process readiness, role competency, accessible training, cohort rollout, shadow-process review, adoption and value measures, and sponsor acceptance Positive, negative, stale-state, unauthorized-role, cross- tenant, correction, and replay fixtures prove the product and authority contract. A fault exercise proves the declared continuit…",,commercial,missing,unverified,none,omission,P7-F,,Capability absent; the acceptance test cannot begin,Chapter 68; PR-68-005/006,v08.txt:page 184:L14096-L14123,
AT-69,V8,Appendix F Acceptance Test and Evidence Matrix,185,"Service Management, Support, and Customer Success case and entitlement routing, secure evidence bundle, approved support access, SLA and escalation drills, known-error reuse, closure confirmation, and value review Positive, negative, stale-state, unauthorized-role, cross- tenant, correction, and replay fixtures prove the product and authority contract. A fault exercise proves the declared continu…",,commercial,missing,unverified,none,omission,P7-F,,Capability absent; the acceptance test cannot begin,Chapter 69; PR-69-005/006,v08.txt:page 185:L14136-L14261,
AT-70,V8,Appendix F Acceptance Test and Evidence Matrix,185,"Product Analytics, Quality, and Unit Economics metric contract and lineage, privacy and minimization review, cohort and bias tests, cost reconciliation, anti-gaming checks, and accountable business review Positive, negative, stale-state, unauthorized-role, cross- tenant, correction, and replay fixtures prove the product and authority contract. A fault exercise proves the declared continuity respo…",,commercial,missing,unverified,none,omission,P7-F,,Capability absent; the acceptance test cannot begin,Chapter 70; PR-70-005/006,v08.txt:page 185:L14165-L14261,
AT-71,V8,Appendix F Acceptance Test and Evidence Matrix,185,"Product Acceptance and Operational Readiness requirements closure, end-to-end journey evidence, security/privacy/accessibility, scale and resilience exercises, deployment parity, support readiness, and signed acceptance Positive, negative, stale-state, unauthorized-role, cross- tenant, correction, and replay fixtures prove the product and authority contract. A fault exercise proves the declared c…",,governance-docs,partial,unverified,merged,phase0,R0,"apps/api/test/acceptance/acceptance.test.ts; .github/workflows/ci.yml: build-test, browser-regression, supply-chain; .github/workflows/c19-lifecycle.yml: lifecycle; scripts/gate/package-c17-evidence.mjs; PHASE1_REPORT.md … PHASE6_REPORT.md","Close AT with: the journey evidence named in PR-71-006, positive/negative/stale/unauthorized/cross-tenant/correction/replay fixtures, a fault exercise for the chapter's failure condition, and product owner + independent assurance + customer authority acceptance; today only phase harness/browser/CI e",Chapter 71; PR-71-005/006 | UNRESOLVED pointer(s) at 2e83945: apps/api/test/int/phase*-acceptance.test.ts,v08.txt:page 185:L14192-L14261,main+test
AT-72,V8,Appendix F Acceptance Test and Evidence Matrix,185,"Product Governance and Baseline Closure full traceability, exception and evidence-age review, deployment and customer conformance, retirement proof, cross-volume sign-off, and executive attestation Positive, negative, stale-state, unauthorized-role, cross- tenant, correction, and replay fixtures prove the product and authority contract. A fault exercise proves the declared continuity response whe…",,governance-docs,missing,unverified,none,omission,P7-F,,Capability absent; the acceptance test cannot begin,Chapter 72; PR-72-005/006,v08.txt:page 7:L210-L229:page-mismatch,
PER-01,V8,"Appendix B Persona, Role, and Authority Matrix",169,"Board or governing body Approves constitutional direction, strategic objectives, material risk appetite, and reserved decisions Reviews strategic state, alternatives, commitments, and outcomes Cannot delegate reserved authority to AI or administrators",,identity-policy,missing,unverified,none,omission,P6,,No board/governing-body role or reserved-decision class; build reserved authority that cannot be delegated to AI or administrators,Ch. 4,,
PER-02,V8,"Appendix B Persona, Role, and Authority Matrix",169,"Executive decision authority Makes accountable strategic decisions and commitments within recorded mandate Reviews evidence, forecasts, scenarios, risk, dissent, and recommendations Cannot approve a changed or incomplete decision digest",,identity-policy,implemented,passed:harness,branch-only,phase6,done,"apps/api/test/int/phase6-approvals.test.ts: refuses a wrong digest, an approver the policy does not name, and self-approval by the author; the ROUTE pins C3",,decision_authority role; HX-10,,branch+test
PER-03,V8,"Appendix B Persona, Role, and Authority Matrix",169,"Chief of staff or executive operator Coordinates executive cadence, priorities, briefings, decisions, and follow-through Curates agenda, routes work, tracks commitments, and escalates gaps Cannot impersonate the decision authority",,identity-policy,missing,unverified,none,omission,P6,,No chief-of-staff/executive-operator role or cadence tooling; the 'executive' role only reads,Ch. 41,,
PER-04,V8,"Appendix B Persona, Role, and Authority Matrix",169,"Intelligence leader Owns intelligence priorities, standards, coverage, review, and publication Directs collection, analysis, warning, and briefing operations Cannot waive source rights, truth state, or provenance",,identity-policy,missing,unverified,none,omission,P1,,"No intelligence-leader role owning priorities, standards, coverage and publication",Ch. 10/23,v08.txt:page 169:L11159-L11295,
PER-05,V8,"Appendix B Persona, Role, and Authority Matrix",169,"Strategic analyst Produces evidence-backed assessments, hypotheses, forecasts, scenarios, and decision support Searches, curates, reasons, challenges, and publishes through review Cannot convert an inference into approved fact",,identity-policy,partial,passed:harness,merged,phase2,P2,apps/api/src/policy/pdp.service.ts (domain_analyst); apps/api/test/int/phase2-acceptance.test.ts: every claim below the review threshold has a queued case,Analyst cannot convert inference into fact only because claims carry truth state; no assessment/hypothesis/publication objects,Ch. 21/23,v08.txt:page 169:L11167-L11295,main+test
PER-06,V8,"Appendix B Persona, Role, and Authority Matrix",169,"Investigator Builds attributable cases, timelines, entity networks, and evidence packages Preserves custody, tests hypotheses, and documents limitations Cannot exceed authorized purpose or conceal exculpatory evidence",,identity-policy,missing,unverified,none,omission,P2,,"No investigator persona, case, timeline or evidence-package objects; exculpatory-evidence preservation not modelled",Ch. 23,,
PER-07,V8,"Appendix B Persona, Role, and Authority Matrix",169,"Forecaster Owns forecast definition, methods, assumptions, calibration, and scoring Produces and monitors probabilistic forecasts across horizons Cannot publish unsupported precision or hide model disagreement",,identity-policy,partial,passed:harness,branch-only,phase4,P4,apps/api/src/policy/pdp.service.ts (forecast_owner); apps/api/test/int/phase4-acceptance.test.ts: D1 · a forecast names distribution ... or is refused; D3 · the learned model is used only when the backtest says it earned it,Model disagreement is shown against baseline only; no multi-model ensemble disclosure,Ch. 32 | release_status merged → branch-only from the evidence at 2e83945,,branch+main+test
PER-08,V8,"Appendix B Persona, Role, and Authority Matrix",169,"Scenario or simulation specialist Owns scenario framing, simulation validity, sensitivity, and reproducibility Designs branches, models, runs, comparisons, and interpretation Cannot mix observed and synthetic state",,identity-policy,implemented,passed:harness,branch-only,phase5,done,"apps/api/src/policy/pdp.service.ts (simulation_operator, twin_owner); apps/api/test/int/phase5-twins.test.ts: E2 · synthetic state folds UPWARD; apps/api/test/int/phase5-simulations.test.ts: the SIM object SYNTHETIC",,Ch. 35/36; ADR-010 | release_status merged → branch-only from the evidence at 2e83945,,branch+main+test
PER-09,V8,"Appendix B Persona, Role, and Authority Matrix",169,"Strategy and planning lead Owns objective, capability, initiative, option, resource, and outcome alignment Structures plans and decision cases and monitors execution Cannot create commitments outside delegated authority",,identity-policy,partial,passed:harness,branch-only,phase3,P6,apps/api/src/policy/pdp.service.ts (strategy_owner); apps/api/test/int/phase6-approvals.test.ts: the bounded CMT lands in Phase 3's own graph,Commitments arise only from committed decisions (proven); no initiative/resource/option planning objects,Ch. 37/45 | release_status merged → branch-only from the evidence at 2e83945,,branch+main+test
PER-10,V8,"Appendix B Persona, Role, and Authority Matrix",169,"Risk or opportunity owner Accepts assessment, action, mitigation, sponsorship, and residual exposure Reviews evidence, appetite, controls, options, and outcomes Cannot leave material risk or opportunity unowned",,identity-policy,missing,unverified,none,omission,P4,,No risk/opportunity owner role or objects,Ch. 27/28,,
PER-11,V8,"Appendix B Persona, Role, and Authority Matrix",169,"Collection manager Owns source plans, contracts, coverage, priorities, and operational response Approves sources and manages blind spots and incidents Cannot infer rights from technical accessibility",,identity-policy,partial,passed:harness,merged,phase1,P1,apps/api/test/int/phase1-acceptance.test.ts: A1 — source contract ... every fail-closed case (rights required); e2e/phase1-observation.spec.ts: 3. a second operator approves,Rights cannot be inferred from accessibility (contract requires rights); no collection-plan/blind-spot/incident ownership,Ch. 9/15,v08.txt:page 169:L11221-L11295,main+test
PER-12,V8,"Appendix B Persona, Role, and Authority Matrix",169,"Data steward Adjudicates identity, semantics, quality, correction, and lifecycle cases Reviews merges, splits, mappings, corrections, and exceptions Cannot silently alter historical evidence",,identity-policy,partial,passed:harness,merged,phase3,P3,apps/api/src/policy/pdp.service.ts (graph.resolution.decide); apps/api/test/int/phase3-acceptance.test.ts: splits a merged entity without deleting anything,Historical evidence is immutable (proven); no steward case queue for semantics/quality/lifecycle,Ch. 18/24,v08.txt:page 169:L11229-L11295,main+test
PER-13,V8,"Appendix B Persona, Role, and Authority Matrix",169,"Knowledge engineer Owns ontology, graph constraints, identity models, and semantic migration Curates concepts, relationships, revisions, and projections Cannot create domain forks of canonical meaning",,identity-policy,missing,unverified,none,omission,P3,,"No knowledge-engineer role, ontology or constraint governance",Ch. 19,v08.txt:page 169:L11237-L11295,
PER-14,V8,"Appendix B Persona, Role, and Authority Matrix",169,"Model risk authority Approves model use, evaluation, monitoring, exceptions, and retirement Reviews data, fitness, calibration, safety, drift, and impact Cannot self-approve a model they built",,identity-policy,partial,unverified,merged,phase2,P7-B,apps/api/src/intelligence/methods/methods.service.ts (register/approve/transition); apps/api/src/policy/pdp.service.ts (intelligence.method.approve),Self-approval of a method by its builder is not explicitly refused; no evaluation/drift/retirement review,Ch. 61 | passed:harness lacked a resolved test/CI pointer → unverified,v08.txt:page 169:L11245-L11295,main
PER-15,V8,"Appendix B Persona, Role, and Authority Matrix",169,"Agent governor Approves agent role, tools, data, budgets, side effects, and lifecycle Evaluates packages, permissions, runtime evidence, and incidents Cannot grant human decision authority to an agent",,identity-policy,partial,passed:harness,branch-only,phase6,P7-A,"apps/api/test/int/phase6-agents.test.ts: registration is the tenant administrator's; approve, dissent and commit are refused at the PDP with no grant","Agent cannot hold decision authority (proven); governor is the tenant admin, no tool/data/side-effect approval",Ch. 49/56,v08.txt:page 169:L11253-L11295,branch+test
PER-16,V8,"Appendix B Persona, Role, and Authority Matrix",169,"Security or privacy authority Owns security, privacy, sovereignty, incident, and exception decisions Reviews controls, purpose, locality, exposure, and evidence Cannot broaden customer- data access without authority",,identity-policy,missing,unverified,none,omission,P7-D,,"No security/privacy authority role, exception or sovereignty decisions",Ch. 59/60,,
PER-17,V8,"Appendix B Persona, Role, and Authority Matrix",169,"Auditor or investigator of record Independently verifies evidence, conformance, custody, and accountability Reconstructs events, decisions, changes, incidents, and exceptions Cannot alter the evidence being audited",,identity-policy,implemented,passed:harness,merged,phase0,done,apps/api/src/policy/pdp.service.ts (auditor; audit.read obligations); apps/api/test/int/audit-chain.test.ts: even the superuser cannot UPDATE/DELETE evidence rows,,Ch. 62,,main+test
PER-18,V8,"Appendix B Persona, Role, and Authority Matrix",169,"Tenant or domain administrator Configures customer context, roles, domains, integrations, and policies Provisions access and operates delegated customer controls Cannot acquire business decision rights through administration",,identity-policy,partial,passed:harness,branch-only,phase0,P7-D,"apps/api/src/policy/pdp.service.ts (tenant_admin, domain_admin); apps/api/test/int/phase6-approvals.test.ts: refuses the owner, the agent and the executive (no approver role)",Administration grants no decision rights (proven); no integration/policy configuration surface for the admin,Ch. 58 | release_status merged → branch-only from the evidence at 2e83945,,branch+main+test
PER-19,V8,"Appendix B Persona, Role, and Authority Matrix",169,"Platform operator Operates availability, capacity, change, recovery, and service health Executes controlled operational procedures and evidence capture Cannot inspect customer content without approved support purpose ID PERSONA DECISION AUTHORITY PRIMARY PRODUCT RESPONSIBILITY PROHIBITED SUBSTITUTION",,identity-policy,partial,passed:harness,merged,phase0,P7-D,apps/api/src/policy/pdp.service.ts (platform_admin); apps/api/test/acceptance/acceptance.test.ts: missing purpose on a protected operation → deny,No approved-support-purpose workflow gating content inspection; operations procedures undocumented,Ch. 63,v08.txt:page 169:L11287-L11295,main+test
PER-20,V8,"Appendix B Persona, Role, and Authority Matrix",170,"Support engineer Diagnoses and resolves customer issues through scoped time- limited access Collects evidence, provides workarounds, and verifies resolution Cannot mutate customer strategic state directly",,identity-policy,missing,unverified,none,omission,P7-F,,No support-engineer persona with scoped time-limited access,Ch. 69,v08.txt:page 170:L11303-L11343,
PER-21,V8,"Appendix B Persona, Role, and Authority Matrix",170,"Implementation lead Coordinates onboarding, configuration, migration, readiness, and acceptance Manages plan, dependencies, risks, tests, and sign-off Cannot accept customer obligations on the customer's behalf",,identity-policy,missing,unverified,none,omission,P7-F,,No implementation-lead persona or onboarding workspace,Ch. 67,v08.txt:page 170:L11311-L11343,
PER-22,V8,"Appendix B Persona, Role, and Authority Matrix",170,"External collaborator Contributes bounded evidence, review, or expertise through shared workspaces Works within explicit audience, purpose, expiry, and object scope Cannot discover or traverse beyond shared scope",,identity-policy,missing,unverified,none,omission,P6,,No external collaborator with audience/purpose/expiry-bounded sharing,Ch. 46,v08.txt:page 170:L11320-L11343,
PER-23,V8,"Appendix B Persona, Role, and Authority Matrix",170,"Integration developer Builds clients and extensions against versioned governed contracts Uses APIs, events, exports, SDKs, and test fixtures Cannot write canonical state outside owning commands",,identity-policy,partial,passed:harness,merged,phase0,P7-F,packages/contracts; apps/api/test/int/gate22-authority-matrix.test.ts: no mutator succeeds when invoked without a capability on a granted role,"Canonical state is writable only through owning commands (proven); no SDKs, events or test fixtures for developers",Ch. 64,v08.txt:page 170:L11328-L11343,main+test
PER-24,V8,"Appendix B Persona, Role, and Authority Matrix",170,"Marketplace publisher Publishes signed governed agents, scenarios, data, or domain packages Maintains provenance, compatibility, evaluation, rights, and lifecycle Cannot bypass customer approval or platform controls C Workspace and Navigation Catalog Workspaces are durable operating environments organized around governed work, not dashboard containers. The active customer, domain, role, objective…",,identity-policy,missing,unverified,none,omission,P7-C,,No marketplace publisher persona or package signing,Ch. 34/49,v08.txt:page 170:L11336-L11343,
WS-01,V8,Appendix C Workspace and Navigation Catalog,171,"Executive Operating System Executive cadence, priorities, warnings, decisions, commitments, outcomes Objectives, strategic packages, decisions, commitments Executive decision authority Preserve context, evidence, and approval state",,ux,partial,passed:browser,branch-only,phase6,P6,apps/web/app/decisions/page.tsx; apps/web/app/decisions/briefings/page.tsx; e2e/phase6-decisions.demo.spec.ts,No priorities/warnings/commitments/outcomes home; decisions and briefings pages only,Continuity behaviour per catalog; web pages under apps/web/app,v08.txt:page 182:L13338-L13548:page-mismatch,branch+test
WS-02,V8,Appendix C Workspace and Navigation Catalog,171,"Observation Operations Source coverage, freshness, collection health, blind spots, incidents Sources, plans, runs, gaps, incidents Collection manager Show last verified coverage and degraded intervals",,ux,partial,passed:browser,merged,phase1,P1,apps/web/app/observation/page.tsx; apps/web/app/observation/sources/**; e2e/phase1-observation.spec.ts: 5. coverage reports the planted gap,"No plans, blind spots (structurally unknown) or incidents",Continuity behaviour per catalog; web pages under apps/web/app,,main+test
WS-03,V8,Appendix C Workspace and Navigation Catalog,171,"Research and Discovery Structured search, exploration, saved research, evidence review Queries, results, evidence, citations, watchlists Analyst Preserve query snapshot and policy-filtered scope",,ux,partial,unverified,merged,phase3,P3,apps/web/app/graph/search/page.tsx,"No saved research, query snapshot, watchlists or citations",Continuity behaviour per catalog; web pages under apps/web/app | passed:harness lacked a resolved test/CI pointer → unverified,,main
WS-04,V8,Appendix C Workspace and Navigation Catalog,171,"Intelligence Analysis Cases, assessments, claims, summaries, review, publication Cases, claims, evidence, assessments, tasks Intelligence analyst Preserve draft history and review status",,ux,partial,passed:browser,merged,phase2,P2,apps/web/app/intelligence/**; apps/api/test/int/phase2-acceptance.test.ts,"No cases, assessments, summaries, tasks or publication",Continuity behaviour per catalog; web pages under apps/web/app,v08.txt:page 171:L11385-L11509,main+test
WS-05,V8,Appendix C Workspace and Navigation Catalog,171,"Entity and Relationship Workbench Identity, alias, merge, split, and relationship stewardship Entities, candidates, relationships, cases Data steward Keep unresolved candidates separate",,ux,partial,unverified,merged,phase3,P3,apps/web/app/graph/entities/page.tsx; apps/web/app/graph/resolutions/page.tsx,Unresolved candidates kept separate (resolutions queue); no alias/relationship stewardship cases,Continuity behaviour per catalog; web pages under apps/web/app | passed:harness lacked a resolved test/CI pointer → unverified,,main
WS-06,V8,Appendix C Workspace and Navigation Catalog,171,"Knowledge Graph Explorer Temporal connected exploration and governed curation Nodes, edges, paths, subgraphs, revisions Knowledge engineer Serve last verified projection with watermark",,ux,partial,unverified,merged,phase3,P3,apps/web/app/graph/explore/page.tsx,No revisions view or projection watermark,Continuity behaviour per catalog; web pages under apps/web/app | passed:harness lacked a resolved test/CI pointer → unverified,,main
WS-07,V8,Appendix C Workspace and Navigation Catalog,171,"Enterprise Memory Institutional records, strategic context, lessons, and retrieval Memory items, decisions, artifacts, lessons Knowledge manager Preserve permission and historical versions",,ux,missing,unverified,none,omission,P3,,No Enterprise Memory workspace,Continuity behaviour per catalog; web pages under apps/web/app,v08.txt:page 171:L11406-L11509,
WS-08,V8,Appendix C Workspace and Navigation Catalog,171,"Weak Signals and Warnings Signal review, indicator management, warning response, escalation Signals, indicators, warnings, actions Watch officer Preserve signal history and warning quality",,ux,partial,passed:browser,branch-only,phase4,P4,apps/web/app/prediction/warnings/page.tsx; e2e/phase4-prediction.demo.spec.ts,No signals or indicator management UI; warnings only,Continuity behaviour per catalog; web pages under apps/web/app | release_status merged → branch-only from the evidence at 2e83945,,branch+test
WS-09,V8,Appendix C Workspace and Navigation Catalog,171,"Risk and Opportunity Exposure, appetite, mitigation, sponsorship, options, outcomes Risks, opportunities, controls, options Risk or opportunity owner Expose gaps and prevent invalid aggregation",,ux,missing,unverified,none,omission,P4,,No risk and opportunity workspace,Continuity behaviour per catalog; web pages under apps/web/app,v08.txt:page 171:L11422-L11509,
WS-10,V8,Appendix C Workspace and Navigation Catalog,171,"Domain Intelligence Competitor, supply-chain, geopolitical, technology, cyber, finance Domain objects, events, assessments, forecasts Domain lead Disable incompatible domain packages",,ux,missing,unverified,none,omission,P4,,No domain intelligence workspace or domain packages,Continuity behaviour per catalog; web pages under apps/web/app,v08.txt:page 171:L11430-L11509,
WS-11,V8,Appendix C Workspace and Navigation Catalog,171,"Forecasting Forecast design, comparison, monitoring, calibration, scoring Forecasts, models, assumptions, outcomes Forecaster Retain prior forecast and abstention state",,ux,partial,passed:browser,branch-only,phase4,P4,apps/web/app/prediction/forecasts/page.tsx; apps/web/app/prediction/calibration/page.tsx; e2e/phase4-prediction.demo.spec.ts,Abstention state not surfaced as a product; no forecast design of methods,Continuity behaviour per catalog; web pages under apps/web/app | release_status merged → branch-only from the evidence at 2e83945,v08.txt:page 171:L11437-L11509,branch+test
WS-12,V8,Appendix C Workspace and Navigation Catalog,171,"Scenario Intelligence Scenario sets, drivers, branches, implications, options Scenarios, assumptions, indicators, options Scenario lead Preserve plurality and inconsistent drafts",,ux,partial,unverified,branch-only,phase4,P4,apps/web/app/prediction/scenarios/page.tsx,Branch trees only; no drivers/implications/options,Continuity behaviour per catalog; web pages under apps/web/app | release_status merged → branch-only from the evidence at 2e83945 | passed:browser lacked a resolved test/CI pointer → unverified,v08.txt:page 171:L11442-L11509,branch
WS-13,V8,Appendix C Workspace and Navigation Catalog,171,"Simulation Center Design, execution, checkpoints, comparison, sensitivity Simulations, twin snapshots, runs, outputs Simulation specialist Preserve checkpoints as non-decision-active",,ux,partial,passed:browser,branch-only,phase5,P5,apps/web/app/twins/simulations/page.tsx; e2e/phase4-prediction.demo.spec.ts: SIMULATIONS,No checkpoints or sensitivity,Continuity behaviour per catalog; web pages under apps/web/app | release_status merged → branch-only from the evidence at 2e83945,v08.txt:page 171:L11447-L11509,branch+test
WS-14,V8,Appendix C Workspace and Navigation Catalog,171,"Digital Twin Portfolio Twin scope, observed state, branches, validity, time travel Twins, snapshots, branches, models Twin owner Mark invalid or unsynchronized state",,ux,partial,passed:browser,branch-only,phase5,P5,apps/web/app/twins/page.tsx; e2e/phase4-prediction.demo.spec.ts: TWINS,No time travel UI beyond as-of API; one twin kind,Continuity behaviour per catalog; web pages under apps/web/app | release_status merged → branch-only from the evidence at 2e83945,v08.txt:page 171:L11452-L11509,branch+test
WS-15,V8,Appendix C Workspace and Navigation Catalog,171,"Decision Intelligence Decision packages, recommendations, alternatives, approval Cases, options, recommendations, decisions Decision authority Block decision-ready state when incomplete",,ux,partial,passed:browser,branch-only,phase6,P6,apps/web/app/decisions/page.tsx; e2e/phase6-decisions.demo.spec.ts: DECISIONS,Decision-ready blocked when incomplete (propose refused); no recommendation review or approval UI actions beyond display,Continuity behaviour per catalog; web pages under apps/web/app,v08.txt:page 171:L11457-L11509,branch+test
WS-16,V8,Appendix C Workspace and Navigation Catalog,171,"Strategy and Planning Objectives, capabilities, initiatives, resources, outcomes Strategy Graph, plans, initiatives, measures Strategy lead Preserve baseline and unauthorized changes",,ux,partial,unverified,merged,phase3,P6,apps/web/app/graph/strategy/page.tsx; apps/web/app/graph/impact/page.tsx,"No plans, initiatives or measures",Continuity behaviour per catalog; web pages under apps/web/app | passed:browser lacked a resolved test/CI pointer → unverified,,main
WS-17,V8,Appendix C Workspace and Navigation Catalog,171,"Agent Operations Agent catalog, runs, plans, tools, budgets, escalation, override Agents, packages, runs, tasks, traces Agent governor Pause unsafe runs and preserve full trace",,ux,missing,unverified,none,phase7,P7-A,apps/api/src/executive/executive.controller.ts (/agents/decision/* API only),"No agent operations page: catalog, runs, plans, traces, override",Continuity behaviour per catalog; web pages under apps/web/app,v08.txt:page 171:L11473-L11509,branch
WS-18,V8,Appendix C Workspace and Navigation Catalog,171,"Trust and Governance Provenance, model, agent, data, policy, audit, exceptions Artifacts, policies, evaluations, audit cases Governance authority Constrain use when evidence is indeterminate",,ux,partial,unverified,merged,phase2,P7-B,apps/web/app/intelligence/methods/page.tsx; apps/web/app/intelligence/gateway/page.tsx; apps/web/app/admin/audit/page.tsx,"No policy, agent, data, exception or evaluation governance views",Continuity behaviour per catalog; web pages under apps/web/app | passed:browser lacked a resolved test/CI pointer → unverified,,main
WS-19,V8,Appendix C Workspace and Navigation Catalog,171,"Platform and Customer Administration Identity, tenants, domains, integrations, service, recovery Users, roles, policies, connectors, health Customer administrator Fail closed on ambiguous tenant or authority",,ux,partial,passed:browser,merged,phase0,P7-D,apps/web/app/admin/**; e2e/phase0.spec.ts: 1.–2.,"Users/tenants only; no roles, policies, connectors, health or recovery administration",Continuity behaviour per catalog; web pages under apps/web/app,,main+test
WS-20,V8,Appendix C Workspace and Navigation Catalog,171,"Product Delivery and Acceptance Packaging, onboarding, migration, adoption, support, readiness Offers, plans, releases, tests, evidence Product authority Withhold acceptance and preserve prior safe operation Navigation contract NAVIGATION ELEMENT BINDING BEHAVIOR Global operating context Shows and controls tenant, domain, role, objective, geography, horizon, scenario, classification, and deployme…",,ux,missing,unverified,none,omission,P7-F,,No product delivery and acceptance workspace,Continuity behaviour per catalog; web pages under apps/web/app,,
JRN-01,V8,Appendix D Canonical User Journey Catalog,173,Establish customer operating context Sponsor intent -> tenant and domain -> authority -> policy -> deployment -> acceptance Customer sponsor Signed context and responsibility baseline,,identity-policy,missing,unverified,none,omission,P7-F,apps/api/src/tenancy/tenancy.controller.ts (tenant/domain creation only),No sponsor intent -> authority -> policy -> deployment -> acceptance journey; tenant creation is an admin API call,Primary chapter 3,,main
JRN-02,V8,Appendix D Canonical User Journey Catalog,173,Register and activate a source Discover -> rights -> contract -> validate -> approve -> collect -> monitor Collection manager Active source with revocation and coverage proof,,observation,partial,passed:browser,merged,phase1,P1,e2e/phase1-observation.spec.ts: 1.–6.; apps/api/test/int/phase1-acceptance.test.ts: A1,"Discover stage absent; revocation and coverage proof exist (rights transition, coverage measurements)",Primary chapter 9,,main+test
JRN-03,V8,Appendix D Canonical User Journey Catalog,173,Investigate a strategic question Intent -> search -> evidence -> entities -> claims -> analysis -> peer review Analyst Reproducible assessment with dissent,,observation,partial,passed:harness,merged,phase3,P3,apps/api/test/int/phase3-acceptance.test.ts: C4; apps/api/test/int/phase2-acceptance.test.ts,No analysis/peer-review/dissent stages; search -> evidence -> entities -> claims exist as separate pages,Primary chapter 11,,main+test
JRN-04,V8,Appendix D Canonical User Journey Catalog,173,Curate an entity resolution Candidate -> compare evidence -> propose -> review -> commit -> propagate -> verify Data steward Reversible canonical revision,,memory-graph,partial,passed:harness,merged,phase3,P3,apps/api/test/int/phase3-acceptance.test.ts: splits a merged entity; a known-at query BEFORE the split; apps/api/src/graph/graph.controller.ts (/resolutions/:id/decide),"Propagate/verify stages after commit are the operator walk, not automatic",Primary chapter 18,v08.txt:page 173:L11551-L11658,main+test
JRN-05,V8,Appendix D Canonical User Journey Catalog,173,Correct decision-active intelligence Report -> authenticate authority -> assess impact -> correct -> rebuild -> acknowledge -> close Source or data authority Non-destructive correction closure,,data-platform,partial,passed:harness,branch-only,phase1,P3,apps/api/test/int/phase1-acceptance.test.ts: A8; apps/api/test/int/phase5-propagation.test.ts; e2e/phase1-observation.spec.ts: 9.–10.,Acknowledge and close stages missing; rebuild is operator-initiated,Primary chapter 24 | release_status merged → branch-only from the evidence at 2e83945,,branch+main+test
JRN-06,V8,Appendix D Canonical User Journey Catalog,173,Detect and assess a weak signal Observe -> nominate -> test -> contextualize -> review -> disposition -> learn Domain analyst Evidence-backed signal disposition,,prediction,missing,unverified,none,omission,P4,,No weak-signal journey,Primary chapter 25,,
JRN-07,V8,Appendix D Canonical User Journey Catalog,173,Issue and manage an early warning Trigger -> validate -> classify -> approve policy path -> deliver -> acknowledge -> act -> close Warning owner Timely owned warning with receipts,,prediction,partial,passed:harness,branch-only,phase4,P4,apps/api/test/int/phase4-acceptance.test.ts: D5/D6; D6 EXPIRED; e2e/phase4-prediction.demo.spec.ts: ACTION cases,"Classify, policy-path approval, delivery receipts and act/close stages missing",Primary chapter 26 | release_status merged → branch-only from the evidence at 2e83945,,branch+test
JRN-08,V8,Appendix D Canonical User Journey Catalog,173,Assess a strategic risk Identify -> evidence -> model -> challenge -> appetite -> mitigate -> monitor -> outcome Risk owner Accepted risk and residual exposure,,prediction,missing,unverified,none,omission,P4,,No risk journey,Primary chapter 27,v08.txt:page 173:L11572-L11658,
JRN-09,V8,Appendix D Canonical User Journey Catalog,173,Sponsor a strategic opportunity Discover -> evidence -> option -> value range -> challenge -> sponsor -> decide -> learn Opportunity sponsor Governed option and outcome linkage,,prediction,missing,unverified,none,omission,P4,,No opportunity journey,Primary chapter 28,,
JRN-10,V8,Appendix D Canonical User Journey Catalog,173,Maintain competitor intelligence Resolve -> collect -> compare -> assess -> review -> alert -> update -> replay Competitor analyst Temporal evidence-backed profile,,prediction,missing,unverified,none,omission,P4,,No competitor journey,Primary chapter 29,,
JRN-11,V8,Appendix D Canonical User Journey Catalog,173,Assess supply-chain disruption Detect -> map dependencies -> forecast -> scenario -> alternatives -> decide -> monitor Supply-chain leader Feasible response with coverage limits,,prediction,partial,passed:harness,branch-only,phase5,P4,apps/api/test/int/phase5-simulations.test.ts; apps/api/test/int/phase6-decisions.test.ts (options on runs),Detect and map-dependencies stages absent; forecast -> scenario -> simulation -> decision exist on the demo twin only,Primary chapter 30 | release_status merged → branch-only from the evidence at 2e83945,,branch+test
JRN-12,V8,Appendix D Canonical User Journey Catalog,173,Produce a canonical forecast Define target -> cutoff -> method -> train or estimate -> calibrate -> review -> publish -> score Forecaster Reproducible calibrated forecast,,prediction,partial,passed:harness,branch-only,phase4,P4,apps/api/test/int/phase4-acceptance.test.ts: D1–D4,Review stage before publish absent,Primary chapter 32 | release_status merged → branch-only from the evidence at 2e83945,,branch+test
JRN-13,V8,Appendix D Canonical User Journey Catalog,173,Construct a scenario set Frame -> drivers -> uncertainties -> branches -> implications -> challenge -> approve -> monitor Scenario sponsor Plural decision-relevant futures,,prediction,partial,passed:harness,branch-only,phase4,P4,apps/api/test/int/phase4-acceptance.test.ts: D5/D6; apps/api/src/prediction/scenarios/scenarios.service.ts,Frame/drivers/uncertainties/implications/challenge/approve stages absent; branches and indicators only,Primary chapter 33 | release_status merged → branch-only from the evidence at 2e83945,v08.txt:page 173:L11601-L11658,branch+test
JRN-14,V8,Appendix D Canonical User Journey Catalog,173,Run a strategic simulation Select state -> validate model -> configure -> approve budget -> execute -> compare -> review Simulation specialist Reproducible run with validity limits,,twin-simulation,partial,passed:harness,branch-only,phase5,P5,apps/api/test/int/phase5-simulations.test.ts: a CONTROL run completes; a COLD process re-executes,Approve-budget and review stages absent,Primary chapter 35 | release_status merged → branch-only from the evidence at 2e83945,v08.txt:page 173:L11604-L11658,branch+test
JRN-15,V8,Appendix D Canonical User Journey Catalog,173,Update a Digital Twin Observe -> reconcile -> validate -> snapshot -> branch -> test -> publish -> monitor Twin owner Time-versioned validated twin state,,twin-simulation,partial,passed:harness,branch-only,phase5,P5,apps/api/test/int/phase5-twins.test.ts; apps/api/test/int/phase5-propagation.test.ts,Publish/monitor stages absent; reconcile is operator-initiated,Primary chapter 36 | release_status merged → branch-only from the evidence at 2e83945,v08.txt:page 173:L11610-L11658,branch+test
JRN-16,V8,Appendix D Canonical User Journey Catalog,173,Prepare a decision package Question -> objectives -> options -> evidence -> foresight -> risk -> recommendation -> review Decision analyst Complete explainable package,,decision,partial,passed:harness,branch-only,phase6,P6,apps/api/test/int/phase6-decisions.test.ts; e2e/phase6-decisions.demo.spec.ts: DECISIONS,Risk stage absent (no risk objects); recommendation is options + agent option cards,Primary chapter 38,v08.txt:page 173:L11613-L11658,branch+test
JRN-17,V8,Appendix D Canonical User Journey Catalog,173,Make and record a decision Verify authority -> inspect digest -> deliberate -> decide -> rationale -> sign -> commit -> distribute Decision authority Non-repudiable human decision,,decision,partial,passed:harness,branch-only,phase6,P6,apps/api/test/int/phase6-approvals.test.ts: a named approver approves; the ROUTE pins C3 ... exactly one,"Distribute stage absent; sign is the audit-chained approval record, not a signature",Primary chapter 39,v08.txt:page 173:L11616-L11658,branch+test
JRN-18,V8,Appendix D Canonical User Journey Catalog,173,Replay and learn from a decision Reconstruct -> compare expectation and outcome -> assess attribution -> lesson -> change proposal -> approve Governance authority Governed learning without rewritten history,,decision,partial,passed:harness,branch-only,phase6,P7-B,apps/api/test/int/phase6-replay.test.ts; apps/api/test/int/phase6-monitoring.test.ts: closure records the lessons,"Attribution, lesson object, change proposal and approval stages absent",Primary chapter 40,,branch+test
JRN-19,V8,Appendix D Canonical User Journey Catalog,173,Run the executive cadence Review priorities -> intelligence -> warnings -> decisions -> commitments -> outcomes -> reset Executive operator Closed-loop operating record,,executive-os,partial,passed:harness,branch-only,phase6,P6,apps/api/test/int/phase6-briefings.test.ts: review overdue ... a member's review clears it; apps/api/test/int/phase6-monitoring.test.ts,Priorities and reset stages absent; cadence is per decision room,Primary chapter 41,v08.txt:page 173:L11628-L11658,branch+test
JRN-20,V8,Appendix D Canonical User Journey Catalog,173,Publish a strategic briefing Assemble -> cite -> classify -> review -> approve digest -> deliver -> receipt -> correct Briefing owner Accessible controlled publication,,executive-os,partial,passed:harness,branch-only,phase6,P6,apps/api/test/int/phase6-briefings.test.ts; e2e/phase6-decisions.demo.spec.ts: BRIEFINGS,"Classify, approve digest, deliver, receipt and correct stages absent",Primary chapter 42,v08.txt:page 173:L11631-L11658,branch+test
JRN-21,V8,Appendix D Canonical User Journey Catalog,173,Delegate work to agents Define goal -> authority -> plan -> tools -> execute -> supervise -> review -> accept or reject Human requester Bounded traceable agent outcome,,agents,partial,passed:harness,branch-only,phase6,P7-A,apps/api/test/int/phase6-agents.test.ts: drafts option cards; a budget of three reads ... escalates,Plan and tools stages absent; accept/reject is the owner proposing the agent's draft,Primary chapter 49,v08.txt:page 173:L11634-L11658,branch+test
JRN-22,V8,Appendix D Canonical User Journey Catalog,173,Respond to a product incident Detect -> scope -> command -> contain -> communicate -> recover -> reconcile -> learn Incident commander Verified service and state restoration,,infrastructure,partial,passed:harness,merged,phase0,P7-D,"apps/api/test/int/gate22-degraded-recovery.test.ts; apps/api/test/int/audit-chain.test.ts: detects tampering, freezes","No incident command, communicate or learn stages; recover/reconcile exist for the degraded journal only",Primary chapter 60,,main+test
JRN-23,V8,Appendix D Canonical User Journey Catalog,173,Onboard and migrate a customer Discover -> configure -> map -> rehearse -> reconcile -> train -> cut over -> accept Implementation lead Signed readiness and rollback proof,,commercial,missing,unverified,none,omission,P7-F,scripts/demo.sh (demo seeding only),No onboarding/migration journey,Primary chapter 67,,main
JRN-24,V8,Appendix D Canonical User Journey Catalog,173,"Release and accept a capability Trace -> build -> test -> assure -> deploy -> exercise -> customer verify -> attest Product authority Scope-specific acceptance evidence E Product Requirement Master Index The master index resolves all 432 normative PR identities by stable chapter range. The chapter text is the controlling requirement statement; this index provides ownership, outcome, invariant, an…",,governance-docs,partial,passed:ci,merged,phase0,R0,.github/workflows/ci.yml; .github/workflows/c19-lifecycle.yml; scripts/gate/package-c17-evidence.mjs,Customer-verify and attest stages absent; FINAL C16/C17 not run (C15 block),Primary chapter 71,,main+test
OBJ-01,V8,Appendix G Work Object Action Catalog,186,"Evidence item View original Any evidence consumer Never mutates source bytes Source, digest, rights, custody, time",,intelligence,implemented,passed:harness,merged,phase1,done,apps/api/test/int/phase1-acceptance.test.ts: A2 — chain of custody and byte-identical retrieval; a retrieval writes its custody entry,,Chapter 17,v08.txt:page 186:L14272-L14341,main+test
OBJ-02,V8,Appendix G Work Object Action Catalog,186,"Evidence item Annotate Analyst or reviewer Creates a linked versioned annotation Actor, purpose, target segment, time",,intelligence,missing,unverified,none,omission,P2,,No evidence annotation,Chapter 17,v08.txt:page 186:L14274-L14341,
OBJ-03,V8,Appendix G Work Object Action Catalog,186,"Evidence item Correct or withdraw Source authority Non-destructive governed case Authority, reason, target, impact",,data-platform,implemented,passed:harness,merged,phase1,done,"apps/api/test/int/phase1-acceptance.test.ts: A8 — correction, withdrawal, supersession; apps/api/src/observation/corrections/corrections.service.ts",,Chapter 24,v08.txt:page 186:L14278-L14341,main+test
OBJ-04,V8,Appendix G Work Object Action Catalog,186,"Intelligence object Inspect Authorized consumer Shows canonical header and status Identity, version, time, truth, policy",,intelligence,partial,unverified,merged,phase0,P2,apps/web/app/observation/evidence/[evdId]/page.tsx; apps/web/app/admin/objects/page.tsx,Header shown per module page; no generic inspector for every object type,Chapter 17 | passed:browser lacked a resolved test/CI pointer → unverified,v08.txt:page 186:L14279-L14341,main
OBJ-05,V8,Appendix G Work Object Action Catalog,186,"Intelligence object Propose assessment Analyst or agent Creates separate derived object Evidence, method, uncertainty, owner",,intelligence,partial,passed:harness,merged,phase2,P2,apps/api/test/int/phase2-acceptance.test.ts: the stored claim carries the whole pin,Claims are derived objects with method/uncertainty; no 'assessment' object type,Chapter 21,v08.txt:page 186:L14282-L14341,main+test
OBJ-06,V8,Appendix G Work Object Action Catalog,186,"Entity Propose merge Steward or bounded agent No canonical effect before review Candidates, evidence, score, scope",,memory-graph,implemented,passed:harness,merged,phase3,done,apps/api/src/graph/graph.controller.ts (/entities/resolve -> /resolutions queue); apps/api/test/int/phase3-acceptance.test.ts,,Chapter 18,v08.txt:page 186:L14285-L14341,main+test
OBJ-07,V8,Appendix G Work Object Action Catalog,186,"Entity Commit merge Eligible steward Versioned reversible canonical revision Approval, mapping, impact, audit",,memory-graph,implemented,passed:harness,merged,phase3,done,apps/api/test/int/phase3-acceptance.test.ts: a known-at query BEFORE the split still reproduces the merged view (reversible revision),,Chapter 18,v08.txt:page 186:L14287-L14341,main+test
OBJ-08,V8,Appendix G Work Object Action Catalog,186,"Entity Split Eligible steward Preserves prior identity history Authority, reason, descendants, impact",,memory-graph,implemented,passed:harness,merged,phase3,done,apps/api/test/int/phase3-acceptance.test.ts: splits a merged entity without deleting anything; the new entity names the entity it was split from,,Chapter 18,v08.txt:page 186:L14288-L14341,main+test
OBJ-09,V8,Appendix G Work Object Action Catalog,186,"Relationship Propose Analyst or agent Remains a proposal until admitted Endpoints, type, time, evidence",,memory-graph,partial,unverified,merged,phase3,P3,"apps/api/src/graph/edges/edges.service.ts (/edges/build with claim/evidence, valid_from/to)",Edges are asserted directly; no proposal state before admission,Chapter 18 | passed:harness lacked a resolved test/CI pointer → unverified,v08.txt:page 186:L14290-L14341,main
OBJ-10,V8,Appendix G Work Object Action Catalog,186,"Relationship Adjudicate Steward or domain authority Commits, rejects, or qualifies proposal Rationale, evidence, revision",,memory-graph,missing,unverified,none,omission,P3,,No relationship adjudication step,Chapter 18,v08.txt:page 186:L14291-L14341,
OBJ-11,V8,Appendix G Work Object Action Catalog,186,"Claim Assert Authorized analyst or source adapter Explicit asserted truth state Proponent, evidence, scope, time",,intelligence,implemented,passed:harness,merged,phase2,done,apps/api/test/int/phase2-acceptance.test.ts: the schema REFUSES a claim whose lineage is incomplete; truth_state on objects,,Chapter 21,v08.txt:page 186:L14296-L14341,main+test
OBJ-12,V8,Appendix G Work Object Action Catalog,186,"Claim Assess Analyst, method, or agent Creates inference or assessment Method, confidence, uncertainty, dissent",,intelligence,partial,unverified,merged,phase2,P2,"apps/api/src/intelligence/extraction/extraction.service.ts (method, confidence, abstention)",No dissent on assessments; no assessment object,Chapter 21 | passed:harness lacked a resolved test/CI pointer → unverified,v08.txt:page 186:L14298-L14341,main
OBJ-13,V8,Appendix G Work Object Action Catalog,186,"Claim Contest Authorized reviewer Preserves competing position Counter-evidence, rationale, actor",,intelligence,missing,unverified,none,omission,P2,,No claim contest action,Chapter 21,v08.txt:page 186:L14300-L14341,
OBJ-14,V8,Appendix G Work Object Action Catalog,186,"Memory item Record Authorized knowledge owner Creates permission-aware version Source, audience, validity, retention",,memory-graph,missing,unverified,none,omission,P3,,No memory item,Chapter 20,v08.txt:page 186:L14302-L14341,
OBJ-15,V8,Appendix G Work Object Action Catalog,186,"Memory item Retrieve Purpose-authorized user or agent No mutation; access is audited Purpose, version, policy decision",,memory-graph,missing,unverified,none,omission,P3,,No memory retrieval,Chapter 20,v08.txt:page 186:L14306-L14341,
OBJ-16,V8,Appendix G Work Object Action Catalog,186,"Memory item Supersede Record authority Prior version remains replayable Reason, replacement, effective time",,memory-graph,missing,unverified,none,omission,P3,,No memory supersession,Chapter 20,v08.txt:page 186:L14307-L14341,
OBJ-17,V8,Appendix G Work Object Action Catalog,186,"Signal Nominate Detector, analyst, or agent Tentative until analyst disposition Baseline, deviation, sources, novelty",,prediction,missing,unverified,none,omission,P4,,No signal nomination,Chapter 25,v08.txt:page 186:L14309-L14341,
OBJ-18,V8,Appendix G Work Object Action Catalog,186,"Signal Disposition Eligible analyst Confirms, monitors, dismisses, or escalates Evidence, uncertainty, rationale",,prediction,missing,unverified,none,omission,P4,,No signal disposition,Chapter 25,v08.txt:page 186:L14312-L14341,
OBJ-19,V8,Appendix G Work Object Action Catalog,186,"Warning Issue Policy engine plus authorized owner Starts owned escalation lifecycle Trigger, severity, evidence, recipients",,prediction,partial,passed:harness,branch-only,phase4,P4,apps/api/test/int/phase4-acceptance.test.ts: D5/D6 ... raises a warning to a named owner,Issued by the indicator engine with an owner; no severity or recipients list,Chapter 26 | release_status merged → branch-only from the evidence at 2e83945,v08.txt:page 186:L14314-L14341,branch+test
OBJ-20,V8,Appendix G Work Object Action Catalog,186,"Warning Acknowledge Named recipient Records receipt, not agreement Actor, time, intended response",,prediction,implemented,passed:harness,branch-only,phase4,done,apps/api/src/prediction/prediction.controller.ts (/warnings/:warningId/acknowledge); e2e/phase4-prediction.demo.spec.ts: ACTION: a replayed warning is acknowledged,,Chapter 26 | release_status merged → branch-only from the evidence at 2e83945,v08.txt:page 186:L14316-L14341,branch+test
OBJ-21,V8,Appendix G Work Object Action Catalog,186,"Warning Suppress Authorized owner Time-bound reasoned suppression Scope, reason, expiry, approval",,prediction,missing,unverified,none,omission,P4,,No warning suppression,Chapter 26,v08.txt:page 186:L14318-L14341,
OBJ-22,V8,Appendix G Work Object Action Catalog,186,"Risk Accept assessment Risk owner Accepts current exposure model Appetite, uncertainty, controls, review",,prediction,missing,unverified,none,omission,P4,,No risk object,Chapter 27,v08.txt:page 186:L14320-L14341,
OBJ-23,V8,Appendix G Work Object Action Catalog,186,"Opportunity Sponsor Eligible sponsor Creates owned evaluation or initiative Objective, option, budget, conditions",,prediction,missing,unverified,none,omission,P4,,No opportunity object,Chapter 28,v08.txt:page 186:L14323-L14341,
OBJ-24,V8,Appendix G Work Object Action Catalog,186,"Forecast Publish Forecaster and reviewer Freezes cutoff, method, distribution Inputs, model, assumptions, horizon",,prediction,partial,passed:harness,branch-only,phase4,P4,"apps/api/test/int/phase4-acceptance.test.ts: D1 (cutoff, method, distribution frozen)",No reviewer step; forecaster issues alone,Chapter 32 | release_status merged → branch-only from the evidence at 2e83945,v08.txt:page 186:L14325-L14341,branch+test
OBJ-25,V8,Appendix G Work Object Action Catalog,186,"Forecast Supersede Forecast owner Prior forecast remains scoreable Reason, new version, effective time",,prediction,implemented,passed:harness,branch-only,phase4,done,apps/api/migrations/0029 (forecasts_current.superseded_by); apps/api/test/int/phase4-acceptance.test.ts: D4 · an outcome is scored,,Chapter 32 | release_status merged → branch-only from the evidence at 2e83945,v08.txt:page 186:L14328-L14341,branch+test
OBJ-26,V8,Appendix G Work Object Action Catalog,186,"Scenario Branch Scenario author Creates explicit alternative future Parent, divergence, assumptions, owner",,prediction,partial,unverified,branch-only,phase4,P4,apps/api/migrations/0029 (branches_current); apps/api/src/prediction/scenarios/scenarios.service.ts,Branches carry parent and indicator; no divergence narrative or per-branch assumptions,Chapter 33 | release_status merged → branch-only from the evidence at 2e83945 | passed:harness lacked a resolved test/CI pointer → unverified,v08.txt:page 186:L14329-L14341,branch
OBJ-27,V8,Appendix G Work Object Action Catalog,186,"Scenario package Install Customer package authority No data or tool use before approval Signature, rights, compatibility, scope",,marketplace,missing,unverified,none,omission,P7-C,,No scenario package install,Chapter 34,v08.txt:page 186:L14331-L14341,
OBJ-28,V8,Appendix G Work Object Action Catalog,186,"Simulation Execute Authorized operator Uses exact immutable run manifest Model, inputs, seed, constraints, budget ID WORK OBJECT ACTION ELIGIBLE ACTOR PRODUCT EFFECT REQUIRED EVIDENCE",,twin-simulation,implemented,passed:harness,branch-only,phase5,done,apps/api/test/int/phase5-simulations.test.ts: a CONTROL run completes ... digests recorded; a COLD process re-executes the stored contract,,Chapter 35 | release_status merged → branch-only from the evidence at 2e83945,v08.txt:page 186:L14338-L14341,branch+test
OBJ-29,V8,Appendix G Work Object Action Catalog,187,"Simulation Promote result Simulation reviewer Marks output fit for stated use Validation, sensitivity, limitations",,twin-simulation,missing,unverified,none,omission,P5,,No simulation result promotion by a reviewer,Chapter 35,v08.txt:page 187:L14347-L14389,
OBJ-30,V8,Appendix G Work Object Action Catalog,187,"Digital Twin Publish snapshot Twin owner Freezes observed state and validity Sources, time, model, quality, scope",,twin-simulation,implemented,passed:harness,branch-only,phase5,done,apps/api/test/int/phase5-twins.test.ts: grounding into an admitted version is refused; the state set digest is bound,,Chapter 36 | release_status merged → branch-only from the evidence at 2e83945,v08.txt:page 187:L14349-L14389,branch+test
OBJ-31,V8,Appendix G Work Object Action Catalog,187,"Digital Twin Create synthetic branch Planner or simulator Never overwrites observed state Parent, assumptions, model, purpose",,twin-simulation,implemented,passed:harness,branch-only,phase5,done,apps/api/test/int/phase5-twins.test.ts: an ALTERNATIVE branch forked from v1 coexists with the actual branch,,Chapter 36 | release_status merged → branch-only from the evidence at 2e83945,v08.txt:page 187:L14351-L14389,branch+test
OBJ-32,V8,Appendix G Work Object Action Catalog,187,"Decision case Mark decision- ready Independent reviewer Requires completeness and fresh digest Evidence, options, dissent, approvals",,decision,partial,passed:harness,branch-only,phase6,P6,apps/api/test/int/phase6-decisions.test.ts: PROPOSE binds the version ... the digest an approval will sign,Proposal is by the owner; no independent reviewer marks decision-ready,Chapter 38,v08.txt:page 187:L14354-L14389,branch+test
OBJ-33,V8,Appendix G Work Object Action Catalog,187,"Recommendation Accept for consideration Human reviewer Does not make the decision Explanation, evidence, uncertainty",,decision,missing,unverified,none,omission,P6,,No 'accept recommendation for consideration' action; agent option cards enter the draft directly,Chapter 38,v08.txt:page 187:L14359-L14389,
OBJ-34,V8,Appendix G Work Object Action Catalog,187,"Decision Approve Eligible human authority Creates non-repudiable institutional record Identity, authority, digest, rationale",,decision,implemented,passed:harness,branch-only,phase6,done,apps/api/test/int/phase6-approvals.test.ts: a named approver approves: APR admitted ... one live record,,Chapter 39,v08.txt:page 187:L14361-L14389,branch+test
OBJ-35,V8,Appendix G Work Object Action Catalog,187,"Decision Reject or defer Eligible human authority Records rationale and conditions Digest, rationale, next review",,decision,missing,unverified,none,omission,P6,,No reject/defer record with rationale and next review,Chapter 39,v08.txt:page 187:L14365-L14389,
OBJ-36,V8,Appendix G Work Object Action Catalog,187,"Commitment Create Decision workflow Requires approved decision or authority Owner, deadline, conditions, evidence",,decision,implemented,passed:harness,branch-only,phase6,done,"apps/api/test/int/phase6-approvals.test.ts: the bounded CMT lands in Phase 3's own graph, as a CMT@v1 object, resting on the DEC",,Chapter 39,v08.txt:page 187:L14367-L14389,branch+test
OBJ-37,V8,Appendix G Work Object Action Catalog,187,"Commitment Close Commitment owner and reviewer Requires completion and outcome evidence Deliverable, verification, exceptions",,decision,partial,passed:harness,branch-only,phase6,P6,apps/api/test/int/phase6-monitoring.test.ts: closure records the lessons as text on the outcomes; nothing reopens,"Closure requires outcomes; no reviewer co-sign, deliverable or exception record",Chapter 40,v08.txt:page 187:L14371-L14389,branch+test
OBJ-38,V8,Appendix G Work Object Action Catalog,187,"Agent run Pause or cancel Authorized user or safety control Stops new work and records residual state Reason, checkpoint, effects, escalation",,agents,missing,unverified,none,phase7,P7-A,apps/api/src/executive/executive.controller.ts (/agents/decision/:agentId/revoke — registration only),No pause/cancel of a running agent with checkpoint and residual state,Chapter 56,v08.txt:page 187:L14374-L14389,branch
OBJ-39,V8,Appendix G Work Object Action Catalog,187,"Publication Approve and deliver Publication authority Binds exact bytes to audience and channel Digest, classification, recipients, receipts",,executive-os,missing,unverified,none,omission,P6,,No publication approve-and-deliver binding bytes to audience and channel,Chapter 47,v08.txt:page 187:L14381-L14389,
OBJ-40,V8,Appendix G Work Object Action Catalog,187,"Product release Accept Named independent authorities Scope-limited, conditional, expiring acceptance Release, tests, evidence, conditions H Notification, Alert, and Escalation Catalog Notifications transport governed product state; they do not become a separate truth source or approval surface. Severity, evidence, owner, acknowledgment, escalation, correction, expiry, suppression, and delivery re…",,governance-docs,missing,unverified,none,omission,P7-F,,No product-release acceptance object by named independent authorities,Chapter 71,v08.txt:page 187:L14385-L14389,
HX-01,V8,Appendix H Explanation and Human-Authority Experience,190,"Evidence disclosure Show sources, citations, versions, cutoff, omissions, and policy-filtered scope Every assessment, warning, forecast, recommendation, and briefing Product may be viewed but not marked decision- ready",,ux,partial,passed:harness,branch-only,phase2,P2,"apps/web/app/intelligence/claims/page.tsx (lineage); apps/api/src/executive/briefings/briefing.service.ts (sources, cutoff); apps/api/test/int/phase6-briefings.test.ts",Omissions and policy-filtered scope are not disclosed as such on assessments/forecasts,Chapter 17; C-005/047 | release_status merged → branch-only from the evidence at 2e83945,v08.txt:page 190:L14791-L14916,branch+main+test
HX-02,V8,Appendix H Explanation and Human-Authority Experience,190,"Truth-state label Distinguish observed, asserted, inferred, assessed, synthetic, recommended, decided, corrected, and withdrawn Every material intelligence object Unsupported promotion is blocked",,ux,implemented,passed:browser,branch-only,phase0,done,apps/web/components/ui.tsx (TruthBadge); apps/web/components/observation.tsx (SyntheticMarker); e2e/phase6-decisions.demo.spec.ts: SYNTHETIC consequences; e2e/phase1-observation.spec.ts: 12.,,Chapter 21; C-005/047 | release_status merged → branch-only from the evidence at 2e83945,v08.txt:page 190:L14800-L14916,branch+main+test
HX-03,V8,Appendix H Explanation and Human-Authority Experience,190,"Uncertainty statement Show form, magnitude or class, drivers, calibration, and unsupported precision Forecasts, signals, assessments, simulations, recommendations Product is partial or abstains",,ux,partial,unverified,branch-only,phase4,P4,"apps/web/app/prediction/forecasts/page.tsx (quantiles, drivers); apps/web/app/prediction/calibration/page.tsx",Uncertainty statement exists for forecasts/options; not for signals or assessments; unsupported precision not flagged,Chapter 32; C-005/047 | release_status merged → branch-only from the evidence at 2e83945 | passed:browser lacked a resolved test/CI pointer → unverified,v08.txt:page 190:L14807-L14916,branch
HX-04,V8,Appendix H Explanation and Human-Authority Experience,190,Alternative explanations Show plausible alternatives and counter-evidence Material reasoning and causal assessments Independent review required,,ux,missing,unverified,none,omission,P2,,No alternative explanations/counter-evidence view,Chapter 21; C-005/047,v08.txt:page 190:L14815-L14916,
HX-05,V8,Appendix H Explanation and Human-Authority Experience,190,"Dissent preservation Show reviewer dissent, status, evidence, and disposition Assessments and decision packages Decision-ready status requires visible dissent",,ux,implemented,passed:harness,branch-only,phase6,done,"apps/api/test/int/phase6-decisions.test.ts: a named human dissents ... append-only; apps/api/test/int/phase6-replay.test.ts (prior dissent, 0047); e2e/phase6-decisions.demo.spec.ts: dissent",,Chapter 38; C-005/047,v08.txt:page 190:L14819-L14916,branch+test
HX-06,V8,Appendix H Explanation and Human-Authority Experience,190,"Method disclosure Show method, model, prompt or policy artifact, assumptions, and evaluation AI-assisted strategic products Use constrained when method is unresolved",,ux,partial,unverified,merged,phase2,P2,"apps/web/app/intelligence/methods/page.tsx; apps/web/app/intelligence/gateway/page.tsx (mode, model, versions)",Prompt artefact and evaluation results are not disclosed with the product,Chapter 61; C-005/047 | passed:browser lacked a resolved test/CI pointer → unverified,v08.txt:page 190:L14824-L14916,main
HX-07,V8,Appendix H Explanation and Human-Authority Experience,190,"Agent trace Show agent identity, plan, context, models, tools, actions, checkpoints, and refusals Every governed agent run Acceptance unavailable without trace closure",,ux,partial,unverified,branch-only,phase7,P7-A,apps/api/src/executive/agents/agents.service.ts (RunOutcome spent/stopReason/refusals),"No agent trace UI: plan, context, tools, actions, checkpoints",Chapter 56; C-005/047 | passed:harness lacked a resolved test/CI pointer → unverified,v08.txt:page 190:L14830-L14916,branch
HX-08,V8,Appendix H Explanation and Human-Authority Experience,190,"Recommendation rationale Connect objectives, evidence, alternatives, trade-offs, risk, uncertainty, and expected effect Every recommendation Recommendation remains non-decision- active",,ux,partial,unverified,branch-only,phase6,P6,"apps/web/app/decisions/page.tsx (options, consequences, uncertainty, choice, dissent)",No trade-off or expected-effect rationale; no recommendation object,Chapter 38; C-005/047 | passed:browser lacked a resolved test/CI pointer → unverified,,branch
HX-09,V8,Appendix H Explanation and Human-Authority Experience,190,"Human authority banner Name eligible authority, required reviewers, delegation, recusal, and current gate Consequential approval and commitment No eligible authority means no transition",,ux,partial,passed:browser,branch-only,phase6,P6,"apps/web/app/decisions/page.tsx (approvals, approver policy); apps/api/test/int/phase6-approvals.test.ts",Banner names approvals; no delegation/recusal/current-gate presentation,Chapter 39; C-005/047,,branch+test
HX-10,V8,Appendix H Explanation and Human-Authority Experience,190,"Exact decision digest Freeze question, options, evidence snapshot, recommendation, dissent, conditions, and version Human decision action Any change invalidates pending approval",,ux,implemented,passed:harness,branch-only,phase6,done,apps/api/test/int/phase6-decisions.test.ts: PROPOSE binds the version ... the digest an approval will sign; apps/api/test/int/phase6-approvals.test.ts: refuses a wrong digest,,Chapter 39; C-005/047,v08.txt:page 190:L14848-L14916,branch+test
HX-11,V8,Appendix H Explanation and Human-Authority Experience,190,"AI non-authority notice State that AI recommends, forecasts, simulates, reasons, and explains but does not decide AI-assisted decision flow Missing notice blocks acceptance",,ux,partial,passed:harness,branch-only,phase6,P7-E,apps/api/test/int/phase6-agents.test.ts: marked agent-produced; renders a report marked agent-produced,Agent-produced marks exist; no standing AI non-authority notice text in the UI,Chapter 38; C-005/047,v08.txt:page 190:L14850-L14916,branch+test
HX-12,V8,Appendix H Explanation and Human-Authority Experience,190,"Approval action separation Separate review, acknowledgment, approval, rejection, deferral, and publication actions All gates and notifications Ambiguous action is rejected",,ux,partial,unverified,branch-only,phase6,P6,"apps/api/src/decision/decision.controller.ts (propose, approve, dissent, commit, close as distinct routes); apps/api/src/policy/pdp.service.ts","Review, acknowledgment, deferral and publication are not distinct actions",Chapter 39; C-005/047 | passed:harness lacked a resolved test/CI pointer → unverified,,branch+main
HX-13,V8,Appendix H Explanation and Human-Authority Experience,190,"Consequence preview Show intended institutional effect, affected objects, reversibility, residual risk, and audit scope Commands, tool calls, decisions, commitments Effect cannot execute without review",,ux,missing,unverified,none,omission,P6,,"No consequence preview before commit (intended effect, affected objects, reversibility, residual risk)",Chapter 39; C-005/047,v08.txt:page 190:L14858-L14916,
HX-14,V8,Appendix H Explanation and Human-Authority Experience,190,"Contest and correction path Provide challenge, evidence submission, reviewer, status, escalation, and outcome Every decision-active intelligence product No contest path means non-conformance",,ux,partial,unverified,merged,phase1,P3,apps/web/app/observation/corrections/page.tsx; apps/api/src/observation/corrections/corrections.service.ts,Correction path exists for evidence; no challenge path with reviewer/status/escalation on decisions or assessments,Chapter 24; C-005/047 | passed:harness lacked a resolved test/CI pointer → unverified,,main
HX-15,V8,Appendix H Explanation and Human-Authority Experience,190,"Freshness and coverage state Show data cutoff, source health, missing intervals, coverage and projection watermarks Live and executive views Stale or partial state is visibly constrained",,ux,partial,passed:browser,merged,phase1,P1,"apps/web/app/observation/page.tsx (freshness, coverage); apps/web/components/observation.tsx (HealthBadge, MeasurementState); apps/api/test/int/phase1-acceptance.test.ts: A6",No projection watermark on graph/memory views; missing intervals shown per source only,Chapter 10; C-005/047,,main+test
HX-16,V8,Appendix H Explanation and Human-Authority Experience,190,"Degraded-mode contract State available functions, unavailable functions, limitations, maximum duration, owner, and exit evidence Every declared degraded mode Unsafe actions disabled automatically",,ux,partial,unverified,branch-only,phase4,P7-D,apps/web/components/ui.tsx (DegradedBanner); PHASE4_REPORT.md §12.1 The DEGRADED banner,"Banner states degraded; no available/unavailable functions, maximum duration, owner or exit evidence",Chapter 63; C-005/047 | release_status merged → branch-only from the evidence at 2e83945 | passed:browser lacked a resolved test/CI pointer → unverified,,branch+main
HX-17,V8,Appendix H Explanation and Human-Authority Experience,190,"Policy decision explanation Show identity, purpose, policy version, decision, obligations, denial reason, and appeal Access, privacy, residency, export, and model use Unresolved policy means deny or restrict",,ux,partial,passed:browser,merged,phase0,P7-D,e2e/phase0.spec.ts: 7. policy denial in UI + obligation evidence on audit view; apps/api/test/acceptance/acceptance.test.ts: audit.read returns allow_with_obligations,Denial reason and obligations shown; no policy version or appeal path,Chapter 59; C-005/047,,main+test
HX-18,V8,Appendix H Explanation and Human-Authority Experience,190,"Correction impact notice Link original, correction, affected products, decisions, required review, and closure Material correction or withdrawal Affected products cannot claim current completeness",,ux,partial,passed:harness,branch-only,phase1,P3,apps/web/app/graph/impact/page.tsx; apps/api/test/int/phase5-propagation.test.ts: PROPAGATION PENDING,Affected products listed via the walk; required review and closure not tracked,Chapter 24; C-005/047 | release_status merged → branch-only from the evidence at 2e83945,,branch+main+test
HX-19,V8,Appendix H Explanation and Human-Authority Experience,190,"Override record Capture human authority, reason, evidence, intended effect, residual risk, expiry, and review Human override of AI or automation Override without authority is denied",,ux,missing,unverified,none,phase7,P7-A,,No human override record,Chapter 56; C-005/047,v08.txt:page 190:L14903-L14916,
HX-20,V8,Appendix H Explanation and Human-Authority Experience,190,"Outcome and learning disclosure Separate observed outcome, attribution hypothesis, lesson, proposed change, and approval Decision Replay and learning No automatic self- modification Human decision action contract CONTROL BINDING PRODUCT BEHAVIOR Eligibility Resolve identity, role, delegation, separation, recusal, purpose, scope, time, device or session assurance, and required co-approval before p…",,ux,partial,passed:harness,branch-only,phase6,P7-B,apps/api/test/int/phase6-monitoring.test.ts: the OUT ... recorded on the outcomes; closure records the lessons,"Observed outcome and lesson text exist; attribution hypothesis, proposed change and approval absent",Chapter 40; C-005/047,,branch+test
GLB-01,V8,Appendix I Global Readiness Catalog,192,"Perceivable text Text alternatives, scalable text, reflow, spacing, contrast, non-color cues WCAG 2.2 AA automated and manual evidence All deployments and roles",,ux,partial,passed:browser,merged,phase0,P7-E,apps/web/app/globals.css; packages/tokens (design tokens); e2e/phase1-observation.spec.ts: 12. state is never carried by colour alone,"No WCAG 2.2 AA automated+manual evidence (contrast, reflow, spacing, scalable text)",Chapter 7; ADR-019; MET-034,v08.txt:page 192:L14944-L15039,main+test
GLB-02,V8,Appendix I Global Readiness Catalog,192,"Keyboard operation Complete journeys without pointer, visible focus, logical order, no traps Keyboard-only journey suite All interactive surfaces",,ux,partial,passed:browser,merged,phase0,P7-E,"e2e/phase0.spec.ts: 9. keyboard navigation and basic accessibility; e2e/phase1-observation.spec.ts: 11. keyboard operation, landmarks and labels",Keyboard-only suite covers Phase 0/1 shells only; no complete-journey suite across all workspaces,Chapter 7; ADR-019; MET-034,v08.txt:page 192:L14950-L15039,main+test
GLB-03,V8,Appendix I Global Readiness Catalog,192,"Screen reader semantics Landmarks, names, roles, states, relationships, live-region restraint NVDA, JAWS, VoiceOver, and platform tests Material web and native journeys",,ux,partial,passed:browser,branch-only,phase0,P7-E,"e2e/phase1-observation.spec.ts: 11. keyboard operation, landmarks and labels; apps/web/app/**/page.tsx (aria-* usage)",No NVDA/JAWS/VoiceOver evidence; live-region policy undefined,Chapter 7; ADR-019; MET-034 | release_status merged → branch-only from the evidence at 2e83945,v08.txt:page 192:L14954-L15039,branch+main+test
GLB-04,V8,Appendix I Global Readiness Catalog,192,"Motor accessibility Target size, alternatives to drag, no path-only gestures, switch compatibility Manual and assistive input tests Desktop, tablet, and mobile",,ux,missing,unverified,none,omission,P7-E,,"No target-size, drag-alternative or switch-compatibility evidence",Chapter 7; ADR-019; MET-034,v08.txt:page 192:L14958-L15039,
GLB-05,V8,Appendix I Global Readiness Catalog,192,"Cognitive accessibility Plain labels, consistent actions, error prevention, review, help, no forced memory Expert and representative-user review Decision and administration journeys",,ux,missing,unverified,none,omission,P7-E,,No cognitive-accessibility review,Chapter 7; ADR-019; MET-034,v08.txt:page 192:L14961-L15039,
GLB-06,V8,Appendix I Global Readiness Catalog,192,"Time and motion Adjustable timeouts, pause controls, reduced motion, no unsafe flashing Automated and manual fixtures Alerts, live views, simulations",,ux,partial,unverified,merged,phase0,P7-E,apps/web/app/globals.css (prefers-reduced-motion),No adjustable timeouts or pause controls; session expiry not adjustable,Chapter 7; ADR-019; MET-034 | passed:browser lacked a resolved test/CI pointer → unverified,v08.txt:page 192:L14968-L15039,main
GLB-07,V8,Appendix I Global Readiness Catalog,192,"Data visualization accessibility Text summary, table alternative, patterns, focus order, described uncertainty Visual and screen-reader QA Graphs, charts, maps, timelines",,ux,partial,unverified,branch-only,phase0,P7-E,apps/web/app/prediction/forecasts/page.tsx; apps/web/app/prediction/calibration/page.tsx (tabular presentation),"No charts yet; when added, text summary/table alternative rules must apply",Chapter 7; ADR-019; MET-034 | release_status merged → branch-only from the evidence at 2e83945,,branch
GLB-08,V8,Appendix I Global Readiness Catalog,192,"Decision accessibility Exact digest, readable alternatives, explanation, review time, non- visual approval End-to-end authority tests All consequential decisions",,ux,partial,passed:browser,branch-only,phase0,P7-E,e2e/phase6-decisions.demo.spec.ts: DECISIONS ... approvals,No non-visual approval journey evidence,Chapter 7; ADR-019; MET-034 | release_status merged → branch-only from the evidence at 2e83945,v08.txt:page 192:L14976-L15039,branch+test
GLB-09,V8,Appendix I Global Readiness Catalog,192,"Alert accessibility Multimodal severity, persistent state, acknowledgment, no color-only meaning Warning journey and assistive tests Early Warning System",,ux,partial,passed:browser,branch-only,phase0,P7-E,apps/web/app/prediction/warnings/page.tsx; e2e/phase1-observation.spec.ts: 12.,No multimodal severity (no severity classes) or persistent alert state,Chapter 7; ADR-019; MET-034 | release_status merged → branch-only from the evidence at 2e83945,v08.txt:page 192:L14979-L15039,branch+main+test
GLB-10,V8,Appendix I Global Readiness Catalog,192,"Document accessibility Tagged reading order, headings, tables, links, language, alt text PDF and office artifact audit Reports, briefings, exports",,ux,missing,unverified,none,omission,P7-E,,No tagged PDF/office artefacts; report render is not audited,Chapter 7; ADR-019; MET-034,v08.txt:page 192:L14985-L15039,
GLB-11,V8,Appendix I Global Readiness Catalog,192,"Language negotiation User, content, tenant, and object language remain distinct Locale and fallback fixtures All deployments",,ux,missing,unverified,none,omission,P7-E,apps/web/lib/i18n.ts (single UI locale),"User, content, tenant and object language are not distinguished",Chapter 7; ADR-019; MET-034,v08.txt:page 192:L14987-L15039,main
GLB-12,V8,Appendix I Global Readiness Catalog,192,"Translation provenance Identify source language, translator or model, version, review, and confidence Translation alignment and review Decision-active translated content",,ux,missing,unverified,none,omission,P7-E,,No translation provenance (no translation),Chapter 7; ADR-019; MET-034,v08.txt:page 192:L14988-L15039,
GLB-13,V8,Appendix I Global Readiness Catalog,192,"Bidirectional scripts Logical and visual order, mixed identifiers, tables, graphs, and forms Arabic and Hebrew journey suite Supported RTL locales",,ux,partial,passed:browser,merged,phase0,P7-E,e2e/phase0.spec.ts: 10. RTL-layout smoke; e2e/phase1-observation.spec.ts: 14. the shell mirrors under RTL,"Mixed identifiers, tables, graphs and forms under RTL not tested; Arabic strings partial",Chapter 7; ADR-019; MET-034,v08.txt:page 192:L14991-L15039,main+test
GLB-14,V8,Appendix I Global Readiness Catalog,192,"Complex scripts Shaping, line break, search, sort, input, export, and font coverage Representative script corpus Supported locales",,ux,missing,unverified,none,omission,P7-E,,No complex-script corpus tests,Chapter 7; ADR-019; MET-034,v08.txt:page 192:L14993-L15039,
GLB-15,V8,Appendix I Global Readiness Catalog,192,"Timezone and calendar Store canonical instants; show user and event zones; preserve calendar basis DST, leap, historical-zone fixtures Timeline and scheduling functions",,ux,partial,passed:harness,branch-only,phase0,P7-E,apps/api/migrations/0006_objects.sql (canonical instants); apps/web/components/observation.tsx (fmtInstant); apps/api/test/int/phase5-simulations.test.ts: observed_through as the day the contract named — never a local-midnight,User vs event zone display and calendar basis not implemented,Chapter 7; ADR-019; MET-034 | release_status merged → branch-only from the evidence at 2e83945,v08.txt:page 192:L14994-L15039,branch+main+test
GLB-16,V8,Appendix I Global Readiness Catalog,192,"Numbers and currency Locale format without altering canonical value, precision, or unit Round-trip and comparison tests Metrics, finance, simulation",,ux,missing,unverified,none,omission,P7-E,,No locale number/currency formatting,Chapter 7; ADR-019; MET-034,v08.txt:page 192:L14999-L15039,
GLB-17,V8,Appendix I Global Readiness Catalog,192,"Units and measurement Preserve original and canonical units, conversion method, uncertainty Conversion and export fixtures Scientific, operational, climate data",,ux,partial,passed:harness,branch-only,phase0,P7-E,"apps/api/test/int/phase6-monitoring.test.ts: refused ... for a wrong criterion, unit or element",Units are checked on outcomes; no conversion method or uncertainty preservation,Chapter 7; ADR-019; MET-034 | release_status merged → branch-only from the evidence at 2e83945,v08.txt:page 192:L15001-L15039,branch+test
GLB-18,V8,Appendix I Global Readiness Catalog,192,"Names and addresses Unicode-safe identity, local order, aliases, transliteration, no forced Western form International identity corpus People and organization objects",,ux,missing,unverified,none,omission,P7-E,,No transliteration/alias handling for names,Chapter 7; ADR-019; MET-034,v08.txt:page 192:L15006-L15039,
GLB-19,V8,Appendix I Global Readiness Catalog,192,"Jurisdictional content Separate translation, legal text, effective date, authority, and applicability Regulatory domain review Regulation and policy products",,ux,missing,unverified,none,omission,P7-E,,No jurisdictional content model,Chapter 7; ADR-019; MET-034,v08.txt:page 192:L15011-L15039,
GLB-20,V8,Appendix I Global Readiness Catalog,192,"Reading level and terminology Canonical term plus role-appropriate explanation without semantic dilution Terminology and comprehension tests Executive, analyst, operator audiences",,ux,missing,unverified,none,omission,P7-E,,No terminology registry or role-appropriate explanation layer,Chapter 7; ADR-019; MET-034,,
GLB-21,V8,Appendix I Global Readiness Catalog,192,"Low bandwidth Prioritize critical state, progressive loading, explicit incompleteness, resumable transfer Network shaping tests Field and constrained environments",,ux,missing,unverified,none,omission,P7-E,,No low-bandwidth/progressive loading,Chapter 7; ADR-019; MET-034,v08.txt:page 192:L15023-L15039,
GLB-22,V8,Appendix I Global Readiness Catalog,192,"Offline accessibility Assistive settings, local help, keyboard, cached alternatives, safe synchronization Disconnected journey tests Approved offline profiles",,ux,missing,unverified,none,omission,P7-E,,No offline mode,Chapter 7; ADR-019; MET-034,v08.txt:page 192:L15028-L15039,
GLB-23,V8,Appendix I Global Readiness Catalog,192,"Device and display range Responsive layouts, zoom, orientation, large display, secure kiosk Device matrix and visual QA Supported client profiles",,ux,partial,passed:browser,merged,phase0,P7-E,e2e/phase1-observation.spec.ts: 14. ... never scrolls the page sideways,"No device matrix, zoom, orientation or kiosk QA",Chapter 7; ADR-019; MET-034,v08.txt:page 192:L15032-L15039,main+test
GLB-24,V8,Appendix I Global Readiness Catalog,192,"Accessibility governance Named owner, defect severity, regression gate, exception expiry, user feedback Release and operations evidence Every accepted capability K Deployment Parity and Offline Behavior Matrix Deployment parity preserves product semantics while allowing controlled provider, topology, locality, capacity, and operating-responsibility variance. Offline and air-gapped states are expl…",,ux,missing,unverified,none,omission,P7-E,,"No accessibility owner, severity policy, regression gate or exception expiry",Chapter 7; ADR-019; MET-034,,
PAR-01,V8,Appendix J Deployment Parity Catalog,193,"Human authority and approval Identical authority, digest, separation, signature, and audit semantics Local identity provider and signing implementation Golden decision journey",,infrastructure,missing,unverified,none,phase7,P7-D,"docker-compose.yml (one local profile); infra/images/candidates/*.Dockerfile; .github/workflows/ci.yml: build-test; apps/api/src/decision/approvals/approval.service.ts; apps/api/migrations/0042_decision_approvals_and_commitment.sql; apps/api/test/int/phase6-approvals.test.ts: a named approver approves: APR admitted, the version and package approved at quorum; the ROUTE pins C3 ... two authorities commit concurrently and exactly one; after commitment nothing reopens; role-at-scope with a quorum of two DISTINCT humans; e2e/phase6-decisions.demo.spec.ts: DECISIONS ... approvals and the C3 commitment",Semantics exist in one code path (ch. 39) but no second deployment profile or cross-profile fixture proves identical behaviour,ADR-020; C-042; MET-035,,branch+main+test
PAR-02,V8,Appendix J Deployment Parity Catalog,193,"Canonical objects Identical identity, version, time, truth, provenance, policy, correction Storage and indexing technology Export, re-import, and replay",,infrastructure,missing,unverified,none,phase7,P7-D,"docker-compose.yml (one local profile); infra/images/candidates/*.Dockerfile; .github/workflows/ci.yml: build-test; apps/api/migrations/0006_objects.sql (lifecycle_state, truth_state, supersedes, correction_of, withdrawal_reason); apps/api/src/objects/objects.controller.ts; apps/api/test/acceptance/acceptance.test.ts: creates, corrects (non-destructive), and version-conflicts correctly; apps/api/test/int/phase1-acceptance.test.ts: a WITHDRAWAL says so in the truth state",Semantics exist in one code path (ch. 6) but no second deployment profile or cross-profile fixture proves identical behaviour,ADR-020; C-042; MET-035,v08.txt:page 193:L15060-L15173,branch+main+test
PAR-03,V8,Appendix J Deployment Parity Catalog,193,"Knowledge Graph Identical ontology, temporal revision, provenance, query, and stewardship Graph engine and scaling topology Graph fixture and migration suite",,infrastructure,missing,unverified,none,phase7,P7-D,"docker-compose.yml (one local profile); infra/images/candidates/*.Dockerfile; .github/workflows/ci.yml: build-test; apps/api/src/graph/graph.controller.ts (/neighbourhood, /path, /edges/*); apps/web/app/graph/explore/page.tsx; apps/api/test/int/phase3-acceptance.test.ts: C5 — edges carry temporal validity and provenance, and as-of has no hindsight; apps/api/test/int/phase3-corrections.test.ts: a four-hop chain is found, and the search is complete",Semantics exist in one code path (ch. 19) but no second deployment profile or cross-profile fixture proves identical behaviour,ADR-020; C-042; MET-035,v08.txt:page 193:L15066-L15173,branch+main+test
PAR-04,V8,Appendix J Deployment Parity Catalog,193,"Enterprise Memory Identical record, permission, retention, correction, and temporal retrieval Repository implementation Memory replay and rights tests",,infrastructure,missing,unverified,none,phase7,P7-D,"docker-compose.yml (one local profile); infra/images/candidates/*.Dockerfile; .github/workflows/ci.yml: build-test; apps/api/src/graph/strategy/strategy.service.ts (objective, assumption, decision, commitment, outcome); apps/api/migrations/0041_decision_packages.sql; 0042_decision_approvals_and_commitment.sql; apps/api/test/int/phase6-approvals.test.ts: the bounded CMT lands in Phase 3's own graph, as a CMT@v1 object",Semantics exist in one code path (ch. 20) but no second deployment profile or cross-profile fixture proves identical behaviour,ADR-020; C-042; MET-035,v08.txt:page 193:L15072-L15173,branch+main+test
PAR-05,V8,Appendix J Deployment Parity Catalog,193,"Digital Twins Identical observed and synthetic separation, versions, validity, and replay Compute and state engine Twin branch and time- travel suite",,infrastructure,missing,unverified,none,phase7,P7-D,docker-compose.yml (one local profile); infra/images/candidates/*.Dockerfile; .github/workflows/ci.yml: build-test; apps/api/src/twin/twins/twin.service.ts; apps/api/migrations/0032_twin_registry.sql; 0034_twin_propagation_and_reconciliation.sql; 0035_twin_cutoffs_scenario_binding_reconciliation.sql; apps/web/app/twins/page.tsx; apps/api/test/int/phase5-twins.test.ts: an ALTERNATIVE branch forked from v1 coexists with the actual branch; E2 · synthetic state folds UPWARD; apps/api/test/int/phase5-propagation.test.ts: a simulated element citing a run is reconciled against a later observation,Semantics exist in one code path (ch. 36) but no second deployment profile or cross-profile fixture proves identical behaviour,ADR-020; C-042; MET-035,v08.txt:page 193:L15079-L15173,branch+main+test
PAR-06,V8,Appendix J Deployment Parity Catalog,193,"Forecasting horizons Identical six horizons, cutoff, distribution, calibration, and scoring Model and accelerator selection Backtest and scoring fixtures",,infrastructure,missing,unverified,none,phase7,P7-D,"docker-compose.yml (one local profile); infra/images/candidates/*.Dockerfile; .github/workflows/ci.yml: build-test; apps/api/src/prediction/forecasting/forecasting.service.ts (30d/90d/180d/1y/3y/5y); apps/api/src/prediction/models/models.ts (seasonal naive, Holt-Winters, pinball); apps/web/app/prediction/forecasts/page.tsx; apps/web/app/prediction/calibration/page.tsx; apps/api/test/int/phase4-acceptance.test.ts: D1 · a forecast names distribution, horizon, drivers, assumptions and evidence — or is refused; D4 · an outcome is scored from the observation known at the target; e2e/phase4-prediction.demo.spec.ts: the calibration screen labels every backtest with its knowledge mode",Semantics exist in one code path (ch. 32) but no second deployment profile or cross-profile fixture proves identical behaviour,ADR-020; C-042; MET-035 | UNRESOLVED pointer(s) at 2e83945: D3/D4 · a backtest scores the learned model AGAINST seasonal naive,v08.txt:page 193:L15084-L15173,branch+main+test
PAR-07,V8,Appendix J Deployment Parity Catalog,193,"Scenarios and simulations Identical assumptions, versions, seeds, reproducibility, and validity state Scheduler and compute capacity Cross-profile run comparison",,infrastructure,missing,unverified,none,phase7,P7-D,"docker-compose.yml (one local profile); infra/images/candidates/*.Dockerfile; .github/workflows/ci.yml: build-test; apps/api/src/twin/simulations/simulation.service.ts; apps/api/src/twin/simulations/reproduce-worker.ts; apps/api/migrations/0033_simulation_runs.sql; 0036_run_input_availability_and_scenario_as_of.sql; apps/web/app/twins/simulations/page.tsx; apps/api/test/int/phase5-simulations.test.ts: a CONTROL run completes: outputs bound, digests recorded, the SIM object SYNTHETIC; a COLD process re-executes the stored contract; e2e/phase4-prediction.demo.spec.ts: SIMULATIONS",Semantics exist in one code path (ch. 35) but no second deployment profile or cross-profile fixture proves identical behaviour,ADR-020; C-042; MET-035,,branch+main+test
PAR-08,V8,Appendix J Deployment Parity Catalog,193,Decision Replay Identical decision-time reconstruction and immutable history Archive media and locality Historical replay fixture,,infrastructure,missing,unverified,none,phase7,P7-D,docker-compose.yml (one local profile); infra/images/candidates/*.Dockerfile; .github/workflows/ci.yml: build-test; apps/api/src/decision/replay/replay.service.ts; apps/api/migrations/0043_decision_replay.sql; 0045_decision_monitoring_and_outcomes.sql; 0047_replay_prior_dissent.sql; apps/api/test/int/phase6-replay.test.ts: known / believed / tested hold only what was recorded under the cut-offs; an earlier as_of excludes what came after it; apps/api/test/int/phase6-monitoring.test.ts: the OUT: refused without the reconciliation; closure records the lessons as text; e2e/phase6-decisions.demo.spec.ts: REPLAY,Semantics exist in one code path (ch. 40) but no second deployment profile or cross-profile fixture proves identical behaviour,ADR-020; C-042; MET-035,v08.txt:page 193:L15099-L15173,branch+main+test
PAR-09,V8,Appendix J Deployment Parity Catalog,193,"Agent authority Identical role, tool, data, budget, gate, trace, stop, and override Sandbox and model providers Agent conformance suite",,infrastructure,missing,unverified,none,phase7,P7-D,"docker-compose.yml (one local profile); infra/images/candidates/*.Dockerfile; .github/workflows/ci.yml: build-test; apps/api/src/executive/agents/agents.service.ts (budgets max_reads/max_gateway_calls/max_elapsed_ms; SUPPORTED_STOP_CONDITIONS; escalation principal); apps/api/migrations/0046_executive_agents_and_runs.sql; apps/api/src/executive/executive.controller.ts (/agents/decision/register, revoke, list, run, schedule); apps/api/test/int/phase6-agents.test.ts: registration is the tenant administrator's; a budget of three reads: the run stops before anything is admitted, records the reason and escalates",Semantics exist in one code path (ch. 49) but no second deployment profile or cross-profile fixture proves identical behaviour,ADR-020; C-042; MET-035,v08.txt:page 193:L15102-L15173,branch+main+test
PAR-10,V8,Appendix J Deployment Parity Catalog,193,"Trust and provenance Identical chain, signatures, verification, correction, and receipts Trust anchors and key custody Offline and online verification",,infrastructure,missing,unverified,none,phase7,P7-D,"docker-compose.yml (one local profile); infra/images/candidates/*.Dockerfile; .github/workflows/ci.yml: build-test; apps/web/app/observation/evidence/[evdId]/page.tsx (authenticity, custody, history); apps/web/app/admin/audit/page.tsx (chain-integrity status); apps/api/test/int/gate22-audit-verify.test.ts: a byte-level rewrite that preserves the parsed JSON is caught; e2e/phase0.spec.ts: 8. audit viewer shows events and chain-integrity status; packages/contracts (JCS/RFC 8785 digests)",Semantics exist in one code path (ch. 57) but no second deployment profile or cross-profile fixture proves identical behaviour,ADR-020; C-042; MET-035,v08.txt:page 193:L15106-L15173,branch+main+test
PAR-11,V8,Appendix J Deployment Parity Catalog,193,"Policy and privacy Identical purpose, minimization, consent, rights, retention, and denial Policy engine deployment Positive and negative policy fixtures",,infrastructure,missing,unverified,none,phase7,P7-D,"docker-compose.yml (one local profile); infra/images/candidates/*.Dockerfile; .github/workflows/ci.yml: build-test; apps/api/src/policy/pdp.service.ts; apps/api/migrations/0003_policy.sql; apps/api/test/acceptance/acceptance.test.ts: missing purpose on a protected operation → deny; audit.read returns allow_with_obligations and the mask is EXECUTED; apps/api/src/observation/observation.controller.ts (/sources/:sourceId/rights); apps/api/migrations/0006_objects.sql (classification, purpose_scope, rights_profile, residency_profile, retention_profile)",Semantics exist in one code path (ch. 59) but no second deployment profile or cross-profile fixture proves identical behaviour,ADR-020; C-042; MET-035,v08.txt:page 193:L15113-L15173,branch+main+test
PAR-12,V8,Appendix J Deployment Parity Catalog,193,"Residency and sovereignty Identical declared locality and transfer semantics Regions, sites, key and admin locus Location and transfer attestation",,infrastructure,missing,unverified,none,phase7,P7-D,"docker-compose.yml (one local profile); infra/images/candidates/*.Dockerfile; .github/workflows/ci.yml: build-test; apps/api/src/policy/pdp.service.ts; apps/api/migrations/0003_policy.sql; apps/api/test/acceptance/acceptance.test.ts: missing purpose on a protected operation → deny; audit.read returns allow_with_obligations and the mask is EXECUTED; apps/api/src/observation/observation.controller.ts (/sources/:sourceId/rights); apps/api/migrations/0006_objects.sql (classification, purpose_scope, rights_profile, residency_profile, retention_profile)",Semantics exist in one code path (ch. 59) but no second deployment profile or cross-profile fixture proves identical behaviour,ADR-020; C-042; MET-035,v08.txt:page 193:L15116-L15173,branch+main+test
PAR-13,V8,Appendix J Deployment Parity Catalog,193,"Security isolation Identical tenant, domain, workload, network, and privilege contracts Physical and virtual boundary choice Isolation and attack tests",,infrastructure,missing,unverified,none,phase7,P7-D,docker-compose.yml (one local profile); infra/images/candidates/*.Dockerfile; .github/workflows/ci.yml: build-test; apps/api/src/tenancy/tenancy.service.ts (residency_profile); apps/api/migrations/0002_identity_tenancy.sql (RLS); apps/api/test/int/domain-isolation.test.ts: tenant context cannot COUNT other-tenant rows; e2e/phase0.spec.ts: 4. cross-tenant access denied without metadata leakage,Semantics exist in one code path (ch. 3) but no second deployment profile or cross-profile fixture proves identical behaviour,ADR-020; C-042; MET-035,v08.txt:page 193:L15121-L15173,branch+main+test
PAR-14,V8,Appendix J Deployment Parity Catalog,193,"Reliability state Identical SLO meaning, product state, degradation, recovery, and evidence Topology and service objective values Fault and mode-transition suite",,infrastructure,missing,unverified,none,phase7,P7-D,"docker-compose.yml (one local profile); infra/images/candidates/*.Dockerfile; .github/workflows/ci.yml: build-test; apps/api/src/health/health.controller.ts (/healthz, /readyz); apps/api/src/shared/degraded-store.ts; apps/api/src/audit/reconcile-degraded.ts; apps/web/components/ui.tsx (DegradedBanner); apps/web/app/admin/page.tsx (Service health); apps/api/test/int/gate22-degraded-recovery.test.ts: the correctly-bound capability reconciles AND writes inseparable evidence; apps/api/test/int/phase1-fault-injection.test.ts; e2e/phase4-prediction.demo.spec.ts: the API is HEALTHY behind the banner-free shell",Semantics exist in one code path (ch. 63) but no second deployment profile or cross-profile fixture proves identical behaviour,ADR-020; C-042; MET-035,v08.txt:page 193:L15125-L15173,branch+main+test
PAR-15,V8,Appendix J Deployment Parity Catalog,193,"Integrations Identical API, command, query, event, export, error, and compatibility contracts Gateway and transport products Consumer contract suite",,infrastructure,missing,unverified,none,phase7,P7-D,"docker-compose.yml (one local profile); infra/images/candidates/*.Dockerfile; .github/workflows/ci.yml: build-test; packages/contracts (envelope header, header registry, JCS); apps/api/src/objects/objects.controller.ts; apps/api/src/observation/observation.controller.ts (/evidence/:evdId/download); packages/contracts/test/envelope-header.test.ts; apps/api/test/int/rfc8785-crosslang.test.ts",Semantics exist in one code path (ch. 64) but no second deployment profile or cross-profile fixture proves identical behaviour,ADR-020; C-042; MET-035,v08.txt:page 193:L15131-L15173,branch+main+test
PAR-16,V8,Appendix J Deployment Parity Catalog,193,"Marketplaces Identical package identity, provenance, evaluation, permission, and lifecycle Distribution channel Install, rollback, and revocation tests",,infrastructure,missing,unverified,none,phase7,P7-D,,Underlying capability absent (ch. 34); parity undefined,ADR-020; C-042; MET-035,v08.txt:page 193:L15135-L15173,
PAR-17,V8,Appendix J Deployment Parity Catalog,193,Accessibility Identical journey completeness and equivalent interaction Client platform and assistive tooling Common accessibility suite,,infrastructure,missing,unverified,none,phase7,P7-D,"docker-compose.yml (one local profile); infra/images/candidates/*.Dockerfile; .github/workflows/ci.yml: build-test; apps/web/lib/i18n.ts (en, ar; RTL); apps/web/app/globals.css (:focus-visible, prefers-reduced-motion); e2e/phase0.spec.ts: 9. keyboard navigation and basic accessibility; e2e/phase1-observation.spec.ts: 11. keyboard operation, landmarks and labels; 12. state is never carried by colour alone; 14. the shell mirrors under RTL",Semantics exist in one code path (ch. 7) but no second deployment profile or cross-profile fixture proves identical behaviour,ADR-020; C-042; MET-035 | UNRESOLVED pointer(s) at 2e83945: 10. light/dark presentation and RTL-layout smoke,v08.txt:page 193:L15138-L15173,branch+main+test
PAR-18,V8,Appendix J Deployment Parity Catalog,193,"Localization Identical strategic meaning, canonical values, time, and legal effect Installed locale set Round-trip locale fixtures",,infrastructure,missing,unverified,none,phase7,P7-D,"docker-compose.yml (one local profile); infra/images/candidates/*.Dockerfile; .github/workflows/ci.yml: build-test; apps/web/lib/i18n.ts (en, ar; RTL); apps/web/app/globals.css (:focus-visible, prefers-reduced-motion); e2e/phase0.spec.ts: 9. keyboard navigation and basic accessibility; e2e/phase1-observation.spec.ts: 11. keyboard operation, landmarks and labels; 12. state is never carried by colour alone; 14. the shell mirrors under RTL",Semantics exist in one code path (ch. 7) but no second deployment profile or cross-profile fixture proves identical behaviour,ADR-020; C-042; MET-035 | UNRESOLVED pointer(s) at 2e83945: 10. light/dark presentation and RTL-layout smoke,v08.txt:page 193:L15144-L15173,branch+main+test
PAR-19,V8,Appendix J Deployment Parity Catalog,193,"Mobile and field Identical object, authority, explanation, and correction semantics Device features and secure container Device journey matrix",,infrastructure,missing,unverified,none,phase7,P7-D,,Underlying capability absent (ch. 48); parity undefined,ADR-020; C-042; MET-035,v08.txt:page 193:L15145-L15173,
PAR-20,V8,Appendix J Deployment Parity Catalog,193,"Disconnected operation Identical scoped package, expiry, queued effect, conflict, and reconciliation Sync window and transfer medium Network-loss and merge tests",,infrastructure,missing,unverified,none,phase7,P7-D,,Underlying capability absent (ch. 48); parity undefined,ADR-020; C-042; MET-035,v08.txt:page 193:L15149-L15173,
PAR-21,V8,Appendix J Deployment Parity Catalog,193,"Air-gapped updates Identical signed release, data, model, agent, policy, and revocation lifecycle Transfer procedure Import, verify, rollback, and audit drill",,infrastructure,missing,unverified,none,phase7,P7-D,,Underlying capability absent (ch. 65); parity undefined,ADR-020; C-042; MET-035,v08.txt:page 193:L15155-L15173,
PAR-22,V8,Appendix J Deployment Parity Catalog,193,"Customer control Identical export, key, support-access, evidence, retention, and deletion rights Responsibility allocation Customer-operated control exercise",,infrastructure,missing,unverified,none,phase7,P7-D,"docker-compose.yml (one local profile); infra/images/candidates/*.Dockerfile; .github/workflows/ci.yml: build-test; packages/contracts (envelope header, header registry, JCS); apps/api/src/objects/objects.controller.ts; apps/api/src/observation/observation.controller.ts (/evidence/:evdId/download); packages/contracts/test/envelope-header.test.ts; apps/api/test/int/rfc8785-crosslang.test.ts",Semantics exist in one code path (ch. 64) but no second deployment profile or cross-profile fixture proves identical behaviour,ADR-020; C-042; MET-035,v08.txt:page 193:L15159-L15173,branch+main+test
PAR-23,V8,Appendix J Deployment Parity Catalog,193,"Entitlement and licensing Identical capability meaning, limits, grace, preservation, and audit Online or offline license mechanism License-loss and reconciliation tests",,infrastructure,missing,unverified,none,phase7,P7-D,,Underlying capability absent (ch. 66); parity undefined,ADR-020; C-042; MET-035,v08.txt:page 193:L15161-L15173,
PAR-24,V8,Appendix J Deployment Parity Catalog,193,"Acceptance Identical requirement, journey, evidence, exception, and authority model Local witnesses and environment Signed deployment acceptance Failure and degraded product-state matrix ID CONDITION DECLARED PRODUCT STATE MANDATORY USER INFORMATION PERMITTED CONTINUITY EXIT EVIDENCE",,infrastructure,missing,unverified,none,phase7,P7-D,"docker-compose.yml (one local profile); infra/images/candidates/*.Dockerfile; .github/workflows/ci.yml: build-test; apps/api/test/acceptance/acceptance.test.ts; .github/workflows/ci.yml: build-test, browser-regression, supply-chain; .github/workflows/c19-lifecycle.yml: lifecycle; scripts/gate/package-c17-evidence.mjs; PHASE1_REPORT.md … PHASE6_REPORT.md",Semantics exist in one code path (ch. 71) but no second deployment profile or cross-profile fixture proves identical behaviour,ADR-020; C-042; MET-035 | UNRESOLVED pointer(s) at 2e83945: apps/api/test/int/phase*-acceptance.test.ts,v08.txt:page 193:L15168-L15173,branch+main+test
FEX-01,V8,Appendix K Failure and Degraded Experience Catalog,194,"Source unavailable Observation degraded Last successful observation, retry state, affected coverage Alternative source only if pre- approved Source health and reconciliation pass",,observation,implemented,passed:harness,branch-only,phase1,done,apps/api/test/int/phase6-scheduled-collection.test.ts: a FAILED run: the publisher answers 500; apps/api/test/int/phase1-acceptance.test.ts: A6,Last successful observation and retry state recorded; alternative-source fallback not built,Chapter 10; C-043 | release_status merged → branch-only from the evidence at 2e83945,,branch+main+test
FEX-02,V8,Appendix K Failure and Degraded Experience Catalog,194,"Source rights revoked Collection prohibited Revocation authority, affected data and products None Rights restored or source retired",,observation,partial,passed:harness,merged,phase1,P1,"apps/api/src/observation/observation.controller.ts (/sources/:sourceId/rights, transition); apps/api/test/int/phase1-acceptance.test.ts: A1",Collection stops on rights withdrawal; affected downstream products are not enumerated,Chapter 9; C-043,v08.txt:page 194:L15194-L15375,main+test
FEX-03,V8,Appendix K Failure and Degraded Experience Catalog,194,"Freshness expired Intelligence stale Cutoff, expected arrival, impact, next action Last verified state with visible expiry Fresh source admitted and products reconciled",,observation,partial,unverified,branch-only,phase1,P1,apps/web/components/observation.tsx (HealthBadge); apps/api/migrations/0029 (attention_state on forecasts),Expiry shown on sources/forecasts; expected arrival and next action not shown,Chapter 10; C-043 | release_status merged → branch-only from the evidence at 2e83945 | passed:browser lacked a resolved test/CI pointer → unverified,v08.txt:page 194:L15197-L15375,branch+main
FEX-04,V8,Appendix K Failure and Degraded Experience Catalog,194,"Coverage incomplete Intelligence partial Missing dimensions, consequence, confidence impact Bounded use under declared scope Coverage restored or authority accepts limitation",,observation,partial,passed:harness,merged,phase1,P1,apps/api/test/int/phase1-acceptance.test.ts: A6 — coverage ... honesty of unknown; e2e/phase1-observation.spec.ts: 5.,Consequence and confidence impact of missing dimensions not computed,Chapter 10; C-043,v08.txt:page 194:L15201-L15375,main+test
FEX-05,V8,Appendix K Failure and Degraded Experience Catalog,194,"Evidence quarantined Intake blocked Reason, custody, reviewer, downstream non-use None for quarantined item Authorized release or rejection",,observation,implemented,passed:harness,merged,phase1,done,apps/api/test/int/phase1-acceptance.test.ts: QUARANTINE AND EVIDENCE ARE SEPARATE VOLUMES; e2e/phase1-observation.spec.ts: 8.,,Chapter 16; C-043,v08.txt:page 194:L15208-L15375,main+test
FEX-06,V8,Appendix K Failure and Degraded Experience Catalog,194,"Policy indeterminate Access restricted Policy versions, conflict, owner, appeal Most restrictive valid access Adjudicated policy decision",,identity-policy,partial,passed:harness,merged,phase0,P7-D,apps/api/test/acceptance/acceptance.test.ts: denied request: POL + AUD recorded; missing purpose ... deny,Deny is the only indeterminate outcome; no conflict/owner/appeal exposure,Chapter 59; C-043,v08.txt:page 194:L15211-L15375,main+test
FEX-07,V8,Appendix K Failure and Degraded Experience Catalog,194,"Identity ambiguous Canonical mutation blocked Candidates, evidence, score, steward task Keep identities separate Stewarded resolution and impact closure",,memory-graph,implemented,passed:harness,merged,phase3,done,"apps/api/src/graph/entities/resolution.service.ts (candidates queued, no canonical effect before decide); apps/api/test/int/phase3-acceptance.test.ts",,Chapter 18; C-043,v08.txt:page 194:L15213-L15375,main+test
FEX-08,V8,Appendix K Failure and Degraded Experience Catalog,194,Graph projection stale Exploration degraded Canonical revision and projection watermark Canonical or last verified read with label Projection rebuild and digest reconciliation,,memory-graph,missing,unverified,none,omission,P3,apps/api/src/graph/graph.controller.ts (/projections/verify),No projection watermark/last-verified read on exploration,Chapter 19; C-043,,main
FEX-09,V8,Appendix K Failure and Degraded Experience Catalog,194,"Memory unavailable Institutional context degraded Affected classes, last verified retrieval, policy state Read-only cached items if authorized Store and index reconciliation",,memory-graph,missing,unverified,none,omission,P3,,No memory tier,Chapter 20; C-043,v08.txt:page 194:L15225-L15375,
FEX-10,V8,Appendix K Failure and Degraded Experience Catalog,194,"Contradiction unresolved Assessment disputed Competing claims, evidence, reviewers, downstream impact Preserve all views; no false consensus Accepted disposition or explicit continuing dissent",,intelligence,missing,unverified,none,omission,P2,,No contradiction handling,Chapter 21; C-043,,
FEX-11,V8,Appendix K Failure and Degraded Experience Catalog,194,"Forecast uncalibrated Forecast constrained Horizon, method, evaluation breach, affected uses Prior valid forecast or abstention Re-evaluation and authority approval",,prediction,partial,passed:harness,branch-only,phase4,P4,apps/api/test/int/phase4-acceptance.test.ts: D3 · the learned model is used only when the backtest says it earned it,Baseline fallback exists; explicit abstention product and affected-use listing absent,Chapter 32; C-043 | release_status merged → branch-only from the evidence at 2e83945,,branch+test
FEX-12,V8,Appendix K Failure and Degraded Experience Catalog,194,Scenario inconsistent Scenario non- decision-active Conflicting assumptions and branches Draft-only comparison Scenario review passes,,prediction,missing,unverified,none,omission,P4,,No scenario consistency check,Chapter 33; C-043,v08.txt:page 194:L15254-L15375,
FEX-13,V8,Appendix K Failure and Degraded Experience Catalog,194,"Simulation invalid Output non- decision-active Failed validity rule, run manifest, partial results None beyond diagnostic use Revalidated model and reproduced run",,twin-simulation,partial,passed:harness,branch-only,phase5,P5,apps/api/test/int/phase5-simulations.test.ts: UNREPRODUCIBLE verdict; a failed completion,Failed validity marks the run; no diagnostic-only partial result use,Chapter 35; C-043 | release_status merged → branch-only from the evidence at 2e83945,v08.txt:page 194:L15256-L15375,branch+test
FEX-14,V8,Appendix K Failure and Degraded Experience Catalog,194,"Twin unsynchronized Twin degraded Last observed snapshot, missing sources, drift Historical snapshot with expiry Synchronization and validation pass",,twin-simulation,partial,passed:harness,branch-only,phase5,P5,apps/api/test/int/phase5-propagation.test.ts: PROPAGATION PENDING; the citing version goes UNVERIFIED,No expiry on historical snapshot use,Chapter 36; C-043 | release_status merged → branch-only from the evidence at 2e83945,v08.txt:page 194:L15260-L15375,branch+test
FEX-15,V8,Appendix K Failure and Degraded Experience Catalog,194,"Recommendation unsupported Decision package incomplete Missing evidence, explanation, alternatives, or uncertainty Human-led analysis without recommendation Completeness and review pass",,decision,partial,passed:harness,branch-only,phase6,P6,apps/api/test/int/phase6-decisions.test.ts: the proposal is refused while the choice is missing,"Refusal, not a human-led incomplete-package mode",Chapter 38; C-043,,branch+test
FEX-16,V8,Appendix K Failure and Degraded Experience Catalog,194,"Approval authority unavailable Consequential transition held Required authority, delegation, expiry, decision digest Draft and review continue Eligible authority acts",,decision,partial,passed:harness,branch-only,phase6,P6,apps/api/test/int/phase6-approvals.test.ts: expiry ends an approval; role-at-scope with a quorum,Held transition exists (no commit without quorum); delegation and expiry of authority not exposed,Chapter 39; C-043,,branch+test
FEX-17,V8,Appendix K Failure and Degraded Experience Catalog,194,"Decision digest changed Approval invalidated Changed fields, versions, reason, affected approvers None Full re-review and approval",,decision,implemented,passed:harness,branch-only,phase6,done,apps/api/test/int/phase6-decisions.test.ts: a new version ... proposing it supersedes; apps/api/test/int/phase6-approvals.test.ts: refuses a wrong digest,,Chapter 39; C-043,v08.txt:page 194:L15280-L15375,branch+test
FEX-18,V8,Appendix K Failure and Degraded Experience Catalog,194,"Commitment partial effect Workflow non- terminal Completed and residual effects, owners, compensation Contained operations only Effects reconciled and authority closes",,decision,missing,unverified,none,omission,P6,,No partial-effect/compensation handling for commitments,Chapter 39; C-043,,
FEX-19,V8,Appendix K Failure and Degraded Experience Catalog,194,"Agent context incomplete Agent abstained Missing context, policy-filtered scope, requested input Human completes task or supplies authorized context Context admitted and run restarted",,agents,partial,passed:harness,merged,phase7,P7-A,apps/api/test/int/phase2-acceptance.test.ts: an abstention is its own outcome,Abstention exists for extraction; no agent context-incomplete handoff to a human,Chapter 56; C-043 | release_status branch-only → merged from the evidence at 2e83945,v08.txt:page 194:L15290-L15375,main+test
FEX-20,V8,Appendix K Failure and Degraded Experience Catalog,194,"Agent tool denied Agent constrained Requested tool, permission, reason, alternatives Non-side-effect reasoning only Permission granted or plan revised",,agents,partial,passed:harness,branch-only,phase7,P7-A,"apps/api/test/int/phase6-agents.test.ts: approve, dissent and commit are refused at the PDP with no grant",Refusals recorded; no alternatives offered,Chapter 56; C-043,v08.txt:page 194:L15296-L15375,branch+test
FEX-21,V8,Appendix K Failure and Degraded Experience Catalog,194,"Agent stop requested Run stopping Stop source, checkpoint, in-flight action, residual effects No new tasks or tool actions Stop confirmed and residual state reconciled",,agents,partial,passed:harness,branch-only,phase7,P7-A,apps/api/test/int/phase6-agents.test.ts: a budget of three reads: the run stops,Budget stop only; no human stop request with checkpoint,Chapter 56; C-043,v08.txt:page 194:L15299-L15375,branch+test
FEX-22,V8,Appendix K Failure and Degraded Experience Catalog,194,"Model provider unavailable AI capability degraded Affected method, approved alternatives, data locality Approved fallback or abstention Provider or approved substitute passes checks",,learning-evaluation,partial,unverified,merged,phase7,P7-B,apps/api/src/intelligence/gateway/model-gateway.service.ts (replay | local-live; NO HOSTED MODEL API),No approved fallback list per method; provider unavailability is a failed call,Chapter 61; C-043 | passed:harness lacked a resolved test/CI pointer → unverified,,main
FEX-23,V8,Appendix K Failure and Degraded Experience Catalog,194,"Integration partial delivery External effect indeterminate Request, receipt, checkpoint, committed subset No blind retry Reconciliation then idempotent completion",,commercial,missing,unverified,none,omission,P7-F,,No outbound integrations,Chapter 64; C-043,,
FEX-24,V8,Appendix K Failure and Degraded Experience Catalog,194,"Export verification failed Package quarantined Manifest, signature, missing objects, destination None Rebuilt and independently verified export",,commercial,partial,passed:ci,merged,phase0,P7-F,scripts/gate/assert-final-manifests.mjs; apps/api/test/gate/final-manifest-verifier.test.ts,Applies to release evidence packages only; no customer data export packages,Chapter 64; C-043,,main+test
FEX-25,V8,Appendix K Failure and Degraded Experience Catalog,194,"Tenant isolation uncertain Access and processing denied Suspected scope, affected sessions, investigation None outside verified unaffected cells Isolation and integrity evidence closes",,identity-policy,implemented,passed:harness,merged,phase0,done,apps/api/test/int/domain-isolation.test.ts: sees zero rows in every scoped table without a signed context; apps/api/test/acceptance/acceptance.test.ts: fails closed on scope ambiguity,,Chapter 3; C-043,,main+test
FEX-26,V8,Appendix K Failure and Degraded Experience Catalog,194,"Client offline Disconnected mode Local scope, watermark, expiry, queued work Pre-authorized offline functions Sync and conflict reconciliation",,ux,missing,unverified,none,omission,P7-E,,No offline mode,Chapter 48; C-043,v08.txt:page 194:L15336-L15375,
FEX-27,V8,Appendix K Failure and Degraded Experience Catalog,194,"Local device compromised Offline access revoked Device, cached scope, revocation, incident None Wipe, credential recovery, and incident closure",,ux,missing,unverified,none,omission,P7-E,,No device management,Chapter 48; C-043,,
FEX-28,V8,Appendix K Failure and Degraded Experience Catalog,194,"Service capacity exhausted Admission constrained Queues, priorities, rejected scope, forecast Consequence-based prioritization Capacity and backlog recover within SLO",,infrastructure,missing,unverified,none,omission,P7-D,,No admission control or consequence-based prioritization under capacity exhaustion,Chapter 63; C-043,,
FEX-29,V8,Appendix K Failure and Degraded Experience Catalog,194,"Product state recovering Recovery mode Restored components, unreconciled state, safe actions Read-only or scoped functions Authoritative, derived, policy, and audit reconciliation",,infrastructure,implemented,passed:harness,merged,phase0,done,apps/api/test/int/gate22-degraded-recovery.test.ts: markRecovered refuses while the ledger still shows unreconciled incidents; apps/api/src/health/degraded-reconciliation.service.ts,,Chapter 63; C-043,v08.txt:page 194:L15355-L15375,main+test
FEX-30,V8,Appendix K Failure and Degraded Experience Catalog,194,"Entitlement indeterminate Commercial grace mode Last valid entitlement, limits, expiry, affected capability Declared grace preserving customer work License reconciliation",,commercial,missing,unverified,none,omission,P7-F,,No entitlements,Chapter 66; C-043,,
FEX-31,V8,Appendix K Failure and Degraded Experience Catalog,194,"Acceptance evidence expired Capability constrained Expired test, condition, scope, owner Previously accepted unaffected scope only Evidence renewed and reaccepted ID CONDITION DECLARED PRODUCT STATE MANDATORY USER INFORMATION PERMITTED CONTINUITY EXIT EVIDENCE",,governance-docs,missing,unverified,none,omission,R0,,No acceptance-evidence expiry,Chapter 71; C-043,,
FEX-32,V8,Appendix K Failure and Degraded Experience Catalog,195,"Cross-volume conformance conflict Release held Conflicting authorities, impacted requirements and journeys Last conformant release Governing authority resolves and trace closes Disconnected synchronization contract PHASE BINDING BEHAVIOR Package creation Select authorized objects and dependencies; bind identity, policy, keys, revocations, cutoffs, expiry, provenance, schema, release, destination…",,governance-docs,missing,unverified,none,omission,P7-F,,No cross-volume conformance register,Chapter 72; C-043,v08.txt:page 195:L15387-L15402,
ENT-01,V8,Appendix L Entitlement Catalog,196,"Universal Strategic Intelligence Core Canonical objects, graph, memory, trust, roles, workflows, audit, API, export Every deployment Cannot be removed from a conformant product Product authority",,commercial,missing,unverified,none,omission,P7-F,"apps/api/migrations/0006_objects.sql (lifecycle_state, truth_state, supersedes, correction_of, withdrawal_reason); apps/api/src/objects/objects.controller.ts; apps/api/test/acceptance/acceptance.test.ts: creates, corrects (non-destructive), and version-conflicts correctly; apps/api/test/int/phase1-acceptance.test.ts: a WITHDRAWAL says so in the truth state",No entitlement mechanism exists (ch. 66); the underlying capability is partial (ch. 6),ADR-022; PAR-23,,main+test
ENT-02,V8,Appendix L Entitlement Catalog,196,"World Observation Source registry, collection plans, external and internal acquisition, coverage Authorized source and capacity limits Rights and customer purpose remain mandatory Collection authority",,commercial,missing,unverified,none,omission,P7-F,"apps/api/src/observation/observation.controller.ts (/sources/register, approve, transition, rights, evaluate, readiness); apps/api/src/observation/sources/source-contract.ts; apps/api/migrations/0022_observation_registry_and_evidence.sql; 0028_phase4_source_contract_v2.sql; apps/web/app/observation/sources/**; apps/api/test/int/phase1-acceptance.test.ts: A1 — source contract: the full §7 field set and every fail-closed case; e2e/phase1-observation.spec.ts: 1.–3.",No entitlement mechanism exists (ch. 66); the underlying capability is partial (ch. 9),ADR-022; PAR-23,v08.txt:page 196:L15428-L15596,branch+main+test
ENT-03,V8,Appendix L Entitlement Catalog,196,"Knowledge and Memory Entity, relationship, Knowledge Graph, Enterprise Memory, search Tenant and domain scope Canonical semantic contract remains universal Knowledge authority",,commercial,missing,unverified,none,omission,P7-F,"apps/api/src/graph/graph.controller.ts (/neighbourhood, /path, /edges/*); apps/web/app/graph/explore/page.tsx; apps/api/test/int/phase3-acceptance.test.ts: C5 — edges carry temporal validity and provenance, and as-of has no hindsight; apps/api/test/int/phase3-corrections.test.ts: a four-hop chain is found, and the search is complete",No entitlement mechanism exists (ch. 66); the underlying capability is partial (ch. 19),ADR-022; PAR-23,v08.txt:page 196:L15436-L15596,main+test
ENT-04,V8,Appendix L Entitlement Catalog,196,"Foresight Signals, warnings, risk, opportunity, domain intelligence, forecasts Approved domains, methods, models, and horizons Six canonical horizons remain named Foresight authority",,commercial,missing,unverified,none,omission,P7-F,"apps/api/src/prediction/prediction.controller.ts (/warnings/*, /indicators/*); apps/api/migrations/0029_prediction_forecasts_scenarios_warnings_outcomes.sql (warnings_current: consequence, confidence, response_window, routed_to); apps/web/app/prediction/warnings/page.tsx; apps/api/test/int/phase4-acceptance.test.ts: D5/D6 · an indicator breach FLIPS the branch with a receipt and raises a warning to a named owner; D6 · a warning nobody acknowledged before its window closed is recorded as EXPIRED; e2e/phase4-prediction.demo.spec.ts: ACTION/STATE cases",No entitlement mechanism exists (ch. 66); the underlying capability is partial (ch. 26),ADR-022; PAR-23,v08.txt:page 196:L15444-L15596,branch+test
ENT-05,V8,Appendix L Entitlement Catalog,196,"Scenario Intelligence Scenario authoring, comparison, indicators, Marketplace consumer Author and package entitlements Scenario plurality cannot be disabled Strategy authority",,commercial,missing,unverified,none,omission,P7-F,"apps/api/src/prediction/scenarios/scenarios.service.ts; apps/api/migrations/0029 (scenarios_current, branches_current); 0037_branch_flip_under_both_clocks.sql; apps/web/app/prediction/scenarios/page.tsx; apps/api/test/int/phase4-acceptance.test.ts: D5/D6 · an indicator breach FLIPS the branch; e2e/phase4-prediction.demo.spec.ts: the scenario tree shows the flipped branch with its decision deadline",No entitlement mechanism exists (ch. 66); the underlying capability is partial (ch. 33),ADR-022; PAR-23,v08.txt:page 196:L15453-L15596,branch+test
ENT-06,V8,Appendix L Entitlement Catalog,196,"Simulation Simulation design, compute, run control, sensitivity, validation Run, capacity, accelerator, and model limits Validity and reproducibility remain mandatory Simulation authority",,commercial,missing,unverified,none,omission,P7-F,"apps/api/src/twin/simulations/simulation.service.ts; apps/api/src/twin/simulations/reproduce-worker.ts; apps/api/migrations/0033_simulation_runs.sql; 0036_run_input_availability_and_scenario_as_of.sql; apps/web/app/twins/simulations/page.tsx; apps/api/test/int/phase5-simulations.test.ts: a CONTROL run completes: outputs bound, digests recorded, the SIM object SYNTHETIC; a COLD process re-executes the stored contract; e2e/phase4-prediction.demo.spec.ts: SIMULATIONS",No entitlement mechanism exists (ch. 66); the underlying capability is partial (ch. 35),ADR-022; PAR-23,v08.txt:page 196:L15461-L15596,branch+test
ENT-07,V8,Appendix L Entitlement Catalog,196,"Digital Twin Portfolio Twin types, observed snapshots, branches, models, time travel Licensed twin families and capacity Observed and synthetic state remain separate Twin authority",,commercial,missing,unverified,none,omission,P7-F,apps/api/src/twin/twins/twin.service.ts; apps/api/migrations/0032_twin_registry.sql; 0034_twin_propagation_and_reconciliation.sql; 0035_twin_cutoffs_scenario_binding_reconciliation.sql; apps/web/app/twins/page.tsx; apps/api/test/int/phase5-twins.test.ts: an ALTERNATIVE branch forked from v1 coexists with the actual branch; E2 · synthetic state folds UPWARD; apps/api/test/int/phase5-propagation.test.ts: a simulated element citing a run is reconciled against a later observation,No entitlement mechanism exists (ch. 66); the underlying capability is partial (ch. 36),ADR-022; PAR-23,v08.txt:page 196:L15470-L15596,branch+test
ENT-08,V8,Appendix L Entitlement Catalog,196,"Decision Intelligence Cases, recommendations, approval, commitments, Decision Replay Named decision roles and consequence classes Human final authority cannot be sold or transferred Decision authority",,commercial,missing,unverified,none,omission,P7-F,"apps/api/src/decision/approvals/approval.service.ts; apps/api/migrations/0042_decision_approvals_and_commitment.sql; apps/api/test/int/phase6-approvals.test.ts: a named approver approves: APR admitted, the version and package approved at quorum; the ROUTE pins C3 ... two authorities commit concurrently and exactly one; after commitment nothing reopens; role-at-scope with a quorum of two DISTINCT humans; e2e/phase6-decisions.demo.spec.ts: DECISIONS ... approvals and the C3 commitment",No entitlement mechanism exists (ch. 66); the underlying capability is partial (ch. 39),ADR-022; PAR-23,v08.txt:page 196:L15478-L15596,branch+test
ENT-09,V8,Appendix L Entitlement Catalog,196,"Executive Operating System Executive cadence, briefings, health, priority queue, planning Named executive and support roles Underlying evidence and explanation remain accessible Executive authority",,commercial,missing,unverified,none,omission,P7-F,"apps/web/app/decisions/page.tsx; apps/web/app/decisions/briefings/page.tsx; apps/api/src/executive/rooms/room.service.ts; apps/api/migrations/0044_executive_rooms_and_briefings.sql (review_every_days, next_review_at); apps/api/test/int/phase6-briefings.test.ts: a room is opened by the package owner only; review overdue is a fact of the clock; e2e/phase6-decisions.demo.spec.ts: BRIEFINGS",No entitlement mechanism exists (ch. 66); the underlying capability is partial (ch. 41),ADR-022; PAR-23,v08.txt:page 182:L13338-L13548:page-mismatch,branch+test
ENT-10,V8,Appendix L Entitlement Catalog,196,"Agent Platform Registry, invocation, supervision, tools, trace, override Agent count, run, tool, model, and capacity limits Bounded authority and evaluation remain mandatory Agent governance",,commercial,missing,unverified,none,omission,P7-F,"apps/api/src/executive/agents/agents.service.ts (budgets max_reads/max_gateway_calls/max_elapsed_ms; SUPPORTED_STOP_CONDITIONS; escalation principal); apps/api/migrations/0046_executive_agents_and_runs.sql; apps/api/src/executive/executive.controller.ts (/agents/decision/register, revoke, list, run, schedule); apps/api/test/int/phase6-agents.test.ts: registration is the tenant administrator's; a budget of three reads: the run stops before anything is admitted, records the reason and escalates",No entitlement mechanism exists (ch. 66); the underlying capability is partial (ch. 49),ADR-022; PAR-23,v08.txt:page 196:L15497-L15596,branch+test
ENT-11,V8,Appendix L Entitlement Catalog,196,"Agent Marketplace Discovery, purchase, install, evaluation, lifecycle Publisher and consumer entitlement Customer approval and sandbox cannot be bypassed Marketplace governance",,commercial,missing,unverified,none,omission,P7-F,"apps/api/src/executive/agents/agents.service.ts (budgets max_reads/max_gateway_calls/max_elapsed_ms; SUPPORTED_STOP_CONDITIONS; escalation principal); apps/api/migrations/0046_executive_agents_and_runs.sql; apps/api/src/executive/executive.controller.ts (/agents/decision/register, revoke, list, run, schedule); apps/api/test/int/phase6-agents.test.ts: registration is the tenant administrator's; a budget of three reads: the run stops before anything is admitted, records the reason and escalates",No entitlement mechanism exists (ch. 66); the underlying capability is partial (ch. 49),ADR-022; PAR-23,v08.txt:page 196:L15505-L15596,branch+test
ENT-12,V8,Appendix L Entitlement Catalog,196,"Scenario Marketplace Discovery, purchase, install, configure, evaluate, update Publisher and consumer entitlement Assumptions, provenance, and compatibility remain visible Marketplace governance",,commercial,missing,unverified,none,omission,P7-F,,No entitlement mechanism exists (ch. 66); the underlying capability is missing (ch. 34),ADR-022; PAR-23,v08.txt:page 196:L15514-L15596,
ENT-13,V8,Appendix L Entitlement Catalog,196,"Domain Intelligence Package Governed ontology, sources, models, agents, workspaces, metrics Approved tenant domains Cannot fork canonical core semantics Domain authority",,commercial,missing,unverified,none,omission,P7-F,,No entitlement mechanism exists (ch. 66); the underlying capability is missing (ch. 31),ADR-022; PAR-23,,
ENT-14,V8,Appendix L Entitlement Catalog,196,"Advanced Integration High-volume APIs, events, CDC, custom connectors, exchange Rate, transfer, connector, and environment limits Controls and receipts remain identical Integration authority",,commercial,missing,unverified,none,omission,P7-F,,No entitlement mechanism exists (ch. 66); the underlying capability is missing (ch. 14),ADR-022; PAR-23,v08.txt:page 196:L15532-L15596,
ENT-15,V8,Appendix L Entitlement Catalog,196,"Disconnected and Air- Gapped Operations Offline packages, synchronization, portable updates, local verification Approved deployment and operating procedure Expiry, conflict, revocation, and audit remain mandatory Customer security authority",,commercial,missing,unverified,none,omission,P7-F,,No entitlement mechanism exists (ch. 66); the underlying capability is missing (ch. 48),ADR-022; PAR-23,,
ENT-16,V8,Appendix L Entitlement Catalog,196,"Sovereign Control Package Customer keys, administrative control, residency, evidence export Private Cloud or On- Premise profile Does not weaken platform security duties Customer authority",,commercial,missing,unverified,none,omission,P7-F,"apps/api/src/policy/pdp.service.ts; apps/api/migrations/0003_policy.sql; apps/api/test/acceptance/acceptance.test.ts: missing purpose on a protected operation → deny; audit.read returns allow_with_obligations and the mask is EXECUTED; apps/api/src/observation/observation.controller.ts (/sources/:sourceId/rights); apps/api/migrations/0006_objects.sql (classification, purpose_scope, rights_profile, residency_profile, retention_profile)",No entitlement mechanism exists (ch. 66); the underlying capability is partial (ch. 59),ADR-022; PAR-23,,main+test
ENT-17,V8,Appendix L Entitlement Catalog,196,"Premium Service and Support Service objectives, named support, response, readiness exercises Contracted customer and environments Support access remains customer- approved Service authority",,commercial,missing,unverified,none,omission,P7-F,,No entitlement mechanism exists (ch. 66); the underlying capability is missing (ch. 69),ADR-022; PAR-23,,
ENT-18,V8,Appendix L Entitlement Catalog,196,"Capacity Entitlement Storage, observation, users, agent runs, model inference, simulation Measured units and declared grace Limit must not corrupt or discard governed state Commercial operations",,commercial,missing,unverified,none,omission,P7-F,,No entitlement mechanism exists (ch. 66); the underlying capability is missing (ch. 66),ADR-022; PAR-23,v08.txt:page 196:L15573-L15596,
ENT-19,V8,Appendix L Entitlement Catalog,196,"Evaluation and Sandbox Package, model, agent, scenario, and data evaluation environment Non-production scope and expiry No production authority or data expansion Governance authority",,commercial,missing,unverified,none,omission,P7-F,"apps/api/src/intelligence/methods/methods.service.ts (/methods/register, approve, transition); apps/web/app/intelligence/methods/page.tsx; apps/web/app/intelligence/gateway/page.tsx; apps/api/test/int/phase2-acceptance.test.ts: each call carries mode, model, versions and an outcome; the call log is append-only; apps/api/src/executive/agents/agents.service.ts (agent registry)",No entitlement mechanism exists (ch. 66); the underlying capability is partial (ch. 61),ADR-022; PAR-23,v08.txt:page 196:L15581-L15596,branch+main+test
ENT-20,V8,Appendix L Entitlement Catalog,196,"Publisher Program Signing, certification, listing, telemetry, update, revocation Approved publishers and package classes Publisher cannot self-certify customer use Marketplace governance Marketplace package lifecycle STAGE REQUIRED PRODUCT CONTRACT Publish Verify publisher, source and build provenance, signature, rights, package identity, dependencies, data and tool requests, models, ontology, do…",,commercial,missing,unverified,none,omission,P7-F,,No entitlement mechanism exists (ch. 66); the underlying capability is missing (ch. 34),ADR-022; PAR-23,v08.txt:page 196:L15589-L15596,
MET-001,V8,Appendix M Product Metric Catalog,198,"Strategic loop closure rate Decisions with linked objective, evidence, foresight, commitment, outcome, and learning Decision + tenant + period Higher with completeness threshold Monthly Executive product owner",,commercial,missing,unverified,none,omission,P7-F,,No loop-closure metric computed; build the analytics service of ch. 70 to compute and report it,Chapter 2,,
MET-002,V8,Appendix M Product Metric Catalog,198,"Decision package completeness Required evidence, alternatives, risks, dissent, explanation, and authority present Decision class + deployment 100% before decision-ready Per gate Decision product owner",,commercial,partial,unverified,branch-only,omission,P7-F,"apps/api/src/decision/packages/package.service.ts; apps/api/migrations/0041_decision_packages.sql; 0048_phase6_review_corrections.sql; apps/web/app/decisions/page.tsx; apps/api/test/int/phase6-decisions.test.ts: an option on a completed run binds version and digest, is SIMULATED, and carries uncertainty; one common baseline; the decision agent holds exactly ONE write; e2e/phase6-decisions.demo.spec.ts: DECISIONS","Completeness is enforced at propose (refusal), not measured as a rate; build the analytics service of ch. 70 to compute and report it",Chapter 38,,branch+test
MET-003,V8,Appendix M Product Metric Catalog,198,Decision Replay success Historical decision snapshots reconstructed without unresolved versions Tenant + decision cohort 100% accepted decisions Quarterl y Governance,,commercial,partial,unverified,branch-only,omission,P7-F,apps/api/src/decision/replay/replay.service.ts; apps/api/migrations/0043_decision_replay.sql; 0045_decision_monitoring_and_outcomes.sql; 0047_replay_prior_dissent.sql; apps/api/test/int/phase6-replay.test.ts: known / believed / tested hold only what was recorded under the cut-offs; an earlier as_of excludes what came after it; apps/api/test/int/phase6-monitoring.test.ts: the OUT: refused without the reconciliation; closure records the lessons as text; e2e/phase6-decisions.demo.spec.ts: REPLAY,Replay availability is reported per replay (apps/api/test/int/phase6-replay.test.ts); no cohort success rate; build the analytics service of ch. 70 to compute and report it,Chapter 40,v08.txt:page 198:L15655-L15801,branch+test
MET-004,V8,Appendix M Product Metric Catalog,198,Human authority integrity Consequential effects bound to eligible human digest and audit Consequence class + deployment 100% Continuo us Trust authority,,commercial,partial,unverified,branch-only,omission,P7-F,"apps/api/src/decision/approvals/approval.service.ts; apps/api/migrations/0042_decision_approvals_and_commitment.sql; apps/api/test/int/phase6-approvals.test.ts: a named approver approves: APR admitted, the version and package approved at quorum; the ROUTE pins C3 ... two authorities commit concurrently and exactly one; after commitment nothing reopens; role-at-scope with a quorum of two DISTINCT humans; e2e/phase6-decisions.demo.spec.ts: DECISIONS ... approvals and the C3 commitment",Human authority integrity is enforced (phase6-approvals.test.ts); no measured metric; build the analytics service of ch. 70 to compute and report it,Chapter 39,v08.txt:page 198:L15662-L15801,branch+test
MET-005,V8,Appendix M Product Metric Catalog,198,"Recommendation explanation closure Recommendations resolving to evidence, assumptions, methods, alternatives, and uncertainty Capability + model + period 100% decision- active Continuo us AI governance",,commercial,missing,unverified,none,omission,P7-F,,No recommendation objects to measure; build the analytics service of ch. 70 to compute and report it,Chapter 38,,
MET-006,V8,Appendix M Product Metric Catalog,198,Evidence citation resolution Citations resolving to exact accessible source version and segment Product + source + period >= 99.9% Daily Data product owner,,commercial,partial,unverified,merged,omission,P7-F,"apps/web/app/observation/evidence/[evdId]/page.tsx (Four times, authenticity, custody, original bytes, history); apps/web/app/intelligence/claims/page.tsx (lineage); apps/web/components/ui.tsx (TruthBadge); apps/api/test/int/phase2-acceptance.test.ts: the run produced claims, and every one resolves back to the evidence bytes; e2e/phase1-observation.spec.ts: 7. evidence custody, the four times, and a safe attachment-only download",Citations resolve to evidence bytes (phase2-acceptance.test.ts); no measured rate per product; build the analytics service of ch. 70 to compute and report it,Chapter 17,,main+test
MET-007,V8,Appendix M Product Metric Catalog,198,Provenance closure Material outputs with complete source-to-product lineage Object type + tenant 100% decision- active Continuo us Trust authority,,commercial,partial,unverified,branch-only,omission,P7-F,"apps/api/migrations/0006_objects.sql (event_time, observation_time, valid_from/valid_to, recorded_at); apps/web/app/observation/evidence/[evdId]/page.tsx (Four times); apps/api/test/acceptance/acceptance.test.ts: as-of (known-at) retrieval shows the pre-correction state — no hindsight; apps/api/test/int/phase5-twins.test.ts: RECORD time / WORLD time",Provenance is mandatory at write (EYE-PRV-001); no lineage-closure metric; build the analytics service of ch. 70 to compute and report it,Chapter 22 | release_status merged → branch-only from the evidence at 2e83945,v08.txt:page 198:L15690-L15801,branch+main+test
MET-008,V8,Appendix M Product Metric Catalog,198,Truth-state completeness Objects with valid explicit epistemic state and transitions Object type + domain 100% Continuo us Knowledge authority,,commercial,partial,unverified,merged,omission,P7-F,"apps/api/migrations/0023_intelligence_extraction_and_claims.sql; apps/api/src/intelligence/review/review.service.ts; apps/web/app/intelligence/claims/page.tsx; apps/api/test/int/phase2-acceptance.test.ts: every claim below the review threshold has a queued case; an abstention is its own outcome, with no claim attached; apps/api/migrations/0006_objects.sql (contradiction_refs, corroboration_refs, confidence, uncertainty)",truth_state is mandatory on objects; no completeness metric; build the analytics service of ch. 70 to compute and report it,Chapter 21,,main+test
MET-009,V8,Appendix M Product Metric Catalog,198,"Temporal completeness Objects with required event, observation, validity, and record times Object type + source 100% decision- active Continuo us Data authority",,commercial,partial,unverified,branch-only,omission,P7-F,"apps/api/migrations/0006_objects.sql (event_time, observation_time, valid_from/valid_to, recorded_at); apps/web/app/observation/evidence/[evdId]/page.tsx (Four times); apps/api/test/acceptance/acceptance.test.ts: as-of (known-at) retrieval shows the pre-correction state — no hindsight; apps/api/test/int/phase5-twins.test.ts: RECORD time / WORLD time",Four times mandatory on objects; no metric; build the analytics service of ch. 70 to compute and report it,Chapter 22 | release_status merged → branch-only from the evidence at 2e83945,v08.txt:page 198:L15703-L15801,branch+main+test
MET-010,V8,Appendix M Product Metric Catalog,198,Correction propagation time Time from accepted correction to all affected products reconciled or constrained Consequence + product Within contract Per correctio n Correction owner,,commercial,missing,unverified,none,omission,P7-F,,Propagation is operator-initiated; no time measured; build the analytics service of ch. 70 to compute and report it,Chapter 24,,
MET-011,V8,Appendix M Product Metric Catalog,198,Source coverage attainment Observed coverage against approved dimension and priority targets Plan + domain + window Contract-specific Hourly or daily Collection owner,,commercial,partial,unverified,branch-only,omission,P7-F,"apps/api/src/observation/coverage/coverage.service.ts; apps/api/src/observation/scheduling/scheduler.service.ts; apps/api/migrations/0038_scheduled_collection.sql; 0040_scheduled_attempt_faults.sql; apps/web/app/observation/page.tsx (Collection status, Source health, Needs attention); apps/api/test/int/phase1-acceptance.test.ts: A6 — coverage, health, and the honesty of unknown; apps/api/test/int/phase6-scheduled-collection.test.ts: RESTART RECOVERY",Coverage measurements exist per source (coverage.service.ts); no plan targets; build the analytics service of ch. 70 to compute and report it,Chapter 10 | release_status merged → branch-only from the evidence at 2e83945,,branch+main+test
MET-012,V8,Appendix M Product Metric Catalog,198,Source freshness attainment Expected arrivals within freshness contract Source + product + window Contract-specific Continuo us Collection owner,,commercial,partial,unverified,branch-only,omission,P7-F,"apps/api/src/observation/coverage/coverage.service.ts; apps/api/src/observation/scheduling/scheduler.service.ts; apps/api/migrations/0038_scheduled_collection.sql; 0040_scheduled_attempt_faults.sql; apps/web/app/observation/page.tsx (Collection status, Source health, Needs attention); apps/api/test/int/phase1-acceptance.test.ts: A6 — coverage, health, and the honesty of unknown; apps/api/test/int/phase6-scheduled-collection.test.ts: RESTART RECOVERY",Freshness measured per source; no attainment rate; build the analytics service of ch. 70 to compute and report it,Chapter 10 | release_status merged → branch-only from the evidence at 2e83945,v08.txt:page 198:L15731-L15801,branch+main+test
MET-013,V8,Appendix M Product Metric Catalog,198,Blind-spot detection latency Time from coverage loss to visible declared blind spot Source class + consequence Within warning SLO Per event Observation operations,,commercial,missing,unverified,none,omission,P7-F,,Blind spots structurally unknown; build the analytics service of ch. 70 to compute and report it,Chapter 10,,
MET-014,V8,Appendix M Product Metric Catalog,198,Search evidence usefulness Reviewed searches yielding relevant decision- support evidence Query class + role Baseline- improving Monthly Research product owner,,commercial,missing,unverified,none,omission,P7-F,,No search review; build the analytics service of ch. 70 to compute and report it,Chapter 11,,
MET-015,V8,Appendix M Product Metric Catalog,198,Search reproducibility Saved result sets reproducible at exact cutoff and policy context Query + deployment 100% retained snapshots Quarterl y Retrieval owner,,commercial,missing,unverified,none,omission,P7-F,,No saved result sets; build the analytics service of ch. 70 to compute and report it,Chapter 11,v08.txt:page 198:L15756-L15801,
MET-016,V8,Appendix M Product Metric Catalog,198,Entity resolution precision Accepted identity resolutions correct under adjudicated corpus Domain + entity type Risk-class threshold Release Knowledge authority,,commercial,missing,unverified,none,omission,P7-F,,No adjudicated corpus; build the analytics service of ch. 70 to compute and report it,Chapter 18,,
MET-017,V8,Appendix M Product Metric Catalog,198,Graph provenance validity Graph relationships resolving to admissible evidence and revision Relationship class 100% canonical Continuo us Graph owner,,commercial,partial,unverified,merged,omission,P7-F,"apps/api/src/graph/graph.controller.ts (/neighbourhood, /path, /edges/*); apps/web/app/graph/explore/page.tsx; apps/api/test/int/phase3-acceptance.test.ts: C5 — edges carry temporal validity and provenance, and as-of has no hindsight; apps/api/test/int/phase3-corrections.test.ts: a four-hop chain is found, and the search is complete",Edges require claim/evidence (edges.service.ts); no validity rate; build the analytics service of ch. 70 to compute and report it,Chapter 19,,main+test
MET-018,V8,Appendix M Product Metric Catalog,198,"Memory retrieval validity Retrieved memories current for as-of, permission, correction, and retention context Memory class + role >= 99.9% Daily Memory owner",,commercial,missing,unverified,none,omission,P7-F,,No memory; build the analytics service of ch. 70 to compute and report it,Chapter 20,v08.txt:page 198:L15774-L15801,
MET-019,V8,Appendix M Product Metric Catalog,198,"Weak signal precision Analyst-confirmed signals among reviewed nominations Domain + detector Monitored, not optimized alone Monthly Foresight owner",,commercial,missing,unverified,none,omission,P7-F,,No signals; build the analytics service of ch. 70 to compute and report it,Chapter 25,v08.txt:page 198:L15778-L15801,
MET-020,V8,Appendix M Product Metric Catalog,198,Weak signal lead time Time between first governed signal and material event or assessment Domain + event class Distribution tracked Quarterl y Foresight owner,,commercial,missing,unverified,none,omission,P7-F,,No signals; build the analytics service of ch. 70 to compute and report it,Chapter 25,v08.txt:page 198:L15782-L15801,
MET-021,V8,Appendix M Product Metric Catalog,198,Warning delivery latency Trigger-to-receipt time for eligible recipients Severity + channel + deployment Severity SLO Continuo us Warning owner,,commercial,missing,unverified,none,omission,P7-F,,No delivery; build the analytics service of ch. 70 to compute and report it,Chapter 26,v08.txt:page 198:L15788-L15801,
MET-022,V8,Appendix M Product Metric Catalog,198,Warning acknowledgment latency Receipt-to-qualified acknowledgment time Severity + role Severity SLO Continuo us Warning owner,,commercial,partial,unverified,branch-only,omission,P7-F,"apps/api/src/prediction/prediction.controller.ts (/warnings/*, /indicators/*); apps/api/migrations/0029_prediction_forecasts_scenarios_warnings_outcomes.sql (warnings_current: consequence, confidence, response_window, routed_to); apps/web/app/prediction/warnings/page.tsx; apps/api/test/int/phase4-acceptance.test.ts: D5/D6 · an indicator breach FLIPS the branch with a receipt and raises a warning to a named owner; D6 · a warning nobody acknowledged before its window closed is recorded as EXPIRED; e2e/phase4-prediction.demo.spec.ts: ACTION/STATE cases","Acknowledgement time recorded (warning-timing.ts, phase4 e2e LATE/EXPIRED); no SLO metric; build the analytics service of ch. 70 to compute and report it",Chapter 26 | release_status merged → branch-only from the evidence at 2e83945,v08.txt:page 198:L15794-L15801,branch+test
MET-023,V8,Appendix M Product Metric Catalog,198,"Warning action closure Warnings with owned disposition, action, and outcome Severity + domain 100% material warnings Weekly Risk owner ID METRIC MEASURED MEANING MANDATORY SCOPE DIRECTION OR THRESHOL D CADE NCE OWNER",,commercial,missing,unverified,none,omission,P7-F,,No disposition/action closure; build the analytics service of ch. 70 to compute and report it,Chapter 26,v08.txt:page 198:L15799-L15801,
MET-024,V8,Appendix M Product Metric Catalog,199,Forecast calibration Agreement between stated probability and observed frequency Horizon + target + method Approved calibration band Quarterl y Forecast owner,,commercial,partial,unverified,branch-only,omission,P7-F,"apps/api/src/prediction/forecasting/forecasting.service.ts (30d/90d/180d/1y/3y/5y); apps/api/src/prediction/models/models.ts (seasonal naive, Holt-Winters, pinball); apps/web/app/prediction/forecasts/page.tsx; apps/web/app/prediction/calibration/page.tsx; apps/api/test/int/phase4-acceptance.test.ts: D1 · a forecast names distribution, horizon, drivers, assumptions and evidence — or is refused; D4 · an outcome is scored from the observation known at the target; e2e/phase4-prediction.demo.spec.ts: the calibration screen labels every backtest with its knowledge mode",Calibration summary endpoint (/calibration/summary) on demo series only; build the analytics service of ch. 70 to compute and report it,Chapter 32 | UNRESOLVED pointer(s) at 2e83945: D3/D4 · a backtest scores the learned model AGAINST seasonal naive | release_status merged → branch-only from the evidence at 2e83945,v08.txt:page 199:L15813-L15945,branch+test
MET-025,V8,Appendix M Product Metric Catalog,199,Forecast sharpness Concentration of calibrated predictive distributions Horizon + target Baseline- improving Quarterl y Forecast owner,,commercial,missing,unverified,none,omission,P7-F,,No sharpness metric; build the analytics service of ch. 70 to compute and report it,Chapter 32,v08.txt:page 199:L15822-L15945,
MET-026,V8,Appendix M Product Metric Catalog,199,Scenario distinctness Materially different driver and implication structures within approved sets Scenario set + domain All approved sets pass Per set Scenario owner,,commercial,missing,unverified,none,omission,P7-F,,No scenario sets; build the analytics service of ch. 70 to compute and report it,Chapter 33,v08.txt:page 199:L15829-L15945,
MET-027,V8,Appendix M Product Metric Catalog,199,Simulation reproducibility Runs reproducing outputs within declared numerical tolerance Model + deployment 100% accepted runs Release Simulation owner,,commercial,partial,unverified,branch-only,omission,P7-F,"apps/api/src/twin/simulations/simulation.service.ts; apps/api/src/twin/simulations/reproduce-worker.ts; apps/api/migrations/0033_simulation_runs.sql; 0036_run_input_availability_and_scenario_as_of.sql; apps/web/app/twins/simulations/page.tsx; apps/api/test/int/phase5-simulations.test.ts: a CONTROL run completes: outputs bound, digests recorded, the SIM object SYNTHETIC; a COLD process re-executes the stored contract; e2e/phase4-prediction.demo.spec.ts: SIMULATIONS",Reproductions recorded per run (simulation.reproductions); no rate; build the analytics service of ch. 70 to compute and report it,Chapter 35 | release_status merged → branch-only from the evidence at 2e83945,v08.txt:page 199:L15836-L15945,branch+test
MET-028,V8,Appendix M Product Metric Catalog,199,"Twin synchronization health Twins within freshness, coverage, and validation contracts Twin + state class Contract-specific Continuo us Twin owner",,commercial,missing,unverified,none,omission,P7-F,,No twin contracts; build the analytics service of ch. 70 to compute and report it,Chapter 36,,
MET-029,V8,Appendix M Product Metric Catalog,199,"Strategic alignment coverage Initiatives and commitments linked to objectives, capabilities, owners, and measures Portfolio + period 100% material items Monthly Strategy authority",,commercial,missing,unverified,none,omission,P7-F,,No initiatives; build the analytics service of ch. 70 to compute and report it,Chapter 37,,
MET-030,V8,Appendix M Product Metric Catalog,199,"Commitment outcome closure Commitments closed with evidence, outcome, exception, or supersession Owner + portfolio 100% due cohort Weekly Executive operator",,commercial,partial,unverified,branch-only,omission,P7-F,apps/api/src/decision/replay/replay.service.ts; apps/api/migrations/0043_decision_replay.sql; 0045_decision_monitoring_and_outcomes.sql; 0047_replay_prior_dissent.sql; apps/api/test/int/phase6-replay.test.ts: known / believed / tested hold only what was recorded under the cut-offs; an earlier as_of excludes what came after it; apps/api/test/int/phase6-monitoring.test.ts: the OUT: refused without the reconciliation; closure records the lessons as text; e2e/phase6-decisions.demo.spec.ts: REPLAY,Closure requires outcome evidence (phase6-monitoring.test.ts); no rate; build the analytics service of ch. 70 to compute and report it,Chapter 40,,branch+test
MET-031,V8,Appendix M Product Metric Catalog,199,"Agent task success Bounded runs completing accepted outcome without authority, tool, or evidence violation Agent + task class Evaluation threshold Continuo us Agent owner",,commercial,partial,unverified,branch-only,phase7,P7-F,"apps/api/src/executive/agents/agents.service.ts (RunOutcome: spent, stopReason, refusals, escalation); apps/api/test/int/phase6-agents.test.ts: a budget of three reads ... records the reason and escalates; approve, dissent and commit are refused at the PDP with no grant",Run outcomes recorded (executive.agent_runs); no rate; build the analytics service of ch. 70 to compute and report it,Chapter 56 | UNRESOLVED pointer(s) at 2e83945: /agents/decision/:agentId/revoke,v08.txt:page 199:L15856-L15945,branch+test
MET-032,V8,Appendix M Product Metric Catalog,199,Agent escalation quality Unsafe or indeterminate cases escalated before unauthorized effect Agent + consequence 100% seeded cases Release Agent governance,,commercial,partial,unverified,branch-only,phase7,P7-F,"apps/api/src/executive/agents/agents.service.ts (RunOutcome: spent, stopReason, refusals, escalation); apps/api/test/int/phase6-agents.test.ts: a budget of three reads ... records the reason and escalates; approve, dissent and commit are refused at the PDP with no grant",Escalation on budget stop recorded; no seeded unsafe-case rate; build the analytics service of ch. 70 to compute and report it,Chapter 56 | UNRESOLVED pointer(s) at 2e83945: /agents/decision/:agentId/revoke,v08.txt:page 199:L15860-L15945,branch+test
MET-033,V8,Appendix M Product Metric Catalog,199,"Agent trace closure Runs with complete identity, context, model, tool, action, checkpoint, and outcome trace Agent + release 100% governed runs Continuo us AI governance",,commercial,partial,unverified,branch-only,phase7,P7-F,"apps/api/src/executive/agents/agents.service.ts (RunOutcome: spent, stopReason, refusals, escalation); apps/api/test/int/phase6-agents.test.ts: a budget of three reads ... records the reason and escalates; approve, dissent and commit are refused at the PDP with no grant",Runs record spent/stop/refusals; no plan/tool/checkpoint trace; build the analytics service of ch. 70 to compute and report it,Chapter 56 | UNRESOLVED pointer(s) at 2e83945: /agents/decision/:agentId/revoke,v08.txt:page 199:L15864-L15945,branch+test
MET-034,V8,Appendix M Product Metric Catalog,199,"Accessibility journey pass rate Material journeys passing automated, manual, and assistive-technology criteria Journey + client + locale 100% release- blocking Release Accessibility owner",,commercial,missing,unverified,none,omission,P7-F,,No accessibility pass-rate measurement; build the analytics service of ch. 70 to compute and report it,Chapter 7,,
MET-035,V8,Appendix M Product Metric Catalog,199,Deployment semantic parity Golden journeys and fixtures passing across supported profiles Capability + profile 100% accepted scope Release Product authority,,commercial,missing,unverified,none,phase7,P7-F,,One profile; build the analytics service of ch. 70 to compute and report it,Chapter 65,,
MET-036,V8,Appendix M Product Metric Catalog,199,Product availability Successful safe product outcomes over eligible demand Capability + tenant + deployment Contract-specific Continuo us Service owner,,commercial,missing,unverified,none,omission,P7-F,,No availability measurement; build the analytics service of ch. 70 to compute and report it,Chapter 63,v08.txt:page 199:L15887-L15945,
MET-037,V8,Appendix M Product Metric Catalog,199,Degraded-mode declaration latency Time from qualifying condition to accurate user- visible product state Capability + consequence Mode-specific SLO Continuo us Service owner,,commercial,missing,unverified,none,omission,P7-F,,No declaration latency measurement; build the analytics service of ch. 70 to compute and report it,Chapter 63,,
MET-038,V8,Appendix M Product Metric Catalog,199,Recovery reconciliation success Recovery exercises restoring exact authoritative and derived state State class + profile 100% accepted exercises Quarterl y Recovery authority,,commercial,missing,unverified,none,omission,P7-F,,No recovery exercises; build the analytics service of ch. 70 to compute and report it,Chapter 63,,
MET-039,V8,Appendix M Product Metric Catalog,199,Customer time to accepted operation Contract start to accepted priority journeys and operating cadence Customer + deployment Plan-specific Per impleme ntation Implementati on owner,,commercial,missing,unverified,none,omission,P7-F,,No onboarding; build the analytics service of ch. 70 to compute and report it,Chapter 67,,
MET-040,V8,Appendix M Product Metric Catalog,199,"Strategic value realization Customer-approved outcome measures attributable to adopted capabilities with caveats Customer + objective + period Jointly agreed Quarterl y Customer sponsor Metric governance CONTROL BINDING REQUIREMENT Contract Every metric declares purpose, definition, population, source, formula, dimensions, window, exclusions, quality, privacy class, owner, target, action, and ret…",,commercial,missing,unverified,none,omission,P7-F,,No value measurement; build the analytics service of ch. 70 to compute and report it,Chapter 70,,
ADR-001,V8,Appendix N Product Decision Record,205,"Volume 8 is the controlled product- behavior and acceptance baseline Product requirements refine but do not redefine Volumes 0 and 3-7 Implement through owned capabilities, canonical work objects, governed journeys, explicit human authority, declared failure behavior, common deployment fixtures, operating evidence, and scope-specific acceptance. PRD-",,governance-docs,partial,not-applicable,branch-only,not-applicable,P7-F,FULL_PRODUCT_DELIVERY_REGISTER.md §2 (Volume 8 listed as a source document),Governance statement: Volume 8 as controlling product baseline; no product behaviour to build,ADR; explanatory record with binding rule | release_status merged → branch-only from the evidence at 2e83945,v08.txt:page 205:L17460-L17589,branch
ADR-002,V8,Appendix N Product Decision Record,205,"The product remains a Strategic Intelligence Operating System Chat, dashboard, BI, copilot, and reporting interactions remain subordinate surfaces Implement through owned capabilities, canonical work objects, governed journeys, explicit human authority, declared failure behavior, common deployment fixtures, operating evidence, and scope-specific acceptance. PRD-",,governance-docs,implemented,passed:browser,branch-only,phase0,done,apps/web/app/**; e2e/*.spec.ts,"Holds by construction: no chat, dashboard-only or BI surface exists; every page is a governed workspace over canonical objects",ADR; explanatory record with binding rule | release_status merged → branch-only from the evidence at 2e83945,v08.txt:page 205:L17471-L17589,branch+test
ADR-003,V8,Appendix N Product Decision Record,205,"Human decision sovereignty is enforced as product state No AI, agent, workflow, administrator, or integration can synthesize consequential approval Implement through owned capabilities, canonical work objects, governed journeys, explicit human authority, declared failure behavior, common deployment fixtures, operating evidence, and scope-specific acceptance. PRD-",,governance-docs,partial,passed:harness,branch-only,phase0,P6,apps/api/test/int/phase6-approvals.test.ts: the human gate at the PEP; apps/api/src/policy/pdp.service.ts,"Enforced for decisions (PEP human gate, C3 commit); not yet a uniform product state for publication, source approval, merges beyond module rules",ADR; explanatory record with binding rule,v08.txt:page 205:L17482-L17589,branch+main+test
ADR-004,V8,Appendix N Product Decision Record,205,"Product requirements use stable PR- CC-NNN identities Acceptance, tests, releases, operations, and downstream design resolve to immutable IDs Implement through owned capabilities, canonical work objects, governed journeys, explicit human authority, declared failure behavior, common deployment fixtures, operating evidence, and scope-specific acceptance. PRD-",,governance-docs,missing,unverified,none,omission,P7-F,audit/requirements/v08.csv,"No PR-CC-NNN identities in tests, releases or operations; this CSV is the first binding",ADR; explanatory record with binding rule,v08.txt:page 205:L17494-L17589,branch
ADR-005,V8,Appendix N Product Decision Record,205,"Every material capability has one accountable product owner Shared delivery duties never create ambiguous canonical ownership Implement through owned capabilities, canonical work objects, governed journeys, explicit human authority, declared failure behavior, common deployment fixtures, operating evidence, and scope-specific acceptance. PRD-",,governance-docs,missing,unverified,none,omission,P7-F,,No product-owner registry per capability (ch. 1),ADR; explanatory record with binding rule,v08.txt:page 205:L17505-L17589,
ADR-006,V8,Appendix N Product Decision Record,205,"Work objects have explicit governed lifecycles Draft, reviewed, approved, published, corrected, withdrawn, archived, and retired states remain distinct Implement through owned capabilities, canonical work objects, governed journeys, explicit human authority, declared failure behavior, common deployment fixtures, operating evidence, and scope-specific acceptance. PRD-",,governance-docs,partial,unverified,merged,phase0,P3,apps/api/migrations/0006_objects.sql,lifecycle_state on objects with corrections/withdrawals; archived/retired/published states absent (ch. 6),ADR; explanatory record with binding rule | passed:harness lacked a resolved test/CI pointer → unverified,v08.txt:page 205:L17516-L17589,main
ADR-007,V8,Appendix N Product Decision Record,205,"Evidence, claims, assessments, recommendations, and decisions remain separate Presentation cannot collapse epistemic or authority categories Implement through owned capabilities, canonical work objects, governed journeys, explicit human authority, declared failure behavior, common deployment fixtures, operating evidence, and scope-specific acceptance. PRD-",,governance-docs,implemented,passed:harness,branch-only,phase0,done,apps/api/migrations/0022; 0023; 0029; 0041; apps/api/test/int/phase2-acceptance.test.ts,"Evidence, claims, forecasts, options, decisions are distinct object types with truth states",ADR; explanatory record with binding rule | release_status merged → branch-only from the evidence at 59a2459,v08.txt:page 205:L17528-L17589,branch+main+test
ADR-008,V8,Appendix N Product Decision Record,205,"The Knowledge Graph is the connected semantic heart Graph centrality does not absorb unlike systems of record or erase provenance Implement through owned capabilities, canonical work objects, governed journeys, explicit human authority, declared failure behavior, common deployment fixtures, operating evidence, and scope-specific acceptance. PRD-",,governance-docs,partial,unverified,merged,phase0,P3,apps/api/migrations/0024_graph_entities_edges_and_strategy.sql,Graph holds entities/edges/strategy with provenance; systems-of-record boundary respected; no ontology (ch. 19),ADR; explanatory record with binding rule | passed:harness lacked a resolved test/CI pointer → unverified,v08.txt:page 205:L17540-L17589,main
ADR-009,V8,Appendix N Product Decision Record,205,"Enterprise Memory is permission- aware and temporally reconstructable Retrieval cannot rewrite history or promote organizational belief to fact Implement through owned capabilities, canonical work objects, governed journeys, explicit human authority, declared failure behavior, common deployment fixtures, operating evidence, and scope-specific acceptance. PRD-",,governance-docs,missing,unverified,none,omission,P3,,No Enterprise Memory (ch. 20),ADR; explanatory record with binding rule,v08.txt:page 205:L17551-L17589,
ADR-010,V8,Appendix N Product Decision Record,205,"Digital Twins separate observed state from synthetic branches Simulated state never masquerades as the current world Implement through owned capabilities, canonical work objects, governed journeys, explicit human authority, declared failure behavior, common deployment fixtures, operating evidence, and scope-specific acceptance. PRD-",,governance-docs,implemented,passed:harness,branch-only,phase0,done,apps/api/test/int/phase5-twins.test.ts: E2 · synthetic state folds UPWARD; apps/api/test/int/phase5-simulations.test.ts,Observed vs synthetic separation proven on twins and simulations,ADR; explanatory record with binding rule | release_status merged → branch-only from the evidence at 2e83945,v08.txt:page 205:L17562-L17589,branch+test
ADR-011,V8,Appendix N Product Decision Record,205,"Forecasts use six canonical horizons Additional horizons are explicit derivatives and do not replace 30d, 90d, 180d, 1y, 3y, 5y Implement through owned capabilities, canonical work objects, governed journeys, explicit human authority, declared failure behavior, common deployment fixtures, operating evidence, and scope-specific acceptance. PRD-",,governance-docs,implemented,passed:harness,branch-only,phase0,done,apps/api/src/prediction/forecasting/forecasting.service.ts (30d/90d/180d/1y/3y/5y); apps/api/test/int/phase4-acceptance.test.ts: D1,Six canonical horizons coded,ADR; explanatory record with binding rule | release_status merged → branch-only from the evidence at 2e83945,v08.txt:page 205:L17571-L17589,branch+test
ADR-012,V8,Appendix N Product Decision Record,205,"Scenario plurality precedes strategic recommendation A scenario set cannot collapse uncertainty into one asserted future Implement through owned capabilities, canonical work objects, governed journeys, explicit human authority, declared failure behavior, common deployment fixtures, operating evidence, and scope-specific acceptance. ADR DECISION BINDING CONSEQUENCE IMPLEMENTATION OBLIGATION PRD-",,governance-docs,partial,unverified,branch-only,phase0,P4,apps/api/src/prediction/scenarios/scenarios.service.ts,Branch plurality exists per scenario tree; no scenario-set plurality check before recommendation (ch. 33),ADR; explanatory record with binding rule | release_status merged → branch-only from the evidence at 2e83945 | passed:harness lacked a resolved test/CI pointer → unverified,v08.txt:page 205:L17581-L17589,branch
ADR-013,V8,Appendix N Product Decision Record,206,"Simulations are reproducible governed runs Exact inputs, models, assumptions, constraints, seeds, versions, and validity are retained Implement through owned capabilities, canonical work objects, governed journeys, explicit human authority, declared failure behavior, common deployment fixtures, operating evidence, and scope-specific acceptance. PRD-",,governance-docs,implemented,passed:harness,branch-only,phase0,done,apps/api/test/int/phase5-simulations.test.ts: a COLD process re-executes the stored contract,Reproducible runs with exact manifests and reproduction verdicts,ADR; explanatory record with binding rule | release_status merged → branch-only from the evidence at 2e83945,v08.txt:page 206:L17596-L17732,branch+test
ADR-014,V8,Appendix N Product Decision Record,206,"Decision packages have a completeness gate Alternatives, evidence, uncertainty, risk, dissent, explanation, and authority must close Implement through owned capabilities, canonical work objects, governed journeys, explicit human authority, declared failure behavior, common deployment fixtures, operating evidence, and scope-specific acceptance. PRD-",,governance-docs,partial,passed:harness,branch-only,phase0,P6,apps/api/test/int/phase6-decisions.test.ts: the proposal is refused while the choice is missing,"Completeness gate at propose (options, citations, choice, approvers, dissent); risk objects and explanation object absent",ADR; explanatory record with binding rule,v08.txt:page 206:L17608-L17732,branch+test
ADR-015,V8,Appendix N Product Decision Record,206,"Decision Replay preserves decision- time knowledge Later evidence and corrections remain visible but never rewrite the prior snapshot Implement through owned capabilities, canonical work objects, governed journeys, explicit human authority, declared failure behavior, common deployment fixtures, operating evidence, and scope-specific acceptance. PRD-",,governance-docs,implemented,passed:harness,branch-only,phase0,done,apps/api/test/int/phase6-replay.test.ts: known / believed / tested hold only what was recorded under the cut-offs,Replay preserves decision-time knowledge under cut-offs; later corrections visible but not rewriting,ADR; explanatory record with binding rule,v08.txt:page 206:L17619-L17732,branch+test
ADR-016,V8,Appendix N Product Decision Record,206,"Agents are marketplace-governed bounded capabilities Agent packages require identity, provenance, evaluation, tools, data, authority, and lifecycle Implement through owned capabilities, canonical work objects, governed journeys, explicit human authority, declared failure behavior, common deployment fixtures, operating evidence, and scope-specific acceptance. PRD-",,governance-docs,partial,passed:harness,branch-only,phase7,P7-C,apps/api/src/executive/agents/agents.service.ts; apps/api/test/int/phase6-agents.test.ts,"Agents are bounded (identity, budgets, stop, escalation) but code-registered, not marketplace packages",ADR; explanatory record with binding rule,v08.txt:page 206:L17630-L17732,branch+test
ADR-017,V8,Appendix N Product Decision Record,206,"Proactive intelligence uses an explainable governed priority queue Ranking never hides severe items, uncertainty, ownership, or suppression history Implement through owned capabilities, canonical work objects, governed journeys, explicit human authority, declared failure behavior, common deployment fixtures, operating evidence, and scope-specific acceptance. PRD-",,governance-docs,missing,unverified,none,omission,P6,,No priority queue (ch. 44),ADR; explanatory record with binding rule,v08.txt:page 206:L17641-L17732,
ADR-018,V8,Appendix N Product Decision Record,206,"Strategic Health Score is decomposable No single score may hide missing data, weights, confidence, or critical component failure Implement through owned capabilities, canonical work objects, governed journeys, explicit human authority, declared failure behavior, common deployment fixtures, operating evidence, and scope-specific acceptance. PRD-",,governance-docs,missing,unverified,none,omission,P6,,No Strategic Health Score (ch. 43),ADR; explanatory record with binding rule,,
ADR-019,V8,Appendix N Product Decision Record,206,"Accessibility is release-blocking product conformance Equivalent material journeys are required across interaction and sensory modes Implement through owned capabilities, canonical work objects, governed journeys, explicit human authority, declared failure behavior, common deployment fixtures, operating evidence, and scope-specific acceptance. PRD-",,governance-docs,partial,passed:browser,merged,phase0,P7-E,e2e/phase0.spec.ts: 9.; e2e/phase1-observation.spec.ts: 11.; .github/workflows/ci.yml: browser-regression,Accessibility checks are in the blocking browser gate for Phase 0/1 journeys only,ADR; explanatory record with binding rule,v08.txt:page 206:L17665-L17732,main+test
ADR-020,V8,Appendix N Product Decision Record,206,"SaaS, Private Cloud, and On-Premise are one semantic product Operational variance is allowed only behind common journeys, contracts, and authority Implement through owned capabilities, canonical work objects, governed journeys, explicit human authority, declared failure behavior, common deployment fixtures, operating evidence, and scope-specific acceptance. PRD-",,governance-docs,missing,unverified,none,phase7,P7-D,docker-compose.yml,One deployment profile (ch. 65),ADR; explanatory record with binding rule,v08.txt:page 206:L17676-L17732,main
ADR-021,V8,Appendix N Product Decision Record,206,"Offline and air-gapped operation is explicit product state Scope, freshness, expiry, queued effects, conflicts, revocation, and reconciliation are visible Implement through owned capabilities, canonical work objects, governed journeys, explicit human authority, declared failure behavior, common deployment fixtures, operating evidence, and scope-specific acceptance. PRD-",,governance-docs,missing,unverified,none,omission,P7-E,,No offline/air-gapped state (ch. 48),ADR; explanatory record with binding rule,v08.txt:page 206:L17687-L17732,
ADR-022,V8,Appendix N Product Decision Record,206,"Packaging and entitlement cannot alter core semantics Commercial boundaries cannot remove mandatory trust, correction, export, or human authority Implement through owned capabilities, canonical work objects, governed journeys, explicit human authority, declared failure behavior, common deployment fixtures, operating evidence, and scope-specific acceptance. PRD-",,governance-docs,missing,unverified,none,omission,P7-F,,No packaging/entitlement (ch. 66),ADR; explanatory record with binding rule,v08.txt:page 206:L17699-L17732,
ADR-023,V8,Appendix N Product Decision Record,206,"Acceptance is evidence-bound and scope-specific Release, deployment, tenant, role, versions, consequence, period, conditions, and authority are exact Implement through owned capabilities, canonical work objects, governed journeys, explicit human authority, declared failure behavior, common deployment fixtures, operating evidence, and scope-specific acceptance. PRD-",,governance-docs,partial,passed:ci,branch-only,phase0,R0,scripts/gate/package-c17-evidence.mjs; PHASE6_REPORT.md §8,"Evidence-bound acceptance exists per phase/commit (C17 packages, harness suites); not scope-specific to tenant/role/entitlement/period (ch. 71)",ADR; explanatory record with binding rule | release_status merged → branch-only from the evidence at 2e83945,v08.txt:page 206:L17711-L17732,branch+main+test
ADR-024,V8,Appendix N Product Decision Record,206,"Product learning never silently self- modifies Outcome evidence creates governed proposals subject to evaluation, approval, release, and replay Implement through owned capabilities, canonical work objects, governed journeys, explicit human authority, declared failure behavior, common deployment fixtures, operating evidence, and scope-specific acceptance. P Product Glossary These terms are canonic…",,governance-docs,partial,unverified,merged,phase7,P7-B,apps/api/src/intelligence/methods/methods.service.ts,Methods are governed (register/approve/transition); no learning pipeline creates proposals from outcomes (ch. 40/61),ADR; explanatory record with binding rule | passed:harness lacked a resolved test/CI pointer → unverified,v08.txt:page 206:L17723-L17732,main
