id,volume,chapter,page,clause,family_seed,capability_area,impl_status,verif_status,release_status,phase_origin,package,evidence,remaining_work,notes
IR-01-001,V10,1 Executive Investment Thesis,13,Represent Executive Investment Thesis only within the declared claim class and scope,V10-F001,governance-docs,missing,not-applicable,none,not-applicable,P7-F,,"Claim-register entry for this chapter (exact wording, class FROZEN, owner approval) does not exist in the repository; maintain it in the P7-F claim-to-evidence register","claim-control obligation on the investor package, not product behaviour; cross-volume REL-14, DR-20"
IR-01-002,V10,1 Executive Investment Thesis,13,"Prevent architecture or planning language from implying actual product, customer or financial status",V10-F001,governance-docs,missing,not-applicable,none,not-applicable,P7-F,,Finance and legal review of the chapter wording before external use; no product behaviour,"claim-control obligation on the investor package, not product behaviour; cross-volume REL-08"
IR-01-003,V10,1 Executive Investment Thesis,13,"A working production loop, paid consequential use, repeatable deployment, independently tested controls, and verified corporate facts must replace architectural intent with operating evidence.",V10-F001,decision,partial,passed:harness+browser,branch-only,phase6,R0,apps/api/migrations/0041_decision_packages.sql;apps/api/migrations/0042_decision_approvals_and_commitment.sql;apps/api/migrations/0043_decision_replay.sql;apps/api/migrations/0045_decision_monitoring_and_outcomes.sql;test/int/phase6-decisions.test.ts;test/int/phase6-approvals.test.ts;test/int/phase6-replay.test.ts: known / believed / tested hold only what was recorded under the cut-offs;test/int/phase6-monitoring.test.ts: the chosen run's exact output becomes a SIMULATED element; the outcomes upload becomes an OBSERVED element;e2e/phase6-decisions.demo.spec.ts: DECISIONS / REPLAY / BRIEFINGS;evidence/demo-virgin-transcript.txt,"Production deployment of the loop (today: a fresh local Docker Compose demonstration); independent testing of controls (P7-D); paid consequential use, repeatable deployment across profiles and verified corporate facts are business/issuer evidence",closed loop delivered on phase6-decisions (unmerged); see V10-T-001; main ends at migration 0027 (Phase 3); Phases 4–6 and scheduled collection are unmerged branches behind the C15 image finding; Appendix N boundary: Production closed-loop completion
IR-01-004,V10,1 Executive Investment Thesis,13,"Expire, withdraw and replace affected claims when evidence or assumptions change materially",V10-F001,governance-docs,missing,not-applicable,none,not-applicable,P7-F,,"Correction route (owner, distribution list, withdrawal, replacement, receipt) exists outside the product; none is recorded in the repository","claim-control obligation on the investor package, not product behaviour; cross-volume REL-19, DR-20"
IR-02-001,V10,2 Strategic Intelligence Failure,15,Represent Strategic Intelligence Failure only within the declared claim class and scope,V10-F001,governance-docs,missing,not-applicable,none,not-applicable,P7-F,,"Claim-register entry for this chapter (exact wording, class FROZEN, owner approval) does not exist in the repository; maintain it in the P7-F claim-to-evidence register","claim-control obligation on the investor package, not product behaviour; cross-volume REL-14, DR-20"
IR-02-002,V10,2 Strategic Intelligence Failure,15,"Prevent architecture or planning language from implying actual product, customer or financial status",V10-F001,governance-docs,missing,not-applicable,none,not-applicable,P7-F,,Finance and legal review of the chapter wording before external use; no product behaviour,"claim-control obligation on the investor package, not product behaviour; cross-volume REL-08"
IR-02-003,V10,2 Strategic Intelligence Failure,15,"Evidence must show that the system reduces decision latency or improves decision quality across a complete journey, not merely that it retrieves or summarizes information.",V10-F001,commercial,missing,not-applicable,none,not-applicable,P7-F,,"Business/issuer validation (finance, legal, board, customers); no product behaviour to build",business assumption to validate; never an achieved outcome; decision-cycle latency and outcome replay coverage would need product analytics (P7-F); Appendix N boundary: Decision-cycle latency
IR-02-004,V10,2 Strategic Intelligence Failure,15,"Expire, withdraw and replace affected claims when evidence or assumptions change materially",V10-F001,governance-docs,missing,not-applicable,none,not-applicable,P7-F,,"Correction route (owner, distribution list, withdrawal, replacement, receipt) exists outside the product; none is recorded in the repository","claim-control obligation on the investor package, not product behaviour; cross-volume REL-19, DR-20"
IR-03-001,V10,3 Category Definition,17,Represent Category Definition only within the declared claim class and scope,V10-F001,governance-docs,missing,not-applicable,none,not-applicable,P7-F,,"Claim-register entry for this chapter (exact wording, class FROZEN, owner approval) does not exist in the repository; maintain it in the P7-F claim-to-evidence register","claim-control obligation on the investor package, not product behaviour; cross-volume REL-14, DR-20"
IR-03-002,V10,3 Category Definition,17,"Prevent architecture or planning language from implying actual product, customer or financial status",V10-F001,governance-docs,missing,not-applicable,none,not-applicable,P7-F,,Finance and legal review of the chapter wording before external use; no product behaviour,"claim-control obligation on the investor package, not product behaviour; cross-volume REL-08"
IR-03-003,V10,3 Category Definition,17,"Buyers and independent analysts must consistently distinguish the category from BI, search, copilots, point intelligence products, and general-purpose AI platforms.",V10-F001,commercial,missing,not-applicable,none,not-applicable,P7-F,,"Business/issuer validation (finance, legal, board, customers); no product behaviour to build",business assumption to validate; never an achieved outcome; Appendix N boundary: Category comprehension
IR-03-004,V10,3 Category Definition,17,"Expire, withdraw and replace affected claims when evidence or assumptions change materially",V10-F001,governance-docs,missing,not-applicable,none,not-applicable,P7-F,,"Correction route (owner, distribution list, withdrawal, replacement, receipt) exists outside the product; none is recorded in the repository","claim-control obligation on the investor package, not product behaviour; cross-volume REL-19, DR-20"
IR-04-001,V10,4 Closed Strategic Loop,19,Represent Closed Strategic Loop only within the declared claim class and scope,V10-F001,governance-docs,missing,not-applicable,none,not-applicable,P7-F,,"Claim-register entry for this chapter (exact wording, class FROZEN, owner approval) does not exist in the repository; maintain it in the P7-F claim-to-evidence register","claim-control obligation on the investor package, not product behaviour; cross-volume REL-14, DR-20"
IR-04-002,V10,4 Closed Strategic Loop,19,"Prevent architecture or planning language from implying actual product, customer or financial status",V10-F001,governance-docs,missing,not-applicable,none,not-applicable,P7-F,,Finance and legal review of the chapter wording before external use; no product behaviour,"claim-control obligation on the investor package, not product behaviour; cross-volume REL-08"
IR-04-003,V10,4 Closed Strategic Loop,19,A governed production journey must demonstrate state propagation from source evidence through an authorized human decision and into decision replay.,V10-F001,decision,implemented,passed:harness+browser,branch-only,phase6,R0,apps/api/migrations/0041_decision_packages.sql;apps/api/migrations/0042_decision_approvals_and_commitment.sql;apps/api/migrations/0043_decision_replay.sql;apps/api/migrations/0045_decision_monitoring_and_outcomes.sql;test/int/phase6-decisions.test.ts;test/int/phase6-approvals.test.ts;test/int/phase6-replay.test.ts: known / believed / tested hold only what was recorded under the cut-offs;test/int/phase6-monitoring.test.ts: the chosen run's exact output becomes a SIMULATED element; the outcomes upload becomes an OBSERVED element;e2e/phase6-decisions.demo.spec.ts: DECISIONS / REPLAY / BRIEFINGS;evidence/demo-virgin-transcript.txt,"Merge #46 behind C15/C16/C17 (util-linux image finding, FULL_PRODUCT_DELIVERY_REGISTER.md §4); run the journey on a production profile rather than the fresh local deployment of 2026-09-09; conditional approvals are recorded but not evaluated (register §6)",state propagation source→claim→graph→forecast/scenario→twin/simulation→package→approval→commitment→outcome→replay is exercised at the harness; main ends at migration 0027 (Phase 3); Phases 4–6 and scheduled collection are unmerged branches behind the C15 image finding; Appendix N boundary: End-to-end journey success
IR-04-004,V10,4 Closed Strategic Loop,19,"Expire, withdraw and replace affected claims when evidence or assumptions change materially",V10-F001,governance-docs,missing,not-applicable,none,not-applicable,P7-F,,"Correction route (owner, distribution list, withdrawal, replacement, receipt) exists outside the product; none is recorded in the repository","claim-control obligation on the investor package, not product behaviour; cross-volume REL-19, DR-20"
IR-05-001,V10,5 Why Now,21,Represent Why Now only within the declared claim class and scope,V10-F001,governance-docs,missing,not-applicable,none,not-applicable,P7-F,,"Claim-register entry for this chapter (exact wording, class FROZEN, owner approval) does not exist in the repository; maintain it in the P7-F claim-to-evidence register","claim-control obligation on the investor package, not product behaviour; cross-volume REL-14, DR-20"
IR-05-002,V10,5 Why Now,21,"Prevent architecture or planning language from implying actual product, customer or financial status",V10-F001,governance-docs,missing,not-applicable,none,not-applicable,P7-F,,Finance and legal review of the chapter wording before external use; no product behaviour,"claim-control obligation on the investor package, not product behaviour; cross-volume REL-08"
IR-05-003,V10,5 Why Now,21,"Demand must be evidenced through funded programs, production urgency, regulatory obligations, and executive sponsorship rather than broad interest in AI.",V10-F001,commercial,missing,not-applicable,none,not-applicable,P7-F,,"Business/issuer validation (finance, legal, board, customers); no product behaviour to build",business assumption to validate; never an achieved outcome; Appendix N boundary: Funded strategic programs
IR-05-004,V10,5 Why Now,21,"Expire, withdraw and replace affected claims when evidence or assumptions change materially",V10-F001,governance-docs,missing,not-applicable,none,not-applicable,P7-F,,"Correction route (owner, distribution list, withdrawal, replacement, receipt) exists outside the product; none is recorded in the repository","claim-control obligation on the investor package, not product behaviour; cross-volume REL-19, DR-20"
IR-06-001,V10,6 Long-Horizon Outcome,23,Represent Long-Horizon Outcome only within the declared claim class and scope,V10-F001,governance-docs,missing,not-applicable,none,not-applicable,P7-F,,"Claim-register entry for this chapter (exact wording, class FROZEN, owner approval) does not exist in the repository; maintain it in the P7-F claim-to-evidence register","claim-control obligation on the investor package, not product behaviour; cross-volume REL-14, DR-20"
IR-06-002,V10,6 Long-Horizon Outcome,23,"Prevent architecture or planning language from implying actual product, customer or financial status",V10-F001,governance-docs,missing,not-applicable,none,not-applicable,P7-F,,Finance and legal review of the chapter wording before external use; no product behaviour,"claim-control obligation on the investor package, not product behaviour; cross-volume REL-08"
IR-06-003,V10,6 Long-Horizon Outcome,23,"Longitudinal evidence must show improved preparedness, decision quality, and institutional continuity across multiple cycles and decision types.",V10-F001,commercial,missing,not-applicable,none,not-applicable,P7-F,,"Business/issuer validation (finance, legal, board, customers); no product behaviour to build",business assumption to validate; never an achieved outcome; Appendix N boundary: Preparedness improvement
IR-06-004,V10,6 Long-Horizon Outcome,23,"Expire, withdraw and replace affected claims when evidence or assumptions change materially",V10-F001,governance-docs,missing,not-applicable,none,not-applicable,P7-F,,"Correction route (owner, distribution list, withdrawal, replacement, receipt) exists outside the product; none is recorded in the repository","claim-control obligation on the investor package, not product behaviour; cross-volume REL-19, DR-20"
IR-07-001,V10,7 Customer Universe,26,Represent Customer Universe only within the declared claim class and scope,V10-F002,governance-docs,missing,not-applicable,none,not-applicable,P7-F,,"Claim-register entry for this chapter (exact wording, class FROZEN, owner approval) does not exist in the repository; maintain it in the P7-F claim-to-evidence register","claim-control obligation on the investor package, not product behaviour; cross-volume REL-14, DR-20"
IR-07-002,V10,7 Customer Universe,26,"Prevent architecture or planning language from implying actual product, customer or financial status",V10-F002,governance-docs,missing,not-applicable,none,not-applicable,P7-F,,Finance and legal review of the chapter wording before external use; no product behaviour,"claim-control obligation on the investor package, not product behaviour; cross-volume REL-08"
IR-07-003,V10,7 Customer Universe,26,"Initial segments must demonstrate repeatable decision archetypes, sufficient economic value, feasible data access, and an accountable sponsor.",V10-F002,commercial,missing,not-applicable,none,not-applicable,P7-F,,"Business/issuer validation (finance, legal, board, customers); no product behaviour to build",business assumption to validate; never an achieved outcome; Appendix N boundary: Segment qualification
IR-07-004,V10,7 Customer Universe,26,"Expire, withdraw and replace affected claims when evidence or assumptions change materially",V10-F002,governance-docs,missing,not-applicable,none,not-applicable,P7-F,,"Correction route (owner, distribution list, withdrawal, replacement, receipt) exists outside the product; none is recorded in the repository","claim-control obligation on the investor package, not product behaviour; cross-volume REL-19, DR-20"
IR-08-001,V10,8 Consequential Decision Archetypes,28,Represent Consequential Decision Archetypes only within the declared claim class and scope,V10-F002,governance-docs,missing,not-applicable,none,not-applicable,P7-F,,"Claim-register entry for this chapter (exact wording, class FROZEN, owner approval) does not exist in the repository; maintain it in the P7-F claim-to-evidence register","claim-control obligation on the investor package, not product behaviour; cross-volume REL-14, DR-20"
IR-08-002,V10,8 Consequential Decision Archetypes,28,"Prevent architecture or planning language from implying actual product, customer or financial status",V10-F002,governance-docs,missing,not-applicable,none,not-applicable,P7-F,,Finance and legal review of the chapter wording before external use; no product behaviour,"claim-control obligation on the investor package, not product behaviour; cross-volume REL-08"
IR-08-003,V10,8 Consequential Decision Archetypes,28,"Each lighthouse must define the decision owner, baseline, trigger, alternatives, evidence standard, outcome method, and replay horizon before configuration begins.",V10-F002,commercial,missing,not-applicable,none,not-applicable,P7-F,,"Business/issuer validation (finance, legal, board, customers); no product behaviour to build",business assumption to validate; never an achieved outcome; the archetype record fields map to decision packages (0041/0045); see DA-01…DA-30; Appendix N boundary: Archetype reuse
IR-08-004,V10,8 Consequential Decision Archetypes,28,"Expire, withdraw and replace affected claims when evidence or assumptions change materially",V10-F002,governance-docs,missing,not-applicable,none,not-applicable,P7-F,,"Correction route (owner, distribution list, withdrawal, replacement, receipt) exists outside the product; none is recorded in the repository","claim-control obligation on the investor package, not product behaviour; cross-volume REL-19, DR-20"
IR-09-001,V10,"9 Buyers, Champions, and Human Authorities",30,"Represent Buyers, Champions, and Human Authorities only within the declared claim class and scope",V10-F002,governance-docs,missing,not-applicable,none,not-applicable,P7-F,,"Claim-register entry for this chapter (exact wording, class FROZEN, owner approval) does not exist in the repository; maintain it in the P7-F claim-to-evidence register","claim-control obligation on the investor package, not product behaviour; cross-volume REL-14, DR-20"
IR-09-002,V10,"9 Buyers, Champions, and Human Authorities",30,"Prevent architecture or planning language from implying actual product, customer or financial status",V10-F002,governance-docs,missing,not-applicable,none,not-applicable,P7-F,,Finance and legal review of the chapter wording before external use; no product behaviour,"claim-control obligation on the investor package, not product behaviour; cross-volume REL-08"
IR-09-003,V10,"9 Buyers, Champions, and Human Authorities",30,"Opportunity qualification must identify authority, budget, decision calendar, data rights, deployment boundary, and an agreed route to production.",V10-F002,commercial,missing,not-applicable,none,not-applicable,P7-F,,"Business/issuer validation (finance, legal, board, customers); no product behaviour to build",business assumption to validate; never an achieved outcome; Appendix N boundary: Authority-map completeness
IR-09-004,V10,"9 Buyers, Champions, and Human Authorities",30,"Expire, withdraw and replace affected claims when evidence or assumptions change materially",V10-F002,governance-docs,missing,not-applicable,none,not-applicable,P7-F,,"Correction route (owner, distribution list, withdrawal, replacement, receipt) exists outside the product; none is recorded in the repository","claim-control obligation on the investor package, not product behaviour; cross-volume REL-19, DR-20"
IR-10-001,V10,10 Lighthouse Use Cases,32,Represent Lighthouse Use Cases only within the declared claim class and scope,V10-F002,governance-docs,missing,not-applicable,none,not-applicable,P7-F,,"Claim-register entry for this chapter (exact wording, class FROZEN, owner approval) does not exist in the repository; maintain it in the P7-F claim-to-evidence register","claim-control obligation on the investor package, not product behaviour; cross-volume REL-14, DR-20"
IR-10-002,V10,10 Lighthouse Use Cases,32,"Prevent architecture or planning language from implying actual product, customer or financial status",V10-F002,governance-docs,missing,not-applicable,none,not-applicable,P7-F,,Finance and legal review of the chapter wording before external use; no product behaviour,"claim-control obligation on the investor package, not product behaviour; cross-volume REL-08"
IR-10-003,V10,10 Lighthouse Use Cases,32,"A lighthouse exits only when the production journey, control evidence, user acceptance, outcome method, commercial contract, and expansion map are complete.",V10-F002,commercial,missing,not-applicable,none,not-applicable,P7-F,,"Business/issuer validation (finance, legal, board, customers); no product behaviour to build",business assumption to validate; never an achieved outcome; Appendix N boundary: Time to production
IR-10-004,V10,10 Lighthouse Use Cases,32,"Expire, withdraw and replace affected claims when evidence or assumptions change materially",V10-F002,governance-docs,missing,not-applicable,none,not-applicable,P7-F,,"Correction route (owner, distribution list, withdrawal, replacement, receipt) exists outside the product; none is recorded in the repository","claim-control obligation on the investor package, not product behaviour; cross-volume REL-19, DR-20"
IR-11-001,V10,11 Market Opportunity Model,34,Represent Market Opportunity Model only within the declared claim class and scope,V10-F002,governance-docs,missing,not-applicable,none,not-applicable,P7-F,,"Claim-register entry for this chapter (exact wording, class FROZEN, owner approval) does not exist in the repository; maintain it in the P7-F claim-to-evidence register","claim-control obligation on the investor package, not product behaviour; cross-volume REL-14, DR-20"
IR-11-002,V10,11 Market Opportunity Model,34,"Prevent architecture or planning language from implying actual product, customer or financial status",V10-F002,governance-docs,missing,not-applicable,none,not-applicable,P7-F,,Finance and legal review of the chapter wording before external use; no product behaviour,"claim-control obligation on the investor package, not product behaviour; cross-volume REL-08"
IR-11-003,V10,11 Market Opportunity Model,34,"Account counts, buyer eligibility, ACV bands, procurement capacity, overlap, and achievable penetration require issuer and third-party validation before external reliance.",V10-F002,commercial,missing,not-applicable,none,not-applicable,P7-F,,"Business/issuer validation (finance, legal, board, customers); no product behaviour to build",business assumption to validate; never an achieved outcome; Appendix N boundary: Named-account coverage
IR-11-004,V10,11 Market Opportunity Model,34,"Expire, withdraw and replace affected claims when evidence or assumptions change materially",V10-F002,governance-docs,missing,not-applicable,none,not-applicable,P7-F,,"Correction route (owner, distribution list, withdrawal, replacement, receipt) exists outside the product; none is recorded in the repository","claim-control obligation on the investor package, not product behaviour; cross-volume REL-19, DR-20"
IR-12-001,V10,12 Regulatory and Sovereignty Tailwinds,36,Represent Regulatory and Sovereignty Tailwinds only within the declared claim class and scope,V10-F002,governance-docs,missing,not-applicable,none,not-applicable,P7-F,,"Claim-register entry for this chapter (exact wording, class FROZEN, owner approval) does not exist in the repository; maintain it in the P7-F claim-to-evidence register","claim-control obligation on the investor package, not product behaviour; cross-volume REL-14, DR-20"
IR-12-002,V10,12 Regulatory and Sovereignty Tailwinds,36,"Prevent architecture or planning language from implying actual product, customer or financial status",V10-F002,governance-docs,missing,not-applicable,none,not-applicable,P7-F,,Finance and legal review of the chapter wording before external use; no product behaviour,"claim-control obligation on the investor package, not product behaviour; cross-volume REL-08"
IR-12-003,V10,12 Regulatory and Sovereignty Tailwinds,36,"Counsel and control owners must map exact product functions, customer roles, jurisdictions, and dates to each obligation before any compliance representation.",V10-F002,commercial,missing,not-applicable,none,not-applicable,P7-F,,"Business/issuer validation (finance, legal, board, customers); no product behaviour to build",business assumption to validate; never an achieved outcome; control-to-obligation mapping (Appendix K) is P7-D work; the product makes no compliance representation; Appendix N boundary: Control-to-obligation mapping
IR-12-004,V10,12 Regulatory and Sovereignty Tailwinds,36,"Expire, withdraw and replace affected claims when evidence or assumptions change materially",V10-F002,governance-docs,missing,not-applicable,none,not-applicable,P7-F,,"Correction route (owner, distribution list, withdrawal, replacement, receipt) exists outside the product; none is recorded in the repository","claim-control obligation on the investor package, not product behaviour; cross-volume REL-19, DR-20"
IR-13-001,V10,13 Product System,39,Represent Product System only within the declared claim class and scope,V10-F003,governance-docs,missing,not-applicable,none,not-applicable,P7-F,,"Claim-register entry for this chapter (exact wording, class FROZEN, owner approval) does not exist in the repository; maintain it in the P7-F claim-to-evidence register","claim-control obligation on the investor package, not product behaviour; cross-volume REL-14, DR-20"
IR-13-002,V10,13 Product System,39,"Prevent architecture or planning language from implying actual product, customer or financial status",V10-F003,governance-docs,missing,not-applicable,none,not-applicable,P7-F,,Finance and legal review of the chapter wording before external use; no product behaviour,"claim-control obligation on the investor package, not product behaviour; cross-volume REL-08"
IR-13-003,V10,13 Product System,39,"A reference journey must traverse the relevant layers with stable identity, temporal state, provenance, permissions, observability, and exportability.",V10-F003,data-platform,partial,passed:harness+browser,branch-only,phase7,P7-D,"packages/contracts (canonical object envelope: id, type, tenant, version, provenance, truth state);apps/api/migrations/0006_objects.sql;apps/api/migrations/0024_graph_entities_edges_and_strategy.sql;e2e/phase0.spec.ts: 6. known-at query returns the pre-correction state (UI);e2e/phase1-observation.spec.ts: 7. evidence custody, the four times, and a safe attachment-only download;test/int/domain-isolation.test.ts;apps/api/migrations/0041_decision_packages.sql;apps/api/migrations/0042_decision_approvals_and_commitment.sql;apps/api/migrations/0043_decision_replay.sql;apps/api/migrations/0045_decision_monitoring_and_outcomes.sql;test/int/phase6-decisions.test.ts;test/int/phase6-approvals.test.ts;test/int/phase6-replay.test.ts: known / believed / tested hold only what was recorded under the cut-offs;test/int/phase6-monitoring.test.ts: the chosen run's exact output becomes a SIMULATED element; the outcomes upload becomes an OBSERVED element;e2e/phase6-decisions.demo.spec.ts: DECISIONS / REPLAY / BRIEFINGS;evidence/demo-virgin-transcript.txt","No observability planes (no metrics/telemetry endpoint; grep prometheus/opentelemetry = 0) and no customer export of the journey objects (no export endpoint): Phase 7 observability and packaging (P7-D), export/exit (P7-F)","identity, temporal state, provenance and permissions hold across L1–L9 at the harness; main ends at migration 0027 (Phase 3); Phases 4–6 and scheduled collection are unmerged branches behind the C15 image finding; Appendix N boundary: Layer-contract conformance"
IR-13-004,V10,13 Product System,39,"Expire, withdraw and replace affected claims when evidence or assumptions change materially",V10-F003,governance-docs,missing,not-applicable,none,not-applicable,P7-F,,"Correction route (owner, distribution list, withdrawal, replacement, receipt) exists outside the product; none is recorded in the repository","claim-control obligation on the investor package, not product behaviour; cross-volume REL-19, DR-20"
IR-14-001,V10,14 World Observation to Intelligence,41,Represent World Observation to Intelligence only within the declared claim class and scope,V10-F003,governance-docs,missing,not-applicable,none,not-applicable,P7-F,,"Claim-register entry for this chapter (exact wording, class FROZEN, owner approval) does not exist in the repository; maintain it in the P7-F claim-to-evidence register","claim-control obligation on the investor package, not product behaviour; cross-volume REL-14, DR-20"
IR-14-002,V10,14 World Observation to Intelligence,41,"Prevent architecture or planning language from implying actual product, customer or financial status",V10-F003,governance-docs,missing,not-applicable,none,not-applicable,P7-F,,Finance and legal review of the chapter wording before external use; no product behaviour,"claim-control obligation on the investor package, not product behaviour; cross-volume REL-08"
IR-14-003,V10,14 World Observation to Intelligence,41,"Production proof includes source-rights review, freshness and completeness measures, identity resolution quality, event precision, and source-to-claim reconstruction.",V10-F003,observation,partial,passed:harness,merged,phase7,P7-B,"apps/api/src/observation/sources/source-contract.ts (authority_and_rights.rights_state, purposes, classification_ceiling, freshness_expectation, correction_channel);apps/api/migrations/0022_observation_registry_and_evidence.sql (custody, tombstones);test/int/phase1-acceptance.test.ts: A1 the registered contract carries the complete §7 field set; A2 chain of custody and byte-identical retrieval; a retrieval writes its custody entry;test/int/domain-isolation.test.ts;test/int/phase6-scheduled-collection.test.ts;test/int/phase1-acceptance.test.ts: A6 coverage, health, and the honesty of unknown;test/int/phase3-acceptance.test.ts: the entity records WHICH resolved, WHEN, BY WHAT SCORE and under WHAT rule;test/int/phase2-acceptance.test.ts: B1 claims carry method, model, version, confidence and evidence lineage;e2e/phase1-observation.spec.ts: 10. a known-at query reproduces the pre-correction state","No measured identity-resolution quality or event-extraction precision against held-out datasets (Phase 7 evaluation, P7-B; P2 multilingual extraction); rights review is a contract field with a steward, not a legal sign-off workflow (P1)",Appendix N boundary: Source freshness
IR-14-004,V10,14 World Observation to Intelligence,41,"Expire, withdraw and replace affected claims when evidence or assumptions change materially",V10-F003,governance-docs,missing,not-applicable,none,not-applicable,P7-F,,"Correction route (owner, distribution list, withdrawal, replacement, receipt) exists outside the product; none is recorded in the repository","claim-control obligation on the investor package, not product behaviour; cross-volume REL-19, DR-20"
IR-15-001,V10,15 Knowledge Graph and Enterprise Memory,43,Represent Knowledge Graph and Enterprise Memory only within the declared claim class and scope,V10-F003,governance-docs,missing,not-applicable,none,not-applicable,P7-F,,"Claim-register entry for this chapter (exact wording, class FROZEN, owner approval) does not exist in the repository; maintain it in the P7-F claim-to-evidence register","claim-control obligation on the investor package, not product behaviour; cross-volume REL-14, DR-20"
IR-15-002,V10,15 Knowledge Graph and Enterprise Memory,43,"Prevent architecture or planning language from implying actual product, customer or financial status",V10-F003,governance-docs,missing,not-applicable,none,not-applicable,P7-F,,Finance and legal review of the chapter wording before external use; no product behaviour,"claim-control obligation on the investor package, not product behaviour; cross-volume REL-08"
IR-15-003,V10,15 Knowledge Graph and Enterprise Memory,43,"Proof requires temporal identity, bitemporal history, provenance, access control, correction, export, and query performance at representative scale.",V10-F003,memory-graph,partial,passed:harness,merged,phase7,P3,"apps/api/migrations/0024_graph_entities_edges_and_strategy.sql;apps/api/migrations/0026_edge_supersession_and_case_coverage.sql;apps/api/src/graph/entities/resolution.service.ts;apps/api/src/graph/search/search.service.ts (permission-aware search under RLS);test/int/phase3-acceptance.test.ts: resolves differently spelled mentions of the same identifier to ONE entity; C3 a wrong merge is reversible, and history survives it; a known-at query BEFORE the split still reproduces the merged view;test/int/domain-isolation.test.ts","No graph export (no export endpoint), no representative-scale query-performance test (no load tooling in the repository), no semantic/vector retrieval (grep embedding = 0), bitemporal history is known-at on edges and resolutions only: P3 hybrid retrieval, P7-D capacity, P7-F export",Appendix N boundary: Resolved entity quality
IR-15-004,V10,15 Knowledge Graph and Enterprise Memory,43,"Expire, withdraw and replace affected claims when evidence or assumptions change materially",V10-F003,governance-docs,missing,not-applicable,none,not-applicable,P7-F,,"Correction route (owner, distribution list, withdrawal, replacement, receipt) exists outside the product; none is recorded in the repository","claim-control obligation on the investor package, not product behaviour; cross-volume REL-19, DR-20"
IR-16-001,V10,16 Digital Twins and Six-Horizon Prediction,45,Represent Digital Twins and Six-Horizon Prediction only within the declared claim class and scope,V10-F004,governance-docs,missing,not-applicable,none,not-applicable,P7-F,,"Claim-register entry for this chapter (exact wording, class FROZEN, owner approval) does not exist in the repository; maintain it in the P7-F claim-to-evidence register","claim-control obligation on the investor package, not product behaviour; cross-volume REL-14, DR-20"
IR-16-002,V10,16 Digital Twins and Six-Horizon Prediction,45,"Prevent architecture or planning language from implying actual product, customer or financial status",V10-F004,governance-docs,missing,not-applicable,none,not-applicable,P7-F,,Finance and legal review of the chapter wording before external use; no product behaviour,"claim-control obligation on the investor package, not product behaviour; cross-volume REL-08"
IR-16-003,V10,16 Digital Twins and Six-Horizon Prediction,45,"Each twin and horizon requires declared purpose, validity envelope, calibration, uncertainty, drift monitoring, expert review, and decision-use acceptance.",V10-F004,prediction,partial,passed:harness+browser,branch-only,phase7,P4,"apps/api/migrations/0029_prediction_forecasts_scenarios_warnings_outcomes.sql (horizon_code 30d/90d/180d/1y/3y/5y; backtests; outcome_ledger);apps/api/migrations/0032_twin_registry.sql (twins_current.validation status+limitations; behaviour_models.operating_envelope; intended_decisions);apps/api/migrations/0033_simulation_runs.sql (sensitivity required on completed runs; reproductions verdict);test/int/phase4-acceptance.test.ts: D1 a forecast names distribution, horizon, drivers, assumptions and evidence — or is refused; D4 an outcome is scored from the observation known at the target, and calibration reports it;test/int/phase5-twins.test.ts: declares the twin, asserted by a person, with its boundary, model and limitations;test/int/phase5-simulations.test.ts: the same process reproduces the digest; when the pinned implementation is no longer the one the run recorded, the verdict is UNREPRODUCIBLE;e2e/phase4-prediction.demo.spec.ts: the calibration screen labels every backtest with its knowledge mode; TWINS: the NORDWERK twin shows its synthetic world, two cut-offs, element kinds and health","No drift monitoring for twins or forecast models (Phase 7 evaluation, P7-B); expert review is an owner-declared validation status, not a review workflow; calibration measured on demo series only — 3y/5y horizons unmeasured (T3); one twin family (supply-flow) exists (P5)",Appendix N boundary: Twin state fidelity; main ends at migration 0027 (Phase 3); Phases 4–6 and scheduled collection are unmerged branches behind the C15 image finding
IR-16-004,V10,16 Digital Twins and Six-Horizon Prediction,45,"Expire, withdraw and replace affected claims when evidence or assumptions change materially",V10-F004,governance-docs,missing,not-applicable,none,not-applicable,P7-F,,"Correction route (owner, distribution list, withdrawal, replacement, receipt) exists outside the product; none is recorded in the repository","claim-control obligation on the investor package, not product behaviour; cross-volume REL-19, DR-20"
IR-17-001,V10,"17 Scenario, Simulation, and Decision Intelligence",47,"Represent Scenario, Simulation, and Decision Intelligence only within the declared claim class and scope",V10-F004,governance-docs,missing,not-applicable,none,not-applicable,P7-F,,"Claim-register entry for this chapter (exact wording, class FROZEN, owner approval) does not exist in the repository; maintain it in the P7-F claim-to-evidence register","claim-control obligation on the investor package, not product behaviour; cross-volume REL-14, DR-20"
IR-17-002,V10,"17 Scenario, Simulation, and Decision Intelligence",47,"Prevent architecture or planning language from implying actual product, customer or financial status",V10-F004,governance-docs,missing,not-applicable,none,not-applicable,P7-F,,Finance and legal review of the chapter wording before external use; no product behaviour,"claim-control obligation on the investor package, not product behaviour; cross-volume REL-08"
IR-17-003,V10,"17 Scenario, Simulation, and Decision Intelligence",47,"Evidence requires scenario completeness, simulation verification, sensitivity analysis, expert challenge, recommendation traceability, and decision-authority acceptance.",V10-F004,twin-simulation,partial,passed:harness+browser,branch-only,phase5,P5,"apps/api/migrations/0029_prediction_forecasts_scenarios_warnings_outcomes.sql (horizon_code 30d/90d/180d/1y/3y/5y; backtests; outcome_ledger);apps/api/migrations/0032_twin_registry.sql (twins_current.validation status+limitations; behaviour_models.operating_envelope; intended_decisions);apps/api/migrations/0033_simulation_runs.sql (sensitivity required on completed runs; reproductions verdict);test/int/phase4-acceptance.test.ts: D1 a forecast names distribution, horizon, drivers, assumptions and evidence — or is refused; D4 an outcome is scored from the observation known at the target, and calibration reports it;test/int/phase5-twins.test.ts: declares the twin, asserted by a person, with its boundary, model and limitations;test/int/phase5-simulations.test.ts: the same process reproduces the digest; when the pinned implementation is no longer the one the run recorded, the verdict is UNREPRODUCIBLE;e2e/phase4-prediction.demo.spec.ts: the calibration screen labels every backtest with its knowledge mode; TWINS: the NORDWERK twin shows its synthetic world, two cut-offs, element kinds and health;apps/api/migrations/0047_replay_prior_dissent.sql;test/int/phase4-acceptance.test.ts: D5/D6 an indicator breach FLIPS the branch with a receipt;e2e/phase6-decisions.demo.spec.ts: DECISIONS: the committed package shows its state, SYNTHETIC consequences, the choice, dissent, approvals and the C3 commitment","Sensitivity is a recorded field per run, not a sensitivity-analysis product across parameters (P5); expert challenge is dissent text on the package, not a structured challenge workflow (P6); disruption/custom branches beyond baseline-upside-downside (P4)",Appendix N boundary: Scenario coverage; main ends at migration 0027 (Phase 3); Phases 4–6 and scheduled collection are unmerged branches behind the C15 image finding
IR-17-004,V10,"17 Scenario, Simulation, and Decision Intelligence",47,"Expire, withdraw and replace affected claims when evidence or assumptions change materially",V10-F004,governance-docs,missing,not-applicable,none,not-applicable,P7-F,,"Correction route (owner, distribution list, withdrawal, replacement, receipt) exists outside the product; none is recorded in the repository","claim-control obligation on the investor package, not product behaviour; cross-volume REL-19, DR-20"
IR-18-001,V10,"18 Executive OS, Decision Replay, and Learning",49,"Represent Executive OS, Decision Replay, and Learning only within the declared claim class and scope",V10-F004,governance-docs,missing,not-applicable,none,not-applicable,P7-F,,"Claim-register entry for this chapter (exact wording, class FROZEN, owner approval) does not exist in the repository; maintain it in the P7-F claim-to-evidence register","claim-control obligation on the investor package, not product behaviour; cross-volume REL-14, DR-20"
IR-18-002,V10,"18 Executive OS, Decision Replay, and Learning",49,"Prevent architecture or planning language from implying actual product, customer or financial status",V10-F004,governance-docs,missing,not-applicable,none,not-applicable,P7-F,,Finance and legal review of the chapter wording before external use; no product behaviour,"claim-control obligation on the investor package, not product behaviour; cross-volume REL-08"
IR-18-003,V10,"18 Executive OS, Decision Replay, and Learning",49,"A production loop must show immutable decision records, correction-safe evidence, outcome linkage, model and policy versioning, and controlled learning updates.",V10-F004,executive-os,partial,passed:harness,branch-only,phase7,P7-B,apps/api/migrations/0042_decision_approvals_and_commitment.sql (append-only approvals; exact C3 commit);apps/api/migrations/0045_decision_monitoring_and_outcomes.sql (append-only outcomes citing an OBSERVED twin element);apps/api/migrations/0043_decision_replay.sql (replay_layers under cut-offs);apps/api/src/intelligence/methods/methods.service.ts;apps/api/src/policy/pdp.service.ts;test/int/phase6-monitoring.test.ts: closure records the lessons as text on the outcomes; nothing reopens; the room mirrors closed;test/int/phase6-replay.test.ts,"Controlled learning updates: lessons are free text; no proposed model/prompt/threshold change, evaluation, approval, promotion or rollback (Phase 7 governed learning, P7-B); policy rules are not exposed as versioned policy objects",Appendix N boundary: Decision record completeness; main ends at migration 0027 (Phase 3); Phases 4–6 and scheduled collection are unmerged branches behind the C15 image finding
IR-18-004,V10,"18 Executive OS, Decision Replay, and Learning",49,"Expire, withdraw and replace affected claims when evidence or assumptions change materially",V10-F004,governance-docs,missing,not-applicable,none,not-applicable,P7-F,,"Correction route (owner, distribution list, withdrawal, replacement, receipt) exists outside the product; none is recorded in the repository","claim-control obligation on the investor package, not product behaviour; cross-volume REL-19, DR-20"
IR-19-001,V10,19 Multi-Agent Operating Model,52,Represent Multi-Agent Operating Model only within the declared claim class and scope,V10-F005,governance-docs,missing,not-applicable,none,not-applicable,P7-F,,"Claim-register entry for this chapter (exact wording, class FROZEN, owner approval) does not exist in the repository; maintain it in the P7-F claim-to-evidence register","claim-control obligation on the investor package, not product behaviour; cross-volume REL-14, DR-20"
IR-19-002,V10,19 Multi-Agent Operating Model,52,"Prevent architecture or planning language from implying actual product, customer or financial status",V10-F005,governance-docs,missing,not-applicable,none,not-applicable,P7-F,,Finance and legal review of the chapter wording before external use; no product behaviour,"claim-control obligation on the investor package, not product behaviour; cross-volume REL-08"
IR-19-003,V10,19 Multi-Agent Operating Model,52,"Agent proof requires task suites, tool-policy tests, least privilege, sandboxing, deterministic controls, unsafe-action prevention, human escalation, and replayable traces.",V10-F005,agents,partial,passed:harness,branch-only,phase7,P7-A,"apps/api/migrations/0046_executive_agents_and_runs.sql (agents are principals with a human owner and escalation target, budgets max_reads/max_gateway_calls/max_elapsed_ms, stop conditions, runs, refusals);apps/api/src/executive/agents/agents.service.ts;test/int/phase6-agents.test.ts: a budget of three reads: the run stops before anything is admitted, records the reason and escalates to the named human","Only three bounded agents (decision, briefing, planner); no generic Planner/Supervisor/Workflow runtime, task graphs, specialist portfolio, tool sandboxing (C19 isolation bounds gate children, not agents), task suites or adversarial tests (Phase 7, P7-A)",Appendix N boundary: Task success by agent; main ends at migration 0027 (Phase 3); Phases 4–6 and scheduled collection are unmerged branches behind the C15 image finding
IR-19-004,V10,19 Multi-Agent Operating Model,52,"Expire, withdraw and replace affected claims when evidence or assumptions change materially",V10-F005,governance-docs,missing,not-applicable,none,not-applicable,P7-F,,"Correction route (owner, distribution list, withdrawal, replacement, receipt) exists outside the product; none is recorded in the repository","claim-control obligation on the investor package, not product behaviour; cross-volume REL-19, DR-20"
IR-20-001,V10,20 Model Pluralism and LLM Strategy,54,Represent Model Pluralism and LLM Strategy only within the declared claim class and scope,V10-F005,governance-docs,missing,not-applicable,none,not-applicable,P7-F,,"Claim-register entry for this chapter (exact wording, class FROZEN, owner approval) does not exist in the repository; maintain it in the P7-F claim-to-evidence register","claim-control obligation on the investor package, not product behaviour; cross-volume REL-14, DR-20"
IR-20-002,V10,20 Model Pluralism and LLM Strategy,54,"Prevent architecture or planning language from implying actual product, customer or financial status",V10-F005,governance-docs,missing,not-applicable,none,not-applicable,P7-F,,Finance and legal review of the chapter wording before external use; no product behaviour,"claim-control obligation on the investor package, not product behaviour; cross-volume REL-08"
IR-20-003,V10,20 Model Pluralism and LLM Strategy,54,"Production evidence must compare approved models on domain tasks, calibration, safety, latency, cost, drift, and fallback behavior.",V10-F005,intelligence,partial,passed:harness,merged,phase7,P2,"apps/api/src/intelligence/gateway/model-gateway.service.ts (single egress; replay and local-live Ollama/llama.cpp modes; model, weights digest, prompt version pinned per call; a replay miss fails, never a silent live call);apps/api/src/intelligence/methods/methods.service.ts (versioned methods);test/int/phase2-acceptance.test.ts: B1 claims carry method, model, version, confidence and evidence lineage; B3 low confidence and abstention reach review and cannot bypass it;apps/web/app/intelligence/gateway","No hosted-provider adapters or routing by purpose (none configurable by design today), no cross-model comparison on domain tasks, calibration, safety, latency, cost or drift, no fallback chain (a replay miss fails): P2 adapters/routing; Phase 7 evaluation (P7-B)",FULL_PRODUCT_DELIVERY_REGISTER.md §6: Model Gateway narrative partial (no gateway call); Appendix N boundary: Model portfolio coverage
IR-20-004,V10,20 Model Pluralism and LLM Strategy,54,"Expire, withdraw and replace affected claims when evidence or assumptions change materially",V10-F005,governance-docs,missing,not-applicable,none,not-applicable,P7-F,,"Correction route (owner, distribution list, withdrawal, replacement, receipt) exists outside the product; none is recorded in the repository","claim-control obligation on the investor package, not product behaviour; cross-volume REL-19, DR-20"
IR-21-001,V10,21 Data Platform and Source Universe,56,Represent Data Platform and Source Universe only within the declared claim class and scope,V10-F005,governance-docs,missing,not-applicable,none,not-applicable,P7-F,,"Claim-register entry for this chapter (exact wording, class FROZEN, owner approval) does not exist in the repository; maintain it in the P7-F claim-to-evidence register","claim-control obligation on the investor package, not product behaviour; cross-volume REL-14, DR-20"
IR-21-002,V10,21 Data Platform and Source Universe,56,"Prevent architecture or planning language from implying actual product, customer or financial status",V10-F005,governance-docs,missing,not-applicable,none,not-applicable,P7-F,,Finance and legal review of the chapter wording before external use; no product behaviour,"claim-control obligation on the investor package, not product behaviour; cross-volume REL-08"
IR-21-003,V10,21 Data Platform and Source Universe,56,"Proof includes source contracts, data-quality SLOs, lineage coverage, access-policy tests, deletion evidence, reconciliation, and export.",V10-F005,data-platform,partial,passed:harness,merged,phase7,P1,"apps/api/src/observation/sources/source-contract.ts (authority_and_rights.rights_state, purposes, classification_ceiling, freshness_expectation, correction_channel);apps/api/migrations/0022_observation_registry_and_evidence.sql (custody, tombstones);test/int/phase1-acceptance.test.ts: A1 the registered contract carries the complete §7 field set; A2 chain of custody and byte-identical retrieval; a retrieval writes its custody entry;test/int/domain-isolation.test.ts;test/int/phase6-scheduled-collection.test.ts","No data-quality SLO objects or attainment measure (coverage/health exist, targets do not), no rights-withdrawal deletion across derivatives (tombstones serve replay only), no export, no reconciliation product; source universe is RSS/REST/upload/scheduled only (P1 CDC, streaming, documents/media; P3…",Appendix N boundary: Lineage coverage
IR-21-004,V10,21 Data Platform and Source Universe,56,"Expire, withdraw and replace affected claims when evidence or assumptions change materially",V10-F005,governance-docs,missing,not-applicable,none,not-applicable,P7-F,,"Correction route (owner, distribution list, withdrawal, replacement, receipt) exists outside the product; none is recorded in the repository","claim-control obligation on the investor package, not product behaviour; cross-volume REL-19, DR-20"
IR-22-001,V10,"22 Explainability, Provenance, and Truth",58,"Represent Explainability, Provenance, and Truth only within the declared claim class and scope",V10-F005,governance-docs,missing,not-applicable,none,not-applicable,P7-F,,"Claim-register entry for this chapter (exact wording, class FROZEN, owner approval) does not exist in the repository; maintain it in the P7-F claim-to-evidence register","claim-control obligation on the investor package, not product behaviour; cross-volume REL-14, DR-20"
IR-22-002,V10,"22 Explainability, Provenance, and Truth",58,"Prevent architecture or planning language from implying actual product, customer or financial status",V10-F005,governance-docs,missing,not-applicable,none,not-applicable,P7-F,,Finance and legal review of the chapter wording before external use; no product behaviour,"claim-control obligation on the investor package, not product behaviour; cross-volume REL-08"
IR-22-003,V10,"22 Explainability, Provenance, and Truth",58,"Audits must reconstruct sampled claims to admissible evidence, reproduce decision traces, measure unsupported-claim rates, and verify correction propagation.",V10-F005,intelligence,partial,passed:harness,branch-only,phase7,P7-B,"test/int/phase2-acceptance.test.ts: B1 claims carry method, model, version, confidence and evidence lineage;test/int/phase1-acceptance.test.ts: a known-at query reproduces the pre-correction state without hindsight;test/int/phase6-replay.test.ts: the same cut-offs and as_of by two other readers: the same content digest, different invocation records;test/int/phase5-propagation.test.ts;test/int/phase3-acceptance.test.ts: C3 a wrong merge is reversible, and history survives it;test/int/audit-chain.test.ts","No unsupported-claim-rate measurement or audit-sampling procedure over claims (P7-B evaluation); correction propagation is proven at the harness, not measured as a propagation-time metric",Appendix N boundary: Claim reconstruction; main ends at migration 0027 (Phase 3); Phases 4–6 and scheduled collection are unmerged branches behind the C15 image finding
IR-22-004,V10,"22 Explainability, Provenance, and Truth",58,"Expire, withdraw and replace affected claims when evidence or assumptions change materially",V10-F005,governance-docs,missing,not-applicable,none,not-applicable,P7-F,,"Correction route (owner, distribution list, withdrawal, replacement, receipt) exists outside the product; none is recorded in the repository","claim-control obligation on the investor package, not product behaviour; cross-volume REL-19, DR-20"
IR-23-001,V10,"23 Security, Privacy, and Sovereignty",60,"Represent Security, Privacy, and Sovereignty only within the declared claim class and scope",V10-F006,governance-docs,missing,not-applicable,none,not-applicable,P7-F,,"Claim-register entry for this chapter (exact wording, class FROZEN, owner approval) does not exist in the repository; maintain it in the P7-F claim-to-evidence register","claim-control obligation on the investor package, not product behaviour; cross-volume REL-14, DR-20"
IR-23-002,V10,"23 Security, Privacy, and Sovereignty",60,"Prevent architecture or planning language from implying actual product, customer or financial status",V10-F006,governance-docs,missing,not-applicable,none,not-applicable,P7-F,,Finance and legal review of the chapter wording before external use; no product behaviour,"claim-control obligation on the investor package, not product behaviour; cross-volume REL-08"
IR-23-003,V10,"23 Security, Privacy, and Sovereignty",60,"Evidence includes threat models, secure-SDLC records, penetration tests, isolation tests, privacy assessments, key management, incident exercises, and independent assurance.",V10-F006,identity-policy,partial,passed:harness+ci,merged,phase7,P7-D,"apps/api/migrations/0002_identity_tenancy.sql;apps/api/migrations/0003_policy.sql;apps/api/migrations/0004_audit.sql;apps/api/migrations/0009_privilege_separation_and_bound_context.sql;apps/api/src/policy/pdp.service.ts;test/int/audit-chain.test.ts;test/int/domain-isolation.test.ts;test/int/gate22-authority-matrix.test.ts;test/int/adversarial.test.ts;test/gate/hermetic-isolation.test.ts;.github/workflows/ci.yml: supply-chain (gitleaks, trivy, C16 SBOM, C17 licence);docs/SCANNER_DISPOSITIONS.md","No product threat model (C19.1 covers the gate supervisor only), no penetration test, no privacy assessment/DPIA, no KMS or customer-key lifecycle (credentials are environment-only), no incident exercise beyond the degraded-recovery harness, no independent assurance, no SSO/MFA (P7-D)","Appendix N boundary: Critical security findings; C15 is red on util-linux CVEs in the pinned images (register §4, R-3)"
IR-23-004,V10,"23 Security, Privacy, and Sovereignty",60,"Expire, withdraw and replace affected claims when evidence or assumptions change materially",V10-F006,governance-docs,missing,not-applicable,none,not-applicable,P7-F,,"Correction route (owner, distribution list, withdrawal, replacement, receipt) exists outside the product; none is recorded in the repository","claim-control obligation on the investor package, not product behaviour; cross-volume REL-19, DR-20"
IR-24-001,V10,24 Deployment Parity and Disconnected Operations,62,Represent Deployment Parity and Disconnected Operations only within the declared claim class and scope,V10-F006,governance-docs,missing,not-applicable,none,not-applicable,P7-F,,"Claim-register entry for this chapter (exact wording, class FROZEN, owner approval) does not exist in the repository; maintain it in the P7-F claim-to-evidence register","claim-control obligation on the investor package, not product behaviour; cross-volume REL-14, DR-20"
IR-24-002,V10,24 Deployment Parity and Disconnected Operations,62,"Prevent architecture or planning language from implying actual product, customer or financial status",V10-F006,governance-docs,missing,not-applicable,none,not-applicable,P7-F,,Finance and legal review of the chapter wording before external use; no product behaviour,"claim-control obligation on the investor package, not product behaviour; cross-volume REL-08"
IR-24-003,V10,24 Deployment Parity and Disconnected Operations,62,"Golden journeys, signed artifacts, upgrade tests, state reconciliation, performance envelopes, and support procedures must pass in every supported profile.",V10-F006,infrastructure,partial,passed:ci+browser,merged,phase7,P7-D,"docker-compose.yml (digest-pinned postgres:18-alpine and redis:8-alpine);infra/images/candidates;.github/workflows/ci.yml: build-test, browser-regression, supply-chain;.github/workflows/c17-finalize.yml;test/gate/supply-chain-artifacts.test.ts;test/gate/c18-post-upgrade-world.ts (post-upgrade database boundary);e2e/phase0.spec.ts;e2e/phase1-observation.spec.ts;e2e/phase4-prediction.demo.spec.ts;e2e/phase6-decisions.demo.spec.ts","One profile only (local Docker Compose): no SaaS/private/on-premise/disconnected packaging, no parity suite, no signed release bundle (SBOM/attestation exist for gate evidence), no application upgrade test, no performance envelopes or support procedures (Phase 7 deployment packaging, P7-D)",Appendix N boundary: Parity-suite pass rate; C15 red on the pinned images (register §4)
IR-24-004,V10,24 Deployment Parity and Disconnected Operations,62,"Expire, withdraw and replace affected claims when evidence or assumptions change materially",V10-F006,governance-docs,missing,not-applicable,none,not-applicable,P7-F,,"Correction route (owner, distribution list, withdrawal, replacement, receipt) exists outside the product; none is recorded in the repository","claim-control obligation on the investor package, not product behaviour; cross-volume REL-19, DR-20"
IR-25-001,V10,25 UI/UX and Strategic Workflows,65,Represent UI/UX and Strategic Workflows only within the declared claim class and scope,V10-F007,governance-docs,missing,not-applicable,none,not-applicable,P7-F,,"Claim-register entry for this chapter (exact wording, class FROZEN, owner approval) does not exist in the repository; maintain it in the P7-F claim-to-evidence register","claim-control obligation on the investor package, not product behaviour; cross-volume REL-14, DR-20"
IR-25-002,V10,25 UI/UX and Strategic Workflows,65,"Prevent architecture or planning language from implying actual product, customer or financial status",V10-F007,governance-docs,missing,not-applicable,none,not-applicable,P7-F,,Finance and legal review of the chapter wording before external use; no product behaviour,"claim-control obligation on the investor package, not product behaviour; cross-volume REL-08"
IR-25-003,V10,25 UI/UX and Strategic Workflows,65,"Usability proof requires task completion, decision comprehension, accessibility, authority clarity, error recovery, and safe-action testing with target roles.",V10-F007,ux,partial,passed:browser,merged,phase7,P7-E,"e2e/phase0.spec.ts: 9. keyboard navigation and basic accessibility; 10. light/dark presentation and RTL-layout smoke;e2e/phase1-observation.spec.ts: 11. keyboard operation, landmarks and labels; 12. state is never carried by colour alone;e2e/phase6-decisions.demo.spec.ts;apps/web/app/decisions;apps/web/app/twins;apps/web/app/prediction;apps/web/app/graph","No usability study with target roles (task completion, decision comprehension), no WCAG 2.2 AA audit (no axe or screen-reader tests), no executive home, priority queue or Strategic Health Score workspaces, no mobile/offline (P7-E)",Appendix N boundary: Task completion; Phase 4/6 browser suites run on unmerged branches
IR-25-004,V10,25 UI/UX and Strategic Workflows,65,"Expire, withdraw and replace affected claims when evidence or assumptions change materially",V10-F007,governance-docs,missing,not-applicable,none,not-applicable,P7-F,,"Correction route (owner, distribution list, withdrawal, replacement, receipt) exists outside the product; none is recorded in the repository","claim-control obligation on the investor package, not product behaviour; cross-volume REL-19, DR-20"
IR-26-001,V10,26 Implementation and Time-to-Value,67,Represent Implementation and Time-to-Value only within the declared claim class and scope,V10-F007,governance-docs,missing,not-applicable,none,not-applicable,P7-F,,"Claim-register entry for this chapter (exact wording, class FROZEN, owner approval) does not exist in the repository; maintain it in the P7-F claim-to-evidence register","claim-control obligation on the investor package, not product behaviour; cross-volume REL-14, DR-20"
IR-26-002,V10,26 Implementation and Time-to-Value,67,"Prevent architecture or planning language from implying actual product, customer or financial status",V10-F007,governance-docs,missing,not-applicable,none,not-applicable,P7-F,,Finance and legal review of the chapter wording before external use; no product behaviour,"claim-control obligation on the investor package, not product behaviour; cross-volume REL-08"
IR-26-003,V10,26 Implementation and Time-to-Value,67,"Proof requires measured stage duration, production acceptance, configuration-to-code ratio, control evidence, and reference package reuse.",V10-F007,commercial,missing,not-applicable,none,not-applicable,P7-F,,"Business/issuer validation (finance, legal, board, customers); no product behaviour to build",business assumption to validate; never an achieved outcome; stage duration and configuration-to-code ratio are delivery metrics (P7-F onboarding); Appendix N boundary: Time to production
IR-26-004,V10,26 Implementation and Time-to-Value,67,"Expire, withdraw and replace affected claims when evidence or assumptions change materially",V10-F007,governance-docs,missing,not-applicable,none,not-applicable,P7-F,,"Correction route (owner, distribution list, withdrawal, replacement, receipt) exists outside the product; none is recorded in the repository","claim-control obligation on the investor package, not product behaviour; cross-volume REL-19, DR-20"
IR-27-001,V10,27 Domain Specialization Without Fragmentation,69,Represent Domain Specialization Without Fragmentation only within the declared claim class and scope,V10-F007,governance-docs,missing,not-applicable,none,not-applicable,P7-F,,"Claim-register entry for this chapter (exact wording, class FROZEN, owner approval) does not exist in the repository; maintain it in the P7-F claim-to-evidence register","claim-control obligation on the investor package, not product behaviour; cross-volume REL-14, DR-20"
IR-27-002,V10,27 Domain Specialization Without Fragmentation,69,"Prevent architecture or planning language from implying actual product, customer or financial status",V10-F007,governance-docs,missing,not-applicable,none,not-applicable,P7-F,,Finance and legal review of the chapter wording before external use; no product behaviour,"claim-control obligation on the investor package, not product behaviour; cross-volume REL-08"
IR-27-003,V10,27 Domain Specialization Without Fragmentation,69,"A domain package must demonstrate common-core conformance, expert acceptance, reusable value, lifecycle ownership, and controlled upgrade compatibility.",V10-F007,marketplace,missing,unverified,none,phase7,P7-C,,"No domain package mechanism: no ontology packs, decision-archetype templates, source packages, evaluation suites or partner extensions (grep archetype/marketplace = 0); one twin kind schema and one behaviour model exist (0032) — P7-C admission/installation, P3 ontology governance",Appendix N boundary: Common-core conformance; not scheduled in the master build prompt
IR-27-004,V10,27 Domain Specialization Without Fragmentation,69,"Expire, withdraw and replace affected claims when evidence or assumptions change materially",V10-F007,governance-docs,missing,not-applicable,none,not-applicable,P7-F,,"Correction route (owner, distribution list, withdrawal, replacement, receipt) exists outside the product; none is recorded in the repository","claim-control obligation on the investor package, not product behaviour; cross-volume REL-19, DR-20"
IR-28-001,V10,"28 Integration, Interoperability, and Exit",71,"Represent Integration, Interoperability, and Exit only within the declared claim class and scope",V10-F007,governance-docs,missing,not-applicable,none,not-applicable,P7-F,,"Claim-register entry for this chapter (exact wording, class FROZEN, owner approval) does not exist in the repository; maintain it in the P7-F claim-to-evidence register","claim-control obligation on the investor package, not product behaviour; cross-volume REL-14, DR-20"
IR-28-002,V10,"28 Integration, Interoperability, and Exit",71,"Prevent architecture or planning language from implying actual product, customer or financial status",V10-F007,governance-docs,missing,not-applicable,none,not-applicable,P7-F,,Finance and legal review of the chapter wording before external use; no product behaviour,"claim-control obligation on the investor package, not product behaviour; cross-volume REL-08"
IR-28-003,V10,"28 Integration, Interoperability, and Exit",71,"Evidence includes contract tests, versioning, rate and failure behavior, round-trip export, deletion, reconciliation, and customer-owned-key procedures.",V10-F007,infrastructure,partial,passed:harness+ci,merged,phase7,P7-F,packages/contracts;test/int/rfc8785-crosslang.test.ts;test/gate/receipt-contract.test.ts;apps/api/src/*/*.controller.ts (/v1 routes);test/int/phase1-fault-injection.test.ts;apps/api/src/observation/connectors/http-client.ts,"No round-trip export/import, no customer-owned-key procedure, no rate limiting, no identity federation (SSO), no event/webhook egress for integrators, no deletion/reconciliation contract tests (P7-F export/exit and enterprise integration; P7-D IAM)",Appendix N boundary: Contract-test pass rate
IR-28-004,V10,"28 Integration, Interoperability, and Exit",71,"Expire, withdraw and replace affected claims when evidence or assumptions change materially",V10-F007,governance-docs,missing,not-applicable,none,not-applicable,P7-F,,"Correction route (owner, distribution list, withdrawal, replacement, receipt) exists outside the product; none is recorded in the repository","claim-control obligation on the investor package, not product behaviour; cross-volume REL-19, DR-20"
IR-29-001,V10,"29 Reliability, Support, and Operational Quality",73,"Represent Reliability, Support, and Operational Quality only within the declared claim class and scope",V10-F007,governance-docs,missing,not-applicable,none,not-applicable,P7-F,,"Claim-register entry for this chapter (exact wording, class FROZEN, owner approval) does not exist in the repository; maintain it in the P7-F claim-to-evidence register","claim-control obligation on the investor package, not product behaviour; cross-volume REL-14, DR-20"
IR-29-002,V10,"29 Reliability, Support, and Operational Quality",73,"Prevent architecture or planning language from implying actual product, customer or financial status",V10-F007,governance-docs,missing,not-applicable,none,not-applicable,P7-F,,Finance and legal review of the chapter wording before external use; no product behaviour,"claim-control obligation on the investor package, not product behaviour; cross-volume REL-08"
IR-29-003,V10,"29 Reliability, Support, and Operational Quality",73,"Production proof requires load and resilience testing, observability coverage, incident exercises, recovery evidence, support response, and customer acceptance.",V10-F007,infrastructure,partial,passed:harness+browser,merged,phase7,P7-D,"apps/api/src/health (healthz/readyz; degraded-reconciliation.service.ts);apps/api/src/audit/reconcile-degraded.ts;test/int/gate22-degraded-recovery.test.ts;e2e/phase4-prediction.demo.spec.ts: the API is HEALTHY behind the banner-free shell: /readyz is inspected, not assumed;e2e/phase1-observation.spec.ts: 6. the health timeline replays deterministically from stored events","No load/resilience testing (no k6/autocannon), no telemetry/metrics export or four observability planes, no journey SLO objects, no backup/restore or PITR procedure (register §7: vault/journal recovery partial), no incident exercise record, no support process (Phase 7 observability, P7-D)",Appendix N boundary: Journey SLO attainment
IR-29-004,V10,"29 Reliability, Support, and Operational Quality",73,"Expire, withdraw and replace affected claims when evidence or assumptions change materially",V10-F007,governance-docs,missing,not-applicable,none,not-applicable,P7-F,,"Correction route (owner, distribution list, withdrawal, replacement, receipt) exists outside the product; none is recorded in the repository","claim-control obligation on the investor package, not product behaviour; cross-volume REL-19, DR-20"
IR-30-001,V10,30 Product Readiness and Evidence Boundary,75,Represent Product Readiness and Evidence Boundary only within the declared claim class and scope,V10-F007,governance-docs,missing,not-applicable,none,not-applicable,P7-F,,"Claim-register entry for this chapter (exact wording, class FROZEN, owner approval) does not exist in the repository; maintain it in the P7-F claim-to-evidence register","claim-control obligation on the investor package, not product behaviour; cross-volume REL-14, DR-20"
IR-30-002,V10,30 Product Readiness and Evidence Boundary,75,"Prevent architecture or planning language from implying actual product, customer or financial status",V10-F007,governance-docs,missing,not-applicable,none,not-applicable,P7-F,,Finance and legal review of the chapter wording before external use; no product behaviour,"claim-control obligation on the investor package, not product behaviour; cross-volume REL-08"
IR-30-003,V10,30 Product Readiness and Evidence Boundary,75,"The external package can claim only what the evidence room, claim register, source register, and accountable approvers support at release time.",V10-F007,governance-docs,missing,not-applicable,none,not-applicable,P7-F,,"Claim register, evidence room and release approvals are maintained outside the product; the repository holds no claim register","claim-control obligation on the investor package, not product behaviour; the evidence room today is FULL_PRODUCT_DELIVERY_REGISTER.md plus this audit; no claim or source register exists in the repository; Appendix N boundary: Proof-gate closure"
IR-30-004,V10,30 Product Readiness and Evidence Boundary,75,"Expire, withdraw and replace affected claims when evidence or assumptions change materially",V10-F007,governance-docs,missing,not-applicable,none,not-applicable,P7-F,,"Correction route (owner, distribution list, withdrawal, replacement, receipt) exists outside the product; none is recorded in the repository","claim-control obligation on the investor package, not product behaviour; cross-volume REL-19, DR-20"
IR-31-001,V10,31 Revenue Architecture,78,Represent Revenue Architecture only within the declared claim class and scope,V10-F008,governance-docs,missing,not-applicable,none,not-applicable,P7-F,,"Claim-register entry for this chapter (exact wording, class FROZEN, owner approval) does not exist in the repository; maintain it in the P7-F claim-to-evidence register","claim-control obligation on the investor package, not product behaviour; cross-volume REL-14, DR-20"
IR-31-002,V10,31 Revenue Architecture,78,"Prevent architecture or planning language from implying actual product, customer or financial status",V10-F008,governance-docs,missing,not-applicable,none,not-applicable,P7-F,,Finance and legal review of the chapter wording before external use; no product behaviour,"claim-control obligation on the investor package, not product behaviour; cross-volume REL-08"
IR-31-003,V10,31 Revenue Architecture,78,"Evidence requires executed contracts, entitlement records, usage and invoice reconciliation, recurring-revenue definitions, renewal behavior, and services separation.",V10-F008,commercial,missing,not-applicable,none,not-applicable,P7-F,,"Business/issuer validation (finance, legal, board, customers); no product behaviour to build",business assumption to validate; never an achieved outcome; Appendix N boundary: Recurring revenue mix
IR-31-004,V10,31 Revenue Architecture,78,"Expire, withdraw and replace affected claims when evidence or assumptions change materially",V10-F008,governance-docs,missing,not-applicable,none,not-applicable,P7-F,,"Correction route (owner, distribution list, withdrawal, replacement, receipt) exists outside the product; none is recorded in the repository","claim-control obligation on the investor package, not product behaviour; cross-volume REL-19, DR-20"
IR-32-001,V10,"32 Packaging, Entitlements, and Licensing",80,"Represent Packaging, Entitlements, and Licensing only within the declared claim class and scope",V10-F008,governance-docs,missing,not-applicable,none,not-applicable,P7-F,,"Claim-register entry for this chapter (exact wording, class FROZEN, owner approval) does not exist in the repository; maintain it in the P7-F claim-to-evidence register","claim-control obligation on the investor package, not product behaviour; cross-volume REL-14, DR-20"
IR-32-002,V10,"32 Packaging, Entitlements, and Licensing",80,"Prevent architecture or planning language from implying actual product, customer or financial status",V10-F008,governance-docs,missing,not-applicable,none,not-applicable,P7-F,,Finance and legal review of the chapter wording before external use; no product behaviour,"claim-control obligation on the investor package, not product behaviour; cross-volume REL-08"
IR-32-003,V10,"32 Packaging, Entitlements, and Licensing",80,"Proof includes SKU-to-entitlement mapping, contract alignment, usage reconciliation, renewal behavior, upgrade paths, and policy enforcement tests.",V10-F008,commercial,missing,unverified,none,phase7,P7-F,,"No entitlement, SKU or licence objects and no policy enforcement of entitlements across profiles or partner routes (grep entitlement = 0); see ENT-01…ENT-20 (P7-F entitlements/licensing)",package bands are business assumption to validate; never an achieved outcome; not scheduled in the master build prompt; Appendix N boundary: Entitlement accuracy
IR-32-004,V10,"32 Packaging, Entitlements, and Licensing",80,"Expire, withdraw and replace affected claims when evidence or assumptions change materially",V10-F008,governance-docs,missing,not-applicable,none,not-applicable,P7-F,,"Correction route (owner, distribution list, withdrawal, replacement, receipt) exists outside the product; none is recorded in the repository","claim-control obligation on the investor package, not product behaviour; cross-volume REL-19, DR-20"
IR-33-001,V10,33 Pricing and Metering,82,Represent Pricing and Metering only within the declared claim class and scope,V10-F008,governance-docs,missing,not-applicable,none,not-applicable,P7-F,,"Claim-register entry for this chapter (exact wording, class FROZEN, owner approval) does not exist in the repository; maintain it in the P7-F claim-to-evidence register","claim-control obligation on the investor package, not product behaviour; cross-volume REL-14, DR-20"
IR-33-002,V10,33 Pricing and Metering,82,"Prevent architecture or planning language from implying actual product, customer or financial status",V10-F008,governance-docs,missing,not-applicable,none,not-applicable,P7-F,,Finance and legal review of the chapter wording before external use; no product behaviour,"claim-control obligation on the investor package, not product behaviour; cross-volume REL-08"
IR-33-003,V10,33 Pricing and Metering,82,"Willingness-to-pay, procurement feasibility, discount discipline, usage predictability, margin, and renewal evidence must validate each band.",V10-F008,commercial,missing,unverified,none,phase7,P7-F,,"No usage metering of model, data, satellite, compute or source consumption that is observable or reconcilable to invoices; the only meters are agent budgets (0046) — P7-F metering; price bands are business assumptions",price bands are business assumption to validate; never an achieved outcome; Appendix N boundary: Net price realization
IR-33-004,V10,33 Pricing and Metering,82,"Expire, withdraw and replace affected claims when evidence or assumptions change materially",V10-F008,governance-docs,missing,not-applicable,none,not-applicable,P7-F,,"Correction route (owner, distribution list, withdrawal, replacement, receipt) exists outside the product; none is recorded in the repository","claim-control obligation on the investor package, not product behaviour; cross-volume REL-19, DR-20"
IR-34-001,V10,34 Deployment Economics,84,Represent Deployment Economics only within the declared claim class and scope,V10-F008,governance-docs,missing,not-applicable,none,not-applicable,P7-F,,"Claim-register entry for this chapter (exact wording, class FROZEN, owner approval) does not exist in the repository; maintain it in the P7-F claim-to-evidence register","claim-control obligation on the investor package, not product behaviour; cross-volume REL-14, DR-20"
IR-34-002,V10,34 Deployment Economics,84,"Prevent architecture or planning language from implying actual product, customer or financial status",V10-F008,governance-docs,missing,not-applicable,none,not-applicable,P7-F,,Finance and legal review of the chapter wording before external use; no product behaviour,"claim-control obligation on the investor package, not product behaviour; cross-volume REL-08"
IR-34-003,V10,34 Deployment Economics,84,"Evidence requires cost attribution by profile and journey, capacity tests, support effort, upgrade cost, gross-margin reconciliation, and contract recovery.",V10-F008,commercial,missing,not-applicable,none,not-applicable,P7-F,,"Business/issuer validation (finance, legal, board, customers); no product behaviour to build",business assumption to validate; never an achieved outcome; cost attribution by profile/journey needs FinOps telemetry (P7-D); Appendix N boundary: Gross margin by profile
IR-34-004,V10,34 Deployment Economics,84,"Expire, withdraw and replace affected claims when evidence or assumptions change materially",V10-F008,governance-docs,missing,not-applicable,none,not-applicable,P7-F,,"Correction route (owner, distribution list, withdrawal, replacement, receipt) exists outside the product; none is recorded in the repository","claim-control obligation on the investor package, not product behaviour; cross-volume REL-19, DR-20"
IR-35-001,V10,35 Marketplace and Ecosystem Economics,86,Represent Marketplace and Ecosystem Economics only within the declared claim class and scope,V10-F008,governance-docs,missing,not-applicable,none,not-applicable,P7-F,,"Claim-register entry for this chapter (exact wording, class FROZEN, owner approval) does not exist in the repository; maintain it in the P7-F claim-to-evidence register","claim-control obligation on the investor package, not product behaviour; cross-volume REL-14, DR-20"
IR-35-002,V10,35 Marketplace and Ecosystem Economics,86,"Prevent architecture or planning language from implying actual product, customer or financial status",V10-F008,governance-docs,missing,not-applicable,none,not-applicable,P7-F,,Finance and legal review of the chapter wording before external use; no product behaviour,"claim-control obligation on the investor package, not product behaviour; cross-volume REL-08"
IR-35-003,V10,35 Marketplace and Ecosystem Economics,86,"Proof requires verified supply and demand, asset quality, attach, usage, take rate, dispute handling, security review, and lifecycle economics.",V10-F008,marketplace,missing,unverified,none,phase7,P7-C,,"No marketplace: no signed package manifests, admission, installation, take rate, dispute handling or revocation (grep marketplace = 0) — P7-C","supply/demand, take rate and attach are business assumption to validate; never an achieved outcome; Appendix N boundary: Qualified marketplace supply"
IR-35-004,V10,35 Marketplace and Ecosystem Economics,86,"Expire, withdraw and replace affected claims when evidence or assumptions change materially",V10-F008,governance-docs,missing,not-applicable,none,not-applicable,P7-F,,"Correction route (owner, distribution list, withdrawal, replacement, receipt) exists outside the product; none is recorded in the repository","claim-control obligation on the investor package, not product behaviour; cross-volume REL-19, DR-20"
IR-36-001,V10,"36 Services, Support, and Partner Economics",88,"Represent Services, Support, and Partner Economics only within the declared claim class and scope",V10-F008,governance-docs,missing,not-applicable,none,not-applicable,P7-F,,"Claim-register entry for this chapter (exact wording, class FROZEN, owner approval) does not exist in the repository; maintain it in the P7-F claim-to-evidence register","claim-control obligation on the investor package, not product behaviour; cross-volume REL-14, DR-20"
IR-36-002,V10,"36 Services, Support, and Partner Economics",88,"Prevent architecture or planning language from implying actual product, customer or financial status",V10-F008,governance-docs,missing,not-applicable,none,not-applicable,P7-F,,Finance and legal review of the chapter wording before external use; no product behaviour,"claim-control obligation on the investor package, not product behaviour; cross-volume REL-08"
IR-36-003,V10,"36 Services, Support, and Partner Economics",88,"Evidence includes service gross margin, time-to-production, partner-sourced and partner- delivered revenue, quality, escalation, and referenceability.",V10-F008,commercial,missing,not-applicable,none,not-applicable,P7-F,,"Business/issuer validation (finance, legal, board, customers); no product behaviour to build",business assumption to validate; never an achieved outcome; Appendix N boundary: Services gross margin
IR-36-004,V10,"36 Services, Support, and Partner Economics",88,"Expire, withdraw and replace affected claims when evidence or assumptions change materially",V10-F008,governance-docs,missing,not-applicable,none,not-applicable,P7-F,,"Correction route (owner, distribution list, withdrawal, replacement, receipt) exists outside the product; none is recorded in the repository","claim-control obligation on the investor package, not product behaviour; cross-volume REL-19, DR-20"
IR-37-001,V10,37 Market Entry Sequence,91,Represent Market Entry Sequence only within the declared claim class and scope,V10-F009,governance-docs,missing,not-applicable,none,not-applicable,P7-F,,"Claim-register entry for this chapter (exact wording, class FROZEN, owner approval) does not exist in the repository; maintain it in the P7-F claim-to-evidence register","claim-control obligation on the investor package, not product behaviour; cross-volume REL-14, DR-20"
IR-37-002,V10,37 Market Entry Sequence,91,"Prevent architecture or planning language from implying actual product, customer or financial status",V10-F009,governance-docs,missing,not-applicable,none,not-applicable,P7-F,,Finance and legal review of the chapter wording before external use; no product behaviour,"claim-control obligation on the investor package, not product behaviour; cross-volume REL-08"
IR-37-003,V10,37 Market Entry Sequence,91,"Evidence requires a named-account map, qualification scores, conversion and cycle data, implementation capacity, reference rights, and expansion pathways.",V10-F009,commercial,missing,not-applicable,none,not-applicable,P7-F,,"Business/issuer validation (finance, legal, board, customers); no product behaviour to build",business assumption to validate; never an achieved outcome; Appendix N boundary: Qualified lighthouse pipeline
IR-37-004,V10,37 Market Entry Sequence,91,"Expire, withdraw and replace affected claims when evidence or assumptions change materially",V10-F009,governance-docs,missing,not-applicable,none,not-applicable,P7-F,,"Correction route (owner, distribution list, withdrawal, replacement, receipt) exists outside the product; none is recorded in the repository","claim-control obligation on the investor package, not product behaviour; cross-volume REL-19, DR-20"
IR-38-001,V10,38 Design Partner Program,93,Represent Design Partner Program only within the declared claim class and scope,V10-F009,governance-docs,missing,not-applicable,none,not-applicable,P7-F,,"Claim-register entry for this chapter (exact wording, class FROZEN, owner approval) does not exist in the repository; maintain it in the P7-F claim-to-evidence register","claim-control obligation on the investor package, not product behaviour; cross-volume REL-14, DR-20"
IR-38-002,V10,38 Design Partner Program,93,"Prevent architecture or planning language from implying actual product, customer or financial status",V10-F009,governance-docs,missing,not-applicable,none,not-applicable,P7-F,,Finance and legal review of the chapter wording before external use; no product behaviour,"claim-control obligation on the investor package, not product behaviour; cross-volume REL-08"
IR-38-003,V10,38 Design Partner Program,93,"Exit criteria include production use, accepted outcome method, evidence package, commercial terms, reusable assets, and a documented expansion decision.",V10-F009,commercial,missing,not-applicable,none,not-applicable,P7-F,,"Business/issuer validation (finance, legal, board, customers); no product behaviour to build",business assumption to validate; never an achieved outcome; Appendix N boundary: Paid design partners
IR-38-004,V10,38 Design Partner Program,93,"Expire, withdraw and replace affected claims when evidence or assumptions change materially",V10-F009,governance-docs,missing,not-applicable,none,not-applicable,P7-F,,"Correction route (owner, distribution list, withdrawal, replacement, receipt) exists outside the product; none is recorded in the repository","claim-control obligation on the investor package, not product behaviour; cross-volume REL-19, DR-20"
IR-39-001,V10,39 Enterprise Sales Motion,95,Represent Enterprise Sales Motion only within the declared claim class and scope,V10-F009,governance-docs,missing,not-applicable,none,not-applicable,P7-F,,"Claim-register entry for this chapter (exact wording, class FROZEN, owner approval) does not exist in the repository; maintain it in the P7-F claim-to-evidence register","claim-control obligation on the investor package, not product behaviour; cross-volume REL-14, DR-20"
IR-39-002,V10,39 Enterprise Sales Motion,95,"Prevent architecture or planning language from implying actual product, customer or financial status",V10-F009,governance-docs,missing,not-applicable,none,not-applicable,P7-F,,Finance and legal review of the chapter wording before external use; no product behaviour,"claim-control obligation on the investor package, not product behaviour; cross-volume REL-08"
IR-39-003,V10,39 Enterprise Sales Motion,95,"Proof includes conversion by stage, cycle time, production attach, price realization, win/loss cause, forecast accuracy, and expansion.",V10-F009,commercial,missing,not-applicable,none,not-applicable,P7-F,,"Business/issuer validation (finance, legal, board, customers); no product behaviour to build",business assumption to validate; never an achieved outcome; Appendix N boundary: Stage conversion
IR-39-004,V10,39 Enterprise Sales Motion,95,"Expire, withdraw and replace affected claims when evidence or assumptions change materially",V10-F009,governance-docs,missing,not-applicable,none,not-applicable,P7-F,,"Correction route (owner, distribution list, withdrawal, replacement, receipt) exists outside the product; none is recorded in the repository","claim-control obligation on the investor package, not product behaviour; cross-volume REL-19, DR-20"
IR-40-001,V10,40 Government and Defence Motion,97,Represent Government and Defence Motion only within the declared claim class and scope,V10-F009,governance-docs,missing,not-applicable,none,not-applicable,P7-F,,"Claim-register entry for this chapter (exact wording, class FROZEN, owner approval) does not exist in the repository; maintain it in the P7-F claim-to-evidence register","claim-control obligation on the investor package, not product behaviour; cross-volume REL-14, DR-20"
IR-40-002,V10,40 Government and Defence Motion,97,"Prevent architecture or planning language from implying actual product, customer or financial status",V10-F009,governance-docs,missing,not-applicable,none,not-applicable,P7-F,,Finance and legal review of the chapter wording before external use; no product behaviour,"claim-control obligation on the investor package, not product behaviour; cross-volume REL-08"
IR-40-003,V10,40 Government and Defence Motion,97,"Evidence must include verified vehicle eligibility, security and deployment acceptance, funded program sponsorship, delivery partners, and milestone performance.",V10-F009,commercial,missing,not-applicable,none,not-applicable,P7-F,,"Business/issuer validation (finance, legal, board, customers); no product behaviour to build",business assumption to validate; never an achieved outcome; Appendix N boundary: Eligible funded programs
IR-40-004,V10,40 Government and Defence Motion,97,"Expire, withdraw and replace affected claims when evidence or assumptions change materially",V10-F009,governance-docs,missing,not-applicable,none,not-applicable,P7-F,,"Correction route (owner, distribution list, withdrawal, replacement, receipt) exists outside the product; none is recorded in the repository","claim-control obligation on the investor package, not product behaviour; cross-volume REL-19, DR-20"
IR-41-001,V10,41 Land-and-Expand System,99,Represent Land-and-Expand System only within the declared claim class and scope,V10-F009,governance-docs,missing,not-applicable,none,not-applicable,P7-F,,"Claim-register entry for this chapter (exact wording, class FROZEN, owner approval) does not exist in the repository; maintain it in the P7-F claim-to-evidence register","claim-control obligation on the investor package, not product behaviour; cross-volume REL-14, DR-20"
IR-41-002,V10,41 Land-and-Expand System,99,"Prevent architecture or planning language from implying actual product, customer or financial status",V10-F009,governance-docs,missing,not-applicable,none,not-applicable,P7-F,,Finance and legal review of the chapter wording before external use; no product behaviour,"claim-control obligation on the investor package, not product behaviour; cross-volume REL-08"
IR-41-003,V10,41 Land-and-Expand System,99,"Evidence requires entitlement-level cohort analysis, accepted value, sponsor depth, package attach, renewal, contraction, churn, and expansion cause.",V10-F009,commercial,missing,not-applicable,none,not-applicable,P7-F,,"Business/issuer validation (finance, legal, board, customers); no product behaviour to build",business assumption to validate; never an achieved outcome; Appendix N boundary: Net revenue retention
IR-41-004,V10,41 Land-and-Expand System,99,"Expire, withdraw and replace affected claims when evidence or assumptions change materially",V10-F009,governance-docs,missing,not-applicable,none,not-applicable,P7-F,,"Correction route (owner, distribution list, withdrawal, replacement, receipt) exists outside the product; none is recorded in the repository","claim-control obligation on the investor package, not product behaviour; cross-volume REL-19, DR-20"
IR-42-001,V10,"42 Channels, Alliances, and Consulting Ecosystem",101,"Represent Channels, Alliances, and Consulting Ecosystem only within the declared claim class and scope",V10-F009,governance-docs,missing,not-applicable,none,not-applicable,P7-F,,"Claim-register entry for this chapter (exact wording, class FROZEN, owner approval) does not exist in the repository; maintain it in the P7-F claim-to-evidence register","claim-control obligation on the investor package, not product behaviour; cross-volume REL-14, DR-20"
IR-42-002,V10,"42 Channels, Alliances, and Consulting Ecosystem",101,"Prevent architecture or planning language from implying actual product, customer or financial status",V10-F009,governance-docs,missing,not-applicable,none,not-applicable,P7-F,,Finance and legal review of the chapter wording before external use; no product behaviour,"claim-control obligation on the investor package, not product behaviour; cross-volume REL-08"
IR-42-003,V10,"42 Channels, Alliances, and Consulting Ecosystem",101,"Proof includes sourced and influenced pipeline, certification, delivery quality, customer access, economics, concentration, and conflict management.",V10-F009,commercial,missing,not-applicable,none,not-applicable,P7-F,,"Business/issuer validation (finance, legal, board, customers); no product behaviour to build",business assumption to validate; never an achieved outcome; Appendix N boundary: Partner-sourced ARR
IR-42-004,V10,"42 Channels, Alliances, and Consulting Ecosystem",101,"Expire, withdraw and replace affected claims when evidence or assumptions change materially",V10-F009,governance-docs,missing,not-applicable,none,not-applicable,P7-F,,"Correction route (owner, distribution list, withdrawal, replacement, receipt) exists outside the product; none is recorded in the repository","claim-control obligation on the investor package, not product behaviour; cross-volume REL-19, DR-20"
IR-43-001,V10,43 Competitive Category Map,104,Represent Competitive Category Map only within the declared claim class and scope,V10-F010,governance-docs,missing,not-applicable,none,not-applicable,P7-F,,"Claim-register entry for this chapter (exact wording, class FROZEN, owner approval) does not exist in the repository; maintain it in the P7-F claim-to-evidence register","claim-control obligation on the investor package, not product behaviour; cross-volume REL-14, DR-20"
IR-43-002,V10,43 Competitive Category Map,104,"Prevent architecture or planning language from implying actual product, customer or financial status",V10-F010,governance-docs,missing,not-applicable,none,not-applicable,P7-F,,Finance and legal review of the chapter wording before external use; no product behaviour,"claim-control obligation on the investor package, not product behaviour; cross-volume REL-08"
IR-43-003,V10,43 Competitive Category Map,104,"Public positioning must be verified against current primary sources and supplemented by product, customer, pricing, security, and technical diligence.",V10-F010,commercial,missing,not-applicable,none,not-applicable,P7-F,,"Business/issuer validation (finance, legal, board, customers); no product behaviour to build",business assumption to validate; never an achieved outcome; rests on S-10…S-22; REL-10 re-check before release; Appendix N boundary: Win/loss by alternative
IR-43-004,V10,43 Competitive Category Map,104,"Expire, withdraw and replace affected claims when evidence or assumptions change materially",V10-F010,governance-docs,missing,not-applicable,none,not-applicable,P7-F,,"Correction route (owner, distribution list, withdrawal, replacement, receipt) exists outside the product; none is recorded in the repository","claim-control obligation on the investor package, not product behaviour; cross-volume REL-19, DR-20"
IR-44-001,V10,"44 Build, Buy, and Status Quo Alternatives",106,"Represent Build, Buy, and Status Quo Alternatives only within the declared claim class and scope",V10-F010,governance-docs,missing,not-applicable,none,not-applicable,P7-F,,"Claim-register entry for this chapter (exact wording, class FROZEN, owner approval) does not exist in the repository; maintain it in the P7-F claim-to-evidence register","claim-control obligation on the investor package, not product behaviour; cross-volume REL-14, DR-20"
IR-44-002,V10,"44 Build, Buy, and Status Quo Alternatives",106,"Prevent architecture or planning language from implying actual product, customer or financial status",V10-F010,governance-docs,missing,not-applicable,none,not-applicable,P7-F,,Finance and legal review of the chapter wording before external use; no product behaviour,"claim-control obligation on the investor package, not product behaviour; cross-volume REL-08"
IR-44-003,V10,"44 Build, Buy, and Status Quo Alternatives",106,"Evidence requires comparative implementation effort, cost, risk, decision outcomes, integration burden, and lifecycle ownership across alternatives.",V10-F010,commercial,missing,not-applicable,none,not-applicable,P7-F,,"Business/issuer validation (finance, legal, board, customers); no product behaviour to build",business assumption to validate; never an achieved outcome; comparative evidence needs a working production journey — see IR-04-003; Appendix N boundary: Alternative displacement
IR-44-004,V10,"44 Build, Buy, and Status Quo Alternatives",106,"Expire, withdraw and replace affected claims when evidence or assumptions change materially",V10-F010,governance-docs,missing,not-applicable,none,not-applicable,P7-F,,"Correction route (owner, distribution list, withdrawal, replacement, receipt) exists outside the product; none is recorded in the repository","claim-control obligation on the investor package, not product behaviour; cross-volume REL-19, DR-20"
IR-45-001,V10,45 Strategic Differentiation,108,Represent Strategic Differentiation only within the declared claim class and scope,V10-F010,governance-docs,missing,not-applicable,none,not-applicable,P7-F,,"Claim-register entry for this chapter (exact wording, class FROZEN, owner approval) does not exist in the repository; maintain it in the P7-F claim-to-evidence register","claim-control obligation on the investor package, not product behaviour; cross-volume REL-14, DR-20"
IR-45-002,V10,45 Strategic Differentiation,108,"Prevent architecture or planning language from implying actual product, customer or financial status",V10-F010,governance-docs,missing,not-applicable,none,not-applicable,P7-F,,Finance and legal review of the chapter wording before external use; no product behaviour,"claim-control obligation on the investor package, not product behaviour; cross-volume REL-08"
IR-45-003,V10,45 Strategic Differentiation,108,"Proof requires complete journeys and measurable outcomes that adjacent tools or assembled stacks cannot reproduce at equivalent control, speed, and operating burden.",V10-F010,commercial,missing,not-applicable,none,not-applicable,P7-F,,"Business/issuer validation (finance, legal, board, customers); no product behaviour to build",business assumption to validate; never an achieved outcome; integrated-journey outcomes need production use — see IR-04-003; Appendix N boundary: Integrated-journey win rate
IR-45-004,V10,45 Strategic Differentiation,108,"Expire, withdraw and replace affected claims when evidence or assumptions change materially",V10-F010,governance-docs,missing,not-applicable,none,not-applicable,P7-F,,"Correction route (owner, distribution list, withdrawal, replacement, receipt) exists outside the product; none is recorded in the repository","claim-control obligation on the investor package, not product behaviour; cross-volume REL-19, DR-20"
IR-46-001,V10,46 Strategic Graph and Memory Moat,110,Represent Strategic Graph and Memory Moat only within the declared claim class and scope,V10-F010,governance-docs,missing,not-applicable,none,not-applicable,P7-F,,"Claim-register entry for this chapter (exact wording, class FROZEN, owner approval) does not exist in the repository; maintain it in the P7-F claim-to-evidence register","claim-control obligation on the investor package, not product behaviour; cross-volume REL-14, DR-20"
IR-46-002,V10,46 Strategic Graph and Memory Moat,110,"Prevent architecture or planning language from implying actual product, customer or financial status",V10-F010,governance-docs,missing,not-applicable,none,not-applicable,P7-F,,Finance and legal review of the chapter wording before external use; no product behaviour,"claim-control obligation on the investor package, not product behaviour; cross-volume REL-08"
IR-46-003,V10,46 Strategic Graph and Memory Moat,110,"Evidence requires ontology stability, correction quality, temporal depth, reuse, exportability, and demonstrated improvement from accumulated context.",V10-F010,memory-graph,partial,passed:harness,merged,phase7,P3,"apps/api/migrations/0024_graph_entities_edges_and_strategy.sql;apps/api/migrations/0026_edge_supersession_and_case_coverage.sql;apps/api/src/graph/entities/resolution.service.ts;apps/api/src/graph/search/search.service.ts (permission-aware search under RLS);test/int/phase3-acceptance.test.ts: resolves differently spelled mentions of the same identifier to ONE entity; C3 a wrong merge is reversible, and history survives it; a known-at query BEFORE the split still reproduces the merged view;test/int/domain-isolation.test.ts;test/int/phase5-propagation.test.ts;apps/api/src/graph/strategy/impact.service.ts","No ontology governance (entity kinds are fixed schema; no versioned ontology objects), no graph export/portability, no measure of improvement from accumulated context (P3, P7-F)",Appendix N boundary: Strategic-state reuse
IR-46-004,V10,46 Strategic Graph and Memory Moat,110,"Expire, withdraw and replace affected claims when evidence or assumptions change materially",V10-F010,governance-docs,missing,not-applicable,none,not-applicable,P7-F,,"Correction route (owner, distribution list, withdrawal, replacement, receipt) exists outside the product; none is recorded in the repository","claim-control obligation on the investor package, not product behaviour; cross-volume REL-19, DR-20"
IR-47-001,V10,"47 Trust, Control, and Deployment Moat",112,"Represent Trust, Control, and Deployment Moat only within the declared claim class and scope",V10-F010,governance-docs,missing,not-applicable,none,not-applicable,P7-F,,"Claim-register entry for this chapter (exact wording, class FROZEN, owner approval) does not exist in the repository; maintain it in the P7-F claim-to-evidence register","claim-control obligation on the investor package, not product behaviour; cross-volume REL-14, DR-20"
IR-47-002,V10,"47 Trust, Control, and Deployment Moat",112,"Prevent architecture or planning language from implying actual product, customer or financial status",V10-F010,governance-docs,missing,not-applicable,none,not-applicable,P7-F,,Finance and legal review of the chapter wording before external use; no product behaviour,"claim-control obligation on the investor package, not product behaviour; cross-volume REL-08"
IR-47-003,V10,"47 Trust, Control, and Deployment Moat",112,"Proof requires independent testing, production assurance, control-owner acceptance, incident performance, deployment parity, and renewal behavior.",V10-F010,commercial,missing,not-applicable,none,not-applicable,P7-F,,"Business/issuer validation (finance, legal, board, customers); no product behaviour to build",business assumption to validate; never an achieved outcome; product portions are IR-23-003 (independent testing) and IR-24-003 (deployment parity); Appendix N boundary: Control acceptance
IR-47-004,V10,"47 Trust, Control, and Deployment Moat",112,"Expire, withdraw and replace affected claims when evidence or assumptions change materially",V10-F010,governance-docs,missing,not-applicable,none,not-applicable,P7-F,,"Correction route (owner, distribution list, withdrawal, replacement, receipt) exists outside the product; none is recorded in the repository","claim-control obligation on the investor package, not product behaviour; cross-volume REL-19, DR-20"
IR-48-001,V10,"48 Ecosystem, Learning, and Switching Dynamics",114,"Represent Ecosystem, Learning, and Switching Dynamics only within the declared claim class and scope",V10-F010,governance-docs,missing,not-applicable,none,not-applicable,P7-F,,"Claim-register entry for this chapter (exact wording, class FROZEN, owner approval) does not exist in the repository; maintain it in the P7-F claim-to-evidence register","claim-control obligation on the investor package, not product behaviour; cross-volume REL-14, DR-20"
IR-48-002,V10,"48 Ecosystem, Learning, and Switching Dynamics",114,"Prevent architecture or planning language from implying actual product, customer or financial status",V10-F010,governance-docs,missing,not-applicable,none,not-applicable,P7-F,,Finance and legal review of the chapter wording before external use; no product behaviour,"claim-control obligation on the investor package, not product behaviour; cross-volume REL-08"
IR-48-003,V10,"48 Ecosystem, Learning, and Switching Dynamics",114,"Evidence requires reuse, quality, contribution margin, learning benefit, customer adoption, partner participation, and clean portability tests.",V10-F010,commercial,missing,not-applicable,none,not-applicable,P7-F,,"Business/issuer validation (finance, legal, board, customers); no product behaviour to build",business assumption to validate; never an achieved outcome; clean portability tests → IR-28-003 (P7-F); Appendix N boundary: Reusable asset adoption
IR-48-004,V10,"48 Ecosystem, Learning, and Switching Dynamics",114,"Expire, withdraw and replace affected claims when evidence or assumptions change materially",V10-F010,governance-docs,missing,not-applicable,none,not-applicable,P7-F,,"Correction route (owner, distribution list, withdrawal, replacement, receipt) exists outside the product; none is recorded in the repository","claim-control obligation on the investor package, not product behaviour; cross-volume REL-19, DR-20"
IR-49-001,V10,49 Financial Planning Doctrine,117,Represent Financial Planning Doctrine only within the declared claim class and scope,V10-F011,governance-docs,missing,not-applicable,none,not-applicable,P7-F,,"Claim-register entry for this chapter (exact wording, class FROZEN, owner approval) does not exist in the repository; maintain it in the P7-F claim-to-evidence register","claim-control obligation on the investor package, not product behaviour; cross-volume REL-14, DR-20"
IR-49-002,V10,49 Financial Planning Doctrine,117,"Prevent architecture or planning language from implying actual product, customer or financial status",V10-F011,governance-docs,missing,not-applicable,none,not-applicable,P7-F,,Finance and legal review of the chapter wording before external use; no product behaviour,"claim-control obligation on the investor package, not product behaviour; cross-volume REL-08"
IR-49-003,V10,49 Financial Planning Doctrine,117,"Issuer finance must validate assumptions, formulae, accounting treatment, working capital, tax, cash timing, and sensitivity before external reliance.",V10-F011,commercial,missing,not-applicable,none,not-applicable,P7-F,,"Business/issuer validation (finance, legal, board, customers); no product behaviour to build",business assumption to validate; never an achieved outcome; Appendix N boundary: Model reconciliation
IR-49-004,V10,49 Financial Planning Doctrine,117,"Expire, withdraw and replace affected claims when evidence or assumptions change materially",V10-F011,governance-docs,missing,not-applicable,none,not-applicable,P7-F,,"Correction route (owner, distribution list, withdrawal, replacement, receipt) exists outside the product; none is recorded in the repository","claim-control obligation on the investor package, not product behaviour; cross-volume REL-19, DR-20"
IR-50-001,V10,50 Five-Year Reference Case,119,Represent Five-Year Reference Case only within the declared claim class and scope,V10-F011,governance-docs,missing,not-applicable,none,not-applicable,P7-F,,"Claim-register entry for this chapter (exact wording, class FROZEN, owner approval) does not exist in the repository; maintain it in the P7-F claim-to-evidence register","claim-control obligation on the investor package, not product behaviour; cross-volume REL-14, DR-20"
IR-50-002,V10,50 Five-Year Reference Case,119,"Prevent architecture or planning language from implying actual product, customer or financial status",V10-F011,governance-docs,missing,not-applicable,none,not-applicable,P7-F,,Finance and legal review of the chapter wording before external use; no product behaviour,"claim-control obligation on the investor package, not product behaviour; cross-volume REL-08"
IR-50-003,V10,50 Five-Year Reference Case,119,"Every driver—conversion, ACV, implementation capacity, retention, expansion, pricing, usage, cost, hiring, and cash—requires operating evidence and board approval.",V10-F011,commercial,missing,not-applicable,none,not-applicable,P7-F,,"Business/issuer validation (finance, legal, board, customers); no product behaviour to build",business assumption to validate; never an achieved outcome; Appendix N boundary: Ending ARR
IR-50-004,V10,50 Five-Year Reference Case,119,"Expire, withdraw and replace affected claims when evidence or assumptions change materially",V10-F011,governance-docs,missing,not-applicable,none,not-applicable,P7-F,,"Correction route (owner, distribution list, withdrawal, replacement, receipt) exists outside the product; none is recorded in the repository","claim-control obligation on the investor package, not product behaviour; cross-volume REL-19, DR-20"
IR-51-001,V10,51 Gross Margin and Infrastructure Economics,121,Represent Gross Margin and Infrastructure Economics only within the declared claim class and scope,V10-F011,governance-docs,missing,not-applicable,none,not-applicable,P7-F,,"Claim-register entry for this chapter (exact wording, class FROZEN, owner approval) does not exist in the repository; maintain it in the P7-F claim-to-evidence register","claim-control obligation on the investor package, not product behaviour; cross-volume REL-14, DR-20"
IR-51-002,V10,51 Gross Margin and Infrastructure Economics,121,"Prevent architecture or planning language from implying actual product, customer or financial status",V10-F011,governance-docs,missing,not-applicable,none,not-applicable,P7-F,,Finance and legal review of the chapter wording before external use; no product behaviour,"claim-control obligation on the investor package, not product behaviour; cross-volume REL-08"
IR-51-003,V10,51 Gross Margin and Infrastructure Economics,121,"Proof requires finance-approved cost allocation, invoice and telemetry reconciliation, workload benchmarks, support effort, utilization, and renewal-price recovery.",V10-F011,commercial,missing,not-applicable,none,not-applicable,P7-F,,"Business/issuer validation (finance, legal, board, customers); no product behaviour to build",business assumption to validate; never an achieved outcome; Appendix N boundary: Gross margin by cohort
IR-51-004,V10,51 Gross Margin and Infrastructure Economics,121,"Expire, withdraw and replace affected claims when evidence or assumptions change materially",V10-F011,governance-docs,missing,not-applicable,none,not-applicable,P7-F,,"Correction route (owner, distribution list, withdrawal, replacement, receipt) exists outside the product; none is recorded in the repository","claim-control obligation on the investor package, not product behaviour; cross-volume REL-19, DR-20"
IR-52-001,V10,52 Unit Economics and Customer Value,123,Represent Unit Economics and Customer Value only within the declared claim class and scope,V10-F011,governance-docs,missing,not-applicable,none,not-applicable,P7-F,,"Claim-register entry for this chapter (exact wording, class FROZEN, owner approval) does not exist in the repository; maintain it in the P7-F claim-to-evidence register","claim-control obligation on the investor package, not product behaviour; cross-volume REL-14, DR-20"
IR-52-002,V10,52 Unit Economics and Customer Value,123,"Prevent architecture or planning language from implying actual product, customer or financial status",V10-F011,governance-docs,missing,not-applicable,none,not-applicable,P7-F,,Finance and legal review of the chapter wording before external use; no product behaviour,"claim-control obligation on the investor package, not product behaviour; cross-volume REL-08"
IR-52-003,V10,52 Unit Economics and Customer Value,123,"Evidence requires finance-approved CAC, cohort gross margin, implementation cost, accepted value methods, renewal, expansion, contraction, churn, and reference permission.",V10-F011,commercial,missing,not-applicable,none,not-applicable,P7-F,,"Business/issuer validation (finance, legal, board, customers); no product behaviour to build",business assumption to validate; never an achieved outcome; Appendix N boundary: Gross-margin payback
IR-52-004,V10,52 Unit Economics and Customer Value,123,"Expire, withdraw and replace affected claims when evidence or assumptions change materially",V10-F011,governance-docs,missing,not-applicable,none,not-applicable,P7-F,,"Correction route (owner, distribution list, withdrawal, replacement, receipt) exists outside the product; none is recorded in the repository","claim-control obligation on the investor package, not product behaviour; cross-volume REL-19, DR-20"
IR-53-001,V10,53 Workforce and Operating Model,125,Represent Workforce and Operating Model only within the declared claim class and scope,V10-F012,governance-docs,missing,not-applicable,none,not-applicable,P7-F,,"Claim-register entry for this chapter (exact wording, class FROZEN, owner approval) does not exist in the repository; maintain it in the P7-F claim-to-evidence register","claim-control obligation on the investor package, not product behaviour; cross-volume REL-14, DR-20"
IR-53-002,V10,53 Workforce and Operating Model,125,"Prevent architecture or planning language from implying actual product, customer or financial status",V10-F012,governance-docs,missing,not-applicable,none,not-applicable,P7-F,,Finance and legal review of the chapter wording before external use; no product behaviour,"claim-control obligation on the investor package, not product behaviour; cross-volume REL-08"
IR-53-003,V10,53 Workforce and Operating Model,125,"Proof requires verified leaders, employment, role and location plan, compensation, productivity, hiring funnel, retention, succession, and IP assignment.",V10-F012,commercial,missing,not-applicable,none,not-applicable,P7-F,,"Business/issuer validation (finance, legal, board, customers); no product behaviour to build",business assumption to validate; never an achieved outcome; Appendix N boundary: FTE by gate
IR-53-004,V10,53 Workforce and Operating Model,125,"Expire, withdraw and replace affected claims when evidence or assumptions change materially",V10-F012,governance-docs,missing,not-applicable,none,not-applicable,P7-F,,"Correction route (owner, distribution list, withdrawal, replacement, receipt) exists outside the product; none is recorded in the repository","claim-control obligation on the investor package, not product behaviour; cross-volume REL-19, DR-20"
IR-54-001,V10,"54 Capital Plan, Milestones, and Sensitivities",127,"Represent Capital Plan, Milestones, and Sensitivities only within the declared claim class and scope",V10-F012,governance-docs,missing,not-applicable,none,not-applicable,P7-F,,"Claim-register entry for this chapter (exact wording, class FROZEN, owner approval) does not exist in the repository; maintain it in the P7-F claim-to-evidence register","claim-control obligation on the investor package, not product behaviour; cross-volume REL-14, DR-20"
IR-54-002,V10,"54 Capital Plan, Milestones, and Sensitivities",127,"Prevent architecture or planning language from implying actual product, customer or financial status",V10-F012,governance-docs,missing,not-applicable,none,not-applicable,P7-F,,Finance and legal review of the chapter wording before external use; no product behaviour,"claim-control obligation on the investor package, not product behaviour; cross-volume REL-08"
IR-54-003,V10,"54 Capital Plan, Milestones, and Sensitivities",127,"Issuer finance and the board must validate runway, legal structure, financing instrument, dilution, working capital, contingencies, and milestone evidence.",V10-F012,commercial,missing,not-applicable,none,not-applicable,P7-F,,"Business/issuer validation (finance, legal, board, customers); no product behaviour to build",business assumption to validate; never an achieved outcome; Appendix N boundary: Runway months
IR-54-004,V10,"54 Capital Plan, Milestones, and Sensitivities",127,"Expire, withdraw and replace affected claims when evidence or assumptions change materially",V10-F012,governance-docs,missing,not-applicable,none,not-applicable,P7-F,,"Correction route (owner, distribution list, withdrawal, replacement, receipt) exists outside the product; none is recorded in the repository","claim-control obligation on the investor package, not product behaviour; cross-volume REL-19, DR-20"
IR-55-001,V10,55 Execution Roadmap,130,Represent Execution Roadmap only within the declared claim class and scope,V10-F013,governance-docs,missing,not-applicable,none,not-applicable,P7-F,,"Claim-register entry for this chapter (exact wording, class FROZEN, owner approval) does not exist in the repository; maintain it in the P7-F claim-to-evidence register","claim-control obligation on the investor package, not product behaviour; cross-volume REL-14, DR-20"
IR-55-002,V10,55 Execution Roadmap,130,"Prevent architecture or planning language from implying actual product, customer or financial status",V10-F013,governance-docs,missing,not-applicable,none,not-applicable,P7-F,,Finance and legal review of the chapter wording before external use; no product behaviour,"claim-control obligation on the investor package, not product behaviour; cross-volume REL-08"
IR-55-003,V10,55 Execution Roadmap,130,"Proof requires accepted artifacts, working production journeys, control evidence, customer outcomes, commercial conversion, and board records.",V10-F013,commercial,missing,not-applicable,none,not-applicable,P7-F,,"Business/issuer validation (finance, legal, board, customers); no product behaviour to build",business assumption to validate; never an achieved outcome; Appendix N boundary: Milestone evidence closure
IR-55-004,V10,55 Execution Roadmap,130,"Expire, withdraw and replace affected claims when evidence or assumptions change materially",V10-F013,governance-docs,missing,not-applicable,none,not-applicable,P7-F,,"Correction route (owner, distribution list, withdrawal, replacement, receipt) exists outside the product; none is recorded in the repository","claim-control obligation on the investor package, not product behaviour; cross-volume REL-19, DR-20"
IR-56-001,V10,56 Operating Metrics and Board Cadence,132,Represent Operating Metrics and Board Cadence only within the declared claim class and scope,V10-F013,governance-docs,missing,not-applicable,none,not-applicable,P7-F,,"Claim-register entry for this chapter (exact wording, class FROZEN, owner approval) does not exist in the repository; maintain it in the P7-F claim-to-evidence register","claim-control obligation on the investor package, not product behaviour; cross-volume REL-14, DR-20"
IR-56-002,V10,56 Operating Metrics and Board Cadence,132,"Prevent architecture or planning language from implying actual product, customer or financial status",V10-F013,governance-docs,missing,not-applicable,none,not-applicable,P7-F,,Finance and legal review of the chapter wording before external use; no product behaviour,"claim-control obligation on the investor package, not product behaviour; cross-volume REL-08"
IR-56-003,V10,56 Operating Metrics and Board Cadence,132,"Board packs require reconciled source systems, exception logs, decision records, actions, owners, due dates, and prior-decision replay.",V10-F013,commercial,missing,not-applicable,none,not-applicable,P7-F,,"Business/issuer validation (finance, legal, board, customers); no product behaviour to build","business assumption to validate; never an achieved outcome; board-pack prior-decision replay concerns company decisions, not the product replay; Appendix N boundary: North-star proof gates"
IR-56-004,V10,56 Operating Metrics and Board Cadence,132,"Expire, withdraw and replace affected claims when evidence or assumptions change materially",V10-F013,governance-docs,missing,not-applicable,none,not-applicable,P7-F,,"Correction route (owner, distribution list, withdrawal, replacement, receipt) exists outside the product; none is recorded in the repository","claim-control obligation on the investor package, not product behaviour; cross-volume REL-19, DR-20"
IR-57-001,V10,57 Enterprise Risk Register,134,Represent Enterprise Risk Register only within the declared claim class and scope,V10-F014,governance-docs,missing,not-applicable,none,not-applicable,P7-F,,"Claim-register entry for this chapter (exact wording, class FROZEN, owner approval) does not exist in the repository; maintain it in the P7-F claim-to-evidence register","claim-control obligation on the investor package, not product behaviour; cross-volume REL-14, DR-20"
IR-57-002,V10,57 Enterprise Risk Register,134,"Prevent architecture or planning language from implying actual product, customer or financial status",V10-F014,governance-docs,missing,not-applicable,none,not-applicable,P7-F,,Finance and legal review of the chapter wording before external use; no product behaviour,"claim-control obligation on the investor package, not product behaviour; cross-volume REL-08"
IR-57-003,V10,57 Enterprise Risk Register,134,"Proof requires active review, independent challenge, incident and near-miss capture, scenario tests, action closure, and board escalation.",V10-F014,commercial,missing,not-applicable,none,not-applicable,P7-F,,"Business/issuer validation (finance, legal, board, customers); no product behaviour to build",business assumption to validate; never an achieved outcome; see R-01…R-30 for the product-mitigated risks; Appendix N boundary: Critical risk trend
IR-57-004,V10,57 Enterprise Risk Register,134,"Expire, withdraw and replace affected claims when evidence or assumptions change materially",V10-F014,governance-docs,missing,not-applicable,none,not-applicable,P7-F,,"Correction route (owner, distribution list, withdrawal, replacement, receipt) exists outside the product; none is recorded in the repository","claim-control obligation on the investor package, not product behaviour; cross-volume REL-19, DR-20"
IR-58-001,V10,"58 Governance, Responsible AI, and Compliance",136,"Represent Governance, Responsible AI, and Compliance only within the declared claim class and scope",V10-F014,governance-docs,missing,not-applicable,none,not-applicable,P7-F,,"Claim-register entry for this chapter (exact wording, class FROZEN, owner approval) does not exist in the repository; maintain it in the P7-F claim-to-evidence register","claim-control obligation on the investor package, not product behaviour; cross-volume REL-14, DR-20"
IR-58-002,V10,"58 Governance, Responsible AI, and Compliance",136,"Prevent architecture or planning language from implying actual product, customer or financial status",V10-F014,governance-docs,missing,not-applicable,none,not-applicable,P7-F,,Finance and legal review of the chapter wording before external use; no product behaviour,"claim-control obligation on the investor package, not product behaviour; cross-volume REL-08"
IR-58-003,V10,"58 Governance, Responsible AI, and Compliance",136,"Evidence requires charters, role separation, model and agent inventories, impact assessments, evaluations, audits, incidents, corrections, and counsel-approved claims.",V10-F014,learning-evaluation,partial,passed:harness,branch-only,phase7,P7-B,e2e/phase1-observation.spec.ts: 2. the registrar cannot approve their own registration;test/int/phase2-acceptance.test.ts: the agent that produced the output may not decide its review;apps/api/src/intelligence/methods/methods.service.ts (method/model inventory);apps/api/migrations/0046_executive_agents_and_runs.sql (agent inventory);apps/api/migrations/0032_twin_registry.sql (declared limitations);test/int/audit-chain.test.ts;apps/api/migrations/0020_governed_degraded_recovery.sql (incidents);DECISIONS.md;EXCEPTIONS.md,"No impact assessments, no evaluation suites or results, no model/agent risk inventory beyond the registries, no appeal route; charters and counsel-approved claims are corporate (P7-B evaluation; P7-D governance)",Appendix N boundary: Governance exception rate; main ends at migration 0027 (Phase 3); Phases 4–6 and scheduled collection are unmerged branches behind the C15 image finding
IR-58-004,V10,"58 Governance, Responsible AI, and Compliance",136,"Expire, withdraw and replace affected claims when evidence or assumptions change materially",V10-F014,governance-docs,missing,not-applicable,none,not-applicable,P7-F,,"Correction route (owner, distribution list, withdrawal, replacement, receipt) exists outside the product; none is recorded in the repository","claim-control obligation on the investor package, not product behaviour; cross-volume REL-19, DR-20"
IR-59-001,V10,"59 Data Room, Claims Control, and Diligence",138,"Represent Data Room, Claims Control, and Diligence only within the declared claim class and scope",V10-F015,governance-docs,missing,not-applicable,none,not-applicable,P7-F,,"Claim-register entry for this chapter (exact wording, class FROZEN, owner approval) does not exist in the repository; maintain it in the P7-F claim-to-evidence register","claim-control obligation on the investor package, not product behaviour; cross-volume REL-14, DR-20"
IR-59-002,V10,"59 Data Room, Claims Control, and Diligence",138,"Prevent architecture or planning language from implying actual product, customer or financial status",V10-F015,governance-docs,missing,not-applicable,none,not-applicable,P7-F,,Finance and legal review of the chapter wording before external use; no product behaviour,"claim-control obligation on the investor package, not product behaviour; cross-volume REL-08"
IR-59-003,V10,"59 Data Room, Claims Control, and Diligence",138,"Release proof requires complete corporate, finance, legal, technical, security, product, commercial, people, and risk evidence matched to the claim register.",V10-F015,governance-docs,missing,not-applicable,none,not-applicable,P7-F,,"Claim register, evidence room and release approvals are maintained outside the product; the repository holds no claim register","claim-control obligation on the investor package, not product behaviour; see DR-01…DR-20; Appendix N boundary: Claim-to-source coverage"
IR-59-004,V10,"59 Data Room, Claims Control, and Diligence",138,"Expire, withdraw and replace affected claims when evidence or assumptions change materially",V10-F015,governance-docs,missing,not-applicable,none,not-applicable,P7-F,,"Correction route (owner, distribution list, withdrawal, replacement, receipt) exists outside the product; none is recorded in the repository","claim-control obligation on the investor package, not product behaviour; cross-volume REL-19, DR-20"
IR-60-001,V10,60 Investment Decision Framework and Baseline Closure,140,Represent Investment Decision Framework and Baseline Closure only within the declared claim class and scope,V10-F015,governance-docs,missing,not-applicable,none,not-applicable,P7-F,,"Claim-register entry for this chapter (exact wording, class FROZEN, owner approval) does not exist in the repository; maintain it in the P7-F claim-to-evidence register","claim-control obligation on the investor package, not product behaviour; cross-volume REL-14, DR-20"
IR-60-002,V10,60 Investment Decision Framework and Baseline Closure,140,"Prevent architecture or planning language from implying actual product, customer or financial status",V10-F015,governance-docs,missing,not-applicable,none,not-applicable,P7-F,,Finance and legal review of the chapter wording before external use; no product behaviour,"claim-control obligation on the investor package, not product behaviour; cross-volume REL-08"
IR-60-003,V10,60 Investment Decision Framework and Baseline Closure,140,"An external release requires issuer executive, finance, legal, technical, security, and communications approval of the exact file digest and distribution controls.",V10-F015,governance-docs,missing,not-applicable,none,not-applicable,P7-F,,"Claim register, evidence room and release approvals are maintained outside the product; the repository holds no claim register","claim-control obligation on the investor package, not product behaviour; see REL-01…REL-20; Appendix N boundary: Material proof-gate closure"
IR-60-004,V10,60 Investment Decision Framework and Baseline Closure,140,"Expire, withdraw and replace affected claims when evidence or assumptions change materially",V10-F015,governance-docs,missing,not-applicable,none,not-applicable,P7-F,,"Correction route (owner, distribution list, withdrawal, replacement, receipt) exists outside the product; none is recorded in the repository","claim-control obligation on the investor package, not product behaviour; cross-volume REL-19, DR-20"
V10-T-001,V10,Appendix J Technical Diligence Cross-Volume Map,151,Closed loop: One governed source-to-human-decision-to-outcome-to-replay journey,V10-F004,decision,implemented,passed:harness+browser,branch-only,phase6,R0,apps/api/migrations/0041_decision_packages.sql;apps/api/migrations/0042_decision_approvals_and_commitment.sql;apps/api/migrations/0043_decision_replay.sql;apps/api/migrations/0045_decision_monitoring_and_outcomes.sql;test/int/phase6-decisions.test.ts;test/int/phase6-approvals.test.ts;test/int/phase6-replay.test.ts: known / believed / tested hold only what was recorded under the cut-offs;test/int/phase6-monitoring.test.ts: the chosen run's exact output becomes a SIMULATED element; the outcomes upload becomes an OBSERVED element;e2e/phase6-decisions.demo.spec.ts: DECISIONS / REPLAY / BRIEFINGS;evidence/demo-virgin-transcript.txt,"Merge to main behind C15/C16/C17; the journey runs on a fresh local deployment, not a production profile; conditional approvals are recorded but not evaluated at commitment or monitoring (register §6)","tracking id assigned (Appendix J technical proof track ""Closed loop"" has no identifier in the source); minimum production evidence; main ends at migration 0027 (Phase 3); Phases 4–6 and scheduled collection are unmerged branches behind the C15 image finding"
V10-T-002,V10,Appendix J Technical Diligence Cross-Volume Map,151,"Graph and memory: Identity, time, provenance, correction, export and representative-scale tests",V10-F003,memory-graph,partial,passed:harness,merged,phase7,P3,"apps/api/migrations/0024_graph_entities_edges_and_strategy.sql;apps/api/migrations/0026_edge_supersession_and_case_coverage.sql;apps/api/src/graph/entities/resolution.service.ts;apps/api/src/graph/search/search.service.ts (permission-aware search under RLS);test/int/phase3-acceptance.test.ts: resolves differently spelled mentions of the same identifier to ONE entity; C3 a wrong merge is reversible, and history survives it; a known-at query BEFORE the split still reproduces the merged view;test/int/domain-isolation.test.ts","Export and representative-scale tests are absent (no export endpoint, no load tooling); semantic retrieval absent (P3, P7-D, P7-F)","tracking id assigned (Appendix J technical proof track ""Graph and memory"" has no identifier in the source); minimum production evidence"
V10-T-003,V10,Appendix J Technical Diligence Cross-Volume Map,151,"Twins and foresight: Purpose, calibration, validity, sensitivity, drift and decision-use acceptance",V10-F004,twin-simulation,partial,passed:harness+browser,branch-only,phase7,P4,"apps/api/migrations/0029_prediction_forecasts_scenarios_warnings_outcomes.sql (horizon_code 30d/90d/180d/1y/3y/5y; backtests; outcome_ledger);apps/api/migrations/0032_twin_registry.sql (twins_current.validation status+limitations; behaviour_models.operating_envelope; intended_decisions);apps/api/migrations/0033_simulation_runs.sql (sensitivity required on completed runs; reproductions verdict);test/int/phase4-acceptance.test.ts: D1 a forecast names distribution, horizon, drivers, assumptions and evidence — or is refused; D4 an outcome is scored from the observation known at the target, and calibration reports it;test/int/phase5-twins.test.ts: declares the twin, asserted by a person, with its boundary, model and limitations;test/int/phase5-simulations.test.ts: the same process reproduces the digest; when the pinned implementation is no longer the one the run recorded, the verdict is UNREPRODUCIBLE;e2e/phase4-prediction.demo.spec.ts: the calibration screen labels every backtest with its knowledge mode; TWINS: the NORDWERK twin shows its synthetic world, two cut-offs, element kinds and health","Drift monitoring absent; calibration limited to the demo series (3y/5y unmeasured); sensitivity is a recorded field, not an analysis; one twin family (P4/P5, P7-B drift)","tracking id assigned (Appendix J technical proof track ""Twins and foresight"" has no identifier in the source); minimum production evidence; main ends at migration 0027 (Phase 3); Phases 4–6 and scheduled collection are unmerged branches behind the C15 image finding"
V10-T-004,V10,Appendix J Technical Diligence Cross-Volume Map,151,"Agents and models: Task suites, tool policy, evaluations, fallback and human escalation",V10-F005,agents,partial,passed:harness,branch-only,phase7,P7-A,"apps/api/migrations/0046_executive_agents_and_runs.sql (agents are principals with a human owner and escalation target, budgets max_reads/max_gateway_calls/max_elapsed_ms, stop conditions, runs, refusals);apps/api/src/executive/agents/agents.service.ts;test/int/phase6-agents.test.ts: a budget of three reads: the run stops before anything is admitted, records the reason and escalates to the named human;apps/api/src/intelligence/gateway/model-gateway.service.ts (single egress; replay and local-live Ollama/llama.cpp modes; model, weights digest, prompt version pinned per call; a replay miss fails, never a silent live call);apps/api/src/intelligence/methods/methods.service.ts (versioned methods);test/int/phase2-acceptance.test.ts: B1 claims carry method, model, version, confidence and evidence lineage; B3 low confidence and abstention reach review and cannot bypass it;apps/web/app/intelligence/gateway","Task suites, model evaluations and fallback are absent; tool policy is capability binding only; three bounded agents, no supervisor/workflow runtime (P7-A, P7-B, P2)","tracking id assigned (Appendix J technical proof track ""Agents and models"" has no identifier in the source); minimum production evidence; main ends at migration 0027 (Phase 3); Phases 4–6 and scheduled collection are unmerged branches behind the C15 image finding"
V10-T-005,V10,Appendix J Technical Diligence Cross-Volume Map,151,"Trust: Claim reconstruction, isolation, privacy, security, audit and correction evidence",V10-F006,identity-policy,partial,passed:harness+ci,merged,phase7,P7-D,"apps/api/migrations/0002_identity_tenancy.sql;apps/api/migrations/0003_policy.sql;apps/api/migrations/0004_audit.sql;apps/api/migrations/0009_privilege_separation_and_bound_context.sql;apps/api/src/policy/pdp.service.ts;test/int/audit-chain.test.ts;test/int/domain-isolation.test.ts;test/int/gate22-authority-matrix.test.ts;test/int/adversarial.test.ts;test/gate/hermetic-isolation.test.ts;.github/workflows/ci.yml: supply-chain (gitleaks, trivy, C16 SBOM, C17 licence);docs/SCANNER_DISPOSITIONS.md;test/int/phase1-acceptance.test.ts: a known-at query reproduces the pre-correction state without hindsight;test/int/phase6-replay.test.ts","Privacy evidence (DPIA, retention, deletion), penetration test, threat model and independent assurance are absent (P7-D)","tracking id assigned (Appendix J technical proof track ""Trust"" has no identifier in the source); minimum production evidence"
V10-T-006,V10,Appendix J Technical Diligence Cross-Volume Map,151,"Deployment: profiles, isolation, security, SRE and disconnected operation Parity and assurance Volume 7 Data Platform Source, rights, identity, lineage, graph, memory, quality and policy Data control evidence Volume 8 Product Requirements Personas, journeys, requirements, outcomes and acceptance Product readiness Volume 9 UI/UX Design System Strategic workspace, interaction contracts, accessibili…",V10-F006,infrastructure,partial,passed:ci+browser,merged,phase7,P7-D,"docker-compose.yml (digest-pinned postgres:18-alpine and redis:8-alpine);infra/images/candidates;.github/workflows/ci.yml: build-test, browser-regression, supply-chain;.github/workflows/c17-finalize.yml;test/gate/supply-chain-artifacts.test.ts;test/gate/c18-post-upgrade-world.ts (post-upgrade database boundary);e2e/phase0.spec.ts;e2e/phase1-observation.spec.ts;e2e/phase4-prediction.demo.spec.ts;e2e/phase6-decisions.demo.spec.ts","Single local profile; no signed release bundle; no application upgrade test; no support procedures; no cross-profile reconciliation (Phase 7 deployment packaging, P7-D)","tracking id assigned (Appendix J technical proof track ""Deployment"" has no identifier in the source); minimum production evidence"
V10-T-007,V10,Appendix K Regulatory and Standards Map,152,"Human authority: Named decision authority, approval, challenge, appeal and safe refusal",V10-F014,decision,partial,passed:harness,branch-only,phase6,P6,apps/api/migrations/0042_decision_approvals_and_commitment.sql (named human approvers; is_active_human);apps/api/migrations/0047_replay_prior_dissent.sql (challenge/dissent);apps/api/migrations/0046_executive_agents_and_runs.sql (refusals);test/int/phase6-approvals.test.ts;test/int/gate22-authority-matrix.test.ts,No appeal route for a decided package or a refused action (P6); safe refusal exists as fail-closed ports and recorded agent refusals,tracking id assigned (Appendix K native product-control theme has no identifier); cross-volume V0 C-035/C-039/C-040/C-043; main ends at migration 0027 (Phase 3); Phases 4–6 and scheduled collection are unmerged branches behind the C15 image finding
V10-T-008,V10,Appendix K Regulatory and Standards Map,152,"Transparency: Source, model, agent, assumption, uncertainty and limitation at decision time",V10-F014,ux,partial,passed:harness+browser,branch-only,phase6,P6,"e2e/phase6-decisions.demo.spec.ts: DECISIONS: the committed package shows its state, SYNTHETIC consequences, the choice, dissent, approvals;test/int/phase2-acceptance.test.ts: B1 claims carry method, model, version, confidence and evidence lineage;apps/api/migrations/0032_twin_registry.sql (limitations)","No unified explanation surface at the decision page carrying model/agent traces and forecast uncertainty together (P2 explanations, P7-E)",tracking id assigned (Appendix K native product-control theme has no identifier); cross-volume V0 C-035/C-039/C-040/C-043; main ends at migration 0027 (Phase 3); Phases 4–6 and scheduled collection are unmerged branches behind the C15 image finding
V10-T-009,V10,Appendix K Regulatory and Standards Map,152,"Risk management: Inventories, purpose, evaluation, thresholds, incidents, corrections and board escalation",V10-F014,learning-evaluation,partial,passed:harness,branch-only,phase7,P7-B,apps/api/src/intelligence/methods/methods.service.ts;apps/api/migrations/0046_executive_agents_and_runs.sql;apps/api/migrations/0020_governed_degraded_recovery.sql;apps/api/src/observation/corrections/corrections.service.ts,"No evaluations, thresholds or board-escalation records for models/agents (P7-B)",tracking id assigned (Appendix K native product-control theme has no identifier); cross-volume V0 C-035/C-039/C-040/C-043; main ends at migration 0027 (Phase 3); Phases 4–6 and scheduled collection are unmerged branches behind the C15 image finding
V10-T-010,V10,Appendix K Regulatory and Standards Map,152,"Data governance: Rights, identity, lineage, quality, retention, deletion and policy enforcement",V10-F014,data-platform,partial,passed:harness,merged,phase7,P1,"apps/api/src/observation/sources/source-contract.ts (authority_and_rights.rights_state, purposes, classification_ceiling, freshness_expectation, correction_channel);apps/api/migrations/0022_observation_registry_and_evidence.sql (custody, tombstones);test/int/phase1-acceptance.test.ts: A1 the registered contract carries the complete §7 field set; A2 chain of custody and byte-identical retrieval; a retrieval writes its custody entry;test/int/domain-isolation.test.ts;test/int/phase6-scheduled-collection.test.ts","Retention and deletion lifecycle absent; quality targets absent (P1, P3)",tracking id assigned (Appendix K native product-control theme has no identifier); cross-volume V0 C-035/C-039/C-040/C-043
V10-T-011,V10,Appendix K Regulatory and Standards Map,152,"Security: Zero trust, isolation, secure SDLC, key management, testing and response",V10-F014,identity-policy,partial,passed:harness+ci,merged,phase7,P7-D,"apps/api/migrations/0002_identity_tenancy.sql;apps/api/migrations/0003_policy.sql;apps/api/migrations/0004_audit.sql;apps/api/migrations/0009_privilege_separation_and_bound_context.sql;apps/api/src/policy/pdp.service.ts;test/int/audit-chain.test.ts;test/int/domain-isolation.test.ts;test/int/gate22-authority-matrix.test.ts;test/int/adversarial.test.ts;test/gate/hermetic-isolation.test.ts;.github/workflows/ci.yml: supply-chain (gitleaks, trivy, C16 SBOM, C17 licence);docs/SCANNER_DISPOSITIONS.md","Workload/device identity, KMS and response runbooks absent; no penetration testing (P7-D)",tracking id assigned (Appendix K native product-control theme has no identifier); cross-volume V0 C-035/C-039/C-040/C-043
V10-T-012,V10,Appendix K Regulatory and Standards Map,152,"Resilience: Journey SLOs, degradation, fallback, recovery, continuity and disconnected operation",V10-F014,infrastructure,partial,passed:harness+browser,merged,phase7,P7-D,"apps/api/src/health (healthz/readyz; degraded-reconciliation.service.ts);apps/api/src/audit/reconcile-degraded.ts;test/int/gate22-degraded-recovery.test.ts;e2e/phase4-prediction.demo.spec.ts: the API is HEALTHY behind the banner-free shell: /readyz is inspected, not assumed;e2e/phase1-observation.spec.ts: 6. the health timeline replays deterministically from stored events;apps/api/src/shared/degraded-store.ts","Journey SLOs, fallback, recovery procedure, continuity and disconnected operation absent (P7-D)",tracking id assigned (Appendix K native product-control theme has no identifier); cross-volume V0 C-035/C-039/C-040/C-043
V10-T-013,V10,Appendix K Regulatory and Standards Map,152,"No AI Act, NIS2, DORA, NIST, ISO or sectoral statement becomes a certification or conformity claim without issuer counsel and control-owner approval.",V10-F014,governance-docs,missing,not-applicable,none,not-applicable,P7-F,,Counsel and control-owner approval of any regulatory wording; the product asserts no conformity,"claim-control obligation on the investor package, not product behaviour; S-03…S-09; REL-09"
V10-T-014,V10,"Appendix E Pricing, Packaging, and Entitlement Catalog",146,"Value anchor: Consequence, scope, decision authority, deployment responsibility and accepted value—not seats or tokens alone",V10-F008,commercial,missing,not-applicable,none,not-applicable,P7-F,,"Business/issuer validation (finance, legal, board, customers); no product behaviour to build",tracking id assigned (Appendix E commercial integrity rule has no identifier); business assumption to validate; never an achieved outcome
V10-T-015,V10,"Appendix E Pricing, Packaging, and Entitlement Catalog",146,"Scope: Every contract names decision cells, domains, sources, twins, authorities, environments and support boundary",V10-F008,commercial,partial,passed:harness,merged,phase7,P7-F,apps/api/migrations/0002_identity_tenancy.sql (tenants and domains as governed scopes);test/int/domain-isolation.test.ts,"No contract object naming decision cells, sources, twins, authorities, environments and support boundary; tenant/domain scope exists (P7-F entitlements)",tracking id assigned (Appendix E commercial integrity rule has no identifier); contract terms are business assumption to validate; never an achieved outcome
V10-T-016,V10,"Appendix E Pricing, Packaging, and Entitlement Catalog",146,"Metering: Usage dimensions are transparent, observable, forecastable, capped where required and reconciled to invoices",V10-F008,commercial,missing,unverified,none,phase7,P7-F,,"No usage metering dimensions, caps or invoice reconciliation exist (agent budgets in 0046 are the only meters) — P7-F metering",tracking id assigned (Appendix E commercial integrity rule has no identifier); not scheduled in the master build prompt
V10-T-017,V10,"Appendix E Pricing, Packaging, and Entitlement Catalog",146,"Discount: Time-bound, approved, evidence-linked and separated from permanent list-price architecture",V10-F008,commercial,missing,not-applicable,none,not-applicable,P7-F,,"Business/issuer validation (finance, legal, board, customers); no product behaviour to build",tracking id assigned (Appendix E commercial integrity rule has no identifier); business assumption to validate; never an achieved outcome
V10-T-018,V10,"Appendix E Pricing, Packaging, and Entitlement Catalog",146,"Deployment: Premium and minimum commitment recover isolation, assurance, update and support burden",V10-F008,commercial,missing,not-applicable,none,not-applicable,P7-F,,"Business/issuer validation (finance, legal, board, customers); no product behaviour to build",tracking id assigned (Appendix E commercial integrity rule has no identifier); business assumption to validate; never an achieved outcome
V10-T-019,V10,"Appendix E Pricing, Packaging, and Entitlement Catalog",146,"Services: Bounded packages with acceptance criteria, product boundary and separate gross-margin reporting",V10-F008,commercial,missing,not-applicable,none,not-applicable,P7-F,,"Business/issuer validation (finance, legal, board, customers); no product behaviour to build",tracking id assigned (Appendix E commercial integrity rule has no identifier); business assumption to validate; never an achieved outcome
V10-T-020,V10,"Appendix E Pricing, Packaging, and Entitlement Catalog",146,"Marketplace: Signed asset, admission authority, usage receipt, support owner, take rate and revocation right",V10-F008,marketplace,missing,unverified,none,phase7,P7-C,,"No signed asset, admission authority, usage receipt, take rate or revocation mechanism (grep marketplace = 0) — P7-C",tracking id assigned (Appendix E commercial integrity rule has no identifier); not scheduled in the master build prompt
V10-T-021,V10,"Appendix E Pricing, Packaging, and Entitlement Catalog",146,"Renewal: Value, adoption, entitlement, price, expansion, contraction and cause reconciled before forecast",V10-F008,commercial,missing,not-applicable,none,not-applicable,P7-F,,"Business/issuer validation (finance, legal, board, customers); no product behaviour to build",tracking id assigned (Appendix E commercial integrity rule has no identifier); business assumption to validate; never an achieved outcome
V10-T-022,V10,"Appendix E Pricing, Packaging, and Entitlement Catalog",146,"Package assembly order: 1 Qualify consequence and authority Signed decision and sponsor map 2 Select foundation and deployment Architecture and security acceptance 3 Configure decision cell Journey, evidence and outcome contract 4 Attach domain and sources Rights, quality and ontology tests 5 Add usage and support Capacity, price and margin review 6 Approve expansion Accepted value and renewal ev…",V10-F008,commercial,missing,not-applicable,none,not-applicable,P7-F,,"Business/issuer validation (finance, legal, board, customers); no product behaviour to build",business assumption to validate; never an achieved outcome; sales/packaging process; tracking id assigned
V10-T-023,V10,"Appendix E Pricing, Packaging, and Entitlement Catalog",146,"No pricing band becomes an external representation until issuer finance validates willingness-to-pay, procurement feasibility, discount discipline, cost recovery and expected margin.",V10-F008,commercial,missing,not-applicable,none,not-applicable,P7-F,,"Business/issuer validation (finance, legal, board, customers); no product behaviour to build",business assumption to validate; never an achieved outcome; tracking id assigned
V10-T-024,V10,Appendix G Unit Economics and Customer Value Model,148,Decision latency: Comparable baseline and decision timestamps Speed does not establish decision quality,V10-F011,commercial,missing,not-applicable,none,not-applicable,P7-F,,"Business/issuer validation (finance, legal, board, customers); no product behaviour to build","business assumption to validate; never an achieved outcome; tracking id assigned; decision timestamps exist (decision.packages decided_at, 0042); the comparable baseline is a customer measurement"
V10-T-025,V10,Appendix G Unit Economics and Customer Value Model,148,"Avoided loss: Counterfactual range, assumptions and authority acceptance Uncertainty and confounders preserved",V10-F011,commercial,missing,not-applicable,none,not-applicable,P7-F,,"Business/issuer validation (finance, legal, board, customers); no product behaviour to build",business assumption to validate; never an achieved outcome; tracking id assigned; customer-approved measurement method
V10-T-026,V10,Appendix G Unit Economics and Customer Value Model,148,"Captured opportunity: Decision record, realized outcome and attribution method Market conditions may dominate",V10-F011,commercial,missing,not-applicable,none,not-applicable,P7-F,,"Business/issuer validation (finance, legal, board, customers); no product behaviour to build",business assumption to validate; never an achieved outcome; tracking id assigned; customer-approved measurement method
V10-T-027,V10,Appendix G Unit Economics and Customer Value Model,148,"Resilience: Scenario baseline, intervention, incident and recovery Low-frequency outcome challenge",V10-F011,commercial,missing,not-applicable,none,not-applicable,P7-F,,"Business/issuer validation (finance, legal, board, customers); no product behaviour to build",business assumption to validate; never an achieved outcome; tracking id assigned; customer-approved measurement method
V10-T-028,V10,Appendix G Unit Economics and Customer Value Model,148,"Institutional memory: Reuse event, time saved and decision improvement Qualitative acceptance may be required",V10-F011,commercial,missing,not-applicable,none,not-applicable,P7-F,,"Business/issuer validation (finance, legal, board, customers); no product behaviour to build",business assumption to validate; never an achieved outcome; tracking id assigned; customer-approved measurement method
V10-T-029,V10,Appendix G Unit Economics and Customer Value Model,148,Target planning ranges: Net price realization 85%–100% of approved band Executed contract and invoice Discount and scope reconciliation Gross margin payback 18–30 months CAC and cohort gross margin Finance-approved definitions Implementation mix Majority reusable package Time and artifact records Code/configuration boundary Net revenue retention >120% target after cohort maturity Entitlement coho…,V10-F011,commercial,missing,not-applicable,none,not-applicable,P7-F,,"Business/issuer validation (finance, legal, board, customers); no product behaviour to build",business assumption to validate; never an achieved outcome; tracking id assigned; seven target metrics
V10-T-030,V10,Appendix P Data Room and Release Checklist,163,"Baseline closure — Architecture: Frozen system remains coherent with Volumes 0–9 and all diagrams, claims and terms",V10-F015,governance-docs,missing,not-applicable,none,not-applicable,P7-F,,"Claim register, evidence room and release approvals are maintained outside the product; the repository holds no claim register","claim-control obligation on the investor package, not product behaviour; tracking id assigned; the architecture-coherence condition is what this atomic audit (Volumes 0–10) tests against the code"
V10-T-031,V10,Appendix P Data Room and Release Checklist,163,Baseline closure — Evidence: Every material external or company statement resolves to current admissible evidence,V10-F015,governance-docs,missing,not-applicable,none,not-applicable,P7-F,,"Claim register, evidence room and release approvals are maintained outside the product; the repository holds no claim register","claim-control obligation on the investor package, not product behaviour; tracking id assigned"
V10-T-032,V10,Appendix P Data Room and Release Checklist,163,"Baseline closure — Planning: All scenarios preserve assumptions, sensitivity, limitation and non-guidance status",V10-F015,governance-docs,missing,not-applicable,none,not-applicable,P7-F,,"Claim register, evidence room and release approvals are maintained outside the product; the repository holds no claim register","claim-control obligation on the investor package, not product behaviour; tracking id assigned"
V10-T-033,V10,Appendix P Data Room and Release Checklist,163,"Baseline closure — Authority: Issuer executive, finance, legal, technical, security and communications approve the exact digest",V10-F015,governance-docs,missing,not-applicable,none,not-applicable,P7-F,,"Claim register, evidence room and release approvals are maintained outside the product; the repository holds no claim register","claim-control obligation on the investor package, not product behaviour; tracking id assigned"
V10-T-034,V10,Appendix P Data Room and Release Checklist,163,"Baseline closure — Correction: Distribution list, withdrawal, replacement, notification and receipt process are active",V10-F015,governance-docs,missing,not-applicable,none,not-applicable,P7-F,,"Claim register, evidence room and release approvals are maintained outside the product; the repository holds no claim register","claim-control obligation on the investor package, not product behaviour; tracking id assigned"
V10-T-035,V10,Investor Use and Release Notice,3,"Release control: Every material claim has exact wording, class, source, scope, date, limitation, owner, approval and correction route.",V10-F015,governance-docs,missing,not-applicable,none,not-applicable,P7-F,,"Claim register, evidence room and release approvals are maintained outside the product; the repository holds no claim register","claim-control obligation on the investor package, not product behaviour; tracking id assigned"
V10-T-036,V10,Investor Use and Release Notice,3,"Release control: A plan is never promoted to operating fact because it appears in a polished document, model, diagram or table.",V10-F015,governance-docs,missing,not-applicable,none,not-applicable,P7-F,,"Claim register, evidence room and release approvals are maintained outside the product; the repository holds no claim register","claim-control obligation on the investor package, not product behaviour; tracking id assigned"
V10-T-037,V10,Investor Use and Release Notice,3,"Release control: External market and regulatory facts establish only the scoped fact; they do not prove product, customer or company status.",V10-F015,governance-docs,missing,not-applicable,none,not-applicable,P7-F,,"Claim register, evidence room and release approvals are maintained outside the product; the repository holds no claim register","claim-control obligation on the investor package, not product behaviour; tracking id assigned"
V10-T-038,V10,Investor Use and Release Notice,3,"Release control: Financing amount, instrument, valuation, cap table, rights and investor commitments require governing corporate evidence.",V10-F015,governance-docs,missing,not-applicable,none,not-applicable,P7-F,,"Claim register, evidence room and release approvals are maintained outside the product; the repository holds no claim register","claim-control obligation on the investor package, not product behaviour; tracking id assigned"
V10-T-039,V10,Investor Use and Release Notice,3,"Release control: Any released copy preserves the claims register, source register, file digest, recipient record and correction process.",V10-F015,governance-docs,missing,not-applicable,none,not-applicable,P7-F,,"Claim register, evidence room and release approvals are maintained outside the product; the repository holds no claim register","claim-control obligation on the investor package, not product behaviour; tracking id assigned"
V10-T-040,V10,Appendix L Enterprise Risk and Mitigation Register,154,"Board escalation threshold — Trust / safety: Critical security, privacy, rights, model, agent or human-authority failure Stop affected use; preserve evidence; independent review; board notification",V10-F014,identity-policy,partial,passed:harness,merged,phase7,P7-D,"test/int/audit-chain.test.ts (tamper response: atomic freeze + incident, no re-seal);apps/api/migrations/0014_evidence_deauthorization.sql;apps/api/src/observation/quarantine/quarantine.service.ts;apps/api/migrations/0020_governed_degraded_recovery.sql","""Stop affected use"" exists as audit freeze, evidence deauthorization and quarantine; no product-wide kill switch per model/agent/source, no independent-review or board-notification workflow (P7-D)",tracking id assigned; independent review and board notification are corporate
V10-T-041,V10,Appendix L Enterprise Risk and Mitigation Register,154,"Board escalation threshold — Capital: Runway or committed evidence falls below board floor Downside plan, hiring brake, financing decision and scope reset",V10-F014,commercial,missing,not-applicable,none,not-applicable,P7-F,,"Business/issuer validation (finance, legal, board, customers); no product behaviour to build",business assumption to validate; never an achieved outcome; tracking id assigned
V10-T-042,V10,Appendix L Enterprise Risk and Mitigation Register,154,"Board escalation threshold — Customer: value cannot be causally supported Baselines, decision records, agreed measurement Customer Success / Finance R-25 Ethical or human-rights harm Medium Critical Use conflicts with rights or institutional policy Use restrictions, impact review, refusal Responsible AI / Board R-26 Reputational overclaim Medium Critical Aspirations presented as traction or proof…",V10-F014,commercial,missing,not-applicable,none,not-applicable,P7-F,,"Business/issuer validation (finance, legal, board, customers); no product behaviour to build",business assumption to validate; never an achieved outcome; tracking id assigned
V10-T-043,V10,Appendix L Enterprise Risk and Mitigation Register,154,"Board escalation threshold — Product: / Strategy R-24 Outcome attribution High High Customer value cannot be causally supported Baselines, decision records, agreed measurement Customer Success / Finance R-25 Ethical or human-rights harm Medium Critical Use conflicts with rights or institutional policy Use restrictions, impact review, refusal Responsible AI / Board R-26 Reputational overclaim Medi…",V10-F014,governance-docs,missing,not-applicable,none,not-applicable,P7-F,,"Claim register, evidence room and release approvals are maintained outside the product; the repository holds no claim register","claim-control obligation on the investor package, not product behaviour; tracking id assigned; parity exceptions would be recorded in EXCEPTIONS.md (none for profiles today because one profile exists)"
V10-T-044,V10,Appendix L Enterprise Risk and Mitigation Register,154,"Board escalation threshold — Claims: External statement lacks current evidence or approval Withdraw, correct, notify recipients and retain receipt",V10-F014,commercial,missing,not-applicable,none,not-applicable,P7-F,,"Business/issuer validation (finance, legal, board, customers); no product behaviour to build",business assumption to validate; never an achieved outcome; tracking id assigned
V10-T-045,V10,Appendix L Enterprise Risk and Mitigation Register,154,"Risk governance contract: Board Risk appetite, capital thresholds, reserved matters and independent control authority Executive Own outcomes, resources, remediation and accurate external representation Risk / legal / security Define policy, challenge evidence, stop unsafe release and escalate unresolved exposure Product / engineering Implement controls, preserve evidence, disclose limitations and…",V10-F014,governance-docs,missing,not-applicable,none,not-applicable,P7-F,,"Claim register, evidence room and release approvals are maintained outside the product; the repository holds no claim register","claim-control obligation on the investor package, not product behaviour; tracking id assigned; four authorities"
V10-T-046,V10,Appendix L Enterprise Risk and Mitigation Register,154,"Commercial urgency does not override trust, human authority, evidence quality or the board's stop conditions.",V10-F014,governance-docs,missing,not-applicable,none,not-applicable,P7-F,,"Claim register, evidence room and release approvals are maintained outside the product; the repository holds no claim register","claim-control obligation on the investor package, not product behaviour; tracking id assigned; cross-volume V0 C-004/C-036"
V10-T-047,V10,Appendix I Competitive Evidence Matrix,150,"CONTROL REQUIREMENT Freshness Re-check public sources immediately before external release Scope Do not infer absence, weakness, customer value or roadmap from marketing pages Primary diligence Supplement positioning with product, security, pricing, customer and technical evidence Language Use adjacency and diligence boundary; avoid unsupported best, only, first or superior claims",V10-F010,commercial,missing,not-applicable,none,not-applicable,P7-F,,"Business/issuer validation (finance, legal, board, customers); no product behaviour to build",business assumption to validate; never an achieved outcome; tracking id assigned; four competitive evidence controls; S-10…S-22
V10-T-048,V10,Appendix M External Source Register,155,"External evidence establishes only the fact stated in the permitted-use field; it does not prove The Eye's execution, demand, superiority or company status. Regulatory and standards sources are checked again immediately before release because dates, guidance and applicability can change. Vendor pages are public positioning, not exhaustive technical diligence or independent validation. SEC filings…",V10-F015,governance-docs,missing,not-applicable,none,not-applicable,P7-F,,"Claim register, evidence room and release approvals are maintained outside the product; the repository holds no claim register","claim-control obligation on the investor package, not product behaviour; tracking id assigned; four source-use controls; see S-01…S-22"
V10-T-049,V10,Appendix O Investor Q&A,161,QUESTION CLASS PERMITTED RESPONSE PROHIBITED RESPONSE Architecture Frozen system contract and limitation Implementation implication Company facts Unasserted pending primary evidence Estimate or inference Financial Illustrative controlled planning case Guidance or valuation promise Compliance Control foundation and exact source Certification or legal sufficiency EXECUTIVE STANDARD A disciplined 'n…,V10-F015,governance-docs,missing,not-applicable,none,not-applicable,P7-F,,"Claim register, evidence room and release approvals are maintained outside the product; the repository holds no claim register","claim-control obligation on the investor package, not product behaviour; tracking id assigned; answer discipline table; Q04 states the baseline makes no implementation claim"
V10-T-050,V10,Appendix D Market Opportunity Assumption Model,144,"ASSUMPTION REQUIRED VALIDATION CONTROL Eligible account count Named-account universe, jurisdiction, size, authority and deduplication Quarterly refresh Contract value Willingness-to-pay, procurement, comparable scope and margin Approved evidence band Accessible market Product readiness, sales capacity, partner capacity and deployment eligibility Bottom-up reconciliation Penetration Cohort convers…",V10-F002,commercial,missing,not-applicable,none,not-applicable,P7-F,,"Business/issuer validation (finance, legal, board, customers); no product behaviour to build",business assumption to validate; never an achieved outcome; tracking id assigned; $12.2B/$25.4B/$51.8B envelope and five assumption controls
V10-T-051,V10,Appendix F Five-Year Planning Scenario,147,DRIVER DOWNSIDE REFERENCE UPSIDE Enterprise cycle 18–30 months 12–18 months 9–15 months Production conversion Lower; funded proof slips Gated cohort progression Higher via references and partners Gross margin Sovereign and services burden persists Productization improves mix High reuse and efficient routing Retention / expansion Long value proof; concentration Multi-domain expansion Strong cohort…,V10-F011,commercial,missing,not-applicable,none,not-applicable,P7-F,,"Business/issuer validation (finance, legal, board, customers); no product behaviour to build","business assumption to validate; never an achieved outcome; tracking id assigned; reference case 4→165 customers, $2.4M→$175M ARR, 36→220 FTE"
V10-T-052,V10,Appendix H Workforce and Use-of-Funds Plan,149,"GATE ILLUSTRATIVE RANGE MATERIAL EVIDENCE Gate 1 $18M–$24M Controlled build, team and IP verification, lighthouse commitments, trust foundation Gate 2 $35M–$50M Paid production proof, repeatable packages, deployment parity, accepted customer value Gate 3 $30M–$60M Cohort retention and expansion, margin progress, institutional scale, ecosystem control CAPITAL CONTROL Capital ranges are planning in…",V10-F012,commercial,missing,not-applicable,none,not-applicable,P7-F,,"Business/issuer validation (finance, legal, board, customers); no product behaviour to build",business assumption to validate; never an achieved outcome; tracking id assigned; $22M/24-month envelope and three capital gates
V10-T-053,V10,Appendix A Investor Fact Sheet,141,"No current product implementation, customers, revenue, team, IP ownership, certification, legal entity, cap table or financing terms are represented.",V10-F001,governance-docs,missing,not-applicable,none,not-applicable,P7-F,,"Claim register, evidence room and release approvals are maintained outside the product; the repository holds no claim register","claim-control obligation on the investor package, not product behaviour; tracking id assigned; the fact sheet represents no current implementation"
V10-T-054,V10,Appendix B Category Lexicon,142,"The Eye is not a chatbot, dashboard, BI platform, copilot or reporting tool. Those may be interaction modes or adjacent products, not the category definition.",V10-F001,governance-docs,missing,not-applicable,none,not-applicable,P7-F,,"Claim register, evidence room and release approvals are maintained outside the product; the repository holds no claim register","claim-control obligation on the investor package, not product behaviour; tracking id assigned; FROZEN definitions inherit Volume 0 (C-001, C-008, C-020)"
V10-T-055,V10,Appendix C Customer and Decision Archetype Matrix,143,"A lighthouse begins only when the decision owner, baseline, alternatives, evidence standard, outcome method and replay horizon are explicit.",V10-F002,decision,partial,passed:harness,branch-only,phase6,P6,"apps/api/migrations/0041_decision_packages.sql (objectives, options, consequences, approvers, monitoring conditions, outcome criteria);test/int/phase6-decisions.test.ts",No explicit baseline or replay-horizon fields on a package and no evidence-standard declaration; the lighthouse programme itself is a business decision (P6),tracking id assigned; main ends at migration 0027 (Phase 3); Phases 4–6 and scheduled collection are unmerged branches behind the C15 image finding
V10-T-056,V10,Appendix N Investor Claim Register and Status,159,"CLASS UNAVAILABLE REPRESENTATION REQUIRED BASIS UNASSERTED Legal entity, ownership, capitalization and financing terms Governing corporate evidence UNASSERTED Founders, executives, employees, advisers and compensation Verified people records UNASSERTED Code, data, models, marks, assignments and IP ownership Chain-of-title evidence UNASSERTED Product implementation, customers, contracts, revenue a…",V10-F015,governance-docs,missing,not-applicable,none,not-applicable,P7-F,,"Claim register, evidence room and release approvals are maintained outside the product; the repository holds no claim register","claim-control obligation on the investor package, not product behaviour; tracking id assigned; five UNASSERTED classes; the ""Product implementation"" class is what FULL_PRODUCT_DELIVERY_REGISTER.md and this audit evidence"
V10-T-057,V10,Document Control,2,"Document The Eye — Volume 10: Investor Package Version 1.0 / Controlled Investor Baseline Status Architecture and planning baseline; external use requires exact release approval Release date 2 August 2026 Owner Issuer executive authority / Investor relations Review authorities Finance, legal, technical, security, product, communications Architecture Frozen through Volumes 0-9; this volume does no…",V10-F015,governance-docs,missing,not-applicable,none,not-applicable,P7-F,,"Claim register, evidence room and release approvals are maintained outside the product; the repository holds no claim register","claim-control obligation on the investor package, not product behaviour; tracking id assigned; release date 2 August 2026; correction and distribution controls"
V10-T-058,V10,Figure Index and Visual Disclosure,10,"Figures are not evidence of product operation, customer use, revenue, market share, certification, team strength or financing. Those facts require primary company evidence.",V10-F001,governance-docs,missing,not-applicable,none,not-applicable,P7-F,,"Claim register, evidence room and release approvals are maintained outside the product; the repository holds no claim register","claim-control obligation on the investor package, not product behaviour; tracking id assigned; figures are not evidence"
V10-T-059,V10,Executive Investment Memorandum,5,"What remains to be proven: A working production system that completes the closed strategic loop under the declared trust, security, reliability and deployment contracts. | A founding and operating team with verified authority, capability, employment, assignments and institutional independence. | Paid customers, measurable decision outcomes, repeatable deployments, renewal and expansion with recon…",V10-F001,governance-docs,partial,passed:harness+browser,branch-only,phase6,R0,apps/api/migrations/0041_decision_packages.sql;apps/api/migrations/0042_decision_approvals_and_commitment.sql;apps/api/migrations/0043_decision_replay.sql;apps/api/migrations/0045_decision_monitoring_and_outcomes.sql;test/int/phase6-decisions.test.ts;test/int/phase6-approvals.test.ts;test/int/phase6-replay.test.ts: known / believed / tested hold only what was recorded under the cut-offs;test/int/phase6-monitoring.test.ts: the chosen run's exact output becomes a SIMULATED element; the outcomes upload becomes an OBSERVED element;e2e/phase6-decisions.demo.spec.ts: DECISIONS / REPLAY / BRIEFINGS;evidence/demo-virgin-transcript.txt,"The first bullet (a working production system completing the closed loop under trust, security, reliability and deployment contracts) is the product obligation — see V10-T-001…006; team, customers, assurance and legal entity are corporate",tracking id assigned; five proof requirements; main ends at migration 0027 (Phase 3); Phases 4–6 and scheduled collection are unmerged branches behind the C15 image finding
DA-01,V10,Appendix C Customer and Decision Archetype Matrix,143,Geopolitical posture Executive committee 180 days Growth Baseline / alternatives / evidence / authority / outcome,V10-F002,decision,partial,passed:harness,branch-only,phase7,P7-C,"apps/api/migrations/0041_decision_packages.sql (options/alternatives, consequences cite SIM runs, required approvers, outcome criteria);apps/api/migrations/0042_decision_approvals_and_commitment.sql (named authority);apps/api/migrations/0045_decision_monitoring_and_outcomes.sql (outcome);apps/api/migrations/0029_prediction_forecasts_scenarios_warnings_outcomes.sql (horizon_code);test/int/phase6-decisions.test.ts","The generic decision record (alternatives / evidence / authority / outcome) exists; no archetype template binding this decision, its primary authority role and horizon as a governed package (grep archetype = 0) and no explicit baseline field — P7-C domain packages, P6 baseline field",lighthouse selection is business assumption to validate; never an achieved outcome; main ends at migration 0027 (Phase 3); Phases 4–6 and scheduled collection are unmerged branches behind the C15 image finding
DA-02,V10,Appendix C Customer and Decision Archetype Matrix,143,Supply-chain disruption Mission command 1 year Risk Baseline / alternatives / evidence / authority / outcome,V10-F002,decision,partial,passed:harness,branch-only,phase7,P7-C,"apps/api/migrations/0041_decision_packages.sql (options/alternatives, consequences cite SIM runs, required approvers, outcome criteria);apps/api/migrations/0042_decision_approvals_and_commitment.sql (named authority);apps/api/migrations/0045_decision_monitoring_and_outcomes.sql (outcome);apps/api/migrations/0029_prediction_forecasts_scenarios_warnings_outcomes.sql (horizon_code);test/int/phase6-decisions.test.ts","The generic decision record (alternatives / evidence / authority / outcome) exists; no archetype template binding this decision, its primary authority role and horizon as a governed package (grep archetype = 0) and no explicit baseline field — P7-C domain packages, P6 baseline field",lighthouse selection is business assumption to validate; never an achieved outcome; main ends at migration 0027 (Phase 3); Phases 4–6 and scheduled collection are unmerged branches behind the C15 image finding
DA-03,V10,Appendix C Customer and Decision Archetype Matrix,143,Regulatory adaptation Risk committee 3–5 years Capability Baseline / alternatives / evidence / authority / outcome,V10-F002,decision,partial,passed:harness,branch-only,phase7,P7-C,"apps/api/migrations/0041_decision_packages.sql (options/alternatives, consequences cite SIM runs, required approvers, outcome criteria);apps/api/migrations/0042_decision_approvals_and_commitment.sql (named authority);apps/api/migrations/0045_decision_monitoring_and_outcomes.sql (outcome);apps/api/migrations/0029_prediction_forecasts_scenarios_warnings_outcomes.sql (horizon_code);test/int/phase6-decisions.test.ts","The generic decision record (alternatives / evidence / authority / outcome) exists; no archetype template binding this decision, its primary authority role and horizon as a governed package (grep archetype = 0) and no explicit baseline field — P7-C domain packages, P6 baseline field",lighthouse selection is business assumption to validate; never an achieved outcome; main ends at migration 0027 (Phase 3); Phases 4–6 and scheduled collection are unmerged branches behind the C15 image finding
DA-04,V10,Appendix C Customer and Decision Archetype Matrix,143,Market entry Board 30–90 days Resilience Baseline / alternatives / evidence / authority / outcome,V10-F002,decision,partial,passed:harness,branch-only,phase7,P7-C,"apps/api/migrations/0041_decision_packages.sql (options/alternatives, consequences cite SIM runs, required approvers, outcome criteria);apps/api/migrations/0042_decision_approvals_and_commitment.sql (named authority);apps/api/migrations/0045_decision_monitoring_and_outcomes.sql (outcome);apps/api/migrations/0029_prediction_forecasts_scenarios_warnings_outcomes.sql (horizon_code);test/int/phase6-decisions.test.ts","The generic decision record (alternatives / evidence / authority / outcome) exists; no archetype template binding this decision, its primary authority role and horizon as a governed package (grep archetype = 0) and no explicit baseline field — P7-C domain packages, P6 baseline field",lighthouse selection is business assumption to validate; never an achieved outcome; main ends at migration 0027 (Phase 3); Phases 4–6 and scheduled collection are unmerged branches behind the C15 image finding
DA-05,V10,Appendix C Customer and Decision Archetype Matrix,143,Capital allocation Executive committee 180 days Growth Baseline / alternatives / evidence / authority / outcome,V10-F002,decision,partial,passed:harness,branch-only,phase7,P7-C,"apps/api/migrations/0041_decision_packages.sql (options/alternatives, consequences cite SIM runs, required approvers, outcome criteria);apps/api/migrations/0042_decision_approvals_and_commitment.sql (named authority);apps/api/migrations/0045_decision_monitoring_and_outcomes.sql (outcome);apps/api/migrations/0029_prediction_forecasts_scenarios_warnings_outcomes.sql (horizon_code);test/int/phase6-decisions.test.ts","The generic decision record (alternatives / evidence / authority / outcome) exists; no archetype template binding this decision, its primary authority role and horizon as a governed package (grep archetype = 0) and no explicit baseline field — P7-C domain packages, P6 baseline field",lighthouse selection is business assumption to validate; never an achieved outcome; main ends at migration 0027 (Phase 3); Phases 4–6 and scheduled collection are unmerged branches behind the C15 image finding
DA-06,V10,Appendix C Customer and Decision Archetype Matrix,143,Competitor response Mission command 1 year Risk Baseline / alternatives / evidence / authority / outcome,V10-F002,decision,partial,passed:harness,branch-only,phase7,P7-C,"apps/api/migrations/0041_decision_packages.sql (options/alternatives, consequences cite SIM runs, required approvers, outcome criteria);apps/api/migrations/0042_decision_approvals_and_commitment.sql (named authority);apps/api/migrations/0045_decision_monitoring_and_outcomes.sql (outcome);apps/api/migrations/0029_prediction_forecasts_scenarios_warnings_outcomes.sql (horizon_code);test/int/phase6-decisions.test.ts","The generic decision record (alternatives / evidence / authority / outcome) exists; no archetype template binding this decision, its primary authority role and horizon as a governed package (grep archetype = 0) and no explicit baseline field — P7-C domain packages, P6 baseline field",lighthouse selection is business assumption to validate; never an achieved outcome; main ends at migration 0027 (Phase 3); Phases 4–6 and scheduled collection are unmerged branches behind the C15 image finding
DA-07,V10,Appendix C Customer and Decision Archetype Matrix,143,Technology portfolio Risk committee 3–5 years Capability Baseline / alternatives / evidence / authority / outcome,V10-F002,decision,partial,passed:harness,branch-only,phase7,P7-C,"apps/api/migrations/0041_decision_packages.sql (options/alternatives, consequences cite SIM runs, required approvers, outcome criteria);apps/api/migrations/0042_decision_approvals_and_commitment.sql (named authority);apps/api/migrations/0045_decision_monitoring_and_outcomes.sql (outcome);apps/api/migrations/0029_prediction_forecasts_scenarios_warnings_outcomes.sql (horizon_code);test/int/phase6-decisions.test.ts","The generic decision record (alternatives / evidence / authority / outcome) exists; no archetype template binding this decision, its primary authority role and horizon as a governed package (grep archetype = 0) and no explicit baseline field — P7-C domain packages, P6 baseline field",lighthouse selection is business assumption to validate; never an achieved outcome; main ends at migration 0027 (Phase 3); Phases 4–6 and scheduled collection are unmerged branches behind the C15 image finding
DA-08,V10,Appendix C Customer and Decision Archetype Matrix,143,Cyber resilience Board 30–90 days Resilience Baseline / alternatives / evidence / authority / outcome,V10-F002,decision,partial,passed:harness,branch-only,phase7,P7-C,"apps/api/migrations/0041_decision_packages.sql (options/alternatives, consequences cite SIM runs, required approvers, outcome criteria);apps/api/migrations/0042_decision_approvals_and_commitment.sql (named authority);apps/api/migrations/0045_decision_monitoring_and_outcomes.sql (outcome);apps/api/migrations/0029_prediction_forecasts_scenarios_warnings_outcomes.sql (horizon_code);test/int/phase6-decisions.test.ts","The generic decision record (alternatives / evidence / authority / outcome) exists; no archetype template binding this decision, its primary authority role and horizon as a governed package (grep archetype = 0) and no explicit baseline field — P7-C domain packages, P6 baseline field",lighthouse selection is business assumption to validate; never an achieved outcome; main ends at migration 0027 (Phase 3); Phases 4–6 and scheduled collection are unmerged branches behind the C15 image finding
DA-09,V10,Appendix C Customer and Decision Archetype Matrix,143,Infrastructure continuity Executive committee 180 days Growth Baseline / alternatives / evidence / authority / outcome,V10-F002,decision,partial,passed:harness,branch-only,phase7,P7-C,"apps/api/migrations/0041_decision_packages.sql (options/alternatives, consequences cite SIM runs, required approvers, outcome criteria);apps/api/migrations/0042_decision_approvals_and_commitment.sql (named authority);apps/api/migrations/0045_decision_monitoring_and_outcomes.sql (outcome);apps/api/migrations/0029_prediction_forecasts_scenarios_warnings_outcomes.sql (horizon_code);test/int/phase6-decisions.test.ts","The generic decision record (alternatives / evidence / authority / outcome) exists; no archetype template binding this decision, its primary authority role and horizon as a governed package (grep archetype = 0) and no explicit baseline field — P7-C domain packages, P6 baseline field",lighthouse selection is business assumption to validate; never an achieved outcome; main ends at migration 0027 (Phase 3); Phases 4–6 and scheduled collection are unmerged branches behind the C15 image finding
DA-10,V10,Appendix C Customer and Decision Archetype Matrix,143,Energy security Mission command 1 year Risk Baseline / alternatives / evidence / authority / outcome,V10-F002,decision,partial,passed:harness,branch-only,phase7,P7-C,"apps/api/migrations/0041_decision_packages.sql (options/alternatives, consequences cite SIM runs, required approvers, outcome criteria);apps/api/migrations/0042_decision_approvals_and_commitment.sql (named authority);apps/api/migrations/0045_decision_monitoring_and_outcomes.sql (outcome);apps/api/migrations/0029_prediction_forecasts_scenarios_warnings_outcomes.sql (horizon_code);test/int/phase6-decisions.test.ts","The generic decision record (alternatives / evidence / authority / outcome) exists; no archetype template binding this decision, its primary authority role and horizon as a governed package (grep archetype = 0) and no explicit baseline field — P7-C domain packages, P6 baseline field",lighthouse selection is business assumption to validate; never an achieved outcome; main ends at migration 0027 (Phase 3); Phases 4–6 and scheduled collection are unmerged branches behind the C15 image finding
DA-11,V10,Appendix C Customer and Decision Archetype Matrix,143,Product portfolio Risk committee 3–5 years Capability Baseline / alternatives / evidence / authority / outcome,V10-F002,decision,partial,passed:harness,branch-only,phase7,P7-C,"apps/api/migrations/0041_decision_packages.sql (options/alternatives, consequences cite SIM runs, required approvers, outcome criteria);apps/api/migrations/0042_decision_approvals_and_commitment.sql (named authority);apps/api/migrations/0045_decision_monitoring_and_outcomes.sql (outcome);apps/api/migrations/0029_prediction_forecasts_scenarios_warnings_outcomes.sql (horizon_code);test/int/phase6-decisions.test.ts","The generic decision record (alternatives / evidence / authority / outcome) exists; no archetype template binding this decision, its primary authority role and horizon as a governed package (grep archetype = 0) and no explicit baseline field — P7-C domain packages, P6 baseline field",lighthouse selection is business assumption to validate; never an achieved outcome; main ends at migration 0027 (Phase 3); Phases 4–6 and scheduled collection are unmerged branches behind the C15 image finding
DA-12,V10,Appendix C Customer and Decision Archetype Matrix,143,Procurement strategy Board 30–90 days Resilience Baseline / alternatives / evidence / authority / outcome,V10-F002,decision,partial,passed:harness,branch-only,phase7,P7-C,"apps/api/migrations/0041_decision_packages.sql (options/alternatives, consequences cite SIM runs, required approvers, outcome criteria);apps/api/migrations/0042_decision_approvals_and_commitment.sql (named authority);apps/api/migrations/0045_decision_monitoring_and_outcomes.sql (outcome);apps/api/migrations/0029_prediction_forecasts_scenarios_warnings_outcomes.sql (horizon_code);test/int/phase6-decisions.test.ts","The generic decision record (alternatives / evidence / authority / outcome) exists; no archetype template binding this decision, its primary authority role and horizon as a governed package (grep archetype = 0) and no explicit baseline field — P7-C domain packages, P6 baseline field",lighthouse selection is business assumption to validate; never an achieved outcome; main ends at migration 0027 (Phase 3); Phases 4–6 and scheduled collection are unmerged branches behind the C15 image finding
DA-13,V10,Appendix C Customer and Decision Archetype Matrix,143,Workforce capability Executive committee 180 days Growth Baseline / alternatives / evidence / authority / outcome,V10-F002,decision,partial,passed:harness,branch-only,phase7,P7-C,"apps/api/migrations/0041_decision_packages.sql (options/alternatives, consequences cite SIM runs, required approvers, outcome criteria);apps/api/migrations/0042_decision_approvals_and_commitment.sql (named authority);apps/api/migrations/0045_decision_monitoring_and_outcomes.sql (outcome);apps/api/migrations/0029_prediction_forecasts_scenarios_warnings_outcomes.sql (horizon_code);test/int/phase6-decisions.test.ts","The generic decision record (alternatives / evidence / authority / outcome) exists; no archetype template binding this decision, its primary authority role and horizon as a governed package (grep archetype = 0) and no explicit baseline field — P7-C domain packages, P6 baseline field",lighthouse selection is business assumption to validate; never an achieved outcome; main ends at migration 0027 (Phase 3); Phases 4–6 and scheduled collection are unmerged branches behind the C15 image finding
DA-14,V10,Appendix C Customer and Decision Archetype Matrix,143,M&A screening Mission command 1 year Risk Baseline / alternatives / evidence / authority / outcome,V10-F002,decision,partial,passed:harness,branch-only,phase7,P7-C,"apps/api/migrations/0041_decision_packages.sql (options/alternatives, consequences cite SIM runs, required approvers, outcome criteria);apps/api/migrations/0042_decision_approvals_and_commitment.sql (named authority);apps/api/migrations/0045_decision_monitoring_and_outcomes.sql (outcome);apps/api/migrations/0029_prediction_forecasts_scenarios_warnings_outcomes.sql (horizon_code);test/int/phase6-decisions.test.ts","The generic decision record (alternatives / evidence / authority / outcome) exists; no archetype template binding this decision, its primary authority role and horizon as a governed package (grep archetype = 0) and no explicit baseline field — P7-C domain packages, P6 baseline field",lighthouse selection is business assumption to validate; never an achieved outcome; main ends at migration 0027 (Phase 3); Phases 4–6 and scheduled collection are unmerged branches behind the C15 image finding
DA-15,V10,Appendix C Customer and Decision Archetype Matrix,143,Credit exposure Risk committee 3–5 years Capability Baseline / alternatives / evidence / authority / outcome,V10-F002,decision,partial,passed:harness,branch-only,phase7,P7-C,"apps/api/migrations/0041_decision_packages.sql (options/alternatives, consequences cite SIM runs, required approvers, outcome criteria);apps/api/migrations/0042_decision_approvals_and_commitment.sql (named authority);apps/api/migrations/0045_decision_monitoring_and_outcomes.sql (outcome);apps/api/migrations/0029_prediction_forecasts_scenarios_warnings_outcomes.sql (horizon_code);test/int/phase6-decisions.test.ts","The generic decision record (alternatives / evidence / authority / outcome) exists; no archetype template binding this decision, its primary authority role and horizon as a governed package (grep archetype = 0) and no explicit baseline field — P7-C domain packages, P6 baseline field",lighthouse selection is business assumption to validate; never an achieved outcome; main ends at migration 0027 (Phase 3); Phases 4–6 and scheduled collection are unmerged branches behind the C15 image finding
DA-16,V10,Appendix C Customer and Decision Archetype Matrix,143,Liquidity posture Board 30–90 days Resilience Baseline / alternatives / evidence / authority / outcome,V10-F002,decision,partial,passed:harness,branch-only,phase7,P7-C,"apps/api/migrations/0041_decision_packages.sql (options/alternatives, consequences cite SIM runs, required approvers, outcome criteria);apps/api/migrations/0042_decision_approvals_and_commitment.sql (named authority);apps/api/migrations/0045_decision_monitoring_and_outcomes.sql (outcome);apps/api/migrations/0029_prediction_forecasts_scenarios_warnings_outcomes.sql (horizon_code);test/int/phase6-decisions.test.ts","The generic decision record (alternatives / evidence / authority / outcome) exists; no archetype template binding this decision, its primary authority role and horizon as a governed package (grep archetype = 0) and no explicit baseline field — P7-C domain packages, P6 baseline field",lighthouse selection is business assumption to validate; never an achieved outcome; main ends at migration 0027 (Phase 3); Phases 4–6 and scheduled collection are unmerged branches behind the C15 image finding
DA-17,V10,Appendix C Customer and Decision Archetype Matrix,143,Clinical capacity Executive committee 180 days Growth Baseline / alternatives / evidence / authority / outcome,V10-F002,decision,partial,passed:harness,branch-only,phase7,P7-C,"apps/api/migrations/0041_decision_packages.sql (options/alternatives, consequences cite SIM runs, required approvers, outcome criteria);apps/api/migrations/0042_decision_approvals_and_commitment.sql (named authority);apps/api/migrations/0045_decision_monitoring_and_outcomes.sql (outcome);apps/api/migrations/0029_prediction_forecasts_scenarios_warnings_outcomes.sql (horizon_code);test/int/phase6-decisions.test.ts","The generic decision record (alternatives / evidence / authority / outcome) exists; no archetype template binding this decision, its primary authority role and horizon as a governed package (grep archetype = 0) and no explicit baseline field — P7-C domain packages, P6 baseline field",lighthouse selection is business assumption to validate; never an achieved outcome; main ends at migration 0027 (Phase 3); Phases 4–6 and scheduled collection are unmerged branches behind the C15 image finding
DA-18,V10,Appendix C Customer and Decision Archetype Matrix,143,Manufacturing footprint Mission command 1 year Risk Baseline / alternatives / evidence / authority / outcome,V10-F002,decision,partial,passed:harness,branch-only,phase7,P7-C,"apps/api/migrations/0041_decision_packages.sql (options/alternatives, consequences cite SIM runs, required approvers, outcome criteria);apps/api/migrations/0042_decision_approvals_and_commitment.sql (named authority);apps/api/migrations/0045_decision_monitoring_and_outcomes.sql (outcome);apps/api/migrations/0029_prediction_forecasts_scenarios_warnings_outcomes.sql (horizon_code);test/int/phase6-decisions.test.ts","The generic decision record (alternatives / evidence / authority / outcome) exists; no archetype template binding this decision, its primary authority role and horizon as a governed package (grep archetype = 0) and no explicit baseline field — P7-C domain packages, P6 baseline field",lighthouse selection is business assumption to validate; never an achieved outcome; main ends at migration 0027 (Phase 3); Phases 4–6 and scheduled collection are unmerged branches behind the C15 image finding
DA-19,V10,Appendix C Customer and Decision Archetype Matrix,143,Logistics routing Risk committee 3–5 years Capability Baseline / alternatives / evidence / authority / outcome,V10-F002,decision,partial,passed:harness,branch-only,phase7,P7-C,"apps/api/migrations/0041_decision_packages.sql (options/alternatives, consequences cite SIM runs, required approvers, outcome criteria);apps/api/migrations/0042_decision_approvals_and_commitment.sql (named authority);apps/api/migrations/0045_decision_monitoring_and_outcomes.sql (outcome);apps/api/migrations/0029_prediction_forecasts_scenarios_warnings_outcomes.sql (horizon_code);test/int/phase6-decisions.test.ts","The generic decision record (alternatives / evidence / authority / outcome) exists; no archetype template binding this decision, its primary authority role and horizon as a governed package (grep archetype = 0) and no explicit baseline field — P7-C domain packages, P6 baseline field",lighthouse selection is business assumption to validate; never an achieved outcome; main ends at migration 0027 (Phase 3); Phases 4–6 and scheduled collection are unmerged branches behind the C15 image finding
DA-20,V10,Appendix C Customer and Decision Archetype Matrix,143,Telecom resilience Board 30–90 days Resilience Baseline / alternatives / evidence / authority / outcome,V10-F002,decision,partial,passed:harness,branch-only,phase7,P7-C,"apps/api/migrations/0041_decision_packages.sql (options/alternatives, consequences cite SIM runs, required approvers, outcome criteria);apps/api/migrations/0042_decision_approvals_and_commitment.sql (named authority);apps/api/migrations/0045_decision_monitoring_and_outcomes.sql (outcome);apps/api/migrations/0029_prediction_forecasts_scenarios_warnings_outcomes.sql (horizon_code);test/int/phase6-decisions.test.ts","The generic decision record (alternatives / evidence / authority / outcome) exists; no archetype template binding this decision, its primary authority role and horizon as a governed package (grep archetype = 0) and no explicit baseline field — P7-C domain packages, P6 baseline field",lighthouse selection is business assumption to validate; never an achieved outcome; main ends at migration 0027 (Phase 3); Phases 4–6 and scheduled collection are unmerged branches behind the C15 image finding
DA-21,V10,Appendix C Customer and Decision Archetype Matrix,143,Climate adaptation Executive committee 180 days Growth Baseline / alternatives / evidence / authority / outcome,V10-F002,decision,partial,passed:harness,branch-only,phase7,P7-C,"apps/api/migrations/0041_decision_packages.sql (options/alternatives, consequences cite SIM runs, required approvers, outcome criteria);apps/api/migrations/0042_decision_approvals_and_commitment.sql (named authority);apps/api/migrations/0045_decision_monitoring_and_outcomes.sql (outcome);apps/api/migrations/0029_prediction_forecasts_scenarios_warnings_outcomes.sql (horizon_code);test/int/phase6-decisions.test.ts","The generic decision record (alternatives / evidence / authority / outcome) exists; no archetype template binding this decision, its primary authority role and horizon as a governed package (grep archetype = 0) and no explicit baseline field — P7-C domain packages, P6 baseline field",lighthouse selection is business assumption to validate; never an achieved outcome; main ends at migration 0027 (Phase 3); Phases 4–6 and scheduled collection are unmerged branches behind the C15 image finding
DA-22,V10,Appendix C Customer and Decision Archetype Matrix,143,Sanctions exposure Mission command 1 year Risk Baseline / alternatives / evidence / authority / outcome,V10-F002,decision,partial,passed:harness,branch-only,phase7,P7-C,"apps/api/migrations/0041_decision_packages.sql (options/alternatives, consequences cite SIM runs, required approvers, outcome criteria);apps/api/migrations/0042_decision_approvals_and_commitment.sql (named authority);apps/api/migrations/0045_decision_monitoring_and_outcomes.sql (outcome);apps/api/migrations/0029_prediction_forecasts_scenarios_warnings_outcomes.sql (horizon_code);test/int/phase6-decisions.test.ts","The generic decision record (alternatives / evidence / authority / outcome) exists; no archetype template binding this decision, its primary authority role and horizon as a governed package (grep archetype = 0) and no explicit baseline field — P7-C domain packages, P6 baseline field",lighthouse selection is business assumption to validate; never an achieved outcome; main ends at migration 0027 (Phase 3); Phases 4–6 and scheduled collection are unmerged branches behind the C15 image finding
DA-23,V10,Appendix C Customer and Decision Archetype Matrix,143,Public-policy response Risk committee 3–5 years Capability Baseline / alternatives / evidence / authority / outcome,V10-F002,decision,partial,passed:harness,branch-only,phase7,P7-C,"apps/api/migrations/0041_decision_packages.sql (options/alternatives, consequences cite SIM runs, required approvers, outcome criteria);apps/api/migrations/0042_decision_approvals_and_commitment.sql (named authority);apps/api/migrations/0045_decision_monitoring_and_outcomes.sql (outcome);apps/api/migrations/0029_prediction_forecasts_scenarios_warnings_outcomes.sql (horizon_code);test/int/phase6-decisions.test.ts","The generic decision record (alternatives / evidence / authority / outcome) exists; no archetype template binding this decision, its primary authority role and horizon as a governed package (grep archetype = 0) and no explicit baseline field — P7-C domain packages, P6 baseline field",lighthouse selection is business assumption to validate; never an achieved outcome; main ends at migration 0027 (Phase 3); Phases 4–6 and scheduled collection are unmerged branches behind the C15 image finding
DA-24,V10,Appendix C Customer and Decision Archetype Matrix,143,Defence readiness Board 30–90 days Resilience Baseline / alternatives / evidence / authority / outcome,V10-F002,decision,partial,passed:harness,branch-only,phase7,P7-C,"apps/api/migrations/0041_decision_packages.sql (options/alternatives, consequences cite SIM runs, required approvers, outcome criteria);apps/api/migrations/0042_decision_approvals_and_commitment.sql (named authority);apps/api/migrations/0045_decision_monitoring_and_outcomes.sql (outcome);apps/api/migrations/0029_prediction_forecasts_scenarios_warnings_outcomes.sql (horizon_code);test/int/phase6-decisions.test.ts","The generic decision record (alternatives / evidence / authority / outcome) exists; no archetype template binding this decision, its primary authority role and horizon as a governed package (grep archetype = 0) and no explicit baseline field — P7-C domain packages, P6 baseline field",lighthouse selection is business assumption to validate; never an achieved outcome; main ends at migration 0027 (Phase 3); Phases 4–6 and scheduled collection are unmerged branches behind the C15 image finding
DA-25,V10,Appendix C Customer and Decision Archetype Matrix,143,Research investment Executive committee 180 days Growth Baseline / alternatives / evidence / authority / outcome,V10-F002,decision,partial,passed:harness,branch-only,phase7,P7-C,"apps/api/migrations/0041_decision_packages.sql (options/alternatives, consequences cite SIM runs, required approvers, outcome criteria);apps/api/migrations/0042_decision_approvals_and_commitment.sql (named authority);apps/api/migrations/0045_decision_monitoring_and_outcomes.sql (outcome);apps/api/migrations/0029_prediction_forecasts_scenarios_warnings_outcomes.sql (horizon_code);test/int/phase6-decisions.test.ts","The generic decision record (alternatives / evidence / authority / outcome) exists; no archetype template binding this decision, its primary authority role and horizon as a governed package (grep archetype = 0) and no explicit baseline field — P7-C domain packages, P6 baseline field",lighthouse selection is business assumption to validate; never an achieved outcome; main ends at migration 0027 (Phase 3); Phases 4–6 and scheduled collection are unmerged branches behind the C15 image finding
DA-26,V10,Appendix C Customer and Decision Archetype Matrix,143,Patent strategy Mission command 1 year Risk Baseline / alternatives / evidence / authority / outcome,V10-F002,decision,partial,passed:harness,branch-only,phase7,P7-C,"apps/api/migrations/0041_decision_packages.sql (options/alternatives, consequences cite SIM runs, required approvers, outcome criteria);apps/api/migrations/0042_decision_approvals_and_commitment.sql (named authority);apps/api/migrations/0045_decision_monitoring_and_outcomes.sql (outcome);apps/api/migrations/0029_prediction_forecasts_scenarios_warnings_outcomes.sql (horizon_code);test/int/phase6-decisions.test.ts","The generic decision record (alternatives / evidence / authority / outcome) exists; no archetype template binding this decision, its primary authority role and horizon as a governed package (grep archetype = 0) and no explicit baseline field — P7-C domain packages, P6 baseline field",lighthouse selection is business assumption to validate; never an achieved outcome; main ends at migration 0027 (Phase 3); Phases 4–6 and scheduled collection are unmerged branches behind the C15 image finding
DA-27,V10,Appendix C Customer and Decision Archetype Matrix,143,Supplier concentration Risk committee 3–5 years Capability Baseline / alternatives / evidence / authority / outcome,V10-F002,decision,partial,passed:harness,branch-only,phase7,P7-C,"apps/api/migrations/0041_decision_packages.sql (options/alternatives, consequences cite SIM runs, required approvers, outcome criteria);apps/api/migrations/0042_decision_approvals_and_commitment.sql (named authority);apps/api/migrations/0045_decision_monitoring_and_outcomes.sql (outcome);apps/api/migrations/0029_prediction_forecasts_scenarios_warnings_outcomes.sql (horizon_code);test/int/phase6-decisions.test.ts","The generic decision record (alternatives / evidence / authority / outcome) exists; no archetype template binding this decision, its primary authority role and horizon as a governed package (grep archetype = 0) and no explicit baseline field — P7-C domain packages, P6 baseline field",lighthouse selection is business assumption to validate; never an achieved outcome; main ends at migration 0027 (Phase 3); Phases 4–6 and scheduled collection are unmerged branches behind the C15 image finding
DA-28,V10,Appendix C Customer and Decision Archetype Matrix,143,Customer concentration Board 30–90 days Resilience Baseline / alternatives / evidence / authority / outcome,V10-F002,decision,partial,passed:harness,branch-only,phase7,P7-C,"apps/api/migrations/0041_decision_packages.sql (options/alternatives, consequences cite SIM runs, required approvers, outcome criteria);apps/api/migrations/0042_decision_approvals_and_commitment.sql (named authority);apps/api/migrations/0045_decision_monitoring_and_outcomes.sql (outcome);apps/api/migrations/0029_prediction_forecasts_scenarios_warnings_outcomes.sql (horizon_code);test/int/phase6-decisions.test.ts","The generic decision record (alternatives / evidence / authority / outcome) exists; no archetype template binding this decision, its primary authority role and horizon as a governed package (grep archetype = 0) and no explicit baseline field — P7-C domain packages, P6 baseline field",lighthouse selection is business assumption to validate; never an achieved outcome; main ends at migration 0027 (Phase 3); Phases 4–6 and scheduled collection are unmerged branches behind the C15 image finding
DA-29,V10,Appendix C Customer and Decision Archetype Matrix,143,Strategic partnership Executive committee 180 days Growth Baseline / alternatives / evidence / authority / outcome,V10-F002,decision,partial,passed:harness,branch-only,phase7,P7-C,"apps/api/migrations/0041_decision_packages.sql (options/alternatives, consequences cite SIM runs, required approvers, outcome criteria);apps/api/migrations/0042_decision_approvals_and_commitment.sql (named authority);apps/api/migrations/0045_decision_monitoring_and_outcomes.sql (outcome);apps/api/migrations/0029_prediction_forecasts_scenarios_warnings_outcomes.sql (horizon_code);test/int/phase6-decisions.test.ts","The generic decision record (alternatives / evidence / authority / outcome) exists; no archetype template binding this decision, its primary authority role and horizon as a governed package (grep archetype = 0) and no explicit baseline field — P7-C domain packages, P6 baseline field",lighthouse selection is business assumption to validate; never an achieved outcome; main ends at migration 0027 (Phase 3); Phases 4–6 and scheduled collection are unmerged branches behind the C15 image finding
DA-30,V10,Appendix C Customer and Decision Archetype Matrix,143,Crisis response Mission command 1 year Risk Baseline / alternatives / evidence / authority / outcome,V10-F002,decision,partial,passed:harness,branch-only,phase7,P7-C,"apps/api/migrations/0041_decision_packages.sql (options/alternatives, consequences cite SIM runs, required approvers, outcome criteria);apps/api/migrations/0042_decision_approvals_and_commitment.sql (named authority);apps/api/migrations/0045_decision_monitoring_and_outcomes.sql (outcome);apps/api/migrations/0029_prediction_forecasts_scenarios_warnings_outcomes.sql (horizon_code);test/int/phase6-decisions.test.ts","The generic decision record (alternatives / evidence / authority / outcome) exists; no archetype template binding this decision, its primary authority role and horizon as a governed package (grep archetype = 0) and no explicit baseline field — P7-C domain packages, P6 baseline field",lighthouse selection is business assumption to validate; never an achieved outcome; main ends at migration 0027 (Phase 3); Phases 4–6 and scheduled collection are unmerged branches behind the C15 image finding
ENT-01,V10,"Appendix E Pricing, Packaging, and Entitlement Catalog",145,Source connectors Foundation Named scope / policy / usage / evidence,V10-F008,observation,partial,passed:harness,merged,phase7,P7-F,"apps/api/src/observation/connectors (rss, rest, upload, sdk);apps/api/migrations/0038_scheduled_collection.sql;test/int/phase1-acceptance.test.ts;test/int/phase6-scheduled-collection.test.ts",Entitlement object and enforcement absent (P7-F); connector families beyond RSS/REST/upload/scheduled absent (P1),entitlement catalogue entry; entitlements are not scheduled in the master build prompt (assigned P7-F)
ENT-02,V10,"Appendix E Pricing, Packaging, and Entitlement Catalog",145,Observation workflows Foundation Named scope / policy / usage / evidence,V10-F008,observation,partial,passed:harness+browser,merged,phase7,P7-F,"apps/api/src/observation (sources, quarantine, corrections, coverage, acquisition);e2e/phase1-observation.spec.ts",Entitlement object and enforcement absent (P7-F),entitlement catalogue entry; entitlements are not scheduled in the master build prompt (assigned P7-F)
ENT-03,V10,"Appendix E Pricing, Packaging, and Entitlement Catalog",145,Entity resolution Foundation Named scope / policy / usage / evidence,V10-F008,memory-graph,partial,passed:harness,merged,phase7,P7-F,apps/api/src/graph/entities/resolution.service.ts;test/int/phase3-acceptance.test.ts: C2 an uncertain resolution cannot merge silently,"Entitlement object and enforcement absent (P7-F); identifier-only auto-resolution, no multilingual/master identity (P3)",entitlement catalogue entry; entitlements are not scheduled in the master build prompt (assigned P7-F)
ENT-04,V10,"Appendix E Pricing, Packaging, and Entitlement Catalog",145,Knowledge Graph Foundation Named scope / policy / usage / evidence,V10-F008,memory-graph,partial,passed:harness,merged,phase7,P7-F,"apps/api/migrations/0024_graph_entities_edges_and_strategy.sql;apps/api/migrations/0026_edge_supersession_and_case_coverage.sql;apps/api/src/graph/entities/resolution.service.ts;apps/api/src/graph/search/search.service.ts (permission-aware search under RLS);test/int/phase3-acceptance.test.ts: resolves differently spelled mentions of the same identifier to ONE entity; C3 a wrong merge is reversible, and history survives it; a known-at query BEFORE the split still reproduces the merged view;test/int/domain-isolation.test.ts",Entitlement object and enforcement absent (P7-F); ontology governance and export absent (P3),entitlement catalogue entry; entitlements are not scheduled in the master build prompt (assigned P7-F)
ENT-05,V10,"Appendix E Pricing, Packaging, and Entitlement Catalog",145,Enterprise Memory Foundation Named scope / policy / usage / evidence,V10-F008,memory-graph,partial,passed:harness,merged,phase7,P7-F,apps/api/src/graph/search/search.service.ts;apps/api/src/graph/strategy/strategy.service.ts;apps/api/migrations/0024_graph_entities_edges_and_strategy.sql,Entitlement object and enforcement absent (P7-F); semantic retrieval and lawful forgetting absent (P3),entitlement catalogue entry; entitlements are not scheduled in the master build prompt (assigned P7-F)
ENT-06,V10,"Appendix E Pricing, Packaging, and Entitlement Catalog",145,Digital twin Strategic Cell Named scope / policy / usage / evidence,V10-F008,twin-simulation,partial,passed:harness+browser,branch-only,phase7,P7-F,apps/api/migrations/0032_twin_registry.sql;test/int/phase5-twins.test.ts;e2e/phase4-prediction.demo.spec.ts: TWINS,Entitlement object and enforcement absent (P7-F); one twin family (P5),entitlement catalogue entry; entitlements are not scheduled in the master build prompt (assigned P7-F); main ends at migration 0027 (Phase 3); Phases 4–6 and scheduled collection are unmerged branches behind the C15 image finding
ENT-07,V10,"Appendix E Pricing, Packaging, and Entitlement Catalog",145,Prediction horizons Strategic Cell Named scope / policy / usage / evidence,V10-F008,prediction,partial,passed:harness+browser,branch-only,phase7,P7-F,apps/api/migrations/0029_prediction_forecasts_scenarios_warnings_outcomes.sql (six horizon codes);test/int/phase4-acceptance.test.ts: D1,Entitlement object and enforcement absent (P7-F); 3y/5y horizons unmeasured (P4),entitlement catalogue entry; entitlements are not scheduled in the master build prompt (assigned P7-F); main ends at migration 0027 (Phase 3); Phases 4–6 and scheduled collection are unmerged branches behind the C15 image finding
ENT-08,V10,"Appendix E Pricing, Packaging, and Entitlement Catalog",145,Scenario workspace Strategic Cell Named scope / policy / usage / evidence,V10-F008,prediction,partial,passed:harness+browser,branch-only,phase7,P7-F,apps/api/src/prediction/scenarios;apps/web/app/prediction/scenarios;e2e/phase4-prediction.demo.spec.ts: the scenario tree shows the flipped branch with its decision deadline,Entitlement object and enforcement absent (P7-F); disruption/custom branches absent (P4),entitlement catalogue entry; entitlements are not scheduled in the master build prompt (assigned P7-F); main ends at migration 0027 (Phase 3); Phases 4–6 and scheduled collection are unmerged branches behind the C15 image finding
ENT-09,V10,"Appendix E Pricing, Packaging, and Entitlement Catalog",145,Simulation runtime Strategic Cell Named scope / policy / usage / evidence,V10-F008,twin-simulation,partial,passed:harness+browser,branch-only,phase7,P7-F,apps/api/migrations/0033_simulation_runs.sql;apps/api/src/twin/simulations;test/int/phase5-simulations.test.ts,Entitlement object and enforcement absent (P7-F); scalable experiment execution absent (P5),entitlement catalogue entry; entitlements are not scheduled in the master build prompt (assigned P7-F); main ends at migration 0027 (Phase 3); Phases 4–6 and scheduled collection are unmerged branches behind the C15 image finding
ENT-10,V10,"Appendix E Pricing, Packaging, and Entitlement Catalog",145,Decision workspace Strategic Cell Named scope / policy / usage / evidence,V10-F008,decision,partial,passed:harness+browser,branch-only,phase7,P7-F,apps/api/src/decision;apps/web/app/decisions;test/int/phase6-decisions.test.ts,Entitlement object and enforcement absent (P7-F); conditional approvals not evaluated (P6),entitlement catalogue entry; entitlements are not scheduled in the master build prompt (assigned P7-F); main ends at migration 0027 (Phase 3); Phases 4–6 and scheduled collection are unmerged branches behind the C15 image finding
ENT-11,V10,"Appendix E Pricing, Packaging, and Entitlement Catalog",145,Executive OS Multi-Domain Named scope / policy / usage / evidence,V10-F008,executive-os,partial,passed:harness+browser,branch-only,phase7,P7-F,apps/api/migrations/0044_executive_rooms_and_briefings.sql;apps/web/app/decisions/briefings;test/int/phase6-briefings.test.ts,"Entitlement object and enforcement absent (P7-F); executive home, priorities and Strategic Health Score absent (P6)",entitlement catalogue entry; entitlements are not scheduled in the master build prompt (assigned P7-F); main ends at migration 0027 (Phase 3); Phases 4–6 and scheduled collection are unmerged branches behind the C15 image finding
ENT-12,V10,"Appendix E Pricing, Packaging, and Entitlement Catalog",145,Decision Replay Multi-Domain Named scope / policy / usage / evidence,V10-F008,decision,partial,passed:harness+browser,branch-only,phase7,P7-F,apps/api/migrations/0043_decision_replay.sql;test/int/phase6-replay.test.ts;e2e/phase6-decisions.demo.spec.ts: REPLAY,Entitlement object and enforcement absent (P7-F),entitlement catalogue entry; entitlements are not scheduled in the master build prompt (assigned P7-F); main ends at migration 0027 (Phase 3); Phases 4–6 and scheduled collection are unmerged branches behind the C15 image finding
ENT-13,V10,"Appendix E Pricing, Packaging, and Entitlement Catalog",145,Agent portfolio Multi-Domain Named scope / policy / usage / evidence,V10-F008,agents,partial,passed:harness,branch-only,phase7,P7-F,"apps/api/migrations/0046_executive_agents_and_runs.sql (agents are principals with a human owner and escalation target, budgets max_reads/max_gateway_calls/max_elapsed_ms, stop conditions, runs, refusals);apps/api/src/executive/agents/agents.service.ts;test/int/phase6-agents.test.ts: a budget of three reads: the run stops before anything is admitted, records the reason and escalates to the named human","Entitlement object and enforcement absent (P7-F); three bounded agents, no specialist portfolio (P7-A)",entitlement catalogue entry; entitlements are not scheduled in the master build prompt (assigned P7-F); main ends at migration 0027 (Phase 3); Phases 4–6 and scheduled collection are unmerged branches behind the C15 image finding
ENT-14,V10,"Appendix E Pricing, Packaging, and Entitlement Catalog",145,Model portfolio Multi-Domain Named scope / policy / usage / evidence,V10-F008,intelligence,partial,passed:harness,merged,phase7,P7-F,"apps/api/src/intelligence/gateway/model-gateway.service.ts (single egress; replay and local-live Ollama/llama.cpp modes; model, weights digest, prompt version pinned per call; a replay miss fails, never a silent live call);apps/api/src/intelligence/methods/methods.service.ts (versioned methods);test/int/phase2-acceptance.test.ts: B1 claims carry method, model, version, confidence and evidence lineage; B3 low confidence and abstention reach review and cannot bypass it;apps/web/app/intelligence/gateway",Entitlement object and enforcement absent (P7-F); no portfolio of approved models or routing (P2),entitlement catalogue entry; entitlements are not scheduled in the master build prompt (assigned P7-F)
ENT-15,V10,"Appendix E Pricing, Packaging, and Entitlement Catalog",145,Domain packs Multi-Domain Named scope / policy / usage / evidence,V10-F008,marketplace,missing,unverified,none,phase7,P7-F,,No domain packs exist (P7-C) and no entitlement object (P7-F),entitlement catalogue entry; entitlements are not scheduled in the master build prompt (assigned P7-F)
ENT-16,V10,"Appendix E Pricing, Packaging, and Entitlement Catalog",145,Deployment profile Sovereign Named scope / policy / usage / evidence,V10-F008,infrastructure,missing,unverified,none,phase7,P7-F,docker-compose.yml (the single local profile),No private/on-premise/sovereign/disconnected profile to entitle (P7-D) and no entitlement object (P7-F),entitlement catalogue entry; entitlements are not scheduled in the master build prompt (assigned P7-F)
ENT-17,V10,"Appendix E Pricing, Packaging, and Entitlement Catalog",145,Trust and provenance Sovereign Named scope / policy / usage / evidence,V10-F008,identity-policy,partial,passed:harness,merged,phase7,P7-F,"apps/api/migrations/0002_identity_tenancy.sql;apps/api/migrations/0003_policy.sql;apps/api/migrations/0004_audit.sql;apps/api/migrations/0009_privilege_separation_and_bound_context.sql;apps/api/src/policy/pdp.service.ts;test/int/audit-chain.test.ts;test/int/domain-isolation.test.ts;test/int/gate22-authority-matrix.test.ts;test/int/adversarial.test.ts;test/gate/hermetic-isolation.test.ts;.github/workflows/ci.yml: supply-chain (gitleaks, trivy, C16 SBOM, C17 licence);docs/SCANNER_DISPOSITIONS.md",Entitlement object and enforcement absent (P7-F); provenance and audit exist for every tenant today,entitlement catalogue entry; entitlements are not scheduled in the master build prompt (assigned P7-F)
ENT-18,V10,"Appendix E Pricing, Packaging, and Entitlement Catalog",145,Advanced assurance Sovereign Named scope / policy / usage / evidence,V10-F008,identity-policy,missing,unverified,none,phase7,P7-F,,"No assurance artefacts (independent testing, certification support) to entitle (P7-D) and no entitlement object (P7-F)",entitlement catalogue entry; entitlements are not scheduled in the master build prompt (assigned P7-F)
ENT-19,V10,"Appendix E Pricing, Packaging, and Entitlement Catalog",145,Marketplace access Sovereign Named scope / policy / usage / evidence,V10-F008,marketplace,missing,unverified,none,phase7,P7-F,,No marketplace (P7-C) and no entitlement object (P7-F),entitlement catalogue entry; entitlements are not scheduled in the master build prompt (assigned P7-F)
ENT-20,V10,"Appendix E Pricing, Packaging, and Entitlement Catalog",145,Premium support Sovereign Named scope / policy / usage / evidence,V10-F008,commercial,missing,not-applicable,none,not-applicable,P7-F,,Support tiers are a commercial/service process; no product behaviour beyond a support workflow (P7-F),entitlement catalogue entry; entitlements are not scheduled in the master build prompt (assigned P7-F); business assumption to validate; never an achieved outcome
R-01,V10,Appendix L Enterprise Risk and Mitigation Register,153,"Category education High High Buyers classify product as chatbot, dashboard or data project Outcome-led sales; category language tests CEO / Product",V10-F014,commercial,missing,not-applicable,none,not-applicable,P7-F,,"Business/issuer validation (finance, legal, board, customers); no product behaviour to build",risk register entry whose primary response is corporate/commercial; no product behaviour
R-02,V10,Appendix L Enterprise Risk and Mitigation Register,153,Scope execution High Critical Breadth outruns core-loop quality Requirement gates; one end-to-end journey CTO / Product,V10-F014,governance-docs,partial,passed:harness+browser,branch-only,phase6,R0,apps/api/migrations/0041_decision_packages.sql;apps/api/migrations/0042_decision_approvals_and_commitment.sql;apps/api/migrations/0043_decision_replay.sql;apps/api/migrations/0045_decision_monitoring_and_outcomes.sql;test/int/phase6-decisions.test.ts;test/int/phase6-approvals.test.ts;test/int/phase6-replay.test.ts: known / believed / tested hold only what was recorded under the cut-offs;test/int/phase6-monitoring.test.ts: the chosen run's exact output becomes a SIMULATED element; the outcomes upload becomes an OBSERVED element;e2e/phase6-decisions.demo.spec.ts: DECISIONS / REPLAY / BRIEFINGS;evidence/demo-virgin-transcript.txt;FULL_PRODUCT_DELIVERY_REGISTER.md;audit/requirements (this atomic audit),The requirement gates are this audit and the register; the end-to-end journey exists on an unmerged branch (R0 integration),risk register entry; the primary response is the product-mitigated part assessed here; main ends at migration 0027 (Phase 3); Phases 4–6 and scheduled collection are unmerged branches behind the C15 image finding
R-03,V10,Appendix L Enterprise Risk and Mitigation Register,153,"Enterprise sales duration High High Pipeline ages without production budget Qualification, mutual plans, downside runway CRO / CFO",V10-F014,commercial,missing,not-applicable,none,not-applicable,P7-F,,"Business/issuer validation (finance, legal, board, customers); no product behaviour to build",risk register entry whose primary response is corporate/commercial; no product behaviour
R-04,V10,Appendix L Enterprise Risk and Mitigation Register,153,"Government procurement High High Vehicle, accreditation or budget delays Selected jurisdictions and delivery partners Public Sector Lead",V10-F014,commercial,missing,not-applicable,none,not-applicable,P7-F,,"Business/issuer validation (finance, legal, board, customers); no product behaviour to build",risk register entry whose primary response is corporate/commercial; no product behaviour
R-05,V10,Appendix L Enterprise Risk and Mitigation Register,153,Implementation customization High Critical Customer-specific code and manual operations risePackage boundary and margin review COO / Product,V10-F014,commercial,missing,not-applicable,none,not-applicable,P7-F,,"Business/issuer validation (finance, legal, board, customers); no product behaviour to build",risk register entry whose primary response is corporate/commercial; no product behaviour
R-06,V10,Appendix L Enterprise Risk and Mitigation Register,153,"Model error or hallucination Medium Critical Unsupported claims enter consequential work Evaluation, deterministic controls, human review Chief AI / Risk",V10-F014,intelligence,partial,passed:harness,merged,phase7,P7-B,"apps/api/src/intelligence/gateway/model-gateway.service.ts (single egress; replay and local-live Ollama/llama.cpp modes; model, weights digest, prompt version pinned per call; a replay miss fails, never a silent live call);apps/api/src/intelligence/methods/methods.service.ts (versioned methods);test/int/phase2-acceptance.test.ts: B1 claims carry method, model, version, confidence and evidence lineage; B3 low confidence and abstention reach review and cannot bypass it;apps/web/app/intelligence/gateway;test/int/phase2-acceptance.test.ts: B2 a reviewer decides, and a correction never overwrites",No evaluation suites or held-out measurements; deterministic replay mode and human review exist (P7-B),risk register entry; the primary response is the product-mitigated part assessed here
R-07,V10,Appendix L Enterprise Risk and Mitigation Register,153,"Agent misuse Medium Critical Tool action exceeds scope or policy Least privilege, supervisor, sandbox, receipts Security / AI",V10-F014,agents,partial,passed:harness,branch-only,phase7,P7-A,"apps/api/migrations/0046_executive_agents_and_runs.sql (agents are principals with a human owner and escalation target, budgets max_reads/max_gateway_calls/max_elapsed_ms, stop conditions, runs, refusals);apps/api/src/executive/agents/agents.service.ts;test/int/phase6-agents.test.ts: a budget of three reads: the run stops before anything is admitted, records the reason and escalates to the named human;apps/api/migrations/0019_capability_binding_enforcement.sql",No supervisor agent and no tool sandbox (C19 isolation bounds gate children only); least privilege via capability binding and run receipts exist (P7-A),risk register entry; the primary response is the product-mitigated part assessed here; main ends at migration 0027 (Phase 3); Phases 4–6 and scheduled collection are unmerged branches behind the C15 image finding
R-08,V10,Appendix L Enterprise Risk and Mitigation Register,153,"Simulation invalidity Medium Critical Users treat invalid model as reliable future Validity envelope, sensitivity, expert review Model Risk",V10-F014,twin-simulation,partial,passed:harness+browser,branch-only,phase5,P5,"apps/api/migrations/0029_prediction_forecasts_scenarios_warnings_outcomes.sql (horizon_code 30d/90d/180d/1y/3y/5y; backtests; outcome_ledger);apps/api/migrations/0032_twin_registry.sql (twins_current.validation status+limitations; behaviour_models.operating_envelope; intended_decisions);apps/api/migrations/0033_simulation_runs.sql (sensitivity required on completed runs; reproductions verdict);test/int/phase4-acceptance.test.ts: D1 a forecast names distribution, horizon, drivers, assumptions and evidence — or is refused; D4 an outcome is scored from the observation known at the target, and calibration reports it;test/int/phase5-twins.test.ts: declares the twin, asserted by a person, with its boundary, model and limitations;test/int/phase5-simulations.test.ts: the same process reproduces the digest; when the pinned implementation is no longer the one the run recorded, the verdict is UNREPRODUCIBLE;e2e/phase4-prediction.demo.spec.ts: the calibration screen labels every backtest with its knowledge mode; TWINS: the NORDWERK twin shows its synthetic world, two cut-offs, element kinds and health",No expert-review workflow; sensitivity is a recorded field; validity envelope exists on behaviour models (P5),risk register entry; the primary response is the product-mitigated part assessed here; main ends at migration 0027 (Phase 3); Phases 4–6 and scheduled collection are unmerged branches behind the C15 image finding
R-09,V10,Appendix L Enterprise Risk and Mitigation Register,153,"Source rights Medium Critical Collection or reuse lacks defensible rights Rights registry, source contract, deletion evidence Legal / Data",V10-F014,observation,partial,passed:harness,merged,phase7,P1,"apps/api/src/observation/sources/source-contract.ts (authority_and_rights.rights_state, purposes, classification_ceiling, freshness_expectation, correction_channel);apps/api/migrations/0022_observation_registry_and_evidence.sql (custody, tombstones);test/int/phase1-acceptance.test.ts: A1 the registered contract carries the complete §7 field set; A2 chain of custody and byte-identical retrieval; a retrieval writes its custody entry;test/int/domain-isolation.test.ts;test/int/phase6-scheduled-collection.test.ts","No rights registry separate from the contract and no deletion evidence on rights withdrawal (P1, P3)",risk register entry; the primary response is the product-mitigated part assessed here
R-10,V10,Appendix L Enterprise Risk and Mitigation Register,153,"Data quality and identity High High Wrong entity or stale evidence changes analysis Quality SLOs, correction and human challenge Chief Data",V10-F014,observation,partial,passed:harness,merged,phase7,P1,apps/api/src/observation/corrections/corrections.service.ts;apps/api/src/graph/entities/resolution.service.ts;test/int/phase3-corrections.test.ts;test/int/phase3-acceptance.test.ts: C2 an uncertain resolution cannot merge silently,No quality SLO objects or attainment measure (P1 source quality),risk register entry; the primary response is the product-mitigated part assessed here
R-11,V10,Appendix L Enterprise Risk and Mitigation Register,153,"Security breach Medium Critical Strategic data or control compromised Zero trust, isolation, secure SDLC, response CISO",V10-F014,identity-policy,partial,passed:harness+ci,merged,phase7,P7-D,"apps/api/migrations/0002_identity_tenancy.sql;apps/api/migrations/0003_policy.sql;apps/api/migrations/0004_audit.sql;apps/api/migrations/0009_privilege_separation_and_bound_context.sql;apps/api/src/policy/pdp.service.ts;test/int/audit-chain.test.ts;test/int/domain-isolation.test.ts;test/int/gate22-authority-matrix.test.ts;test/int/adversarial.test.ts;test/gate/hermetic-isolation.test.ts;.github/workflows/ci.yml: supply-chain (gitleaks, trivy, C16 SBOM, C17 licence);docs/SCANNER_DISPOSITIONS.md","No incident-response runbook, threat model, penetration test or workload/device zero trust (P7-D)",risk register entry; the primary response is the product-mitigated part assessed here
R-12,V10,Appendix L Enterprise Risk and Mitigation Register,153,"Privacy violation Medium Critical Purpose, rights, retention or transfer failure Privacy engineering, DPIA, deletion evidence Privacy / Legal",V10-F014,identity-policy,partial,passed:harness,merged,phase7,P7-D,"apps/api/src/observation/connectors/redaction.ts;apps/api/src/observation/sources/source-contract.ts (purposes, classification_ceiling)","No DPIA, retention schedule, deletion evidence or transfer controls (P7-D privacy, P3 lawful forgetting)",risk register entry; the primary response is the product-mitigated part assessed here
R-13,V10,Appendix L Enterprise Risk and Mitigation Register,153,"Deployment fragmentation High Critical On-premise diverges from SaaS Parity suite, signed bundles, common semantics CTO / Infrastructure",V10-F014,infrastructure,partial,passed:ci+browser,merged,phase7,P7-D,"docker-compose.yml (digest-pinned postgres:18-alpine and redis:8-alpine);infra/images/candidates;.github/workflows/ci.yml: build-test, browser-regression, supply-chain;.github/workflows/c17-finalize.yml;test/gate/supply-chain-artifacts.test.ts;test/gate/c18-post-upgrade-world.ts (post-upgrade database boundary);e2e/phase0.spec.ts;e2e/phase1-observation.spec.ts;e2e/phase4-prediction.demo.spec.ts;e2e/phase6-decisions.demo.spec.ts",No parity suite and no signed release bundles; common semantics hold because one codebase and one profile exist (P7-D),risk register entry; the primary response is the product-mitigated part assessed here
R-14,V10,Appendix L Enterprise Risk and Mitigation Register,153,"Source and model cost Medium High Usage creates negative contribution margin FinOps, routing, capacity, transparent pricing CFO / Platform",V10-F014,infrastructure,missing,unverified,none,phase7,P7-D,apps/api/migrations/0046_executive_agents_and_runs.sql (agent budgets only),"No FinOps telemetry, model routing by cost, capacity management or usage metering (P7-D FinOps, P7-F metering)",risk register entry; the primary response is the product-mitigated part assessed here
R-15,V10,Appendix L Enterprise Risk and Mitigation Register,153,"Reliability and stale state Medium Critical System appears healthy while evidence is stale Journey SLOs, visible degradation, safe denial SRE",V10-F014,infrastructure,partial,passed:harness+browser,merged,phase7,P7-D,"apps/api/src/health (healthz/readyz; degraded-reconciliation.service.ts);apps/api/src/audit/reconcile-degraded.ts;test/int/gate22-degraded-recovery.test.ts;e2e/phase4-prediction.demo.spec.ts: the API is HEALTHY behind the banner-free shell: /readyz is inspected, not assumed;e2e/phase1-observation.spec.ts: 6. the health timeline replays deterministically from stored events;apps/api/src/shared/degraded-store.ts;apps/api/src/observation/sources/source-contract.ts (freshness_expectation)",No journey SLO objects; visible degradation and safe denial exist (P7-D),risk register entry; the primary response is the product-mitigated part assessed here
R-16,V10,Appendix L Enterprise Risk and Mitigation Register,153,"Vendor concentration Medium High Cloud, model or data vendor changes terms Pluralism, portability, fallback, contracts CTO / Procurement",V10-F014,intelligence,partial,passed:harness,merged,phase7,P2,"apps/api/src/intelligence/gateway/model-gateway.service.ts (single egress; replay and local-live Ollama/llama.cpp modes; model, weights digest, prompt version pinned per call; a replay miss fails, never a silent live call);apps/api/src/intelligence/methods/methods.service.ts (versioned methods);test/int/phase2-acceptance.test.ts: B1 claims carry method, model, version, confidence and evidence lineage; B3 low confidence and abstention reach review and cannot bypass it;apps/web/app/intelligence/gateway;docker-compose.yml (digest-pinned images)","No provider pluralism (local-only modes), no fallback chain, no portability export (P2, P7-F)",risk register entry; the primary response is the product-mitigated part assessed here
R-17,V10,Appendix L Enterprise Risk and Mitigation Register,153,"Talent and key-person High High Critical knowledge concentrated in founders Architecture records, succession, senior hiring CEO / Board",V10-F014,commercial,missing,not-applicable,none,not-applicable,P7-F,,"Business/issuer validation (finance, legal, board, customers); no product behaviour to build",risk register entry whose primary response is corporate/commercial; no product behaviour
R-18,V10,Appendix L Enterprise Risk and Mitigation Register,153,"Capital availability Medium Critical Runway ends before production proof Evidence gates, downside plan, hiring brakes CEO / CFO / Board",V10-F014,commercial,missing,not-applicable,none,not-applicable,P7-F,,"Business/issuer validation (finance, legal, board, customers); no product behaviour to build",risk register entry whose primary response is corporate/commercial; no product behaviour
R-19,V10,Appendix L Enterprise Risk and Mitigation Register,153,"Customer concentration High High One account shapes roadmap or revenue Portfolio limits, common archetypes CRO / Board",V10-F014,commercial,missing,not-applicable,none,not-applicable,P7-F,,"Business/issuer validation (finance, legal, board, customers); no product behaviour to build",risk register entry whose primary response is corporate/commercial; no product behaviour
R-20,V10,Appendix L Enterprise Risk and Mitigation Register,153,"Partner dependence Medium High Partner owns customer, delivery or category narrative Direct sponsor access, certification, audit Partnerships",V10-F014,commercial,missing,not-applicable,none,not-applicable,P7-F,,"Business/issuer validation (finance, legal, board, customers); no product behaviour to build",risk register entry whose primary response is corporate/commercial; no product behaviour
R-21,V10,Appendix L Enterprise Risk and Mitigation Register,154,"Regulatory change High High Control and market requirements shift Regulatory graph, counsel, modular controls Legal / Risk",V10-F014,memory-graph,missing,unverified,none,phase7,P3,,No regulatory graph or obligation model in the Knowledge Graph (grep = none found); counsel review is corporate (P3 ontology),risk register entry; the primary response is the product-mitigated part assessed here
R-22,V10,Appendix L Enterprise Risk and Mitigation Register,154,Compliance overclaim Medium Critical Marketing implies certification or legal sufficiency Claim register and control-owner approval Legal / Communications,V10-F014,commercial,missing,not-applicable,none,not-applicable,P7-F,,"Business/issuer validation (finance, legal, board, customers); no product behaviour to build",risk register entry whose primary response is corporate/commercial; no product behaviour
R-23,V10,Appendix L Enterprise Risk and Mitigation Register,154,"Competitive convergence High High Adjacent platforms close functional gaps System proof, graph-memory depth, ecosystem Product / Strategy",V10-F014,commercial,missing,not-applicable,none,not-applicable,P7-F,,"Business/issuer validation (finance, legal, board, customers); no product behaviour to build",risk register entry whose primary response is corporate/commercial; no product behaviour
R-24,V10,Appendix L Enterprise Risk and Mitigation Register,154,"Outcome attribution High High Customer value cannot be causally supported Baselines, decision records, agreed measurement Customer Success / Finance",V10-F014,decision,partial,passed:harness,branch-only,phase6,P6,apps/api/migrations/0041_decision_packages.sql (outcome criteria);apps/api/migrations/0045_decision_monitoring_and_outcomes.sql;test/int/phase6-monitoring.test.ts,No baseline field on the package and no agreed-measurement method object (P6),risk register entry; the primary response is the product-mitigated part assessed here; main ends at migration 0027 (Phase 3); Phases 4–6 and scheduled collection are unmerged branches behind the C15 image finding
R-25,V10,Appendix L Enterprise Risk and Mitigation Register,154,"Ethical or human-rights harm Medium Critical Use conflicts with rights or institutional policy Use restrictions, impact review, refusal Responsible AI / Board",V10-F014,identity-policy,partial,passed:harness,branch-only,phase7,P7-D,apps/api/src/policy/pdp.service.ts;apps/api/src/observation/sources/source-contract.ts (purposes);apps/api/migrations/0046_executive_agents_and_runs.sql (refusals),No use-restriction policy objects or impact-review workflow; refusal exists as fail-closed policy decisions (P7-D; cross-volume V0 C-050),risk register entry; the primary response is the product-mitigated part assessed here; main ends at migration 0027 (Phase 3); Phases 4–6 and scheduled collection are unmerged branches behind the C15 image finding
R-26,V10,Appendix L Enterprise Risk and Mitigation Register,154,"Reputational overclaim Medium Critical Aspirations presented as traction or proof IR controls, source evidence, correction CEO / Board",V10-F014,commercial,missing,not-applicable,none,not-applicable,P7-F,,"Business/issuer validation (finance, legal, board, customers); no product behaviour to build",risk register entry whose primary response is corporate/commercial; no product behaviour
R-27,V10,Appendix L Enterprise Risk and Mitigation Register,154,"IP chain of title Medium Critical Code, data, model or package rights unclear Assignments, provenance, OSS controls Legal / CTO",V10-F014,governance-docs,partial,passed:ci,merged,phase0,P7-F,test/gate/c17-licence-governance.test.ts;scripts/gate/licence-obligations.mjs;scripts/gate/legal-dispositions.json;vendor/sharp-libvips/1.3.3/legal;scripts/gate/source-offers.json,Code/data/model assignments and trademark records are corporate evidence (DR-06); the OSS licence controls are complete at the C17 gate,risk register entry; the primary response is the product-mitigated part assessed here
R-28,V10,Appendix L Enterprise Risk and Mitigation Register,154,International and export controls Medium High Deployment or partner violates restrictions Jurisdiction review and screening Legal / Security,V10-F014,commercial,missing,not-applicable,none,not-applicable,P7-F,,"Business/issuer validation (finance, legal, board, customers); no product behaviour to build",risk register entry whose primary response is corporate/commercial; no product behaviour
R-29,V10,Appendix L Enterprise Risk and Mitigation Register,154,"Marketplace quality Medium High Third-party asset causes harm or fragmentation Admission, evaluation, signing, revocation Marketplace Authority",V10-F014,marketplace,missing,unverified,none,phase7,P7-C,,"No marketplace admission, evaluation, signing or revocation (P7-C)",risk register entry; the primary response is the product-mitigated part assessed here
R-30,V10,Appendix L Enterprise Risk and Mitigation Register,154,Governance capture Medium Critical Commercial pressure overrides trust or human authority Independent control authorities and thresholds Board / Risk,V10-F014,commercial,missing,not-applicable,none,not-applicable,P7-F,,"Business/issuer validation (finance, legal, board, customers); no product behaviour to build",risk register entry whose primary response is corporate/commercial; no product behaviour
S-01,V10,Appendix M External Source Register,155,Eurostat Digital economy and society statistics—enterprises Market context only https://ec.europa.eu/eurostat/statistics-explained/index.php? title=Digital_economy_and_society_statistics_-_enterprises,V10-F015,governance-docs,missing,not-applicable,none,not-applicable,P7-F,,"Re-check the source (dated, accessible, scoped) before any external release — REL-07, REL-13; no product work",external source register entry accessed 2 August 2026; not a product requirement
S-02,V10,Appendix M External Source Register,155,Stanford HAI AI Index Report 2025 AI investment and adoption context https://hai.stanford.edu/ai-index/2025-ai-index-report,V10-F015,governance-docs,missing,not-applicable,none,not-applicable,P7-F,,"Re-check the source (dated, accessible, scoped) before any external release — REL-07, REL-13; no product work",external source register entry accessed 2 August 2026; not a product requirement
S-03,V10,Appendix M External Source Register,155,European Commission AI Act Regulatory timeline and official overview https://digital-strategy.ec.europa.eu/en/policies/regulatory- framework-ai,V10-F015,governance-docs,missing,not-applicable,none,not-applicable,P7-F,,"Re-check the source (dated, accessible, scoped) before any external release — REL-07, REL-13; no product work",external source register entry accessed 2 August 2026; not a product requirement
S-04,V10,Appendix M External Source Register,155,EUR-Lex Directive (EU) 2022/2555—NIS2 Cybersecurity obligations source https://eur-lex.europa.eu/eli/dir/2022/2555/oj,V10-F015,governance-docs,missing,not-applicable,none,not-applicable,P7-F,,"Re-check the source (dated, accessible, scoped) before any external release — REL-07, REL-13; no product work",external source register entry accessed 2 August 2026; not a product requirement
S-05,V10,Appendix M External Source Register,155,EUR-Lex Regulation (EU) 2022/2554—DORA Financial operational resilience source https://eur-lex.europa.eu/eli/reg/2022/2554/oj,V10-F015,governance-docs,missing,not-applicable,none,not-applicable,P7-F,,"Re-check the source (dated, accessible, scoped) before any external release — REL-07, REL-13; no product work",external source register entry accessed 2 August 2026; not a product requirement
S-06,V10,Appendix M External Source Register,155,NIST AI Risk Management Framework Voluntary AI risk framework https://www.nist.gov/itl/ai-risk-management-framework,V10-F015,governance-docs,missing,not-applicable,none,not-applicable,P7-F,,"Re-check the source (dated, accessible, scoped) before any external release — REL-07, REL-13; no product work",external source register entry accessed 2 August 2026; not a product requirement
S-07,V10,Appendix M External Source Register,155,NIST Generative AI Profile Generative AI risk profile https://www.nist.gov/publications/artificial-intelligence-risk- management-framework-generative-artificial-intelligence,V10-F015,governance-docs,missing,not-applicable,none,not-applicable,P7-F,,"Re-check the source (dated, accessible, scoped) before any external release — REL-07, REL-13; no product work",external source register entry accessed 2 August 2026; not a product requirement
S-08,V10,Appendix M External Source Register,155,NIST Critical Infrastructure Cybersecurity Framework Cyber risk and resilience framework https://www.nist.gov/cyberframework,V10-F015,governance-docs,missing,not-applicable,none,not-applicable,P7-F,,"Re-check the source (dated, accessible, scoped) before any external release — REL-07, REL-13; no product work",external source register entry accessed 2 August 2026; not a product requirement
S-09,V10,Appendix M External Source Register,155,ISO ISO/IEC 42001:2023 AI management-system standard description https://www.iso.org/standard/81230.html,V10-F015,governance-docs,missing,not-applicable,none,not-applicable,P7-F,,"Re-check the source (dated, accessible, scoped) before any external release — REL-07, REL-13; no product work",external source register entry accessed 2 August 2026; not a product requirement
S-10,V10,Appendix M External Source Register,155,SEC Palantir Technologies filings Primary public-company disclosures https://www.sec.gov/edgar/browse/? CIK=1321655&owner=exclude,V10-F015,governance-docs,missing,not-applicable,none,not-applicable,P7-F,,"Re-check the source (dated, accessible, scoped) before any external release — REL-07, REL-13; no product work",external source register entry accessed 2 August 2026; not a product requirement
S-11,V10,Appendix M External Source Register,155,Palantir Palantir platforms Vendor positioning only https://www.palantir.com/platforms/,V10-F015,governance-docs,missing,not-applicable,none,not-applicable,P7-F,,"Re-check the source (dated, accessible, scoped) before any external release — REL-07, REL-13; no product work",external source register entry accessed 2 August 2026; not a product requirement
S-12,V10,Appendix M External Source Register,155,Microsoft Microsoft Fabric Vendor positioning only https://www.microsoft.com/en-us/microsoft-fabric,V10-F015,governance-docs,missing,not-applicable,none,not-applicable,P7-F,,"Re-check the source (dated, accessible, scoped) before any external release — REL-07, REL-13; no product work",external source register entry accessed 2 August 2026; not a product requirement
S-13,V10,Appendix M External Source Register,155,Microsoft Copilot Studio Vendor positioning only https://www.microsoft.com/en-us/microsoft-copilot/microsoft- copilot-studio,V10-F015,governance-docs,missing,not-applicable,none,not-applicable,P7-F,,"Re-check the source (dated, accessible, scoped) before any external release — REL-07, REL-13; no product work",external source register entry accessed 2 August 2026; not a product requirement
S-14,V10,Appendix M External Source Register,155,Databricks Data Intelligence Platform Vendor positioning only https://www.databricks.com/product/data-intelligence-platform,V10-F015,governance-docs,missing,not-applicable,none,not-applicable,P7-F,,"Re-check the source (dated, accessible, scoped) before any external release — REL-07, REL-13; no product work",external source register entry accessed 2 August 2026; not a product requirement
S-15,V10,Appendix M External Source Register,155,Databricks Mosaic AI Vendor positioning only https://www.databricks.com/product/machine-learning,V10-F015,governance-docs,missing,not-applicable,none,not-applicable,P7-F,,"Re-check the source (dated, accessible, scoped) before any external release — REL-07, REL-13; no product work",external source register entry accessed 2 August 2026; not a product requirement
S-16,V10,Appendix M External Source Register,155,Quantexa Decision Intelligence Vendor positioning only https://www.quantexa.com/platform/decision-intelligence-platform/,V10-F015,governance-docs,missing,not-applicable,none,not-applicable,P7-F,,"Re-check the source (dated, accessible, scoped) before any external release — REL-07, REL-13; no product work",external source register entry accessed 2 August 2026; not a product requirement
S-17,V10,Appendix M External Source Register,155,Glean Work AI platform Vendor positioning only https://www.glean.com/product/overview,V10-F015,governance-docs,missing,not-applicable,none,not-applicable,P7-F,,"Re-check the source (dated, accessible, scoped) before any external release — REL-07, REL-13; no product work",external source register entry accessed 2 August 2026; not a product requirement
S-18,V10,Appendix M External Source Register,155,Mastercard Acquisition of Recorded Future Adjacent-category capital context https://www.mastercard.com/news/press/2024/september/ mastercard-to-acquire-recorded-future/,V10-F015,governance-docs,missing,not-applicable,none,not-applicable,P7-F,,"Re-check the source (dated, accessible, scoped) before any external release — REL-07, REL-13; no product work",external source register entry accessed 2 August 2026; not a product requirement
S-19,V10,Appendix M External Source Register,155,Recorded Future Intelligence Cloud Vendor positioning only https://www.recordedfuture.com/platform,V10-F015,governance-docs,missing,not-applicable,none,not-applicable,P7-F,,"Re-check the source (dated, accessible, scoped) before any external release — REL-07, REL-13; no product work",external source register entry accessed 2 August 2026; not a product requirement
S-20,V10,Appendix M External Source Register,155,Dataminr Real-time AI platform Vendor positioning only https://www.dataminr.com/,V10-F015,governance-docs,missing,not-applicable,none,not-applicable,P7-F,,"Re-check the source (dated, accessible, scoped) before any external release — REL-07, REL-13; no product work",external source register entry accessed 2 August 2026; not a product requirement
S-21,V10,Appendix M External Source Register,155,NVIDIA NVIDIA AI Enterprise Vendor positioning only https://www.nvidia.com/en-us/data-center/products/ai-enterprise/,V10-F015,governance-docs,missing,not-applicable,none,not-applicable,P7-F,,"Re-check the source (dated, accessible, scoped) before any external release — REL-07, REL-13; no product work",external source register entry accessed 2 August 2026; not a product requirement
S-22,V10,Appendix M External Source Register,155,NVIDIA Digital twins and Omniverse Vendor positioning only https://www.nvidia.com/en-us/omniverse/,V10-F015,governance-docs,missing,not-applicable,none,not-applicable,P7-F,,"Re-check the source (dated, accessible, scoped) before any external release — REL-07, REL-13; no product work",external source register entry accessed 2 August 2026; not a product requirement
DR-01,V10,Appendix P Data Room and Release Checklist,162,"Corporate records Formation, registered office, directors, approvals, subsidiaries, good standing Legal",V10-F015,commercial,missing,not-applicable,none,not-applicable,P7-F,,"Business/issuer validation (finance, legal, board, customers); no product behaviour to build",data-room domain of corporate evidence supplied by the owner named in the clause; no product behaviour
DR-02,V10,Appendix P Data Room and Release Checklist,162,"Capitalization Cap table, securities, options, SAFEs, notes, rights and dilution CFO / Legal",V10-F015,commercial,missing,not-applicable,none,not-applicable,P7-F,,"Business/issuer validation (finance, legal, board, customers); no product behaviour to build",data-room domain of corporate evidence supplied by the owner named in the clause; no product behaviour
DR-03,V10,Appendix P Data Room and Release Checklist,162,"Finance Historical statements, bank records, tax, liabilities, model and cash reconciliation CFO",V10-F015,commercial,missing,not-applicable,none,not-applicable,P7-F,,"Business/issuer validation (finance, legal, board, customers); no product behaviour to build",data-room domain of corporate evidence supplied by the owner named in the clause; no product behaviour
DR-04,V10,Appendix P Data Room and Release Checklist,162,"Financing Instrument, amount, valuation, rights, use of funds and approvals CEO / CFO / Legal",V10-F015,commercial,missing,not-applicable,none,not-applicable,P7-F,,"Business/issuer validation (finance, legal, board, customers); no product behaviour to build",data-room domain of corporate evidence supplied by the owner named in the clause; no product behaviour
DR-05,V10,Appendix P Data Room and Release Checklist,162,"Team Biographies, employment, compensation, background and references CEO / People",V10-F015,commercial,missing,not-applicable,none,not-applicable,P7-F,,"Business/issuer validation (finance, legal, board, customers); no product behaviour to build",data-room domain of corporate evidence supplied by the owner named in the clause; no product behaviour
DR-06,V10,Appendix P Data Room and Release Checklist,162,"IP and software Assignments, repositories, licenses, OSS, models, data and trademarks CTO / Legal",V10-F015,commercial,missing,not-applicable,none,not-applicable,P7-F,,"Business/issuer validation (finance, legal, board, customers); no product behaviour to build",data-room domain of corporate evidence supplied by the owner named in the clause; no product behaviour
DR-07,V10,Appendix P Data Room and Release Checklist,162,"Architecture Volumes 0-9, decisions, interfaces, golden journeys and conformance CTO",V10-F015,governance-docs,partial,passed:browser,merged,phase7,P7-F,docs/ (Volumes 0–10 as PDFs/DOCX);DECISIONS.md;conformance.manifest.json;packages/contracts;e2e/phase0.spec.ts;e2e/phase1-observation.spec.ts;e2e/phase4-prediction.demo.spec.ts;e2e/phase6-decisions.demo.spec.ts,"Interface-level conformance of Volumes 3/4 to code is this atomic audit (files per volume), not yet complete; golden journeys exist per phase",data-room domain requiring product evidence
DR-08,V10,Appendix P Data Room and Release Checklist,162,"Product evidence Production journeys, release records, evaluations, performance and acceptance Product / Engineering",V10-F015,governance-docs,partial,passed:ci,branch-only,phase7,P7-F,"PHASE0_REPORT.md…PHASE6_REPORT.md;SCHEDULED_COLLECTION.md;evidence/;.github/workflows/ci.yml: build-test, browser-regression, supply-chain;FULL_PRODUCT_DELIVERY_REGISTER.md","No production journey, no release record (no release cut; FINAL C16/C17 chain not run), no evaluation or performance evidence",data-room domain requiring product evidence; main ends at migration 0027 (Phase 3); Phases 4–6 and scheduled collection are unmerged branches behind the C15 image finding
DR-09,V10,Appendix P Data Room and Release Checklist,162,"Security Threat models, secure SDLC, tests, incidents, policies and assurance CISO",V10-F015,identity-policy,partial,passed:ci,merged,phase7,P7-D,.github/workflows/ci.yml: supply-chain;docs/SCANNER_DISPOSITIONS.md;EXCEPTIONS.md;GATE2_2_FINAL_CLOSURE_PLAN.md §C19.1 Trust and threat model;test/gate/ci-security.test.ts,"No product threat model, penetration test, incident register, security policies or independent assurance (P7-D)",data-room domain requiring product evidence
DR-10,V10,Appendix P Data Room and Release Checklist,162,"Privacy and data Rights, processing records, DPIAs, retention, deletion and transfers Privacy / Data / Legal",V10-F015,data-platform,partial,passed:harness,merged,phase7,P7-D,"apps/api/src/observation/sources/source-contract.ts (authority_and_rights.rights_state, purposes, classification_ceiling, freshness_expectation, correction_channel);apps/api/migrations/0022_observation_registry_and_evidence.sql (custody, tombstones);test/int/phase1-acceptance.test.ts: A1 the registered contract carries the complete §7 field set; A2 chain of custody and byte-identical retrieval; a retrieval writes its custody entry;test/int/domain-isolation.test.ts;test/int/phase6-scheduled-collection.test.ts;apps/api/src/observation/connectors/redaction.ts","No processing records, DPIA, retention schedule, deletion evidence or transfer controls (P7-D, P3)",data-room domain requiring product evidence
DR-11,V10,Appendix P Data Room and Release Checklist,162,"AI governance Inventories, evaluations, limitations, human oversight, incidents and corrections AI / Risk",V10-F015,learning-evaluation,partial,passed:harness,branch-only,phase7,P7-B,apps/api/src/intelligence/methods/methods.service.ts;apps/api/migrations/0046_executive_agents_and_runs.sql;test/int/phase2-acceptance.test.ts: B3;apps/api/migrations/0032_twin_registry.sql (limitations);apps/api/migrations/0020_governed_degraded_recovery.sql;apps/api/src/observation/corrections,"No evaluations, no limitations register across models/agents, no oversight records beyond approvals (P7-B)",data-room domain requiring product evidence; main ends at migration 0027 (Phase 3); Phases 4–6 and scheduled collection are unmerged branches behind the C15 image finding
DR-12,V10,Appendix P Data Room and Release Checklist,162,"Customers Contracts, invoices, usage, outcomes, references, renewal and concentration CRO / CFO",V10-F015,commercial,missing,not-applicable,none,not-applicable,P7-F,,"Business/issuer validation (finance, legal, board, customers); no product behaviour to build",data-room domain of corporate evidence supplied by the owner named in the clause; no product behaviour
DR-13,V10,Appendix P Data Room and Release Checklist,162,"Pipeline CRM export, qualification, authority maps, stage evidence and forecast CRO",V10-F015,commercial,missing,not-applicable,none,not-applicable,P7-F,,"Business/issuer validation (finance, legal, board, customers); no product behaviour to build",data-room domain of corporate evidence supplied by the owner named in the clause; no product behaviour
DR-14,V10,Appendix P Data Room and Release Checklist,162,"Delivery Implementation plans, staffing, acceptance, support, incidents and margin COO",V10-F015,commercial,missing,not-applicable,none,not-applicable,P7-F,,"Business/issuer validation (finance, legal, board, customers); no product behaviour to build",data-room domain of corporate evidence supplied by the owner named in the clause; no product behaviour
DR-15,V10,Appendix P Data Room and Release Checklist,162,"Partners Agreements, certifications, pipeline, economics, conflicts and audits Partnerships / Legal",V10-F015,commercial,missing,not-applicable,none,not-applicable,P7-F,,"Business/issuer validation (finance, legal, board, customers); no product behaviour to build",data-room domain of corporate evidence supplied by the owner named in the clause; no product behaviour
DR-16,V10,Appendix P Data Room and Release Checklist,162,"Market and competition Account model, sources, win/loss, alternatives and diligence Strategy",V10-F015,commercial,missing,not-applicable,none,not-applicable,P7-F,,"Business/issuer validation (finance, legal, board, customers); no product behaviour to build",data-room domain of corporate evidence supplied by the owner named in the clause; no product behaviour
DR-17,V10,Appendix P Data Room and Release Checklist,162,"Regulatory Applicability analyses, counsel opinions and claim approvals Legal / Risk",V10-F015,commercial,missing,not-applicable,none,not-applicable,P7-F,,"Business/issuer validation (finance, legal, board, customers); no product behaviour to build",data-room domain of corporate evidence supplied by the owner named in the clause; no product behaviour
DR-18,V10,Appendix P Data Room and Release Checklist,162,"Risk Register, scenarios, insurance, disputes, incidents and board actions Risk / Board",V10-F015,commercial,missing,not-applicable,none,not-applicable,P7-F,,"Business/issuer validation (finance, legal, board, customers); no product behaviour to build",data-room domain of corporate evidence supplied by the owner named in the clause; no product behaviour
DR-19,V10,Appendix P Data Room and Release Checklist,162,"Board and governance Minutes, consents, reserved matters, authorities and conflicts Board / Legal",V10-F015,commercial,missing,not-applicable,none,not-applicable,P7-F,,"Business/issuer validation (finance, legal, board, customers); no product behaviour to build",data-room domain of corporate evidence supplied by the owner named in the clause; no product behaviour
DR-20,V10,Appendix P Data Room and Release Checklist,162,"Release record Exact digest, approvers, audience, correction route and supersession IR / Legal",V10-F015,commercial,missing,not-applicable,none,not-applicable,P7-F,,"Business/issuer validation (finance, legal, board, customers); no product behaviour to build",data-room domain of corporate evidence supplied by the owner named in the clause; no product behaviour
REL-01,V10,Appendix P Data Room and Release Checklist,163,"Issuer identity verified Legal name, authority, registered details and signatories match governing records",V10-F015,governance-docs,missing,not-applicable,none,not-applicable,P7-F,,"Claim register, evidence room and release approvals are maintained outside the product; the repository holds no claim register","claim-control obligation on the investor package, not product behaviour; release gate; issuer/counsel/communications control"
REL-02,V10,Appendix P Data Room and Release Checklist,163,"Corporate facts verified Team, entity, ownership, capitalization, liabilities and history are evidenced",V10-F015,governance-docs,missing,not-applicable,none,not-applicable,P7-F,,"Claim register, evidence room and release approvals are maintained outside the product; the repository holds no claim register","claim-control obligation on the investor package, not product behaviour; release gate; issuer/counsel/communications control"
REL-03,V10,Appendix P Data Room and Release Checklist,163,"Product facts verified Implementation, production status, customers, deployments and metrics are evidenced",V10-F015,governance-docs,partial,not-applicable,branch-only,not-applicable,P7-F,FULL_PRODUCT_DELIVERY_REGISTER.md;audit/requirements/v10.csv,"Production status, customers, deployments and metrics cannot be evidenced (none exist); implementation status is evidenced by the register and this audit","product-fact gate: the only product facts that can be stated today are those in FULL_PRODUCT_DELIVERY_REGISTER.md and this audit (no production, no customers); main ends at migration 0027 (Phase 3); Phases 4–6 and scheduled collection are unmerged branches behind the C15 image finding"
REL-04,V10,Appendix P Data Room and Release Checklist,163,"Customer claims approved Contracts, payment, outcomes, logos, quotes and references support exact wording",V10-F015,governance-docs,missing,not-applicable,none,not-applicable,P7-F,,"Claim register, evidence room and release approvals are maintained outside the product; the repository holds no claim register","claim-control obligation on the investor package, not product behaviour; release gate; issuer/counsel/communications control"
REL-05,V10,Appendix P Data Room and Release Checklist,163,"IP chain of title verified Code, data, models, marks, assignments and licenses are complete",V10-F015,governance-docs,missing,not-applicable,none,not-applicable,P7-F,,"Claim register, evidence room and release approvals are maintained outside the product; the repository holds no claim register","claim-control obligation on the investor package, not product behaviour; release gate; issuer/counsel/communications control"
REL-06,V10,Appendix P Data Room and Release Checklist,163,"Financials reconciled Historical and planning figures, units, formulas, cash and assumptions reconcile",V10-F015,governance-docs,missing,not-applicable,none,not-applicable,P7-F,,"Claim register, evidence room and release approvals are maintained outside the product; the repository holds no claim register","claim-control obligation on the investor package, not product behaviour; release gate; issuer/counsel/communications control"
REL-07,V10,Appendix P Data Room and Release Checklist,163,"Market facts current External sources are authoritative, dated, accessible and scoped",V10-F015,governance-docs,missing,not-applicable,none,not-applicable,P7-F,,"Claim register, evidence room and release approvals are maintained outside the product; the repository holds no claim register","claim-control obligation on the investor package, not product behaviour; release gate; issuer/counsel/communications control"
REL-08,V10,Appendix P Data Room and Release Checklist,163,"Planning cases labeled No scenario appears as actual, forecast, guidance, commitment or valuation basis",V10-F015,governance-docs,missing,not-applicable,none,not-applicable,P7-F,,"Claim register, evidence room and release approvals are maintained outside the product; the repository holds no claim register","claim-control obligation on the investor package, not product behaviour; release gate; issuer/counsel/communications control"
REL-09,V10,Appendix P Data Room and Release Checklist,163,Security claims approved Control owners approve exact certification and assurance language,V10-F015,governance-docs,missing,not-applicable,none,not-applicable,P7-F,,"Claim register, evidence room and release approvals are maintained outside the product; the repository holds no claim register","claim-control obligation on the investor package, not product behaviour; release gate; no certification or assurance language can be approved; C15 is red on the pinned images"
REL-10,V10,Appendix P Data Room and Release Checklist,163,Competition reviewed Public positioning is current; no unsupported absence or superiority claim remains,V10-F015,governance-docs,missing,not-applicable,none,not-applicable,P7-F,,"Claim register, evidence room and release approvals are maintained outside the product; the repository holds no claim register","claim-control obligation on the investor package, not product behaviour; release gate; issuer/counsel/communications control"
REL-11,V10,Appendix P Data Room and Release Checklist,163,"Capital terms current If included, security, amount, valuation, rights, use and approvals match records",V10-F015,governance-docs,missing,not-applicable,none,not-applicable,P7-F,,"Claim register, evidence room and release approvals are maintained outside the product; the repository holds no claim register","claim-control obligation on the investor package, not product behaviour; release gate; issuer/counsel/communications control"
REL-12,V10,Appendix P Data Room and Release Checklist,163,"Risks complete Material product, market, financial, legal, security, ethical and governance risks are visible",V10-F015,governance-docs,missing,not-applicable,none,not-applicable,P7-F,,"Claim register, evidence room and release approvals are maintained outside the product; the repository holds no claim register","claim-control obligation on the investor package, not product behaviour; release gate; issuer/counsel/communications control"
REL-13,V10,Appendix P Data Room and Release Checklist,163,Sources resolve Every source ID is listed and each material external statement is scoped,V10-F015,governance-docs,missing,not-applicable,none,not-applicable,P7-F,,"Claim register, evidence room and release approvals are maintained outside the product; the repository holds no claim register","claim-control obligation on the investor package, not product behaviour; release gate; issuer/counsel/communications control"
REL-14,V10,Appendix P Data Room and Release Checklist,163,"Claims resolve Every material statement has class, source, owner, date, limitation and approval",V10-F015,governance-docs,missing,not-applicable,none,not-applicable,P7-F,,"Claim register, evidence room and release approvals are maintained outside the product; the repository holds no claim register","claim-control obligation on the investor package, not product behaviour; release gate; issuer/counsel/communications control"
REL-15,V10,Appendix P Data Room and Release Checklist,163,"No draft residue No draft placeholder, internal tool reference, hidden comment or unfinished instruction remains",V10-F015,governance-docs,missing,not-applicable,none,not-applicable,P7-F,,"Claim register, evidence room and release approvals are maintained outside the product; the repository holds no claim register","claim-control obligation on the investor package, not product behaviour; release gate; issuer/counsel/communications control"
REL-16,V10,Appendix P Data Room and Release Checklist,163,"Visual QA complete Every page renders; no clipping, overflow, orphaning, blank artifacts or unreadable figure remains",V10-F015,governance-docs,missing,not-applicable,none,not-applicable,P7-F,,"Claim register, evidence room and release approvals are maintained outside the product; the repository holds no claim register","claim-control obligation on the investor package, not product behaviour; release gate; document production QA of the PDF, not product behaviour"
REL-17,V10,Appendix P Data Room and Release Checklist,163,"Accessibility complete Headings, tables, figures, alt text, contrast and reading order pass",V10-F015,governance-docs,missing,not-applicable,none,not-applicable,P7-F,,"Claim register, evidence room and release approvals are maintained outside the product; the repository holds no claim register","claim-control obligation on the investor package, not product behaviour; release gate; document accessibility of the PDF (cross-volume V9 for the product)"
REL-18,V10,Appendix P Data Room and Release Checklist,163,"Privacy scrub complete Personal metadata, revision identifiers, comments and unintended PII are removed",V10-F015,governance-docs,missing,not-applicable,none,not-applicable,P7-F,,"Claim register, evidence room and release approvals are maintained outside the product; the repository holds no claim register","claim-control obligation on the investor package, not product behaviour; release gate; issuer/counsel/communications control"
REL-19,V10,Appendix P Data Room and Release Checklist,163,"Correction route active Owner, contact, distribution, withdrawal, replacement and receipt process exist",V10-F015,governance-docs,missing,not-applicable,none,not-applicable,P7-F,,"Claim register, evidence room and release approvals are maintained outside the product; the repository holds no claim register","claim-control obligation on the investor package, not product behaviour; release gate; issuer/counsel/communications control"
REL-20,V10,Appendix P Data Room and Release Checklist,163,"Final release approved Executive, finance, legal, technical, security and communications authorities sign the exact digest",V10-F015,governance-docs,missing,not-applicable,none,not-applicable,P7-F,,"Claim register, evidence room and release approvals are maintained outside the product; the repository holds no claim register","claim-control obligation on the investor package, not product behaviour; release gate; issuer/counsel/communications control"
