file,volume,row_id,feature_id
v00-v01.csv,V0,C-001,F-P7A-02
v00-v01.csv,V0,C-002,F-P7B-13
v00-v01.csv,V0,C-003,F-P7-E-11
v00-v01.csv,V0,C-004,F-R0-01
v00-v01.csv,V0,C-005,F-P6-02
v00-v01.csv,V0,C-006,F-P7D-23
v00-v01.csv,V0,C-007,F-P7C-07
v00-v01.csv,V0,C-008,F-P3-01
v00-v01.csv,V0,C-009,F-P3-08
v00-v01.csv,V0,C-010,F-DONE-data-platform
v00-v01.csv,V0,C-011,F-DONE-data-platform
v00-v01.csv,V0,C-012,F-R0-02
v00-v01.csv,V0,C-013,F-P1-05
v00-v01.csv,V0,C-014,F-P1-14
v00-v01.csv,V0,C-015,F-P3-06
v00-v01.csv,V0,C-016,F-P3-14
v00-v01.csv,V0,C-017,F-P3-13
v00-v01.csv,V0,C-018,F-P5-01
v00-v01.csv,V0,C-019,F-P5-03
v00-v01.csv,V0,C-020,F-P4-01
v00-v01.csv,V0,C-021,F-P4-04
v00-v01.csv,V0,C-022,F-P4-08
v00-v01.csv,V0,C-023,F-DONE-twin-simulation
v00-v01.csv,V0,C-024,F-P6-01
v00-v01.csv,V0,C-025,F-R0-01
v00-v01.csv,V0,C-026,F-P6-01
v00-v01.csv,V0,C-027,F-P6-11
v00-v01.csv,V0,C-028,F-P7A-01
v00-v01.csv,V0,C-029,F-P7A-03
v00-v01.csv,V0,C-030,F-P2-01
v00-v01.csv,V0,C-031,F-P7B-01
v00-v01.csv,V0,C-032,F-P4-10
v00-v01.csv,V0,C-033,F-P4-12
v00-v01.csv,V0,C-034,F-P6-08
v00-v01.csv,V0,C-035,F-P7D-04
v00-v01.csv,V0,C-036,F-P7D-19
v00-v01.csv,V0,C-037,F-P7-F-08
v00-v01.csv,V0,C-038,F-P7-F-07
v00-v01.csv,V0,C-039,F-P7D-01
v00-v01.csv,V0,C-040,F-P7D-05
v00-v01.csv,V0,C-041,F-P7D-06
v00-v01.csv,V0,C-042,F-P7D-23
v00-v01.csv,V0,C-043,F-P7D-12
v00-v01.csv,V0,C-044,F-P7B-01
v00-v01.csv,V0,C-045,F-P7B-03
v00-v01.csv,V0,C-046,F-P7C-01
v00-v01.csv,V0,C-047,F-P7-E-01
v00-v01.csv,V0,C-048,F-P7-E-08
v00-v01.csv,V0,C-049,F-P7D-09
v00-v01.csv,V0,C-050,F-P7A-07
v00-v01.csv,V0,C-051,F-R0-03
v00-v01.csv,V0,C-052,F-R0-03
v00-v01.csv,V0,V00-T-001,F-R0-03
v00-v01.csv,V0,V00-T-002,F-P1-02
v00-v01.csv,V0,V00-T-003,F-P2-09
v00-v01.csv,V0,V00-T-004,F-P4-01
v00-v01.csv,V0,V00-T-005,F-P5-05
v00-v01.csv,V0,V00-T-006,F-P6-02
v00-v01.csv,V0,V00-T-007,F-P7B-03
v00-v01.csv,V0,V00-T-008,F-P1-05
v00-v01.csv,V0,V00-T-009,F-P4-03
v00-v01.csv,V0,V00-T-010,F-P6-02
v00-v01.csv,V0,V00-T-011,F-R0-01
v00-v01.csv,V0,V00-T-012,F-P7B-01
v00-v01.csv,V0,V00-T-013,F-P3-06
v00-v01.csv,V0,V00-T-014,F-P7D-05
v00-v01.csv,V0,V00-T-015,F-P7D-25
v00-v01.csv,V0,V00-T-016,F-DONE-data-platform
v00-v01.csv,V0,V00-T-017,F-P6-11
v00-v01.csv,V0,V00-T-018,F-P6-01
v00-v01.csv,V0,V00-T-019,F-P7A-07
v00-v01.csv,V0,V00-T-020,F-P7-E-11
v00-v01.csv,V0,V00-T-021,F-P7-F-08
v00-v01.csv,V0,V00-T-022,F-P7C-07
v00-v01.csv,V0,V00-T-023,F-P7D-23
v00-v01.csv,V0,V00-T-024,F-P6-04
v00-v01.csv,V0,V00-T-025,F-P7A-07
v00-v01.csv,V0,V00-T-026,F-P7D-05
v00-v01.csv,V0,V00-T-027,F-P6-03
v00-v01.csv,V0,V00-T-028,F-P7B-13
v00-v01.csv,V0,V00-T-029,F-R0-01
v00-v01.csv,V0,V00-T-030,F-P3-01
v00-v01.csv,V0,V00-T-031,F-P7D-08
v00-v01.csv,V0,V00-T-032,F-P1-01
v00-v01.csv,V0,V00-T-033,F-P1-02
v00-v01.csv,V0,V00-T-034,F-P1-14
v00-v01.csv,V0,V00-T-035,F-P1-03
v00-v01.csv,V0,V00-T-036,F-P2-08
v00-v01.csv,V0,V00-T-037,F-P2-10
v00-v01.csv,V0,V00-T-038,F-DONE-data-platform
v00-v01.csv,V0,V00-T-039,F-P3-14
v00-v01.csv,V0,V00-T-040,F-P6-06
v00-v01.csv,V0,V00-T-041,F-P3-14
v00-v01.csv,V0,V00-T-042,F-P3-06
v00-v01.csv,V0,V00-T-043,F-P3-08
v00-v01.csv,V0,V00-T-044,F-DONE-memory-graph
v00-v01.csv,V0,V00-T-045,F-P3-13
v00-v01.csv,V0,V00-T-046,F-P3-07
v00-v01.csv,V0,V00-T-047,F-P5-01
v00-v01.csv,V0,V00-T-048,F-P5-01
v00-v01.csv,V0,V00-T-049,F-P5-03
v00-v01.csv,V0,V00-T-050,F-P5-03
v00-v01.csv,V0,V00-T-051,F-P4-01
v00-v01.csv,V0,V00-T-052,F-P4-04
v00-v01.csv,V0,V00-T-053,F-P4-02
v00-v01.csv,V0,V00-T-054,F-P4-05
v00-v01.csv,V0,V00-T-055,F-P4-07
v00-v01.csv,V0,V00-T-056,F-P4-08
v00-v01.csv,V0,V00-T-057,F-P4-08
v00-v01.csv,V0,V00-T-058,F-P7C-05
v00-v01.csv,V0,V00-T-059,F-P5-05
v00-v01.csv,V0,V00-T-060,F-DONE-twin-simulation
v00-v01.csv,V0,V00-T-061,F-P5-04
v00-v01.csv,V0,V00-T-062,F-P5-07
v00-v01.csv,V0,V00-T-063,F-P6-02
v00-v01.csv,V0,V00-T-064,F-P6-01
v00-v01.csv,V0,V00-T-065,F-P6-02
v00-v01.csv,V0,V00-T-066,F-R0-01
v00-v01.csv,V0,V00-T-067,F-P6-11
v00-v01.csv,V0,V00-T-068,F-P6-12
v00-v01.csv,V0,V00-T-069,F-P6-07
v00-v01.csv,V0,V00-T-070,F-P7-E-11
v00-v01.csv,V0,V00-T-071,F-P7A-17
v00-v01.csv,V0,V00-T-072,F-P7A-01
v00-v01.csv,V0,V00-T-073,F-P7A-03
v00-v01.csv,V0,V00-T-074,F-P7A-07
v00-v01.csv,V0,V00-T-075,F-P7B-01
v00-v01.csv,V0,V00-T-076,F-P3-01
v00-v01.csv,V0,V00-T-077,F-P7-E-07
v00-v01.csv,V0,V00-T-078,F-P2-10
v00-v01.csv,V0,V00-T-079,F-P7D-19
v00-v01.csv,V0,V00-T-080,F-P1-15
v00-v01.csv,V0,V00-T-081,F-P1-15
v00-v01.csv,V0,V00-T-082,F-P7D-25
v00-v01.csv,V0,V00-T-083,F-P7-F-07
v00-v01.csv,V0,V00-T-084,F-P7D-01
v00-v01.csv,V0,V00-T-085,F-P7D-03
v00-v01.csv,V0,V00-T-086,F-P7D-18
v00-v01.csv,V0,V00-T-087,F-P7D-05
v00-v01.csv,V0,V00-T-088,F-P7D-12
v00-v01.csv,V0,V00-T-089,F-P7D-23
v00-v01.csv,V0,V00-T-090,F-P7D-23
v00-v01.csv,V0,V00-T-091,F-P7D-17
v00-v01.csv,V0,V00-T-092,F-P7D-23
v00-v01.csv,V0,V00-T-093,F-P7B-01
v00-v01.csv,V0,V00-T-094,F-P7B-01
v00-v01.csv,V0,V00-T-095,F-P7B-03
v00-v01.csv,V0,V00-T-096,F-P7B-01
v00-v01.csv,V0,V00-T-097,F-P4-10
v00-v01.csv,V0,V00-T-098,F-P4-13
v00-v01.csv,V0,V00-T-099,F-P6-08
v00-v01.csv,V0,V00-T-100,F-P7C-04
v00-v01.csv,V0,V00-T-101,F-P7C-03
v00-v01.csv,V0,V00-T-102,F-P7-E-07
v00-v01.csv,V0,V00-T-103,F-P7-E-11
v00-v01.csv,V0,V00-T-104,F-P7-E-07
v00-v01.csv,V0,V00-T-105,F-P7D-09
v00-v01.csv,V0,V00-T-106,F-P7-E-19
v00-v01.csv,V0,V00-T-107,F-P6-16
v00-v01.csv,V0,V00-T-108,F-P7D-04
v00-v01.csv,V0,V00-T-109,F-R0-03
v00-v01.csv,V0,V00-T-110,F-P7A-10
v00-v01.csv,V0,V00-T-111,F-R0-03
v00-v01.csv,V0,V00-T-112,F-R0-03
v00-v01.csv,V0,V00-T-113,F-R0-03
v00-v01.csv,V0,V00-T-114,F-NA
v00-v01.csv,V0,V00-T-115,F-R0-03
v00-v01.csv,V0,V00-T-116,F-R0-03
v00-v01.csv,V0,V00-T-117,F-R0-03
v00-v01.csv,V0,V00-T-118,F-P1-05
v00-v01.csv,V0,V00-T-119,F-DONE-observation
v00-v01.csv,V0,V00-T-120,F-P1-02
v00-v01.csv,V0,V00-T-121,F-DONE-observation
v00-v01.csv,V0,V00-T-122,F-P1-02
v00-v01.csv,V0,V00-T-123,F-DONE-observation
v00-v01.csv,V0,V00-T-124,F-DONE-observation
v00-v01.csv,V0,V00-T-125,F-DONE-observation
v00-v01.csv,V1,V01-T-001,F-P7B-13
v00-v01.csv,V1,V01-T-002,F-P7B-13
v00-v01.csv,V1,V01-T-003,F-P3-01
v00-v01.csv,V1,V01-T-004,F-P7D-08
v00-v01.csv,V1,V01-T-005,F-P7-E-11
v00-v01.csv,V1,V01-T-006,F-P7B-01
v00-v01.csv,V1,V01-T-007,F-P6-04
v00-v01.csv,V1,V01-T-008,F-P7B-13
v00-v01.csv,V1,V01-T-009,F-P1-01
v00-v01.csv,V1,V01-T-010,F-P2-11
v00-v01.csv,V1,V01-T-011,F-P3-14
v00-v01.csv,V1,V01-T-012,F-P3-13
v00-v01.csv,V1,V01-T-013,F-P5-01
v00-v01.csv,V1,V01-T-014,F-P4-04
v00-v01.csv,V1,V01-T-015,F-P4-08
v00-v01.csv,V1,V01-T-016,F-P5-07
v00-v01.csv,V1,V01-T-017,F-P6-01
v00-v01.csv,V1,V01-T-018,F-P6-11
v00-v01.csv,V1,V01-T-019,F-P7A-01
v00-v01.csv,V1,V01-T-020,F-P4-10
v00-v01.csv,V1,V01-T-021,F-P4-12
v00-v01.csv,V1,V01-T-022,F-P4-13
v00-v01.csv,V1,V01-T-023,F-P7A-17
v00-v01.csv,V1,V01-T-024,F-P5-01
v00-v01.csv,V1,V01-T-025,F-P6-08
v00-v01.csv,V1,V01-T-026,F-P7B-02
v00-v01.csv,V1,V01-T-027,F-P3-13
v00-v01.csv,V1,V01-T-028,F-P6-07
v00-v01.csv,V1,V01-T-029,F-P7D-22
v00-v01.csv,V1,V01-T-030,F-P7A-07
v00-v01.csv,V1,V01-T-031,F-P5-01
v00-v01.csv,V1,V01-T-032,F-P1-01
v00-v01.csv,V1,V01-T-033,F-P7-F-06
v00-v01.csv,V1,V01-T-034,F-P7C-07
v00-v01.csv,V1,V01-T-035,F-P7-E-07
v00-v01.csv,V1,V01-T-036,F-P7D-06
v00-v01.csv,V1,V01-T-037,F-P7D-23
v00-v01.csv,V1,V01-T-038,F-P7B-01
v00-v01.csv,V1,V01-T-039,F-P7C-01
v00-v01.csv,V1,V01-T-040,F-P7-F-03
v00-v01.csv,V1,V01-T-041,F-P7B-13
v00-v01.csv,V1,V01-T-042,F-P7-F-08
v00-v01.csv,V1,V01-T-043,F-P7B-13
v00-v01.csv,V1,V01-T-044,F-R0-03
v00-v01.csv,V1,V01-T-045,F-P3-01
v00-v01.csv,V1,V01-T-046,F-P7-F-03
v00-v01.csv,V1,V01-T-047,F-NA
v02.csv,V2,V02-T-001,F-NA
v02.csv,V2,V02-T-002,F-P7A-01
v02.csv,V2,V02-T-003,F-DONE-memory-graph
v02.csv,V2,V02-T-004,F-DONE-memory-graph
v02.csv,V2,V02-T-005,F-P7A-01
v02.csv,V2,V02-T-006,F-DONE-decision
v02.csv,V2,V02-T-007,F-DONE-decision
v02.csv,V2,V02-T-008,F-NA
v02.csv,V2,V02-T-009,F-NA
v02.csv,V2,V02-T-010,F-NA
v02.csv,V2,V02-T-011,F-P7B-13
v02.csv,V2,V02-T-012,F-P7B-01
v02.csv,V2,V02-T-013,F-P5-02
v02.csv,V2,V02-T-014,F-P6-06
v02.csv,V2,V02-T-015,F-P7B-01
v02.csv,V2,V02-T-016,F-DONE-memory-graph
v02.csv,V2,V02-T-017,F-DONE-identity-policy
v02.csv,V2,V02-T-018,F-P7D-05
v02.csv,V2,V02-T-019,F-DONE-identity-policy
v02.csv,V2,V02-T-020,F-P7D-01
v02.csv,V2,V02-T-021,F-DONE-identity-policy
v02.csv,V2,V02-T-022,F-P7B-03
v02.csv,V2,V02-T-023,F-P7D-23
v02.csv,V2,V02-T-024,F-P7D-25
v02.csv,V2,V02-T-025,F-DONE-observation
v02.csv,V2,V02-T-026,F-DONE-observation
v02.csv,V2,V02-T-027,F-DONE-observation
v02.csv,V2,V02-T-028,F-DONE-observation
v02.csv,V2,V02-T-029,F-DONE-observation
v02.csv,V2,V02-T-030,F-P2-06
v02.csv,V2,V02-T-031,F-P2-01
v02.csv,V2,V02-T-032,F-DONE-intelligence
v02.csv,V2,V02-T-033,F-DONE-intelligence
v02.csv,V2,V02-T-034,F-P3-15
v02.csv,V2,V02-T-035,F-P3-14
v02.csv,V2,V02-T-036,F-DONE-identity-policy
v02.csv,V2,V02-T-037,F-DONE-memory-graph
v02.csv,V2,V02-T-038,F-P1-02
v02.csv,V2,V02-T-039,F-P1-02
v02.csv,V2,V02-T-040,F-P3-06
v02.csv,V2,V02-T-041,F-P3-14
v02.csv,V2,V02-T-042,F-DONE-memory-graph
v02.csv,V2,V02-T-043,F-DONE-memory-graph
v02.csv,V2,V02-T-044,F-P3-07
v02.csv,V2,V02-T-045,F-DONE-memory-graph
v02.csv,V2,V02-T-046,F-DONE-memory-graph
v02.csv,V2,V02-T-047,F-DONE-memory-graph
v02.csv,V2,V02-T-048,F-DONE-memory-graph
v02.csv,V2,V02-T-049,F-DONE-memory-graph
v02.csv,V2,V02-T-050,F-P5-01
v02.csv,V2,V02-T-051,F-DONE-twin-simulation
v02.csv,V2,V02-T-052,F-P5-02
v02.csv,V2,V02-T-053,F-DONE-twin-simulation
v02.csv,V2,V02-T-054,F-P5-04
v02.csv,V2,V02-T-055,F-DONE-twin-simulation
v02.csv,V2,V02-T-056,F-DONE-twin-simulation
v02.csv,V2,V02-T-057,F-DONE-twin-simulation
v02.csv,V2,V02-T-058,F-DONE-twin-simulation
v02.csv,V2,V02-T-059,F-P4-01
v02.csv,V2,V02-T-060,F-P4-04
v02.csv,V2,V02-T-061,F-DONE-prediction
v02.csv,V2,V02-T-062,F-DONE-prediction
v02.csv,V2,V02-T-063,F-DONE-prediction
v02.csv,V2,V02-T-064,F-P4-04
v02.csv,V2,V02-T-065,F-P4-04
v02.csv,V2,V02-T-066,F-DONE-prediction
v02.csv,V2,V02-T-067,F-P4-08
v02.csv,V2,V02-T-068,F-P4-07
v02.csv,V2,V02-T-069,F-DONE-prediction
v02.csv,V2,V02-T-070,F-P4-07
v02.csv,V2,V02-T-071,F-DONE-prediction
v02.csv,V2,V02-T-072,F-DONE-prediction
v02.csv,V2,V02-T-073,F-P4-08
v02.csv,V2,V02-T-074,F-DONE-prediction
v02.csv,V2,V02-T-075,F-DONE-twin-simulation
v02.csv,V2,V02-T-076,F-DONE-twin-simulation
v02.csv,V2,V02-T-077,F-DONE-twin-simulation
v02.csv,V2,V02-T-078,F-P5-06
v02.csv,V2,V02-T-079,F-DONE-twin-simulation
v02.csv,V2,V02-T-080,F-DONE-twin-simulation
v02.csv,V2,V02-T-081,F-P5-07
v02.csv,V2,V02-T-082,F-P5-07
v02.csv,V2,V02-T-083,F-P6-01
v02.csv,V2,V02-T-084,F-DONE-decision
v02.csv,V2,V02-T-085,F-P6-04
v02.csv,V2,V02-T-086,F-DONE-decision
v02.csv,V2,V02-T-087,F-DONE-decision
v02.csv,V2,V02-T-088,F-DONE-decision
v02.csv,V2,V02-T-089,F-DONE-decision
v02.csv,V2,V02-T-090,F-DONE-decision
v02.csv,V2,V02-T-091,F-P6-11
v02.csv,V2,V02-T-092,F-P6-07
v02.csv,V2,V02-T-093,F-P6-07
v02.csv,V2,V02-T-094,F-DONE-executive-os
v02.csv,V2,V02-T-095,F-DONE-executive-os
v02.csv,V2,V02-T-096,F-DONE-executive-os
v02.csv,V2,V02-T-097,F-P7-E-11
v02.csv,V2,V02-T-098,F-DONE-executive-os
v02.csv,V2,V02-T-099,F-P7D-25
v02.csv,V2,V02-T-100,F-DONE-data-platform
v02.csv,V2,V02-T-101,F-DONE-data-platform
v02.csv,V2,V02-T-102,F-DONE-data-platform
v02.csv,V2,V02-T-103,F-P3-15
v02.csv,V2,V02-T-104,F-P2-01
v02.csv,V2,V02-T-105,F-P7D-17
v02.csv,V2,V02-T-106,F-DONE-identity-policy
v02.csv,V2,V02-T-107,F-P7D-07
v02.csv,V2,V02-T-108,F-P7B-03
v02.csv,V2,V02-T-109,F-P3-07
v02.csv,V2,V02-T-110,F-DONE-memory-graph
v02.csv,V2,V02-T-111,F-DONE-memory-graph
v02.csv,V2,V02-T-112,F-P3-13
v02.csv,V2,V02-T-113,F-DONE-memory-graph
v02.csv,V2,V02-T-114,F-P3-13
v02.csv,V2,V02-T-115,F-DONE-memory-graph
v02.csv,V2,V02-T-116,F-P4-07
v02.csv,V2,V02-T-117,F-P6-05
v02.csv,V2,V02-T-118,F-P3-14
v02.csv,V2,V02-T-119,F-P7B-01
v02.csv,V2,V02-T-120,F-NA
v02.csv,V2,V02-T-121,F-P5-01
v02.csv,V2,V02-T-122,F-DONE-twin-simulation
v02.csv,V2,V02-T-123,F-DONE-twin-simulation
v02.csv,V2,V02-T-124,F-DONE-twin-simulation
v02.csv,V2,V02-T-125,F-P5-04
v02.csv,V2,V02-T-126,F-DONE-twin-simulation
v02.csv,V2,V02-T-127,F-NA
v02.csv,V2,V02-T-128,F-DONE-decision
v02.csv,V2,V02-T-129,F-P3-05
v02.csv,V2,V02-T-130,F-NA
v02.csv,V2,V02-T-131,F-DONE-identity-policy
v02.csv,V2,V02-T-132,F-DONE-identity-policy
v02.csv,V2,V02-T-133,F-P7A-17
v02.csv,V2,V02-T-134,F-P7A-03
v02.csv,V2,V02-T-135,F-P7A-03
v02.csv,V2,V02-T-136,F-P7A-04
v02.csv,V2,V02-T-137,F-P7A-02
v02.csv,V2,V02-T-138,F-P7C-04
v02.csv,V2,V02-T-139,F-P7A-07
v02.csv,V2,V02-T-140,F-DONE-agents
v02.csv,V2,V02-T-141,F-P7B-03
v02.csv,V2,V02-T-142,F-DONE-identity-policy
v02.csv,V2,V02-T-143,F-P2-01
v02.csv,V2,V02-T-144,F-P2-02
v02.csv,V2,V02-T-145,F-P2-02
v02.csv,V2,V02-T-146,F-P7B-03
v02.csv,V2,V02-T-147,F-P7B-01
v02.csv,V2,V02-T-148,F-P7B-01
v02.csv,V2,V02-T-149,F-P7B-01
v02.csv,V2,V02-T-150,F-P7C-04
v02.csv,V2,V02-T-151,F-P7C-05
v02.csv,V2,V02-T-152,F-P7C-01
v02.csv,V2,V02-T-153,F-P4-01
v02.csv,V2,V02-T-154,F-DONE-prediction
v02.csv,V2,V02-T-155,F-P4-04
v02.csv,V2,V02-T-156,F-P4-04
v02.csv,V2,V02-T-157,F-P4-10
v02.csv,V2,V02-T-158,F-P4-10
v02.csv,V2,V02-T-159,F-P4-12
v02.csv,V2,V02-T-160,F-P4-12
v02.csv,V2,V02-T-161,F-P4-12
v02.csv,V2,V02-T-162,F-P4-12
v02.csv,V2,V02-T-163,F-DONE-prediction
v02.csv,V2,V02-T-164,F-P4-07
v02.csv,V2,V02-T-165,F-DONE-twin-simulation
v02.csv,V2,V02-T-166,F-DONE-twin-simulation
v02.csv,V2,V02-T-167,F-P5-07
v02.csv,V2,V02-T-168,F-DONE-decision
v02.csv,V2,V02-T-169,F-P6-01
v02.csv,V2,V02-T-170,F-P6-04
v02.csv,V2,V02-T-171,F-DONE-decision
v02.csv,V2,V02-T-172,F-DONE-decision
v02.csv,V2,V02-T-173,F-P7B-02
v02.csv,V2,V02-T-174,F-P7B-02
v02.csv,V2,V02-T-175,F-P1-05
v02.csv,V2,V02-T-176,F-P1-06
v02.csv,V2,V02-T-177,F-P1-08
v02.csv,V2,V02-T-178,F-DONE-observation
v02.csv,V2,V02-T-179,F-DONE-observation
v02.csv,V2,V02-T-180,F-DONE-observation
v02.csv,V2,V02-T-181,F-DONE-observation
v02.csv,V2,V02-T-182,F-P7D-23
v02.csv,V2,V02-T-183,F-P7D-21
v02.csv,V2,V02-T-184,F-P7D-22
v02.csv,V2,V02-T-185,F-P7D-22
v02.csv,V2,V02-T-186,F-P7D-23
v02.csv,V2,V02-T-187,F-P7D-23
v02.csv,V2,V02-T-188,F-P7D-18
v02.csv,V2,V02-T-189,F-DONE-identity-policy
v02.csv,V2,V02-T-190,F-P7D-06
v02.csv,V2,V02-T-191,F-P7D-03
v02.csv,V2,V02-T-192,F-P7D-06
v02.csv,V2,V02-T-193,F-P7D-04
v02.csv,V2,V02-T-194,F-NA
v02.csv,V2,V02-T-195,F-P7D-11
v02.csv,V2,V02-T-196,F-P7D-11
v02.csv,V2,V02-T-197,F-P7D-12
v02.csv,V2,V02-T-198,F-P7D-20
v02.csv,V2,V02-T-199,F-DONE-infrastructure
v02.csv,V2,V02-T-200,F-P7D-08
v02.csv,V2,V02-T-201,F-P7B-05
v02.csv,V2,V02-T-202,F-P7B-05
v02.csv,V2,V02-T-203,F-P7B-13
v02.csv,V2,V02-T-204,F-P7D-08
v02.csv,V2,V02-T-205,F-P2-16
v02.csv,V2,V02-T-206,F-P7D-09
v02.csv,V2,V02-T-207,F-P7D-10
v02.csv,V2,V02-T-208,F-P7-E-08
v02.csv,V2,V02-T-209,F-P7B-05
v02.csv,V2,V02-T-210,F-P7B-05
v02.csv,V2,V02-T-211,F-P7D-09
v02.csv,V2,V02-T-212,F-P7B-05
v02.csv,V2,V02-T-213,F-P7B-13
v02.csv,V2,V02-T-214,F-DONE-identity-policy
v02.csv,V2,V02-T-215,F-P7D-04
v02.csv,V2,V02-T-216,F-P7B-03
v02.csv,V2,V02-T-217,F-P7-E-11
v02.csv,V2,V02-T-218,F-P6-07
v02.csv,V2,V02-T-219,F-P7-E-11
v02.csv,V2,V02-T-220,F-P6-08
v02.csv,V2,V02-T-221,F-P6-08
v02.csv,V2,V02-T-222,F-NA
v02.csv,V2,V02-T-223,F-NA
v03.csv,V3,L1-C01,F-P1-01
v03.csv,V3,L1-C02,F-P1-12
v03.csv,V3,L1-C03,F-P1-13
v03.csv,V3,L1-C04,F-P1-09
v03.csv,V3,L1-C05,F-P1-02
v03.csv,V3,L1-C06,F-P1-02
v03.csv,V3,L1-C07,F-P1-03
v03.csv,V3,L1-C08,F-P1-14
v03.csv,V3,L1-C09,F-DONE-observation
v03.csv,V3,L2-C01,F-P2-06
v03.csv,V3,L2-C02,F-P2-08
v03.csv,V3,L2-C03,F-P2-08
v03.csv,V3,L2-C04,F-P2-12
v03.csv,V3,L2-C05,F-P2-09
v03.csv,V3,L2-C06,F-P2-09
v03.csv,V3,L2-C07,F-P2-10
v03.csv,V3,L2-C08,F-P2-14
v03.csv,V3,L2-C09,F-P2-13
v03.csv,V3,L2-C10,F-P2-15
v03.csv,V3,L3-C01,F-DONE-memory-graph
v03.csv,V3,L3-C02,F-P3-14
v03.csv,V3,L3-C03,F-DONE-memory-graph
v03.csv,V3,L3-C04,F-DONE-memory-graph
v03.csv,V3,L3-C05,F-P3-06
v03.csv,V3,L3-C06,F-P3-15
v03.csv,V3,L3-C07,F-P3-16
v03.csv,V3,L3-C08,F-P7D-14
v03.csv,V3,L3-C09,F-P3-11
v03.csv,V3,L4-C01,F-P3-07
v03.csv,V3,L4-C02,F-P3-10
v03.csv,V3,L4-C03,F-DONE-memory-graph
v03.csv,V3,L4-C04,F-DONE-memory-graph
v03.csv,V3,L4-C05,F-DONE-memory-graph
v03.csv,V3,L4-C06,F-DONE-memory-graph
v03.csv,V3,L4-C07,F-P3-09
v03.csv,V3,L4-C08,F-P3-08
v03.csv,V3,L4-C09,F-P3-10
v03.csv,V3,L4-C10,F-P3-11
v03.csv,V3,L5-C01,F-P5-01
v03.csv,V3,L5-C02,F-P5-02
v03.csv,V3,L5-C03,F-P5-04
v03.csv,V3,L5-C04,F-DONE-twin-simulation
v03.csv,V3,L5-C05,F-DONE-twin-simulation
v03.csv,V3,L5-C06,F-P5-01
v03.csv,V3,L5-C07,F-P5-05
v03.csv,V3,L5-C08,F-P5-04
v03.csv,V3,L5-C09,F-P5-03
v03.csv,V3,L6-C01,F-DONE-prediction
v03.csv,V3,L6-C02,F-P4-03
v03.csv,V3,L6-C03,F-P4-01
v03.csv,V3,L6-C04,F-P4-02
v03.csv,V3,L6-C05,F-P4-05
v03.csv,V3,L6-C06,F-P4-04
v03.csv,V3,L6-C07,F-DONE-prediction
v03.csv,V3,L6-C08,F-P4-05
v03.csv,V3,L6-C09,F-DONE-prediction
v03.csv,V3,L7-C01,F-P4-08
v03.csv,V3,L7-C02,F-P4-07
v03.csv,V3,L7-C03,F-P4-08
v03.csv,V3,L7-C04,F-P4-07
v03.csv,V3,L7-C05,F-DONE-prediction
v03.csv,V3,L7-C06,F-P4-09
v03.csv,V3,L7-C07,F-P4-07
v03.csv,V3,L7-C08,F-P4-08
v03.csv,V3,L7-C09,F-P7C-05
v03.csv,V3,L8-C01,F-DONE-twin-simulation
v03.csv,V3,L8-C02,F-DONE-twin-simulation
v03.csv,V3,L8-C03,F-P5-05
v03.csv,V3,L8-C04,F-DONE-twin-simulation
v03.csv,V3,L8-C05,F-P5-05
v03.csv,V3,L8-C06,F-P5-06
v03.csv,V3,L8-C07,F-P5-07
v03.csv,V3,L8-C08,F-P5-07
v03.csv,V3,L8-C09,F-DONE-twin-simulation
v03.csv,V3,L9-C01,F-P6-01
v03.csv,V3,L9-C02,F-P6-01
v03.csv,V3,L9-C03,F-P6-01
v03.csv,V3,L9-C04,F-P6-01
v03.csv,V3,L9-C05,F-P6-01
v03.csv,V3,L9-C06,F-P6-02
v03.csv,V3,L9-C07,F-P6-04
v03.csv,V3,L9-C08,F-P6-05
v03.csv,V3,L9-C09,F-DONE-decision
v03.csv,V3,L10-C01,F-P6-11
v03.csv,V3,L10-C02,F-P6-07
v03.csv,V3,L10-C03,F-P6-12
v03.csv,V3,L10-C04,F-P6-11
v03.csv,V3,L10-C05,F-P6-11
v03.csv,V3,L10-C06,F-DONE-executive-os
v03.csv,V3,L10-C07,F-P6-07
v03.csv,V3,L10-C08,F-P7-E-11
v03.csv,V3,L10-C09,F-P6-11
v03.csv,V3,L1-I01,F-DONE-observation
v03.csv,V3,L1-I02,F-P1-04
v03.csv,V3,L1-I03,F-P1-14
v03.csv,V3,L1-I04,F-P1-14
v03.csv,V3,L1-I05,F-P1-02
v03.csv,V3,L2-I01,F-DONE-intelligence
v03.csv,V3,L2-I02,F-P2-09
v03.csv,V3,L2-I03,F-P2-10
v03.csv,V3,L2-I04,F-DONE-intelligence
v03.csv,V3,L2-I05,F-P2-15
v03.csv,V3,L3-I01,F-DONE-memory-graph
v03.csv,V3,L3-I02,F-P3-16
v03.csv,V3,L3-I03,F-DONE-memory-graph
v03.csv,V3,L3-I04,F-P3-06
v03.csv,V3,L3-I05,F-P3-06
v03.csv,V3,L4-I01,F-DONE-memory-graph
v03.csv,V3,L4-I02,F-P3-08
v03.csv,V3,L4-I03,F-P3-08
v03.csv,V3,L4-I04,F-DONE-memory-graph
v03.csv,V3,L4-I05,F-P3-07
v03.csv,V3,L5-I01,F-DONE-twin-simulation
v03.csv,V3,L5-I02,F-P5-02
v03.csv,V3,L5-I03,F-DONE-twin-simulation
v03.csv,V3,L5-I04,F-P5-02
v03.csv,V3,L5-I05,F-P5-04
v03.csv,V3,L6-I01,F-DONE-prediction
v03.csv,V3,L6-I02,F-P4-04
v03.csv,V3,L6-I03,F-P4-05
v03.csv,V3,L6-I04,F-DONE-prediction
v03.csv,V3,L6-I05,F-P4-05
v03.csv,V3,L7-I01,F-DONE-prediction
v03.csv,V3,L7-I02,F-P4-08
v03.csv,V3,L7-I03,F-DONE-prediction
v03.csv,V3,L7-I04,F-P4-09
v03.csv,V3,L7-I05,F-P4-08
v03.csv,V3,L8-I01,F-DONE-twin-simulation
v03.csv,V3,L8-I02,F-P5-06
v03.csv,V3,L8-I03,F-P5-06
v03.csv,V3,L8-I04,F-P5-09
v03.csv,V3,L8-I05,F-P5-09
v03.csv,V3,L9-I01,F-DONE-decision
v03.csv,V3,L9-I02,F-DONE-decision
v03.csv,V3,L9-I03,F-P6-04
v03.csv,V3,L9-I04,F-DONE-decision
v03.csv,V3,L9-I05,F-P6-06
v03.csv,V3,L10-I01,F-DONE-executive-os
v03.csv,V3,L10-I02,F-P6-07
v03.csv,V3,L10-I03,F-DONE-executive-os
v03.csv,V3,L10-I04,F-P6-11
v03.csv,V3,L10-I05,F-P6-07
v03.csv,V3,SRC,F-P1-01
v03.csv,V3,OBS,F-DONE-observation
v03.csv,V3,EVD,F-P1-02
v03.csv,V3,CLM,F-P2-16
v03.csv,V3,EVT,F-P2-09
v03.csv,V3,ENT,F-DONE-memory-graph
v03.csv,V3,REL,F-DONE-memory-graph
v03.csv,V3,ASM,F-P2-11
v03.csv,V3,MEM,F-P3-14
v03.csv,V3,GRV,F-P3-08
v03.csv,V3,OBJ,F-P3-13
v03.csv,V3,RSK,F-P4-13
v03.csv,V3,TWN,F-DONE-twin-simulation
v03.csv,V3,FCT,F-P4-04
v03.csv,V3,SCN,F-P4-08
v03.csv,V3,SIM,F-DONE-twin-simulation
v03.csv,V3,DEC,F-P6-01
v03.csv,V3,CMT,F-P6-05
v03.csv,V3,OUT,F-DONE-executive-os
v03.csv,V3,LES,F-P7B-01
v03.csv,V3,WRN,F-P4-12
v03.csv,V3,AGX,F-P7A-01
v03.csv,V3,POL,F-P7D-04
v03.csv,V3,AUD,F-DONE-identity-policy
v03.csv,V3,ADR-0001,F-P6-16
v03.csv,V3,ADR-0002,F-P3-08
v03.csv,V3,ADR-0003,F-P3-01
v03.csv,V3,ADR-0004,F-DONE-data-platform
v03.csv,V3,ADR-0005,F-DONE-data-platform
v03.csv,V3,ADR-0006,F-P7D-07
v03.csv,V3,ADR-0007,F-DONE-decision
v03.csv,V3,ADR-0008,F-P7A-02
v03.csv,V3,ADR-0009,F-P7A-01
v03.csv,V3,ADR-0010,F-P2-01
v03.csv,V3,ADR-0011,F-P5-03
v03.csv,V3,ADR-0012,F-P4-04
v03.csv,V3,ADR-0013,F-P4-08
v03.csv,V3,ADR-0014,F-DONE-twin-simulation
v03.csv,V3,ADR-0015,F-P6-01
v03.csv,V3,ADR-0016,F-P7D-23
v03.csv,V3,ADR-0017,F-P7D-06
v03.csv,V3,ADR-0018,F-P7D-11
v03.csv,V3,ADR-0019,F-P7C-01
v03.csv,V3,ADR-0020,F-P7B-01
v03.csv,V3,V03-T-001,F-NA
v03.csv,V3,V03-T-002,F-NA
v03.csv,V3,V03-T-003,F-NA
v03.csv,V3,V03-T-004,F-NA
v03.csv,V3,V03-T-005,F-NA
v03.csv,V3,V03-T-006,F-NA
v03.csv,V3,V03-T-007,F-NA
v03.csv,V3,V03-T-008,F-P6-16
v03.csv,V3,V03-T-009,F-DONE-governance-docs
v03.csv,V3,V03-T-010,F-P6-05
v03.csv,V3,V03-T-011,F-DONE-governance-docs
v03.csv,V3,V03-T-012,F-P2-09
v03.csv,V3,V03-T-013,F-P4-04
v03.csv,V3,V03-T-014,F-DONE-governance-docs
v03.csv,V3,V03-T-015,F-P6-06
v03.csv,V3,V03-T-016,F-P7B-01
v03.csv,V3,V03-T-017,F-DONE-governance-docs
v03.csv,V3,V03-T-018,F-DONE-governance-docs
v03.csv,V3,V03-T-019,F-P7B-01
v03.csv,V3,V03-T-020,F-P7-E-11
v03.csv,V3,V03-T-021,F-P3-01
v03.csv,V3,V03-T-022,F-P6-16
v03.csv,V3,V03-T-023,F-P6-16
v03.csv,V3,V03-T-024,F-P7-F-13
v03.csv,V3,V03-T-025,F-R0-02
v03.csv,V3,V03-T-026,F-R0-02
v03.csv,V3,V03-T-027,F-DONE-governance-docs
v03.csv,V3,V03-T-028,F-P3-05
v03.csv,V3,V03-T-029,F-P7D-25
v03.csv,V3,V03-T-030,F-P3-01
v03.csv,V3,V03-T-031,F-P7D-05
v03.csv,V3,V03-T-032,F-P7D-04
v03.csv,V3,V03-T-033,F-P7D-01
v03.csv,V3,V03-T-034,F-P7A-02
v03.csv,V3,V03-T-035,F-P7B-03
v03.csv,V3,V03-T-036,F-P7D-06
v03.csv,V3,V03-T-037,F-P7D-02
v03.csv,V3,V03-T-038,F-P7A-04
v03.csv,V3,V03-T-039,F-P6-04
v03.csv,V3,V03-T-040,F-P7D-07
v03.csv,V3,V03-T-041,F-P7D-07
v03.csv,V3,V03-T-042,F-P1-03
v03.csv,V3,V03-T-043,F-P1-01
v03.csv,V3,V03-T-044,F-P7D-02
v03.csv,V3,V03-T-045,F-P7A-07
v03.csv,V3,V03-T-046,F-P7D-17
v03.csv,V3,V03-T-047,F-P7-F-08
v03.csv,V3,V03-T-048,F-P7C-02
v03.csv,V3,V03-T-049,F-DONE-data-platform
v03.csv,V3,V03-T-050,F-DONE-data-platform
v03.csv,V3,V03-T-051,F-P3-01
v03.csv,V3,V03-T-052,F-P3-01
v03.csv,V3,V03-T-053,F-DONE-data-platform
v03.csv,V3,V03-T-054,F-DONE-data-platform
v03.csv,V3,V03-T-055,F-P3-07
v03.csv,V3,V03-T-056,F-DONE-data-platform
v03.csv,V3,V03-T-057,F-DONE-data-platform
v03.csv,V3,V03-T-058,F-P7B-01
v03.csv,V3,V03-T-059,F-R0-02
v03.csv,V3,V03-T-060,F-R0-02
v03.csv,V3,V03-T-061,F-R0-02
v03.csv,V3,V03-T-062,F-P1-09
v03.csv,V3,V03-T-063,F-P7A-02
v03.csv,V3,V03-T-064,F-P7C-01
v03.csv,V3,V03-T-065,F-P7D-15
v03.csv,V3,V03-T-066,F-P7D-15
v03.csv,V3,V03-T-067,F-P3-01
v03.csv,V3,V03-T-068,F-R0-02
v03.csv,V3,V03-T-069,F-P7D-15
v03.csv,V3,V03-T-070,F-P3-01
v03.csv,V3,V03-T-071,F-DONE-observation
v03.csv,V3,V03-T-072,F-P1-04
v03.csv,V3,V03-T-073,F-P1-04
v03.csv,V3,V03-T-074,F-P1-03
v03.csv,V3,V03-T-075,F-DONE-observation
v03.csv,V3,V03-T-076,F-P1-14
v03.csv,V3,V03-T-077,F-P1-14
v03.csv,V3,V03-T-078,F-DONE-observation
v03.csv,V3,V03-T-079,F-DONE-observation
v03.csv,V3,V03-T-080,F-P4-12
v03.csv,V3,V03-T-081,F-P7D-24
v03.csv,V3,V03-T-082,F-DONE-intelligence
v03.csv,V3,V03-T-083,F-DONE-intelligence
v03.csv,V3,V03-T-084,F-DONE-intelligence
v03.csv,V3,V03-T-085,F-P2-13
v03.csv,V3,V03-T-086,F-DONE-intelligence
v03.csv,V3,V03-T-087,F-DONE-intelligence
v03.csv,V3,V03-T-088,F-P2-13
v03.csv,V3,V03-T-089,F-P2-08
v03.csv,V3,V03-T-090,F-P2-04
v03.csv,V3,V03-T-091,F-DONE-intelligence
v03.csv,V3,V03-T-092,F-P7D-24
v03.csv,V3,V03-T-093,F-DONE-memory-graph
v03.csv,V3,V03-T-094,F-DONE-memory-graph
v03.csv,V3,V03-T-095,F-P3-06
v03.csv,V3,V03-T-096,F-P3-14
v03.csv,V3,V03-T-097,F-P3-14
v03.csv,V3,V03-T-098,F-P3-14
v03.csv,V3,V03-T-099,F-P7D-11
v03.csv,V3,V03-T-100,F-P3-06
v03.csv,V3,V03-T-101,F-DONE-memory-graph
v03.csv,V3,V03-T-102,F-P7D-24
v03.csv,V3,V03-T-103,F-DONE-memory-graph
v03.csv,V3,V03-T-104,F-P3-10
v03.csv,V3,V03-T-105,F-P3-07
v03.csv,V3,V03-T-106,F-DONE-memory-graph
v03.csv,V3,V03-T-107,F-P3-08
v03.csv,V3,V03-T-108,F-P7D-11
v03.csv,V3,V03-T-109,F-P7D-11
v03.csv,V3,V03-T-110,F-P3-08
v03.csv,V3,V03-T-111,F-DONE-memory-graph
v03.csv,V3,V03-T-112,F-DONE-memory-graph
v03.csv,V3,V03-T-113,F-P7D-24
v03.csv,V3,V03-T-114,F-DONE-twin-simulation
v03.csv,V3,V03-T-115,F-DONE-twin-simulation
v03.csv,V3,V03-T-116,F-P5-04
v03.csv,V3,V03-T-117,F-P5-04
v03.csv,V3,V03-T-118,F-DONE-twin-simulation
v03.csv,V3,V03-T-119,F-P5-03
v03.csv,V3,V03-T-120,F-P5-04
v03.csv,V3,V03-T-121,F-P5-03
v03.csv,V3,V03-T-122,F-P5-03
v03.csv,V3,V03-T-123,F-DONE-twin-simulation
v03.csv,V3,V03-T-124,F-P7D-24
v03.csv,V3,V03-T-125,F-P4-01
v03.csv,V3,V03-T-126,F-DONE-prediction
v03.csv,V3,V03-T-127,F-P4-03
v03.csv,V3,V03-T-128,F-P4-04
v03.csv,V3,V03-T-129,F-P4-02
v03.csv,V3,V03-T-130,F-DONE-prediction
v03.csv,V3,V03-T-131,F-DONE-prediction
v03.csv,V3,V03-T-132,F-P4-02
v03.csv,V3,V03-T-133,F-DONE-prediction
v03.csv,V3,V03-T-134,F-P4-05
v03.csv,V3,V03-T-135,F-P7D-24
v03.csv,V3,V03-T-136,F-DONE-prediction
v03.csv,V3,V03-T-137,F-P4-07
v03.csv,V3,V03-T-138,F-DONE-prediction
v03.csv,V3,V03-T-139,F-DONE-prediction
v03.csv,V3,V03-T-140,F-P7C-05
v03.csv,V3,V03-T-141,F-P4-07
v03.csv,V3,V03-T-142,F-P4-09
v03.csv,V3,V03-T-143,F-P4-09
v03.csv,V3,V03-T-144,F-P4-08
v03.csv,V3,V03-T-145,F-DONE-prediction
v03.csv,V3,V03-T-146,F-P7D-24
v03.csv,V3,V03-T-147,F-P5-06
v03.csv,V3,V03-T-148,F-P5-06
v03.csv,V3,V03-T-149,F-P5-06
v03.csv,V3,V03-T-150,F-DONE-twin-simulation
v03.csv,V3,V03-T-151,F-DONE-twin-simulation
v03.csv,V3,V03-T-152,F-DONE-twin-simulation
v03.csv,V3,V03-T-153,F-P5-06
v03.csv,V3,V03-T-154,F-P5-05
v03.csv,V3,V03-T-155,F-P5-06
v03.csv,V3,V03-T-156,F-P5-09
v03.csv,V3,V03-T-157,F-P7D-24
v03.csv,V3,V03-T-158,F-DONE-decision
v03.csv,V3,V03-T-159,F-DONE-decision
v03.csv,V3,V03-T-160,F-P6-01
v03.csv,V3,V03-T-161,F-DONE-decision
v03.csv,V3,V03-T-162,F-DONE-decision
v03.csv,V3,V03-T-163,F-DONE-decision
v03.csv,V3,V03-T-164,F-P6-04
v03.csv,V3,V03-T-165,F-DONE-decision
v03.csv,V3,V03-T-166,F-P6-06
v03.csv,V3,V03-T-167,F-P7D-24
v03.csv,V3,V03-T-168,F-DONE-executive-os
v03.csv,V3,V03-T-169,F-P6-07
v03.csv,V3,V03-T-170,F-P6-12
v03.csv,V3,V03-T-171,F-P6-07
v03.csv,V3,V03-T-172,F-P7-E-11
v03.csv,V3,V03-T-173,F-P6-12
v03.csv,V3,V03-T-174,F-P6-12
v03.csv,V3,V03-T-175,F-P7D-11
v03.csv,V3,V03-T-176,F-P6-07
v03.csv,V3,V03-T-177,F-P7-E-10
v03.csv,V3,V03-T-178,F-P7D-24
v03.csv,V3,V03-T-179,F-P3-13
v03.csv,V3,V03-T-180,F-P3-13
v03.csv,V3,V03-T-181,F-P3-13
v03.csv,V3,V03-T-182,F-P3-13
v03.csv,V3,V03-T-183,F-P3-13
v03.csv,V3,V03-T-184,F-P3-13
v03.csv,V3,V03-T-185,F-DONE-memory-graph
v03.csv,V3,V03-T-186,F-P6-08
v03.csv,V3,V03-T-187,F-DONE-data-platform
v03.csv,V3,V03-T-188,F-P2-14
v03.csv,V3,V03-T-189,F-P7D-11
v03.csv,V3,V03-T-190,F-DONE-data-platform
v03.csv,V3,V03-T-191,F-DONE-data-platform
v03.csv,V3,V03-T-192,F-P3-03
v03.csv,V3,V03-T-193,F-DONE-data-platform
v03.csv,V3,V03-T-194,F-P3-03
v03.csv,V3,V03-T-195,F-P2-16
v03.csv,V3,V03-T-196,F-P5-03
v03.csv,V3,V03-T-197,F-P3-03
v03.csv,V3,V03-T-198,F-DONE-data-platform
v03.csv,V3,V03-T-199,F-DONE-data-platform
v03.csv,V3,V03-T-200,F-DONE-data-platform
v03.csv,V3,V03-T-201,F-DONE-data-platform
v03.csv,V3,V03-T-202,F-P6-06
v03.csv,V3,V03-T-203,F-P3-03
v03.csv,V3,V03-T-204,F-P7D-04
v03.csv,V3,V03-T-205,F-P7D-01
v03.csv,V3,V03-T-206,F-P6-04
v03.csv,V3,V03-T-207,F-P7A-04
v03.csv,V3,V03-T-208,F-P7D-01
v03.csv,V3,V03-T-209,F-P7D-04
v03.csv,V3,V03-T-210,F-P7D-04
v03.csv,V3,V03-T-211,F-P7A-01
v03.csv,V3,V03-T-212,F-P7A-01
v03.csv,V3,V03-T-213,F-P7A-03
v03.csv,V3,V03-T-214,F-P7A-07
v03.csv,V3,V03-T-215,F-P7A-07
v03.csv,V3,V03-T-216,F-P7A-06
v03.csv,V3,V03-T-217,F-P7A-04
v03.csv,V3,V03-T-218,F-P7A-04
v03.csv,V3,V03-T-219,F-P2-02
v03.csv,V3,V03-T-220,F-P2-04
v03.csv,V3,V03-T-221,F-P2-03
v03.csv,V3,V03-T-222,F-DONE-intelligence
v03.csv,V3,V03-T-223,F-P2-01
v03.csv,V3,V03-T-224,F-P2-02
v03.csv,V3,V03-T-225,F-P2-02
v03.csv,V3,V03-T-226,F-P2-02
v03.csv,V3,V03-T-227,F-P2-02
v03.csv,V3,V03-T-228,F-P2-02
v03.csv,V3,V03-T-229,F-P2-02
v03.csv,V3,V03-T-230,F-P6-04
v03.csv,V3,V03-T-231,F-DONE-decision
v03.csv,V3,V03-T-232,F-P6-06
v03.csv,V3,V03-T-233,F-DONE-decision
v03.csv,V3,V03-T-234,F-P7A-02
v03.csv,V3,V03-T-235,F-P7A-02
v03.csv,V3,V03-T-236,F-R0-02
v03.csv,V3,V03-T-237,F-P7B-01
v03.csv,V3,V03-T-238,F-P7B-03
v03.csv,V3,V03-T-239,F-P7B-03
v03.csv,V3,V03-T-240,F-P7B-03
v03.csv,V3,V03-T-241,F-P7B-01
v03.csv,V3,V03-T-242,F-P7B-03
v03.csv,V3,V03-T-243,F-P7B-03
v03.csv,V3,V03-T-244,F-P7B-01
v03.csv,V3,V03-T-245,F-P3-15
v03.csv,V3,V03-T-246,F-DONE-memory-graph
v03.csv,V3,V03-T-247,F-P7A-07
v03.csv,V3,V03-T-248,F-DONE-memory-graph
v03.csv,V3,V03-T-249,F-P3-15
v03.csv,V3,V03-T-250,F-P3-16
v03.csv,V3,V03-T-251,F-P3-16
v03.csv,V3,V03-T-252,F-P7C-02
v03.csv,V3,V03-T-253,F-P7C-02
v03.csv,V3,V03-T-254,F-P7C-02
v03.csv,V3,V03-T-255,F-P7C-03
v03.csv,V3,V03-T-256,F-P7C-03
v03.csv,V3,V03-T-257,F-P7C-01
v03.csv,V3,V03-T-258,F-P7C-01
v03.csv,V3,V03-T-259,F-P4-12
v03.csv,V3,V03-T-260,F-P4-10
v03.csv,V3,V03-T-261,F-P4-12
v03.csv,V3,V03-T-262,F-P6-07
v03.csv,V3,V03-T-263,F-P6-07
v03.csv,V3,V03-T-264,F-P4-12
v03.csv,V3,V03-T-265,F-P4-13
v03.csv,V3,V03-T-266,F-P1-04
v03.csv,V3,V03-T-267,F-DONE-observation
v03.csv,V3,V03-T-268,F-P1-03
v03.csv,V3,V03-T-269,F-DONE-observation
v03.csv,V3,V03-T-270,F-DONE-observation
v03.csv,V3,V03-T-271,F-P1-14
v03.csv,V3,V03-T-272,F-DONE-observation
v03.csv,V3,V03-T-273,F-DONE-observation
v03.csv,V3,V03-T-274,F-DONE-observation
v03.csv,V3,V03-T-275,F-P1-14
v03.csv,V3,V03-T-276,F-P1-03
v03.csv,V3,V03-T-277,F-P7D-08
v03.csv,V3,V03-T-278,F-P1-13
v03.csv,V3,V03-T-279,F-P2-08
v03.csv,V3,V03-T-280,F-P2-06
v03.csv,V3,V03-T-281,F-P2-09
v03.csv,V3,V03-T-282,F-P2-10
v03.csv,V3,V03-T-283,F-DONE-intelligence
v03.csv,V3,V03-T-284,F-P3-08
v03.csv,V3,V03-T-285,F-DONE-intelligence
v03.csv,V3,V03-T-286,F-P2-10
v03.csv,V3,V03-T-287,F-P2-14
v03.csv,V3,V03-T-288,F-P2-13
v03.csv,V3,V03-T-289,F-P2-13
v03.csv,V3,V03-T-290,F-P7D-08
v03.csv,V3,V03-T-291,F-P2-08
v03.csv,V3,V03-T-292,F-DONE-memory-graph
v03.csv,V3,V03-T-293,F-DONE-memory-graph
v03.csv,V3,V03-T-294,F-P3-05
v03.csv,V3,V03-T-295,F-DONE-memory-graph
v03.csv,V3,V03-T-296,F-P4-05
v03.csv,V3,V03-T-297,F-P3-05
v03.csv,V3,V03-T-298,F-DONE-memory-graph
v03.csv,V3,V03-T-299,F-DONE-memory-graph
v03.csv,V3,V03-T-300,F-P3-05
v03.csv,V3,V03-T-301,F-P3-05
v03.csv,V3,V03-T-302,F-P3-05
v03.csv,V3,V03-T-303,F-P7D-08
v03.csv,V3,V03-T-304,F-P3-05
v03.csv,V3,V03-T-305,F-DONE-twin-simulation
v03.csv,V3,V03-T-306,F-P5-02
v03.csv,V3,V03-T-307,F-P5-02
v03.csv,V3,V03-T-308,F-P5-02
v03.csv,V3,V03-T-309,F-P5-02
v03.csv,V3,V03-T-310,F-P5-02
v03.csv,V3,V03-T-311,F-P5-02
v03.csv,V3,V03-T-312,F-P5-02
v03.csv,V3,V03-T-313,F-DONE-twin-simulation
v03.csv,V3,V03-T-314,F-P5-03
v03.csv,V3,V03-T-315,F-P5-02
v03.csv,V3,V03-T-316,F-P7D-08
v03.csv,V3,V03-T-317,F-P5-02
v03.csv,V3,V03-T-318,F-DONE-prediction
v03.csv,V3,V03-T-319,F-P4-03
v03.csv,V3,V03-T-320,F-P4-01
v03.csv,V3,V03-T-321,F-P4-04
v03.csv,V3,V03-T-322,F-P4-06
v03.csv,V3,V03-T-323,F-P4-06
v03.csv,V3,V03-T-324,F-P4-01
v03.csv,V3,V03-T-325,F-P4-04
v03.csv,V3,V03-T-326,F-P4-02
v03.csv,V3,V03-T-327,F-P4-02
v03.csv,V3,V03-T-328,F-P4-05
v03.csv,V3,V03-T-329,F-P7D-08
v03.csv,V3,V03-T-330,F-P4-05
v03.csv,V3,V03-T-331,F-DONE-prediction
v03.csv,V3,V03-T-332,F-P4-07
v03.csv,V3,V03-T-333,F-P4-08
v03.csv,V3,V03-T-334,F-P4-09
v03.csv,V3,V03-T-335,F-DONE-prediction
v03.csv,V3,V03-T-336,F-P4-08
v03.csv,V3,V03-T-337,F-DONE-prediction
v03.csv,V3,V03-T-338,F-P4-07
v03.csv,V3,V03-T-339,F-P7C-05
v03.csv,V3,V03-T-340,F-P4-08
v03.csv,V3,V03-T-341,F-P4-09
v03.csv,V3,V03-T-342,F-P7D-08
v03.csv,V3,V03-T-343,F-P4-08
v03.csv,V3,V03-T-344,F-P5-06
v03.csv,V3,V03-T-345,F-P5-06
v03.csv,V3,V03-T-346,F-P5-06
v03.csv,V3,V03-T-347,F-P5-06
v03.csv,V3,V03-T-348,F-P5-07
v03.csv,V3,V03-T-349,F-P5-09
v03.csv,V3,V03-T-350,F-P5-06
v03.csv,V3,V03-T-351,F-DONE-twin-simulation
v03.csv,V3,V03-T-352,F-P5-07
v03.csv,V3,V03-T-353,F-P5-09
v03.csv,V3,V03-T-354,F-P5-06
v03.csv,V3,V03-T-355,F-P7D-08
v03.csv,V3,V03-T-356,F-DONE-twin-simulation
v03.csv,V3,V03-T-357,F-P6-01
v03.csv,V3,V03-T-358,F-P6-01
v03.csv,V3,V03-T-359,F-P6-01
v03.csv,V3,V03-T-360,F-P6-01
v03.csv,V3,V03-T-361,F-DONE-decision
v03.csv,V3,V03-T-362,F-P6-05
v03.csv,V3,V03-T-363,F-DONE-decision
v03.csv,V3,V03-T-364,F-P6-01
v03.csv,V3,V03-T-365,F-DONE-decision
v03.csv,V3,V03-T-366,F-P6-05
v03.csv,V3,V03-T-367,F-P6-06
v03.csv,V3,V03-T-368,F-P7D-08
v03.csv,V3,V03-T-369,F-P6-06
v03.csv,V3,V03-T-370,F-DONE-learning-evaluation
v03.csv,V3,V03-T-371,F-DONE-learning-evaluation
v03.csv,V3,V03-T-372,F-P6-05
v03.csv,V3,V03-T-373,F-P7B-02
v03.csv,V3,V03-T-374,F-P7B-01
v03.csv,V3,V03-T-375,F-P7B-09
v03.csv,V3,V03-T-376,F-DONE-learning-evaluation
v03.csv,V3,V03-T-377,F-P7B-02
v03.csv,V3,V03-T-378,F-P7B-01
v03.csv,V3,V03-T-379,F-P7B-01
v03.csv,V3,V03-T-380,F-P7B-02
v03.csv,V3,V03-T-381,F-P7D-08
v03.csv,V3,V03-T-382,F-P6-06
v03.csv,V3,V03-T-383,F-P7D-23
v03.csv,V3,V03-T-384,F-P7D-23
v03.csv,V3,V03-T-385,F-P7D-23
v03.csv,V3,V03-T-386,F-P7D-23
v03.csv,V3,V03-T-387,F-P7D-16
v03.csv,V3,V03-T-388,F-P7D-17
v03.csv,V3,V03-T-389,F-DONE-infrastructure
v03.csv,V3,V03-T-390,F-P7D-21
v03.csv,V3,V03-T-391,F-P7D-21
v03.csv,V3,V03-T-392,F-P7D-21
v03.csv,V3,V03-T-393,F-P7D-21
v03.csv,V3,V03-T-394,F-P7D-21
v03.csv,V3,V03-T-395,F-P7D-21
v03.csv,V3,V03-T-396,F-P7D-22
v03.csv,V3,V03-T-397,F-P7D-22
v03.csv,V3,V03-T-398,F-P7D-22
v03.csv,V3,V03-T-399,F-P7D-22
v03.csv,V3,V03-T-400,F-P7D-22
v03.csv,V3,V03-T-401,F-P7D-22
v03.csv,V3,V03-T-402,F-P7D-22
v03.csv,V3,V03-T-403,F-P7D-20
v03.csv,V3,V03-T-404,F-P7D-20
v03.csv,V3,V03-T-405,F-P7D-22
v03.csv,V3,V03-T-406,F-P7D-20
v03.csv,V3,V03-T-407,F-P7D-20
v03.csv,V3,V03-T-408,F-P7D-20
v03.csv,V3,V03-T-409,F-P7D-20
v03.csv,V3,V03-T-410,F-P7D-06
v03.csv,V3,V03-T-411,F-P7D-06
v03.csv,V3,V03-T-412,F-P7D-03
v03.csv,V3,V03-T-413,F-P1-03
v03.csv,V3,V03-T-414,F-P7D-18
v03.csv,V3,V03-T-415,F-P7D-18
v03.csv,V3,V03-T-416,F-P7D-18
v03.csv,V3,V03-T-417,F-P7D-07
v03.csv,V3,V03-T-418,F-P7D-01
v03.csv,V3,V03-T-419,F-R0-05
v03.csv,V3,V03-T-420,F-P7D-03
v03.csv,V3,V03-T-421,F-P7A-07
v03.csv,V3,V03-T-422,F-DONE-identity-policy
v03.csv,V3,V03-T-423,F-P7D-02
v03.csv,V3,V03-T-424,F-P7D-18
v03.csv,V3,V03-T-425,F-P7D-11
v03.csv,V3,V03-T-426,F-R0-02
v03.csv,V3,V03-T-427,F-DONE-infrastructure
v03.csv,V3,V03-T-428,F-P7D-11
v03.csv,V3,V03-T-429,F-P7D-11
v03.csv,V3,V03-T-430,F-P7D-11
v03.csv,V3,V03-T-431,F-P7D-11
v03.csv,V3,V03-T-432,F-P7D-08
v03.csv,V3,V03-T-433,F-P7D-25
v03.csv,V3,V03-T-434,F-P7D-09
v03.csv,V3,V03-T-435,F-P7D-18
v03.csv,V3,V03-T-436,F-P7D-08
v03.csv,V3,V03-T-437,F-P7D-09
v03.csv,V3,V03-T-438,F-P7-F-07
v03.csv,V3,V03-T-439,F-P7-F-07
v03.csv,V3,V03-T-440,F-P1-12
v03.csv,V3,V03-T-441,F-P7-F-08
v03.csv,V3,V03-T-442,F-P7-F-07
v03.csv,V3,V03-T-443,F-P7-F-08
v03.csv,V3,V03-T-444,F-P7-F-08
v03.csv,V3,V03-T-445,F-P7-F-13
v03.csv,V3,V03-T-446,F-P7-F-13
v03.csv,V3,V03-T-447,F-P7-F-13
v03.csv,V3,V03-T-448,F-P7-F-13
v03.csv,V3,V03-T-449,F-P7-F-13
v03.csv,V3,V03-T-450,F-P7-F-13
v03.csv,V3,V03-T-451,F-P7D-25
v03.csv,V3,V03-T-452,F-P7D-25
v03.csv,V3,V03-T-453,F-P7D-25
v03.csv,V3,V03-T-454,F-P7D-09
v03.csv,V3,V03-T-455,F-P7D-09
v03.csv,V3,V03-T-456,F-P7D-09
v03.csv,V3,V03-T-457,F-P7D-09
v03.csv,V3,V03-T-458,F-P7D-09
v03.csv,V3,V03-T-459,F-P7D-09
v03.csv,V3,V03-T-460,F-P7D-15
v03.csv,V3,V03-T-461,F-P7D-16
v03.csv,V3,V03-T-462,F-P7D-16
v03.csv,V3,V03-T-463,F-P7D-16
v03.csv,V3,V03-T-464,F-P7D-16
v03.csv,V3,V03-T-465,F-P7D-16
v03.csv,V3,V03-T-466,F-P7D-16
v03.csv,V3,V03-T-467,F-DONE-governance-docs
v03.csv,V3,V03-T-468,F-P7D-23
v03.csv,V3,V03-T-469,F-P7D-23
v03.csv,V3,V03-T-470,F-P7D-23
v03.csv,V3,V03-T-471,F-P7D-23
v03.csv,V3,V03-T-472,F-P7D-23
v03.csv,V3,V03-T-473,F-P5-01
v03.csv,V3,V03-T-474,F-P7D-25
v03.csv,V3,V03-T-475,F-P7D-25
v03.csv,V3,V03-T-476,F-P7D-18
v03.csv,V3,V03-T-477,F-P7D-10
v03.csv,V3,V03-T-478,F-P7-F-13
v03.csv,V3,V03-T-479,F-P7D-25
v03.csv,V3,V03-T-480,F-P7D-25
v03.csv,V3,V03-T-481,F-P7-F-13
v03.csv,V3,V03-T-482,F-P7-F-13
v03.csv,V3,V03-T-483,F-P7-F-13
v03.csv,V3,V03-T-484,F-P7-F-13
v03.csv,V3,V03-T-485,F-P7-F-13
v03.csv,V3,V03-T-486,F-P7-F-13
v03.csv,V3,V03-T-487,F-P7-F-13
v04.csv,V4,ES-01-001,F-P7D-25
v04.csv,V4,ES-01-002,F-P7D-25
v04.csv,V4,ES-01-003,F-DONE-governance-docs
v04.csv,V4,ES-01-004,F-P7D-25
v04.csv,V4,ES-01-005,F-P7D-25
v04.csv,V4,ES-02-001,F-P7D-25
v04.csv,V4,ES-02-002,F-P7D-25
v04.csv,V4,ES-02-003,F-DONE-governance-docs
v04.csv,V4,ES-02-004,F-P7D-25
v04.csv,V4,ES-02-005,F-P7D-25
v04.csv,V4,ES-03-001,F-P7D-25
v04.csv,V4,ES-03-002,F-P7D-25
v04.csv,V4,ES-03-003,F-P7D-25
v04.csv,V4,ES-03-004,F-P7D-25
v04.csv,V4,ES-03-005,F-P7D-09
v04.csv,V4,ES-04-001,F-P7D-25
v04.csv,V4,ES-04-002,F-P7D-25
v04.csv,V4,ES-04-003,F-DONE-governance-docs
v04.csv,V4,ES-04-004,F-DONE-governance-docs
v04.csv,V4,ES-04-005,F-DONE-governance-docs
v04.csv,V4,ES-05-001,F-P3-01
v04.csv,V4,ES-05-002,F-DONE-governance-docs
v04.csv,V4,ES-05-003,F-DONE-governance-docs
v04.csv,V4,ES-05-004,F-P7D-11
v04.csv,V4,ES-05-005,F-P7B-01
v04.csv,V4,ES-06-001,F-P7D-25
v04.csv,V4,ES-06-002,F-P7D-25
v04.csv,V4,ES-06-003,F-P7D-25
v04.csv,V4,ES-06-004,F-P7D-25
v04.csv,V4,ES-06-005,F-P7D-25
v04.csv,V4,ES-07-001,F-DONE-infrastructure
v04.csv,V4,ES-07-002,F-P7D-21
v04.csv,V4,ES-07-003,F-P7D-21
v04.csv,V4,ES-07-004,F-P7D-21
v04.csv,V4,ES-07-005,F-P7A-07
v04.csv,V4,ES-08-001,F-P7D-06
v04.csv,V4,ES-08-002,F-P7D-06
v04.csv,V4,ES-08-003,F-DONE-infrastructure
v04.csv,V4,ES-08-004,F-P7D-06
v04.csv,V4,ES-08-005,F-P7D-06
v04.csv,V4,ES-09-001,F-P7D-21
v04.csv,V4,ES-09-002,F-P7D-21
v04.csv,V4,ES-09-003,F-P7D-11
v04.csv,V4,ES-09-004,F-P7D-21
v04.csv,V4,ES-09-005,F-P7D-08
v04.csv,V4,ES-10-001,F-P7D-17
v04.csv,V4,ES-10-002,F-P7D-01
v04.csv,V4,ES-10-003,F-P7D-20
v04.csv,V4,ES-10-004,F-P7D-20
v04.csv,V4,ES-10-005,F-P7D-20
v04.csv,V4,ES-11-001,F-P7D-25
v04.csv,V4,ES-11-002,F-P7D-25
v04.csv,V4,ES-11-003,F-DONE-infrastructure
v04.csv,V4,ES-11-004,F-P7D-15
v04.csv,V4,ES-11-005,F-P7D-25
v04.csv,V4,ES-12-001,F-P7D-14
v04.csv,V4,ES-12-002,F-DONE-infrastructure
v04.csv,V4,ES-12-003,F-P7D-14
v04.csv,V4,ES-12-004,F-DONE-infrastructure
v04.csv,V4,ES-12-005,F-P7D-12
v04.csv,V4,ES-13-001,F-DONE-infrastructure
v04.csv,V4,ES-13-002,F-DONE-infrastructure
v04.csv,V4,ES-13-003,F-DONE-infrastructure
v04.csv,V4,ES-13-004,F-DONE-infrastructure
v04.csv,V4,ES-13-005,F-P7D-01
v04.csv,V4,ES-14-001,F-P7D-23
v04.csv,V4,ES-14-002,F-P7D-23
v04.csv,V4,ES-14-003,F-P7D-23
v04.csv,V4,ES-14-004,F-P7D-23
v04.csv,V4,ES-14-005,F-P7D-23
v04.csv,V4,ES-15-001,F-P7D-15
v04.csv,V4,ES-15-002,F-P7D-15
v04.csv,V4,ES-15-003,F-P7D-15
v04.csv,V4,ES-15-004,F-P7D-08
v04.csv,V4,ES-15-005,F-P7D-15
v04.csv,V4,ES-16-001,F-P7D-15
v04.csv,V4,ES-16-002,F-P7D-15
v04.csv,V4,ES-16-003,F-P7D-15
v04.csv,V4,ES-16-004,F-DONE-data-platform
v04.csv,V4,ES-16-005,F-P7D-15
v04.csv,V4,ES-17-001,F-DONE-data-platform
v04.csv,V4,ES-17-002,F-P7D-15
v04.csv,V4,ES-17-003,F-P7D-15
v04.csv,V4,ES-17-004,F-DONE-data-platform
v04.csv,V4,ES-17-005,F-DONE-data-platform
v04.csv,V4,ES-18-001,F-P7D-15
v04.csv,V4,ES-18-002,F-P7D-15
v04.csv,V4,ES-18-003,F-P7D-15
v04.csv,V4,ES-18-004,F-DONE-data-platform
v04.csv,V4,ES-18-005,F-P7D-15
v04.csv,V4,ES-19-001,F-DONE-data-platform
v04.csv,V4,ES-19-002,F-P7D-15
v04.csv,V4,ES-19-003,F-P7D-15
v04.csv,V4,ES-19-004,F-P7D-15
v04.csv,V4,ES-19-005,F-DONE-data-platform
v04.csv,V4,ES-20-001,F-DONE-data-platform
v04.csv,V4,ES-20-002,F-DONE-data-platform
v04.csv,V4,ES-20-003,F-P7D-15
v04.csv,V4,ES-20-004,F-P7D-15
v04.csv,V4,ES-20-005,F-P7D-15
v04.csv,V4,ES-21-001,F-P7D-15
v04.csv,V4,ES-21-002,F-DONE-data-platform
v04.csv,V4,ES-21-003,F-P2-14
v04.csv,V4,ES-21-004,F-P7D-15
v04.csv,V4,ES-21-005,F-P7D-15
v04.csv,V4,ES-22-001,F-P7D-15
v04.csv,V4,ES-22-002,F-P7D-15
v04.csv,V4,ES-22-003,F-P7D-15
v04.csv,V4,ES-22-004,F-P7D-15
v04.csv,V4,ES-22-005,F-P6-06
v04.csv,V4,ES-23-001,F-P7D-15
v04.csv,V4,ES-23-002,F-P7D-15
v04.csv,V4,ES-23-003,F-P7D-15
v04.csv,V4,ES-23-004,F-P7D-15
v04.csv,V4,ES-23-005,F-P7D-15
v04.csv,V4,ES-24-001,F-DONE-data-platform
v04.csv,V4,ES-24-002,F-DONE-data-platform
v04.csv,V4,ES-24-003,F-P3-01
v04.csv,V4,ES-24-004,F-P2-03
v04.csv,V4,ES-24-005,F-DONE-data-platform
v04.csv,V4,ES-25-001,F-P3-01
v04.csv,V4,ES-25-002,F-P3-01
v04.csv,V4,ES-25-003,F-P3-01
v04.csv,V4,ES-25-004,F-P3-07
v04.csv,V4,ES-25-005,F-P3-10
v04.csv,V4,ES-26-001,F-P3-01
v04.csv,V4,ES-26-002,F-DONE-data-platform
v04.csv,V4,ES-26-003,F-DONE-data-platform
v04.csv,V4,ES-26-004,F-P3-01
v04.csv,V4,ES-26-005,F-P7D-02
v04.csv,V4,ES-27-001,F-P2-14
v04.csv,V4,ES-27-002,F-P2-14
v04.csv,V4,ES-27-003,F-P2-14
v04.csv,V4,ES-27-004,F-P2-14
v04.csv,V4,ES-27-005,F-DONE-data-platform
v04.csv,V4,ES-28-001,F-DONE-data-platform
v04.csv,V4,ES-28-002,F-DONE-data-platform
v04.csv,V4,ES-28-003,F-DONE-data-platform
v04.csv,V4,ES-28-004,F-P3-03
v04.csv,V4,ES-28-005,F-P3-06
v04.csv,V4,ES-29-001,F-DONE-data-platform
v04.csv,V4,ES-29-002,F-P1-02
v04.csv,V4,ES-29-003,F-P7D-04
v04.csv,V4,ES-29-004,F-P1-02
v04.csv,V4,ES-29-005,F-P7-F-08
v04.csv,V4,ES-30-001,F-DONE-data-platform
v04.csv,V4,ES-30-002,F-DONE-data-platform
v04.csv,V4,ES-30-003,F-P3-05
v04.csv,V4,ES-30-004,F-DONE-data-platform
v04.csv,V4,ES-30-005,F-P3-05
v04.csv,V4,ES-31-001,F-P1-01
v04.csv,V4,ES-31-002,F-P7D-25
v04.csv,V4,ES-31-003,F-P7D-08
v04.csv,V4,ES-31-004,F-P7D-15
v04.csv,V4,ES-31-005,F-P1-03
v04.csv,V4,ES-31-006,F-DONE-observation
v04.csv,V4,ES-31-007,F-P1-04
v04.csv,V4,ES-31-008,F-P1-14
v04.csv,V4,ES-31-009,F-P1-14
v04.csv,V4,ES-31-010,F-P7D-24
v04.csv,V4,ES-32-001,F-P2-10
v04.csv,V4,ES-32-002,F-P7D-25
v04.csv,V4,ES-32-003,F-P7D-08
v04.csv,V4,ES-32-004,F-P7D-15
v04.csv,V4,ES-32-005,F-DONE-intelligence
v04.csv,V4,ES-32-006,F-P2-14
v04.csv,V4,ES-32-007,F-P2-04
v04.csv,V4,ES-32-008,F-P2-15
v04.csv,V4,ES-32-009,F-P2-15
v04.csv,V4,ES-32-010,F-P7D-24
v04.csv,V4,ES-33-001,F-P3-14
v04.csv,V4,ES-33-002,F-P7D-25
v04.csv,V4,ES-33-003,F-P7D-08
v04.csv,V4,ES-33-004,F-P7D-15
v04.csv,V4,ES-33-005,F-DONE-memory-graph
v04.csv,V4,ES-33-006,F-DONE-memory-graph
v04.csv,V4,ES-33-007,F-P3-14
v04.csv,V4,ES-33-008,F-P3-11
v04.csv,V4,ES-33-009,F-P3-14
v04.csv,V4,ES-33-010,F-P7D-24
v04.csv,V4,ES-34-001,F-P3-07
v04.csv,V4,ES-34-002,F-P7D-25
v04.csv,V4,ES-34-003,F-P7D-08
v04.csv,V4,ES-34-004,F-P7D-15
v04.csv,V4,ES-34-005,F-DONE-memory-graph
v04.csv,V4,ES-34-006,F-DONE-memory-graph
v04.csv,V4,ES-34-007,F-P3-07
v04.csv,V4,ES-34-008,F-P3-11
v04.csv,V4,ES-34-009,F-P3-08
v04.csv,V4,ES-34-010,F-P7D-24
v04.csv,V4,ES-35-001,F-P5-01
v04.csv,V4,ES-35-002,F-P7D-25
v04.csv,V4,ES-35-003,F-P7D-08
v04.csv,V4,ES-35-004,F-P7D-15
v04.csv,V4,ES-35-005,F-DONE-twin-simulation
v04.csv,V4,ES-35-006,F-DONE-twin-simulation
v04.csv,V4,ES-35-007,F-P5-04
v04.csv,V4,ES-35-008,F-P5-04
v04.csv,V4,ES-35-009,F-P5-04
v04.csv,V4,ES-35-010,F-P7D-24
v04.csv,V4,ES-36-001,F-P4-05
v04.csv,V4,ES-36-002,F-P7D-25
v04.csv,V4,ES-36-003,F-P7D-08
v04.csv,V4,ES-36-004,F-P7D-15
v04.csv,V4,ES-36-005,F-DONE-prediction
v04.csv,V4,ES-36-006,F-P4-04
v04.csv,V4,ES-36-007,F-P4-02
v04.csv,V4,ES-36-008,F-P4-05
v04.csv,V4,ES-36-009,F-P4-05
v04.csv,V4,ES-36-010,F-P7D-24
v04.csv,V4,ES-37-001,F-P4-07
v04.csv,V4,ES-37-002,F-P7D-25
v04.csv,V4,ES-37-003,F-P7D-08
v04.csv,V4,ES-37-004,F-P7D-15
v04.csv,V4,ES-37-005,F-DONE-prediction
v04.csv,V4,ES-37-006,F-DONE-prediction
v04.csv,V4,ES-37-007,F-P4-09
v04.csv,V4,ES-37-008,F-P4-09
v04.csv,V4,ES-37-009,F-P4-09
v04.csv,V4,ES-37-010,F-P7D-24
v04.csv,V4,ES-38-001,F-P5-06
v04.csv,V4,ES-38-002,F-P7D-25
v04.csv,V4,ES-38-003,F-P7D-08
v04.csv,V4,ES-38-004,F-P7D-15
v04.csv,V4,ES-38-005,F-DONE-twin-simulation
v04.csv,V4,ES-38-006,F-DONE-twin-simulation
v04.csv,V4,ES-38-007,F-P5-06
v04.csv,V4,ES-38-008,F-P5-06
v04.csv,V4,ES-38-009,F-P5-06
v04.csv,V4,ES-38-010,F-P7D-24
v04.csv,V4,ES-39-001,F-P6-01
v04.csv,V4,ES-39-002,F-P7D-25
v04.csv,V4,ES-39-003,F-P7D-08
v04.csv,V4,ES-39-004,F-P7D-15
v04.csv,V4,ES-39-005,F-DONE-decision
v04.csv,V4,ES-39-006,F-DONE-decision
v04.csv,V4,ES-39-007,F-P6-04
v04.csv,V4,ES-39-008,F-P6-06
v04.csv,V4,ES-39-009,F-P6-04
v04.csv,V4,ES-39-010,F-P7D-24
v04.csv,V4,ES-40-001,F-P6-07
v04.csv,V4,ES-40-002,F-P7D-25
v04.csv,V4,ES-40-003,F-P7D-08
v04.csv,V4,ES-40-004,F-P7D-15
v04.csv,V4,ES-40-005,F-DONE-executive-os
v04.csv,V4,ES-40-006,F-DONE-executive-os
v04.csv,V4,ES-40-007,F-P6-07
v04.csv,V4,ES-40-008,F-P6-11
v04.csv,V4,ES-40-009,F-P6-12
v04.csv,V4,ES-40-010,F-P7D-24
v04.csv,V4,ES-41-001,F-P7A-02
v04.csv,V4,ES-41-002,F-P7A-02
v04.csv,V4,ES-41-003,F-P7A-02
v04.csv,V4,ES-41-004,F-P7A-02
v04.csv,V4,ES-41-005,F-DONE-agents
v04.csv,V4,ES-42-001,F-DONE-decision
v04.csv,V4,ES-42-002,F-P6-04
v04.csv,V4,ES-42-003,F-DONE-decision
v04.csv,V4,ES-42-004,F-DONE-decision
v04.csv,V4,ES-42-005,F-P6-04
v04.csv,V4,ES-43-001,F-P7A-03
v04.csv,V4,ES-43-002,F-P7A-03
v04.csv,V4,ES-43-003,F-P7A-05
v04.csv,V4,ES-43-004,F-P7A-06
v04.csv,V4,ES-43-005,F-DONE-agents
v04.csv,V4,ES-44-001,F-P7A-07
v04.csv,V4,ES-44-002,F-P7A-07
v04.csv,V4,ES-44-003,F-P7A-07
v04.csv,V4,ES-44-004,F-P7A-07
v04.csv,V4,ES-44-005,F-P7A-07
v04.csv,V4,ES-45-001,F-DONE-intelligence
v04.csv,V4,ES-45-002,F-P7B-03
v04.csv,V4,ES-45-003,F-P2-03
v04.csv,V4,ES-45-004,F-P2-02
v04.csv,V4,ES-45-005,F-DONE-intelligence
v04.csv,V4,ES-46-001,F-P7B-03
v04.csv,V4,ES-46-002,F-P7B-03
v04.csv,V4,ES-46-003,F-P7B-03
v04.csv,V4,ES-46-004,F-P7B-03
v04.csv,V4,ES-46-005,F-P7B-03
v04.csv,V4,ES-47-001,F-P4-12
v04.csv,V4,ES-47-002,F-P4-12
v04.csv,V4,ES-47-003,F-P4-12
v04.csv,V4,ES-47-004,F-P4-12
v04.csv,V4,ES-47-005,F-P4-12
v04.csv,V4,ES-48-001,F-DONE-learning-evaluation
v04.csv,V4,ES-48-002,F-DONE-learning-evaluation
v04.csv,V4,ES-48-003,F-P6-06
v04.csv,V4,ES-48-004,F-P7B-01
v04.csv,V4,ES-48-005,F-P7B-09
v04.csv,V4,ES-49-001,F-DONE-identity-policy
v04.csv,V4,ES-49-002,F-P7D-01
v04.csv,V4,ES-49-003,F-P7D-01
v04.csv,V4,ES-49-004,F-P7D-01
v04.csv,V4,ES-49-005,F-DONE-identity-policy
v04.csv,V4,ES-50-001,F-DONE-identity-policy
v04.csv,V4,ES-50-002,F-DONE-identity-policy
v04.csv,V4,ES-50-003,F-P3-16
v04.csv,V4,ES-50-004,F-P7D-01
v04.csv,V4,ES-50-005,F-P7D-24
v04.csv,V4,ES-51-001,F-DONE-identity-policy
v04.csv,V4,ES-51-002,F-DONE-identity-policy
v04.csv,V4,ES-51-003,F-P7D-07
v04.csv,V4,ES-51-004,F-DONE-identity-policy
v04.csv,V4,ES-51-005,F-P7D-07
v04.csv,V4,ES-52-001,F-P7D-03
v04.csv,V4,ES-52-002,F-P7D-03
v04.csv,V4,ES-52-003,F-P7D-03
v04.csv,V4,ES-52-004,F-P7D-03
v04.csv,V4,ES-52-005,F-P7D-03
v04.csv,V4,ES-53-001,F-P7D-02
v04.csv,V4,ES-53-002,F-P7D-02
v04.csv,V4,ES-53-003,F-P7D-02
v04.csv,V4,ES-53-004,F-P7D-20
v04.csv,V4,ES-53-005,F-P7D-02
v04.csv,V4,ES-54-001,F-P7D-05
v04.csv,V4,ES-54-002,F-P7D-05
v04.csv,V4,ES-54-003,F-P7D-06
v04.csv,V4,ES-54-004,F-P7D-05
v04.csv,V4,ES-54-005,F-P7D-05
v04.csv,V4,ES-55-001,F-P7D-19
v04.csv,V4,ES-55-002,F-DONE-identity-policy
v04.csv,V4,ES-55-003,F-DONE-identity-policy
v04.csv,V4,ES-55-004,F-P7D-19
v04.csv,V4,ES-55-005,F-P7-F-08
v04.csv,V4,ES-56-001,F-P7D-16
v04.csv,V4,ES-56-002,F-P7C-01
v04.csv,V4,ES-56-003,F-P7C-02
v04.csv,V4,ES-56-004,F-P7D-16
v04.csv,V4,ES-56-005,F-P7C-03
v04.csv,V4,ES-57-001,F-P7D-09
v04.csv,V4,ES-57-002,F-P7D-09
v04.csv,V4,ES-57-003,F-P7D-09
v04.csv,V4,ES-57-004,F-P7D-09
v04.csv,V4,ES-57-005,F-P7D-09
v04.csv,V4,ES-58-001,F-P7D-10
v04.csv,V4,ES-58-002,F-P7D-10
v04.csv,V4,ES-58-003,F-P7D-07
v04.csv,V4,ES-58-004,F-P7D-10
v04.csv,V4,ES-58-005,F-P7D-10
v04.csv,V4,ES-59-001,F-P7D-11
v04.csv,V4,ES-59-002,F-P7D-11
v04.csv,V4,ES-59-003,F-P7D-11
v04.csv,V4,ES-59-004,F-P7D-11
v04.csv,V4,ES-59-005,F-P7D-13
v04.csv,V4,ES-60-001,F-P7D-11
v04.csv,V4,ES-60-002,F-P7D-11
v04.csv,V4,ES-60-003,F-P7D-11
v04.csv,V4,ES-60-004,F-P7D-11
v04.csv,V4,ES-60-005,F-P7D-11
v04.csv,V4,ES-61-001,F-P7D-12
v04.csv,V4,ES-61-002,F-P7D-12
v04.csv,V4,ES-61-003,F-P7D-12
v04.csv,V4,ES-61-004,F-P7D-13
v04.csv,V4,ES-61-005,F-P7D-12
v04.csv,V4,ES-62-001,F-P7D-08
v04.csv,V4,ES-62-002,F-P7D-08
v04.csv,V4,ES-62-003,F-DONE-infrastructure
v04.csv,V4,ES-62-004,F-P7D-08
v04.csv,V4,ES-62-005,F-P7D-08
v04.csv,V4,ES-63-001,F-P7D-18
v04.csv,V4,ES-63-002,F-P7D-18
v04.csv,V4,ES-63-003,F-P7D-18
v04.csv,V4,ES-63-004,F-P7D-18
v04.csv,V4,ES-63-005,F-P7D-18
v04.csv,V4,ES-64-001,F-P3-06
v04.csv,V4,ES-64-002,F-P3-06
v04.csv,V4,ES-64-003,F-P3-06
v04.csv,V4,ES-64-004,F-P3-06
v04.csv,V4,ES-64-005,F-P3-06
v04.csv,V4,ES-65-001,F-P7D-25
v04.csv,V4,ES-65-002,F-P7D-25
v04.csv,V4,ES-65-003,F-DONE-governance-docs
v04.csv,V4,ES-65-004,F-P7D-25
v04.csv,V4,ES-65-005,F-DONE-governance-docs
v04.csv,V4,ES-66-001,F-P7D-16
v04.csv,V4,ES-66-002,F-P7D-16
v04.csv,V4,ES-66-003,F-P7D-16
v04.csv,V4,ES-66-004,F-P7D-16
v04.csv,V4,ES-66-005,F-P7D-16
v04.csv,V4,ES-67-001,F-P7D-25
v04.csv,V4,ES-67-002,F-P7D-25
v04.csv,V4,ES-67-003,F-P7D-25
v04.csv,V4,ES-67-004,F-P7D-25
v04.csv,V4,ES-67-005,F-P7D-25
v04.csv,V4,ES-68-001,F-P7D-16
v04.csv,V4,ES-68-002,F-P7D-16
v04.csv,V4,ES-68-003,F-P7D-16
v04.csv,V4,ES-68-004,F-P7D-25
v04.csv,V4,ES-68-005,F-P7D-16
v04.csv,V4,ES-69-001,F-P7D-16
v04.csv,V4,ES-69-002,F-P7D-16
v04.csv,V4,ES-69-003,F-P7D-16
v04.csv,V4,ES-69-004,F-P7D-16
v04.csv,V4,ES-69-005,F-P7D-16
v04.csv,V4,ES-70-001,F-P7D-17
v04.csv,V4,ES-70-002,F-P7D-17
v04.csv,V4,ES-70-003,F-P7D-17
v04.csv,V4,ES-70-004,F-P7D-20
v04.csv,V4,ES-70-005,F-P7D-17
v04.csv,V4,ES-71-001,F-P7D-25
v04.csv,V4,ES-71-002,F-P7D-25
v04.csv,V4,ES-71-003,F-P7D-25
v04.csv,V4,ES-71-004,F-P7D-25
v04.csv,V4,ES-71-005,F-P7D-25
v04.csv,V4,ES-72-001,F-P7D-25
v04.csv,V4,ES-72-002,F-NA
v04.csv,V4,ES-72-003,F-P7D-25
v04.csv,V4,ES-72-004,F-DONE-governance-docs
v04.csv,V4,ES-72-005,F-P7D-25
v04.csv,V4,SLO-001,F-P7D-09
v04.csv,V4,SLO-002,F-P7D-09
v04.csv,V4,SLO-003,F-P7D-09
v04.csv,V4,SLO-004,F-P7D-09
v04.csv,V4,SLO-005,F-P7D-09
v04.csv,V4,SLO-006,F-P7D-09
v04.csv,V4,SLO-007,F-P7D-09
v04.csv,V4,SLO-008,F-P7D-09
v04.csv,V4,SLO-009,F-P7D-09
v04.csv,V4,SLO-010,F-P7D-09
v04.csv,V4,SLO-011,F-P7D-09
v04.csv,V4,SLO-012,F-P7D-09
v04.csv,V4,SLO-013,F-P7D-09
v04.csv,V4,SLO-014,F-P7D-09
v04.csv,V4,SLO-015,F-P7D-09
v04.csv,V4,SLO-016,F-P7D-09
v04.csv,V4,SLO-017,F-P7D-09
v04.csv,V4,SLO-018,F-P7D-09
v04.csv,V4,SLO-019,F-P7D-09
v04.csv,V4,SLO-020,F-P7D-09
v04.csv,V4,SLO-021,F-P7D-09
v04.csv,V4,SLO-022,F-P7D-23
v04.csv,V4,TS-001,F-DONE-governance-docs
v04.csv,V4,TS-002,F-P7D-15
v04.csv,V4,TS-003,F-P7D-15
v04.csv,V4,TS-004,F-DONE-governance-docs
v04.csv,V4,TS-005,F-DONE-governance-docs
v04.csv,V4,TS-006,F-P7D-04
v04.csv,V4,TS-007,F-P7D-07
v04.csv,V4,TS-008,F-P7A-02
v04.csv,V4,TS-009,F-DONE-governance-docs
v04.csv,V4,TS-010,F-P7A-08
v04.csv,V4,TS-011,F-P7B-03
v04.csv,V4,TS-012,F-P1-15
v04.csv,V4,TS-013,F-P7D-10
v04.csv,V4,TS-014,F-P7D-11
v04.csv,V4,TS-015,F-P7D-12
v04.csv,V4,TS-016,F-DONE-governance-docs
v04.csv,V4,TS-017,F-P7D-05
v04.csv,V4,TS-018,F-P7D-23
v04.csv,V4,TS-019,F-P7D-16
v04.csv,V4,TS-020,F-P7D-25
v04.csv,V4,ADR-0001,F-P7D-25
v04.csv,V4,ADR-0002,F-P3-07
v04.csv,V4,ADR-0003,F-P3-01
v04.csv,V4,ADR-0004,F-DONE-governance-docs
v04.csv,V4,ADR-0005,F-DONE-governance-docs
v04.csv,V4,ADR-0006,F-DONE-governance-docs
v04.csv,V4,ADR-0007,F-DONE-governance-docs
v04.csv,V4,ADR-0008,F-P7A-02
v04.csv,V4,ADR-0009,F-P7A-01
v04.csv,V4,ADR-0010,F-P2-01
v04.csv,V4,ADR-0011,F-P5-03
v04.csv,V4,ADR-0012,F-P4-04
v04.csv,V4,ADR-0013,F-P4-08
v04.csv,V4,ADR-0014,F-DONE-governance-docs
v04.csv,V4,ADR-0015,F-DONE-governance-docs
v04.csv,V4,ADR-0016,F-P7D-23
v04.csv,V4,ADR-0017,F-P7D-06
v04.csv,V4,ADR-0018,F-P7D-11
v04.csv,V4,ADR-0019,F-P7C-01
v04.csv,V4,ADR-0020,F-P7B-01
v04.csv,V4,EYE-REQ-001,F-DONE-data-platform
v04.csv,V4,EYE-REQ-002,F-P7D-15
v04.csv,V4,EYE-IDN-001,F-P3-01
v04.csv,V4,EYE-IDN-002,F-DONE-data-platform
v04.csv,V4,EYE-AUT-001,F-DONE-data-platform
v04.csv,V4,EYE-AUT-002,F-P3-01
v04.csv,V4,EYE-AUT-003,F-P7D-15
v04.csv,V4,EYE-TEN-001,F-DONE-data-platform
v04.csv,V4,EYE-STA-001,F-P3-01
v04.csv,V4,EYE-STA-002,F-DONE-data-platform
v04.csv,V4,EYE-STA-003,F-P3-01
v04.csv,V4,EYE-TMP-001,F-DONE-data-platform
v04.csv,V4,EYE-PRV-001,F-DONE-data-platform
v04.csv,V4,EYE-QUA-001,F-P7D-15
v04.csv,V4,EYE-QUA-002,F-P7D-15
v04.csv,V4,EYE-WFL-001,F-P3-01
v04.csv,V4,EYE-WFL-002,F-P3-01
v04.csv,V4,EYE-WFL-003,F-P7D-15
v04.csv,V4,EYE-AGT-001,F-P7D-15
v04.csv,V4,EYE-MDL-001,F-P7D-15
v04.csv,V4,EYE-DEP-001,F-P7D-15
v04.csv,V4,EYE-CAP-001,F-P7D-15
v04.csv,V4,EYE-DEG-001,F-P7D-15
v04.csv,V4,EYE-INT-001,F-P7D-15
v04.csv,V4,EYE-AUD-001,F-P7D-15
v04.csv,V4,EYE-EXT-001,F-P7D-15
v04.csv,V4,EYE-RCV-001,F-P7D-15
v04.csv,V4,EYE-GOV-001,F-P7D-15
v04.csv,V4,V04-T-001,F-P7D-25
v04.csv,V4,V04-T-002,F-NA
v04.csv,V4,V04-T-003,F-P7D-25
v04.csv,V4,V04-T-004,F-P7D-25
v04.csv,V4,V04-T-005,F-P7D-15
v04.csv,V4,V04-T-006,F-P3-01
v04.csv,V4,V04-T-007,F-P7D-15
v04.csv,V4,V04-T-008,F-P7D-15
v04.csv,V4,V04-T-009,F-DONE-data-platform
v04.csv,V4,V04-T-010,F-P7A-07
v04.csv,V4,V04-T-011,F-P7D-09
v04.csv,V4,V04-T-012,F-P7D-25
v04.csv,V4,V04-T-013,F-P7D-16
v04.csv,V4,V04-T-014,F-P7D-16
v04.csv,V4,V04-T-015,F-NA
v04.csv,V4,V04-T-016,F-P7D-16
v04.csv,V4,V04-T-017,F-P7D-25
v04.csv,V4,V04-T-018,F-P7D-25
v04.csv,V4,V04-T-019,F-P1-04
v04.csv,V4,V04-T-020,F-P1-14
v04.csv,V4,V04-T-021,F-P2-04
v04.csv,V4,V04-T-022,F-P2-15
v04.csv,V4,V04-T-023,F-P3-14
v04.csv,V4,V04-T-024,F-P3-14
v04.csv,V4,V04-T-025,F-P3-07
v04.csv,V4,V04-T-026,F-P3-08
v04.csv,V4,V04-T-027,F-P5-04
v04.csv,V4,V04-T-028,F-P5-04
v04.csv,V4,V04-T-029,F-P4-02
v04.csv,V4,V04-T-030,F-P4-05
v04.csv,V4,V04-T-031,F-P4-09
v04.csv,V4,V04-T-032,F-P4-09
v04.csv,V4,V04-T-033,F-P5-06
v04.csv,V4,V04-T-034,F-P5-06
v04.csv,V4,V04-T-035,F-P6-04
v04.csv,V4,V04-T-036,F-P6-04
v04.csv,V4,V04-T-037,F-P6-07
v04.csv,V4,V04-T-038,F-P6-12
v05.csv,V5,AI-01-001,F-P7B-10
v05.csv,V5,AI-01-002,F-DONE-governance-docs
v05.csv,V5,AI-01-003,F-DONE-governance-docs
v05.csv,V5,AI-01-004,F-P7D-25
v05.csv,V5,AI-01-005,F-P7B-09
v05.csv,V5,AI-02-001,F-P2-03
v05.csv,V5,AI-02-002,F-P2-03
v05.csv,V5,AI-02-003,F-P7B-10
v05.csv,V5,AI-02-004,F-P7B-10
v05.csv,V5,AI-02-005,F-P7B-08
v05.csv,V5,AI-03-001,F-P6-04
v05.csv,V5,AI-03-002,F-DONE-decision
v05.csv,V5,AI-03-003,F-P6-04
v05.csv,V5,AI-03-004,F-P6-04
v05.csv,V5,AI-03-005,F-P7D-18
v05.csv,V5,AI-04-001,F-P6-03
v05.csv,V5,AI-04-002,F-P6-03
v05.csv,V5,AI-04-003,F-P6-03
v05.csv,V5,AI-04-004,F-P6-03
v05.csv,V5,AI-04-005,F-P7B-05
v05.csv,V5,AI-05-001,F-P2-01
v05.csv,V5,AI-05-002,F-P2-02
v05.csv,V5,AI-05-003,F-P2-02
v05.csv,V5,AI-05-004,F-DONE-intelligence
v05.csv,V5,AI-05-005,F-P7B-09
v05.csv,V5,AI-06-001,F-R0-03
v05.csv,V5,AI-06-002,F-P2-03
v05.csv,V5,AI-06-003,F-P3-03
v05.csv,V5,AI-06-004,F-P3-03
v05.csv,V5,AI-06-005,F-P7B-09
v05.csv,V5,AI-07-001,F-P2-03
v05.csv,V5,AI-07-002,F-DONE-intelligence
v05.csv,V5,AI-07-003,F-DONE-intelligence
v05.csv,V5,AI-07-004,F-P2-01
v05.csv,V5,AI-07-005,F-P7D-08
v05.csv,V5,AI-08-001,F-P7D-25
v05.csv,V5,AI-08-002,F-P2-01
v05.csv,V5,AI-08-003,F-P2-03
v05.csv,V5,AI-08-004,F-DONE-infrastructure
v05.csv,V5,AI-08-005,F-P7D-25
v05.csv,V5,AI-09-001,F-P2-10
v05.csv,V5,AI-09-002,F-DONE-intelligence
v05.csv,V5,AI-09-003,F-P2-14
v05.csv,V5,AI-09-004,F-P2-10
v05.csv,V5,AI-09-005,F-P7B-03
v05.csv,V5,AI-10-001,F-P2-03
v05.csv,V5,AI-10-002,F-P2-03
v05.csv,V5,AI-10-003,F-P2-03
v05.csv,V5,AI-10-004,F-P2-03
v05.csv,V5,AI-10-005,F-DONE-intelligence
v05.csv,V5,AI-11-001,F-P7A-01
v05.csv,V5,AI-11-002,F-P7A-01
v05.csv,V5,AI-11-003,F-DONE-agents
v05.csv,V5,AI-11-004,F-P7A-10
v05.csv,V5,AI-11-005,F-DONE-agents
v05.csv,V5,AI-12-001,F-P3-16
v05.csv,V5,AI-12-002,F-P3-16
v05.csv,V5,AI-12-003,F-P3-16
v05.csv,V5,AI-12-004,F-P3-16
v05.csv,V5,AI-12-005,F-P3-15
v05.csv,V5,AI-13-001,F-DONE-memory-graph
v05.csv,V5,AI-13-002,F-P3-14
v05.csv,V5,AI-13-003,F-DONE-memory-graph
v05.csv,V5,AI-13-004,F-P3-13
v05.csv,V5,AI-13-005,F-P3-16
v05.csv,V5,AI-14-001,F-P7B-03
v05.csv,V5,AI-14-002,F-P7B-03
v05.csv,V5,AI-14-003,F-P7B-01
v05.csv,V5,AI-14-004,F-P7B-09
v05.csv,V5,AI-14-005,F-P7B-03
v05.csv,V5,AI-15-001,F-DONE-intelligence
v05.csv,V5,AI-15-002,F-P2-03
v05.csv,V5,AI-15-003,F-P2-01
v05.csv,V5,AI-15-004,F-P2-03
v05.csv,V5,AI-15-005,F-P2-03
v05.csv,V5,AI-16-001,F-DONE-intelligence
v05.csv,V5,AI-16-002,F-P2-02
v05.csv,V5,AI-16-003,F-P2-02
v05.csv,V5,AI-16-004,F-DONE-intelligence
v05.csv,V5,AI-16-005,F-DONE-intelligence
v05.csv,V5,AI-17-001,F-P2-01
v05.csv,V5,AI-17-002,F-P2-01
v05.csv,V5,AI-17-003,F-P2-01
v05.csv,V5,AI-17-004,F-P2-01
v05.csv,V5,AI-17-005,F-P7B-09
v05.csv,V5,AI-18-001,F-P2-03
v05.csv,V5,AI-18-002,F-P2-04
v05.csv,V5,AI-18-003,F-P2-03
v05.csv,V5,AI-18-004,F-P2-03
v05.csv,V5,AI-18-005,F-P7B-09
v05.csv,V5,AI-19-001,F-P3-16
v05.csv,V5,AI-19-002,F-P3-16
v05.csv,V5,AI-19-003,F-P3-16
v05.csv,V5,AI-19-004,F-P7A-06
v05.csv,V5,AI-19-005,F-P3-16
v05.csv,V5,AI-20-001,F-DONE-intelligence
v05.csv,V5,AI-20-002,F-P2-14
v05.csv,V5,AI-20-003,F-P2-14
v05.csv,V5,AI-20-004,F-P2-14
v05.csv,V5,AI-20-005,F-DONE-intelligence
v05.csv,V5,AI-21-001,F-P2-04
v05.csv,V5,AI-21-002,F-P2-04
v05.csv,V5,AI-21-003,F-P2-04
v05.csv,V5,AI-21-004,F-DONE-identity-policy
v05.csv,V5,AI-21-005,F-P2-04
v05.csv,V5,AI-22-001,F-P2-05
v05.csv,V5,AI-22-002,F-P7D-07
v05.csv,V5,AI-22-003,F-P2-05
v05.csv,V5,AI-22-004,F-P7D-10
v05.csv,V5,AI-22-005,F-P7D-10
v05.csv,V5,AI-23-001,F-P3-15
v05.csv,V5,AI-23-002,F-P3-15
v05.csv,V5,AI-23-003,F-P3-15
v05.csv,V5,AI-23-004,F-P3-15
v05.csv,V5,AI-23-005,F-P3-15
v05.csv,V5,AI-24-001,F-DONE-memory-graph
v05.csv,V5,AI-24-002,F-P3-09
v05.csv,V5,AI-24-003,F-DONE-memory-graph
v05.csv,V5,AI-24-004,F-P3-09
v05.csv,V5,AI-24-005,F-NA
v05.csv,V5,AI-25-001,F-P7A-06
v05.csv,V5,AI-25-002,F-DONE-memory-graph
v05.csv,V5,AI-25-003,F-P7A-06
v05.csv,V5,AI-25-004,F-P7B-01
v05.csv,V5,AI-25-005,F-P3-14
v05.csv,V5,AI-26-001,F-P3-16
v05.csv,V5,AI-26-002,F-DONE-memory-graph
v05.csv,V5,AI-26-003,F-P3-16
v05.csv,V5,AI-26-004,F-P2-03
v05.csv,V5,AI-26-005,F-P4-05
v05.csv,V5,AI-27-001,F-DONE-memory-graph
v05.csv,V5,AI-27-002,F-P3-10
v05.csv,V5,AI-27-003,F-DONE-memory-graph
v05.csv,V5,AI-27-004,F-P3-10
v05.csv,V5,AI-27-005,F-P3-05
v05.csv,V5,AI-28-001,F-P5-03
v05.csv,V5,AI-28-002,F-P5-02
v05.csv,V5,AI-28-003,F-P5-03
v05.csv,V5,AI-28-004,F-P5-04
v05.csv,V5,AI-28-005,F-P5-09
v05.csv,V5,AI-29-001,F-P3-03
v05.csv,V5,AI-29-002,F-DONE-memory-graph
v05.csv,V5,AI-29-003,F-P3-03
v05.csv,V5,AI-29-004,F-P3-03
v05.csv,V5,AI-29-005,F-P3-03
v05.csv,V5,AI-30-001,F-P7A-01
v05.csv,V5,AI-30-002,F-P7A-01
v05.csv,V5,AI-30-003,F-P7A-01
v05.csv,V5,AI-30-004,F-P7A-01
v05.csv,V5,AI-30-005,F-P7A-01
v05.csv,V5,AI-31-001,F-DONE-agents
v05.csv,V5,AI-31-002,F-P7A-06
v05.csv,V5,AI-31-003,F-P7A-06
v05.csv,V5,AI-31-004,F-DONE-agents
v05.csv,V5,AI-31-005,F-P7A-06
v05.csv,V5,AI-32-001,F-P7A-03
v05.csv,V5,AI-32-002,F-P7A-03
v05.csv,V5,AI-32-003,F-P7A-03
v05.csv,V5,AI-32-004,F-P7A-03
v05.csv,V5,AI-32-005,F-P7A-03
v05.csv,V5,AI-33-001,F-P7A-04
v05.csv,V5,AI-33-002,F-P7A-04
v05.csv,V5,AI-33-003,F-P7A-04
v05.csv,V5,AI-33-004,F-P7A-04
v05.csv,V5,AI-33-005,F-P7A-04
v05.csv,V5,AI-34-001,F-P7A-02
v05.csv,V5,AI-34-002,F-P7A-02
v05.csv,V5,AI-34-003,F-P7A-02
v05.csv,V5,AI-34-004,F-P7A-02
v05.csv,V5,AI-34-005,F-P7A-02
v05.csv,V5,AI-35-001,F-P7A-05
v05.csv,V5,AI-35-002,F-P7A-05
v05.csv,V5,AI-35-003,F-P7A-05
v05.csv,V5,AI-35-004,F-P7A-05
v05.csv,V5,AI-35-005,F-P7A-05
v05.csv,V5,AI-36-001,F-P7A-07
v05.csv,V5,AI-36-002,F-P7A-07
v05.csv,V5,AI-36-003,F-DONE-agents
v05.csv,V5,AI-36-004,F-DONE-agents
v05.csv,V5,AI-36-005,F-P7A-07
v05.csv,V5,AI-37-001,F-DONE-decision
v05.csv,V5,AI-37-002,F-DONE-decision
v05.csv,V5,AI-37-003,F-P6-02
v05.csv,V5,AI-37-004,F-DONE-decision
v05.csv,V5,AI-37-005,F-P7-E-08
v05.csv,V5,AI-38-001,F-P7A-06
v05.csv,V5,AI-38-002,F-P7A-06
v05.csv,V5,AI-38-003,F-P7A-06
v05.csv,V5,AI-38-004,F-P7A-06
v05.csv,V5,AI-38-005,F-P7A-06
v05.csv,V5,AI-39-001,F-P1-01
v05.csv,V5,AI-39-002,F-P1-07
v05.csv,V5,AI-39-003,F-P1-02
v05.csv,V5,AI-39-004,F-P1-14
v05.csv,V5,AI-39-005,F-DONE-observation
v05.csv,V5,AI-40-001,F-P1-07
v05.csv,V5,AI-40-002,F-P1-07
v05.csv,V5,AI-40-003,F-P1-07
v05.csv,V5,AI-40-004,F-P1-07
v05.csv,V5,AI-40-005,F-P1-07
v05.csv,V5,AI-41-001,F-P1-16
v05.csv,V5,AI-41-002,F-P1-16
v05.csv,V5,AI-41-003,F-P1-16
v05.csv,V5,AI-41-004,F-DONE-observation
v05.csv,V5,AI-41-005,F-DONE-observation
v05.csv,V5,AI-42-001,F-P2-12
v05.csv,V5,AI-42-002,F-P2-12
v05.csv,V5,AI-42-003,F-P2-12
v05.csv,V5,AI-42-004,F-P2-12
v05.csv,V5,AI-42-005,F-P2-12
v05.csv,V5,AI-43-001,F-P3-10
v05.csv,V5,AI-43-002,F-P3-10
v05.csv,V5,AI-43-003,F-DONE-memory-graph
v05.csv,V5,AI-43-004,F-DONE-memory-graph
v05.csv,V5,AI-43-005,F-P3-05
v05.csv,V5,AI-44-001,F-P3-10
v05.csv,V5,AI-44-002,F-P3-10
v05.csv,V5,AI-44-003,F-DONE-memory-graph
v05.csv,V5,AI-44-004,F-P3-10
v05.csv,V5,AI-44-005,F-P3-10
v05.csv,V5,AI-45-001,F-P3-08
v05.csv,V5,AI-45-002,F-P3-08
v05.csv,V5,AI-45-003,F-P3-07
v05.csv,V5,AI-45-004,F-DONE-memory-graph
v05.csv,V5,AI-45-005,F-P3-08
v05.csv,V5,AI-46-001,F-P2-11
v05.csv,V5,AI-46-002,F-P2-11
v05.csv,V5,AI-46-003,F-P2-11
v05.csv,V5,AI-46-004,F-P7A-15
v05.csv,V5,AI-46-005,F-DONE-intelligence
v05.csv,V5,AI-47-001,F-P7B-06
v05.csv,V5,AI-47-002,F-P7B-03
v05.csv,V5,AI-47-003,F-P7B-06
v05.csv,V5,AI-47-004,F-P7B-06
v05.csv,V5,AI-47-005,F-P7B-06
v05.csv,V5,AI-48-001,F-DONE-prediction
v05.csv,V5,AI-48-002,F-P4-03
v05.csv,V5,AI-48-003,F-DONE-prediction
v05.csv,V5,AI-48-004,F-P4-04
v05.csv,V5,AI-48-005,F-P4-05
v05.csv,V5,AI-49-001,F-DONE-prediction
v05.csv,V5,AI-49-002,F-P4-07
v05.csv,V5,AI-49-003,F-P4-09
v05.csv,V5,AI-49-004,F-P4-09
v05.csv,V5,AI-49-005,F-DONE-prediction
v05.csv,V5,AI-50-001,F-P5-06
v05.csv,V5,AI-50-002,F-P5-06
v05.csv,V5,AI-50-003,F-P5-06
v05.csv,V5,AI-50-004,F-P5-07
v05.csv,V5,AI-50-005,F-P5-07
v05.csv,V5,AI-51-001,F-P6-01
v05.csv,V5,AI-51-002,F-P6-01
v05.csv,V5,AI-51-003,F-P6-02
v05.csv,V5,AI-51-004,F-DONE-decision
v05.csv,V5,AI-51-005,F-DONE-decision
v05.csv,V5,AI-52-001,F-P4-13
v05.csv,V5,AI-52-002,F-P4-13
v05.csv,V5,AI-52-003,F-P4-13
v05.csv,V5,AI-52-004,F-P4-13
v05.csv,V5,AI-52-005,F-P4-13
v05.csv,V5,AI-53-001,F-P7A-17
v05.csv,V5,AI-53-002,F-P7A-17
v05.csv,V5,AI-53-003,F-P5-01
v05.csv,V5,AI-53-004,F-P7A-17
v05.csv,V5,AI-53-005,F-P7A-17
v05.csv,V5,AI-54-001,F-P7A-17
v05.csv,V5,AI-54-002,F-P7A-17
v05.csv,V5,AI-54-003,F-P7A-17
v05.csv,V5,AI-54-004,F-P7A-17
v05.csv,V5,AI-54-005,F-P7A-17
v05.csv,V5,AI-55-001,F-P7A-17
v05.csv,V5,AI-55-002,F-P7A-17
v05.csv,V5,AI-55-003,F-P7A-17
v05.csv,V5,AI-55-004,F-P7A-17
v05.csv,V5,AI-55-005,F-P7A-17
v05.csv,V5,AI-56-001,F-DONE-executive-os
v05.csv,V5,AI-56-002,F-P6-12
v05.csv,V5,AI-56-003,F-P6-12
v05.csv,V5,AI-56-004,F-P6-08
v05.csv,V5,AI-56-005,F-P6-13
v05.csv,V5,AI-57-001,F-P4-10
v05.csv,V5,AI-57-002,F-P4-12
v05.csv,V5,AI-57-003,F-P4-12
v05.csv,V5,AI-57-004,F-DONE-prediction
v05.csv,V5,AI-57-005,F-P7B-03
v05.csv,V5,AI-58-001,F-P7B-10
v05.csv,V5,AI-58-002,F-P7B-10
v05.csv,V5,AI-58-003,F-P7B-10
v05.csv,V5,AI-58-004,F-P7B-10
v05.csv,V5,AI-58-005,F-P7B-10
v05.csv,V5,AI-59-001,F-DONE-agents
v05.csv,V5,AI-59-002,F-P7A-07
v05.csv,V5,AI-59-003,F-P7A-07
v05.csv,V5,AI-59-004,F-P7A-07
v05.csv,V5,AI-59-005,F-DONE-agents
v05.csv,V5,AI-60-001,F-P2-04
v05.csv,V5,AI-60-002,F-P2-04
v05.csv,V5,AI-60-003,F-P2-04
v05.csv,V5,AI-60-004,F-P7D-04
v05.csv,V5,AI-60-005,F-P7B-07
v05.csv,V5,AI-61-001,F-P7D-05
v05.csv,V5,AI-61-002,F-P7D-05
v05.csv,V5,AI-61-003,F-P7D-05
v05.csv,V5,AI-61-004,F-P7D-05
v05.csv,V5,AI-61-005,F-P7D-05
v05.csv,V5,AI-62-001,F-DONE-agents
v05.csv,V5,AI-62-002,F-P7A-01
v05.csv,V5,AI-62-003,F-P7A-04
v05.csv,V5,AI-62-004,F-P7A-10
v05.csv,V5,AI-62-005,F-P7B-07
v05.csv,V5,AI-63-001,F-P2-14
v05.csv,V5,AI-63-002,F-P2-14
v05.csv,V5,AI-63-003,F-DONE-intelligence
v05.csv,V5,AI-63-004,F-P2-14
v05.csv,V5,AI-63-005,F-P6-03
v05.csv,V5,AI-64-001,F-P6-02
v05.csv,V5,AI-64-002,F-P6-03
v05.csv,V5,AI-64-003,F-P6-03
v05.csv,V5,AI-64-004,F-P6-03
v05.csv,V5,AI-64-005,F-P7-E-08
v05.csv,V5,AI-65-001,F-P7D-19
v05.csv,V5,AI-65-002,F-P7D-19
v05.csv,V5,AI-65-003,F-P7D-19
v05.csv,V5,AI-65-004,F-DONE-identity-policy
v05.csv,V5,AI-65-005,F-P7D-19
v05.csv,V5,AI-66-001,F-P7B-03
v05.csv,V5,AI-66-002,F-P7B-03
v05.csv,V5,AI-66-003,F-P7B-03
v05.csv,V5,AI-66-004,F-P7B-06
v05.csv,V5,AI-66-005,F-P7B-03
v05.csv,V5,AI-67-001,F-P7B-07
v05.csv,V5,AI-67-002,F-P7B-07
v05.csv,V5,AI-67-003,F-P7B-07
v05.csv,V5,AI-67-004,F-P7B-07
v05.csv,V5,AI-67-005,F-P7B-07
v05.csv,V5,AI-68-001,F-P7B-08
v05.csv,V5,AI-68-002,F-P7B-08
v05.csv,V5,AI-68-003,F-P7B-08
v05.csv,V5,AI-68-004,F-P7B-08
v05.csv,V5,AI-68-005,F-P7B-08
v05.csv,V5,AI-69-001,F-P7B-01
v05.csv,V5,AI-69-002,F-P7B-01
v05.csv,V5,AI-69-003,F-P7B-09
v05.csv,V5,AI-69-004,F-P7B-01
v05.csv,V5,AI-69-005,F-P7B-02
v05.csv,V5,AI-70-001,F-P7B-09
v05.csv,V5,AI-70-002,F-P7B-09
v05.csv,V5,AI-70-003,F-P7B-09
v05.csv,V5,AI-70-004,F-P7B-09
v05.csv,V5,AI-70-005,F-P7B-09
v05.csv,V5,AI-71-001,F-P7D-23
v05.csv,V5,AI-71-002,F-P7D-23
v05.csv,V5,AI-71-003,F-P7D-20
v05.csv,V5,AI-71-004,F-P7D-06
v05.csv,V5,AI-71-005,F-P7D-10
v05.csv,V5,AI-72-001,F-P7D-18
v05.csv,V5,AI-72-002,F-P7D-18
v05.csv,V5,AI-72-003,F-P7D-18
v05.csv,V5,AI-72-004,F-P7D-18
v05.csv,V5,AI-72-005,F-R0-03
v05.csv,V5,AI-ADR-001,F-DONE-governance-docs
v05.csv,V5,AI-ADR-002,F-DONE-governance-docs
v05.csv,V5,AI-ADR-003,F-P2-01
v05.csv,V5,AI-ADR-004,F-DONE-governance-docs
v05.csv,V5,AI-ADR-005,F-P3-16
v05.csv,V5,AI-ADR-006,F-P7A-06
v05.csv,V5,AI-ADR-007,F-P7A-01
v05.csv,V5,AI-ADR-008,F-P7A-04
v05.csv,V5,AI-ADR-009,F-P7A-02
v05.csv,V5,AI-ADR-010,F-P7A-07
v05.csv,V5,AI-ADR-011,F-DONE-governance-docs
v05.csv,V5,AI-ADR-012,F-DONE-governance-docs
v05.csv,V5,AI-ADR-013,F-DONE-governance-docs
v05.csv,V5,AI-ADR-014,F-P6-03
v05.csv,V5,AI-ADR-015,F-P7B-06
v05.csv,V5,AI-ADR-016,F-P7B-06
v05.csv,V5,AI-ADR-017,F-P7B-01
v05.csv,V5,AI-ADR-018,F-P7B-09
v05.csv,V5,AI-ADR-019,F-P7B-08
v05.csv,V5,AI-ADR-020,F-P7D-23
v05.csv,V5,AI-ADR-021,F-P7D-20
v05.csv,V5,AI-ADR-022,F-DONE-governance-docs
v05.csv,V5,AI-ADR-023,F-P7D-18
v05.csv,V5,AI-ADR-024,F-P2-02
v05.csv,V5,AI-C001,F-P2-03
v05.csv,V5,AI-C002,F-P2-03
v05.csv,V5,AI-C003,F-P2-02
v05.csv,V5,AI-C004,F-P2-02
v05.csv,V5,AI-C005,F-P2-01
v05.csv,V5,AI-C006,F-P2-03
v05.csv,V5,AI-C007,F-DONE-intelligence
v05.csv,V5,AI-C008,F-P2-04
v05.csv,V5,AI-C009,F-P7D-10
v05.csv,V5,AI-C010,F-P2-05
v05.csv,V5,AI-C011,F-P7A-01
v05.csv,V5,AI-C012,F-P7A-01
v05.csv,V5,AI-C013,F-P7A-03
v05.csv,V5,AI-C014,F-P7A-04
v05.csv,V5,AI-C015,F-P7A-02
v05.csv,V5,AI-C016,F-P7A-05
v05.csv,V5,AI-C017,F-DONE-agents
v05.csv,V5,AI-C018,F-P7A-07
v05.csv,V5,AI-C019,F-P7A-08
v05.csv,V5,AI-C020,F-DONE-agents
v05.csv,V5,AI-C021,F-P7A-06
v05.csv,V5,AI-C022,F-DONE-agents
v05.csv,V5,AI-C023,F-P3-16
v05.csv,V5,AI-C024,F-P3-15
v05.csv,V5,AI-C025,F-DONE-memory-graph
v05.csv,V5,AI-C026,F-P3-09
v05.csv,V5,AI-C027,F-P3-16
v05.csv,V5,AI-C028,F-P5-04
v05.csv,V5,AI-C029,F-DONE-memory-graph
v05.csv,V5,AI-C030,F-DONE-memory-graph
v05.csv,V5,AI-C031,F-P3-16
v05.csv,V5,AI-C032,F-P3-16
v05.csv,V5,AI-C033,F-P7B-03
v05.csv,V5,AI-C034,F-P7B-03
v05.csv,V5,AI-C035,F-P7B-03
v05.csv,V5,AI-C036,F-P7B-06
v05.csv,V5,AI-C037,F-P7B-05
v05.csv,V5,AI-C038,F-DONE-learning-evaluation
v05.csv,V5,AI-C039,F-P7B-07
v05.csv,V5,AI-C040,F-P7B-07
v05.csv,V5,AI-C041,F-P7B-10
v05.csv,V5,AI-C042,F-P2-04
v05.csv,V5,AI-C043,F-P7D-05
v05.csv,V5,AI-C044,F-P7B-08
v05.csv,V5,AI-C045,F-P7A-10
v05.csv,V5,AI-C046,F-P6-03
v05.csv,V5,AI-C047,F-P6-03
v05.csv,V5,AI-C048,F-DONE-identity-policy
v05.csv,V5,AI-C049,F-P7B-09
v05.csv,V5,AI-C050,F-P7D-16
v05.csv,V5,AI-C051,F-P7B-08
v05.csv,V5,AI-C052,F-P7B-08
v05.csv,V5,AI-C053,F-P7D-18
v05.csv,V5,AI-C054,F-P7B-01
v05.csv,V5,AI-C055,F-P7D-23
v05.csv,V5,AI-C056,F-P7D-10
v05.csv,V5,AI-C057,F-P7B-09
v05.csv,V5,AG-001,F-DONE-observation
v05.csv,V5,AG-002,F-P1-07
v05.csv,V5,AG-003,F-P1-07
v05.csv,V5,AG-004,F-DONE-observation
v05.csv,V5,AG-005,F-P1-16
v05.csv,V5,AG-006,F-P1-16
v05.csv,V5,AG-007,F-P2-12
v05.csv,V5,AG-008,F-P2-09
v05.csv,V5,AG-009,F-DONE-memory-graph
v05.csv,V5,AG-010,F-P3-10
v05.csv,V5,AG-011,F-P3-08
v05.csv,V5,AG-012,F-P3-07
v05.csv,V5,AG-013,F-P2-11
v05.csv,V5,AG-014,F-P3-03
v05.csv,V5,AG-015,F-P7A-15
v05.csv,V5,AG-016,F-P5-02
v05.csv,V5,AG-017,F-P2-11
v05.csv,V5,AG-018,F-P7A-15
v05.csv,V5,AG-019,F-DONE-prediction
v05.csv,V5,AG-020,F-P4-08
v05.csv,V5,AG-021,F-P5-06
v05.csv,V5,AG-022,F-P6-02
v05.csv,V5,AG-023,F-P4-13
v05.csv,V5,AG-024,F-P4-13
v05.csv,V5,AG-025,F-P7A-17
v05.csv,V5,AG-026,F-P5-01
v05.csv,V5,AG-027,F-P7A-17
v05.csv,V5,AG-028,F-P7A-17
v05.csv,V5,AG-029,F-P7A-17
v05.csv,V5,AG-030,F-P7A-17
v05.csv,V5,AG-031,F-P4-10
v05.csv,V5,AG-032,F-P4-12
v05.csv,V5,AG-033,F-DONE-executive-os
v05.csv,V5,AG-034,F-DONE-executive-os
v05.csv,V5,AG-035,F-P7A-03
v05.csv,V5,AG-036,F-P7A-04
v05.csv,V5,AG-037,F-P7A-02
v05.csv,V5,AG-038,F-P7B-06
v05.csv,V5,AG-039,F-P7B-06
v05.csv,V5,AG-040,F-P6-03
v05.csv,V5,AG-041,F-P7A-04
v05.csv,V5,AG-042,F-P7B-06
v05.csv,V5,AG-043,F-P7B-06
v05.csv,V5,AG-044,F-P7D-19
v05.csv,V5,MC-001,F-P2-15
v05.csv,V5,MC-002,F-P2-07
v05.csv,V5,MC-003,F-P2-07
v05.csv,V5,MC-004,F-P2-06
v05.csv,V5,MC-005,F-P3-15
v05.csv,V5,MC-006,F-P3-15
v05.csv,V5,MC-007,F-P2-08
v05.csv,V5,MC-008,F-P2-09
v05.csv,V5,MC-009,F-P3-10
v05.csv,V5,MC-010,F-P3-09
v05.csv,V5,MC-011,F-DONE-intelligence
v05.csv,V5,MC-012,F-P4-01
v05.csv,V5,MC-013,F-P4-01
v05.csv,V5,MC-014,F-P4-10
v05.csv,V5,MC-015,F-P4-01
v05.csv,V5,MC-016,F-P5-05
v05.csv,V5,MC-017,F-P7B-06
v05.csv,V5,MC-018,F-P7B-06
v05.csv,V5,MC-019,F-P2-04
v05.csv,V5,MC-020,F-P2-08
v05.csv,V5,TC-00,F-DONE-agents
v05.csv,V5,TC-01,F-DONE-agents
v05.csv,V5,TC-02,F-P3-17
v05.csv,V5,TC-03,F-DONE-agents
v05.csv,V5,TC-04,F-DONE-agents
v05.csv,V5,TC-05,F-DONE-agents
v05.csv,V5,TC-06,F-P7A-08
v05.csv,V5,TC-07,F-DONE-agents
v05.csv,V5,TC-08,F-DONE-agents
v05.csv,V5,TC-09,F-DONE-agents
v05.csv,V5,TC-10,F-P7A-07
v05.csv,V5,TC-11,F-DONE-agents
v05.csv,V5,TC-12,F-P6-13
v05.csv,V5,TC-13,F-P7A-07
v05.csv,V5,TC-14,F-P7A-07
v05.csv,V5,TC-15,F-P7A-07
v05.csv,V5,TC-16,F-P7A-07
v05.csv,V5,TC-17,F-DONE-agents
v05.csv,V5,EM-001,F-P7B-05
v05.csv,V5,EM-002,F-P7B-05
v05.csv,V5,EM-003,F-P7B-05
v05.csv,V5,EM-004,F-P7B-05
v05.csv,V5,EM-005,F-P3-15
v05.csv,V5,EM-006,F-P3-15
v05.csv,V5,EM-007,F-P7B-05
v05.csv,V5,EM-008,F-P7B-05
v05.csv,V5,EM-009,F-DONE-learning-evaluation
v05.csv,V5,EM-010,F-DONE-learning-evaluation
v05.csv,V5,EM-011,F-P7B-05
v05.csv,V5,EM-012,F-P7B-05
v05.csv,V5,EM-013,F-P7B-05
v05.csv,V5,EM-014,F-P7B-05
v05.csv,V5,EM-015,F-P7B-05
v05.csv,V5,EM-016,F-P7B-05
v05.csv,V5,EM-017,F-P7B-05
v05.csv,V5,EM-018,F-P7B-05
v05.csv,V5,EM-019,F-P7B-05
v05.csv,V5,EM-020,F-P7B-05
v05.csv,V5,EM-021,F-P7B-05
v05.csv,V5,EM-022,F-P7B-05
v05.csv,V5,EM-023,F-P7B-05
v05.csv,V5,EM-024,F-P7B-05
v05.csv,V5,EM-025,F-P7-E-08
v05.csv,V5,EM-026,F-P7B-05
v05.csv,V5,EM-027,F-P7B-05
v05.csv,V5,EM-028,F-P7B-05
v05.csv,V5,EM-029,F-P7D-09
v05.csv,V5,EM-030,F-P7B-05
v05.csv,V5,EM-031,F-P7B-05
v05.csv,V5,EM-032,F-P7D-09
v05.csv,V5,AR-001,F-P7B-05
v05.csv,V5,AR-002,F-DONE-identity-policy
v05.csv,V5,AR-003,F-DONE-identity-policy
v05.csv,V5,AR-004,F-DONE-identity-policy
v05.csv,V5,AR-005,F-P7B-05
v05.csv,V5,AR-006,F-P7B-08
v05.csv,V5,AR-007,F-P2-04
v05.csv,V5,AR-008,F-P7D-05
v05.csv,V5,AR-009,F-P7D-05
v05.csv,V5,AR-010,F-DONE-identity-policy
v05.csv,V5,AR-011,F-P1-03
v05.csv,V5,AR-012,F-P7A-04
v05.csv,V5,AR-013,F-P7A-04
v05.csv,V5,AR-014,F-DONE-identity-policy
v05.csv,V5,AR-015,F-P7A-07
v05.csv,V5,AR-016,F-DONE-identity-policy
v05.csv,V5,AR-017,F-P7A-07
v05.csv,V5,AR-018,F-DONE-identity-policy
v05.csv,V5,AR-019,F-P6-03
v05.csv,V5,AR-020,F-P7-E-08
v05.csv,V5,AR-021,F-P7B-06
v05.csv,V5,AR-022,F-P7B-04
v05.csv,V5,AR-023,F-P7B-08
v05.csv,V5,AR-024,F-P7B-09
v05.csv,V5,AR-025,F-DONE-identity-policy
v05.csv,V5,AR-026,F-P7D-23
v05.csv,V5,AR-027,F-P7B-01
v05.csv,V5,AR-028,F-DONE-identity-policy
v05.csv,V5,AR-029,F-P7D-20
v05.csv,V5,AR-030,F-P7D-18
v05.csv,V5,V05-T-001,F-NA
v05.csv,V5,V05-T-002,F-DONE-intelligence
v05.csv,V5,V05-T-003,F-DONE-decision
v05.csv,V5,V05-T-004,F-P3-16
v05.csv,V5,V05-T-005,F-P6-03
v05.csv,V5,V05-T-006,F-P2-01
v05.csv,V5,V05-T-007,F-P7A-01
v05.csv,V5,V05-T-008,F-P7B-01
v05.csv,V5,V05-T-009,F-DONE-identity-policy
v05.csv,V5,V05-T-010,F-P7D-23
v05.csv,V5,V05-T-011,F-P7B-10
v05.csv,V5,V05-T-012,F-P7A-06
v05.csv,V5,V05-T-013,F-DONE-intelligence
v05.csv,V5,V05-T-014,F-P7B-09
v05.csv,V5,V05-T-015,F-DONE-decision
v05.csv,V5,V05-T-016,F-NA
v05.csv,V5,V05-T-017,F-DONE-agents
v05.csv,V5,V05-T-018,F-P2-03
v05.csv,V5,V05-T-019,F-P7A-01
v05.csv,V5,V05-T-020,F-P3-16
v05.csv,V5,V05-T-021,F-P7A-06
v05.csv,V5,V05-T-022,F-P6-03
v05.csv,V5,V05-T-023,F-P7D-23
v05.csv,V5,V05-T-024,F-R0-03
v06.csv,V6,IA-01-001,F-P7D-25
v06.csv,V6,IA-01-002,F-P7D-25
v06.csv,V6,IA-01-003,F-P7D-25
v06.csv,V6,IA-01-004,F-P7D-24
v06.csv,V6,IA-01-005,F-P7D-25
v06.csv,V6,IA-01-006,F-P7D-25
v06.csv,V6,IA-02-001,F-P7D-25
v06.csv,V6,IA-02-002,F-P7D-25
v06.csv,V6,IA-02-003,F-P7D-25
v06.csv,V6,IA-02-004,F-P7D-24
v06.csv,V6,IA-02-005,F-P7D-25
v06.csv,V6,IA-02-006,F-P7D-25
v06.csv,V6,IA-03-001,F-P7D-23
v06.csv,V6,IA-03-002,F-P7D-23
v06.csv,V6,IA-03-003,F-P7D-23
v06.csv,V6,IA-03-004,F-P7D-23
v06.csv,V6,IA-03-005,F-P7D-23
v06.csv,V6,IA-03-006,F-P7D-23
v06.csv,V6,IA-04-001,F-P7-F-06
v06.csv,V6,IA-04-002,F-P7-F-06
v06.csv,V6,IA-04-003,F-P7-F-06
v06.csv,V6,IA-04-004,F-P7-F-06
v06.csv,V6,IA-04-005,F-P7-F-06
v06.csv,V6,IA-04-006,F-P7-F-06
v06.csv,V6,IA-05-001,F-P7D-11
v06.csv,V6,IA-05-002,F-P7D-11
v06.csv,V6,IA-05-003,F-P7D-11
v06.csv,V6,IA-05-004,F-P7D-24
v06.csv,V6,IA-05-005,F-P7D-11
v06.csv,V6,IA-05-006,F-P7D-11
v06.csv,V6,IA-06-001,F-P7D-25
v06.csv,V6,IA-06-002,F-P7D-25
v06.csv,V6,IA-06-003,F-P7D-25
v06.csv,V6,IA-06-004,F-P7D-24
v06.csv,V6,IA-06-005,F-P7D-25
v06.csv,V6,IA-06-006,F-P7D-25
v06.csv,V6,IA-07-001,F-P7D-17
v06.csv,V6,IA-07-002,F-P7D-17
v06.csv,V6,IA-07-003,F-P7D-17
v06.csv,V6,IA-07-004,F-P7D-24
v06.csv,V6,IA-07-005,F-P7D-17
v06.csv,V6,IA-07-006,F-P7D-17
v06.csv,V6,IA-08-001,F-P7D-21
v06.csv,V6,IA-08-002,F-P7D-21
v06.csv,V6,IA-08-003,F-P7D-21
v06.csv,V6,IA-08-004,F-P7D-24
v06.csv,V6,IA-08-005,F-P7D-21
v06.csv,V6,IA-08-006,F-P7D-21
v06.csv,V6,IA-09-001,F-P7D-22
v06.csv,V6,IA-09-002,F-P7D-22
v06.csv,V6,IA-09-003,F-P7D-22
v06.csv,V6,IA-09-004,F-P7D-24
v06.csv,V6,IA-09-005,F-P7D-22
v06.csv,V6,IA-09-006,F-P7D-22
v06.csv,V6,IA-10-001,F-P7D-22
v06.csv,V6,IA-10-002,F-P7D-22
v06.csv,V6,IA-10-003,F-P7D-22
v06.csv,V6,IA-10-004,F-P7D-24
v06.csv,V6,IA-10-005,F-P7D-22
v06.csv,V6,IA-10-006,F-P7D-22
v06.csv,V6,IA-11-001,F-P7D-20
v06.csv,V6,IA-11-002,F-P7D-20
v06.csv,V6,IA-11-003,F-P7D-20
v06.csv,V6,IA-11-004,F-P7D-24
v06.csv,V6,IA-11-005,F-P7D-20
v06.csv,V6,IA-11-006,F-P7D-20
v06.csv,V6,IA-12-001,F-P7D-21
v06.csv,V6,IA-12-002,F-P7D-21
v06.csv,V6,IA-12-003,F-P7D-21
v06.csv,V6,IA-12-004,F-P7D-24
v06.csv,V6,IA-12-005,F-P7D-21
v06.csv,V6,IA-12-006,F-P7D-21
v06.csv,V6,IA-13-001,F-P7D-07
v06.csv,V6,IA-13-002,F-P7D-07
v06.csv,V6,IA-13-003,F-P7D-07
v06.csv,V6,IA-13-004,F-P7D-24
v06.csv,V6,IA-13-005,F-P7D-07
v06.csv,V6,IA-13-006,F-P7D-07
v06.csv,V6,IA-14-001,F-P7D-17
v06.csv,V6,IA-14-002,F-P7D-17
v06.csv,V6,IA-14-003,F-P7D-17
v06.csv,V6,IA-14-004,F-P7D-24
v06.csv,V6,IA-14-005,F-P7D-17
v06.csv,V6,IA-14-006,F-P7D-17
v06.csv,V6,IA-15-001,F-P7D-10
v06.csv,V6,IA-15-002,F-P7D-10
v06.csv,V6,IA-15-003,F-P7D-10
v06.csv,V6,IA-15-004,F-P7D-24
v06.csv,V6,IA-15-005,F-P7D-10
v06.csv,V6,IA-15-006,F-P7D-10
v06.csv,V6,IA-16-001,F-P7D-10
v06.csv,V6,IA-16-002,F-P7D-10
v06.csv,V6,IA-16-003,F-P7D-10
v06.csv,V6,IA-16-004,F-P7D-24
v06.csv,V6,IA-16-005,F-P7D-10
v06.csv,V6,IA-16-006,F-P7D-10
v06.csv,V6,IA-17-001,F-P7D-10
v06.csv,V6,IA-17-002,F-P7D-10
v06.csv,V6,IA-17-003,F-P7D-10
v06.csv,V6,IA-17-004,F-P7D-24
v06.csv,V6,IA-17-005,F-P7D-10
v06.csv,V6,IA-17-006,F-P7D-10
v06.csv,V6,IA-18-001,F-P2-05
v06.csv,V6,IA-18-002,F-P2-18
v06.csv,V6,IA-18-003,F-P2-05
v06.csv,V6,IA-18-004,F-P2-18
v06.csv,V6,IA-18-005,F-P2-05
v06.csv,V6,IA-18-006,F-P2-18
v06.csv,V6,IA-19-001,F-P7A-08
v06.csv,V6,IA-19-002,F-P7A-09
v06.csv,V6,IA-19-003,F-P7A-08
v06.csv,V6,IA-19-004,F-P7A-09
v06.csv,V6,IA-19-005,F-P7A-06
v06.csv,V6,IA-19-006,F-P7A-09
v06.csv,V6,IA-20-001,F-P1-09
v06.csv,V6,IA-20-002,F-P1-17
v06.csv,V6,IA-20-003,F-P1-09
v06.csv,V6,IA-20-004,F-P1-17
v06.csv,V6,IA-20-005,F-P1-09
v06.csv,V6,IA-20-006,F-P1-17
v06.csv,V6,IA-21-001,F-P1-10
v06.csv,V6,IA-21-002,F-P1-17
v06.csv,V6,IA-21-003,F-P1-10
v06.csv,V6,IA-21-004,F-P1-17
v06.csv,V6,IA-21-005,F-P1-10
v06.csv,V6,IA-21-006,F-P1-17
v06.csv,V6,IA-22-001,F-P7D-07
v06.csv,V6,IA-22-002,F-P7D-07
v06.csv,V6,IA-22-003,F-P7D-07
v06.csv,V6,IA-22-004,F-P7D-24
v06.csv,V6,IA-22-005,F-P7D-07
v06.csv,V6,IA-22-006,F-P7D-07
v06.csv,V6,IA-23-001,F-P7D-02
v06.csv,V6,IA-23-002,F-P7D-02
v06.csv,V6,IA-23-003,F-P7D-02
v06.csv,V6,IA-23-004,F-P7D-24
v06.csv,V6,IA-23-005,F-P7D-02
v06.csv,V6,IA-23-006,F-P7D-02
v06.csv,V6,IA-24-001,F-P7D-02
v06.csv,V6,IA-24-002,F-P7D-02
v06.csv,V6,IA-24-003,F-P7D-02
v06.csv,V6,IA-24-004,F-P7D-24
v06.csv,V6,IA-24-005,F-P7D-02
v06.csv,V6,IA-24-006,F-P7D-02
v06.csv,V6,IA-25-001,F-P7D-02
v06.csv,V6,IA-25-002,F-P7D-02
v06.csv,V6,IA-25-003,F-P7D-02
v06.csv,V6,IA-25-004,F-P7D-24
v06.csv,V6,IA-25-005,F-P7D-02
v06.csv,V6,IA-25-006,F-P7D-02
v06.csv,V6,IA-26-001,F-P7D-17
v06.csv,V6,IA-26-002,F-P7D-17
v06.csv,V6,IA-26-003,F-P7D-17
v06.csv,V6,IA-26-004,F-P7D-24
v06.csv,V6,IA-26-005,F-P7D-17
v06.csv,V6,IA-26-006,F-P7D-17
v06.csv,V6,IA-27-001,F-P7D-02
v06.csv,V6,IA-27-002,F-P7D-02
v06.csv,V6,IA-27-003,F-P7D-02
v06.csv,V6,IA-27-004,F-P7D-24
v06.csv,V6,IA-27-005,F-P7D-02
v06.csv,V6,IA-27-006,F-P7D-02
v06.csv,V6,IA-28-001,F-P1-12
v06.csv,V6,IA-28-002,F-P1-17
v06.csv,V6,IA-28-003,F-P1-12
v06.csv,V6,IA-28-004,F-P1-17
v06.csv,V6,IA-28-005,F-P1-12
v06.csv,V6,IA-28-006,F-P1-17
v06.csv,V6,IA-29-001,F-P7D-22
v06.csv,V6,IA-29-002,F-P7D-22
v06.csv,V6,IA-29-003,F-P7D-22
v06.csv,V6,IA-29-004,F-P7D-24
v06.csv,V6,IA-29-005,F-P7D-22
v06.csv,V6,IA-29-006,F-P7D-22
v06.csv,V6,IA-30-001,F-P7D-02
v06.csv,V6,IA-30-002,F-P7D-02
v06.csv,V6,IA-30-003,F-P7D-02
v06.csv,V6,IA-30-004,F-P7D-24
v06.csv,V6,IA-30-005,F-P7D-02
v06.csv,V6,IA-30-006,F-P7D-02
v06.csv,V6,IA-31-001,F-P7D-14
v06.csv,V6,IA-31-002,F-P7D-14
v06.csv,V6,IA-31-003,F-P7D-14
v06.csv,V6,IA-31-004,F-P7D-24
v06.csv,V6,IA-31-005,F-P7D-14
v06.csv,V6,IA-31-006,F-P7D-14
v06.csv,V6,IA-32-001,F-P7D-14
v06.csv,V6,IA-32-002,F-P7D-14
v06.csv,V6,IA-32-003,F-P7D-14
v06.csv,V6,IA-32-004,F-P7D-24
v06.csv,V6,IA-32-005,F-P7D-13
v06.csv,V6,IA-32-006,F-P7D-14
v06.csv,V6,IA-33-001,F-P7D-14
v06.csv,V6,IA-33-002,F-P7D-14
v06.csv,V6,IA-33-003,F-P7D-14
v06.csv,V6,IA-33-004,F-P7D-24
v06.csv,V6,IA-33-005,F-P7D-14
v06.csv,V6,IA-33-006,F-P7D-14
v06.csv,V6,IA-34-001,F-P3-08
v06.csv,V6,IA-34-002,F-P3-18
v06.csv,V6,IA-34-003,F-P3-08
v06.csv,V6,IA-34-004,F-P3-18
v06.csv,V6,IA-34-005,F-P3-08
v06.csv,V6,IA-34-006,F-P3-18
v06.csv,V6,IA-35-001,F-P3-15
v06.csv,V6,IA-35-002,F-P3-18
v06.csv,V6,IA-35-003,F-P3-15
v06.csv,V6,IA-35-004,F-P3-18
v06.csv,V6,IA-35-005,F-P3-15
v06.csv,V6,IA-35-006,F-P3-18
v06.csv,V6,IA-36-001,F-P5-08
v06.csv,V6,IA-36-002,F-P5-08
v06.csv,V6,IA-36-003,F-P5-08
v06.csv,V6,IA-36-004,F-P5-08
v06.csv,V6,IA-36-005,F-P5-08
v06.csv,V6,IA-36-006,F-P5-08
v06.csv,V6,IA-37-001,F-P7D-14
v06.csv,V6,IA-37-002,F-P7D-14
v06.csv,V6,IA-37-003,F-P7D-14
v06.csv,V6,IA-37-004,F-P7D-24
v06.csv,V6,IA-37-005,F-P7D-14
v06.csv,V6,IA-37-006,F-P7D-14
v06.csv,V6,IA-38-001,F-P7D-14
v06.csv,V6,IA-38-002,F-P7D-14
v06.csv,V6,IA-38-003,F-P7D-14
v06.csv,V6,IA-38-004,F-P7D-24
v06.csv,V6,IA-38-005,F-P7D-14
v06.csv,V6,IA-38-006,F-P7D-14
v06.csv,V6,IA-39-001,F-P7D-17
v06.csv,V6,IA-39-002,F-P7D-17
v06.csv,V6,IA-39-003,F-P7D-17
v06.csv,V6,IA-39-004,F-P7D-24
v06.csv,V6,IA-39-005,F-P7D-17
v06.csv,V6,IA-39-006,F-P7D-17
v06.csv,V6,IA-40-001,F-P7D-17
v06.csv,V6,IA-40-002,F-P7D-17
v06.csv,V6,IA-40-003,F-P7D-17
v06.csv,V6,IA-40-004,F-P7D-24
v06.csv,V6,IA-40-005,F-P7D-17
v06.csv,V6,IA-40-006,F-P7D-17
v06.csv,V6,IA-41-001,F-P6-14
v06.csv,V6,IA-41-002,F-P6-15
v06.csv,V6,IA-41-003,F-P6-14
v06.csv,V6,IA-41-004,F-P6-15
v06.csv,V6,IA-41-005,F-P6-14
v06.csv,V6,IA-41-006,F-P6-15
v06.csv,V6,IA-42-001,F-P7A-08
v06.csv,V6,IA-42-002,F-P7A-09
v06.csv,V6,IA-42-003,F-P7A-08
v06.csv,V6,IA-42-004,F-P7A-09
v06.csv,V6,IA-42-005,F-P7A-08
v06.csv,V6,IA-42-006,F-P7A-09
v06.csv,V6,IA-43-001,F-P2-02
v06.csv,V6,IA-43-002,F-P2-18
v06.csv,V6,IA-43-003,F-P2-02
v06.csv,V6,IA-43-004,F-P2-18
v06.csv,V6,IA-43-005,F-P2-02
v06.csv,V6,IA-43-006,F-P2-18
v06.csv,V6,IA-44-001,F-P3-16
v06.csv,V6,IA-44-002,F-P3-18
v06.csv,V6,IA-44-003,F-P3-16
v06.csv,V6,IA-44-004,F-P3-18
v06.csv,V6,IA-44-005,F-P3-16
v06.csv,V6,IA-44-006,F-P3-18
v06.csv,V6,IA-45-001,F-P7B-04
v06.csv,V6,IA-45-002,F-P7B-04
v06.csv,V6,IA-45-003,F-P7B-04
v06.csv,V6,IA-45-004,F-P7B-09
v06.csv,V6,IA-45-005,F-P7B-04
v06.csv,V6,IA-45-006,F-P7B-09
v06.csv,V6,IA-46-001,F-P6-15
v06.csv,V6,IA-46-002,F-P6-15
v06.csv,V6,IA-46-003,F-P6-15
v06.csv,V6,IA-46-004,F-P6-15
v06.csv,V6,IA-46-005,F-P6-15
v06.csv,V6,IA-46-006,F-P6-15
v06.csv,V6,IA-47-001,F-P1-12
v06.csv,V6,IA-47-002,F-P1-17
v06.csv,V6,IA-47-003,F-P1-12
v06.csv,V6,IA-47-004,F-P1-17
v06.csv,V6,IA-47-005,F-P1-12
v06.csv,V6,IA-47-006,F-P1-17
v06.csv,V6,IA-48-001,F-P7D-15
v06.csv,V6,IA-48-002,F-P7D-15
v06.csv,V6,IA-48-003,F-P7D-15
v06.csv,V6,IA-48-004,F-P7D-24
v06.csv,V6,IA-48-005,F-P7D-15
v06.csv,V6,IA-48-006,F-P7D-15
v06.csv,V6,IA-49-001,F-P7D-01
v06.csv,V6,IA-49-002,F-P7D-01
v06.csv,V6,IA-49-003,F-P7D-01
v06.csv,V6,IA-49-004,F-P7D-24
v06.csv,V6,IA-49-005,F-P7D-01
v06.csv,V6,IA-49-006,F-P7D-01
v06.csv,V6,IA-50-001,F-P7D-04
v06.csv,V6,IA-50-002,F-P7D-04
v06.csv,V6,IA-50-003,F-P7D-04
v06.csv,V6,IA-50-004,F-P7D-24
v06.csv,V6,IA-50-005,F-P7D-04
v06.csv,V6,IA-50-006,F-P7D-04
v06.csv,V6,IA-51-001,F-P7D-03
v06.csv,V6,IA-51-002,F-P7D-03
v06.csv,V6,IA-51-003,F-P7D-03
v06.csv,V6,IA-51-004,F-P7D-24
v06.csv,V6,IA-51-005,F-P7D-03
v06.csv,V6,IA-51-006,F-P7D-03
v06.csv,V6,IA-52-001,F-P7D-03
v06.csv,V6,IA-52-002,F-P7D-03
v06.csv,V6,IA-52-003,F-P7D-03
v06.csv,V6,IA-52-004,F-P7D-24
v06.csv,V6,IA-52-005,F-P7D-03
v06.csv,V6,IA-52-006,F-P7D-03
v06.csv,V6,IA-53-001,F-P7D-03
v06.csv,V6,IA-53-002,F-P7D-03
v06.csv,V6,IA-53-003,F-P7D-03
v06.csv,V6,IA-53-004,F-P7D-24
v06.csv,V6,IA-53-005,F-P7D-03
v06.csv,V6,IA-53-006,F-P7D-03
v06.csv,V6,IA-54-001,F-P7D-07
v06.csv,V6,IA-54-002,F-P7D-07
v06.csv,V6,IA-54-003,F-P7D-07
v06.csv,V6,IA-54-004,F-P7D-24
v06.csv,V6,IA-54-005,F-P7D-07
v06.csv,V6,IA-54-006,F-P7D-07
v06.csv,V6,IA-55-001,F-P7D-16
v06.csv,V6,IA-55-002,F-P7D-16
v06.csv,V6,IA-55-003,F-P7D-16
v06.csv,V6,IA-55-004,F-P7D-24
v06.csv,V6,IA-55-005,F-R0-05
v06.csv,V6,IA-55-006,F-P7D-16
v06.csv,V6,IA-56-001,F-P7D-18
v06.csv,V6,IA-56-002,F-P7D-18
v06.csv,V6,IA-56-003,F-P7D-18
v06.csv,V6,IA-56-004,F-P7D-24
v06.csv,V6,IA-56-005,F-P7D-18
v06.csv,V6,IA-56-006,F-P7D-18
v06.csv,V6,IA-57-001,F-P7D-06
v06.csv,V6,IA-57-002,F-P7D-06
v06.csv,V6,IA-57-003,F-P7D-06
v06.csv,V6,IA-57-004,F-P7D-24
v06.csv,V6,IA-57-005,F-P7D-06
v06.csv,V6,IA-57-006,F-P7D-06
v06.csv,V6,IA-58-001,F-P7D-08
v06.csv,V6,IA-58-002,F-P7D-08
v06.csv,V6,IA-58-003,F-P7D-08
v06.csv,V6,IA-58-004,F-P7D-24
v06.csv,V6,IA-58-005,F-P7D-08
v06.csv,V6,IA-58-006,F-P7D-08
v06.csv,V6,IA-59-001,F-P7D-09
v06.csv,V6,IA-59-002,F-P7D-09
v06.csv,V6,IA-59-003,F-P7D-09
v06.csv,V6,IA-59-004,F-P7D-24
v06.csv,V6,IA-59-005,F-P7D-09
v06.csv,V6,IA-59-006,F-P7D-09
v06.csv,V6,IA-60-001,F-P7D-10
v06.csv,V6,IA-60-002,F-P7D-10
v06.csv,V6,IA-60-003,F-P7D-10
v06.csv,V6,IA-60-004,F-P7D-24
v06.csv,V6,IA-60-005,F-P7D-10
v06.csv,V6,IA-60-006,F-P7D-10
v06.csv,V6,IA-61-001,F-P7D-13
v06.csv,V6,IA-61-002,F-P7D-13
v06.csv,V6,IA-61-003,F-P7D-13
v06.csv,V6,IA-61-004,F-P7D-24
v06.csv,V6,IA-61-005,F-P7D-13
v06.csv,V6,IA-61-006,F-P7D-13
v06.csv,V6,IA-62-001,F-P7D-12
v06.csv,V6,IA-62-002,F-P7D-12
v06.csv,V6,IA-62-003,F-P7D-12
v06.csv,V6,IA-62-004,F-P7D-24
v06.csv,V6,IA-62-005,F-P7D-12
v06.csv,V6,IA-62-006,F-P7D-12
v06.csv,V6,IA-63-001,F-P7D-13
v06.csv,V6,IA-63-002,F-P7D-13
v06.csv,V6,IA-63-003,F-P7D-13
v06.csv,V6,IA-63-004,F-P7D-24
v06.csv,V6,IA-63-005,F-P7D-13
v06.csv,V6,IA-63-006,F-P7D-13
v06.csv,V6,IA-64-001,F-P7D-18
v06.csv,V6,IA-64-002,F-P7D-18
v06.csv,V6,IA-64-003,F-P7D-18
v06.csv,V6,IA-64-004,F-P7D-24
v06.csv,V6,IA-64-005,F-P7D-18
v06.csv,V6,IA-64-006,F-P7D-18
v06.csv,V6,IA-65-001,F-P7D-16
v06.csv,V6,IA-65-002,F-P7D-16
v06.csv,V6,IA-65-003,F-P7D-16
v06.csv,V6,IA-65-004,F-P7D-24
v06.csv,V6,IA-65-005,F-P7D-16
v06.csv,V6,IA-65-006,F-P7D-16
v06.csv,V6,IA-66-001,F-P7D-11
v06.csv,V6,IA-66-002,F-P7D-11
v06.csv,V6,IA-66-003,F-P7D-11
v06.csv,V6,IA-66-004,F-P7D-24
v06.csv,V6,IA-66-005,F-P7D-11
v06.csv,V6,IA-66-006,F-P7D-11
v06.csv,V6,IA-67-001,F-P7D-17
v06.csv,V6,IA-67-002,F-P7D-17
v06.csv,V6,IA-67-003,F-P7D-17
v06.csv,V6,IA-67-004,F-P7D-24
v06.csv,V6,IA-67-005,F-P7D-17
v06.csv,V6,IA-67-006,F-P7D-17
v06.csv,V6,IA-68-001,F-P7D-16
v06.csv,V6,IA-68-002,F-P7D-16
v06.csv,V6,IA-68-003,F-P7D-16
v06.csv,V6,IA-68-004,F-P7D-24
v06.csv,V6,IA-68-005,F-P7D-16
v06.csv,V6,IA-68-006,F-P7D-16
v06.csv,V6,IA-69-001,F-P7D-16
v06.csv,V6,IA-69-002,F-P7D-16
v06.csv,V6,IA-69-003,F-P7D-16
v06.csv,V6,IA-69-004,F-P7D-24
v06.csv,V6,IA-69-005,F-R0-05
v06.csv,V6,IA-69-006,F-P7D-16
v06.csv,V6,IA-70-001,F-P7-F-02
v06.csv,V6,IA-70-002,F-P7-F-02
v06.csv,V6,IA-70-003,F-P7-F-02
v06.csv,V6,IA-70-004,F-P7-F-02
v06.csv,V6,IA-70-005,F-P7-F-02
v06.csv,V6,IA-70-006,F-P7-F-02
v06.csv,V6,IA-71-001,F-P7D-25
v06.csv,V6,IA-71-002,F-P7D-25
v06.csv,V6,IA-71-003,F-P7D-25
v06.csv,V6,IA-71-004,F-P7D-24
v06.csv,V6,IA-71-005,F-P7D-25
v06.csv,V6,IA-71-006,F-P7D-25
v06.csv,V6,IA-72-001,F-P7D-25
v06.csv,V6,IA-72-002,F-P7D-25
v06.csv,V6,IA-72-003,F-P7D-25
v06.csv,V6,IA-72-004,F-P7D-24
v06.csv,V6,IA-72-005,F-P7D-25
v06.csv,V6,IA-72-006,F-P7D-25
v06.csv,V6,INF-DP-01,F-P7D-23
v06.csv,V6,INF-DP-02,F-P7D-17
v06.csv,V6,INF-DP-03,F-P7D-21
v06.csv,V6,INF-DP-04,F-P7D-21
v06.csv,V6,INF-DP-05,F-P7D-21
v06.csv,V6,INF-DP-06,F-P7D-20
v06.csv,V6,INF-DP-07,F-P7D-17
v06.csv,V6,INF-DP-08,F-P7D-22
v06.csv,V6,INF-DP-09,F-P7D-17
v06.csv,V6,INF-DP-10,F-P7D-23
v06.csv,V6,INF-CP-01,F-P7D-10
v06.csv,V6,INF-CP-02,F-P7D-10
v06.csv,V6,INF-CP-03,F-P7D-10
v06.csv,V6,INF-CP-04,F-P7D-10
v06.csv,V6,INF-CP-05,F-P7D-10
v06.csv,V6,INF-CP-06,F-P2-05
v06.csv,V6,INF-CP-07,F-P7A-08
v06.csv,V6,INF-CP-08,F-P7D-14
v06.csv,V6,INF-CP-09,F-P7D-14
v06.csv,V6,INF-CP-10,F-P7D-20
v06.csv,V6,INF-CP-11,F-P7D-07
v06.csv,V6,INF-CP-12,F-P7D-10
v06.csv,V6,INF-NW-01,F-P7D-02
v06.csv,V6,INF-NW-02,F-P7D-02
v06.csv,V6,INF-NW-03,F-P7D-02
v06.csv,V6,INF-NW-04,F-P7D-02
v06.csv,V6,INF-NW-05,F-P7D-02
v06.csv,V6,INF-NW-06,F-P7D-02
v06.csv,V6,INF-NW-07,F-P7D-22
v06.csv,V6,INF-NW-08,F-P7D-02
v06.csv,V6,INF-NW-09,F-P7D-02
v06.csv,V6,INF-NW-10,F-P7D-02
v06.csv,V6,INF-NW-11,F-P7D-02
v06.csv,V6,INF-NW-12,F-P7D-02
v06.csv,V6,INF-ST-01,F-P7D-14
v06.csv,V6,INF-ST-02,F-P7D-14
v06.csv,V6,INF-ST-03,F-P7D-14
v06.csv,V6,INF-ST-04,F-P3-08
v06.csv,V6,INF-ST-05,F-P7D-14
v06.csv,V6,INF-ST-06,F-P7D-14
v06.csv,V6,INF-ST-07,F-P7D-14
v06.csv,V6,INF-ST-08,F-P5-03
v06.csv,V6,INF-ST-09,F-P5-06
v06.csv,V6,INF-ST-10,F-P7D-14
v06.csv,V6,INF-ST-11,F-P7D-14
v06.csv,V6,INF-ST-12,F-P7D-14
v06.csv,V6,INF-ST-13,F-P7A-06
v06.csv,V6,INF-ST-14,F-P7D-12
v06.csv,V6,INF-PF-01,F-P7D-17
v06.csv,V6,INF-PF-02,F-P7D-16
v06.csv,V6,INF-PF-03,F-P7D-17
v06.csv,V6,INF-PF-04,F-P7D-17
v06.csv,V6,INF-PF-05,F-P6-14
v06.csv,V6,INF-PF-06,F-P7A-08
v06.csv,V6,INF-PF-07,F-P7A-07
v06.csv,V6,INF-PF-08,F-P2-02
v06.csv,V6,INF-PF-09,F-P3-15
v06.csv,V6,INF-PF-10,F-P7D-14
v06.csv,V6,INF-PF-11,F-P6-15
v06.csv,V6,INF-PF-12,F-P1-12
v06.csv,V6,INF-TR-01,F-P7D-01
v06.csv,V6,INF-TR-02,F-P7D-02
v06.csv,V6,INF-TR-03,F-P7D-01
v06.csv,V6,INF-TR-04,F-P7D-04
v06.csv,V6,INF-TR-05,F-P7D-04
v06.csv,V6,INF-TR-06,F-P7D-03
v06.csv,V6,INF-TR-07,F-P7D-03
v06.csv,V6,INF-TR-08,F-P7D-03
v06.csv,V6,INF-TR-09,F-P7D-16
v06.csv,V6,INF-TR-10,F-P7D-03
v06.csv,V6,INF-TR-11,F-P7D-18
v06.csv,V6,INF-TR-12,F-P7D-06
v06.csv,V6,INF-OP-01,F-P7D-08
v06.csv,V6,INF-OP-02,F-P7D-08
v06.csv,V6,INF-OP-03,F-P7D-09
v06.csv,V6,INF-OP-04,F-P7D-10
v06.csv,V6,INF-OP-05,F-P7D-13
v06.csv,V6,INF-OP-06,F-P7D-12
v06.csv,V6,INF-OP-07,F-P7D-12
v06.csv,V6,INF-OP-08,F-P7D-13
v06.csv,V6,INF-OP-09,F-P7D-18
v06.csv,V6,INF-OP-10,F-P7D-16
v06.csv,V6,INF-OP-11,F-P7D-11
v06.csv,V6,INF-OP-12,F-P7D-25
v06.csv,V6,INF-DL-01,F-P7D-17
v06.csv,V6,INF-DL-02,F-P7D-17
v06.csv,V6,INF-DL-03,F-P7D-16
v06.csv,V6,INF-DL-04,F-P7D-16
v06.csv,V6,INF-DL-05,F-P7D-16
v06.csv,V6,INF-DL-06,F-R0-05
v06.csv,V6,INF-DL-07,F-P7D-10
v06.csv,V6,INF-DL-08,F-P7D-25
v06.csv,V6,RU-01,F-P7D-17
v06.csv,V6,RU-02,F-P7D-13
v06.csv,V6,RU-03,F-P7D-17
v06.csv,V6,RU-04,F-P7D-02
v06.csv,V6,RU-05,F-P7A-02
v06.csv,V6,RU-06,F-P6-14
v06.csv,V6,RU-07,F-P7A-08
v06.csv,V6,RU-08,F-P2-05
v06.csv,V6,RU-09,F-P7D-14
v06.csv,V6,RU-10,F-P7D-14
v06.csv,V6,RU-11,F-P1-12
v06.csv,V6,RU-12,F-P7D-20
v06.csv,V6,RU-13,F-P7D-14
v06.csv,V6,RU-14,F-P3-18
v06.csv,V6,RU-15,F-P7D-13
v06.csv,V6,RU-16,F-P7D-14
v06.csv,V6,RU-17,F-P7D-08
v06.csv,V6,RU-18,F-P7D-18
v06.csv,V6,RU-19,F-P7D-04
v06.csv,V6,RU-20,F-P7D-01
v06.csv,V6,RU-21,F-P7D-03
v06.csv,V6,RU-22,F-P7D-16
v06.csv,V6,RU-23,F-P7D-16
v06.csv,V6,RU-24,F-P7D-12
v06.csv,V6,RU-25,F-P7D-12
v06.csv,V6,RU-26,F-P6-15
v06.csv,V6,NZ-01,F-P7D-02
v06.csv,V6,NZ-02,F-P7D-22
v06.csv,V6,NZ-03,F-P7D-02
v06.csv,V6,NZ-04,F-P2-01
v06.csv,V6,NZ-05,F-P7D-02
v06.csv,V6,NZ-06,F-P7D-02
v06.csv,V6,NZ-07,F-P7D-21
v06.csv,V6,NZ-08,F-P7D-02
v06.csv,V6,NZ-09,F-P7D-02
v06.csv,V6,NZ-10,F-P7D-02
v06.csv,V6,NZ-11,F-P7D-02
v06.csv,V6,NZ-12,F-P7D-02
v06.csv,V6,NZ-13,F-P7D-02
v06.csv,V6,NZ-14,F-P7D-02
v06.csv,V6,NZ-15,F-P7D-03
v06.csv,V6,NZ-16,F-P7D-17
v06.csv,V6,NZ-17,F-P7D-18
v06.csv,V6,NZ-18,F-P7D-16
v06.csv,V6,NZ-19,F-P7D-12
v06.csv,V6,NZ-20,F-P7D-20
v06.csv,V6,SC-01,F-DONE-data-platform
v06.csv,V6,SC-02,F-P7D-12
v06.csv,V6,SC-03,F-P3-08
v06.csv,V6,SC-04,F-P3-06
v06.csv,V6,SC-05,F-P5-03
v06.csv,V6,SC-06,F-DONE-data-platform
v06.csv,V6,SC-07,F-P7D-14
v06.csv,V6,SC-08,F-P7D-14
v06.csv,V6,SC-09,F-P6-14
v06.csv,V6,SC-10,F-P7A-06
v06.csv,V6,SC-11,F-P7D-14
v06.csv,V6,SC-12,F-P7D-14
v06.csv,V6,SC-13,F-P7D-14
v06.csv,V6,SC-14,F-P7D-14
v06.csv,V6,SC-15,F-P7D-14
v06.csv,V6,SC-16,F-P7D-14
v06.csv,V6,SC-17,F-DONE-data-platform
v06.csv,V6,SC-18,F-P7D-14
v06.csv,V6,SC-19,F-P7D-14
v06.csv,V6,SC-20,F-P7D-16
v06.csv,V6,SC-21,F-P7D-14
v06.csv,V6,SC-22,F-P7D-08
v06.csv,V6,SC-23,F-P7D-12
v06.csv,V6,SC-24,F-P7D-14
v06.csv,V6,MS-01,F-P7D-15
v06.csv,V6,MS-02,F-P7D-15
v06.csv,V6,MS-03,F-P7D-15
v06.csv,V6,MS-04,F-P7D-15
v06.csv,V6,MS-05,F-P6-14
v06.csv,V6,MS-06,F-P3-05
v06.csv,V6,MS-07,F-P7D-15
v06.csv,V6,MS-08,F-P7D-18
v06.csv,V6,MS-09,F-P7D-08
v06.csv,V6,MS-10,F-P7D-19
v06.csv,V6,MS-11,F-DONE-infrastructure
v06.csv,V6,MS-12,F-P6-14
v06.csv,V6,MS-13,F-P2-02
v06.csv,V6,MS-14,F-P7D-15
v06.csv,V6,MS-15,F-P7D-15
v06.csv,V6,MS-16,F-P4-12
v06.csv,V6,MS-17,F-P7D-15
v06.csv,V6,MS-18,F-P7D-12
v06.csv,V6,MS-19,F-P7D-16
v06.csv,V6,MS-20,F-P7D-18
v06.csv,V6,IM-001,F-P7D-09
v06.csv,V6,IM-002,F-P7D-09
v06.csv,V6,IM-003,F-P7D-09
v06.csv,V6,IM-004,F-P7D-09
v06.csv,V6,IM-005,F-P7D-09
v06.csv,V6,IM-006,F-P7D-09
v06.csv,V6,IM-007,F-P7D-09
v06.csv,V6,IM-008,F-P7D-09
v06.csv,V6,IM-009,F-P7D-09
v06.csv,V6,IM-010,F-P7D-09
v06.csv,V6,IM-011,F-P7D-09
v06.csv,V6,IM-012,F-P7D-09
v06.csv,V6,IM-013,F-P7D-09
v06.csv,V6,IM-014,F-P7D-09
v06.csv,V6,IM-015,F-P7D-09
v06.csv,V6,IM-016,F-P7D-09
v06.csv,V6,IM-017,F-P7D-09
v06.csv,V6,IM-018,F-P7D-09
v06.csv,V6,IM-019,F-P7D-09
v06.csv,V6,IM-020,F-P7D-09
v06.csv,V6,IM-021,F-P7D-09
v06.csv,V6,IM-022,F-P7D-09
v06.csv,V6,IM-023,F-P7D-09
v06.csv,V6,IM-024,F-P7D-09
v06.csv,V6,IM-025,F-P7D-09
v06.csv,V6,IM-026,F-P7D-09
v06.csv,V6,IM-027,F-P7D-09
v06.csv,V6,IM-028,F-P7D-09
v06.csv,V6,IM-029,F-P7D-09
v06.csv,V6,IM-030,F-P7D-10
v06.csv,V6,IM-031,F-P7D-10
v06.csv,V6,IM-032,F-P7D-10
v06.csv,V6,IM-033,F-P7D-10
v06.csv,V6,IM-034,F-P7D-10
v06.csv,V6,IM-035,F-P7D-10
v06.csv,V6,IM-036,F-P7D-23
v06.csv,V6,IM-037,F-P7D-09
v06.csv,V6,IM-038,F-P7D-09
v06.csv,V6,IM-039,F-P7D-09
v06.csv,V6,IM-040,F-P7D-09
v06.csv,V6,FM-01,F-P7D-13
v06.csv,V6,FM-02,F-P7D-10
v06.csv,V6,FM-03,F-P7D-17
v06.csv,V6,FM-04,F-P7D-13
v06.csv,V6,FM-05,F-P7D-20
v06.csv,V6,FM-06,F-P7D-21
v06.csv,V6,FM-07,F-P7D-17
v06.csv,V6,FM-08,F-P7D-01
v06.csv,V6,FM-09,F-P7D-04
v06.csv,V6,FM-10,F-P7D-03
v06.csv,V6,FM-11,F-P7D-03
v06.csv,V6,FM-12,F-P7D-02
v06.csv,V6,FM-13,F-P7D-02
v06.csv,V6,FM-14,F-P7D-02
v06.csv,V6,FM-15,F-P7D-02
v06.csv,V6,FM-16,F-P7D-13
v06.csv,V6,FM-17,F-P7D-12
v06.csv,V6,FM-18,F-DONE-infrastructure
v06.csv,V6,FM-19,F-P7D-14
v06.csv,V6,FM-20,F-P7D-11
v06.csv,V6,FM-21,F-P7D-13
v06.csv,V6,FM-22,F-P7D-14
v06.csv,V6,FM-23,F-P6-14
v06.csv,V6,FM-24,F-P7D-18
v06.csv,V6,FM-25,F-P2-02
v06.csv,V6,FM-26,F-P7D-08
v06.csv,V6,FM-27,F-P7D-12
v06.csv,V6,FM-28,F-P7D-12
v06.csv,V6,FM-29,F-P7D-16
v06.csv,V6,FM-30,F-P7D-16
v06.csv,V6,FM-31,F-P7D-07
v06.csv,V6,FM-32,F-P7D-01
v06.csv,V6,IC-01,F-P7D-01
v06.csv,V6,IC-02,F-P7D-02
v06.csv,V6,IC-03,F-P7D-01
v06.csv,V6,IC-04,F-P7D-01
v06.csv,V6,IC-05,F-P7D-04
v06.csv,V6,IC-06,F-P7D-07
v06.csv,V6,IC-07,F-P7D-02
v06.csv,V6,IC-08,F-P7D-02
v06.csv,V6,IC-09,F-P7D-02
v06.csv,V6,IC-10,F-P7D-03
v06.csv,V6,IC-11,F-P7D-03
v06.csv,V6,IC-12,F-P7D-03
v06.csv,V6,IC-13,F-P7D-03
v06.csv,V6,IC-14,F-P7D-16
v06.csv,V6,IC-15,F-P7D-16
v06.csv,V6,IC-16,F-P7D-16
v06.csv,V6,IC-17,F-P7D-07
v06.csv,V6,IC-18,F-P7A-07
v06.csv,V6,IC-19,F-P1-03
v06.csv,V6,IC-20,F-P7D-05
v06.csv,V6,IC-21,F-P7D-06
v06.csv,V6,IC-22,F-DONE-identity-policy
v06.csv,V6,IC-23,F-P7D-18
v06.csv,V6,IC-24,F-P7D-18
v06.csv,V6,IC-25,F-P7D-18
v06.csv,V6,IC-26,F-R0-05
v06.csv,V6,IC-27,F-P7D-16
v06.csv,V6,IC-28,F-P7D-12
v06.csv,V6,IC-29,F-P7D-01
v06.csv,V6,IC-30,F-P7D-18
v06.csv,V6,DR-01,F-P7D-12
v06.csv,V6,DR-02,F-P7D-12
v06.csv,V6,DR-03,F-P7D-12
v06.csv,V6,DR-04,F-P7D-12
v06.csv,V6,DR-05,F-P7D-12
v06.csv,V6,DR-06,F-P7D-12
v06.csv,V6,DR-07,F-P7D-12
v06.csv,V6,DR-08,F-P7D-12
v06.csv,V6,DR-09,F-P7D-18
v06.csv,V6,DR-10,F-P7D-05
v06.csv,V6,DR-11,F-P7D-12
v06.csv,V6,DR-12,F-P7D-12
v06.csv,V6,DR-13,F-P7D-12
v06.csv,V6,DR-14,F-P7D-12
v06.csv,V6,DR-15,F-P7D-12
v06.csv,V6,DR-16,F-P7D-12
v06.csv,V6,DR-17,F-P7D-12
v06.csv,V6,DR-18,F-P7D-12
v06.csv,V6,DR-19,F-P7D-22
v06.csv,V6,DR-20,F-P7D-20
v06.csv,V6,IADR-001,F-P7D-23
v06.csv,V6,IADR-002,F-P7D-21
v06.csv,V6,IADR-003,F-P7D-17
v06.csv,V6,IADR-004,F-P7D-02
v06.csv,V6,IADR-005,F-P7D-04
v06.csv,V6,IADR-006,F-P7D-14
v06.csv,V6,IADR-007,F-P7D-14
v06.csv,V6,IADR-008,F-P7A-02
v06.csv,V6,IADR-009,F-P7D-14
v06.csv,V6,IADR-010,F-P7D-10
v06.csv,V6,IADR-011,F-P7A-08
v06.csv,V6,IADR-012,F-P7D-02
v06.csv,V6,IADR-013,F-P7D-03
v06.csv,V6,IADR-014,F-P7D-16
v06.csv,V6,IADR-015,F-P7D-09
v06.csv,V6,IADR-016,F-P7D-09
v06.csv,V6,IADR-017,F-P7D-12
v06.csv,V6,IADR-018,F-P7D-13
v06.csv,V6,IADR-019,F-P7D-11
v06.csv,V6,IADR-020,F-P7D-16
v06.csv,V6,IADR-021,F-P7D-16
v06.csv,V6,IADR-022,F-P7D-25
v06.csv,V6,IADR-023,F-P7D-20
v06.csv,V6,IADR-024,F-P7D-18
v06.csv,V6,V06-T-001,F-P7D-25
v06.csv,V6,V06-T-002,F-P7D-25
v06.csv,V6,V06-T-003,F-P7D-23
v06.csv,V6,V06-T-004,F-P7D-10
v06.csv,V6,V06-T-005,F-P7D-17
v06.csv,V6,V06-T-006,F-P7D-17
v06.csv,V6,V06-T-007,F-P7D-11
v06.csv,V6,V06-T-008,F-P7D-25
v06.csv,V6,V06-T-009,F-NA
v07.csv,V7,DP-01-001,F-P7D-25
v07.csv,V7,DP-01-002,F-P7D-25
v07.csv,V7,DP-01-003,F-P7-F-13
v07.csv,V7,DP-01-004,F-P7D-24
v07.csv,V7,DP-01-005,F-P7D-25
v07.csv,V7,DP-01-006,F-P7D-25
v07.csv,V7,DP-02-001,F-P7D-25
v07.csv,V7,DP-02-002,F-P7D-25
v07.csv,V7,DP-02-003,F-P7D-25
v07.csv,V7,DP-02-004,F-P7D-24
v07.csv,V7,DP-02-005,F-P7D-25
v07.csv,V7,DP-02-006,F-P7D-25
v07.csv,V7,DP-03-001,F-P7D-23
v07.csv,V7,DP-03-002,F-P7D-23
v07.csv,V7,DP-03-003,F-P7D-23
v07.csv,V7,DP-03-004,F-P7D-23
v07.csv,V7,DP-03-005,F-P7D-23
v07.csv,V7,DP-03-006,F-P7D-23
v07.csv,V7,DP-04-001,F-P7D-25
v07.csv,V7,DP-04-002,F-P7D-25
v07.csv,V7,DP-04-003,F-DONE-governance-docs
v07.csv,V7,DP-04-004,F-P7D-24
v07.csv,V7,DP-04-005,F-P7D-25
v07.csv,V7,DP-04-006,F-P7D-25
v07.csv,V7,DP-05-001,F-P7-F-09
v07.csv,V7,DP-05-002,F-P7-F-09
v07.csv,V7,DP-05-003,F-P3-01
v07.csv,V7,DP-05-004,F-P7D-24
v07.csv,V7,DP-05-005,F-P7-F-09
v07.csv,V7,DP-05-006,F-P7-F-09
v07.csv,V7,DP-06-001,F-P7D-04
v07.csv,V7,DP-06-002,F-P7D-04
v07.csv,V7,DP-06-003,F-P7D-04
v07.csv,V7,DP-06-004,F-P7D-24
v07.csv,V7,DP-06-005,F-P7D-04
v07.csv,V7,DP-06-006,F-P7D-04
v07.csv,V7,DP-07-001,F-P7D-25
v07.csv,V7,DP-07-002,F-P7D-25
v07.csv,V7,DP-07-003,F-P7D-25
v07.csv,V7,DP-07-004,F-P7D-24
v07.csv,V7,DP-07-005,F-P7D-25
v07.csv,V7,DP-07-006,F-P7D-25
v07.csv,V7,DP-08-001,F-P7D-17
v07.csv,V7,DP-08-002,F-P7D-17
v07.csv,V7,DP-08-003,F-DONE-data-platform
v07.csv,V7,DP-08-004,F-P7D-24
v07.csv,V7,DP-08-005,F-P7D-17
v07.csv,V7,DP-08-006,F-P7D-17
v07.csv,V7,DP-09-001,F-P1-01
v07.csv,V7,DP-09-002,F-P1-01
v07.csv,V7,DP-09-003,F-DONE-observation
v07.csv,V7,DP-09-004,F-P7D-24
v07.csv,V7,DP-09-005,F-DONE-observation
v07.csv,V7,DP-09-006,F-P1-01
v07.csv,V7,DP-10-001,F-P1-05
v07.csv,V7,DP-10-002,F-DONE-observation
v07.csv,V7,DP-10-003,F-DONE-observation
v07.csv,V7,DP-10-004,F-P7D-24
v07.csv,V7,DP-10-005,F-P1-04
v07.csv,V7,DP-10-006,F-P1-05
v07.csv,V7,DP-11-001,F-P1-08
v07.csv,V7,DP-11-002,F-P1-08
v07.csv,V7,DP-11-003,F-P1-08
v07.csv,V7,DP-11-004,F-P7D-24
v07.csv,V7,DP-11-005,F-P1-08
v07.csv,V7,DP-11-006,F-P1-08
v07.csv,V7,DP-12-001,F-P2-06
v07.csv,V7,DP-12-002,F-P2-06
v07.csv,V7,DP-12-003,F-P2-06
v07.csv,V7,DP-12-004,F-P7D-24
v07.csv,V7,DP-12-005,F-P2-06
v07.csv,V7,DP-12-006,F-P2-06
v07.csv,V7,DP-13-001,F-P1-09
v07.csv,V7,DP-13-002,F-P1-09
v07.csv,V7,DP-13-003,F-P1-09
v07.csv,V7,DP-13-004,F-P7D-24
v07.csv,V7,DP-13-005,F-P1-09
v07.csv,V7,DP-13-006,F-P1-09
v07.csv,V7,DP-14-001,F-P1-11
v07.csv,V7,DP-14-002,F-P1-11
v07.csv,V7,DP-14-003,F-P1-12
v07.csv,V7,DP-14-004,F-P7D-24
v07.csv,V7,DP-14-005,F-P1-11
v07.csv,V7,DP-14-006,F-P1-11
v07.csv,V7,DP-15-001,F-P1-08
v07.csv,V7,DP-15-002,F-P1-08
v07.csv,V7,DP-15-003,F-P1-08
v07.csv,V7,DP-15-004,F-P7D-24
v07.csv,V7,DP-15-005,F-P1-08
v07.csv,V7,DP-15-006,F-P1-08
v07.csv,V7,DP-16-001,F-P1-03
v07.csv,V7,DP-16-002,F-DONE-observation
v07.csv,V7,DP-16-003,F-DONE-observation
v07.csv,V7,DP-16-004,F-P7D-24
v07.csv,V7,DP-16-005,F-P1-03
v07.csv,V7,DP-16-006,F-P1-03
v07.csv,V7,DP-17-001,F-P7D-15
v07.csv,V7,DP-17-002,F-P7D-15
v07.csv,V7,DP-17-003,F-P7D-15
v07.csv,V7,DP-17-004,F-P7D-24
v07.csv,V7,DP-17-005,F-P7D-15
v07.csv,V7,DP-17-006,F-P7D-15
v07.csv,V7,DP-18-001,F-P7D-15
v07.csv,V7,DP-18-002,F-P7D-15
v07.csv,V7,DP-18-003,F-P7D-15
v07.csv,V7,DP-18-004,F-P7D-24
v07.csv,V7,DP-18-005,F-P7D-15
v07.csv,V7,DP-18-006,F-P7D-15
v07.csv,V7,DP-19-001,F-DONE-data-platform
v07.csv,V7,DP-19-002,F-DONE-data-platform
v07.csv,V7,DP-19-003,F-DONE-data-platform
v07.csv,V7,DP-19-004,F-P7D-24
v07.csv,V7,DP-19-005,F-DONE-data-platform
v07.csv,V7,DP-19-006,F-P3-01
v07.csv,V7,DP-20-001,F-DONE-identity-policy
v07.csv,V7,DP-20-002,F-DONE-identity-policy
v07.csv,V7,DP-20-003,F-DONE-identity-policy
v07.csv,V7,DP-20-004,F-P7D-24
v07.csv,V7,DP-20-005,F-DONE-identity-policy
v07.csv,V7,DP-20-006,F-P7D-07
v07.csv,V7,DP-21-001,F-DONE-data-platform
v07.csv,V7,DP-21-002,F-P7D-15
v07.csv,V7,DP-21-003,F-DONE-data-platform
v07.csv,V7,DP-21-004,F-P7D-24
v07.csv,V7,DP-21-005,F-P7D-15
v07.csv,V7,DP-21-006,F-P7D-15
v07.csv,V7,DP-22-001,F-DONE-data-platform
v07.csv,V7,DP-22-002,F-P2-14
v07.csv,V7,DP-22-003,F-DONE-data-platform
v07.csv,V7,DP-22-004,F-P7D-24
v07.csv,V7,DP-22-005,F-P2-10
v07.csv,V7,DP-22-006,F-P2-10
v07.csv,V7,DP-23-001,F-DONE-data-platform
v07.csv,V7,DP-23-002,F-DONE-data-platform
v07.csv,V7,DP-23-003,F-DONE-data-platform
v07.csv,V7,DP-23-004,F-P7D-24
v07.csv,V7,DP-23-005,F-P3-03
v07.csv,V7,DP-23-006,F-P3-03
v07.csv,V7,DP-24-001,F-P3-05
v07.csv,V7,DP-24-002,F-P3-05
v07.csv,V7,DP-24-003,F-DONE-data-platform
v07.csv,V7,DP-24-004,F-P7D-24
v07.csv,V7,DP-24-005,F-P3-05
v07.csv,V7,DP-24-006,F-P3-05
v07.csv,V7,DP-25-001,F-P7D-14
v07.csv,V7,DP-25-002,F-P7D-14
v07.csv,V7,DP-25-003,F-P7D-14
v07.csv,V7,DP-25-004,F-P7D-24
v07.csv,V7,DP-25-005,F-P7D-14
v07.csv,V7,DP-25-006,F-P7D-14
v07.csv,V7,DP-26-001,F-P7D-14
v07.csv,V7,DP-26-002,F-P7D-14
v07.csv,V7,DP-26-003,F-P7D-14
v07.csv,V7,DP-26-004,F-P7D-24
v07.csv,V7,DP-26-005,F-P7D-14
v07.csv,V7,DP-26-006,F-P7D-14
v07.csv,V7,DP-27-001,F-DONE-infrastructure
v07.csv,V7,DP-27-002,F-P7D-13
v07.csv,V7,DP-27-003,F-DONE-infrastructure
v07.csv,V7,DP-27-004,F-P7D-24
v07.csv,V7,DP-27-005,F-P7D-13
v07.csv,V7,DP-27-006,F-P7D-13
v07.csv,V7,DP-28-001,F-P7D-14
v07.csv,V7,DP-28-002,F-P7D-14
v07.csv,V7,DP-28-003,F-DONE-infrastructure
v07.csv,V7,DP-28-004,F-P7D-24
v07.csv,V7,DP-28-005,F-P7D-14
v07.csv,V7,DP-28-006,F-P7D-14
v07.csv,V7,DP-29-001,F-P7D-14
v07.csv,V7,DP-29-002,F-P7D-14
v07.csv,V7,DP-29-003,F-DONE-infrastructure
v07.csv,V7,DP-29-004,F-P7D-24
v07.csv,V7,DP-29-005,F-P7D-14
v07.csv,V7,DP-29-006,F-P7D-14
v07.csv,V7,DP-30-001,F-P7D-14
v07.csv,V7,DP-30-002,F-P7D-14
v07.csv,V7,DP-30-003,F-DONE-data-platform
v07.csv,V7,DP-30-004,F-P7D-24
v07.csv,V7,DP-30-005,F-P7D-14
v07.csv,V7,DP-30-006,F-P7D-14
v07.csv,V7,DP-31-001,F-P4-11
v07.csv,V7,DP-31-002,F-P4-11
v07.csv,V7,DP-31-003,F-P4-11
v07.csv,V7,DP-31-004,F-P7D-24
v07.csv,V7,DP-31-005,F-P4-11
v07.csv,V7,DP-31-006,F-P4-11
v07.csv,V7,DP-32-001,F-DONE-data-platform
v07.csv,V7,DP-32-002,F-P4-16
v07.csv,V7,DP-32-003,F-DONE-data-platform
v07.csv,V7,DP-32-004,F-P7D-24
v07.csv,V7,DP-32-005,F-P4-16
v07.csv,V7,DP-32-006,F-P4-16
v07.csv,V7,DP-33-001,F-DONE-memory-graph
v07.csv,V7,DP-33-002,F-P3-08
v07.csv,V7,DP-33-003,F-DONE-memory-graph
v07.csv,V7,DP-33-004,F-P7D-24
v07.csv,V7,DP-33-005,F-P3-08
v07.csv,V7,DP-33-006,F-P3-08
v07.csv,V7,DP-34-001,F-P3-07
v07.csv,V7,DP-34-002,F-P3-07
v07.csv,V7,DP-34-003,F-P3-07
v07.csv,V7,DP-34-004,F-P7D-24
v07.csv,V7,DP-34-005,F-P3-07
v07.csv,V7,DP-34-006,F-P3-07
v07.csv,V7,DP-35-001,F-P3-10
v07.csv,V7,DP-35-002,F-DONE-memory-graph
v07.csv,V7,DP-35-003,F-DONE-memory-graph
v07.csv,V7,DP-35-004,F-P7D-24
v07.csv,V7,DP-35-005,F-P3-10
v07.csv,V7,DP-35-006,F-P3-10
v07.csv,V7,DP-36-001,F-DONE-memory-graph
v07.csv,V7,DP-36-002,F-P2-10
v07.csv,V7,DP-36-003,F-DONE-memory-graph
v07.csv,V7,DP-36-004,F-P7D-24
v07.csv,V7,DP-36-005,F-P2-10
v07.csv,V7,DP-36-006,F-P2-10
v07.csv,V7,DP-37-001,F-P3-14
v07.csv,V7,DP-37-002,F-P3-14
v07.csv,V7,DP-37-003,F-DONE-memory-graph
v07.csv,V7,DP-37-004,F-P7D-24
v07.csv,V7,DP-37-005,F-P3-14
v07.csv,V7,DP-37-006,F-P3-14
v07.csv,V7,DP-38-001,F-P3-15
v07.csv,V7,DP-38-002,F-P3-15
v07.csv,V7,DP-38-003,F-DONE-memory-graph
v07.csv,V7,DP-38-004,F-P7D-24
v07.csv,V7,DP-38-005,F-P3-15
v07.csv,V7,DP-38-006,F-P3-15
v07.csv,V7,DP-39-001,F-DONE-twin-simulation
v07.csv,V7,DP-39-002,F-DONE-twin-simulation
v07.csv,V7,DP-39-003,F-DONE-twin-simulation
v07.csv,V7,DP-39-004,F-P7D-24
v07.csv,V7,DP-39-005,F-DONE-twin-simulation
v07.csv,V7,DP-39-006,F-P5-08
v07.csv,V7,DP-40-001,F-DONE-decision
v07.csv,V7,DP-40-002,F-DONE-decision
v07.csv,V7,DP-40-003,F-DONE-decision
v07.csv,V7,DP-40-004,F-P7D-24
v07.csv,V7,DP-40-005,F-DONE-decision
v07.csv,V7,DP-40-006,F-P7B-13
v07.csv,V7,DP-41-001,F-P7-F-09
v07.csv,V7,DP-41-002,F-P7-F-09
v07.csv,V7,DP-41-003,F-P7-F-09
v07.csv,V7,DP-41-004,F-P7D-24
v07.csv,V7,DP-41-005,F-P7-F-09
v07.csv,V7,DP-41-006,F-P7-F-09
v07.csv,V7,DP-42-001,F-P7-F-07
v07.csv,V7,DP-42-002,F-P7-F-07
v07.csv,V7,DP-42-003,F-DONE-data-platform
v07.csv,V7,DP-42-004,F-P7D-24
v07.csv,V7,DP-42-005,F-P7-F-07
v07.csv,V7,DP-42-006,F-P7-F-07
v07.csv,V7,DP-43-001,F-P7-F-09
v07.csv,V7,DP-43-002,F-P7-F-09
v07.csv,V7,DP-43-003,F-P7-F-09
v07.csv,V7,DP-43-004,F-P7D-24
v07.csv,V7,DP-43-005,F-P7-F-09
v07.csv,V7,DP-43-006,F-P7-F-09
v07.csv,V7,DP-44-001,F-P7-F-10
v07.csv,V7,DP-44-002,F-P7-F-10
v07.csv,V7,DP-44-003,F-P7-F-10
v07.csv,V7,DP-44-004,F-P7D-24
v07.csv,V7,DP-44-005,F-P7-F-10
v07.csv,V7,DP-44-006,F-P7-F-10
v07.csv,V7,DP-45-001,F-P7B-04
v07.csv,V7,DP-45-002,F-P7B-04
v07.csv,V7,DP-45-003,F-P7B-04
v07.csv,V7,DP-45-004,F-P7D-24
v07.csv,V7,DP-45-005,F-P7B-04
v07.csv,V7,DP-45-006,F-P7B-04
v07.csv,V7,DP-46-001,F-P2-17
v07.csv,V7,DP-46-002,F-P2-17
v07.csv,V7,DP-46-003,F-P2-17
v07.csv,V7,DP-46-004,F-P7D-24
v07.csv,V7,DP-46-005,F-P2-17
v07.csv,V7,DP-46-006,F-P2-17
v07.csv,V7,DP-47-001,F-P7-F-08
v07.csv,V7,DP-47-002,F-P7-F-08
v07.csv,V7,DP-47-003,F-P7-F-08
v07.csv,V7,DP-47-004,F-P7D-24
v07.csv,V7,DP-47-005,F-P7-F-08
v07.csv,V7,DP-47-006,F-P7-F-08
v07.csv,V7,DP-48-001,F-P7C-06
v07.csv,V7,DP-48-002,F-P7C-06
v07.csv,V7,DP-48-003,F-P7C-06
v07.csv,V7,DP-48-004,F-P7D-24
v07.csv,V7,DP-48-005,F-P7C-06
v07.csv,V7,DP-48-006,F-P7C-06
v07.csv,V7,DP-49-001,F-P7-F-11
v07.csv,V7,DP-49-002,F-P7-F-11
v07.csv,V7,DP-49-003,F-P7-F-11
v07.csv,V7,DP-49-004,F-P7D-24
v07.csv,V7,DP-49-005,F-P7-F-11
v07.csv,V7,DP-49-006,F-P7-F-11
v07.csv,V7,DP-50-001,F-P7D-04
v07.csv,V7,DP-50-002,F-DONE-identity-policy
v07.csv,V7,DP-50-003,F-DONE-identity-policy
v07.csv,V7,DP-50-004,F-P7D-24
v07.csv,V7,DP-50-005,F-DONE-identity-policy
v07.csv,V7,DP-50-006,F-P7D-04
v07.csv,V7,DP-51-001,F-P7D-05
v07.csv,V7,DP-51-002,F-P7D-05
v07.csv,V7,DP-51-003,F-P7D-05
v07.csv,V7,DP-51-004,F-P7D-24
v07.csv,V7,DP-51-005,F-P7D-05
v07.csv,V7,DP-51-006,F-P7D-05
v07.csv,V7,DP-52-001,F-P7D-06
v07.csv,V7,DP-52-002,F-P7D-06
v07.csv,V7,DP-52-003,F-P7D-06
v07.csv,V7,DP-52-004,F-P7D-24
v07.csv,V7,DP-52-005,F-P7D-06
v07.csv,V7,DP-52-006,F-P7D-06
v07.csv,V7,DP-53-001,F-P7D-03
v07.csv,V7,DP-53-002,F-P7D-03
v07.csv,V7,DP-53-003,F-P7D-03
v07.csv,V7,DP-53-004,F-P7D-24
v07.csv,V7,DP-53-005,F-P7D-03
v07.csv,V7,DP-53-006,F-P7D-03
v07.csv,V7,DP-54-001,F-P3-06
v07.csv,V7,DP-54-002,F-P3-06
v07.csv,V7,DP-54-003,F-P3-06
v07.csv,V7,DP-54-004,F-P7D-24
v07.csv,V7,DP-54-005,F-P3-06
v07.csv,V7,DP-54-006,F-P3-06
v07.csv,V7,DP-55-001,F-P7D-25
v07.csv,V7,DP-55-002,F-P7D-25
v07.csv,V7,DP-55-003,F-DONE-governance-docs
v07.csv,V7,DP-55-004,F-P7D-24
v07.csv,V7,DP-55-005,F-P7D-25
v07.csv,V7,DP-55-006,F-P7D-25
v07.csv,V7,DP-56-001,F-DONE-identity-policy
v07.csv,V7,DP-56-002,F-DONE-identity-policy
v07.csv,V7,DP-56-003,F-DONE-identity-policy
v07.csv,V7,DP-56-004,F-P7D-24
v07.csv,V7,DP-56-005,F-DONE-identity-policy
v07.csv,V7,DP-56-006,F-P7D-19
v07.csv,V7,DP-57-001,F-P1-15
v07.csv,V7,DP-57-002,F-P1-15
v07.csv,V7,DP-57-003,F-DONE-data-platform
v07.csv,V7,DP-57-004,F-P7D-24
v07.csv,V7,DP-57-005,F-P1-15
v07.csv,V7,DP-57-006,F-P1-15
v07.csv,V7,DP-58-001,F-P3-11
v07.csv,V7,DP-58-002,F-DONE-observation
v07.csv,V7,DP-58-003,F-DONE-observation
v07.csv,V7,DP-58-004,F-P7D-24
v07.csv,V7,DP-58-005,F-P3-11
v07.csv,V7,DP-58-006,F-P3-11
v07.csv,V7,DP-59-001,F-P7D-08
v07.csv,V7,DP-59-002,F-P7D-08
v07.csv,V7,DP-59-003,F-P7D-08
v07.csv,V7,DP-59-004,F-P7D-24
v07.csv,V7,DP-59-005,F-P7D-08
v07.csv,V7,DP-59-006,F-P7D-08
v07.csv,V7,DP-60-001,F-P7D-09
v07.csv,V7,DP-60-002,F-P7D-09
v07.csv,V7,DP-60-003,F-P7D-09
v07.csv,V7,DP-60-004,F-P7D-24
v07.csv,V7,DP-60-005,F-P7D-09
v07.csv,V7,DP-60-006,F-P7D-09
v07.csv,V7,DP-61-001,F-P7D-11
v07.csv,V7,DP-61-002,F-P7D-13
v07.csv,V7,DP-61-003,F-P7D-13
v07.csv,V7,DP-61-004,F-P7D-24
v07.csv,V7,DP-61-005,F-P7D-11
v07.csv,V7,DP-61-006,F-P7D-11
v07.csv,V7,DP-62-001,F-P7D-12
v07.csv,V7,DP-62-002,F-P7D-12
v07.csv,V7,DP-62-003,F-P7D-12
v07.csv,V7,DP-62-004,F-P7D-24
v07.csv,V7,DP-62-005,F-P7D-12
v07.csv,V7,DP-62-006,F-P7D-12
v07.csv,V7,DP-63-001,F-P7D-18
v07.csv,V7,DP-63-002,F-P7D-18
v07.csv,V7,DP-63-003,F-P7D-18
v07.csv,V7,DP-63-004,F-P7D-24
v07.csv,V7,DP-63-005,F-P7D-18
v07.csv,V7,DP-63-006,F-P7D-18
v07.csv,V7,DP-64-001,F-P7D-14
v07.csv,V7,DP-64-002,F-P7D-14
v07.csv,V7,DP-64-003,F-DONE-data-platform
v07.csv,V7,DP-64-004,F-P7D-24
v07.csv,V7,DP-64-005,F-P7D-14
v07.csv,V7,DP-64-006,F-P7D-14
v07.csv,V7,DP-65-001,F-DONE-infrastructure
v07.csv,V7,DP-65-002,F-P7D-25
v07.csv,V7,DP-65-003,F-DONE-infrastructure
v07.csv,V7,DP-65-004,F-P7D-24
v07.csv,V7,DP-65-005,F-P7D-25
v07.csv,V7,DP-65-006,F-DONE-infrastructure
v07.csv,V7,DP-66-001,F-P7D-16
v07.csv,V7,DP-66-002,F-P7D-16
v07.csv,V7,DP-66-003,F-DONE-infrastructure
v07.csv,V7,DP-66-004,F-P7D-24
v07.csv,V7,DP-66-005,F-P7D-16
v07.csv,V7,DP-66-006,F-P7D-16
v07.csv,V7,DP-67-001,F-P7D-25
v07.csv,V7,DP-67-002,F-P7D-25
v07.csv,V7,DP-67-003,F-P7D-25
v07.csv,V7,DP-67-004,F-P7D-24
v07.csv,V7,DP-67-005,F-P7D-25
v07.csv,V7,DP-67-006,F-P7D-25
v07.csv,V7,DP-68-001,F-P7D-16
v07.csv,V7,DP-68-002,F-P7D-16
v07.csv,V7,DP-68-003,F-DONE-infrastructure
v07.csv,V7,DP-68-004,F-P7D-24
v07.csv,V7,DP-68-005,F-P7D-16
v07.csv,V7,DP-68-006,F-P7D-16
v07.csv,V7,DP-69-001,F-P7D-20
v07.csv,V7,DP-69-002,F-P7D-20
v07.csv,V7,DP-69-003,F-P7D-20
v07.csv,V7,DP-69-004,F-P7D-24
v07.csv,V7,DP-69-005,F-P7D-20
v07.csv,V7,DP-69-006,F-P7D-20
v07.csv,V7,DP-70-001,F-P7-F-02
v07.csv,V7,DP-70-002,F-P7-F-02
v07.csv,V7,DP-70-003,F-P7-F-02
v07.csv,V7,DP-70-004,F-P7D-24
v07.csv,V7,DP-70-005,F-P7-F-02
v07.csv,V7,DP-70-006,F-P7-F-02
v07.csv,V7,DP-71-001,F-P7D-25
v07.csv,V7,DP-71-002,F-P7D-25
v07.csv,V7,DP-71-003,F-P7D-25
v07.csv,V7,DP-71-004,F-P7D-24
v07.csv,V7,DP-71-005,F-P7D-25
v07.csv,V7,DP-71-006,F-P7D-25
v07.csv,V7,DP-72-001,F-P7D-25
v07.csv,V7,DP-72-002,F-P7D-25
v07.csv,V7,DP-72-003,F-P7D-25
v07.csv,V7,DP-72-004,F-P7D-24
v07.csv,V7,DP-72-005,F-P7D-25
v07.csv,V7,DP-72-006,F-P7D-25
v07.csv,V7,DADR-001,F-P7D-15
v07.csv,V7,DADR-002,F-DONE-data-platform
v07.csv,V7,DADR-003,F-DONE-data-platform
v07.csv,V7,DADR-004,F-DONE-data-platform
v07.csv,V7,DADR-005,F-DONE-data-platform
v07.csv,V7,DADR-006,F-DONE-data-platform
v07.csv,V7,DADR-007,F-DONE-data-platform
v07.csv,V7,DADR-008,F-P7D-14
v07.csv,V7,DADR-009,F-P7D-14
v07.csv,V7,DADR-010,F-DONE-data-platform
v07.csv,V7,DADR-011,F-DONE-data-platform
v07.csv,V7,DADR-012,F-DONE-data-platform
v07.csv,V7,DADR-013,F-DONE-data-platform
v07.csv,V7,DADR-014,F-DONE-data-platform
v07.csv,V7,DADR-015,F-DONE-data-platform
v07.csv,V7,DADR-016,F-P7-F-09
v07.csv,V7,DADR-017,F-DONE-data-platform
v07.csv,V7,DADR-018,F-P7D-05
v07.csv,V7,DADR-019,F-P3-06
v07.csv,V7,DADR-020,F-P1-15
v07.csv,V7,DADR-021,F-DONE-data-platform
v07.csv,V7,DADR-022,F-P7D-12
v07.csv,V7,DADR-023,F-P7D-16
v07.csv,V7,DADR-024,F-P7D-23
v07.csv,V7,DAT-GV-01,F-P7D-25
v07.csv,V7,DAT-GV-02,F-P7D-25
v07.csv,V7,DAT-GV-03,F-P7D-25
v07.csv,V7,DAT-GV-04,F-P7D-25
v07.csv,V7,DAT-GV-05,F-P7D-04
v07.csv,V7,DAT-GV-06,F-P7D-25
v07.csv,V7,DAT-GV-07,F-P7D-25
v07.csv,V7,DAT-GV-08,F-P7D-25
v07.csv,V7,DAT-GV-09,F-P7D-25
v07.csv,V7,DAT-GV-10,F-P7D-25
v07.csv,V7,DAT-IN-01,F-DONE-observation
v07.csv,V7,DAT-IN-02,F-P1-12
v07.csv,V7,DAT-IN-03,F-P1-13
v07.csv,V7,DAT-IN-04,F-P1-05
v07.csv,V7,DAT-IN-05,F-P1-08
v07.csv,V7,DAT-IN-06,F-P1-11
v07.csv,V7,DAT-IN-07,F-DONE-observation
v07.csv,V7,DAT-IN-08,F-P1-09
v07.csv,V7,DAT-IN-09,F-P1-08
v07.csv,V7,DAT-IN-10,F-P2-06
v07.csv,V7,DAT-IN-11,F-P1-03
v07.csv,V7,DAT-IN-12,F-P1-03
v07.csv,V7,DAT-IN-13,F-DONE-observation
v07.csv,V7,DAT-IN-14,F-DONE-observation
v07.csv,V7,DAT-SM-01,F-P7D-15
v07.csv,V7,DAT-SM-02,F-P7D-15
v07.csv,V7,DAT-SM-03,F-DONE-data-platform
v07.csv,V7,DAT-SM-04,F-DONE-data-platform
v07.csv,V7,DAT-SM-05,F-DONE-data-platform
v07.csv,V7,DAT-SM-06,F-P3-01
v07.csv,V7,DAT-SM-07,F-DONE-data-platform
v07.csv,V7,DAT-SM-08,F-P3-05
v07.csv,V7,DAT-SM-09,F-P7D-15
v07.csv,V7,DAT-SM-10,F-P3-07
v07.csv,V7,DAT-SM-11,F-P7D-04
v07.csv,V7,DAT-SM-12,F-P7D-15
v07.csv,V7,DAT-ST-01,F-P7D-14
v07.csv,V7,DAT-ST-02,F-P7D-14
v07.csv,V7,DAT-ST-03,F-P7D-14
v07.csv,V7,DAT-ST-04,F-DONE-infrastructure
v07.csv,V7,DAT-ST-05,F-P7D-14
v07.csv,V7,DAT-ST-06,F-P7D-14
v07.csv,V7,DAT-ST-07,F-P7D-14
v07.csv,V7,DAT-ST-08,F-DONE-infrastructure
v07.csv,V7,DAT-ST-09,F-P7D-14
v07.csv,V7,DAT-ST-10,F-P7D-14
v07.csv,V7,DAT-ST-11,F-P7D-14
v07.csv,V7,DAT-ST-12,F-P7D-14
v07.csv,V7,DAT-ST-13,F-P4-16
v07.csv,V7,DAT-ST-14,F-DONE-infrastructure
v07.csv,V7,DAT-KN-01,F-P3-07
v07.csv,V7,DAT-KN-02,F-DONE-memory-graph
v07.csv,V7,DAT-KN-03,F-DONE-memory-graph
v07.csv,V7,DAT-KN-04,F-DONE-memory-graph
v07.csv,V7,DAT-KN-05,F-DONE-memory-graph
v07.csv,V7,DAT-KN-06,F-P3-14
v07.csv,V7,DAT-KN-07,F-P1-08
v07.csv,V7,DAT-KN-08,F-P3-15
v07.csv,V7,DAT-KN-09,F-P3-15
v07.csv,V7,DAT-KN-10,F-DONE-memory-graph
v07.csv,V7,DAT-KN-11,F-DONE-memory-graph
v07.csv,V7,DAT-KN-12,F-DONE-memory-graph
v07.csv,V7,DAT-SV-01,F-P7-F-09
v07.csv,V7,DAT-SV-02,F-P7-F-07
v07.csv,V7,DAT-SV-03,F-P7-F-09
v07.csv,V7,DAT-SV-04,F-P7-F-10
v07.csv,V7,DAT-SV-05,F-P7-F-09
v07.csv,V7,DAT-SV-06,F-P7B-04
v07.csv,V7,DAT-SV-07,F-P2-17
v07.csv,V7,DAT-SV-08,F-P7-F-08
v07.csv,V7,DAT-SV-09,F-P7C-06
v07.csv,V7,DAT-SV-10,F-P7-F-09
v07.csv,V7,DAT-TR-01,F-P7-F-11
v07.csv,V7,DAT-TR-02,F-DONE-identity-policy
v07.csv,V7,DAT-TR-03,F-DONE-identity-policy
v07.csv,V7,DAT-TR-04,F-P7D-05
v07.csv,V7,DAT-TR-05,F-P7D-06
v07.csv,V7,DAT-TR-06,F-P7D-05
v07.csv,V7,DAT-TR-07,F-P7D-05
v07.csv,V7,DAT-TR-08,F-P3-06
v07.csv,V7,DAT-TR-09,F-P3-06
v07.csv,V7,DAT-TR-10,F-P3-06
v07.csv,V7,DAT-TR-11,F-DONE-identity-policy
v07.csv,V7,DAT-TR-12,F-P7-F-08
v07.csv,V7,DAT-OP-01,F-P1-15
v07.csv,V7,DAT-OP-02,F-DONE-infrastructure
v07.csv,V7,DAT-OP-03,F-P7D-08
v07.csv,V7,DAT-OP-04,F-P7D-09
v07.csv,V7,DAT-OP-05,F-P7D-10
v07.csv,V7,DAT-OP-06,F-P7D-11
v07.csv,V7,DAT-OP-07,F-P7D-12
v07.csv,V7,DAT-OP-08,F-P7D-12
v07.csv,V7,DAT-OP-09,F-P7D-18
v07.csv,V7,DAT-OP-10,F-P3-05
v07.csv,V7,DAT-OP-11,F-P7D-14
v07.csv,V7,DAT-OP-12,F-P7D-25
v07.csv,V7,DAT-DL-01,F-P7D-16
v07.csv,V7,DAT-DL-02,F-P7D-16
v07.csv,V7,DAT-DL-03,F-P7D-16
v07.csv,V7,DAT-DL-04,F-P7D-16
v07.csv,V7,DAT-DL-05,F-P7D-16
v07.csv,V7,DAT-DL-06,F-P7D-23
v07.csv,V7,DAT-DL-07,F-P7-F-02
v07.csv,V7,DAT-DL-08,F-P7D-25
v07.csv,V7,DZ-01,F-DONE-data-platform
v07.csv,V7,DZ-02,F-P1-08
v07.csv,V7,DZ-03,F-DONE-data-platform
v07.csv,V7,DZ-04,F-DONE-data-platform
v07.csv,V7,DZ-05,F-P2-06
v07.csv,V7,DZ-06,F-P7-F-09
v07.csv,V7,DZ-07,F-DONE-data-platform
v07.csv,V7,DZ-08,F-DONE-data-platform
v07.csv,V7,DZ-09,F-P3-06
v07.csv,V7,DZ-10,F-DONE-data-platform
v07.csv,V7,DZ-11,F-DONE-data-platform
v07.csv,V7,DZ-12,F-P7B-04
v07.csv,V7,DZ-13,F-P3-15
v07.csv,V7,DZ-14,F-P3-15
v07.csv,V7,DZ-15,F-P7-F-10
v07.csv,V7,DZ-16,F-P7-F-09
v07.csv,V7,DZ-17,F-P7-F-08
v07.csv,V7,DZ-18,F-P7D-14
v07.csv,V7,DZ-19,F-P7D-12
v07.csv,V7,DZ-20,F-DONE-data-platform
v07.csv,V7,SP-01,F-P1-05
v07.csv,V7,SP-02,F-P1-05
v07.csv,V7,SP-03,F-P1-06
v07.csv,V7,SP-04,F-P1-05
v07.csv,V7,SP-05,F-P1-05
v07.csv,V7,SP-06,F-P1-06
v07.csv,V7,SP-07,F-P1-06
v07.csv,V7,SP-08,F-P1-05
v07.csv,V7,SP-09,F-P1-05
v07.csv,V7,SP-10,F-P1-06
v07.csv,V7,SP-11,F-P1-08
v07.csv,V7,SP-12,F-P1-08
v07.csv,V7,SP-13,F-P1-08
v07.csv,V7,SP-14,F-P1-08
v07.csv,V7,SP-15,F-P1-08
v07.csv,V7,SP-16,F-P1-10
v07.csv,V7,SP-17,F-P1-09
v07.csv,V7,SP-18,F-P1-11
v07.csv,V7,SP-19,F-P1-11
v07.csv,V7,SP-20,F-DONE-observation
v07.csv,V7,SP-21,F-DONE-observation
v07.csv,V7,SP-22,F-P1-03
v07.csv,V7,SP-23,F-P7D-20
v07.csv,V7,SP-24,F-P7C-06
v07.csv,V7,DC-01,F-P7D-15
v07.csv,V7,DC-02,F-P7D-15
v07.csv,V7,DC-03,F-P7D-15
v07.csv,V7,DC-04,F-P7D-15
v07.csv,V7,DC-05,F-P7D-15
v07.csv,V7,DC-06,F-P7D-15
v07.csv,V7,DC-07,F-P7D-15
v07.csv,V7,DC-08,F-P7D-15
v07.csv,V7,DC-09,F-P7D-15
v07.csv,V7,DC-10,F-P7D-15
v07.csv,V7,DC-11,F-P7D-15
v07.csv,V7,DC-12,F-P7D-04
v07.csv,V7,DC-13,F-P7D-15
v07.csv,V7,DC-14,F-P3-06
v07.csv,V7,DC-15,F-P7D-15
v07.csv,V7,DC-16,F-P7D-15
v07.csv,V7,TT-01,F-DONE-data-platform
v07.csv,V7,TT-02,F-DONE-data-platform
v07.csv,V7,TT-03,F-DONE-data-platform
v07.csv,V7,TT-04,F-P3-03
v07.csv,V7,TT-05,F-DONE-data-platform
v07.csv,V7,TT-06,F-DONE-data-platform
v07.csv,V7,TT-07,F-DONE-data-platform
v07.csv,V7,TT-08,F-DONE-data-platform
v07.csv,V7,TT-09,F-DONE-data-platform
v07.csv,V7,TT-10,F-DONE-data-platform
v07.csv,V7,TT-11,F-DONE-data-platform
v07.csv,V7,TT-12,F-DONE-data-platform
v07.csv,V7,TT-13,F-DONE-data-platform
v07.csv,V7,TT-14,F-DONE-data-platform
v07.csv,V7,TT-15,F-DONE-data-platform
v07.csv,V7,TT-16,F-DONE-data-platform
v07.csv,V7,TT-17,F-DONE-data-platform
v07.csv,V7,TT-18,F-P7B-04
v07.csv,V7,TT-19,F-P4-16
v07.csv,V7,TT-20,F-DONE-data-platform
v07.csv,V7,DPD-01,F-P7-F-09
v07.csv,V7,DPD-02,F-P7-F-09
v07.csv,V7,DPD-03,F-P7-F-09
v07.csv,V7,DPD-04,F-P7-F-09
v07.csv,V7,DPD-05,F-P3-14
v07.csv,V7,DPD-06,F-P7-F-09
v07.csv,V7,DPD-07,F-P7-F-09
v07.csv,V7,DPD-08,F-P7-F-09
v07.csv,V7,DPD-09,F-P7-F-09
v07.csv,V7,DPD-10,F-P7-F-09
v07.csv,V7,DPD-11,F-P7-F-09
v07.csv,V7,DPD-12,F-P7-F-10
v07.csv,V7,DPD-13,F-P7-F-09
v07.csv,V7,DPD-14,F-P3-15
v07.csv,V7,DPD-15,F-P3-15
v07.csv,V7,DPD-16,F-P7B-04
v07.csv,V7,DPD-17,F-P7B-04
v07.csv,V7,DPD-18,F-P2-17
v07.csv,V7,DPD-19,F-P7-F-08
v07.csv,V7,DPD-20,F-P7C-06
v07.csv,V7,DQM-001,F-P7D-09
v07.csv,V7,DQM-002,F-P7D-09
v07.csv,V7,DQM-003,F-DONE-data-platform
v07.csv,V7,DQM-004,F-DONE-data-platform
v07.csv,V7,DQM-005,F-P3-11
v07.csv,V7,DQM-006,F-P3-11
v07.csv,V7,DQM-007,F-P1-15
v07.csv,V7,DQM-008,F-P1-15
v07.csv,V7,DQM-009,F-P1-15
v07.csv,V7,DQM-010,F-P1-15
v07.csv,V7,DQM-011,F-P7D-09
v07.csv,V7,DQM-012,F-P7D-09
v07.csv,V7,DQM-013,F-P7D-09
v07.csv,V7,DQM-014,F-P7D-09
v07.csv,V7,DQM-015,F-P7D-09
v07.csv,V7,DQM-016,F-P7D-09
v07.csv,V7,DQM-017,F-P7D-09
v07.csv,V7,DQM-018,F-P7D-09
v07.csv,V7,DQM-019,F-P7D-09
v07.csv,V7,DQM-020,F-P3-05
v07.csv,V7,DQM-021,F-P4-16
v07.csv,V7,DQM-022,F-DONE-data-platform
v07.csv,V7,DQM-023,F-P3-10
v07.csv,V7,DQM-024,F-P3-10
v07.csv,V7,DQM-025,F-P3-11
v07.csv,V7,DQM-026,F-P3-11
v07.csv,V7,DQM-027,F-DONE-data-platform
v07.csv,V7,DQM-028,F-P3-15
v07.csv,V7,DQM-029,F-P2-16
v07.csv,V7,DQM-030,F-P7B-04
v07.csv,V7,DQM-031,F-P7B-04
v07.csv,V7,DQM-032,F-P7D-09
v07.csv,V7,DQM-033,F-P7D-09
v07.csv,V7,DQM-034,F-P7D-09
v07.csv,V7,DQM-035,F-P7D-09
v07.csv,V7,DQM-036,F-P7D-09
v07.csv,V7,DQM-037,F-P7D-09
v07.csv,V7,DQM-038,F-P7D-09
v07.csv,V7,DQM-039,F-P7-F-08
v07.csv,V7,DQM-040,F-P7-F-02
v07.csv,V7,DF-01,F-DONE-infrastructure
v07.csv,V7,DF-02,F-DONE-infrastructure
v07.csv,V7,DF-03,F-P1-03
v07.csv,V7,DF-04,F-P1-11
v07.csv,V7,DF-05,F-P1-08
v07.csv,V7,DF-06,F-P1-09
v07.csv,V7,DF-07,F-P7D-02
v07.csv,V7,DF-08,F-P7D-15
v07.csv,V7,DF-09,F-DONE-infrastructure
v07.csv,V7,DF-10,F-DONE-infrastructure
v07.csv,V7,DF-11,F-P7D-11
v07.csv,V7,DF-12,F-P3-05
v07.csv,V7,DF-13,F-P7D-14
v07.csv,V7,DF-14,F-P7D-13
v07.csv,V7,DF-15,F-P7D-12
v07.csv,V7,DF-16,F-P7D-13
v07.csv,V7,DF-17,F-DONE-infrastructure
v07.csv,V7,DF-18,F-DONE-infrastructure
v07.csv,V7,DF-19,F-P1-09
v07.csv,V7,DF-20,F-P3-15
v07.csv,V7,DF-21,F-DONE-infrastructure
v07.csv,V7,DF-22,F-P7D-11
v07.csv,V7,DF-23,F-DONE-infrastructure
v07.csv,V7,DF-24,F-DONE-infrastructure
v07.csv,V7,DF-25,F-P7D-06
v07.csv,V7,DF-26,F-P7D-03
v07.csv,V7,DF-27,F-P3-06
v07.csv,V7,DF-28,F-P1-15
v07.csv,V7,DF-29,F-P7D-08
v07.csv,V7,DF-30,F-P7D-12
v07.csv,V7,DF-31,F-P7D-16
v07.csv,V7,DF-32,F-P7D-20
v07.csv,V7,DCN-01,F-DONE-identity-policy
v07.csv,V7,DCN-02,F-DONE-identity-policy
v07.csv,V7,DCN-03,F-DONE-identity-policy
v07.csv,V7,DCN-04,F-DONE-identity-policy
v07.csv,V7,DCN-05,F-DONE-identity-policy
v07.csv,V7,DCN-06,F-DONE-identity-policy
v07.csv,V7,DCN-07,F-DONE-identity-policy
v07.csv,V7,DCN-08,F-DONE-identity-policy
v07.csv,V7,DCN-09,F-P3-05
v07.csv,V7,DCN-10,F-P7D-14
v07.csv,V7,DCN-11,F-DONE-identity-policy
v07.csv,V7,DCN-12,F-DONE-identity-policy
v07.csv,V7,DCN-13,F-DONE-identity-policy
v07.csv,V7,DCN-14,F-DONE-identity-policy
v07.csv,V7,DCN-15,F-DONE-identity-policy
v07.csv,V7,DCN-16,F-DONE-identity-policy
v07.csv,V7,DCN-17,F-DONE-identity-policy
v07.csv,V7,DCN-18,F-P7D-05
v07.csv,V7,DCN-19,F-P7D-06
v07.csv,V7,DCN-20,F-P7D-03
v07.csv,V7,DCN-21,F-P7D-02
v07.csv,V7,DCN-22,F-P7D-05
v07.csv,V7,DCN-23,F-P3-06
v07.csv,V7,DCN-24,F-P3-06
v07.csv,V7,DCN-25,F-DONE-identity-policy
v07.csv,V7,DCN-26,F-P1-15
v07.csv,V7,DCN-27,F-DONE-identity-policy
v07.csv,V7,DCN-28,F-P7D-09
v07.csv,V7,DCN-29,F-P7D-12
v07.csv,V7,DCN-30,F-P7D-16
v07.csv,V7,DCN-31,F-P7D-23
v07.csv,V7,DCN-32,F-DONE-identity-policy
v07.csv,V7,LR-01,F-P7D-12
v07.csv,V7,LR-02,F-P7D-12
v07.csv,V7,LR-03,F-P7D-12
v07.csv,V7,LR-04,F-P7D-12
v07.csv,V7,LR-05,F-P7D-12
v07.csv,V7,LR-06,F-P7D-12
v07.csv,V7,LR-07,F-P7D-12
v07.csv,V7,LR-08,F-P7D-12
v07.csv,V7,LR-09,F-P7D-12
v07.csv,V7,LR-10,F-P7D-12
v07.csv,V7,LR-11,F-P7D-12
v07.csv,V7,LR-12,F-P7D-12
v07.csv,V7,LR-13,F-P3-15
v07.csv,V7,LR-14,F-P7D-12
v07.csv,V7,LR-15,F-P7D-12
v07.csv,V7,LR-16,F-P7D-12
v07.csv,V7,LR-17,F-P7D-12
v07.csv,V7,LR-18,F-P7D-12
v07.csv,V7,LR-19,F-P7D-12
v07.csv,V7,LR-20,F-P7D-12
v07.csv,V7,LR-21,F-P7D-12
v07.csv,V7,LR-22,F-P7D-12
v07.csv,V7,LR-23,F-P7D-12
v07.csv,V7,LR-24,F-P7D-20
v07.csv,V7,V07-T-001,F-DONE-data-platform
v07.csv,V7,V07-T-002,F-P7D-14
v07.csv,V7,V07-T-003,F-P7D-14
v07.csv,V7,V07-T-004,F-P7D-25
v07.csv,V7,V07-T-005,F-P7D-25
v07.csv,V7,V07-T-006,F-P7D-11
v08.csv,V8,PR-01-001,F-P7-F-12
v08.csv,V8,PR-01-002,F-P7-F-12
v08.csv,V8,PR-01-003,F-P7-F-12
v08.csv,V8,PR-01-004,F-P7D-24
v08.csv,V8,PR-01-005,F-P7-F-12
v08.csv,V8,PR-01-006,F-P7-F-12
v08.csv,V8,PR-02-001,F-P7B-13
v08.csv,V8,PR-02-002,F-P7B-13
v08.csv,V8,PR-02-003,F-P7B-13
v08.csv,V8,PR-02-004,F-P7D-24
v08.csv,V8,PR-02-005,F-P7B-13
v08.csv,V8,PR-02-006,F-P7B-13
v08.csv,V8,PR-03-001,F-P7D-06
v08.csv,V8,PR-03-002,F-P7D-06
v08.csv,V8,PR-03-003,F-P7D-06
v08.csv,V8,PR-03-004,F-P7D-24
v08.csv,V8,PR-03-005,F-P7D-06
v08.csv,V8,PR-03-006,F-P7D-06
v08.csv,V8,PR-04-001,F-P7D-01
v08.csv,V8,PR-04-002,F-P7D-01
v08.csv,V8,PR-04-003,F-P7D-01
v08.csv,V8,PR-04-004,F-P7D-24
v08.csv,V8,PR-04-005,F-P7D-01
v08.csv,V8,PR-04-006,F-P7D-01
v08.csv,V8,PR-05-001,F-P7-E-01
v08.csv,V8,PR-05-002,F-P7-E-01
v08.csv,V8,PR-05-003,F-P7-E-01
v08.csv,V8,PR-05-004,F-P7D-24
v08.csv,V8,PR-05-005,F-P7-E-01
v08.csv,V8,PR-05-006,F-P7-E-01
v08.csv,V8,PR-06-001,F-P3-02
v08.csv,V8,PR-06-002,F-P3-02
v08.csv,V8,PR-06-003,F-P3-02
v08.csv,V8,PR-06-004,F-P7D-24
v08.csv,V8,PR-06-005,F-P3-02
v08.csv,V8,PR-06-006,F-P3-02
v08.csv,V8,PR-07-001,F-P7-E-08
v08.csv,V8,PR-07-002,F-P7-E-08
v08.csv,V8,PR-07-003,F-P7-E-08
v08.csv,V8,PR-07-004,F-P7D-24
v08.csv,V8,PR-07-005,F-P7-E-08
v08.csv,V8,PR-07-006,F-P7-E-08
v08.csv,V8,PR-08-001,F-P7-F-12
v08.csv,V8,PR-08-002,F-P7-F-12
v08.csv,V8,PR-08-003,F-P7-F-12
v08.csv,V8,PR-08-004,F-P7D-24
v08.csv,V8,PR-08-005,F-P7-F-12
v08.csv,V8,PR-08-006,F-P7-F-12
v08.csv,V8,PR-09-001,F-P1-01
v08.csv,V8,PR-09-002,F-P1-01
v08.csv,V8,PR-09-003,F-P1-01
v08.csv,V8,PR-09-004,F-P7D-24
v08.csv,V8,PR-09-005,F-P1-01
v08.csv,V8,PR-09-006,F-P1-01
v08.csv,V8,PR-10-001,F-P1-14
v08.csv,V8,PR-10-002,F-P1-14
v08.csv,V8,PR-10-003,F-P1-14
v08.csv,V8,PR-10-004,F-P7D-24
v08.csv,V8,PR-10-005,F-P1-14
v08.csv,V8,PR-10-006,F-P1-14
v08.csv,V8,PR-11-001,F-P3-17
v08.csv,V8,PR-11-002,F-P3-17
v08.csv,V8,PR-11-003,F-P3-17
v08.csv,V8,PR-11-004,F-P7D-24
v08.csv,V8,PR-11-005,F-P3-17
v08.csv,V8,PR-11-006,F-P3-17
v08.csv,V8,PR-12-001,F-P2-06
v08.csv,V8,PR-12-002,F-P2-06
v08.csv,V8,PR-12-003,F-P2-06
v08.csv,V8,PR-12-004,F-P7D-24
v08.csv,V8,PR-12-005,F-P2-06
v08.csv,V8,PR-12-006,F-P2-06
v08.csv,V8,PR-13-001,F-P1-09
v08.csv,V8,PR-13-002,F-P1-09
v08.csv,V8,PR-13-003,F-P1-09
v08.csv,V8,PR-13-004,F-P7D-24
v08.csv,V8,PR-13-005,F-P1-09
v08.csv,V8,PR-13-006,F-P1-09
v08.csv,V8,PR-14-001,F-P1-08
v08.csv,V8,PR-14-002,F-P1-08
v08.csv,V8,PR-14-003,F-P1-08
v08.csv,V8,PR-14-004,F-P7D-24
v08.csv,V8,PR-14-005,F-P1-08
v08.csv,V8,PR-14-006,F-P1-08
v08.csv,V8,PR-15-001,F-P1-13
v08.csv,V8,PR-15-002,F-P1-13
v08.csv,V8,PR-15-003,F-P1-13
v08.csv,V8,PR-15-004,F-P7D-24
v08.csv,V8,PR-15-005,F-P1-13
v08.csv,V8,PR-15-006,F-P1-13
v08.csv,V8,PR-16-001,F-P1-03
v08.csv,V8,PR-16-002,F-P1-03
v08.csv,V8,PR-16-003,F-P1-03
v08.csv,V8,PR-16-004,F-P7D-24
v08.csv,V8,PR-16-005,F-P1-03
v08.csv,V8,PR-16-006,F-P1-03
v08.csv,V8,PR-17-001,F-P2-16
v08.csv,V8,PR-17-002,F-P2-16
v08.csv,V8,PR-17-003,F-P2-16
v08.csv,V8,PR-17-004,F-P7D-24
v08.csv,V8,PR-17-005,F-P2-16
v08.csv,V8,PR-17-006,F-P2-16
v08.csv,V8,PR-18-001,F-P3-10
v08.csv,V8,PR-18-002,F-P3-10
v08.csv,V8,PR-18-003,F-P3-10
v08.csv,V8,PR-18-004,F-P7D-24
v08.csv,V8,PR-18-005,F-P3-10
v08.csv,V8,PR-18-006,F-P3-10
v08.csv,V8,PR-19-001,F-P3-12
v08.csv,V8,PR-19-002,F-P3-12
v08.csv,V8,PR-19-003,F-P3-12
v08.csv,V8,PR-19-004,F-P7D-24
v08.csv,V8,PR-19-005,F-P3-12
v08.csv,V8,PR-19-006,F-P3-12
v08.csv,V8,PR-20-001,F-P3-14
v08.csv,V8,PR-20-002,F-P3-14
v08.csv,V8,PR-20-003,F-P3-14
v08.csv,V8,PR-20-004,F-P7D-24
v08.csv,V8,PR-20-005,F-P3-14
v08.csv,V8,PR-20-006,F-P3-14
v08.csv,V8,PR-21-001,F-P2-10
v08.csv,V8,PR-21-002,F-P2-10
v08.csv,V8,PR-21-003,F-P2-10
v08.csv,V8,PR-21-004,F-P7D-24
v08.csv,V8,PR-21-005,F-P2-10
v08.csv,V8,PR-21-006,F-P2-10
v08.csv,V8,PR-22-001,F-P3-04
v08.csv,V8,PR-22-002,F-P3-04
v08.csv,V8,PR-22-003,F-P3-04
v08.csv,V8,PR-22-004,F-P7D-24
v08.csv,V8,PR-22-005,F-P3-04
v08.csv,V8,PR-22-006,F-P3-04
v08.csv,V8,PR-23-001,F-P2-13
v08.csv,V8,PR-23-002,F-P2-13
v08.csv,V8,PR-23-003,F-P2-13
v08.csv,V8,PR-23-004,F-P7D-24
v08.csv,V8,PR-23-005,F-P2-13
v08.csv,V8,PR-23-006,F-P2-13
v08.csv,V8,PR-24-001,F-P3-05
v08.csv,V8,PR-24-002,F-P3-05
v08.csv,V8,PR-24-003,F-P3-05
v08.csv,V8,PR-24-004,F-P7D-24
v08.csv,V8,PR-24-005,F-P3-05
v08.csv,V8,PR-24-006,F-P3-05
v08.csv,V8,PR-25-001,F-P4-10
v08.csv,V8,PR-25-002,F-P4-10
v08.csv,V8,PR-25-003,F-P4-10
v08.csv,V8,PR-25-004,F-P7D-24
v08.csv,V8,PR-25-005,F-P4-10
v08.csv,V8,PR-25-006,F-P4-10
v08.csv,V8,PR-26-001,F-P4-12
v08.csv,V8,PR-26-002,F-P4-12
v08.csv,V8,PR-26-003,F-P4-12
v08.csv,V8,PR-26-004,F-P7D-24
v08.csv,V8,PR-26-005,F-P4-12
v08.csv,V8,PR-26-006,F-P4-12
v08.csv,V8,PR-27-001,F-P4-13
v08.csv,V8,PR-27-002,F-P4-13
v08.csv,V8,PR-27-003,F-P4-13
v08.csv,V8,PR-27-004,F-P7D-24
v08.csv,V8,PR-27-005,F-P4-13
v08.csv,V8,PR-27-006,F-P4-13
v08.csv,V8,PR-28-001,F-P4-13
v08.csv,V8,PR-28-002,F-P4-13
v08.csv,V8,PR-28-003,F-P4-13
v08.csv,V8,PR-28-004,F-P7D-24
v08.csv,V8,PR-28-005,F-P4-13
v08.csv,V8,PR-28-006,F-P4-13
v08.csv,V8,PR-29-001,F-P4-15
v08.csv,V8,PR-29-002,F-P4-15
v08.csv,V8,PR-29-003,F-P4-15
v08.csv,V8,PR-29-004,F-P7D-24
v08.csv,V8,PR-29-005,F-P4-15
v08.csv,V8,PR-29-006,F-P4-15
v08.csv,V8,PR-30-001,F-P4-14
v08.csv,V8,PR-30-002,F-P4-14
v08.csv,V8,PR-30-003,F-P4-14
v08.csv,V8,PR-30-004,F-P7D-24
v08.csv,V8,PR-30-005,F-P4-14
v08.csv,V8,PR-30-006,F-P4-14
v08.csv,V8,PR-31-001,F-P4-15
v08.csv,V8,PR-31-002,F-P4-15
v08.csv,V8,PR-31-003,F-P4-15
v08.csv,V8,PR-31-004,F-P7D-24
v08.csv,V8,PR-31-005,F-P4-15
v08.csv,V8,PR-31-006,F-P4-15
v08.csv,V8,PR-32-001,F-P4-01
v08.csv,V8,PR-32-002,F-P4-06
v08.csv,V8,PR-32-003,F-P4-06
v08.csv,V8,PR-32-004,F-P7D-24
v08.csv,V8,PR-32-005,F-P4-05
v08.csv,V8,PR-32-006,F-P4-06
v08.csv,V8,PR-33-001,F-P4-08
v08.csv,V8,PR-33-002,F-P4-07
v08.csv,V8,PR-33-003,F-P4-08
v08.csv,V8,PR-33-004,F-P7D-24
v08.csv,V8,PR-33-005,F-P4-09
v08.csv,V8,PR-33-006,F-P4-08
v08.csv,V8,PR-34-001,F-P7C-05
v08.csv,V8,PR-34-002,F-P7C-05
v08.csv,V8,PR-34-003,F-P7C-05
v08.csv,V8,PR-34-004,F-P7D-24
v08.csv,V8,PR-34-005,F-P7C-05
v08.csv,V8,PR-34-006,F-P7C-05
v08.csv,V8,PR-35-001,F-P5-06
v08.csv,V8,PR-35-002,F-P5-06
v08.csv,V8,PR-35-003,F-P5-06
v08.csv,V8,PR-35-004,F-P7D-24
v08.csv,V8,PR-35-005,F-P5-06
v08.csv,V8,PR-35-006,F-P5-06
v08.csv,V8,PR-36-001,F-P5-01
v08.csv,V8,PR-36-002,F-P5-01
v08.csv,V8,PR-36-003,F-P5-03
v08.csv,V8,PR-36-004,F-P7D-24
v08.csv,V8,PR-36-005,F-P5-04
v08.csv,V8,PR-36-006,F-P5-03
v08.csv,V8,PR-37-001,F-P6-09
v08.csv,V8,PR-37-002,F-P6-09
v08.csv,V8,PR-37-003,F-P6-09
v08.csv,V8,PR-37-004,F-P7D-24
v08.csv,V8,PR-37-005,F-P6-09
v08.csv,V8,PR-37-006,F-P6-09
v08.csv,V8,PR-38-001,F-P6-02
v08.csv,V8,PR-38-002,F-P6-02
v08.csv,V8,PR-38-003,F-P6-02
v08.csv,V8,PR-38-004,F-P7D-24
v08.csv,V8,PR-38-005,F-P6-02
v08.csv,V8,PR-38-006,F-P6-02
v08.csv,V8,PR-39-001,F-P6-04
v08.csv,V8,PR-39-002,F-P6-04
v08.csv,V8,PR-39-003,F-P6-04
v08.csv,V8,PR-39-004,F-P7D-24
v08.csv,V8,PR-39-005,F-P6-04
v08.csv,V8,PR-39-006,F-P6-04
v08.csv,V8,PR-40-001,F-P7B-02
v08.csv,V8,PR-40-002,F-P7B-02
v08.csv,V8,PR-40-003,F-P7B-02
v08.csv,V8,PR-40-004,F-P7D-24
v08.csv,V8,PR-40-005,F-P7B-02
v08.csv,V8,PR-40-006,F-P7B-02
v08.csv,V8,PR-41-001,F-P6-11
v08.csv,V8,PR-41-002,F-P6-11
v08.csv,V8,PR-41-003,F-P6-11
v08.csv,V8,PR-41-004,F-P7D-24
v08.csv,V8,PR-41-005,F-P6-11
v08.csv,V8,PR-41-006,F-P6-11
v08.csv,V8,PR-42-001,F-P6-12
v08.csv,V8,PR-42-002,F-P6-12
v08.csv,V8,PR-42-003,F-P6-12
v08.csv,V8,PR-42-004,F-P7D-24
v08.csv,V8,PR-42-005,F-P6-12
v08.csv,V8,PR-42-006,F-P6-12
v08.csv,V8,PR-43-001,F-P6-08
v08.csv,V8,PR-43-002,F-P6-08
v08.csv,V8,PR-43-003,F-P6-08
v08.csv,V8,PR-43-004,F-P7D-24
v08.csv,V8,PR-43-005,F-P6-08
v08.csv,V8,PR-43-006,F-P6-08
v08.csv,V8,PR-44-001,F-P6-07
v08.csv,V8,PR-44-002,F-P6-07
v08.csv,V8,PR-44-003,F-P6-07
v08.csv,V8,PR-44-004,F-P7D-24
v08.csv,V8,PR-44-005,F-P6-07
v08.csv,V8,PR-44-006,F-P6-07
v08.csv,V8,PR-45-001,F-P6-10
v08.csv,V8,PR-45-002,F-P6-10
v08.csv,V8,PR-45-003,F-P6-10
v08.csv,V8,PR-45-004,F-P7D-24
v08.csv,V8,PR-45-005,F-P6-10
v08.csv,V8,PR-45-006,F-P6-10
v08.csv,V8,PR-46-001,F-P6-14
v08.csv,V8,PR-46-002,F-P6-14
v08.csv,V8,PR-46-003,F-P6-14
v08.csv,V8,PR-46-004,F-P7D-24
v08.csv,V8,PR-46-005,F-P6-14
v08.csv,V8,PR-46-006,F-P6-14
v08.csv,V8,PR-47-001,F-P6-13
v08.csv,V8,PR-47-002,F-P6-13
v08.csv,V8,PR-47-003,F-P6-13
v08.csv,V8,PR-47-004,F-P7D-24
v08.csv,V8,PR-47-005,F-P6-13
v08.csv,V8,PR-47-006,F-P6-13
v08.csv,V8,PR-48-001,F-P7-E-10
v08.csv,V8,PR-48-002,F-P7-E-10
v08.csv,V8,PR-48-003,F-P7-E-10
v08.csv,V8,PR-48-004,F-P7D-24
v08.csv,V8,PR-48-005,F-P7-E-10
v08.csv,V8,PR-48-006,F-P7-E-10
v08.csv,V8,PR-49-001,F-P7C-04
v08.csv,V8,PR-49-002,F-P7C-04
v08.csv,V8,PR-49-003,F-P7C-04
v08.csv,V8,PR-49-004,F-P7D-24
v08.csv,V8,PR-49-005,F-P7C-04
v08.csv,V8,PR-49-006,F-P7C-04
v08.csv,V8,PR-50-001,F-P7A-13
v08.csv,V8,PR-50-002,F-P7A-13
v08.csv,V8,PR-50-003,F-P7A-13
v08.csv,V8,PR-50-004,F-P7D-24
v08.csv,V8,PR-50-005,F-P7A-13
v08.csv,V8,PR-50-006,F-P7A-13
v08.csv,V8,PR-51-001,F-P7A-14
v08.csv,V8,PR-51-002,F-P7A-14
v08.csv,V8,PR-51-003,F-P7A-14
v08.csv,V8,PR-51-004,F-P7D-24
v08.csv,V8,PR-51-005,F-P7A-14
v08.csv,V8,PR-51-006,F-P7A-14
v08.csv,V8,PR-52-001,F-P7A-15
v08.csv,V8,PR-52-002,F-P7A-15
v08.csv,V8,PR-52-003,F-P7A-15
v08.csv,V8,PR-52-004,F-P7D-24
v08.csv,V8,PR-52-005,F-P7A-15
v08.csv,V8,PR-52-006,F-P7A-15
v08.csv,V8,PR-53-001,F-P7A-16
v08.csv,V8,PR-53-002,F-P7A-16
v08.csv,V8,PR-53-003,F-P7A-16
v08.csv,V8,PR-53-004,F-P7D-24
v08.csv,V8,PR-53-005,F-P7A-16
v08.csv,V8,PR-53-006,F-P7A-16
v08.csv,V8,PR-54-001,F-P7A-17
v08.csv,V8,PR-54-002,F-P7A-17
v08.csv,V8,PR-54-003,F-P7A-17
v08.csv,V8,PR-54-004,F-P7D-24
v08.csv,V8,PR-54-005,F-P7A-17
v08.csv,V8,PR-54-006,F-P7A-17
v08.csv,V8,PR-55-001,F-P7A-03
v08.csv,V8,PR-55-002,F-P7A-03
v08.csv,V8,PR-55-003,F-P7A-03
v08.csv,V8,PR-55-004,F-P7D-24
v08.csv,V8,PR-55-005,F-P7A-03
v08.csv,V8,PR-55-006,F-P7A-03
v08.csv,V8,PR-56-001,F-P7A-10
v08.csv,V8,PR-56-002,F-P7A-10
v08.csv,V8,PR-56-003,F-P7A-10
v08.csv,V8,PR-56-004,F-P7D-24
v08.csv,V8,PR-56-005,F-P7A-10
v08.csv,V8,PR-56-006,F-P7A-10
v08.csv,V8,PR-57-001,F-P7D-19
v08.csv,V8,PR-57-002,F-P7D-19
v08.csv,V8,PR-57-003,F-P7D-19
v08.csv,V8,PR-57-004,F-P7D-24
v08.csv,V8,PR-57-005,F-P7D-19
v08.csv,V8,PR-57-006,F-P7D-19
v08.csv,V8,PR-58-001,F-P7D-01
v08.csv,V8,PR-58-002,F-P7D-01
v08.csv,V8,PR-58-003,F-P7D-01
v08.csv,V8,PR-58-004,F-P7D-24
v08.csv,V8,PR-58-005,F-P7D-01
v08.csv,V8,PR-58-006,F-P7D-01
v08.csv,V8,PR-59-001,F-P7D-05
v08.csv,V8,PR-59-002,F-P7D-05
v08.csv,V8,PR-59-003,F-P7D-05
v08.csv,V8,PR-59-004,F-P7D-24
v08.csv,V8,PR-59-005,F-P7D-05
v08.csv,V8,PR-59-006,F-P7D-05
v08.csv,V8,PR-60-001,F-P7D-18
v08.csv,V8,PR-60-002,F-P7D-18
v08.csv,V8,PR-60-003,F-P7D-18
v08.csv,V8,PR-60-004,F-P7D-24
v08.csv,V8,PR-60-005,F-P7D-18
v08.csv,V8,PR-60-006,F-P7D-18
v08.csv,V8,PR-61-001,F-P7B-11
v08.csv,V8,PR-61-002,F-P7B-11
v08.csv,V8,PR-61-003,F-P7B-11
v08.csv,V8,PR-61-004,F-P7D-24
v08.csv,V8,PR-61-005,F-P7B-11
v08.csv,V8,PR-61-006,F-P7B-11
v08.csv,V8,PR-62-001,F-P7D-19
v08.csv,V8,PR-62-002,F-P7D-19
v08.csv,V8,PR-62-003,F-P7D-19
v08.csv,V8,PR-62-004,F-P7D-24
v08.csv,V8,PR-62-005,F-P7D-19
v08.csv,V8,PR-62-006,F-P7D-19
v08.csv,V8,PR-63-001,F-P7D-11
v08.csv,V8,PR-63-002,F-P7D-11
v08.csv,V8,PR-63-003,F-P7D-11
v08.csv,V8,PR-63-004,F-P7D-24
v08.csv,V8,PR-63-005,F-P7D-11
v08.csv,V8,PR-63-006,F-P7D-11
v08.csv,V8,PR-64-001,F-P7-F-07
v08.csv,V8,PR-64-002,F-P7-F-07
v08.csv,V8,PR-64-003,F-P7-F-07
v08.csv,V8,PR-64-004,F-P7D-24
v08.csv,V8,PR-64-005,F-P7-F-07
v08.csv,V8,PR-64-006,F-P7-F-07
v08.csv,V8,PR-65-001,F-P7D-23
v08.csv,V8,PR-65-002,F-P7D-23
v08.csv,V8,PR-65-003,F-P7D-23
v08.csv,V8,PR-65-004,F-P7D-23
v08.csv,V8,PR-65-005,F-P7D-23
v08.csv,V8,PR-65-006,F-P7D-23
v08.csv,V8,PR-66-001,F-P7-F-01
v08.csv,V8,PR-66-002,F-P7-F-01
v08.csv,V8,PR-66-003,F-P7-F-01
v08.csv,V8,PR-66-004,F-P7D-24
v08.csv,V8,PR-66-005,F-P7-F-01
v08.csv,V8,PR-66-006,F-P7-F-01
v08.csv,V8,PR-67-001,F-P7-F-04
v08.csv,V8,PR-67-002,F-P7-F-04
v08.csv,V8,PR-67-003,F-P7-F-04
v08.csv,V8,PR-67-004,F-P7D-24
v08.csv,V8,PR-67-005,F-P7-F-04
v08.csv,V8,PR-67-006,F-P7-F-04
v08.csv,V8,PR-68-001,F-P7-F-05
v08.csv,V8,PR-68-002,F-P7-F-05
v08.csv,V8,PR-68-003,F-P7-F-05
v08.csv,V8,PR-68-004,F-P7D-24
v08.csv,V8,PR-68-005,F-P7-F-05
v08.csv,V8,PR-68-006,F-P7-F-05
v08.csv,V8,PR-69-001,F-P7-F-06
v08.csv,V8,PR-69-002,F-P7-F-06
v08.csv,V8,PR-69-003,F-P7-F-06
v08.csv,V8,PR-69-004,F-P7D-24
v08.csv,V8,PR-69-005,F-P7-F-06
v08.csv,V8,PR-69-006,F-P7-F-06
v08.csv,V8,PR-70-001,F-P7-F-03
v08.csv,V8,PR-70-002,F-P7-F-03
v08.csv,V8,PR-70-003,F-P7-F-03
v08.csv,V8,PR-70-004,F-P7D-24
v08.csv,V8,PR-70-005,F-P7-F-03
v08.csv,V8,PR-70-006,F-P7-F-03
v08.csv,V8,PR-71-001,F-R0-04
v08.csv,V8,PR-71-002,F-R0-04
v08.csv,V8,PR-71-003,F-R0-04
v08.csv,V8,PR-71-004,F-P7D-24
v08.csv,V8,PR-71-005,F-R0-04
v08.csv,V8,PR-71-006,F-R0-04
v08.csv,V8,PR-72-001,F-P7-F-12
v08.csv,V8,PR-72-002,F-P7-F-12
v08.csv,V8,PR-72-003,F-P7-F-12
v08.csv,V8,PR-72-004,F-P7D-24
v08.csv,V8,PR-72-005,F-P7-F-12
v08.csv,V8,PR-72-006,F-P7-F-12
v08.csv,V8,CAP-AG-01,F-P7C-04
v08.csv,V8,CAP-AG-02,F-P7A-01
v08.csv,V8,CAP-AG-03,F-P7A-13
v08.csv,V8,CAP-AG-04,F-P7A-13
v08.csv,V8,CAP-AG-05,F-P7A-13
v08.csv,V8,CAP-AG-06,F-P7A-14
v08.csv,V8,CAP-AG-07,F-P7A-14
v08.csv,V8,CAP-AG-08,F-P7A-15
v08.csv,V8,CAP-AG-09,F-P7A-16
v08.csv,V8,CAP-AG-10,F-P7A-17
v08.csv,V8,CAP-AG-11,F-P7A-03
v08.csv,V8,CAP-AG-12,F-P7A-10
v08.csv,V8,CAP-AU-01,F-P7-F-12
v08.csv,V8,CAP-AU-02,F-P7-F-12
v08.csv,V8,CAP-AU-03,F-P7-F-12
v08.csv,V8,CAP-AU-04,F-P7D-06
v08.csv,V8,CAP-AU-05,F-P7D-01
v08.csv,V8,CAP-AU-06,F-P7-E-01
v08.csv,V8,CAP-AU-07,F-P3-02
v08.csv,V8,CAP-AU-08,F-P7-E-08
v08.csv,V8,CAP-AU-09,F-P7-F-12
v08.csv,V8,CAP-AU-10,F-P7-F-12
v08.csv,V8,CAP-AU-11,F-R0-04
v08.csv,V8,CAP-AU-12,F-P7-F-12
v08.csv,V8,CAP-DL-01,F-P7D-23
v08.csv,V8,CAP-DL-02,F-P7-F-01
v08.csv,V8,CAP-DL-03,F-P7-F-01
v08.csv,V8,CAP-DL-04,F-P7-F-04
v08.csv,V8,CAP-DL-05,F-P7-F-04
v08.csv,V8,CAP-DL-06,F-P7-F-04
v08.csv,V8,CAP-DL-07,F-P7-F-05
v08.csv,V8,CAP-DL-08,F-P7-F-05
v08.csv,V8,CAP-DL-09,F-P7-F-06
v08.csv,V8,CAP-DL-10,F-P7-F-06
v08.csv,V8,CAP-DL-11,F-P7-F-03
v08.csv,V8,CAP-DL-12,F-R0-04
v08.csv,V8,CAP-DS-01,F-P4-08
v08.csv,V8,CAP-DS-02,F-P4-08
v08.csv,V8,CAP-DS-03,F-P7C-05
v08.csv,V8,CAP-DS-04,F-P5-06
v08.csv,V8,CAP-DS-05,F-P5-06
v08.csv,V8,CAP-DS-06,F-P5-01
v08.csv,V8,CAP-DS-07,F-P5-03
v08.csv,V8,CAP-DS-08,F-P6-09
v08.csv,V8,CAP-DS-09,F-P6-02
v08.csv,V8,CAP-DS-10,F-P6-02
v08.csv,V8,CAP-DS-11,F-P6-04
v08.csv,V8,CAP-DS-12,F-P7B-02
v08.csv,V8,CAP-EO-01,F-P6-11
v08.csv,V8,CAP-EO-02,F-P6-11
v08.csv,V8,CAP-EO-03,F-P6-12
v08.csv,V8,CAP-EO-04,F-P6-11
v08.csv,V8,CAP-EO-05,F-P6-08
v08.csv,V8,CAP-EO-06,F-P6-07
v08.csv,V8,CAP-EO-07,F-P6-10
v08.csv,V8,CAP-EO-08,F-P6-05
v08.csv,V8,CAP-EO-09,F-P6-14
v08.csv,V8,CAP-EO-10,F-P6-14
v08.csv,V8,CAP-EO-11,F-P6-13
v08.csv,V8,CAP-EO-12,F-P7-E-10
v08.csv,V8,CAP-FW-01,F-P4-10
v08.csv,V8,CAP-FW-02,F-P4-10
v08.csv,V8,CAP-FW-03,F-P4-12
v08.csv,V8,CAP-FW-04,F-P4-13
v08.csv,V8,CAP-FW-05,F-P4-13
v08.csv,V8,CAP-FW-06,F-P4-15
v08.csv,V8,CAP-FW-07,F-P4-14
v08.csv,V8,CAP-FW-08,F-P4-15
v08.csv,V8,CAP-FW-09,F-P4-15
v08.csv,V8,CAP-FW-10,F-P4-15
v08.csv,V8,CAP-FW-11,F-P4-15
v08.csv,V8,CAP-FW-12,F-P4-01
v08.csv,V8,CAP-OB-01,F-P1-01
v08.csv,V8,CAP-OB-02,F-P1-01
v08.csv,V8,CAP-OB-03,F-P1-14
v08.csv,V8,CAP-OB-04,F-P3-17
v08.csv,V8,CAP-OB-05,F-P1-13
v08.csv,V8,CAP-OB-06,F-P2-06
v08.csv,V8,CAP-OB-07,F-P2-07
v08.csv,V8,CAP-OB-08,F-P1-09
v08.csv,V8,CAP-OB-09,F-P1-08
v08.csv,V8,CAP-OB-10,F-P1-13
v08.csv,V8,CAP-OB-11,F-P1-03
v08.csv,V8,CAP-OB-12,F-P1-03
v08.csv,V8,CAP-TR-01,F-P7D-19
v08.csv,V8,CAP-TR-02,F-P7D-01
v08.csv,V8,CAP-TR-03,F-P7D-01
v08.csv,V8,CAP-TR-04,F-P7D-05
v08.csv,V8,CAP-TR-05,F-P7D-05
v08.csv,V8,CAP-TR-06,F-P7D-18
v08.csv,V8,CAP-TR-07,F-P7B-11
v08.csv,V8,CAP-TR-08,F-P7D-19
v08.csv,V8,CAP-TR-09,F-P7D-11
v08.csv,V8,CAP-TR-10,F-P7D-12
v08.csv,V8,CAP-TR-11,F-P7-F-07
v08.csv,V8,CAP-TR-12,F-P7-F-06
v08.csv,V8,CAP-UM-01,F-P2-16
v08.csv,V8,CAP-UM-02,F-P2-16
v08.csv,V8,CAP-UM-03,F-P3-10
v08.csv,V8,CAP-UM-04,F-P3-10
v08.csv,V8,CAP-UM-05,F-P3-12
v08.csv,V8,CAP-UM-06,F-P3-07
v08.csv,V8,CAP-UM-07,F-P3-14
v08.csv,V8,CAP-UM-08,F-P3-14
v08.csv,V8,CAP-UM-09,F-P2-10
v08.csv,V8,CAP-UM-10,F-P3-04
v08.csv,V8,CAP-UM-11,F-P2-13
v08.csv,V8,CAP-UM-12,F-P3-05
v08.csv,V8,AT-01,F-P7-F-12
v08.csv,V8,AT-02,F-P7B-13
v08.csv,V8,AT-03,F-P7D-06
v08.csv,V8,AT-04,F-P7D-01
v08.csv,V8,AT-05,F-P7-E-01
v08.csv,V8,AT-06,F-P3-02
v08.csv,V8,AT-07,F-P7-E-08
v08.csv,V8,AT-08,F-P7-F-12
v08.csv,V8,AT-09,F-P1-01
v08.csv,V8,AT-10,F-P1-14
v08.csv,V8,AT-11,F-P3-17
v08.csv,V8,AT-12,F-P2-06
v08.csv,V8,AT-13,F-P1-09
v08.csv,V8,AT-14,F-P1-08
v08.csv,V8,AT-15,F-P1-13
v08.csv,V8,AT-16,F-P1-03
v08.csv,V8,AT-17,F-P2-16
v08.csv,V8,AT-18,F-P3-10
v08.csv,V8,AT-19,F-P3-12
v08.csv,V8,AT-20,F-P3-14
v08.csv,V8,AT-21,F-P2-10
v08.csv,V8,AT-22,F-P3-04
v08.csv,V8,AT-23,F-P2-13
v08.csv,V8,AT-24,F-P3-05
v08.csv,V8,AT-25,F-P4-10
v08.csv,V8,AT-26,F-P4-12
v08.csv,V8,AT-27,F-P4-13
v08.csv,V8,AT-28,F-P4-13
v08.csv,V8,AT-29,F-P4-15
v08.csv,V8,AT-30,F-P4-14
v08.csv,V8,AT-31,F-P4-15
v08.csv,V8,AT-32,F-P4-06
v08.csv,V8,AT-33,F-P4-08
v08.csv,V8,AT-34,F-P7C-05
v08.csv,V8,AT-35,F-P5-06
v08.csv,V8,AT-36,F-P5-03
v08.csv,V8,AT-37,F-P6-09
v08.csv,V8,AT-38,F-P6-02
v08.csv,V8,AT-39,F-P6-04
v08.csv,V8,AT-40,F-P7B-02
v08.csv,V8,AT-41,F-P6-11
v08.csv,V8,AT-42,F-P6-12
v08.csv,V8,AT-43,F-P6-08
v08.csv,V8,AT-44,F-P6-07
v08.csv,V8,AT-45,F-P6-10
v08.csv,V8,AT-46,F-P6-14
v08.csv,V8,AT-47,F-P6-13
v08.csv,V8,AT-48,F-P7-E-10
v08.csv,V8,AT-49,F-P7C-04
v08.csv,V8,AT-50,F-P7A-13
v08.csv,V8,AT-51,F-P7A-14
v08.csv,V8,AT-52,F-P7A-15
v08.csv,V8,AT-53,F-P7A-16
v08.csv,V8,AT-54,F-P7A-17
v08.csv,V8,AT-55,F-P7A-03
v08.csv,V8,AT-56,F-P7A-10
v08.csv,V8,AT-57,F-P7D-19
v08.csv,V8,AT-58,F-P7D-01
v08.csv,V8,AT-59,F-P7D-05
v08.csv,V8,AT-60,F-P7D-18
v08.csv,V8,AT-61,F-P7B-11
v08.csv,V8,AT-62,F-P7D-19
v08.csv,V8,AT-63,F-P7D-11
v08.csv,V8,AT-64,F-P7-F-07
v08.csv,V8,AT-65,F-P7D-23
v08.csv,V8,AT-66,F-P7-F-01
v08.csv,V8,AT-67,F-P7-F-04
v08.csv,V8,AT-68,F-P7-F-05
v08.csv,V8,AT-69,F-P7-F-06
v08.csv,V8,AT-70,F-P7-F-03
v08.csv,V8,AT-71,F-R0-04
v08.csv,V8,AT-72,F-P7-F-12
v08.csv,V8,PER-01,F-P6-04
v08.csv,V8,PER-02,F-DONE-identity-policy
v08.csv,V8,PER-03,F-P6-11
v08.csv,V8,PER-04,F-P1-13
v08.csv,V8,PER-05,F-P2-11
v08.csv,V8,PER-06,F-P2-11
v08.csv,V8,PER-07,F-P4-02
v08.csv,V8,PER-08,F-DONE-identity-policy
v08.csv,V8,PER-09,F-P6-09
v08.csv,V8,PER-10,F-P4-13
v08.csv,V8,PER-11,F-P1-01
v08.csv,V8,PER-12,F-P3-10
v08.csv,V8,PER-13,F-P3-07
v08.csv,V8,PER-14,F-P7B-11
v08.csv,V8,PER-15,F-P7A-01
v08.csv,V8,PER-16,F-P7D-05
v08.csv,V8,PER-17,F-DONE-identity-policy
v08.csv,V8,PER-18,F-P7D-01
v08.csv,V8,PER-19,F-P7D-25
v08.csv,V8,PER-20,F-P7-F-06
v08.csv,V8,PER-21,F-P7-F-04
v08.csv,V8,PER-22,F-P6-14
v08.csv,V8,PER-23,F-P7-F-07
v08.csv,V8,PER-24,F-P7C-01
v08.csv,V8,WS-01,F-P6-11
v08.csv,V8,WS-02,F-P1-14
v08.csv,V8,WS-03,F-P3-17
v08.csv,V8,WS-04,F-P2-13
v08.csv,V8,WS-05,F-P3-10
v08.csv,V8,WS-06,F-P3-12
v08.csv,V8,WS-07,F-P3-14
v08.csv,V8,WS-08,F-P4-10
v08.csv,V8,WS-09,F-P4-13
v08.csv,V8,WS-10,F-P4-15
v08.csv,V8,WS-11,F-P4-06
v08.csv,V8,WS-12,F-P4-08
v08.csv,V8,WS-13,F-P5-06
v08.csv,V8,WS-14,F-P5-03
v08.csv,V8,WS-15,F-P6-02
v08.csv,V8,WS-16,F-P6-10
v08.csv,V8,WS-17,F-P7A-11
v08.csv,V8,WS-18,F-P7B-11
v08.csv,V8,WS-19,F-P7D-01
v08.csv,V8,WS-20,F-P7-F-05
v08.csv,V8,JRN-01,F-P7-F-04
v08.csv,V8,JRN-02,F-P1-01
v08.csv,V8,JRN-03,F-P3-17
v08.csv,V8,JRN-04,F-P3-10
v08.csv,V8,JRN-05,F-P3-05
v08.csv,V8,JRN-06,F-P4-10
v08.csv,V8,JRN-07,F-P4-12
v08.csv,V8,JRN-08,F-P4-13
v08.csv,V8,JRN-09,F-P4-13
v08.csv,V8,JRN-10,F-P4-15
v08.csv,V8,JRN-11,F-P4-14
v08.csv,V8,JRN-12,F-P4-06
v08.csv,V8,JRN-13,F-P4-08
v08.csv,V8,JRN-14,F-P5-06
v08.csv,V8,JRN-15,F-P5-02
v08.csv,V8,JRN-16,F-P6-01
v08.csv,V8,JRN-17,F-P6-04
v08.csv,V8,JRN-18,F-P7B-02
v08.csv,V8,JRN-19,F-P6-11
v08.csv,V8,JRN-20,F-P6-13
v08.csv,V8,JRN-21,F-P7A-11
v08.csv,V8,JRN-22,F-P7D-18
v08.csv,V8,JRN-23,F-P7-F-04
v08.csv,V8,JRN-24,F-R0-04
v08.csv,V8,OBJ-01,F-DONE-intelligence
v08.csv,V8,OBJ-02,F-P2-16
v08.csv,V8,OBJ-03,F-DONE-data-platform
v08.csv,V8,OBJ-04,F-P2-16
v08.csv,V8,OBJ-05,F-P2-11
v08.csv,V8,OBJ-06,F-DONE-memory-graph
v08.csv,V8,OBJ-07,F-DONE-memory-graph
v08.csv,V8,OBJ-08,F-DONE-memory-graph
v08.csv,V8,OBJ-09,F-P3-10
v08.csv,V8,OBJ-10,F-P3-10
v08.csv,V8,OBJ-11,F-DONE-intelligence
v08.csv,V8,OBJ-12,F-P2-11
v08.csv,V8,OBJ-13,F-P2-10
v08.csv,V8,OBJ-14,F-P3-14
v08.csv,V8,OBJ-15,F-P3-14
v08.csv,V8,OBJ-16,F-P3-14
v08.csv,V8,OBJ-17,F-P4-10
v08.csv,V8,OBJ-18,F-P4-10
v08.csv,V8,OBJ-19,F-P4-12
v08.csv,V8,OBJ-20,F-DONE-prediction
v08.csv,V8,OBJ-21,F-P4-12
v08.csv,V8,OBJ-22,F-P4-13
v08.csv,V8,OBJ-23,F-P4-13
v08.csv,V8,OBJ-24,F-P4-06
v08.csv,V8,OBJ-25,F-DONE-prediction
v08.csv,V8,OBJ-26,F-P4-07
v08.csv,V8,OBJ-27,F-P7C-05
v08.csv,V8,OBJ-28,F-DONE-twin-simulation
v08.csv,V8,OBJ-29,F-P5-09
v08.csv,V8,OBJ-30,F-DONE-twin-simulation
v08.csv,V8,OBJ-31,F-DONE-twin-simulation
v08.csv,V8,OBJ-32,F-P6-04
v08.csv,V8,OBJ-33,F-P6-02
v08.csv,V8,OBJ-34,F-DONE-decision
v08.csv,V8,OBJ-35,F-P6-04
v08.csv,V8,OBJ-36,F-DONE-decision
v08.csv,V8,OBJ-37,F-P6-05
v08.csv,V8,OBJ-38,F-P7A-10
v08.csv,V8,OBJ-39,F-P6-13
v08.csv,V8,OBJ-40,F-P7-F-12
v08.csv,V8,HX-01,F-P2-16
v08.csv,V8,HX-02,F-DONE-ux
v08.csv,V8,HX-03,F-P4-04
v08.csv,V8,HX-04,F-P2-10
v08.csv,V8,HX-05,F-DONE-ux
v08.csv,V8,HX-06,F-P2-16
v08.csv,V8,HX-07,F-P7A-11
v08.csv,V8,HX-08,F-P6-02
v08.csv,V8,HX-09,F-P6-04
v08.csv,V8,HX-10,F-DONE-ux
v08.csv,V8,HX-11,F-P7-E-07
v08.csv,V8,HX-12,F-P6-04
v08.csv,V8,HX-13,F-P6-04
v08.csv,V8,HX-14,F-P3-05
v08.csv,V8,HX-15,F-P1-14
v08.csv,V8,HX-16,F-P7D-11
v08.csv,V8,HX-17,F-P7D-04
v08.csv,V8,HX-18,F-P3-05
v08.csv,V8,HX-19,F-P7A-12
v08.csv,V8,HX-20,F-P7B-02
v08.csv,V8,GLB-01,F-P7-E-08
v08.csv,V8,GLB-02,F-P7-E-08
v08.csv,V8,GLB-03,F-P7-E-08
v08.csv,V8,GLB-04,F-P7-E-08
v08.csv,V8,GLB-05,F-P7-E-08
v08.csv,V8,GLB-06,F-P7-E-08
v08.csv,V8,GLB-07,F-P7-E-21
v08.csv,V8,GLB-08,F-P7-E-08
v08.csv,V8,GLB-09,F-P7-E-08
v08.csv,V8,GLB-10,F-P7-E-08
v08.csv,V8,GLB-11,F-P7-E-09
v08.csv,V8,GLB-12,F-P7-E-09
v08.csv,V8,GLB-13,F-P7-E-09
v08.csv,V8,GLB-14,F-P7-E-09
v08.csv,V8,GLB-15,F-P7-E-09
v08.csv,V8,GLB-16,F-P7-E-09
v08.csv,V8,GLB-17,F-P7-E-09
v08.csv,V8,GLB-18,F-P7-E-09
v08.csv,V8,GLB-19,F-P7-E-09
v08.csv,V8,GLB-20,F-P7-E-18
v08.csv,V8,GLB-21,F-P7-E-10
v08.csv,V8,GLB-22,F-P7-E-10
v08.csv,V8,GLB-23,F-P7-E-04
v08.csv,V8,GLB-24,F-P7-E-08
v08.csv,V8,PAR-01,F-P7D-24
v08.csv,V8,PAR-02,F-P7D-24
v08.csv,V8,PAR-03,F-P7D-24
v08.csv,V8,PAR-04,F-P7D-24
v08.csv,V8,PAR-05,F-P7D-24
v08.csv,V8,PAR-06,F-P7D-24
v08.csv,V8,PAR-07,F-P7D-24
v08.csv,V8,PAR-08,F-P7D-24
v08.csv,V8,PAR-09,F-P7D-24
v08.csv,V8,PAR-10,F-P7D-24
v08.csv,V8,PAR-11,F-P7D-24
v08.csv,V8,PAR-12,F-P7D-24
v08.csv,V8,PAR-13,F-P7D-24
v08.csv,V8,PAR-14,F-P7D-24
v08.csv,V8,PAR-15,F-P7D-24
v08.csv,V8,PAR-16,F-P7D-24
v08.csv,V8,PAR-17,F-P7D-24
v08.csv,V8,PAR-18,F-P7D-24
v08.csv,V8,PAR-19,F-P7D-24
v08.csv,V8,PAR-20,F-P7D-24
v08.csv,V8,PAR-21,F-P7D-24
v08.csv,V8,PAR-22,F-P7D-24
v08.csv,V8,PAR-23,F-P7D-24
v08.csv,V8,PAR-24,F-P7D-24
v08.csv,V8,FEX-01,F-DONE-observation
v08.csv,V8,FEX-02,F-P1-01
v08.csv,V8,FEX-03,F-P1-14
v08.csv,V8,FEX-04,F-P1-14
v08.csv,V8,FEX-05,F-DONE-observation
v08.csv,V8,FEX-06,F-P7D-04
v08.csv,V8,FEX-07,F-DONE-memory-graph
v08.csv,V8,FEX-08,F-P3-08
v08.csv,V8,FEX-09,F-P3-14
v08.csv,V8,FEX-10,F-P2-10
v08.csv,V8,FEX-11,F-P4-04
v08.csv,V8,FEX-12,F-P4-09
v08.csv,V8,FEX-13,F-P5-09
v08.csv,V8,FEX-14,F-P5-03
v08.csv,V8,FEX-15,F-P6-02
v08.csv,V8,FEX-16,F-P6-04
v08.csv,V8,FEX-17,F-DONE-decision
v08.csv,V8,FEX-18,F-P6-05
v08.csv,V8,FEX-19,F-P7A-10
v08.csv,V8,FEX-20,F-P7A-10
v08.csv,V8,FEX-21,F-P7A-10
v08.csv,V8,FEX-22,F-P7B-09
v08.csv,V8,FEX-23,F-P7-F-07
v08.csv,V8,FEX-24,F-P7-F-08
v08.csv,V8,FEX-25,F-DONE-identity-policy
v08.csv,V8,FEX-26,F-P7-E-10
v08.csv,V8,FEX-27,F-P7-E-10
v08.csv,V8,FEX-28,F-P7D-07
v08.csv,V8,FEX-29,F-DONE-infrastructure
v08.csv,V8,FEX-30,F-P7-F-01
v08.csv,V8,FEX-31,F-R0-04
v08.csv,V8,FEX-32,F-P7-F-12
v08.csv,V8,ENT-01,F-P7-F-01
v08.csv,V8,ENT-02,F-P7-F-01
v08.csv,V8,ENT-03,F-P7-F-01
v08.csv,V8,ENT-04,F-P7-F-01
v08.csv,V8,ENT-05,F-P7-F-01
v08.csv,V8,ENT-06,F-P7-F-01
v08.csv,V8,ENT-07,F-P7-F-01
v08.csv,V8,ENT-08,F-P7-F-01
v08.csv,V8,ENT-09,F-P7-F-01
v08.csv,V8,ENT-10,F-P7-F-01
v08.csv,V8,ENT-11,F-P7-F-01
v08.csv,V8,ENT-12,F-P7-F-01
v08.csv,V8,ENT-13,F-P7-F-01
v08.csv,V8,ENT-14,F-P7-F-01
v08.csv,V8,ENT-15,F-P7-F-01
v08.csv,V8,ENT-16,F-P7-F-01
v08.csv,V8,ENT-17,F-P7-F-01
v08.csv,V8,ENT-18,F-P7-F-01
v08.csv,V8,ENT-19,F-P7-F-01
v08.csv,V8,ENT-20,F-P7-F-01
v08.csv,V8,MET-001,F-P7-F-03
v08.csv,V8,MET-002,F-P7-F-03
v08.csv,V8,MET-003,F-P7-F-03
v08.csv,V8,MET-004,F-P7-F-03
v08.csv,V8,MET-005,F-P7-F-03
v08.csv,V8,MET-006,F-P7-F-03
v08.csv,V8,MET-007,F-P7-F-03
v08.csv,V8,MET-008,F-P7-F-03
v08.csv,V8,MET-009,F-P7-F-03
v08.csv,V8,MET-010,F-P7-F-03
v08.csv,V8,MET-011,F-P7-F-03
v08.csv,V8,MET-012,F-P7-F-03
v08.csv,V8,MET-013,F-P7-F-03
v08.csv,V8,MET-014,F-P7-F-03
v08.csv,V8,MET-015,F-P7-F-03
v08.csv,V8,MET-016,F-P7-F-03
v08.csv,V8,MET-017,F-P7-F-03
v08.csv,V8,MET-018,F-P7-F-03
v08.csv,V8,MET-019,F-P7-F-03
v08.csv,V8,MET-020,F-P7-F-03
v08.csv,V8,MET-021,F-P7-F-03
v08.csv,V8,MET-022,F-P7-F-03
v08.csv,V8,MET-023,F-P7-F-03
v08.csv,V8,MET-024,F-P7-F-03
v08.csv,V8,MET-025,F-P7-F-03
v08.csv,V8,MET-026,F-P7-F-03
v08.csv,V8,MET-027,F-P7-F-03
v08.csv,V8,MET-028,F-P7-F-03
v08.csv,V8,MET-029,F-P7-F-03
v08.csv,V8,MET-030,F-P7-F-03
v08.csv,V8,MET-031,F-P7-F-03
v08.csv,V8,MET-032,F-P7-F-03
v08.csv,V8,MET-033,F-P7-F-03
v08.csv,V8,MET-034,F-P7-F-03
v08.csv,V8,MET-035,F-P7-F-03
v08.csv,V8,MET-036,F-P7-F-03
v08.csv,V8,MET-037,F-P7-F-03
v08.csv,V8,MET-038,F-P7-F-03
v08.csv,V8,MET-039,F-P7-F-03
v08.csv,V8,MET-040,F-P7-F-03
v08.csv,V8,ADR-001,F-P7-F-13
v08.csv,V8,ADR-002,F-DONE-governance-docs
v08.csv,V8,ADR-003,F-P6-04
v08.csv,V8,ADR-004,F-P7-F-12
v08.csv,V8,ADR-005,F-P7-F-12
v08.csv,V8,ADR-006,F-P3-02
v08.csv,V8,ADR-007,F-DONE-governance-docs
v08.csv,V8,ADR-008,F-P3-07
v08.csv,V8,ADR-009,F-P3-14
v08.csv,V8,ADR-010,F-DONE-governance-docs
v08.csv,V8,ADR-011,F-DONE-governance-docs
v08.csv,V8,ADR-012,F-P4-08
v08.csv,V8,ADR-013,F-DONE-governance-docs
v08.csv,V8,ADR-014,F-P6-02
v08.csv,V8,ADR-015,F-DONE-governance-docs
v08.csv,V8,ADR-016,F-P7C-04
v08.csv,V8,ADR-017,F-P6-07
v08.csv,V8,ADR-018,F-P6-08
v08.csv,V8,ADR-019,F-P7-E-08
v08.csv,V8,ADR-020,F-P7D-23
v08.csv,V8,ADR-021,F-P7-E-10
v08.csv,V8,ADR-022,F-P7-F-01
v08.csv,V8,ADR-023,F-R0-04
v08.csv,V8,ADR-024,F-P7B-01
v09.csv,V9,UX-01-001,F-P7-E-17
v09.csv,V9,UX-01-002,F-P7-E-17
v09.csv,V9,UX-01-003,F-P7-E-17
v09.csv,V9,UX-01-004,F-P7-E-17
v09.csv,V9,UX-01-005,F-P7-E-17
v09.csv,V9,UX-01-006,F-P7-E-17
v09.csv,V9,UX-02-001,F-P7-E-17
v09.csv,V9,UX-02-002,F-P7-E-17
v09.csv,V9,UX-02-003,F-P7-E-17
v09.csv,V9,UX-02-004,F-P7-E-17
v09.csv,V9,UX-02-005,F-P7-E-17
v09.csv,V9,UX-02-006,F-P7-E-17
v09.csv,V9,UX-03-001,F-P7-E-17
v09.csv,V9,UX-03-002,F-P7-E-17
v09.csv,V9,UX-03-003,F-P7-E-17
v09.csv,V9,UX-03-004,F-P7-E-17
v09.csv,V9,UX-03-005,F-P7-E-17
v09.csv,V9,UX-03-006,F-P7-E-17
v09.csv,V9,UX-04-001,F-P7-E-11
v09.csv,V9,UX-04-002,F-P7-E-11
v09.csv,V9,UX-04-003,F-P7-E-11
v09.csv,V9,UX-04-004,F-P7-E-11
v09.csv,V9,UX-04-005,F-P7-E-11
v09.csv,V9,UX-04-006,F-P7-E-11
v09.csv,V9,UX-05-001,F-P7-E-03
v09.csv,V9,UX-05-002,F-P7-E-03
v09.csv,V9,UX-05-003,F-P7-E-03
v09.csv,V9,UX-05-004,F-P7-E-03
v09.csv,V9,UX-05-005,F-P7-E-03
v09.csv,V9,UX-05-006,F-P7-E-03
v09.csv,V9,UX-06-001,F-P7-E-07
v09.csv,V9,UX-06-002,F-P7-E-07
v09.csv,V9,UX-06-003,F-P7-E-07
v09.csv,V9,UX-06-004,F-P7-E-07
v09.csv,V9,UX-06-005,F-P7-E-07
v09.csv,V9,UX-06-006,F-P7-E-07
v09.csv,V9,UX-07-001,F-P7-E-08
v09.csv,V9,UX-07-002,F-P7-E-08
v09.csv,V9,UX-07-003,F-P7-E-08
v09.csv,V9,UX-07-004,F-P7-E-08
v09.csv,V9,UX-07-005,F-P7-E-08
v09.csv,V9,UX-07-006,F-P7-E-08
v09.csv,V9,UX-08-001,F-P7-E-17
v09.csv,V9,UX-08-002,F-P7-E-17
v09.csv,V9,UX-08-003,F-P7-E-17
v09.csv,V9,UX-08-004,F-P7-E-17
v09.csv,V9,UX-08-005,F-P7-E-17
v09.csv,V9,UX-08-006,F-P7-E-17
v09.csv,V9,UX-09-001,F-P7-E-01
v09.csv,V9,UX-09-002,F-P7-E-01
v09.csv,V9,UX-09-003,F-P7-E-01
v09.csv,V9,UX-09-004,F-P7-E-01
v09.csv,V9,UX-09-005,F-P7-E-01
v09.csv,V9,UX-09-006,F-P7-E-01
v09.csv,V9,UX-10-001,F-P7-E-01
v09.csv,V9,UX-10-002,F-P7-E-01
v09.csv,V9,UX-10-003,F-P7-E-01
v09.csv,V9,UX-10-004,F-P7-E-01
v09.csv,V9,UX-10-005,F-P7-E-01
v09.csv,V9,UX-10-006,F-P7-E-01
v09.csv,V9,UX-11-001,F-P7-E-01
v09.csv,V9,UX-11-002,F-P7-E-01
v09.csv,V9,UX-11-003,F-P7-E-01
v09.csv,V9,UX-11-004,F-P7-E-01
v09.csv,V9,UX-11-005,F-P7-E-01
v09.csv,V9,UX-11-006,F-P7-E-01
v09.csv,V9,UX-12-001,F-P7-E-06
v09.csv,V9,UX-12-002,F-P7-E-06
v09.csv,V9,UX-12-003,F-P7-E-06
v09.csv,V9,UX-12-004,F-P7-E-06
v09.csv,V9,UX-12-005,F-P7-E-06
v09.csv,V9,UX-12-006,F-P7-E-06
v09.csv,V9,UX-13-001,F-P7-E-02
v09.csv,V9,UX-13-002,F-P7-E-02
v09.csv,V9,UX-13-003,F-P7-E-02
v09.csv,V9,UX-13-004,F-P7-E-02
v09.csv,V9,UX-13-005,F-P7-E-02
v09.csv,V9,UX-13-006,F-P7-E-02
v09.csv,V9,UX-14-001,F-P7-E-04
v09.csv,V9,UX-14-002,F-P7-E-04
v09.csv,V9,UX-14-003,F-P7-E-04
v09.csv,V9,UX-14-004,F-P7-E-04
v09.csv,V9,UX-14-005,F-P7-E-04
v09.csv,V9,UX-14-006,F-P7-E-04
v09.csv,V9,UX-15-001,F-P7-E-01
v09.csv,V9,UX-15-002,F-P7-E-01
v09.csv,V9,UX-15-003,F-P7-E-01
v09.csv,V9,UX-15-004,F-P7-E-01
v09.csv,V9,UX-15-005,F-P7-E-01
v09.csv,V9,UX-15-006,F-P7-E-01
v09.csv,V9,UX-16-001,F-P7-E-04
v09.csv,V9,UX-16-002,F-P7-E-04
v09.csv,V9,UX-16-003,F-P7-E-04
v09.csv,V9,UX-16-004,F-P7-E-04
v09.csv,V9,UX-16-005,F-P7-E-04
v09.csv,V9,UX-16-006,F-P7-E-04
v09.csv,V9,UX-17-001,F-P7-E-03
v09.csv,V9,UX-17-002,F-P7-E-03
v09.csv,V9,UX-17-003,F-P7-E-03
v09.csv,V9,UX-17-004,F-P7-E-03
v09.csv,V9,UX-17-005,F-P7-E-03
v09.csv,V9,UX-17-006,F-P7-E-03
v09.csv,V9,UX-18-001,F-P7-E-03
v09.csv,V9,UX-18-002,F-P7-E-03
v09.csv,V9,UX-18-003,F-P7-E-03
v09.csv,V9,UX-18-004,F-P7-E-03
v09.csv,V9,UX-18-005,F-P7-E-03
v09.csv,V9,UX-18-006,F-P7-E-03
v09.csv,V9,UX-19-001,F-P7-E-04
v09.csv,V9,UX-19-002,F-P7-E-04
v09.csv,V9,UX-19-003,F-P7-E-04
v09.csv,V9,UX-19-004,F-P7-E-04
v09.csv,V9,UX-19-005,F-P7-E-04
v09.csv,V9,UX-19-006,F-P7-E-04
v09.csv,V9,UX-20-001,F-P7-E-03
v09.csv,V9,UX-20-002,F-P7-E-03
v09.csv,V9,UX-20-003,F-P7-E-03
v09.csv,V9,UX-20-004,F-P7-E-03
v09.csv,V9,UX-20-005,F-P7-E-03
v09.csv,V9,UX-20-006,F-P7-E-03
v09.csv,V9,UX-21-001,F-P7-E-05
v09.csv,V9,UX-21-002,F-P7-E-05
v09.csv,V9,UX-21-003,F-P7-E-05
v09.csv,V9,UX-21-004,F-P7-E-05
v09.csv,V9,UX-21-005,F-P7-E-05
v09.csv,V9,UX-21-006,F-P7-E-05
v09.csv,V9,UX-22-001,F-P7-E-05
v09.csv,V9,UX-22-002,F-P7-E-05
v09.csv,V9,UX-22-003,F-P7-E-05
v09.csv,V9,UX-22-004,F-P7-E-05
v09.csv,V9,UX-22-005,F-P7-E-05
v09.csv,V9,UX-22-006,F-P7-E-05
v09.csv,V9,UX-23-001,F-P7-E-05
v09.csv,V9,UX-23-002,F-P7-E-05
v09.csv,V9,UX-23-003,F-P7-E-05
v09.csv,V9,UX-23-004,F-P7-E-05
v09.csv,V9,UX-23-005,F-P7-E-05
v09.csv,V9,UX-23-006,F-P7-E-05
v09.csv,V9,UX-24-001,F-P7-E-05
v09.csv,V9,UX-24-002,F-P7-E-05
v09.csv,V9,UX-24-003,F-P7-E-05
v09.csv,V9,UX-24-004,F-P7-E-05
v09.csv,V9,UX-24-005,F-P7-E-05
v09.csv,V9,UX-24-006,F-P7-E-05
v09.csv,V9,UX-25-001,F-P7-E-06
v09.csv,V9,UX-25-002,F-P7-E-06
v09.csv,V9,UX-25-003,F-P7-E-06
v09.csv,V9,UX-25-004,F-P7-E-06
v09.csv,V9,UX-25-005,F-P7-E-06
v09.csv,V9,UX-25-006,F-P7-E-06
v09.csv,V9,UX-26-001,F-P7-E-07
v09.csv,V9,UX-26-002,F-P7-E-07
v09.csv,V9,UX-26-003,F-P7-E-07
v09.csv,V9,UX-26-004,F-P7-E-07
v09.csv,V9,UX-26-005,F-P7-E-07
v09.csv,V9,UX-26-006,F-P7-E-07
v09.csv,V9,UX-27-001,F-P7-E-07
v09.csv,V9,UX-27-002,F-P7-E-07
v09.csv,V9,UX-27-003,F-P7-E-07
v09.csv,V9,UX-27-004,F-P7-E-07
v09.csv,V9,UX-27-005,F-P7-E-07
v09.csv,V9,UX-27-006,F-P7-E-07
v09.csv,V9,UX-28-001,F-P7-E-13
v09.csv,V9,UX-28-002,F-P7-E-13
v09.csv,V9,UX-28-003,F-P7-E-13
v09.csv,V9,UX-28-004,F-P7-E-13
v09.csv,V9,UX-28-005,F-P7-E-13
v09.csv,V9,UX-28-006,F-P7-E-13
v09.csv,V9,UX-29-001,F-P7-E-13
v09.csv,V9,UX-29-002,F-P7-E-13
v09.csv,V9,UX-29-003,F-P7-E-13
v09.csv,V9,UX-29-004,F-P7-E-13
v09.csv,V9,UX-29-005,F-P7-E-13
v09.csv,V9,UX-29-006,F-P7-E-13
v09.csv,V9,UX-30-001,F-P7-E-13
v09.csv,V9,UX-30-002,F-P7-E-13
v09.csv,V9,UX-30-003,F-P7-E-13
v09.csv,V9,UX-30-004,F-P7-E-13
v09.csv,V9,UX-30-005,F-P7-E-13
v09.csv,V9,UX-30-006,F-P7-E-13
v09.csv,V9,UX-31-001,F-P7-E-13
v09.csv,V9,UX-31-002,F-P7-E-13
v09.csv,V9,UX-31-003,F-P7-E-13
v09.csv,V9,UX-31-004,F-P7-E-13
v09.csv,V9,UX-31-005,F-P7-E-13
v09.csv,V9,UX-31-006,F-P7-E-13
v09.csv,V9,UX-32-001,F-P7-E-13
v09.csv,V9,UX-32-002,F-P7-E-13
v09.csv,V9,UX-32-003,F-P7-E-13
v09.csv,V9,UX-32-004,F-P7-E-13
v09.csv,V9,UX-32-005,F-P7-E-13
v09.csv,V9,UX-32-006,F-P7-E-13
v09.csv,V9,UX-33-001,F-P4-10
v09.csv,V9,UX-33-002,F-P4-10
v09.csv,V9,UX-33-003,F-P4-10
v09.csv,V9,UX-33-004,F-P4-10
v09.csv,V9,UX-33-005,F-P4-10
v09.csv,V9,UX-33-006,F-P4-10
v09.csv,V9,UX-34-001,F-P7-E-12
v09.csv,V9,UX-34-002,F-P7-E-12
v09.csv,V9,UX-34-003,F-P7-E-12
v09.csv,V9,UX-34-004,F-P7-E-12
v09.csv,V9,UX-34-005,F-P7-E-12
v09.csv,V9,UX-34-006,F-P7-E-12
v09.csv,V9,UX-35-001,F-P4-13
v09.csv,V9,UX-35-002,F-P4-13
v09.csv,V9,UX-35-003,F-P4-13
v09.csv,V9,UX-35-004,F-P4-13
v09.csv,V9,UX-35-005,F-P4-13
v09.csv,V9,UX-35-006,F-P4-13
v09.csv,V9,UX-36-001,F-P4-15
v09.csv,V9,UX-36-002,F-P4-15
v09.csv,V9,UX-36-003,F-P4-15
v09.csv,V9,UX-36-004,F-P4-15
v09.csv,V9,UX-36-005,F-P4-15
v09.csv,V9,UX-36-006,F-P4-15
v09.csv,V9,UX-37-001,F-P7-E-14
v09.csv,V9,UX-37-002,F-P7-E-14
v09.csv,V9,UX-37-003,F-P7-E-14
v09.csv,V9,UX-37-004,F-P7-E-14
v09.csv,V9,UX-37-005,F-P7-E-14
v09.csv,V9,UX-37-006,F-P7-E-14
v09.csv,V9,UX-38-001,F-P7-E-14
v09.csv,V9,UX-38-002,F-P7-E-14
v09.csv,V9,UX-38-003,F-P7-E-14
v09.csv,V9,UX-38-004,F-P7-E-14
v09.csv,V9,UX-38-005,F-P7-E-14
v09.csv,V9,UX-38-006,F-P7-E-14
v09.csv,V9,UX-39-001,F-P7-E-14
v09.csv,V9,UX-39-002,F-P7-E-14
v09.csv,V9,UX-39-003,F-P7-E-14
v09.csv,V9,UX-39-004,F-P7-E-14
v09.csv,V9,UX-39-005,F-P7-E-14
v09.csv,V9,UX-39-006,F-P7-E-14
v09.csv,V9,UX-40-001,F-P7-E-14
v09.csv,V9,UX-40-002,F-P7-E-14
v09.csv,V9,UX-40-003,F-P7-E-14
v09.csv,V9,UX-40-004,F-P7-E-14
v09.csv,V9,UX-40-005,F-P7-E-14
v09.csv,V9,UX-40-006,F-P7-E-14
v09.csv,V9,UX-41-001,F-P6-11
v09.csv,V9,UX-41-002,F-P6-11
v09.csv,V9,UX-41-003,F-P6-11
v09.csv,V9,UX-41-004,F-P6-11
v09.csv,V9,UX-41-005,F-P6-11
v09.csv,V9,UX-41-006,F-P6-11
v09.csv,V9,UX-42-001,F-P7-E-15
v09.csv,V9,UX-42-002,F-P7-E-15
v09.csv,V9,UX-42-003,F-P7-E-15
v09.csv,V9,UX-42-004,F-P7-E-15
v09.csv,V9,UX-42-005,F-P7-E-15
v09.csv,V9,UX-42-006,F-P7-E-15
v09.csv,V9,UX-43-001,F-P6-08
v09.csv,V9,UX-43-002,F-P6-08
v09.csv,V9,UX-43-003,F-P6-08
v09.csv,V9,UX-43-004,F-P6-08
v09.csv,V9,UX-43-005,F-P6-08
v09.csv,V9,UX-43-006,F-P6-08
v09.csv,V9,UX-44-001,F-P6-07
v09.csv,V9,UX-44-002,F-P6-07
v09.csv,V9,UX-44-003,F-P6-07
v09.csv,V9,UX-44-004,F-P6-07
v09.csv,V9,UX-44-005,F-P6-07
v09.csv,V9,UX-44-006,F-P6-07
v09.csv,V9,UX-45-001,F-P6-10
v09.csv,V9,UX-45-002,F-P6-10
v09.csv,V9,UX-45-003,F-P6-10
v09.csv,V9,UX-45-004,F-P6-10
v09.csv,V9,UX-45-005,F-P6-10
v09.csv,V9,UX-45-006,F-P6-10
v09.csv,V9,UX-46-001,F-P7-E-15
v09.csv,V9,UX-46-002,F-P7-E-15
v09.csv,V9,UX-46-003,F-P7-E-15
v09.csv,V9,UX-46-004,F-P7-E-15
v09.csv,V9,UX-46-005,F-P7-E-15
v09.csv,V9,UX-46-006,F-P7-E-15
v09.csv,V9,UX-47-001,F-P7-E-15
v09.csv,V9,UX-47-002,F-P7-E-15
v09.csv,V9,UX-47-003,F-P7-E-15
v09.csv,V9,UX-47-004,F-P7-E-15
v09.csv,V9,UX-47-005,F-P7-E-15
v09.csv,V9,UX-47-006,F-P7-E-15
v09.csv,V9,UX-48-001,F-P7-E-10
v09.csv,V9,UX-48-002,F-P7-E-10
v09.csv,V9,UX-48-003,F-P7-E-10
v09.csv,V9,UX-48-004,F-P7-E-10
v09.csv,V9,UX-48-005,F-P7-E-10
v09.csv,V9,UX-48-006,F-P7-E-10
v09.csv,V9,UX-49-001,F-P7A-11
v09.csv,V9,UX-49-002,F-P7A-11
v09.csv,V9,UX-49-003,F-P7A-11
v09.csv,V9,UX-49-004,F-P7A-11
v09.csv,V9,UX-49-005,F-P7A-11
v09.csv,V9,UX-49-006,F-P7A-11
v09.csv,V9,UX-50-001,F-P7A-11
v09.csv,V9,UX-50-002,F-P7A-11
v09.csv,V9,UX-50-003,F-P7A-11
v09.csv,V9,UX-50-004,F-P7A-11
v09.csv,V9,UX-50-005,F-P7A-11
v09.csv,V9,UX-50-006,F-P7A-11
v09.csv,V9,UX-51-001,F-P7A-11
v09.csv,V9,UX-51-002,F-P7A-11
v09.csv,V9,UX-51-003,F-P7A-11
v09.csv,V9,UX-51-004,F-P7A-11
v09.csv,V9,UX-51-005,F-P7A-11
v09.csv,V9,UX-51-006,F-P7A-11
v09.csv,V9,UX-52-001,F-P7A-12
v09.csv,V9,UX-52-002,F-P7A-12
v09.csv,V9,UX-52-003,F-P7A-12
v09.csv,V9,UX-52-004,F-P7A-12
v09.csv,V9,UX-52-005,F-P7A-12
v09.csv,V9,UX-52-006,F-P7A-12
v09.csv,V9,UX-53-001,F-P7A-12
v09.csv,V9,UX-53-002,F-P7A-12
v09.csv,V9,UX-53-003,F-P7A-12
v09.csv,V9,UX-53-004,F-P7A-12
v09.csv,V9,UX-53-005,F-P7A-12
v09.csv,V9,UX-53-006,F-P7A-12
v09.csv,V9,UX-54-001,F-P7A-12
v09.csv,V9,UX-54-002,F-P7A-12
v09.csv,V9,UX-54-003,F-P7A-12
v09.csv,V9,UX-54-004,F-P7A-12
v09.csv,V9,UX-54-005,F-P7A-12
v09.csv,V9,UX-54-006,F-P7A-12
v09.csv,V9,UX-55-001,F-P7C-04
v09.csv,V9,UX-55-002,F-P7C-04
v09.csv,V9,UX-55-003,F-P7C-04
v09.csv,V9,UX-55-004,F-P7C-04
v09.csv,V9,UX-55-005,F-P7C-04
v09.csv,V9,UX-55-006,F-P7C-04
v09.csv,V9,UX-56-001,F-P7B-12
v09.csv,V9,UX-56-002,F-P7B-12
v09.csv,V9,UX-56-003,F-P7B-12
v09.csv,V9,UX-56-004,F-P7B-12
v09.csv,V9,UX-56-005,F-P7B-12
v09.csv,V9,UX-56-006,F-P7B-12
v09.csv,V9,UX-57-001,F-P7-E-07
v09.csv,V9,UX-57-002,F-P7-E-07
v09.csv,V9,UX-57-003,F-P7-E-07
v09.csv,V9,UX-57-004,F-P7-E-07
v09.csv,V9,UX-57-005,F-P7-E-07
v09.csv,V9,UX-57-006,F-P7-E-07
v09.csv,V9,UX-58-001,F-P7-E-16
v09.csv,V9,UX-58-002,F-P7-E-16
v09.csv,V9,UX-58-003,F-P7-E-16
v09.csv,V9,UX-58-004,F-P7-E-16
v09.csv,V9,UX-58-005,F-P7-E-16
v09.csv,V9,UX-58-006,F-P7-E-16
v09.csv,V9,UX-59-001,F-P7-E-16
v09.csv,V9,UX-59-002,F-P7-E-16
v09.csv,V9,UX-59-003,F-P7-E-16
v09.csv,V9,UX-59-004,F-P7-E-16
v09.csv,V9,UX-59-005,F-P7-E-16
v09.csv,V9,UX-59-006,F-P7-E-16
v09.csv,V9,UX-60-001,F-P7B-11
v09.csv,V9,UX-60-002,F-P7B-11
v09.csv,V9,UX-60-003,F-P7B-11
v09.csv,V9,UX-60-004,F-P7B-11
v09.csv,V9,UX-60-005,F-P7B-11
v09.csv,V9,UX-60-006,F-P7B-11
v09.csv,V9,UX-61-001,F-P7D-18
v09.csv,V9,UX-61-002,F-P7D-18
v09.csv,V9,UX-61-003,F-P7D-18
v09.csv,V9,UX-61-004,F-P7D-18
v09.csv,V9,UX-61-005,F-P7D-18
v09.csv,V9,UX-61-006,F-P7D-18
v09.csv,V9,UX-62-001,F-P7-E-16
v09.csv,V9,UX-62-002,F-P7-E-16
v09.csv,V9,UX-62-003,F-P7-E-16
v09.csv,V9,UX-62-004,F-P7-E-16
v09.csv,V9,UX-62-005,F-P7-E-16
v09.csv,V9,UX-62-006,F-P7-E-16
v09.csv,V9,UX-63-001,F-P7D-11
v09.csv,V9,UX-63-002,F-P7D-11
v09.csv,V9,UX-63-003,F-P7D-11
v09.csv,V9,UX-63-004,F-P7D-11
v09.csv,V9,UX-63-005,F-P7D-11
v09.csv,V9,UX-63-006,F-P7D-11
v09.csv,V9,UX-64-001,F-P7-F-07
v09.csv,V9,UX-64-002,F-P7-F-07
v09.csv,V9,UX-64-003,F-P7-F-07
v09.csv,V9,UX-64-004,F-P7-F-07
v09.csv,V9,UX-64-005,F-P7-F-07
v09.csv,V9,UX-64-006,F-P7-F-07
v09.csv,V9,UX-65-001,F-P7D-23
v09.csv,V9,UX-65-002,F-P7D-23
v09.csv,V9,UX-65-003,F-P7D-23
v09.csv,V9,UX-65-004,F-P7D-23
v09.csv,V9,UX-65-005,F-P7D-23
v09.csv,V9,UX-65-006,F-P7D-23
v09.csv,V9,UX-66-001,F-P7-F-04
v09.csv,V9,UX-66-002,F-P7-F-04
v09.csv,V9,UX-66-003,F-P7-F-04
v09.csv,V9,UX-66-004,F-P7-F-04
v09.csv,V9,UX-66-005,F-P7-F-04
v09.csv,V9,UX-66-006,F-P7-F-04
v09.csv,V9,UX-67-001,F-P7-F-01
v09.csv,V9,UX-67-002,F-P7-F-01
v09.csv,V9,UX-67-003,F-P7-F-01
v09.csv,V9,UX-67-004,F-P7-F-01
v09.csv,V9,UX-67-005,F-P7-F-01
v09.csv,V9,UX-67-006,F-P7-F-01
v09.csv,V9,UX-68-001,F-P7-E-03
v09.csv,V9,UX-68-002,F-P7-E-03
v09.csv,V9,UX-68-003,F-P7-E-03
v09.csv,V9,UX-68-004,F-P7-E-03
v09.csv,V9,UX-68-005,F-P7-E-03
v09.csv,V9,UX-68-006,F-P7-E-03
v09.csv,V9,UX-69-001,F-P7-E-18
v09.csv,V9,UX-69-002,F-P7-E-18
v09.csv,V9,UX-69-003,F-P7-E-18
v09.csv,V9,UX-69-004,F-P7-E-18
v09.csv,V9,UX-69-005,F-P7-E-18
v09.csv,V9,UX-69-006,F-P7-E-18
v09.csv,V9,UX-70-001,F-P7-F-03
v09.csv,V9,UX-70-002,F-P7-F-03
v09.csv,V9,UX-70-003,F-P7-F-03
v09.csv,V9,UX-70-004,F-P7-F-03
v09.csv,V9,UX-70-005,F-P7-F-03
v09.csv,V9,UX-70-006,F-P7-F-03
v09.csv,V9,UX-71-001,F-P7-E-08
v09.csv,V9,UX-71-002,F-P7-E-08
v09.csv,V9,UX-71-003,F-P7-E-08
v09.csv,V9,UX-71-004,F-P7-E-08
v09.csv,V9,UX-71-005,F-P7-E-08
v09.csv,V9,UX-71-006,F-P7-E-08
v09.csv,V9,UX-72-001,F-P7-E-17
v09.csv,V9,UX-72-002,F-P7-E-17
v09.csv,V9,UX-72-003,F-P7-E-17
v09.csv,V9,UX-72-004,F-P7-E-17
v09.csv,V9,UX-72-005,F-P7-E-17
v09.csv,V9,UX-72-006,F-P7-E-17
v09.csv,V9,CMP-001,F-P7-E-05
v09.csv,V9,CMP-002,F-P7-E-05
v09.csv,V9,CMP-003,F-P7-E-05
v09.csv,V9,CMP-004,F-P7-E-05
v09.csv,V9,CMP-005,F-P7-E-04
v09.csv,V9,CMP-006,F-P7-E-04
v09.csv,V9,CMP-007,F-P7-E-04
v09.csv,V9,CMP-008,F-P7-E-04
v09.csv,V9,CMP-009,F-P7-E-01
v09.csv,V9,CMP-010,F-P7-E-01
v09.csv,V9,CMP-011,F-P7-E-01
v09.csv,V9,CMP-012,F-P7-E-01
v09.csv,V9,CMP-013,F-P7-E-01
v09.csv,V9,CMP-014,F-P7-E-01
v09.csv,V9,CMP-015,F-P7-E-01
v09.csv,V9,CMP-016,F-P7-E-01
v09.csv,V9,CMP-017,F-P7-E-06
v09.csv,V9,CMP-018,F-P7-E-06
v09.csv,V9,CMP-019,F-P7-E-06
v09.csv,V9,CMP-020,F-P7-E-06
v09.csv,V9,CMP-021,F-P7-E-07
v09.csv,V9,CMP-022,F-P7-E-07
v09.csv,V9,CMP-023,F-P7-E-07
v09.csv,V9,CMP-024,F-P7-E-16
v09.csv,V9,CMP-025,F-P7-E-07
v09.csv,V9,CMP-026,F-P7-E-07
v09.csv,V9,CMP-027,F-P7-E-07
v09.csv,V9,CMP-028,F-P7-E-07
v09.csv,V9,CMP-029,F-P7-E-07
v09.csv,V9,CMP-030,F-P7-E-07
v09.csv,V9,CMP-031,F-P7-E-07
v09.csv,V9,CMP-032,F-P7-E-07
v09.csv,V9,CMP-033,F-P7-E-05
v09.csv,V9,CMP-034,F-P7-E-05
v09.csv,V9,CMP-035,F-P7-E-05
v09.csv,V9,CMP-036,F-P7-E-05
v09.csv,V9,CMP-037,F-P7-E-05
v09.csv,V9,CMP-038,F-P7-E-05
v09.csv,V9,CMP-039,F-P7-E-05
v09.csv,V9,CMP-040,F-P7-E-05
v09.csv,V9,CMP-041,F-P7-E-05
v09.csv,V9,CMP-042,F-P7-E-05
v09.csv,V9,CMP-043,F-P7-E-05
v09.csv,V9,CMP-044,F-P7-E-20
v09.csv,V9,CMP-045,F-P7-E-20
v09.csv,V9,CMP-046,F-P7-E-20
v09.csv,V9,CMP-047,F-P7-E-20
v09.csv,V9,CMP-048,F-P7-E-20
v09.csv,V9,CMP-049,F-P7-E-05
v09.csv,V9,CMP-050,F-P7-E-05
v09.csv,V9,CMP-051,F-P7-E-05
v09.csv,V9,CMP-052,F-P7-E-05
v09.csv,V9,CMP-053,F-P7-E-05
v09.csv,V9,CMP-054,F-P7-E-05
v09.csv,V9,CMP-055,F-P7-E-05
v09.csv,V9,CMP-056,F-P7-E-05
v09.csv,V9,CMP-057,F-P7-E-21
v09.csv,V9,CMP-058,F-P7-E-21
v09.csv,V9,CMP-059,F-P7-E-21
v09.csv,V9,CMP-060,F-P7-E-21
v09.csv,V9,CMP-061,F-P7-E-21
v09.csv,V9,CMP-062,F-P7-E-21
v09.csv,V9,CMP-063,F-P7-E-21
v09.csv,V9,CMP-064,F-P7-E-21
v09.csv,V9,CMP-065,F-P7-E-05
v09.csv,V9,CMP-066,F-P7-E-05
v09.csv,V9,CMP-067,F-P7-E-05
v09.csv,V9,CMP-068,F-P7-E-05
v09.csv,V9,CMP-069,F-P7-E-05
v09.csv,V9,CMP-070,F-P7-E-05
v09.csv,V9,CMP-071,F-P7-E-19
v09.csv,V9,CMP-072,F-P7-E-19
v09.csv,V9,CMP-073,F-P7-E-15
v09.csv,V9,CMP-074,F-P7-E-15
v09.csv,V9,CMP-075,F-P7-E-20
v09.csv,V9,CMP-076,F-P7-E-15
v09.csv,V9,CMP-077,F-P7-E-15
v09.csv,V9,CMP-078,F-P7-E-15
v09.csv,V9,CMP-079,F-P7-E-15
v09.csv,V9,CMP-080,F-P7-E-15
v09.csv,V9,CMP-081,F-P7A-11
v09.csv,V9,CMP-082,F-P7A-11
v09.csv,V9,CMP-083,F-P7A-11
v09.csv,V9,CMP-084,F-P7A-11
v09.csv,V9,CMP-085,F-P7A-11
v09.csv,V9,CMP-086,F-P7A-11
v09.csv,V9,CMP-087,F-P7A-12
v09.csv,V9,CMP-088,F-P7A-12
v09.csv,V9,CMP-089,F-P7-E-16
v09.csv,V9,CMP-090,F-P7-E-16
v09.csv,V9,CMP-091,F-P7-E-16
v09.csv,V9,CMP-092,F-P7-E-16
v09.csv,V9,CMP-093,F-P7-E-16
v09.csv,V9,CMP-094,F-P7-E-16
v09.csv,V9,CMP-095,F-P7-E-16
v09.csv,V9,CMP-096,F-P7-E-16
v09.csv,V9,CMP-097,F-P7-E-15
v09.csv,V9,CMP-098,F-P7-E-15
v09.csv,V9,CMP-099,F-P7-E-15
v09.csv,V9,CMP-100,F-P7-E-15
v09.csv,V9,CMP-101,F-P7-E-15
v09.csv,V9,CMP-102,F-P7-E-15
v09.csv,V9,CMP-103,F-P7-E-13
v09.csv,V9,CMP-104,F-P7-E-08
v09.csv,V9,CMP-105,F-P7-E-10
v09.csv,V9,CMP-106,F-P7-E-10
v09.csv,V9,CMP-107,F-P7-E-10
v09.csv,V9,CMP-108,F-P7-E-10
v09.csv,V9,CMP-109,F-P7-E-10
v09.csv,V9,CMP-110,F-P7-E-10
v09.csv,V9,CMP-111,F-P7-E-10
v09.csv,V9,CMP-112,F-P7-E-10
v09.csv,V9,PAT-01,F-P7-E-06
v09.csv,V9,PAT-02,F-P7-E-01
v09.csv,V9,PAT-03,F-P7-E-05
v09.csv,V9,PAT-04,F-P7-E-20
v09.csv,V9,PAT-05,F-DONE-ux
v09.csv,V9,PAT-06,F-P7-E-20
v09.csv,V9,PAT-07,F-P7-E-20
v09.csv,V9,PAT-08,F-P7-E-20
v09.csv,V9,PAT-09,F-P7-E-15
v09.csv,V9,PAT-10,F-DONE-ux
v09.csv,V9,PAT-11,F-P7-E-20
v09.csv,V9,PAT-12,F-P7-E-06
v09.csv,V9,PAT-13,F-P7-E-15
v09.csv,V9,PAT-14,F-P7-E-13
v09.csv,V9,PAT-15,F-P7-E-02
v09.csv,V9,PAT-16,F-P7-E-20
v09.csv,V9,PAT-17,F-P7-E-20
v09.csv,V9,PAT-18,F-P7-E-05
v09.csv,V9,PAT-19,F-DONE-ux
v09.csv,V9,PAT-20,F-P7-E-19
v09.csv,V9,PAT-21,F-P7A-11
v09.csv,V9,PAT-22,F-P7-E-19
v09.csv,V9,PAT-23,F-P7-E-10
v09.csv,V9,PAT-24,F-P7-E-10
v09.csv,V9,PAT-25,F-P7-E-01
v09.csv,V9,PAT-26,F-P7-E-01
v09.csv,V9,PAT-27,F-P7-E-05
v09.csv,V9,PAT-28,F-P7-E-05
v09.csv,V9,PAT-29,F-P7-E-19
v09.csv,V9,PAT-30,F-P7-E-19
v09.csv,V9,PAT-31,F-P7-E-16
v09.csv,V9,PAT-32,F-P7-E-19
v09.csv,V9,PAT-33,F-P7A-11
v09.csv,V9,PAT-34,F-P7A-11
v09.csv,V9,PAT-35,F-P7A-12
v09.csv,V9,PAT-36,F-P7A-12
v09.csv,V9,PAT-37,F-DONE-ux
v09.csv,V9,PAT-38,F-P7-E-12
v09.csv,V9,PAT-39,F-P7-E-13
v09.csv,V9,PAT-40,F-P7C-02
v09.csv,V9,PAT-41,F-P7-E-03
v09.csv,V9,PAT-42,F-P7-E-15
v09.csv,V9,PAT-43,F-P7-E-16
v09.csv,V9,PAT-44,F-P7-E-16
v09.csv,V9,PAT-45,F-P7-E-04
v09.csv,V9,PAT-46,F-P7-E-04
v09.csv,V9,PAT-47,F-P7B-02
v09.csv,V9,PAT-48,F-P7-E-17
v09.csv,V9,VIZ-01,F-P7-E-21
v09.csv,V9,VIZ-02,F-P7-E-21
v09.csv,V9,VIZ-03,F-P7-E-21
v09.csv,V9,VIZ-04,F-P7-E-21
v09.csv,V9,VIZ-05,F-P7-E-21
v09.csv,V9,VIZ-06,F-P7-E-21
v09.csv,V9,VIZ-07,F-P7-E-21
v09.csv,V9,VIZ-08,F-P7-E-21
v09.csv,V9,VIZ-09,F-P7-E-21
v09.csv,V9,VIZ-10,F-P7-E-21
v09.csv,V9,VIZ-11,F-P7-E-21
v09.csv,V9,VIZ-12,F-P7-E-21
v09.csv,V9,VIZ-13,F-P7-E-21
v09.csv,V9,VIZ-14,F-P7-E-21
v09.csv,V9,VIZ-15,F-P7-E-21
v09.csv,V9,VIZ-16,F-P7-E-21
v09.csv,V9,VIZ-17,F-P7-E-21
v09.csv,V9,VIZ-18,F-P7-E-21
v09.csv,V9,VIZ-19,F-P7-E-21
v09.csv,V9,VIZ-20,F-P7-E-21
v09.csv,V9,VIZ-21,F-P7-E-21
v09.csv,V9,VIZ-22,F-P7-E-21
v09.csv,V9,VIZ-23,F-P7-E-21
v09.csv,V9,VIZ-24,F-P7-E-21
v09.csv,V9,VIZ-25,F-P7-E-21
v09.csv,V9,VIZ-26,F-P7-E-21
v09.csv,V9,VIZ-27,F-P7-E-21
v09.csv,V9,VIZ-28,F-P7-E-21
v09.csv,V9,VIZ-29,F-P7-E-21
v09.csv,V9,VIZ-30,F-P7-E-21
v09.csv,V9,VIZ-31,F-P7-E-21
v09.csv,V9,VIZ-32,F-P7A-11
v09.csv,V9,VIZ-33,F-P7-E-21
v09.csv,V9,VIZ-34,F-P7-E-21
v09.csv,V9,VIZ-35,F-P7-E-21
v09.csv,V9,VIZ-36,F-P7-E-21
v09.csv,V9,OBJ-01,F-DONE-ux
v09.csv,V9,OBJ-02,F-P7-E-13
v09.csv,V9,OBJ-03,F-DONE-ux
v09.csv,V9,OBJ-04,F-P7-E-06
v09.csv,V9,OBJ-05,F-P7-E-13
v09.csv,V9,OBJ-06,F-P7-E-13
v09.csv,V9,OBJ-07,F-P7-E-13
v09.csv,V9,OBJ-08,F-P7-E-13
v09.csv,V9,OBJ-09,F-P7-E-13
v09.csv,V9,OBJ-10,F-P7-E-13
v09.csv,V9,OBJ-11,F-P7-E-13
v09.csv,V9,OBJ-12,F-P7-E-13
v09.csv,V9,OBJ-13,F-P7-E-13
v09.csv,V9,OBJ-14,F-P7-E-13
v09.csv,V9,OBJ-15,F-P7-E-13
v09.csv,V9,OBJ-16,F-P7-E-13
v09.csv,V9,OBJ-17,F-P7-E-13
v09.csv,V9,OBJ-18,F-P7-E-13
v09.csv,V9,OBJ-19,F-P7-E-12
v09.csv,V9,OBJ-20,F-DONE-ux
v09.csv,V9,OBJ-21,F-P7-E-12
v09.csv,V9,OBJ-22,F-P7-E-14
v09.csv,V9,OBJ-23,F-P7-E-14
v09.csv,V9,OBJ-24,F-P7-E-14
v09.csv,V9,OBJ-25,F-P7-E-14
v09.csv,V9,OBJ-26,F-P7-E-14
v09.csv,V9,OBJ-27,F-P7C-05
v09.csv,V9,OBJ-28,F-DONE-ux
v09.csv,V9,OBJ-29,F-P7-E-14
v09.csv,V9,OBJ-30,F-P7-E-14
v09.csv,V9,OBJ-31,F-P7-E-14
v09.csv,V9,OBJ-32,F-P7-E-15
v09.csv,V9,OBJ-33,F-P7-E-15
v09.csv,V9,OBJ-34,F-DONE-ux
v09.csv,V9,OBJ-35,F-P7-E-15
v09.csv,V9,OBJ-36,F-DONE-ux
v09.csv,V9,OBJ-37,F-P7-E-15
v09.csv,V9,OBJ-38,F-P7A-10
v09.csv,V9,OBJ-39,F-P7-E-15
v09.csv,V9,OBJ-40,F-P7-E-17
v09.csv,V9,HX-01,F-P7-E-07
v09.csv,V9,HX-02,F-P7-E-07
v09.csv,V9,HX-03,F-P7-E-07
v09.csv,V9,HX-04,F-P7-E-07
v09.csv,V9,HX-05,F-P7-E-07
v09.csv,V9,HX-06,F-P7-E-07
v09.csv,V9,HX-07,F-P7A-11
v09.csv,V9,HX-08,F-P7A-12
v09.csv,V9,HX-09,F-P7-E-20
v09.csv,V9,HX-10,F-DONE-ux
v09.csv,V9,HX-11,F-P7-E-07
v09.csv,V9,HX-12,F-P7-E-20
v09.csv,V9,HX-13,F-P7-E-20
v09.csv,V9,HX-14,F-P7-E-20
v09.csv,V9,HX-15,F-P7-E-07
v09.csv,V9,HX-16,F-P7-E-19
v09.csv,V9,HX-17,F-P7-E-16
v09.csv,V9,HX-18,F-P7-E-13
v09.csv,V9,HX-19,F-P7A-12
v09.csv,V9,HX-20,F-P7B-02
v09.csv,V9,GLB-01,F-P7-E-08
v09.csv,V9,GLB-02,F-P7-E-08
v09.csv,V9,GLB-03,F-P7-E-08
v09.csv,V9,GLB-04,F-P7-E-08
v09.csv,V9,GLB-05,F-P7-E-08
v09.csv,V9,GLB-06,F-P7-E-08
v09.csv,V9,GLB-07,F-P7-E-21
v09.csv,V9,GLB-08,F-P7-E-08
v09.csv,V9,GLB-09,F-P7-E-08
v09.csv,V9,GLB-10,F-P7-E-08
v09.csv,V9,GLB-11,F-P7-E-09
v09.csv,V9,GLB-12,F-P7-E-09
v09.csv,V9,GLB-13,F-P7-E-09
v09.csv,V9,GLB-14,F-P7-E-09
v09.csv,V9,GLB-15,F-P7-E-09
v09.csv,V9,GLB-16,F-P7-E-09
v09.csv,V9,GLB-17,F-P7-E-09
v09.csv,V9,GLB-18,F-P7-E-09
v09.csv,V9,GLB-19,F-P7-E-09
v09.csv,V9,GLB-20,F-P7-E-18
v09.csv,V9,GLB-21,F-P7-E-10
v09.csv,V9,GLB-22,F-P7-E-10
v09.csv,V9,GLB-23,F-P7-E-04
v09.csv,V9,GLB-24,F-P7-E-08
v09.csv,V9,PER-01,F-P7-E-11
v09.csv,V9,PER-02,F-P7-E-11
v09.csv,V9,PER-03,F-P7-E-11
v09.csv,V9,PER-04,F-P7-E-11
v09.csv,V9,PER-05,F-P7-E-11
v09.csv,V9,PER-06,F-P7-E-11
v09.csv,V9,PER-07,F-P7-E-11
v09.csv,V9,PER-08,F-P7-E-11
v09.csv,V9,PER-09,F-P7-E-11
v09.csv,V9,PER-10,F-P7-E-11
v09.csv,V9,PER-11,F-DONE-ux
v09.csv,V9,PER-12,F-P7-E-11
v09.csv,V9,PER-13,F-P7-E-11
v09.csv,V9,PER-14,F-P7B-11
v09.csv,V9,PER-15,F-P7A-01
v09.csv,V9,PER-16,F-P7-E-11
v09.csv,V9,PER-17,F-P7-E-11
v09.csv,V9,PER-18,F-P7-E-11
v09.csv,V9,PER-19,F-P7-E-11
v09.csv,V9,PER-20,F-P7-E-11
v09.csv,V9,PER-21,F-P7-E-11
v09.csv,V9,PER-22,F-P7-E-11
v09.csv,V9,PER-23,F-P7-E-11
v09.csv,V9,PER-24,F-P7C-01
v09.csv,V9,WS-01,F-P6-11
v09.csv,V9,WS-02,F-P7-E-13
v09.csv,V9,WS-03,F-P7-E-13
v09.csv,V9,WS-04,F-P7-E-13
v09.csv,V9,WS-05,F-P7-E-13
v09.csv,V9,WS-06,F-P7-E-13
v09.csv,V9,WS-07,F-P3-14
v09.csv,V9,WS-08,F-P7-E-12
v09.csv,V9,WS-09,F-P4-13
v09.csv,V9,WS-10,F-P4-15
v09.csv,V9,WS-11,F-P7-E-14
v09.csv,V9,WS-12,F-P7-E-14
v09.csv,V9,WS-13,F-P7-E-14
v09.csv,V9,WS-14,F-P7-E-14
v09.csv,V9,WS-15,F-P7-E-15
v09.csv,V9,WS-16,F-P6-10
v09.csv,V9,WS-17,F-P7A-11
v09.csv,V9,WS-18,F-P7-E-07
v09.csv,V9,WS-19,F-P7-E-16
v09.csv,V9,WS-20,F-P7-F-05
v09.csv,V9,JRN-01,F-P7-E-16
v09.csv,V9,JRN-02,F-DONE-ux
v09.csv,V9,JRN-03,F-P7-E-13
v09.csv,V9,JRN-04,F-P7-E-13
v09.csv,V9,JRN-05,F-P7-E-13
v09.csv,V9,JRN-06,F-P4-10
v09.csv,V9,JRN-07,F-P7-E-12
v09.csv,V9,JRN-08,F-P4-13
v09.csv,V9,JRN-09,F-P4-13
v09.csv,V9,JRN-10,F-P4-15
v09.csv,V9,JRN-11,F-P4-14
v09.csv,V9,JRN-12,F-P7-E-14
v09.csv,V9,JRN-13,F-P7-E-14
v09.csv,V9,JRN-14,F-P7-E-14
v09.csv,V9,JRN-15,F-P7-E-14
v09.csv,V9,JRN-16,F-P7-E-15
v09.csv,V9,JRN-17,F-P7-E-15
v09.csv,V9,JRN-18,F-P7B-02
v09.csv,V9,JRN-19,F-P6-11
v09.csv,V9,JRN-20,F-P7-E-15
v09.csv,V9,JRN-21,F-P7A-11
v09.csv,V9,JRN-22,F-P7D-18
v09.csv,V9,JRN-23,F-P7-F-04
v09.csv,V9,JRN-24,F-P7-E-17
v09.csv,V9,NOT-01,F-P7-E-12
v09.csv,V9,NOT-02,F-P7-E-12
v09.csv,V9,NOT-03,F-P7-E-12
v09.csv,V9,NOT-04,F-P7-E-12
v09.csv,V9,NOT-05,F-P7-E-12
v09.csv,V9,NOT-06,F-P7-E-12
v09.csv,V9,NOT-07,F-P7-E-12
v09.csv,V9,NOT-08,F-P7-E-12
v09.csv,V9,NOT-09,F-P7-E-12
v09.csv,V9,NOT-10,F-P7-E-12
v09.csv,V9,NOT-11,F-P7-E-12
v09.csv,V9,NOT-12,F-P7-E-12
v09.csv,V9,NOT-13,F-P7-E-12
v09.csv,V9,NOT-14,F-P7-E-12
v09.csv,V9,NOT-15,F-P7-E-12
v09.csv,V9,NOT-16,F-P7-E-12
v09.csv,V9,NOT-17,F-P7A-12
v09.csv,V9,NOT-18,F-P7A-12
v09.csv,V9,NOT-19,F-P7A-12
v09.csv,V9,NOT-20,F-P7-E-12
v09.csv,V9,NOT-21,F-P7-E-12
v09.csv,V9,NOT-22,F-P7-E-12
v09.csv,V9,NOT-23,F-P7-E-12
v09.csv,V9,NOT-24,F-P7-E-12
v09.csv,V9,NOT-25,F-P7-E-12
v09.csv,V9,NOT-26,F-P7-E-12
v09.csv,V9,NOT-27,F-P7-E-12
v09.csv,V9,NOT-28,F-P7-E-12
v09.csv,V9,NOT-29,F-P7-E-12
v09.csv,V9,NOT-30,F-P7-E-12
v09.csv,V9,NOT-31,F-P7-E-12
v09.csv,V9,NOT-32,F-P7-E-12
v09.csv,V9,UX-ADR-001,F-P7-E-17
v09.csv,V9,UX-ADR-002,F-P7-E-17
v09.csv,V9,UX-ADR-003,F-P7-E-01
v09.csv,V9,UX-ADR-004,F-P7-E-06
v09.csv,V9,UX-ADR-005,F-P7-E-07
v09.csv,V9,UX-ADR-006,F-P7-E-07
v09.csv,V9,UX-ADR-007,F-P7-E-20
v09.csv,V9,UX-ADR-008,F-P7-E-20
v09.csv,V9,UX-ADR-009,F-P7-E-07
v09.csv,V9,UX-ADR-010,F-P7-E-03
v09.csv,V9,UX-ADR-011,F-P7-E-05
v09.csv,V9,UX-ADR-012,F-P7-E-05
v09.csv,V9,UX-ADR-013,F-P7-E-04
v09.csv,V9,UX-ADR-014,F-P7-E-08
v09.csv,V9,UX-ADR-015,F-P7-E-21
v09.csv,V9,UX-ADR-016,F-P7-E-21
v09.csv,V9,UX-ADR-017,F-DONE-ux
v09.csv,V9,UX-ADR-018,F-P7-E-19
v09.csv,V9,UX-ADR-019,F-P7-E-17
v09.csv,V9,UX-ADR-020,F-P7-E-10
v09.csv,V9,UX-ADR-021,F-P7-E-18
v09.csv,V9,UX-ADR-022,F-P7-E-03
v09.csv,V9,UX-ADR-023,F-P7-E-17
v09.csv,V9,UX-ADR-024,F-P7-E-17
v09.csv,V9,REL-01,F-P7-E-17
v09.csv,V9,REL-02,F-P7-E-17
v09.csv,V9,REL-03,F-P7-E-01
v09.csv,V9,REL-04,F-P7-E-06
v09.csv,V9,REL-05,F-P7-E-20
v09.csv,V9,REL-06,F-P7-E-07
v09.csv,V9,REL-07,F-P7-E-07
v09.csv,V9,REL-08,F-P7-E-07
v09.csv,V9,REL-09,F-P7-E-07
v09.csv,V9,REL-10,F-P7-E-20
v09.csv,V9,REL-11,F-P7-E-19
v09.csv,V9,REL-12,F-P7-E-19
v09.csv,V9,REL-13,F-P7-E-08
v09.csv,V9,REL-14,F-P7-E-09
v09.csv,V9,REL-15,F-P7-E-04
v09.csv,V9,REL-16,F-P7-E-03
v09.csv,V9,REL-17,F-P7-E-21
v09.csv,V9,REL-18,F-P7-E-19
v09.csv,V9,REL-19,F-P7-E-16
v09.csv,V9,REL-20,F-P7-E-17
v09.csv,V9,REL-21,F-P7-E-10
v09.csv,V9,REL-22,F-P7-E-08
v09.csv,V9,REL-23,F-P7-E-17
v09.csv,V9,REL-24,F-P7-E-17
v09.csv,V9,CLR-001,F-DONE-ux
v09.csv,V9,CLR-002,F-DONE-ux
v09.csv,V9,CLR-003,F-DONE-ux
v09.csv,V9,CLR-004,F-DONE-ux
v09.csv,V9,CLR-005,F-DONE-ux
v09.csv,V9,CLR-006,F-DONE-ux
v09.csv,V9,CLR-007,F-DONE-ux
v09.csv,V9,CLR-008,F-DONE-ux
v09.csv,V9,CLR-009,F-DONE-ux
v09.csv,V9,CLR-010,F-DONE-ux
v09.csv,V9,CLR-011,F-DONE-ux
v09.csv,V9,CLR-012,F-DONE-ux
v09.csv,V9,CLR-013,F-DONE-ux
v09.csv,V9,CLR-014,F-DONE-ux
v09.csv,V9,CLR-015,F-DONE-ux
v09.csv,V9,CLR-016,F-DONE-ux
v09.csv,V9,CLR-017,F-DONE-ux
v09.csv,V9,CLR-018,F-DONE-ux
v09.csv,V9,CLR-019,F-DONE-ux
v09.csv,V9,CLR-020,F-DONE-ux
v09.csv,V9,CLR-021,F-DONE-ux
v09.csv,V9,CLR-022,F-DONE-ux
v09.csv,V9,CLR-023,F-P7-E-03
v09.csv,V9,CLR-024,F-P7-E-03
v09.csv,V9,CLR-025,F-DONE-ux
v09.csv,V9,CLR-026,F-P7-E-03
v09.csv,V9,CLR-027,F-P7-E-03
v09.csv,V9,CLR-028,F-DONE-ux
v09.csv,V9,CLR-029,F-DONE-ux
v09.csv,V9,CLR-030,F-DONE-ux
v09.csv,V9,TYP-001,F-P7-E-03
v09.csv,V9,TYP-002,F-P7-E-03
v09.csv,V9,TYP-003,F-P7-E-03
v09.csv,V9,TYP-004,F-P7-E-03
v09.csv,V9,TYP-005,F-P7-E-03
v09.csv,V9,TYP-006,F-P7-E-03
v09.csv,V9,TYP-007,F-P7-E-03
v09.csv,V9,TYP-008,F-P7-E-03
v09.csv,V9,TYP-009,F-P7-E-03
v09.csv,V9,TYP-010,F-P7-E-03
v09.csv,V9,TYP-011,F-P7-E-03
v09.csv,V9,TYP-012,F-P7-E-03
v09.csv,V9,TYP-013,F-P7-E-03
v09.csv,V9,TYP-014,F-P7-E-03
v09.csv,V9,TYP-015,F-P7-E-03
v09.csv,V9,SPC-001,F-P7-E-03
v09.csv,V9,SPC-002,F-P7-E-03
v09.csv,V9,SPC-003,F-P7-E-03
v09.csv,V9,SPC-004,F-P7-E-03
v09.csv,V9,SPC-005,F-P7-E-03
v09.csv,V9,SPC-006,F-P7-E-03
v09.csv,V9,SPC-007,F-P7-E-03
v09.csv,V9,SPC-008,F-P7-E-03
v09.csv,V9,SPC-009,F-P7-E-03
v09.csv,V9,SPC-010,F-P7-E-03
v09.csv,V9,SPC-011,F-P7-E-03
v09.csv,V9,SPC-012,F-P7-E-03
v09.csv,V9,LAY-001,F-P7-E-03
v09.csv,V9,LAY-002,F-P7-E-03
v09.csv,V9,LAY-003,F-P7-E-03
v09.csv,V9,LAY-004,F-P7-E-03
v09.csv,V9,LAY-005,F-P7-E-03
v09.csv,V9,LAY-006,F-P7-E-03
v09.csv,V9,LAY-007,F-P7-E-03
v09.csv,V9,LAY-008,F-DONE-ux
v09.csv,V9,LAY-009,F-P7-E-03
v09.csv,V9,LAY-010,F-P7-E-03
v09.csv,V9,LAY-011,F-P7-E-03
v09.csv,V9,LAY-012,F-DONE-ux
v09.csv,V9,LAY-013,F-P7-E-03
v09.csv,V9,LAY-014,F-P7-E-03
v09.csv,V9,LAY-015,F-P7-E-03
v09.csv,V9,LAY-016,F-P7-E-03
v09.csv,V9,LAY-017,F-P7-E-03
v09.csv,V9,TS-01,F-P7-E-07
v09.csv,V9,TS-02,F-P7-E-07
v09.csv,V9,TS-03,F-P7-E-07
v09.csv,V9,TS-04,F-P7-E-07
v09.csv,V9,TS-05,F-DONE-ux
v09.csv,V9,TS-06,F-P7-E-07
v09.csv,V9,TS-07,F-P7-E-07
v09.csv,V9,TS-08,F-P7-E-07
v09.csv,V9,TS-09,F-P7-E-07
v09.csv,V9,TS-10,F-P7-E-07
v09.csv,V9,LS-01,F-P7-E-06
v09.csv,V9,LS-02,F-P7-E-06
v09.csv,V9,LS-03,F-P7-E-06
v09.csv,V9,LS-04,F-P7-E-06
v09.csv,V9,LS-05,F-P7-E-06
v09.csv,V9,LS-06,F-P7-E-06
v09.csv,V9,LS-07,F-P7-E-06
v09.csv,V9,LS-08,F-P7-E-06
v09.csv,V9,LS-09,F-P7-E-06
v09.csv,V9,LS-10,F-P7-E-06
v09.csv,V9,LS-11,F-P7-E-06
v09.csv,V9,LS-12,F-P7-E-06
v09.csv,V9,CNT-01,F-P7-E-18
v09.csv,V9,CNT-02,F-P7-E-18
v09.csv,V9,CNT-03,F-P7-E-18
v09.csv,V9,CNT-04,F-P7-E-18
v09.csv,V9,CNT-05,F-P7-E-18
v09.csv,V9,CNT-06,F-P7-E-18
v09.csv,V9,CNT-07,F-P7-E-18
v09.csv,V9,CNT-08,F-P7-E-07
v09.csv,V9,CNT-09,F-P7-E-07
v09.csv,V9,CNT-10,F-P7-E-18
v09.csv,V9,CNT-11,F-P7-E-12
v09.csv,V9,CNT-12,F-P7-E-19
v09.csv,V9,CNT-13,F-DONE-ux
v09.csv,V9,CNT-14,F-P7-E-18
v09.csv,V9,CNT-15,F-P7-E-18
v09.csv,V9,CNT-16,F-P7-E-18
v09.csv,V9,NUM-01,F-P7-E-07
v09.csv,V9,NUM-02,F-P7-E-07
v09.csv,V9,NUM-03,F-P7-E-07
v09.csv,V9,NUM-04,F-P7-E-09
v09.csv,V9,NUM-05,F-P7-E-09
v09.csv,V9,NUM-06,F-P7-E-09
v09.csv,V9,NUM-07,F-P7-E-09
v09.csv,V9,NUM-08,F-P7-E-09
v09.csv,V9,NUM-09,F-P7-E-07
v09.csv,V9,NUM-10,F-DONE-ux
v09.csv,V9,NUM-11,F-P7-E-07
v09.csv,V9,NUM-12,F-P7-E-09
v09.csv,V9,BP-01,F-P7-E-04
v09.csv,V9,BP-02,F-P7-E-04
v09.csv,V9,BP-03,F-P7-E-04
v09.csv,V9,BP-04,F-P7-E-04
v09.csv,V9,BP-05,F-P7-E-04
v09.csv,V9,DEN-01,F-P7-E-04
v09.csv,V9,DEN-02,F-P7-E-04
v09.csv,V9,DEN-03,F-P7-E-04
v09.csv,V9,REG-01,F-P7-E-04
v09.csv,V9,REG-02,F-P7-E-04
v09.csv,V9,REG-03,F-P7-E-04
v09.csv,V9,REG-04,F-P7-E-04
v09.csv,V9,REG-05,F-P7-E-04
v09.csv,V9,REG-06,F-P7-E-04
v09.csv,V9,REG-07,F-P7-E-04
v09.csv,V9,REG-08,F-P7-E-04
v09.csv,V9,CAP-AG-01,F-P7-E-02
v09.csv,V9,CAP-AG-02,F-P7A-01
v09.csv,V9,CAP-AG-03,F-P7A-13
v09.csv,V9,CAP-AG-04,F-P7A-13
v09.csv,V9,CAP-AG-05,F-P7A-13
v09.csv,V9,CAP-AG-06,F-P7A-14
v09.csv,V9,CAP-AG-07,F-P7A-14
v09.csv,V9,CAP-AG-08,F-P7A-15
v09.csv,V9,CAP-AU-01,F-P7-E-17
v09.csv,V9,CAP-AU-02,F-P7-E-17
v09.csv,V9,CAP-AU-03,F-P7-E-16
v09.csv,V9,CAP-AU-04,F-P7-E-01
v09.csv,V9,CAP-AU-05,F-P7-E-11
v09.csv,V9,CAP-AU-06,F-P7-E-01
v09.csv,V9,CAP-AU-07,F-P7-E-06
v09.csv,V9,CAP-AU-08,F-P7-E-08
v09.csv,V9,CAP-AU-09,F-P7-E-17
v09.csv,V9,CAP-AU-10,F-P7-E-17
v09.csv,V9,CAP-AU-11,F-P7-E-17
v09.csv,V9,CAP-AU-12,F-P7-E-17
v09.csv,V9,CAP-DS-01,F-P7-E-14
v09.csv,V9,CAP-DS-02,F-P7-E-14
v09.csv,V9,CAP-DS-03,F-P7-E-14
v09.csv,V9,CAP-DS-04,F-P7-E-14
v09.csv,V9,CAP-DS-05,F-P7-E-14
v09.csv,V9,CAP-DS-06,F-P7-E-14
v09.csv,V9,CAP-DS-07,F-P7-E-14
v09.csv,V9,CAP-DS-08,F-P7-E-14
v09.csv,V9,CAP-DS-09,F-P7-E-14
v09.csv,V9,CAP-DS-10,F-P7-E-14
v09.csv,V9,CAP-DS-11,F-P7-E-05
v09.csv,V9,CAP-DS-12,F-P7-E-14
v09.csv,V9,CAP-EO-01,F-P7-E-11
v09.csv,V9,CAP-EO-02,F-P7-E-01
v09.csv,V9,CAP-EO-03,F-P7-E-15
v09.csv,V9,CAP-EO-04,F-P7-E-15
v09.csv,V9,CAP-EO-05,F-P7-E-15
v09.csv,V9,CAP-EO-06,F-P7-E-12
v09.csv,V9,CAP-EO-07,F-P6-10
v09.csv,V9,CAP-EO-08,F-P7-E-15
v09.csv,V9,CAP-EO-09,F-P7-E-15
v09.csv,V9,CAP-EO-10,F-P7-E-10
v09.csv,V9,CAP-EO-11,F-P7-E-01
v09.csv,V9,CAP-FW-01,F-P7-E-14
v09.csv,V9,CAP-FW-02,F-P4-10
v09.csv,V9,CAP-FW-03,F-P7-E-12
v09.csv,V9,CAP-FW-04,F-P4-13
v09.csv,V9,CAP-FW-05,F-P4-13
v09.csv,V9,CAP-FW-06,F-P4-15
v09.csv,V9,CAP-FW-07,F-P4-14
v09.csv,V9,CAP-FW-08,F-P4-15
v09.csv,V9,CAP-FW-09,F-P4-15
v09.csv,V9,CAP-FW-10,F-P4-15
v09.csv,V9,CAP-FW-11,F-P4-15
v09.csv,V9,CAP-FW-12,F-P7-E-14
v09.csv,V9,CAP-OB-04,F-P7-E-02
v09.csv,V9,CAP-OB-06,F-P7-E-13
v09.csv,V9,CAP-OB-07,F-P7-E-13
v09.csv,V9,CAP-OB-08,F-P7-E-13
v09.csv,V9,CAP-OB-09,F-P7-F-07
v09.csv,V9,CAP-PD-01,F-P7D-23
v09.csv,V9,CAP-PD-02,F-P7-F-01
v09.csv,V9,CAP-PD-03,F-P7-E-05
v09.csv,V9,CAP-PD-04,F-P7-F-04
v09.csv,V9,CAP-PD-05,F-P7-F-04
v09.csv,V9,CAP-PD-06,F-P7-F-04
v09.csv,V9,CAP-PD-09,F-P7-F-03
v09.csv,V9,CAP-PD-10,F-P7-E-08
v09.csv,V9,CAP-PD-11,F-P7-E-08
v09.csv,V9,CAP-PD-12,F-P7-E-17
v09.csv,V9,CAP-TG-01,F-P7-E-07
v09.csv,V9,CAP-TG-02,F-P7-E-16
v09.csv,V9,CAP-TG-03,F-P7-E-16
v09.csv,V9,CAP-TG-04,F-P7A-12
v09.csv,V9,CAP-TG-05,F-P7A-11
v09.csv,V9,CAP-TG-06,F-P7-E-16
v09.csv,V9,CAP-TG-08,F-P7-E-16
v09.csv,V9,CAP-TG-11,F-P7-E-01
v09.csv,V9,CAP-UM-01,F-P7-E-06
v09.csv,V9,CAP-UM-02,F-P7-E-06
v09.csv,V9,CAP-UM-03,F-P7-E-13
v09.csv,V9,CAP-UM-04,F-P7-E-13
v09.csv,V9,CAP-UM-05,F-P7-E-13
v09.csv,V9,CAP-UM-06,F-P7-E-13
v09.csv,V9,CAP-UM-07,F-P7-E-13
v09.csv,V9,CAP-UM-08,F-P7-E-13
v09.csv,V9,CAP-UM-09,F-P7-E-07
v09.csv,V9,CAP-UM-10,F-P7-E-13
v09.csv,V9,CAP-UM-12,F-P7-E-13
v10.csv,V10,IR-01-001,F-P7-F-14
v10.csv,V10,IR-01-002,F-P7-F-14
v10.csv,V10,IR-01-003,F-R0-06
v10.csv,V10,IR-01-004,F-P7-F-14
v10.csv,V10,IR-02-001,F-P7-F-14
v10.csv,V10,IR-02-002,F-P7-F-14
v10.csv,V10,IR-02-003,F-P7-F-16
v10.csv,V10,IR-02-004,F-P7-F-14
v10.csv,V10,IR-03-001,F-P7-F-14
v10.csv,V10,IR-03-002,F-P7-F-14
v10.csv,V10,IR-03-003,F-P7-F-16
v10.csv,V10,IR-03-004,F-P7-F-14
v10.csv,V10,IR-04-001,F-P7-F-14
v10.csv,V10,IR-04-002,F-P7-F-14
v10.csv,V10,IR-04-003,F-R0-01
v10.csv,V10,IR-04-004,F-P7-F-14
v10.csv,V10,IR-05-001,F-P7-F-14
v10.csv,V10,IR-05-002,F-P7-F-14
v10.csv,V10,IR-05-003,F-P7-F-16
v10.csv,V10,IR-05-004,F-P7-F-14
v10.csv,V10,IR-06-001,F-P7-F-14
v10.csv,V10,IR-06-002,F-P7-F-14
v10.csv,V10,IR-06-003,F-P7-F-16
v10.csv,V10,IR-06-004,F-P7-F-14
v10.csv,V10,IR-07-001,F-P7-F-14
v10.csv,V10,IR-07-002,F-P7-F-14
v10.csv,V10,IR-07-003,F-P7-F-16
v10.csv,V10,IR-07-004,F-P7-F-14
v10.csv,V10,IR-08-001,F-P7-F-14
v10.csv,V10,IR-08-002,F-P7-F-14
v10.csv,V10,IR-08-003,F-P7-F-16
v10.csv,V10,IR-08-004,F-P7-F-14
v10.csv,V10,IR-09-001,F-P7-F-14
v10.csv,V10,IR-09-002,F-P7-F-14
v10.csv,V10,IR-09-003,F-P7-F-16
v10.csv,V10,IR-09-004,F-P7-F-14
v10.csv,V10,IR-10-001,F-P7-F-14
v10.csv,V10,IR-10-002,F-P7-F-14
v10.csv,V10,IR-10-003,F-P7-F-16
v10.csv,V10,IR-10-004,F-P7-F-14
v10.csv,V10,IR-11-001,F-P7-F-14
v10.csv,V10,IR-11-002,F-P7-F-14
v10.csv,V10,IR-11-003,F-P7-F-16
v10.csv,V10,IR-11-004,F-P7-F-14
v10.csv,V10,IR-12-001,F-P7-F-14
v10.csv,V10,IR-12-002,F-P7-F-14
v10.csv,V10,IR-12-003,F-P7-F-16
v10.csv,V10,IR-12-004,F-P7-F-14
v10.csv,V10,IR-13-001,F-P7-F-14
v10.csv,V10,IR-13-002,F-P7-F-14
v10.csv,V10,IR-13-003,F-P7D-08
v10.csv,V10,IR-13-004,F-P7-F-14
v10.csv,V10,IR-14-001,F-P7-F-14
v10.csv,V10,IR-14-002,F-P7-F-14
v10.csv,V10,IR-14-003,F-P7B-05
v10.csv,V10,IR-14-004,F-P7-F-14
v10.csv,V10,IR-15-001,F-P7-F-14
v10.csv,V10,IR-15-002,F-P7-F-14
v10.csv,V10,IR-15-003,F-P3-18
v10.csv,V10,IR-15-004,F-P7-F-14
v10.csv,V10,IR-16-001,F-P7-F-14
v10.csv,V10,IR-16-002,F-P7-F-14
v10.csv,V10,IR-16-003,F-P4-05
v10.csv,V10,IR-16-004,F-P7-F-14
v10.csv,V10,IR-17-001,F-P7-F-14
v10.csv,V10,IR-17-002,F-P7-F-14
v10.csv,V10,IR-17-003,F-P5-07
v10.csv,V10,IR-17-004,F-P7-F-14
v10.csv,V10,IR-18-001,F-P7-F-14
v10.csv,V10,IR-18-002,F-P7-F-14
v10.csv,V10,IR-18-003,F-P7B-13
v10.csv,V10,IR-18-004,F-P7-F-14
v10.csv,V10,IR-19-001,F-P7-F-14
v10.csv,V10,IR-19-002,F-P7-F-14
v10.csv,V10,IR-19-003,F-P7A-07
v10.csv,V10,IR-19-004,F-P7-F-14
v10.csv,V10,IR-20-001,F-P7-F-14
v10.csv,V10,IR-20-002,F-P7-F-14
v10.csv,V10,IR-20-003,F-P2-02
v10.csv,V10,IR-20-004,F-P7-F-14
v10.csv,V10,IR-21-001,F-P7-F-14
v10.csv,V10,IR-21-002,F-P7-F-14
v10.csv,V10,IR-21-003,F-P1-15
v10.csv,V10,IR-21-004,F-P7-F-14
v10.csv,V10,IR-22-001,F-P7-F-14
v10.csv,V10,IR-22-002,F-P7-F-14
v10.csv,V10,IR-22-003,F-P7B-05
v10.csv,V10,IR-22-004,F-P7-F-14
v10.csv,V10,IR-23-001,F-P7-F-14
v10.csv,V10,IR-23-002,F-P7-F-14
v10.csv,V10,IR-23-003,F-P7D-18
v10.csv,V10,IR-23-004,F-P7-F-14
v10.csv,V10,IR-24-001,F-P7-F-14
v10.csv,V10,IR-24-002,F-P7-F-14
v10.csv,V10,IR-24-003,F-P7D-23
v10.csv,V10,IR-24-004,F-P7-F-14
v10.csv,V10,IR-25-001,F-P7-F-14
v10.csv,V10,IR-25-002,F-P7-F-14
v10.csv,V10,IR-25-003,F-P7-E-08
v10.csv,V10,IR-25-004,F-P7-F-14
v10.csv,V10,IR-26-001,F-P7-F-14
v10.csv,V10,IR-26-002,F-P7-F-14
v10.csv,V10,IR-26-003,F-P7-F-16
v10.csv,V10,IR-26-004,F-P7-F-14
v10.csv,V10,IR-27-001,F-P7-F-14
v10.csv,V10,IR-27-002,F-P7-F-14
v10.csv,V10,IR-27-003,F-P7C-07
v10.csv,V10,IR-27-004,F-P7-F-14
v10.csv,V10,IR-28-001,F-P7-F-14
v10.csv,V10,IR-28-002,F-P7-F-14
v10.csv,V10,IR-28-003,F-P7-F-07
v10.csv,V10,IR-28-004,F-P7-F-14
v10.csv,V10,IR-29-001,F-P7-F-14
v10.csv,V10,IR-29-002,F-P7-F-14
v10.csv,V10,IR-29-003,F-P7D-10
v10.csv,V10,IR-29-004,F-P7-F-14
v10.csv,V10,IR-30-001,F-P7-F-14
v10.csv,V10,IR-30-002,F-P7-F-14
v10.csv,V10,IR-30-003,F-P7-F-14
v10.csv,V10,IR-30-004,F-P7-F-14
v10.csv,V10,IR-31-001,F-P7-F-14
v10.csv,V10,IR-31-002,F-P7-F-14
v10.csv,V10,IR-31-003,F-P7-F-16
v10.csv,V10,IR-31-004,F-P7-F-14
v10.csv,V10,IR-32-001,F-P7-F-14
v10.csv,V10,IR-32-002,F-P7-F-14
v10.csv,V10,IR-32-003,F-P7-F-01
v10.csv,V10,IR-32-004,F-P7-F-14
v10.csv,V10,IR-33-001,F-P7-F-14
v10.csv,V10,IR-33-002,F-P7-F-14
v10.csv,V10,IR-33-003,F-P7-F-02
v10.csv,V10,IR-33-004,F-P7-F-14
v10.csv,V10,IR-34-001,F-P7-F-14
v10.csv,V10,IR-34-002,F-P7-F-14
v10.csv,V10,IR-34-003,F-P7-F-16
v10.csv,V10,IR-34-004,F-P7-F-14
v10.csv,V10,IR-35-001,F-P7-F-14
v10.csv,V10,IR-35-002,F-P7-F-14
v10.csv,V10,IR-35-003,F-P7C-09
v10.csv,V10,IR-35-004,F-P7-F-14
v10.csv,V10,IR-36-001,F-P7-F-14
v10.csv,V10,IR-36-002,F-P7-F-14
v10.csv,V10,IR-36-003,F-P7-F-16
v10.csv,V10,IR-36-004,F-P7-F-14
v10.csv,V10,IR-37-001,F-P7-F-14
v10.csv,V10,IR-37-002,F-P7-F-14
v10.csv,V10,IR-37-003,F-P7-F-16
v10.csv,V10,IR-37-004,F-P7-F-14
v10.csv,V10,IR-38-001,F-P7-F-14
v10.csv,V10,IR-38-002,F-P7-F-14
v10.csv,V10,IR-38-003,F-P7-F-16
v10.csv,V10,IR-38-004,F-P7-F-14
v10.csv,V10,IR-39-001,F-P7-F-14
v10.csv,V10,IR-39-002,F-P7-F-14
v10.csv,V10,IR-39-003,F-P7-F-16
v10.csv,V10,IR-39-004,F-P7-F-14
v10.csv,V10,IR-40-001,F-P7-F-14
v10.csv,V10,IR-40-002,F-P7-F-14
v10.csv,V10,IR-40-003,F-P7-F-16
v10.csv,V10,IR-40-004,F-P7-F-14
v10.csv,V10,IR-41-001,F-P7-F-14
v10.csv,V10,IR-41-002,F-P7-F-14
v10.csv,V10,IR-41-003,F-P7-F-16
v10.csv,V10,IR-41-004,F-P7-F-14
v10.csv,V10,IR-42-001,F-P7-F-14
v10.csv,V10,IR-42-002,F-P7-F-14
v10.csv,V10,IR-42-003,F-P7-F-16
v10.csv,V10,IR-42-004,F-P7-F-14
v10.csv,V10,IR-43-001,F-P7-F-14
v10.csv,V10,IR-43-002,F-P7-F-14
v10.csv,V10,IR-43-003,F-P7-F-16
v10.csv,V10,IR-43-004,F-P7-F-14
v10.csv,V10,IR-44-001,F-P7-F-14
v10.csv,V10,IR-44-002,F-P7-F-14
v10.csv,V10,IR-44-003,F-P7-F-16
v10.csv,V10,IR-44-004,F-P7-F-14
v10.csv,V10,IR-45-001,F-P7-F-14
v10.csv,V10,IR-45-002,F-P7-F-14
v10.csv,V10,IR-45-003,F-P7-F-16
v10.csv,V10,IR-45-004,F-P7-F-14
v10.csv,V10,IR-46-001,F-P7-F-14
v10.csv,V10,IR-46-002,F-P7-F-14
v10.csv,V10,IR-46-003,F-P3-07
v10.csv,V10,IR-46-004,F-P7-F-14
v10.csv,V10,IR-47-001,F-P7-F-14
v10.csv,V10,IR-47-002,F-P7-F-14
v10.csv,V10,IR-47-003,F-P7-F-16
v10.csv,V10,IR-47-004,F-P7-F-14
v10.csv,V10,IR-48-001,F-P7-F-14
v10.csv,V10,IR-48-002,F-P7-F-14
v10.csv,V10,IR-48-003,F-P7-F-16
v10.csv,V10,IR-48-004,F-P7-F-14
v10.csv,V10,IR-49-001,F-P7-F-14
v10.csv,V10,IR-49-002,F-P7-F-14
v10.csv,V10,IR-49-003,F-P7-F-16
v10.csv,V10,IR-49-004,F-P7-F-14
v10.csv,V10,IR-50-001,F-P7-F-14
v10.csv,V10,IR-50-002,F-P7-F-14
v10.csv,V10,IR-50-003,F-P7-F-16
v10.csv,V10,IR-50-004,F-P7-F-14
v10.csv,V10,IR-51-001,F-P7-F-14
v10.csv,V10,IR-51-002,F-P7-F-14
v10.csv,V10,IR-51-003,F-P7-F-16
v10.csv,V10,IR-51-004,F-P7-F-14
v10.csv,V10,IR-52-001,F-P7-F-14
v10.csv,V10,IR-52-002,F-P7-F-14
v10.csv,V10,IR-52-003,F-P7-F-16
v10.csv,V10,IR-52-004,F-P7-F-14
v10.csv,V10,IR-53-001,F-P7-F-14
v10.csv,V10,IR-53-002,F-P7-F-14
v10.csv,V10,IR-53-003,F-P7-F-16
v10.csv,V10,IR-53-004,F-P7-F-14
v10.csv,V10,IR-54-001,F-P7-F-14
v10.csv,V10,IR-54-002,F-P7-F-14
v10.csv,V10,IR-54-003,F-P7-F-16
v10.csv,V10,IR-54-004,F-P7-F-14
v10.csv,V10,IR-55-001,F-P7-F-14
v10.csv,V10,IR-55-002,F-P7-F-14
v10.csv,V10,IR-55-003,F-P7-F-16
v10.csv,V10,IR-55-004,F-P7-F-14
v10.csv,V10,IR-56-001,F-P7-F-14
v10.csv,V10,IR-56-002,F-P7-F-14
v10.csv,V10,IR-56-003,F-P7-F-16
v10.csv,V10,IR-56-004,F-P7-F-14
v10.csv,V10,IR-57-001,F-P7-F-14
v10.csv,V10,IR-57-002,F-P7-F-14
v10.csv,V10,IR-57-003,F-P7-F-16
v10.csv,V10,IR-57-004,F-P7-F-14
v10.csv,V10,IR-58-001,F-P7-F-14
v10.csv,V10,IR-58-002,F-P7-F-14
v10.csv,V10,IR-58-003,F-P7B-10
v10.csv,V10,IR-58-004,F-P7-F-14
v10.csv,V10,IR-59-001,F-P7-F-14
v10.csv,V10,IR-59-002,F-P7-F-14
v10.csv,V10,IR-59-003,F-P7-F-14
v10.csv,V10,IR-59-004,F-P7-F-14
v10.csv,V10,IR-60-001,F-P7-F-14
v10.csv,V10,IR-60-002,F-P7-F-14
v10.csv,V10,IR-60-003,F-P7-F-14
v10.csv,V10,IR-60-004,F-P7-F-14
v10.csv,V10,V10-T-001,F-R0-01
v10.csv,V10,V10-T-002,F-P3-18
v10.csv,V10,V10-T-003,F-P4-05
v10.csv,V10,V10-T-004,F-P7A-07
v10.csv,V10,V10-T-005,F-P7D-18
v10.csv,V10,V10-T-006,F-P7D-23
v10.csv,V10,V10-T-007,F-P6-03
v10.csv,V10,V10-T-008,F-P6-03
v10.csv,V10,V10-T-009,F-P7B-10
v10.csv,V10,V10-T-010,F-P1-15
v10.csv,V10,V10-T-011,F-P7D-18
v10.csv,V10,V10-T-012,F-P7D-09
v10.csv,V10,V10-T-013,F-P7-F-14
v10.csv,V10,V10-T-014,F-P7-F-16
v10.csv,V10,V10-T-015,F-P7-F-01
v10.csv,V10,V10-T-016,F-P7-F-02
v10.csv,V10,V10-T-017,F-P7-F-16
v10.csv,V10,V10-T-018,F-P7-F-16
v10.csv,V10,V10-T-019,F-P7-F-16
v10.csv,V10,V10-T-020,F-P7C-09
v10.csv,V10,V10-T-021,F-P7-F-16
v10.csv,V10,V10-T-022,F-P7-F-16
v10.csv,V10,V10-T-023,F-P7-F-16
v10.csv,V10,V10-T-024,F-P7-F-16
v10.csv,V10,V10-T-025,F-P7-F-16
v10.csv,V10,V10-T-026,F-P7-F-16
v10.csv,V10,V10-T-027,F-P7-F-16
v10.csv,V10,V10-T-028,F-P7-F-16
v10.csv,V10,V10-T-029,F-P7-F-16
v10.csv,V10,V10-T-030,F-P7-F-15
v10.csv,V10,V10-T-031,F-P7-F-15
v10.csv,V10,V10-T-032,F-P7-F-15
v10.csv,V10,V10-T-033,F-P7-F-15
v10.csv,V10,V10-T-034,F-P7-F-15
v10.csv,V10,V10-T-035,F-P7-F-14
v10.csv,V10,V10-T-036,F-P7-F-14
v10.csv,V10,V10-T-037,F-P7-F-14
v10.csv,V10,V10-T-038,F-P7-F-14
v10.csv,V10,V10-T-039,F-P7-F-14
v10.csv,V10,V10-T-040,F-P7D-18
v10.csv,V10,V10-T-041,F-P7-F-16
v10.csv,V10,V10-T-042,F-P7-F-16
v10.csv,V10,V10-T-043,F-P7-F-14
v10.csv,V10,V10-T-044,F-P7-F-16
v10.csv,V10,V10-T-045,F-P7-F-14
v10.csv,V10,V10-T-046,F-P7-F-14
v10.csv,V10,V10-T-047,F-P7-F-16
v10.csv,V10,V10-T-048,F-P7-F-15
v10.csv,V10,V10-T-049,F-P7-F-14
v10.csv,V10,V10-T-050,F-P7-F-16
v10.csv,V10,V10-T-051,F-P7-F-16
v10.csv,V10,V10-T-052,F-P7-F-16
v10.csv,V10,V10-T-053,F-P7-F-14
v10.csv,V10,V10-T-054,F-P7-F-14
v10.csv,V10,V10-T-055,F-P6-06
v10.csv,V10,V10-T-056,F-P7-F-14
v10.csv,V10,V10-T-057,F-P7-F-14
v10.csv,V10,V10-T-058,F-P7-F-14
v10.csv,V10,V10-T-059,F-R0-06
v10.csv,V10,DA-01,F-P7C-08
v10.csv,V10,DA-02,F-P7C-08
v10.csv,V10,DA-03,F-P7C-08
v10.csv,V10,DA-04,F-P7C-08
v10.csv,V10,DA-05,F-P7C-08
v10.csv,V10,DA-06,F-P7C-08
v10.csv,V10,DA-07,F-P7C-08
v10.csv,V10,DA-08,F-P7C-08
v10.csv,V10,DA-09,F-P7C-08
v10.csv,V10,DA-10,F-P7C-08
v10.csv,V10,DA-11,F-P7C-08
v10.csv,V10,DA-12,F-P7C-08
v10.csv,V10,DA-13,F-P7C-08
v10.csv,V10,DA-14,F-P7C-08
v10.csv,V10,DA-15,F-P7C-08
v10.csv,V10,DA-16,F-P7C-08
v10.csv,V10,DA-17,F-P7C-08
v10.csv,V10,DA-18,F-P7C-08
v10.csv,V10,DA-19,F-P7C-08
v10.csv,V10,DA-20,F-P7C-08
v10.csv,V10,DA-21,F-P7C-08
v10.csv,V10,DA-22,F-P7C-08
v10.csv,V10,DA-23,F-P7C-08
v10.csv,V10,DA-24,F-P7C-08
v10.csv,V10,DA-25,F-P7C-08
v10.csv,V10,DA-26,F-P7C-08
v10.csv,V10,DA-27,F-P7C-08
v10.csv,V10,DA-28,F-P7C-08
v10.csv,V10,DA-29,F-P7C-08
v10.csv,V10,DA-30,F-P7C-08
v10.csv,V10,ENT-01,F-P7-F-01
v10.csv,V10,ENT-02,F-P7-F-01
v10.csv,V10,ENT-03,F-P7-F-01
v10.csv,V10,ENT-04,F-P7-F-01
v10.csv,V10,ENT-05,F-P7-F-01
v10.csv,V10,ENT-06,F-P7-F-01
v10.csv,V10,ENT-07,F-P7-F-01
v10.csv,V10,ENT-08,F-P7-F-01
v10.csv,V10,ENT-09,F-P7-F-01
v10.csv,V10,ENT-10,F-P7-F-01
v10.csv,V10,ENT-11,F-P7-F-01
v10.csv,V10,ENT-12,F-P7-F-01
v10.csv,V10,ENT-13,F-P7-F-01
v10.csv,V10,ENT-14,F-P7-F-01
v10.csv,V10,ENT-15,F-P7-F-01
v10.csv,V10,ENT-16,F-P7-F-01
v10.csv,V10,ENT-17,F-P7-F-01
v10.csv,V10,ENT-18,F-P7-F-01
v10.csv,V10,ENT-19,F-P7-F-01
v10.csv,V10,ENT-20,F-P7-F-01
v10.csv,V10,R-01,F-P7-F-16
v10.csv,V10,R-02,F-R0-06
v10.csv,V10,R-03,F-P7-F-16
v10.csv,V10,R-04,F-P7-F-16
v10.csv,V10,R-05,F-P7-F-16
v10.csv,V10,R-06,F-P7B-05
v10.csv,V10,R-07,F-P7A-07
v10.csv,V10,R-08,F-P5-04
v10.csv,V10,R-09,F-P1-01
v10.csv,V10,R-10,F-P1-15
v10.csv,V10,R-11,F-P7D-18
v10.csv,V10,R-12,F-P7D-05
v10.csv,V10,R-13,F-P7D-23
v10.csv,V10,R-14,F-P7D-10
v10.csv,V10,R-15,F-P7D-09
v10.csv,V10,R-16,F-P2-01
v10.csv,V10,R-17,F-P7-F-16
v10.csv,V10,R-18,F-P7-F-16
v10.csv,V10,R-19,F-P7-F-16
v10.csv,V10,R-20,F-P7-F-16
v10.csv,V10,R-21,F-P3-07
v10.csv,V10,R-22,F-P7-F-16
v10.csv,V10,R-23,F-P7-F-16
v10.csv,V10,R-24,F-P6-06
v10.csv,V10,R-25,F-P7D-05
v10.csv,V10,R-26,F-P7-F-16
v10.csv,V10,R-27,F-P7-F-15
v10.csv,V10,R-28,F-P7-F-16
v10.csv,V10,R-29,F-P7C-03
v10.csv,V10,R-30,F-P7-F-16
v10.csv,V10,S-01,F-P7-F-15
v10.csv,V10,S-02,F-P7-F-15
v10.csv,V10,S-03,F-P7-F-15
v10.csv,V10,S-04,F-P7-F-15
v10.csv,V10,S-05,F-P7-F-15
v10.csv,V10,S-06,F-P7-F-15
v10.csv,V10,S-07,F-P7-F-15
v10.csv,V10,S-08,F-P7-F-15
v10.csv,V10,S-09,F-P7-F-15
v10.csv,V10,S-10,F-P7-F-15
v10.csv,V10,S-11,F-P7-F-15
v10.csv,V10,S-12,F-P7-F-15
v10.csv,V10,S-13,F-P7-F-15
v10.csv,V10,S-14,F-P7-F-15
v10.csv,V10,S-15,F-P7-F-15
v10.csv,V10,S-16,F-P7-F-15
v10.csv,V10,S-17,F-P7-F-15
v10.csv,V10,S-18,F-P7-F-15
v10.csv,V10,S-19,F-P7-F-15
v10.csv,V10,S-20,F-P7-F-15
v10.csv,V10,S-21,F-P7-F-15
v10.csv,V10,S-22,F-P7-F-15
v10.csv,V10,DR-01,F-P7-F-15
v10.csv,V10,DR-02,F-P7-F-15
v10.csv,V10,DR-03,F-P7-F-15
v10.csv,V10,DR-04,F-P7-F-15
v10.csv,V10,DR-05,F-P7-F-15
v10.csv,V10,DR-06,F-P7-F-15
v10.csv,V10,DR-07,F-P7-F-15
v10.csv,V10,DR-08,F-P7-F-15
v10.csv,V10,DR-09,F-P7D-12
v10.csv,V10,DR-10,F-P7D-12
v10.csv,V10,DR-11,F-P7B-10
v10.csv,V10,DR-12,F-P7-F-15
v10.csv,V10,DR-13,F-P7-F-15
v10.csv,V10,DR-14,F-P7-F-15
v10.csv,V10,DR-15,F-P7-F-15
v10.csv,V10,DR-16,F-P7-F-15
v10.csv,V10,DR-17,F-P7-F-15
v10.csv,V10,DR-18,F-P7-F-15
v10.csv,V10,DR-19,F-P7-F-15
v10.csv,V10,DR-20,F-P7-F-15
v10.csv,V10,REL-01,F-P7-F-15
v10.csv,V10,REL-02,F-P7-F-15
v10.csv,V10,REL-03,F-P7-F-15
v10.csv,V10,REL-04,F-P7-F-15
v10.csv,V10,REL-05,F-P7-F-15
v10.csv,V10,REL-06,F-P7-F-15
v10.csv,V10,REL-07,F-P7-F-15
v10.csv,V10,REL-08,F-P7-F-15
v10.csv,V10,REL-09,F-P7-F-15
v10.csv,V10,REL-10,F-P7-F-15
v10.csv,V10,REL-11,F-P7-F-15
v10.csv,V10,REL-12,F-P7-F-15
v10.csv,V10,REL-13,F-P7-F-15
v10.csv,V10,REL-14,F-P7-F-15
v10.csv,V10,REL-15,F-P7-F-15
v10.csv,V10,REL-16,F-P7-F-15
v10.csv,V10,REL-17,F-P7-F-15
v10.csv,V10,REL-18,F-P7-F-15
v10.csv,V10,REL-19,F-P7-F-15
v10.csv,V10,REL-20,F-P7-F-15
