unit_id,statement,condition,source_rows,primary_source,capability_area,mandatory,profiles,evidence_class,status,package,evidence,remaining_work,notes
AU-OBS-0001,"A support matrix names each of the 20 canonical source classes of Volume 0 Appendix B (Governments, Regulations, News, Financial Markets, Research, Scientific Papers, Patents, Company Filings, Supply Chains, IoT, ERP, CRM, Internal Documents, Satellites, Climate, Geopolitical Events, Social Signals, APIs, RSS, Custom Sources) with its connector, live/replay/blocked status and evidence, and the product acquires every class through a governed connector.","All deployment profiles; a class not yet acquirable must be shown as a visible coverage limit, never silently excluded.",V0:C-013; V0:V00-T-118; V0:V00-T-008; V0:V00-T-002; V2:V02-T-175; V2:V02-T-176; V2:V02-T-177; V7:DP-10-001; V7:DAT-IN-04; V1:V01-T-009,V0:C-013,observation,yes,all,harness,open,P1,"apps/api/src/observation/connectors (rss.connector.ts, rest.connector.ts, upload.connector.ts, replay.ts); L1_CONNECTOR_COVERAGE.md (3 of 20 classes, all partial); SOURCE_INTEGRATION_STATUS.md (10 contracts, 4 live); e2e/phase1-observation.spec.ts; L1_CONNECTOR_COVERAGE.md (RSS full; News, Internal Documents, APIs, Custom Sources partial; 15 classes not implemented); L1_CONNECTOR_COVERAGE.md; apps/api/src/observation/coverage/coverage.service.ts; e2e/phase1-observation.spec.ts '5. coverage reports the planted gap'; migrations/0022 (contracts with rights, custody_events, blob_manifests, four times); test/int/phase1-acceptance.test.ts; L1_CONNECTOR_COVERAGE.md (governments, regulations, markets, research, papers, patents, filings, climate, geopolitics, social: Not implemented); SOURCE_INTEGRATION_STATUS.md §3 (eu-sanctions live, ecb-eurusd live, worldbank live, gdelt replay); apps/api/src/observation/connectors/rss.connector.ts; apps/api/src/observation/connectors/rest.connector.ts (generic REST poller); SOURCE_INTEGRATION_STATUS.md (imf-portwatch BLOCKED — RIGHTS); L1_CONNECTOR_COVERAGE.md (IoT, satellites, climate: Not implemented); apps/api/src/observation/connectors/upload.connector.ts (PDF/DOCX/CSV); e2e/phase1-observation.spec.ts: the registrar registers a source through the four-step form; L1_CONNECTOR_COVERAGE.md (ERP, CRM: Not implemented); apps/api/src/observation/connectors/rest.connector.ts; apps/api/src/observation/acquisition/lifecycle.service.ts; L1_CONNECTOR_COVERAGE.md (1 class covered, 4 partial, 15 not implemented); SOURCE_INTEGRATION_STATUS.md §3 (ECB, EU sanctions, World Bank live); apps/api/test/int/phase1-acceptance.test.ts: A2/A6; apps/api/test/int/phase6-scheduled-corrections.test.ts; SOURCE_INTEGRATION_STATUS.md §3 (ECB, EU sanctions, World Bank live; PortWatch rights-blocked); see C-012, C-013, C-014; V00-T-119…125","Publish the 20-class support matrix (owner decision on blocked classes: PortWatch rights, Comtrade hold, GDELT lawful-collection design); build the missing connector families (see AU-OBS-0003-AU-OBS-0012, AU-OBS-0013, AU-OBS-0028); keep coverage limits visible per class in the observation operations view.","Merged: C-013/V00-T-118 (constitution), V00-T-008 (observe everything with visible limits), V02-T-175/176/177 (slide source groups), DP-10-001 (V7 external ingestion), DAT-IN-04 (external receiver component). V01-T-009 is explanatory (Volume 1). L1_CONNECTOR_COVERAGE.md: 3 of 20 classes, all partial."
AU-OBS-0002,"A governed custom source adapter can be registered and executed inside the same identity, network, credential, policy, evidence, quality and lifecycle boundaries as first-party connectors without architectural rework, through a published versioned adapter SDK.","All profiles; custom adapters may not bypass the connector SDK boundaries (egress allowlist, budgets, evidence admission).",V0:C-013; V3:L1-C02; V7:DP-14-001; V7:DP-14-003; V7:DAT-IN-02,V0:C-013,observation,yes,all,harness,open,P1,"apps/api/src/observation/connectors (rss.connector.ts, rest.connector.ts, upload.connector.ts, replay.ts); L1_CONNECTOR_COVERAGE.md (3 of 20 classes, all partial); SOURCE_INTEGRATION_STATUS.md (10 contracts, 4 live); e2e/phase1-observation.spec.ts; apps/api/src/observation/connectors/sdk.ts; apps/api/src/observation/connectors/http-client.ts; migrations/0022:156; migrations/0028:32; test/int/phase1-acceptance.test.ts; test/int/phase1-fault-injection.test.ts; apps/api/src/observation/connectors/replay.ts; apps/api/migrations/0022 §5 acquisition_attempts (attempt key idempotency), §12 checkpoints; apps/api/migrations/0028 (declared backfill windows); apps/api/src/observation/scheduling/scheduler.service.ts; apps/api/test/int/phase1-fault-injection.test.ts: F37-F46 idempotency; apps/api/test/int/phase4-acceptance.test.ts: P4-M0a closed-range backfill; apps/api/test/int/phase6-scheduled-collection.test.ts; apps/api/test/int/phase1-acceptance.test.ts: A9",Publish the connector SDK (apps/api/src/observation/connectors/sdk.ts) as a versioned external contract; add adapter registration (connector_kind beyond upload/rss/rest) with certification fixtures; prove a custom adapter runs under the same egress/budget/evidence boundaries.,C-013 second clause (custom sources). DP-14-003 boundary is proven for first-party connectors only.
AU-OBS-0003,"Government and regulation feeds are acquired by schedule or subscription with effective dates, jurisdiction and withdrawal semantics, and pass a coverage and legal-authority review.",Pattern SP-01; all profiles.,V7:SP-01,V7:SP-01,observation,yes,all,harness,open,P1,SOURCE_INTEGRATION_STATUS.md (EU sanctions RSS/CSV live via generic REST/RSS),Add effective-date/jurisdiction/withdrawal fields to the regulation feed contract; coverage and legal-authority review record per feed; today EU sanctions arrive via generic RSS/REST.,
AU-OBS-0004,"News and media feeds are acquired by API, RSS or crawl with publication, update, correction and provenance fields, and pass freshness, duplication and manipulation tests.",Pattern SP-02; all profiles.,V7:SP-02,V7:SP-02,observation,yes,all,harness,open,P1,apps/api/src/observation/connectors/rss.connector.ts (republished guid with new date = correction signal); apps/api/test/int/phase1-acceptance.test.ts: A6,"Add crawl acquisition, duplication and manipulation tests; republished-guid correction signal exists (rss.connector.ts, A6).",
AU-OBS-0005,"Financial market feeds are acquired by streaming or batch with exchange time, sequence and entitlement, and pass gap, latency and entitlement reconciliation tests.",Pattern SP-03; all profiles.,V7:SP-03,V7:SP-03,observation,yes,all,harness,open,P1,,"Build the market-feed connector (streaming/batch), entitlement binding and gap/latency reconciliation fixtures.",
AU-OBS-0006,"Research and scientific corpora are acquired by API, file or repository with version, authorship, retraction and license, and pass retraction and citation validation.",Pattern SP-04; all profiles.,V7:SP-04,V7:SP-04,observation,yes,all,harness,open,P1,,Build the research/scientific corpus connector with retraction and licence handling.,
AU-OBS-0007,"Patent and filing corpora are acquired by API or bulk file with filing identity, amendment and jurisdiction, and pass completeness and amendment replay tests.",Pattern SP-05; all profiles.,V7:SP-05,V7:SP-05,observation,yes,all,harness,open,P1,,Build the patent/filing connector with amendment replay.,
AU-OBS-0008,"Supply-chain feeds are acquired by API, EDI or file with parties, shipments, routes and confidence, and pass identity and transaction reconciliation.",Pattern SP-06; all profiles. PortWatch collection is blocked on rights (owner decision pending); UN Comtrade is on hold.,V7:SP-06,V7:SP-06,observation,yes,all,harness,open,P1,"SOURCE_INTEGRATION_STATUS.md (PortWatch replay, rights pending; un-comtrade-upload; synthetic carrier-advisories)",Resolve PortWatch rights (owner instruction) and the Comtrade hold; build an EDI/API supply-chain adapter with identity and transaction reconciliation; replay fixtures exist (SOURCE_INTEGRATION_STATUS.md).,"Present operating constraints (register: PortWatch permission, UN Comtrade hold) stay visible; they do not remove the requirement."
AU-OBS-0009,"Satellite and geospatial products are acquired as objects or via API with acquisition time, footprint, sensor and processing level, and pass geospatial alignment and custody checks.",Pattern SP-07; all profiles.,V7:SP-07,V7:SP-07,observation,yes,all,harness,open,P1,,Build the geospatial/satellite product pipeline with footprint/sensor metadata and alignment checks.,
AU-OBS-0010,"Climate and weather feeds are acquired as streams or forecast packages with observation-versus-model, horizon and revision fields, and pass temporal and model separation tests.",Pattern SP-08; all profiles.,V7:SP-08,V7:SP-08,observation,yes,all,harness,open,P1,,Build the climate/weather connector separating observed from modelled values and horizons.,
AU-OBS-0011,"Geopolitical event feeds are acquired by API or analyst package with event, claim, assessment and confidence, and pass truth-state and provenance review.",Pattern SP-09; all profiles; GDELT is held in replay pending a lawful-collection design.,V7:SP-09,V7:SP-09,observation,yes,all,harness,open,P1,"SOURCE_INTEGRATION_STATUS.md (gdelt-discovery replay, held)",Complete the lawful-collection design for GDELT and move it from replay to live under contract; truth-state/provenance review per event.,
AU-OBS-0012,"Social signal sources are acquired only through approved collection with purpose, minimization, sampling and deletion controls, and pass privacy and representativeness review.",Pattern SP-10; all profiles; lawful-collection controls precede any collection.,V7:SP-10,V7:SP-10,observation,yes,all,harness,open,P1,,"Design lawful social-signal collection (purpose, minimisation, sampling, deletion) and its privacy/representativeness review before any connector.",
AU-OBS-0013,"Authorized users can connect ERP, CRM, databases, internal documents, collaboration systems, APIs, files and operational platforms as sources with visible ownership, scope, reconciliation and customer control, without taking ownership from the source systems.",V8 ch.14 / V7 ch.11; all profiles; least-privilege connections.,V8:PR-14-001; V8:CAP-OB-09; V2:V02-T-177; V7:DP-11-001; V7:DAT-IN-05; V7:DZ-02,V8:PR-14-001,observation,yes,all,harness,open,P1,"apps/api/src/observation/connectors/rest.connector.ts (generic REST poller only); apps/api/src/observation/connectors/upload.connector.ts (PDF/DOCX/CSV); e2e/phase1-observation.spec.ts: the registrar registers a source through the four-step form; L1_CONNECTOR_COVERAGE.md (ERP, CRM: Not implemented); L1_CONNECTOR_COVERAGE.md rows 11-12 (ERP/CRM not implemented); apps/api/migrations/0022 connector_kind CHECK (upload,rss,rest)","Build the enterprise integration manager: ERP/CRM/database (snapshot + CDC) connectors, document-repository and collaboration adapters, least-privilege credential binding and reconciliation totals; connector_kind CHECK admits only upload/rss/rest today.",
AU-OBS-0014,"ERP integrations acquire data by CDC, API or batch with transaction boundary, business keys and deletes, and pass source-total and watermark reconciliation.",Pattern SP-11; all profiles.,V7:SP-11,V7:SP-11,observation,yes,all,harness,open,P1,,Build the ERP integration pattern with watermark/total reconciliation.,
AU-OBS-0015,"CRM integrations acquire data by CDC or API with object lifecycle, consent and ownership, and pass permission and delete-propagation tests.",Pattern SP-12; all profiles.,V7:SP-12,V7:SP-12,observation,yes,all,harness,open,P1,,Build the CRM integration pattern with consent and delete propagation.,
AU-OBS-0016,"Operational databases are acquired by CDC or snapshot with log position, transaction order and schema, and pass gap and resnapshot exercises.",Pattern SP-13; all profiles.,V7:SP-13,V7:SP-13,observation,yes,all,harness,open,P1,,Build the operational-database CDC/snapshot pattern with resnapshot exercises.,
AU-OBS-0017,"Document repositories are acquired by event, API or bulk with version, permissions, folders and deletion, and pass permission and version reconciliation.",Pattern SP-14; all profiles.,V7:SP-14,V7:SP-14,observation,yes,all,harness,open,P1,,Build the document-repository integration with permission/version reconciliation.,
AU-OBS-0018,"Email and collaboration systems are acquired by API or export with participants, thread, attachment and retention, and pass purpose, rights and access tests.",Pattern SP-15; all profiles; purpose and rights precede collection.,V7:SP-15,V7:SP-15,observation,yes,all,harness,open,P1,,Build the email/collaboration integration with purpose/rights/access tests.,
AU-OBS-0019,"For every enterprise connection the product persists, exposes, versions and reconciles connection, source system, credential reference, object or table scope, extraction mode, schema, watermark, transaction boundary, source key, permissions, reconciliation, customer owner, incident and deletion behaviour with explicit identity, owner, effective time, status, provenance and policy.",V8 ch.14 object model / V7 ch.11 reconcile clause; all profiles.,V8:PR-14-002; V7:DP-11-002,V8:PR-14-002,observation,yes,all,harness,open,P1,"L1_CONNECTOR_COVERAGE.md rows 11-12 (ERP/CRM not implemented); apps/api/migrations/0022 connector_kind CHECK (upload,rss,rest)","Model the enterprise-connection objects (connection, system, scope, extraction mode, cursor/watermark, transaction boundary, permissions, reconciliation totals, owner, incident, deletion behaviour) with the canonical header.",
AU-OBS-0020,"Customer source systems retain business authority: The Eye does not broaden access, reinterpret deletion, infer a consistent transaction or business meaning, or claim transactional completeness beyond the declared integration contract.","Human-authority boundary of V8 ch.14 / V7 ch.11; enforced as a PDP rule with named eligible authority, digest and audit.",V8:PR-14-003; V7:DP-11-003,V8:PR-14-003,observation,yes,all,harness,open,P1,"L1_CONNECTOR_COVERAGE.md rows 11-12 (ERP/CRM not implemented); apps/api/migrations/0022 connector_kind CHECK (upload,rss,rest)","Define the integration contract type and encode the boundary as PDP rules with negative tests (broadened access refused, deletion not reinterpreted, completeness not claimed).",
AU-OBS-0021,"When permissions, schemas, business keys, transactions, watermarks or reconciliation totals become invalid, the affected enterprise ingestion path stops, the last consistent watermark is retained, the incomplete scope is exposed and reconciliation with the customer source owner is required before advancing; incomplete state is never shown as current and complete.",Failure behaviour of V8 ch.14 / V7 ch.11; all profiles.,V8:PR-14-005; V7:DP-11-005,V8:PR-14-005,observation,yes,all,harness,open,P1,"L1_CONNECTOR_COVERAGE.md rows 11-12 (ERP/CRM not implemented); apps/api/migrations/0022 connector_kind CHECK (upload,rss,rest)",Build the hold/expose/route continuity path for enterprise ingestion with fault-injection cases for each listed condition.,
AU-OBS-0022,"Enterprise-integration acceptance demonstrates connector certification, least-privilege tests, schema-change handling, snapshot and incremental fixtures, transaction-consistency and deletion fixtures, permission-loss handling, reconciliation totals and customer sign-off for the exact capability version, journey, role, tenant or domain, deployment, entitlement, data and model versions, configuration, consequence class and period.",AT-14; all profiles; evidence bound to the exact release scope.,V8:PR-14-006; V8:AT-14; V7:DP-11-006,V8:PR-14-006,observation,yes,all,harness,open,P1,"L1_CONNECTOR_COVERAGE.md rows 11-12 (ERP/CRM not implemented); apps/api/migrations/0022 connector_kind CHECK (upload,rss,rest)",Cannot start until AU-OBS-0013 exists; then produce the AT-14 record with positive/negative/stale/unauthorized/cross-tenant/correction/replay fixtures and customer sign-off.,
AU-OBS-0023,"Change data capture captures source inserts, updates, deletes, corrections and tombstones from customer systems while preserving transaction order and source authority.",V7 ch.15; all profiles.,V7:DP-15-001; V7:DAT-IN-09,V7:DP-15-001,observation,yes,all,harness,open,P1,L1_CONNECTOR_COVERAGE.md,"Build the CDC service (log-position capture, before/after images, delete/tombstone propagation) for the operational-database, ERP and CRM patterns.",
AU-OBS-0024,"Every CDC instance declares and continuously reconciles capture stream, source log position, transaction identity, before and after image, source key, operation, commit time, checkpoint and reconciliation state through versioned contracts, observed state, ownership, lineage and audit evidence.",V7 ch.15 reconcile clause.,V7:DP-15-002,V7:DP-15-002,observation,yes,all,harness,open,P1,L1_CONNECTOR_COVERAGE.md,Model CDC capture state with the canonical header and observed-state reconciliation.,
AU-OBS-0025,"Change capture replicates source state but never invents missing transactions, reinterprets deletion or bypasses the canonical correction lifecycle.",V7 ch.15 authority boundary.,V7:DP-15-003,V7:DP-15-003,observation,yes,all,harness,open,P1,L1_CONNECTOR_COVERAGE.md,Encode as negative fixtures on the CDC service once built.,
AU-OBS-0026,"When log continuity breaks, checkpoints diverge, duplicates or gaps emerge, or source retention expires before capture, dependent publication pauses, the last verified position is retained, the bounded scope is resnapshotted, transactions are reconciled and the discontinuity is exposed; no complete or recovered state is inferred.",V7 ch.15 failure behaviour.,V7:DP-15-005,V7:DP-15-005,observation,yes,all,harness,open,P1,L1_CONNECTOR_COVERAGE.md,Build log-gap handling with resnapshot and discontinuity exposure; fault cases per condition.,
AU-OBS-0027,"CDC admission and continued operation require transactional fixtures, log-gap simulation, resnapshot and catch-up, delete propagation, ordering, reconciliation and source-owner acceptance bound to the exact contracts, schemas, code, data versions, policies, infrastructure, customer scope, deployment profile and period.",V7 ch.15 admission clause.,V7:DP-15-006,V7:DP-15-006,observation,yes,all,harness,open,P1,L1_CONNECTOR_COVERAGE.md,Write the CDC admission suite and bind its evidence to release scope.,
AU-OBS-0028,"Authorized users observe live events, streams, IoT, sensor, operational, cyber, market and telemetry data with explicit time, sequence, location, source trust, quality, latency, gaps and correlation into strategic context, admitted under explicit ordering, time, quality and backpressure contracts through a checkpointed, backpressured, replayable evidence stream.",V8 ch.13 / V7 ch.13 / V3 streaming receiver and evidence-stream interaction style; all profiles.,V8:PR-13-001; V8:CAP-OB-08; V2:V02-T-176; V3:L1-C04; V3:V03-T-062; V3:L1-I02; V7:DP-13-001; V7:DAT-IN-08,V8:PR-13-001,observation,yes,all,harness,open,P1,"apps/api/src/observation/connectors/rest.connector.ts (generic REST poller); SOURCE_INTEGRATION_STATUS.md (imf-portwatch BLOCKED — RIGHTS); L1_CONNECTOR_COVERAGE.md (IoT, satellites, climate: Not implemented); apps/api/src/observation/connectors/upload.connector.ts; apps/api/src/observation/sources/upload.controller.ts; test/int/phase1-acceptance.test.ts; apps/api/src/observation/acquisition/orchestrator.service.ts; apps/api/src/observation/acquisition/lifecycle.service.ts; migrations/0022:322-347 (attempt key); test/int/phase1-fault-injection.test.ts:578; L1_CONNECTOR_COVERAGE.md row 10 (IoT requires stream ingestion, not BullMQ)","Build the stream/IoT/telemetry receiver (broker or edge intake) with ordering, watermark and backpressure contracts, the Acquire stream form, and the live event console (sequence, time, device trust, gaps, latency, correlation, burst/replay).",L1-C04 batch receiver is file upload only; L1-I02 has no stream form; V03-T-062 evidence stream (V3 ch.8) is the interaction-style statement of the same obligation.
AU-OBS-0029,"IoT and sensor streams are admitted through a broker or edge intake with device identity, event time, sequence and calibration, and pass device-trust and clock tests.",Pattern SP-16; all profiles.,V7:SP-16,V7:SP-16,observation,yes,all,harness,open,P1,,Build the IoT/sensor stream pattern on the stream receiver (AU-OBS-0028).,
AU-OBS-0030,"Cyber telemetry is admitted as stream or batch with asset, event, detector, retention and privilege fields, and passes security isolation and loss accounting.",Pattern SP-17; all profiles.,V7:SP-17,V7:SP-17,observation,yes,all,harness,open,P1,,Build the cyber telemetry pattern with security isolation and loss accounting.,
AU-OBS-0031,"For every stream the product persists, exposes, versions and reconciles stream identity, producer or device, partition key, observation, event time, receipt or ingestion time, sequence, schema, checkpoint, lateness, watermark, quality, trust, gap, loss state, correlation, alert and replay position with explicit identity, owner, effective time, status, provenance and policy.",V8 ch.13 / V7 ch.13 object model.,V8:PR-13-002; V7:DP-13-002,V8:PR-13-002,observation,yes,all,harness,open,P1,"L1_CONNECTOR_COVERAGE.md row 10 (IoT requires stream ingestion, not BullMQ)",Model stream state with the canonical header together with AU-OBS-0028.,
AU-OBS-0032,"Operators may acknowledge, annotate, suppress under policy and escalate stream signals; broker delivery is not canonical admission and the interface never infers completeness or trusted device state from transport success; duplicates, reordering, gaps, late data, clock error and device trust remain explicit until resolved.","V8 ch.13 / V7 ch.13 authority boundary; PDP rule with named eligible authority, digest and audit.",V8:PR-13-003; V7:DP-13-003,V8:PR-13-003,observation,yes,all,harness,open,P1,"L1_CONNECTOR_COVERAGE.md row 10 (IoT requires stream ingestion, not BullMQ)",Encode the stream boundary as PDP rules and negative fixtures once AU-OBS-0028 exists.,
AU-OBS-0033,"When streams overrun, reorder, duplicate, lose time or clock quality, develop gaps or originate from an untrusted producer, the degraded interval and data loss are shown, bounded backpressure or approved shedding by consequence is applied, suspect producers are quarantined, checkpoints and loss evidence are preserved and downstream use is constrained; incomplete state is never shown as current and complete.",V8 ch.13 / V7 ch.13 failure behaviour.,V8:PR-13-005; V7:DP-13-005,V8:PR-13-005,observation,yes,all,harness,open,P1,"L1_CONNECTOR_COVERAGE.md row 10 (IoT requires stream ingestion, not BullMQ)","Build the stream continuity path (backpressure, shedding, producer quarantine, checkpoint reconciliation) with fault cases per condition.",
AU-OBS-0034,"Stream acceptance demonstrates burst and latency tests, duplicate and ordering fixtures, late-data exercises, device revocation, clock skew, gap visualization, replay, loss accounting and operator decision exercises for the exact capability version, journey, role, tenant or domain, deployment, entitlement, data and model versions, configuration, consequence class and period.",AT-13; all profiles.,V8:PR-13-006; V8:AT-13; V7:DP-13-006,V8:PR-13-006,observation,yes,all,harness,open,P1,"L1_CONNECTOR_COVERAGE.md row 10 (IoT requires stream ingestion, not BullMQ)",Cannot start until AU-OBS-0028 exists; then produce the AT-13 record.,
AU-OBS-0035,"Batch and stream processing infrastructure processes bounded datasets and continuous event flows with explicit identity, lineage, watermarks, checkpoints, backpressure and quality gates.",V6 ch.20; all profiles.,V6:IA-20-001,V6:IA-20-001,observation,yes,all,harness,open,P1,"apps/api/src/objects/outbox.publisher.ts (at-least-once, idempotent job ids, compare-and-set ack); migrations/0015_outbox_hardening.sql; test/int/gate22-outbox-hardening.test.ts","Provide a batch/stream processing runtime (beyond the outbox poller and BullMQ workers) with watermarks, checkpoints, backpressure and quality gates.",
AU-OBS-0036,"Every batch/stream processing instance declares and continuously reconciles job or stream identity, input revisions, partition set, watermark, checkpoint, output commit, quality state and replay cursor through versioned desired state, observed state, ownership and audit evidence.",V6 ch.20 reconcile clause.,V6:IA-20-002,V6:IA-20-002,observation,yes,all,harness,open,P1,,"Add the infrastructure manifest (Vol 6 App H), observed-state inventory and reconciliation audit for processing jobs/streams.",
AU-OBS-0037,Processing infrastructure separates compute completion from canonical output admission and preserves deterministic or declared non-deterministic behaviour.,"V6 ch.20 boundary; proven today only for the acquisition lifecycle (collection completes, admission is a separate governed step).",V6:IA-20-003,V6:IA-20-003,observation,yes,all,harness,open,P1,apps/api/src/observation/acquisition/lifecycle.service.ts (compute completion separated from canonical admission); test/int/phase1-acceptance.test.ts,"Run the same named fixture on the SaaS, private-cloud and on-premises profiles once they exist (EXC-P0-004: only the local Compose profile exists at 2e83945); Declare determinism per processing job class when the processing runtime (AU-OBS-0035) exists and re-run the separation fixture there.",Verified at the harness for acquisition (test/int/phase1-acceptance.test.ts); no general processing runtime yet. | repair 2026-09-10: local evidence not bound to a case
AU-OBS-0038,"When partitions lag, reorder, duplicate, corrupt or become unavailable beyond the declared window, backpressure is applied, affected partitions are quarantined, processing resumes from committed state and output is marked incomplete or stale until reconciled; no healthy, complete, current, authorized or recovered state is inferred.","V6 ch.20 failure behaviour; the outbox keeps rows pending when Redis is unavailable (verified) but no partition quarantine, watermark window or stale marking exists.",V6:IA-20-005,V6:IA-20-005,observation,yes,all,harness,open,P1,"apps/api/src/objects/outbox.publisher.ts (at-least-once, idempotent job ids, compare-and-set ack); migrations/0015_outbox_hardening.sql; test/int/gate22-outbox-hardening.test.ts (rows stay pending when Redis is unavailable)","Add backpressure, partition quarantine, watermark windows and stale-output marking on the processing runtime; fault cases per condition.",
AU-OBS-0039,"Batch/stream production admission requires replay equivalence, watermark and late-data tests, partition loss, backpressure, lineage closure and output admission evidence bound to the exact artifacts, configuration, topology, customer scope, deployment profile and period.",V6 ch.20 admission clause.,V6:IA-20-006,V6:IA-20-006,observation,yes,all,harness,open,P1,,Write the processing admission suite; CI binds gate evidence to a commit SHA and run attempt only.,
AU-OBS-0040,"Edge, IoT and remote collection infrastructure collects and processes remote signals under intermittent connectivity, constrained power, hostile networks, device diversity and delayed custody transfer.",V6 ch.21; all profiles.,V6:IA-21-001,V6:IA-21-001,observation,yes,all,harness,open,P1,,"Build edge/remote collection (buffering, signed policy, custody transfer) for the IoT/sensor patterns.",
AU-OBS-0041,"Every edge instance declares and continuously reconciles device identity, firmware, sensor profile, locality, clock, collection cursor, buffer, custody state, health and revocation through versioned desired state, observed state, ownership and audit evidence.",V6 ch.21 reconcile clause.,V6:IA-21-002,V6:IA-21-002,observation,yes,all,harness,open,P1,,Add the edge infrastructure manifest and observed-state reconciliation.,
AU-OBS-0042,Edge nodes filter or summarize only through signed policy and retain mapping to source observations and transfer evidence.,V6 ch.21 boundary.,V6:IA-21-003,V6:IA-21-003,observation,yes,all,harness,open,P1,,Encode signed edge policy and observation-mapping fixtures once edge nodes exist.,
AU-OBS-0043,"When device trust, clock, connectivity, local storage or custody evidence is lost, collection stops or is quarantined as required, buffered evidence is preserved, gaps are exposed and reconciliation happens after trust is restored; no healthy, complete, current, authorized or recovered state is inferred.",V6 ch.21 failure behaviour.,V6:IA-21-005,V6:IA-21-005,observation,yes,all,harness,open,P1,,Build device-trust/clock/connectivity/custody loss handling with fault cases.,
AU-OBS-0044,"Edge production admission requires device attestation, offline buffering, clock-drift, tamper, delayed upload, duplicate suppression and revocation exercises bound to the exact artifacts, configuration, topology, customer scope, deployment profile and period.",V6 ch.21 admission clause.,V6:IA-21-006,V6:IA-21-006,observation,yes,all,harness,open,P1,,Write the edge admission suite.,
AU-OBS-0045,"An authorized registrar registers a source through the four-step form and a second operator evaluates, approves and activates it; the source can then be configured, monitored, suspended, transitioned and retired through the registry with every lifecycle event recorded.","Roles per PDP (registrar, approver); connector kinds upload/rss/rest; all profiles.",V8:PR-09-001; V8:CAP-OB-01; V8:JRN-02; V3:L1-C01; V3:L1-I01; V7:DP-09-001; V7:DAT-IN-01; V10:ENT-02,V8:PR-09-001,observation,yes,all,harness,verified:local,P7-D,"apps/api/src/observation/observation.controller.ts (/sources/register, approve, transition, rights, evaluate, readiness); apps/api/src/observation/sources/source-contract.ts; apps/api/migrations/0022_observation_registry_and_evidence.sql; 0028_phase4_source_contract_v2.sql; apps/web/app/observation/sources/**; apps/api/test/int/phase1-acceptance.test.ts: A1 — source contract: the full §7 field set and every fail-closed case; e2e/phase1-observation.spec.ts: 1.–3.; e2e/phase1-observation.spec.ts: 1.–6.; apps/api/test/int/phase1-acceptance.test.ts: A1; apps/api/src/observation/sources/sources.service.ts; migrations/0022_observation.sql:743,811,883,1003; migrations/0028 (contract v2); test/int/phase1-acceptance.test.ts; apps/api/src/observation/observation.controller.ts; apps/api/migrations/0022 §2 (source_contract_events, source_contracts_current, src_active_requires_rights, src_separation_of_duties); apps/api/migrations/0028 (SRC@v2 backfill, attribution); apps/api/test/int/phase1-acceptance.test.ts: A1 — source contract; apps/api/test/int/phase1-fault-injection.test.ts: F08 non-active contract aborts BEFORE egress; apps/api/test/int/phase4-acceptance.test.ts: P4-M0b; SOURCE_INTEGRATION_STATUS.md; apps/api/migrations/0022 §2; apps/api/src/observation (sources, quarantine, corrections, coverage, acquisition); e2e/phase1-observation.spec.ts","Run the same named fixture on the SaaS, private-cloud and on-premises profiles once they exist (EXC-P0-004: only the local Compose profile exists at 2e83945); Breadth of source families is AU-OBS-0001; discovery stage is AU-OBS-0046.",Verified at the harness and browser (test/int/phase1-acceptance.test.ts A1; e2e/phase1-observation.spec.ts 1-3). ENT-02 is a V10 entitlement catalogue entry (explanatory) naming this workflow; entitlement enforcement itself is AU-OBS-0149.
AU-OBS-0046,"A discovery stage precedes registration: candidate sources can be discovered, evaluated for representativeness and proposed for authorization before operational use.",JRN-02 stage 1 (Discover); V0 ch.8 support definition; all profiles.,V0:V00-T-032; V8:JRN-02; V1:V01-T-009,V0:V00-T-032,observation,yes,all,harness,open,P1,"migrations/0022 (authorization, rights_state, lifecycle retire, health events, schema drift tolerance); apps/api/src/observation/connectors/rest.connector.ts (closed-range backfill, checkpoints); test/int/phase4-acceptance.test.ts: 'a re-walk over an overlapping range admits identical windows as audited no-ops and a changed window as a REVISION'; e2e/phase1-observation.spec.ts: 1.–6.; apps/api/test/int/phase1-acceptance.test.ts: A1; see C-012, C-013, C-014; V00-T-119…125",Add source discovery (candidate proposals with evaluation) ahead of registration; today JRN-02 starts at rights/contract.,
AU-OBS-0047,"A source evaluation record scores a candidate beyond readiness (coverage, quality, cost, rights risk) and is persisted with the contract.",V8 ch.9 (evaluate); all profiles.,V8:PR-09-001; V8:PR-09-002,V8:PR-09-001,observation,yes,all,harness,open,P1,"apps/api/src/observation/observation.controller.ts (/sources/register, approve, transition, rights, evaluate, readiness); apps/api/src/observation/sources/source-contract.ts; apps/api/migrations/0022_observation_registry_and_evidence.sql; 0028_phase4_source_contract_v2.sql; apps/web/app/observation/sources/**; apps/api/test/int/phase1-acceptance.test.ts: A1 — source contract: the full §7 field set and every fail-closed case; e2e/phase1-observation.spec.ts: 1.–3.; apps/api/migrations/0006_objects.sql (identity, owner, times, status, provenance, policy on every canonical object)",Add an evaluation record with scoring dimensions to /sources/evaluate; today only readiness is computed.,
AU-OBS-0048,"The registered source contract carries the complete §7 field set: identity, owner/steward, authority class, rights state, purposes, endpoint, expected schema, freshness expectation, coverage expectations, classification ceiling, authenticity method, correction channel and retention/deletion obligation, and the contract is revalidated at three points during acquisition.",All profiles; rights_state must be confirmed before live activation (DB constraint).,V0:C-014; V8:PR-09-002; V2:V02-T-178; V2:V02-T-028; V3:SRC; V5:AI-39-001; V7:DP-09-002; V7:DAT-IN-01,V0:C-014,observation,yes,all,harness,verified:local,P7-D,"migrations/0022 (freshness_threshold_seconds, cadence, coverage_measurements, source_health_events, quarantine expires_at); migrations/0028 (freshness_expectation, coverage_expectations); apps/api/src/observation/coverage/coverage.service.ts; e2e/phase1-observation.spec.ts: '5. coverage reports the planted gap'; test/int/phase6-scheduled-collection.test.ts: 'an UNCHANGED response is confirmed… freshness advanced'; migrations/0029 (refresh_cadence, supersession, response windows); migrations/0032/0035 twin element health and verification_state; apps/api/migrations/0006_objects.sql (identity, owner, times, status, provenance, policy on every canonical object); apps/api/src/observation/observation.controller.ts (/sources/register, approve, transition, rights, evaluate, readiness); apps/api/src/observation/sources/source-contract.ts; apps/api/migrations/0022_observation_registry_and_evidence.sql; 0028_phase4_source_contract_v2.sql; apps/web/app/observation/sources/**; apps/api/test/int/phase1-acceptance.test.ts: A1 — source contract: the full §7 field set and every fail-closed case; e2e/phase1-observation.spec.ts: 1.–3.; apps/api/src/observation/sources/source-contract.ts (authority_class, authority_and_rights, purposes, expected_schema, freshness_expectation, coverage_expectations, authenticity_method, correction_channel); apps/api/migrations/0028_phase4_source_contract_v2.sql; apps/api/test/int/phase1-acceptance.test.ts: the registered contract carries the complete §7 field set; apps/api/src/observation/sources/source-contract.ts (authority_and_rights.purposes, rights_state, classification_ceiling, freshness_expectation, coverage_expectations, correction_channel); apps/api/test/int/phase3-corrections.test.ts: an EVIDENCE correction reaches the claims derived from it; migrations/0022:743-1003; migrations/0028:20+; apps/api/src/observation/sources/source-contract.ts:242; test/int/phase1-acceptance.test.ts; apps/api/src/observation/agents/agents.service.ts; apps/api/src/observation/vault/vault.service.ts; migrations/0022_observation_registry_and_evidence.sql; apps/api/src/observation/sources/sources.service.ts; apps/api/migrations/0022 §2 (source_contract_events, source_contracts_current, src_active_requires_rights, src_separation_of_duties); apps/api/migrations/0028 (SRC@v2 backfill, attribution); apps/api/test/int/phase1-acceptance.test.ts: A1 — source contract; apps/api/test/int/phase1-fault-injection.test.ts: F08 non-active contract aborts BEFORE egress; apps/api/test/int/phase4-acceptance.test.ts: P4-M0b; SOURCE_INTEGRATION_STATUS.md; apps/api/migrations/0022 §2; apps/api/test/int/phase1-acceptance.test.ts: A1","Run the same named fixture on the SaaS, private-cloud and on-premises profiles once they exist (EXC-P0-004: only the local Compose profile exists at 2e83945); Credential binding is AU-OBS-0049; cost/budget is AU-OBS-0050; coverage targets per plan are AU-OBS-0135.","C-014 source side only (derived-product side is AU-DP-0160). Verified: test/int/phase1-acceptance.test.ts A1 ""the registered contract carries the complete §7 field set"", ""revalidated at THREE points""."
AU-OBS-0049,"A credential reference declared on a source contract is resolved and bound at acquisition time from the governed credential store, never from environment or code, and the binding is audited.",All profiles; SOURCE_INTEGRATION_STATUS.md §6 credential binding path; C18 environment-only credential practice.,V0:C-013; V8:PR-09-002; V3:L1-C01; V3:SRC; V3:V03-T-266; V4:ES-31-001; V7:DP-09-002,V0:C-013,observation,yes,all,harness,open,P1,"apps/api/src/observation/connectors (rss.connector.ts, rest.connector.ts, upload.connector.ts, replay.ts); L1_CONNECTOR_COVERAGE.md (3 of 20 classes, all partial); SOURCE_INTEGRATION_STATUS.md (10 contracts, 4 live); e2e/phase1-observation.spec.ts; apps/api/migrations/0006_objects.sql (identity, owner, times, status, provenance, policy on every canonical object); apps/api/src/observation/observation.controller.ts (/sources/register, approve, transition, rights, evaluate, readiness); apps/api/src/observation/sources/source-contract.ts; apps/api/migrations/0022_observation_registry_and_evidence.sql; 0028_phase4_source_contract_v2.sql; apps/web/app/observation/sources/**; apps/api/test/int/phase1-acceptance.test.ts: A1 — source contract: the full §7 field set and every fail-closed case; e2e/phase1-observation.spec.ts: 1.–3.; apps/api/src/observation/sources/sources.service.ts; migrations/0022_observation.sql:743,811,883,1003; migrations/0028 (contract v2); test/int/phase1-acceptance.test.ts; migrations/0022:743-1003; migrations/0028:20+; apps/api/src/observation/sources/source-contract.ts:242; apps/api/src/observation/acquisition/orchestrator.service.ts; migrations/0022 (contract resolution); migrations/0022_observation_registry_and_evidence.sql; apps/api/src/observation/vault/vault.service.ts; apps/api/src/observation/coverage/coverage.service.ts:49; phase1-fault-injection.test.ts; migrations/0038_scheduled_collection.sql:172-233; 0039:14; 0040:13; apps/api/src/observation/scheduling/scheduler.service.ts:165; test/int/phase6-scheduled-collection.test.ts; apps/api/migrations/0022 §2 (source_contract_events, source_contracts_current, src_active_requires_rights, src_separation_of_duties); apps/api/migrations/0028 (SRC@v2 backfill, attribution); apps/api/test/int/phase1-acceptance.test.ts: A1 — source contract; apps/api/test/int/phase1-fault-injection.test.ts: F08 non-active contract aborts BEFORE egress; apps/api/test/int/phase4-acceptance.test.ts: P4-M0b; SOURCE_INTEGRATION_STATUS.md","Implement credential binding (source-contract.ts:256-259, http-client.ts:224,252 validate a reference but never resolve it); add rotation and a harness case that a live REST source authenticates through the bound reference.",
AU-OBS-0050,"A source contract declares cost and budget (rate, spend, per-source budget) and the scheduler enforces the budget with escalation on exhaustion.",All profiles.,V0:V00-T-080; V8:PR-09-002; V8:PR-09-001; V3:L1-C03,V0:V00-T-080,observation,yes,all,harness,open,P1,"migrations/0022/0028 source contracts (owner, steward, schema, freshness/coverage expectations, lifecycle); migrations/0029 series_registry; apps/api/migrations/0006_objects.sql (identity, owner, times, status, provenance, policy on every canonical object); apps/api/src/observation/observation.controller.ts (/sources/register, approve, transition, rights, evaluate, readiness); apps/api/src/observation/sources/source-contract.ts; apps/api/migrations/0022_observation_registry_and_evidence.sql; 0028_phase4_source_contract_v2.sql; apps/web/app/observation/sources/**; apps/api/test/int/phase1-acceptance.test.ts: A1 — source contract: the full §7 field set and every fail-closed case; e2e/phase1-observation.spec.ts: 1.–3.; apps/api/src/observation/scheduling/scheduler.service.ts; apps/api/src/observation/scheduling/collection-worker.service.ts; migrations/0038_scheduled_collection.sql:172,193,202,233; migrations/0039; migrations/0040; test/int/phase6-scheduled-collection.test.ts; test/int/phase6-scheduler-capability.test.ts; test/int/phase6-scheduled-corrections.test.ts",Add cost/budget fields to the contract and per-source budget enforcement with escalation in scheduler.service.ts (today only concurrency caps and BullMQ attempts).,
AU-OBS-0051,"No collection happens without an active, approved source contract whose authorization, rights, licensing, purpose, classification and residency policy are known; a non-active contract aborts before egress and a rights-pending contract is held replay-only.",All profiles; enforced by DB constraint src_active_requires_rights and the acquisition orchestrator.,V0:V00-T-119; V3:V03-T-071; V3:V03-T-272; V3:V03-T-266; V4:V04-T-019; V5:AI-39-001; V7:DP-09-003,V0:V00-T-119,observation,yes,all,harness,verified:local,P7-D,"migrations/0022 (rights_state confirmed before live activation, purposes, classification_ceiling, residency); test/int/phase1-acceptance.test.ts 'the registered contract carries the complete §7 field set'; migrations/0022 (source contract purpose/rights); apps/api/src/observation/sources/source-contract.ts; test/int/phase1-acceptance.test.ts; apps/api/src/observation/acquisition/orchestrator.service.ts; migrations/0022 (contract resolution); apps/api/src/observation/connectors/http-client.ts:8,42-43,188-211 (scheme/host allowlist, private-address refusal); apps/api/src/observation/connectors/redaction.ts; migrations/0028 (source contract v2 rights/purpose); apps/api/src/observation/quarantine/quarantine.service.ts; test/int/phase1-hostile-input.test.ts; phase1-acceptance.test.ts; apps/api/src/observation/agents/agents.service.ts; apps/api/src/observation/vault/vault.service.ts; migrations/0022_observation_registry_and_evidence.sql; apps/api/src/observation/sources/sources.service.ts; apps/api/migrations/0022 §2 (source_contract_events, source_contracts_current, src_active_requires_rights, src_separation_of_duties); apps/api/migrations/0028 (SRC@v2 backfill, attribution); apps/api/test/int/phase1-acceptance.test.ts: A1 — source contract; apps/api/test/int/phase1-fault-injection.test.ts: F08 non-active contract aborts BEFORE egress; apps/api/test/int/phase4-acceptance.test.ts: P4-M0b; SOURCE_INTEGRATION_STATUS.md","Run the same named fixture on the SaaS, private-cloud and on-premises profiles once they exist (EXC-P0-004: only the local Compose profile exists at 2e83945)",Verified: test/int/phase1-acceptance.test.ts A1; test/int/phase1-fault-injection.test.ts F08 (non-active contract aborts BEFORE egress). V03-T-266 verified for contract/purpose/rights/tenant resolution only (credential/rate/residency/window are AU-OBS-0049/AU-OBS-0058/AU-OBS-0059).
AU-OBS-0052,"The registrar may never approve their own registration: activation requires a second operator, so connectivity or public availability never establishes collection authority.",Separation of duties enforced on the authority (src_separation_of_duties); all profiles.,V0:V00-T-032; V8:PR-09-003; V7:DP-09-003,V0:V00-T-032,observation,yes,all,harness,verified:local,P7-D,"migrations/0022 (authorization, rights_state, lifecycle retire, health events, schema drift tolerance); apps/api/src/observation/connectors/rest.connector.ts (closed-range backfill, checkpoints); test/int/phase4-acceptance.test.ts: 'a re-walk over an overlapping range admits identical windows as audited no-ops and a changed window as a REVISION'; apps/api/test/int/phase1-acceptance.test.ts: the REGISTRAR MAY NEVER APPROVE their own registration — enforced on the authority; e2e/phase1-observation.spec.ts: 2. the registrar cannot approve their own registration; 3. a second operator approves and activates it; apps/api/src/observation/sources/source-contract.ts; apps/api/src/observation/sources/sources.service.ts; apps/api/migrations/0022 §2 (source_contract_events, source_contracts_current, src_active_requires_rights, src_separation_of_duties); apps/api/migrations/0028 (SRC@v2 backfill, attribution); apps/api/test/int/phase1-acceptance.test.ts: A1 — source contract; apps/api/test/int/phase1-fault-injection.test.ts: F08 non-active contract aborts BEFORE egress; apps/api/test/int/phase4-acceptance.test.ts: P4-M0b; SOURCE_INTEGRATION_STATUS.md","Run the same named fixture on the SaaS, private-cloud and on-premises profiles once they exist (EXC-P0-004: only the local Compose profile exists at 2e83945)","Verified: test/int/phase1-acceptance.test.ts ""the REGISTRAR MAY NEVER APPROVE their own registration""; e2e/phase1-observation.spec.ts 2-3."
AU-OBS-0053,"A named source authority role (not merely a second operator) signs off purpose, rights, scope and customer obligations per source family, with a named eligible authority, digest, expiry and separation record for each ch.9 transition.",V8 ch.9 human-authority boundary as stated; all profiles.,V8:PR-09-003; V8:PR-09-006,V8:PR-09-003,observation,yes,all,harness,open,P1,"apps/api/test/int/phase1-acceptance.test.ts: the REGISTRAR MAY NEVER APPROVE their own registration — enforced on the authority; e2e/phase1-observation.spec.ts: 2. the registrar cannot approve their own registration; 3. a second operator approves and activates it; apps/api/src/observation/observation.controller.ts (/sources/register, approve, transition, rights, evaluate, readiness); apps/api/src/observation/sources/source-contract.ts; apps/api/migrations/0022_observation_registry_and_evidence.sql; 0028_phase4_source_contract_v2.sql; apps/web/app/observation/sources/**; apps/api/test/int/phase1-acceptance.test.ts: A1 — source contract: the full §7 field set and every fail-closed case; e2e/phase1-observation.spec.ts: 1.–3.","Introduce the source-authority role in the PDP with per-family rights/purpose/obligation sign-off and an authority record (eligible authority, digest, expiry, separation).",
AU-OBS-0054,"When a source loses valid rights (withdrawal or revocation), collection stops or is suspended, the last valid checkpoint and evidence are preserved and the contract cannot be reactivated until rights are restored or the source is retired.","All profiles; FEX-02 mode ""collection prohibited, no alternative"".",V8:PR-09-005; V8:FEX-02; V3:L1-C01; V4:ES-31-007; V7:DP-09-005; V7:DC-12; V10:R-09,V8:PR-09-005,observation,yes,all,harness,verified:local,P7-D,"apps/api/test/int/phase1-acceptance.test.ts: fails closed on schema drift beyond the contract tolerance — QUARANTINE; the contract is revalidated at THREE points; apps/api/test/int/phase1-fault-injection.test.ts; apps/web/components/ui.tsx (DegradedBanner, ErrorNote, TruthBadge, LifecycleBadge); apps/api/src/shared/degraded-store.ts; apps/api/src/observation/observation.controller.ts (/sources/:sourceId/rights, transition); apps/api/test/int/phase1-acceptance.test.ts: A1; apps/api/src/observation/sources/sources.service.ts; apps/api/src/observation/sources/source-contract.ts; migrations/0022_observation.sql:743,811,883,1003; migrations/0028 (contract v2); test/int/phase1-acceptance.test.ts; apps/api/src/observation/connectors/http-client.ts:8,42-43,188-211 (scheme/host allowlist, private-address refusal); apps/api/src/observation/connectors/redaction.ts; migrations/0028 (source contract v2 rights/purpose); apps/api/src/observation/quarantine/quarantine.service.ts; test/int/phase1-hostile-input.test.ts; phase1-acceptance.test.ts; apps/api/migrations/0022 §2 (source_contract_events, source_contracts_current, src_active_requires_rights, src_separation_of_duties); apps/api/migrations/0028 (SRC@v2 backfill, attribution); apps/api/test/int/phase1-acceptance.test.ts: A1 — source contract; apps/api/test/int/phase1-fault-injection.test.ts: F08 non-active contract aborts BEFORE egress; apps/api/test/int/phase4-acceptance.test.ts: P4-M0b; SOURCE_INTEGRATION_STATUS.md; apps/api/migrations/0022 rights_state pending holds live activation; apps/api/src/observation/sources/source-contract.ts (authority_and_rights.rights_state, purposes, classification_ceiling, freshness_expectation, correction_channel); apps/api/migrations/0022_observation_registry_and_evidence.sql (custody, tombstones); test/int/phase1-acceptance.test.ts: A1 the registered contract carries the complete §7 field set; A2 chain of custody and byte-identical retrieval; a retrieval writes its custody entry; test/int/domain-isolation.test.ts; test/int/phase6-scheduled-collection.test.ts","Run the same named fixture on the SaaS, private-cloud and on-premises profiles once they exist (EXC-P0-004: only the local Compose profile exists at 2e83945); Rights lifecycle beyond set_rights_state (expiry, renewal, licence terms) is AU-OBS-0058; downstream enumeration is AU-OBS-0055.","Verified: test/int/phase1-acceptance.test.ts A1 (rights withdrawal), A9 (revocation while queued); observation.controller.ts /sources/:sourceId/rights. R-09 is a V10 risk-register entry (explanatory)."
AU-OBS-0055,"When a source contract is missing, expired, revoked, incompatible or loses authority, rights, ownership, purpose, coverage or withdrawal handling, the affected downstream data and products are enumerated, consumer impact is exposed to consumers, affected consumers are notified and remediation is routed before resumption.","V8 ch.9 / V7 ch.9 failure behaviour, consumer-facing part; all profiles.",V8:PR-09-005; V8:FEX-02; V7:DP-09-005; V10:R-09,V8:PR-09-005,observation,yes,all,harness,open,P1,"apps/api/test/int/phase1-acceptance.test.ts: fails closed on schema drift beyond the contract tolerance — QUARANTINE; the contract is revalidated at THREE points; apps/api/test/int/phase1-fault-injection.test.ts; apps/web/components/ui.tsx (DegradedBanner, ErrorNote, TruthBadge, LifecycleBadge); apps/api/src/shared/degraded-store.ts; apps/api/src/observation/observation.controller.ts (/sources/:sourceId/rights, transition); apps/api/test/int/phase1-acceptance.test.ts: A1; apps/api/src/observation/sources/source-contract.ts; apps/api/src/observation/sources/sources.service.ts; apps/api/migrations/0022 §2 (source_contract_events, source_contracts_current, src_active_requires_rights, src_separation_of_duties); apps/api/migrations/0028 (SRC@v2 backfill, attribution); apps/api/test/int/phase1-acceptance.test.ts: A1 — source contract; apps/api/test/int/phase1-fault-injection.test.ts: F08 non-active contract aborts BEFORE egress; apps/api/test/int/phase4-acceptance.test.ts: P4-M0b; SOURCE_INTEGRATION_STATUS.md; apps/api/src/observation/sources/source-contract.ts (authority_and_rights.rights_state, purposes, classification_ceiling, freshness_expectation, correction_channel); apps/api/migrations/0022_observation_registry_and_evidence.sql (custody, tombstones); test/int/phase1-acceptance.test.ts: A1 the registered contract carries the complete §7 field set; A2 chain of custody and byte-identical retrieval; a retrieval writes its custody entry; test/int/domain-isolation.test.ts; test/int/phase6-scheduled-collection.test.ts","Enumerate downstream products on rights withdrawal (walk from evidence to claims/twins/forecasts/packages), notify consumers and route remediation; today suspension exists without consumer-impact routing.",
AU-OBS-0056,A new contract version supersedes the previous one with exactly one version active; a replay contract can be superseded by a live producer with lineage continuity.,All profiles.,V8:CAP-OB-02; V3:L1-C01; V7:DC-15; V7:DP-09-002,V8:CAP-OB-02,observation,yes,all,harness,verified:local,P7-D,"apps/api/src/observation/observation.controller.ts (/sources/register, approve, transition, rights, evaluate, readiness); apps/api/src/observation/sources/source-contract.ts; apps/api/migrations/0022_observation_registry_and_evidence.sql; 0028_phase4_source_contract_v2.sql; apps/web/app/observation/sources/**; apps/api/test/int/phase1-acceptance.test.ts: A1 — source contract: the full §7 field set and every fail-closed case; e2e/phase1-observation.spec.ts: 1.–3.; apps/api/src/observation/sources/sources.service.ts; migrations/0022_observation.sql:743,811,883,1003; migrations/0028 (contract v2); test/int/phase1-acceptance.test.ts; apps/api/test/int/phase4-acceptance.test.ts: P4-M0b (replay v1 superseded by live v2, exactly one version active); apps/api/migrations/0022 §2 (source_contract_events, source_contracts_current, src_active_requires_rights, src_separation_of_duties); apps/api/migrations/0028 (SRC@v2 backfill, attribution); apps/api/test/int/phase1-acceptance.test.ts: A1 — source contract; apps/api/test/int/phase1-fault-injection.test.ts: F08 non-active contract aborts BEFORE egress; apps/api/test/int/phase4-acceptance.test.ts: P4-M0b; SOURCE_INTEGRATION_STATUS.md","Run the same named fixture on the SaaS, private-cloud and on-premises profiles once they exist (EXC-P0-004: only the local Compose profile exists at 2e83945); Golden-fixture gate for producer replacement (DC-15) and consumer-impact evidence (AU-OBS-0057).","Verified: test/int/phase4-acceptance.test.ts P4-M0b (replay v1 superseded by live v2, exactly one version active); migrations/0028 SRC@v2."
AU-OBS-0057,"A contract change (endpoint, schedule, schema, rate, freshness or withdrawal terms) produces consumer-impact evidence and stewardship/lifecycle events on the contract.",V8 CAP-OB-02 acceptance focus; V3 L1-C01 stewardship state; all profiles.,V8:CAP-OB-02; V3:L1-C01,V8:CAP-OB-02,observation,yes,all,harness,open,P1,"apps/api/src/observation/observation.controller.ts (/sources/register, approve, transition, rights, evaluate, readiness); apps/api/src/observation/sources/source-contract.ts; apps/api/migrations/0022_observation_registry_and_evidence.sql; 0028_phase4_source_contract_v2.sql; apps/web/app/observation/sources/**; apps/api/test/int/phase1-acceptance.test.ts: A1 — source contract: the full §7 field set and every fail-closed case; e2e/phase1-observation.spec.ts: 1.–3.; apps/api/src/observation/sources/sources.service.ts; migrations/0022_observation.sql:743,811,883,1003; migrations/0028 (contract v2); test/int/phase1-acceptance.test.ts",Record contract stewardship state and lifecycle events; compute and expose consumer impact on contract change.,
AU-OBS-0058,"Rate, robots, licence and contractual limits declared on the contract are enforced at runtime for every connector, including crawler identification, robots compliance and depth limits.",All profiles; per-contract rate limiting; robots only for crawl acquisition.,V3:V03-T-073; V3:L1-I02; V3:V03-T-266; V4:ES-31-007; V4:V04-T-019; V5:AI-39-002; V5:AG-002,V3:V03-T-073,observation,yes,all,harness,open,P1,"apps/api/src/observation/connectors/http-client.ts; migrations/0028 (licence/rights on contract v2); apps/api/src/observation/acquisition/orchestrator.service.ts; apps/api/src/observation/acquisition/lifecycle.service.ts; migrations/0022:322-347 (attempt key); test/int/phase1-fault-injection.test.ts:578; migrations/0022 (contract resolution); apps/api/src/observation/connectors/http-client.ts:8,42-43,188-211 (scheme/host allowlist, private-address refusal); apps/api/src/observation/connectors/redaction.ts; migrations/0028 (source contract v2 rights/purpose); apps/api/src/observation/quarantine/quarantine.service.ts; test/int/phase1-hostile-input.test.ts; phase1-acceptance.test.ts; test/int/phase1-hostile-input.test.ts: A10 (SSRF, complete-origin credentials); apps/api/src/observation/agents/agents.service.ts (kind crawler accepted)",Enforce per-contract rate limits and licence terms at acquisition (http-client.ts); add robots/identification/depth control when the crawler connector (AU-OBS-0088) exists.,
AU-OBS-0059,"Tenant, classification and residency are assigned at ingress and residency constraints are evaluated before acquisition and admission; a residency or classification conflict is exposed and routed under policy.",All profiles; V3 ch.9 control bullet and ch.30 failure condition.,V3:V03-T-072; V3:L1-I02; V3:V03-T-266; V3:V03-T-276,V3:V03-T-072,observation,yes,all,harness,open,P1,apps/api/src/observation/acquisition/lifecycle.service.ts (tenant/classification at intake); packages/contracts/src/header.ts; apps/api/src/observation/acquisition/orchestrator.service.ts; apps/api/src/observation/acquisition/lifecycle.service.ts; migrations/0022:322-347 (attempt key); test/int/phase1-fault-injection.test.ts:578; migrations/0022 (contract resolution); apps/api/src/observation/fault-injection.ts (F01-F46); test/int/phase1-fault-injection.test.ts; migrations/0040 (scheduled attempt faults),Evaluate residency at ingress and at acquisition (never assigned today); add the residency-conflict fault case to phase1-fault-injection.,
AU-OBS-0060,"Source-registry acceptance demonstrates registration journeys, rights and purpose evidence, approval and revocation tests, contract tests, coverage validation, downstream impact review and customer approval for the exact capability version, journey, role, tenant or domain, deployment, entitlement, data and model versions, configuration, consequence class and period, with positive, negative, stale-state, unauthorized-role, cross-tenant, correction and replay fixtures and a fault exercise.","AT-09; all profiles; product owner, independent assurance and customer authority acceptance.",V8:PR-09-006; V8:AT-09; V7:DP-09-006,V8:PR-09-006,observation,yes,all,harness,open,P1,"apps/api/src/observation/observation.controller.ts (/sources/register, approve, transition, rights, evaluate, readiness); apps/api/src/observation/sources/source-contract.ts; apps/api/migrations/0022_observation_registry_and_evidence.sql; 0028_phase4_source_contract_v2.sql; apps/web/app/observation/sources/**; apps/api/test/int/phase1-acceptance.test.ts: A1 — source contract: the full §7 field set and every fail-closed case; e2e/phase1-observation.spec.ts: 1.–3.; apps/api/src/observation/sources/sources.service.ts; apps/api/migrations/0022 §2 (source_contract_events, source_contracts_current, src_active_requires_rights, src_separation_of_duties); apps/api/migrations/0028 (SRC@v2 backfill, attribution); apps/api/test/int/phase1-acceptance.test.ts: A1 — source contract; apps/api/test/int/phase1-fault-injection.test.ts: F08 non-active contract aborts BEFORE egress; apps/api/test/int/phase4-acceptance.test.ts: P4-M0b; SOURCE_INTEGRATION_STATUS.md","Produce the scope-specific AT-09 acceptance record (independent assurance, customer attestation) on top of the existing phase harness/browser evidence; add coverage-universe validation and a customer approval step.",
AU-OBS-0061,"Sources declare measurable freshness and coverage expectations (freshness_threshold_seconds, cadence, coverage universe and expected arrivals) and coverage measurement evaluates against them.",Source side of C-014; all profiles.,V0:C-014; V0:V00-T-123; V2:V02-T-028; V7:DP-58-002; V7:DQM-003; V7:DQM-004,V0:C-014,observation,yes,all,harness,verified:local,P7-D,"migrations/0022 (freshness_threshold_seconds, cadence, coverage_measurements, source_health_events, quarantine expires_at); migrations/0028 (freshness_expectation, coverage_expectations); apps/api/src/observation/coverage/coverage.service.ts; e2e/phase1-observation.spec.ts: '5. coverage reports the planted gap'; test/int/phase6-scheduled-collection.test.ts: 'an UNCHANGED response is confirmed… freshness advanced'; migrations/0029 (refresh_cadence, supersession, response windows); migrations/0032/0035 twin element health and verification_state; migrations/0022 coverage_measurements, source_health_events; migrations/0040 attempt faults; e2e/phase1-observation.spec.ts '5', '6'; apps/api/src/observation/sources/source-contract.ts (authority_and_rights.purposes, rights_state, classification_ceiling, freshness_expectation, coverage_expectations, correction_channel); apps/api/test/int/phase1-acceptance.test.ts: the registered contract carries the complete §7 field set; apps/api/test/int/phase3-corrections.test.ts: an EVIDENCE correction reaches the claims derived from it; apps/api/src/observation/coverage/facts.service.ts (facts from admitted objects, stored evaluation instant); apps/api/migrations/0022 §8 source_health_events; contract freshness_threshold_seconds, coverage universe; apps/web/app/observation/sources/[sourceId]/page.tsx; apps/web/app/prediction/forecasts/page.tsx (DEGRADED banner); apps/api/test/int/phase1-acceptance.test.ts: A6 unknown never healthy, PUBLISHER LAG distinct, health replay deterministic; apps/api/test/int/phase6-scheduled-collection.test.ts: UNCHANGED response confirmed, freshness advanced; apps/api/src/observation/coverage/coverage.service.ts (freshness vs contract threshold); apps/api/test/int/phase1-acceptance.test.ts: A6; apps/api/src/observation/coverage/coverage.service.ts (expected vs actual coverage, completeness insufficient_evidence)","Run the same named fixture on the SaaS, private-cloud and on-premises profiles once they exist (EXC-P0-004: only the local Compose profile exists at 2e83945); Derived products (twins, models, intelligence products, memory) declaring freshness/expiry is AU-DP-0160.","Verified: e2e/phase1-observation.spec.ts 5; test/int/phase1-acceptance.test.ts A6; test/int/phase6-scheduled-collection.test.ts (UNCHANGED confirmed, freshness advanced)."
AU-OBS-0062,"An acquisition runs under contract with an attempt key that makes retries idempotent, checkpoints per connector, the contract revalidated at three points, and the pipeline source contract -> connector -> raw preservation -> transform -> policy and quality -> intelligence object.",All profiles; upload/rss/rest kinds.,V2:V02-T-179; V2:V02-T-180; V3:L1-I02; V3:V03-T-267; V7:DP-10-002; V7:DP-14-002,V2:V02-T-179,observation,yes,all,harness,verified:local,P7-D,"apps/api/src/observation/acquisition/lifecycle.service.ts; apps/api/src/observation/quarantine/quarantine.service.ts; apps/api/src/intelligence/extraction/orchestrator.service.ts; apps/api/test/int/phase1-acceptance.test.ts: the contract is revalidated at THREE points; apps/api/test/int/phase2-acceptance.test.ts: the run produced claims, and every one resolves back to the evidence bytes; apps/api/test/int/phase1-acceptance.test.ts: every admitted item carries source identity, method, connector version, agent identity and code digest; apps/api/test/int/phase1-acceptance.test.ts: fails closed on schema drift beyond the contract tolerance — QUARANTINE, not admission; apps/api/test/int/phase1-acceptance.test.ts: not_applicable requires a CONTRACT-APPROVED reason; apps/api/src/observation/acquisition/orchestrator.service.ts; migrations/0022:322-347 (attempt key); test/int/phase1-fault-injection.test.ts:578; migrations/0022:322-347; apps/api/src/shared/correlation.ts; test/int/phase1-acceptance.test.ts; apps/api/src/observation/connectors/rest.connector.ts; apps/api/src/observation/connectors/rss.connector.ts; L1_CONNECTOR_COVERAGE.md (1 class covered, 4 partial, 15 not implemented); SOURCE_INTEGRATION_STATUS.md §3 (ECB, EU sanctions, World Bank live); apps/api/test/int/phase1-acceptance.test.ts: A2/A6; apps/api/test/int/phase6-scheduled-corrections.test.ts; apps/api/src/observation/connectors/sdk.ts; apps/api/src/observation/connectors/replay.ts; apps/api/migrations/0022 §5 acquisition_attempts (attempt key idempotency), §12 checkpoints; apps/api/migrations/0028 (declared backfill windows); apps/api/src/observation/scheduling/scheduler.service.ts; apps/api/test/int/phase1-fault-injection.test.ts: F37-F46 idempotency; apps/api/test/int/phase4-acceptance.test.ts: P4-M0a closed-range backfill; apps/api/test/int/phase6-scheduled-collection.test.ts","Run the same named fixture on the SaaS, private-cloud and on-premises profiles once they exist (EXC-P0-004: only the local Compose profile exists at 2e83945)",Verified: test/int/phase1-acceptance.test.ts (three points; four times); test/int/phase1-fault-injection.test.ts F37-F46 idempotency; test/int/phase2-acceptance.test.ts (claims resolve to evidence bytes). Transfer manifests are AU-OBS-0063.
AU-OBS-0063,"Batch transfers carry transfer identity, manifest, per-partition checksums, receipts, rejection sets and completion state, reconciled through versioned contracts and audit evidence.",V7 ch.14 reconcile clause; all profiles.,V7:DP-14-002,V7:DP-14-002,observation,yes,all,harness,open,P1,"apps/api/src/observation/connectors/sdk.ts; apps/api/src/observation/connectors/replay.ts; apps/api/migrations/0022 §5 acquisition_attempts (attempt key idempotency), §12 checkpoints; apps/api/migrations/0028 (declared backfill windows); apps/api/src/observation/scheduling/scheduler.service.ts; apps/api/test/int/phase1-fault-injection.test.ts: F37-F46 idempotency; apps/api/test/int/phase4-acceptance.test.ts: P4-M0a closed-range backfill; apps/api/test/int/phase6-scheduled-collection.test.ts","Model transfer manifests, per-partition checksums, receipts and rejection sets (today item-level digest and attempt key only).",
AU-OBS-0064,"A promoted cadence tick runs through the worker and the governed collection path; a FAILED, REFUSED, faulted and UNCHANGED response are recorded distinctly, and interrupted scheduled attempts are recovered on restart.",Cadence polling of rss/rest contracts; branch-only (#44).,V8:PR-10-001; V2:V02-T-027; V3:L1-C03; V5:AG-001; V5:AG-004; V7:DAT-IN-03; V10:ENT-01,V8:PR-10-001,observation,yes,all,harness,verified:local,P7-D,"apps/api/src/observation/coverage/coverage.service.ts; apps/api/src/observation/scheduling/scheduler.service.ts; apps/api/migrations/0038_scheduled_collection.sql; 0040_scheduled_attempt_faults.sql; apps/web/app/observation/page.tsx (Collection status, Source health, Needs attention); apps/api/test/int/phase1-acceptance.test.ts: A6 — coverage, health, and the honesty of unknown; apps/api/test/int/phase6-scheduled-collection.test.ts: RESTART RECOVERY; apps/api/src/observation/connectors/rest.connector.ts; apps/api/src/observation/acquisition/orchestrator.service.ts; apps/api/test/int/phase6-scheduled-collection.test.ts: a promoted tick runs through the worker and the governed path; apps/api/src/observation/scheduling/collection-worker.service.ts; migrations/0038_scheduled_collection.sql:172,193,202,233; migrations/0039; migrations/0040; test/int/phase6-scheduled-collection.test.ts; test/int/phase6-scheduler-capability.test.ts; test/int/phase6-scheduled-corrections.test.ts; apps/api/src/observation/agents/agents.service.ts (kind observation); apps/api/src/observation/scheduling; apps/api/src/observation/agents/agents.service.ts (kind collection); apps/api/src/observation/vault; apps/api/test/int/phase6-scheduled-collection.test.ts; apps/api/src/observation/connectors (rss, rest, upload, sdk); test/int/phase1-acceptance.test.ts","Run the same named fixture on the SaaS, private-cloud and on-premises profiles once they exist (EXC-P0-004: only the local Compose profile exists at 2e83945); Merge #44 into the release (R0 integration order); subscriptions/push triggers are AU-OBS-0065; budgets/priority are AU-OBS-0050/AU-OBS-0066.",Scheduled collection (migrations 0038-0040) is branch-only on scheduling/automatic-collection-2026-09 (#44); release_status branch-only. Verified: test/int/phase6-scheduled-collection.test.ts (promoted tick; FAILED run 500; RESTART RECOVERY); test/int/phase6-scheduler-capability.test.ts. ENT-01 is a V10 entitlement entry (explanatory).
AU-OBS-0065,"Source events, subscription messages, internal-system changes and sensor observations can enter the Source Contract Service as collection triggers, in addition to scheduled polling and operator upload.",V3 ch.30 entry conditions; all profiles.,V3:V03-T-278; V3:L1-C03; V7:DAT-IN-03,V3:V03-T-278,observation,yes,all,harness,open,P1,"apps/api/src/observation/scheduling/scheduler.service.ts; apps/api/src/observation/sources/upload.controller.ts; apps/api/src/observation/scheduling/collection-worker.service.ts; migrations/0038_scheduled_collection.sql:172,193,202,233; migrations/0039; migrations/0040; test/int/phase6-scheduled-collection.test.ts; test/int/phase6-scheduler-capability.test.ts; test/int/phase6-scheduled-corrections.test.ts; apps/api/test/int/phase6-scheduled-collection.test.ts","Add push subscriptions / event-driven collection triggers to the scheduler (subscription lifecycle, leases across workers).",
AU-OBS-0066,"The collection scheduler coordinates admission, ordering, per-source budgets, priority, leases across workers, escalation and completion with observable state.",V3 L1-C03 / V7 DAT-IN-03; all profiles.,V8:PR-10-001; V3:L1-C03; V7:DAT-IN-03,V8:PR-10-001,observation,yes,all,harness,open,P1,"apps/api/src/observation/coverage/coverage.service.ts; apps/api/src/observation/scheduling/scheduler.service.ts; apps/api/migrations/0038_scheduled_collection.sql; 0040_scheduled_attempt_faults.sql; apps/web/app/observation/page.tsx (Collection status, Source health, Needs attention); apps/api/test/int/phase1-acceptance.test.ts: A6 — coverage, health, and the honesty of unknown; apps/api/test/int/phase6-scheduled-collection.test.ts: RESTART RECOVERY; apps/api/src/observation/scheduling/collection-worker.service.ts; migrations/0038_scheduled_collection.sql:172,193,202,233; migrations/0039; migrations/0040; test/int/phase6-scheduled-collection.test.ts; test/int/phase6-scheduler-capability.test.ts; test/int/phase6-scheduled-corrections.test.ts; apps/api/test/int/phase6-scheduled-collection.test.ts","Add priority, leases across workers, per-source budgets and escalation to scheduler.service.ts (retry/backoff only today).",
AU-OBS-0067,"A closed-range backfill over an overlapping range admits identical windows as audited no-ops and a changed window as a REVISION, with checkpoints preserved.",Declared backfill windows on REST contracts (migration 0028); branch-only.,V0:V00-T-032; V7:SP-19; V7:DAT-IN-07; V7:DP-14-001,V0:V00-T-032,observation,yes,all,harness,verified:local,P7-D,"migrations/0022 (authorization, rights_state, lifecycle retire, health events, schema drift tolerance); apps/api/src/observation/connectors/rest.connector.ts (closed-range backfill, checkpoints); test/int/phase4-acceptance.test.ts: 'a re-walk over an overlapping range admits identical windows as audited no-ops and a changed window as a REVISION'; apps/api/migrations/0028 declared closed-range backfill; apps/api/test/int/phase4-acceptance.test.ts: P4-M0a; apps/api/src/observation/connectors/rest.connector.ts; apps/api/src/observation/connectors/rss.connector.ts; apps/api/migrations/0022 §12 checkpoints; budgets; apps/api/src/observation/connectors/sdk.ts; apps/api/src/observation/connectors/replay.ts; apps/api/migrations/0022 §5 acquisition_attempts (attempt key idempotency), §12 checkpoints; apps/api/migrations/0028 (declared backfill windows); apps/api/src/observation/scheduling/scheduler.service.ts; apps/api/test/int/phase1-fault-injection.test.ts: F37-F46 idempotency; apps/api/test/int/phase4-acceptance.test.ts: P4-M0a closed-range backfill; apps/api/test/int/phase6-scheduled-collection.test.ts","Run the same named fixture on the SaaS, private-cloud and on-premises profiles once they exist (EXC-P0-004: only the local Compose profile exists at 2e83945)","Verified: test/int/phase4-acceptance.test.ts P4-M0a (backfill checkpointing) and ""a re-walk over an overlapping range admits identical windows as audited no-ops and a changed window as a REVISION""."
AU-OBS-0068,"Manifested files, secure transfers (SFTP/managed exchange), bulk exchange packages and object-package historical loads with snapshot date, scope, schema and totals are admitted with manifest and reconciliation.",Patterns SP-18 and SP-19; V7 file/bulk receiver; all profiles.,V3:L1-C04; V7:SP-18; V7:SP-19; V7:DAT-IN-06; V7:DP-14-001,V3:L1-C04,observation,yes,all,harness,open,P1,"apps/api/src/observation/connectors/upload.connector.ts; apps/api/src/observation/sources/upload.controller.ts; test/int/phase1-acceptance.test.ts; apps/api/migrations/0028 declared closed-range backfill; apps/api/test/int/phase4-acceptance.test.ts: P4-M0a; apps/api/src/observation/connectors/sdk.ts; apps/api/src/observation/connectors/replay.ts; apps/api/migrations/0022 §5 acquisition_attempts (attempt key idempotency), §12 checkpoints; apps/api/migrations/0028 (declared backfill windows); apps/api/src/observation/scheduling/scheduler.service.ts; apps/api/test/int/phase1-fault-injection.test.ts: F37-F46 idempotency; apps/api/test/int/phase4-acceptance.test.ts: P4-M0a closed-range backfill; apps/api/test/int/phase6-scheduled-collection.test.ts","Build the SFTP/managed-transfer receiver and object-package bulk load with snapshot manifest, totals and partial/duplicate transfer recovery.",
AU-OBS-0069,"A custom REST API source is acquired by request/pagination under contract with cursor, rate, retries and rights, and a versioned API/feed receiver honours the endpoints in the source contract.",Pattern SP-20 / DAT-IN-07; all profiles.,V7:SP-20; V7:DAT-IN-07,V7:SP-20,observation,yes,all,harness,verified:local,P7-D,apps/api/src/observation/connectors/rest.connector.ts; apps/api/test/int/phase1-acceptance.test.ts: A1/A9; apps/api/test/int/phase4-acceptance.test.ts; apps/api/src/observation/connectors/rss.connector.ts; apps/api/migrations/0022 §12 checkpoints; budgets; apps/api/test/int/phase4-acceptance.test.ts: P4-M0a,"Run the same named fixture on the SaaS, private-cloud and on-premises profiles once they exist (EXC-P0-004: only the local Compose profile exists at 2e83945); Adapter certification suite is AU-OBS-0070.",Verified: test/int/phase1-acceptance.test.ts A1/A9; test/int/phase4-acceptance.test.ts P4-M0a.
AU-OBS-0070,"A golden adapter suite certifies every connector kind (checksum and manifest validation, partial-transfer recovery, idempotency, schema incompatibility) before admission and on each change.",V7 ch.14 admission clause / SP-20 acceptance focus; all profiles.,V7:DP-14-006; V7:SP-20,V7:DP-14-006,observation,yes,all,harness,open,P1,"apps/api/src/observation/connectors/sdk.ts; apps/api/src/observation/connectors/replay.ts; apps/api/migrations/0022 §5 acquisition_attempts (attempt key idempotency), §12 checkpoints; apps/api/migrations/0028 (declared backfill windows); apps/api/src/observation/scheduling/scheduler.service.ts; apps/api/test/int/phase1-fault-injection.test.ts: F37-F46 idempotency; apps/api/test/int/phase4-acceptance.test.ts: P4-M0a closed-range backfill; apps/api/test/int/phase6-scheduled-collection.test.ts; apps/api/src/observation/connectors/rest.connector.ts; apps/api/test/int/phase1-acceptance.test.ts: A1/A9; apps/api/test/int/phase4-acceptance.test.ts",Write the golden adapter/certification suite and bind it to release scope.,
AU-OBS-0071,"RSS/Atom feeds are polled with entry identity, update, deletion and source health, deduplicated, and a republished guid with a new date is treated as a correction signal.",Pattern SP-21; branch-only for scheduled polling.,V7:SP-21,V7:SP-21,observation,yes,all,harness,open,P7-D,apps/api/src/observation/connectors/rss.connector.ts; apps/api/test/int/phase6-scheduled-collection.test.ts; SOURCE_INTEGRATION_STATUS.md (eu-sanctions-rss live),"Run the same named fixture on the SaaS, private-cloud and on-premises profiles once they exist (EXC-P0-004: only the local Compose profile exists at 2e83945)",Verified: test/int/phase6-scheduled-collection.test.ts; SOURCE_INTEGRATION_STATUS.md eu-sanctions-rss live. Scheduled collection (migrations 0038-0040) is branch-only on scheduling/automatic-collection-2026-09 (#44); release_status branch-only. | repair 2026-09-10: local evidence not bound to a case
AU-OBS-0072,"A manual governed upload records uploader, purpose, contract and manifest, requires approval by authority before admission and is malware-inspected.",Pattern SP-22; PDF/DOCX/CSV upload; all profiles.,V2:V02-T-177; V7:SP-22,V2:V02-T-177,observation,yes,all,harness,open,P1,"apps/api/src/observation/connectors/upload.connector.ts (PDF/DOCX/CSV); e2e/phase1-observation.spec.ts: the registrar registers a source through the four-step form; L1_CONNECTOR_COVERAGE.md (ERP, CRM: Not implemented); apps/api/src/observation/sources/upload.controller.ts; apps/api/src/observation/connectors/upload.connector.ts; EXC-P1-001",Add an approval workflow to the upload path and a malware inspection engine (EXC-P1-001); uploader identity/purpose/contract are recorded today.,
AU-OBS-0073,"Disconnected exchange admits signed packages with trusted time, media and transfer authority through an air-gap ceremony and reconciliation.",Pattern SP-23; on-premises/disconnected profile.,V7:SP-23,V7:SP-23,observation,yes,all,harness,open,P7-D,,Build the signed disconnected-exchange pattern with air-gap ceremony.,
AU-OBS-0074,"A marketplace source package is installed as a signed package with publisher, licence, permissions and dependencies under sandbox, revocation and isolation controls.",Pattern SP-24; all profiles.,V7:SP-24,V7:SP-24,observation,yes,all,harness,open,P7-C,,Build the marketplace source package pattern (P7-C package contracts).,
AU-OBS-0075,"An unavailable source is never silently substituted: a failed acquisition records the last successful observation, retry state and affected coverage, and a faulted scheduled attempt reaches the faulted path with its reason preserved.","All profiles; FEX-01 ""alternative source only if pre-approved"".",V8:FEX-01; V3:V03-T-079; V3:V03-T-276; V6:IA-28-005; V7:DP-10-005,V8:FEX-01,observation,yes,all,harness,verified:local,P7-D,"apps/api/test/int/phase6-scheduled-collection.test.ts: a FAILED run: the publisher answers 500; apps/api/test/int/phase1-acceptance.test.ts: A6; apps/api/src/observation/acquisition/lifecycle.service.ts (faulted attempts recorded); migrations/0040 (scheduled attempt faults); test/int/phase1-fault-injection.test.ts; apps/api/src/observation/fault-injection.ts (F01-F46); apps/api/src/observation/connectors/http-client.ts (EgressPolicy host/scheme allowlist, private/loopback/link-local/metadata refusal, redirect/size limits); test/int/phase1-hostile-input.test.ts; test/int/phase1-fault-injection.test.ts (refusal preserved with reason; no fabricated collection); apps/api/src/observation/quarantine; apps/api/src/observation/connectors/rest.connector.ts; apps/api/src/observation/connectors/rss.connector.ts; apps/api/src/observation/acquisition/lifecycle.service.ts; L1_CONNECTOR_COVERAGE.md (1 class covered, 4 partial, 15 not implemented); SOURCE_INTEGRATION_STATUS.md §3 (ECB, EU sanctions, World Bank live); apps/api/test/int/phase1-acceptance.test.ts: A2/A6; apps/api/test/int/phase6-scheduled-corrections.test.ts","Run the same named fixture on the SaaS, private-cloud and on-premises profiles once they exist (EXC-P0-004: only the local Compose profile exists at 2e83945); Contract-specific retry/backoff is AU-OBS-0076; pre-approved fallback is AU-OBS-0077.",Verified: test/int/phase1-fault-injection.test.ts (refusal preserved with reason); test/int/phase6-scheduled-collection.test.ts (FAILED run: publisher answers 500); migrations/0040 attempt faults. Scheduled collection (migrations 0038-0040) is branch-only on scheduling/automatic-collection-2026-09 (#44); release_status branch-only.
AU-OBS-0076,"Retry and backoff are contract-specific and deadline/budget-bounded, rate-limit responses are handled per contract and manipulated or out-of-contract content is detected and quarantined.",V7 ch.10 failure behaviour; all profiles.,V3:L1-C03; V6:IA-28-005; V7:DP-10-005,V3:L1-C03,observation,yes,all,harness,open,P1,"apps/api/src/observation/scheduling/scheduler.service.ts; apps/api/src/observation/scheduling/collection-worker.service.ts; migrations/0038_scheduled_collection.sql:172,193,202,233; migrations/0039; migrations/0040; test/int/phase6-scheduled-collection.test.ts; test/int/phase6-scheduler-capability.test.ts; test/int/phase6-scheduled-corrections.test.ts; apps/api/src/observation/connectors/http-client.ts (EgressPolicy host/scheme allowlist, private/loopback/link-local/metadata refusal, redirect/size limits); test/int/phase1-hostile-input.test.ts; test/int/phase1-fault-injection.test.ts (refusal preserved with reason; no fabricated collection); apps/api/src/observation/quarantine; apps/api/src/observation/connectors/rest.connector.ts; apps/api/src/observation/connectors/rss.connector.ts; apps/api/src/observation/acquisition/lifecycle.service.ts; L1_CONNECTOR_COVERAGE.md (1 class covered, 4 partial, 15 not implemented); SOURCE_INTEGRATION_STATUS.md §3 (ECB, EU sanctions, World Bank live); apps/api/test/int/phase1-acceptance.test.ts: A2/A6; apps/api/test/int/phase6-scheduled-corrections.test.ts",Replace BullMQ bounded retry with contract-specific backoff; add rate-limit handling and manipulation detection; policy-bounded retry in the egress path.,
AU-OBS-0077,"When a source is unavailable or coverage falls below target, a pre-approved fallback (alternate authorized) source is applied only if a human has authorized the substitution, and the substitution is visible on the affected products.","FEX-01 fallback, PR-10-005 approved fallback, PR-10-003 humans authorize substitution; all profiles.",V8:FEX-01; V8:PR-10-005; V8:PR-10-003; V7:DP-58-005,V8:FEX-01,observation,yes,all,harness,open,P1,"apps/api/test/int/phase6-scheduled-collection.test.ts: a FAILED run: the publisher answers 500; apps/api/test/int/phase1-acceptance.test.ts: A6; apps/api/test/int/phase1-acceptance.test.ts: unknown, indeterminate and insufficient_evidence NEVER map to a healthy state; health replay from stored events is deterministic; apps/web/components/ui.tsx (DegradedBanner, ErrorNote, TruthBadge, LifecycleBadge); apps/api/src/shared/degraded-store.ts; apps/api/test/int/phase1-fault-injection.test.ts; apps/api/src/policy/pdp.service.ts; apps/api/test/unit/pdp.test.ts; apps/api/test/int/gate22-authority-matrix.test.ts: no port succeeds on a role outside its grantee set; apps/api/src/observation/coverage/coverage.service.ts; apps/api/src/observation/coverage/facts.service.ts (facts from admitted objects, stored evaluation instant); apps/api/migrations/0022 §8 source_health_events; contract freshness_threshold_seconds, coverage universe; apps/web/app/observation/sources/[sourceId]/page.tsx; apps/web/app/prediction/forecasts/page.tsx (DEGRADED banner); apps/api/test/int/phase1-acceptance.test.ts: A6 unknown never healthy, PUBLISHER LAG distinct, health replay deterministic; apps/api/test/int/phase6-scheduled-collection.test.ts: UNCHANGED response confirmed, freshness advanced","Model approved fallback sources on the contract, the human authorization record and the substitution marker on derived products.",
AU-OBS-0078,A partial or interrupted transfer never admits and a run resumes from the committed checkpoint.,All profiles; F12-F19 partial writes.,V7:DP-14-005; V7:DP-30-005,V7:DP-14-005,observation,yes,all,harness,verified:local,P7-D,"apps/api/src/observation/connectors/sdk.ts; apps/api/src/observation/connectors/replay.ts; apps/api/migrations/0022 §5 acquisition_attempts (attempt key idempotency), §12 checkpoints; apps/api/migrations/0028 (declared backfill windows); apps/api/src/observation/scheduling/scheduler.service.ts; apps/api/test/int/phase1-fault-injection.test.ts: F37-F46 idempotency; apps/api/test/int/phase4-acceptance.test.ts: P4-M0a closed-range backfill; apps/api/test/int/phase6-scheduled-collection.test.ts; apps/api/src/observation/scheduling/collection-worker.service.ts; apps/api/migrations/0028 declared backfill; apps/api/migrations/0022 §12 connector_checkpoints; apps/api/src/intelligence/extraction/extraction.service.ts (run identity, budgets); apps/api/test/int/phase4-acceptance.test.ts: P4-M0a backfill checkpointing","Run the same named fixture on the SaaS, private-cloud and on-premises profiles once they exist (EXC-P0-004: only the local Compose profile exists at 2e83945)",Verified: test/int/phase1-fault-injection.test.ts F12-F19 (partial writes never admit); checkpoints migrations/0022 §12.
AU-OBS-0079,"A transfer that is duplicated, tampered, incompatible or misrouted is isolated with receipts and rejected records preserved and totals reconciled before publication.","V7 ch.14 failure behaviour, remaining part; all profiles.",V7:DP-14-005; V7:DP-14-002,V7:DP-14-005,observation,yes,all,harness,open,P1,"apps/api/src/observation/connectors/sdk.ts; apps/api/src/observation/connectors/replay.ts; apps/api/migrations/0022 §5 acquisition_attempts (attempt key idempotency), §12 checkpoints; apps/api/migrations/0028 (declared backfill windows); apps/api/src/observation/scheduling/scheduler.service.ts; apps/api/test/int/phase1-fault-injection.test.ts: F37-F46 idempotency; apps/api/test/int/phase4-acceptance.test.ts: P4-M0a closed-range backfill; apps/api/test/int/phase6-scheduled-collection.test.ts",Add totals reconciliation and misrouting detection to the transfer path.,
AU-OBS-0080,"External-source admission evidence includes representative source fixtures, authenticity and tamper tests, rate and failure exercises, correction intake, freshness evidence and source-owner review bound to the exact contracts, schemas, code, data versions, policies, infrastructure, customer scope, deployment profile and period.",V7 ch.10 admission clause; all profiles.,V7:DP-10-006,V7:DP-10-006,observation,yes,all,harness,open,P1,"apps/api/src/observation/connectors/rest.connector.ts; apps/api/src/observation/connectors/rss.connector.ts; apps/api/src/observation/acquisition/lifecycle.service.ts; L1_CONNECTOR_COVERAGE.md (1 class covered, 4 partial, 15 not implemented); SOURCE_INTEGRATION_STATUS.md §3 (ECB, EU sanctions, World Bank live); apps/api/test/int/phase1-acceptance.test.ts: A2/A6; apps/api/test/int/phase6-scheduled-corrections.test.ts",Add content-authenticity/tamper tests (beyond digest/transport) and a source-owner review record; bind evidence to customer scope and period rather than head SHA only.,
AU-OBS-0081,"Outbound connections from connectors go only to contract-allowlisted hosts and schemes; private, loopback, link-local and metadata addresses are refused; redirects and sizes are bounded; connectors cannot escalate credentials or network access.",In-process egress policy (http-client.ts); all profiles.,V4:ES-31-007; V5:AI-39-002; V6:IA-28-001; V6:IA-28-003,V4:ES-31-007,observation,yes,all,harness,verified:local,P7-D,"apps/api/src/observation/connectors/http-client.ts:8,42-43,188-211 (scheme/host allowlist, private-address refusal); apps/api/src/observation/connectors/redaction.ts; migrations/0028 (source contract v2 rights/purpose); apps/api/src/observation/quarantine/quarantine.service.ts; test/int/phase1-hostile-input.test.ts; phase1-acceptance.test.ts; test/int/phase1-hostile-input.test.ts: A10 (SSRF, complete-origin credentials); apps/api/src/observation/connectors/http-client.ts; apps/api/src/observation/connectors/http-client.ts (EgressPolicy host/scheme allowlist, private/loopback/link-local/metadata refusal, redirect/size limits)","Run the same named fixture on the SaaS, private-cloud and on-premises profiles once they exist (EXC-P0-004: only the local Compose profile exists at 2e83945); Egress gateway, OS-level denial and purpose/data-class controls are AU-OBS-0082.","Verified: test/int/phase1-hostile-input.test.ts A10 (SSRF, complete-origin credentials)."
AU-OBS-0082,"Egress is mediated by an egress gateway with purpose and data-class controls, destination identity pinning, transfer receipts and policy-bounded retry; generic internet access is denied at the OS/network level when a registered source, provider, connector or capability path can express the operation; destination identity, route, purpose, data class, transfer policy, credential, rate, receipt and revocation state are reconciled.",V6 ch.28; all profiles.,V6:IA-28-001; V6:IA-28-002; V6:IA-28-003; V6:IA-28-005,V6:IA-28-001,observation,yes,all,harness,open,P1,"apps/api/src/observation/connectors/http-client.ts (EgressPolicy host/scheme allowlist, private/loopback/link-local/metadata refusal, redirect/size limits); test/int/phase1-hostile-input.test.ts; test/int/phase1-fault-injection.test.ts (refusal preserved with reason; no fabricated collection); apps/api/src/observation/quarantine","Add an egress gateway (or network policy) denying generic internet access, destination pinning/identity-change detection, transfer receipts and the infrastructure manifest for egress state.",
AU-OBS-0083,"Egress production admission requires destination pinning, exfiltration tests, malware isolation, provider outage, effect receipt and revocation exercises bound to the exact artifacts, configuration, topology, customer scope, deployment profile and period.",V6 ch.28 admission clause.,V6:IA-28-006,V6:IA-28-006,observation,yes,all,harness,open,P1,,Write the egress admission suite.,
AU-OBS-0084,Connectors terminate external protocols and produce evidence candidates only: an observation or collection agent packages observations under one source contract and cannot admit canonical truth or bypass source rights; admission is a separate governed step.,All profiles; agent principal per contract with code digest.,V2:V02-T-179; V5:AG-001; V5:AG-004; V6:IA-47-003,V2:V02-T-179,observation,yes,all,harness,verified:local,P7-D,"apps/api/src/observation/acquisition/lifecycle.service.ts; apps/api/src/observation/quarantine/quarantine.service.ts; apps/api/src/intelligence/extraction/orchestrator.service.ts; apps/api/test/int/phase1-acceptance.test.ts: the contract is revalidated at THREE points; apps/api/test/int/phase2-acceptance.test.ts: the run produced claims, and every one resolves back to the evidence bytes; apps/api/src/observation/agents/agents.service.ts (kind observation); apps/api/src/observation/scheduling; test/int/phase6-scheduled-collection.test.ts; apps/api/src/observation/agents/agents.service.ts (kind collection); apps/api/src/observation/vault; apps/api/src/observation/acquisition/lifecycle.service.ts (connectors produce evidence; admission is separate); agents bound to one contract; docs/phase1/CREDENTIALS_BUDGET_MATRIX.md","Run the same named fixture on the SaaS, private-cloud and on-premises profiles once they exist (EXC-P0-004: only the local Compose profile exists at 2e83945)",Verified: test/int/phase1-acceptance.test.ts (contract revalidated at three points; admission separate); test/int/phase6-scheduled-collection.test.ts (agents of kind observation/collection). Scheduled collection (migrations 0038-0040) is branch-only on scheduling/automatic-collection-2026-09 (#44); release_status branch-only.
AU-OBS-0085,"Connectors execute as isolated, least-privilege, rate-governed, schema-aware packages with per-connector credential isolation across tenants enforced by the runtime, and connector package, source identity, credential, cursor, schema, policy, rate, network path, health and revocation are reconciled through versioned desired/observed state.",V6 ch.47; all profiles.,V6:IA-47-001; V6:IA-47-002; V6:IA-47-003,V6:IA-47-001,observation,yes,all,harness,open,P1,"apps/api/src/observation/connectors (rss, rest, upload; http-client egress; content-controls; apps/api/src/observation/agents (agent principal per source contract, code digest); test/int/phase1-acceptance.test.ts; test/int/phase1-hostile-input.test.ts; apps/api/src/observation/acquisition/lifecycle.service.ts (connectors produce evidence; admission is separate); agents bound to one contract; docs/phase1/CREDENTIALS_BUDGET_MATRIX.md","Run connectors as isolated packages (process/sandbox) with per-connector least privilege, rate governance beyond concurrency caps and runtime-enforced credential isolation; add the connector infrastructure manifest.",
AU-OBS-0086,"When a connector credential, schema, source behaviour, package integrity, cursor or content safety becomes invalid, the connector is suspended, content quarantined, custody and cursor evidence preserved, authority rotated and requalification required before resumption.",V6 ch.47 failure behaviour; all profiles.,V6:IA-47-005,V6:IA-47-005,observation,yes,all,harness,open,P1,,Add credential rotation and requalification workflow; lifecycle suspension preserving custody and cursor exists (phase1-fault-injection).,
AU-OBS-0087,"Connector production admission requires connector contract, credential rotation, schema drift, rate limit, malicious content, cursor recovery and tenant isolation tests bound to the exact artifacts, configuration, topology, customer scope, deployment profile and period.",V6 ch.47 admission clause.,V6:IA-47-006,V6:IA-47-006,observation,yes,all,harness,open,P1,,Write the connector admission suite.,
AU-OBS-0088,"A crawler connector traverses an approved source scope under robots, rights, budget, depth and egress policy, identifying itself where required.",V5 AG-002 / AI-39-002 crawler part; all profiles.,V5:AG-002; V5:AI-39-002,V5:AG-002,observation,yes,all,harness,open,P1,"apps/api/src/observation/agents/agents.service.ts (kind crawler accepted); test/int/phase1-hostile-input.test.ts; test/int/phase1-hostile-input.test.ts: A10 (SSRF, complete-origin credentials); apps/api/src/observation/connectors/http-client.ts","Build the crawler connector (link traversal, robots, depth, identification) on the connector SDK.",
AU-OBS-0089,"Every admitted item carries source identity, source type, acquisition method, connector and parser version, agent identity, code digest, content digest, original payload reference, classification, tenant and quality indicators, with connector/parser/schema/transformation/content versions traceable.",All profiles.,V0:V00-T-033; V0:V00-T-122; V0:V00-T-002; V2:V02-T-026; V2:V02-T-180; V3:V03-T-267; V3:OBS; V5:AI-39-003; V7:DP-10-002,V0:V00-T-033,observation,yes,all,harness,verified:local,P7-D,"migrations/0022 (evidence header: connector, connector_version, method_ref, content_digest, classification, tenant; four times; blob_manifests); e2e/phase1-observation.spec.ts: '7. evidence custody, the four times, and a safe attachment-only download'; migrations/0022 connector_version, method_ref, code_digest, content_digest; contract schema versions (0028); migrations/0022 (contracts with rights, custody_events, blob_manifests, four times); test/int/phase1-acceptance.test.ts; apps/api/test/int/phase1-acceptance.test.ts: every admitted item carries source identity, method, connector version, agent identity and code digest; apps/api/test/int/phase1-acceptance.test.ts: four times are populated per the type rules; apps/api/test/int/phase1-acceptance.test.ts: the digest is verified pre-store, post-store and again on every read; apps/api/src/observation/vault/evidence.service.ts; apps/api/test/int/phase1-acceptance.test.ts: fails closed on schema drift beyond the contract tolerance — QUARANTINE, not admission; apps/api/test/int/phase1-acceptance.test.ts: not_applicable requires a CONTRACT-APPROVED reason; apps/api/src/observation/acquisition/lifecycle.service.ts; migrations/0022:322-347; apps/api/src/shared/correlation.ts; migrations/0022 (observations/attempts :322-347); apps/api/src/observation/sources/source-contract.ts; apps/api/src/observation/agents/agents.service.ts; apps/api/src/observation/vault/vault.service.ts; migrations/0022_observation_registry_and_evidence.sql; apps/api/src/observation/connectors/rest.connector.ts; apps/api/src/observation/connectors/rss.connector.ts; L1_CONNECTOR_COVERAGE.md (1 class covered, 4 partial, 15 not implemented); SOURCE_INTEGRATION_STATUS.md §3 (ECB, EU sanctions, World Bank live); apps/api/test/int/phase1-acceptance.test.ts: A2/A6; apps/api/test/int/phase6-scheduled-corrections.test.ts","Run the same named fixture on the SaaS, private-cloud and on-premises profiles once they exist (EXC-P0-004: only the local Compose profile exists at 2e83945); Geographic scope, language, sensitivity and per-object licensing fields are AU-OBS-0090.","Verified: test/int/phase1-acceptance.test.ts ""every admitted item carries source identity, method, connector version, agent identity and code digest""; A2. V00-T-122 first-pass verification lacked a resolved pointer; the A1/A2 cases exercise the versions."
AU-OBS-0090,"Every collected object also records geographic scope, language, sensitivity and the licensing or usage restriction that applies to the object itself (not only on the contract), plus its coverage context and transformation list.",V0 ch.8 observation object; V3 EVD object; all profiles.,V0:V00-T-033; V3:EVD,V0:V00-T-033,observation,yes,all,harness,open,P1,"migrations/0022 (evidence header: connector, connector_version, method_ref, content_digest, classification, tenant; four times; blob_manifests); e2e/phase1-observation.spec.ts: '7. evidence custody, the four times, and a safe attachment-only download'; migrations/0022:360-415 (blob_manifests, custody); apps/api/src/observation/vault/evidence.service.ts; test/int/phase1-acceptance.test.ts","Add geographic scope, language, sensitivity and object-level licensing to the evidence header; complete coverage context and transformation list on EVD.",
AU-OBS-0091,"Event, publication, collection (observation), effective (validity) and system-record time are captured on every observation per the type rules.",All profiles.,V0:V00-T-121; V2:V02-T-026; V3:V03-T-267,V0:V00-T-121,observation,yes,all,harness,verified:local,P7-D,"test/int/phase1-acceptance.test.ts 'four times are populated per the type rules'; e2e/phase1-observation.spec.ts '7. … the four times'; apps/api/test/int/phase1-acceptance.test.ts: every admitted item carries source identity, method, connector version, agent identity and code digest; apps/api/test/int/phase1-acceptance.test.ts: four times are populated per the type rules; apps/api/test/int/phase1-acceptance.test.ts: the digest is verified pre-store, post-store and again on every read; apps/api/src/observation/vault/evidence.service.ts; apps/api/src/observation/acquisition/lifecycle.service.ts; migrations/0022:322-347; apps/api/src/shared/correlation.ts; test/int/phase1-acceptance.test.ts","Run the same named fixture on the SaaS, private-cloud and on-premises profiles once they exist (EXC-P0-004: only the local Compose profile exists at 2e83945)","Verified: test/int/phase1-acceptance.test.ts ""four times are populated per the type rules""; e2e/phase1-observation.spec.ts 7."
AU-OBS-0092,"Original evidence is preserved immutably with a content digest verified pre-store, post-store and on every read; retrieval is byte-identical and writes a custody entry; evidence identifiers and custody events are immutable; the vault stores bytes while meaning, admissibility and policy stay in the observation schema.",All profiles; digest re-verified on read.,V0:V00-T-120; V8:OBJ-01; V2:V02-T-026; V3:L1-C05; V3:L1-C06; V3:V03-T-075; V3:V03-T-269; V4:ES-31-006; V6:IA-33-003; V7:DAT-IN-14; V7:DP-16-002; V7:DZ-04,V0:V00-T-120,observation,yes,all,harness,verified:local,P7-D,"migrations/0022 blob_manifests, vault (apps/api/src/observation/vault); digest verified pre-store, post-store and on read; apps/api/test/int/phase1-acceptance.test.ts: A2 — chain of custody and byte-identical retrieval; a retrieval writes its custody entry; apps/api/test/int/phase1-acceptance.test.ts: every admitted item carries source identity, method, connector version, agent identity and code digest; apps/api/test/int/phase1-acceptance.test.ts: four times are populated per the type rules; apps/api/test/int/phase1-acceptance.test.ts: the digest is verified pre-store, post-store and again on every read; apps/api/src/observation/vault/evidence.service.ts; apps/api/src/observation/vault/vault.service.ts:21-22,134-179,201,225-227; migrations/0022:360,375,395,415; test/int/phase1-acceptance.test.ts; test/int/gate22-evidence-deauthorization.test.ts; apps/api/src/observation/vault/vault.service.ts:134-179 (custody chain); apps/api/src/observation/agents/agents.service.ts (version-specific agent principal, code_digest); packages/contracts/src/jcs.ts (contentDigest); test/int/audit-chain.test.ts; apps/api/src/observation/vault/vault.service.ts:134-179; migrations/0022:360-415; migrations/0022:360,395,415 (immutable evidence, tombstones); apps/api/src/observation/vault/vault.service.ts:21-22,134-179; apps/api/src/observation/vault/evidence.service.ts (bytes and digest in the vault; meaning, admissibility and policy in the observation schema); apps/api/src/observation/vault/vault.service.ts; apps/api/migrations/0022 §6-§7; apps/api/test/int/phase1-fault-injection.test.ts: F12-F27; apps/api/src/observation/quarantine/quarantine.service.ts; apps/api/migrations/0022 §6-§8 (blob_manifests, blob_tombstones, custody_events, quarantine_events/current); apps/api/test/int/phase1-acceptance.test.ts: A2, A7 vault, A11; EXCEPTIONS.md EXC-P1-001, EXC-P1-002; apps/api/migrations/0022 §6 blob_manifests (append-only); apps/api/test/int/phase1-fault-injection.test.ts","Run the same named fixture on the SaaS, private-cloud and on-premises profiles once they exist (EXC-P0-004: only the local Compose profile exists at 2e83945); Retention/legal-hold enforcement in the vault is AU-DP-0090/AU-DP-0091; vault backup/restore is AU-DP-0108.","Verified: test/int/phase1-acceptance.test.ts A2 (chain of custody, byte-identical retrieval, custody entry on retrieval); test/int/audit-chain.test.ts; test/int/gate22-evidence-deauthorization.test.ts. V00-T-120 first-pass verification lacked a resolved pointer; A2 exercises it."
AU-OBS-0093,"Source authenticity is verified where available (signatures, TLS identity pinning, publisher keys) at inspection and authenticity is recorded and measured as a quality dimension whose uncertain state routes to review.",V3 ch.9/30 authenticity checks; V4 ES-31-008 indicator; all profiles.,V0:V00-T-035; V3:L1-C06; V3:V03-T-074; V3:V03-T-268; V4:ES-31-005; V4:ES-31-008; V4:V04-T-019; V5:AI-39-003; V7:DP-10-006,V0:V00-T-035,observation,yes,all,harness,open,P1,"apps/api/src/observation/connectors/content-controls.ts, http-client.ts (SSRF refusal), redaction.ts; migrations/0022 quarantine; test/int/phase1-hostile-input.test.ts; apps/api/src/observation/connectors/xml-worker.js (isolated parsing); apps/api/src/observation/vault/vault.service.ts:134-179 (custody chain); apps/api/src/observation/agents/agents.service.ts (version-specific agent principal, code_digest); packages/contracts/src/jcs.ts (contentDigest); test/int/phase1-acceptance.test.ts; test/int/audit-chain.test.ts; apps/api/src/observation/quarantine/quarantine.service.ts; migrations/0022:452,472 (quarantine); 0022:743,811,883,1003 (registry ports); apps/api/src/observation/sources/source-contract.ts; apps/api/src/policy/pdp.service.ts (default DENY, indeterminate→deny, obligations executed); apps/api/test/unit/pdp.test.ts; apps/api/src/observation/coverage/coverage.service.ts:49 (9 dimensions); migrations/0022:503,550,2073 (observation.replay_health); apps/api/src/observation/connectors/http-client.ts:8,42-43,188-211 (scheme/host allowlist, private-address refusal); apps/api/src/observation/connectors/redaction.ts; migrations/0028 (source contract v2 rights/purpose); phase1-acceptance.test.ts; apps/api/src/observation/agents/agents.service.ts; apps/api/src/observation/vault/vault.service.ts; migrations/0022_observation_registry_and_evidence.sql; apps/api/src/observation/connectors/rest.connector.ts; apps/api/src/observation/connectors/rss.connector.ts; apps/api/src/observation/acquisition/lifecycle.service.ts; L1_CONNECTOR_COVERAGE.md (1 class covered, 4 partial, 15 not implemented); SOURCE_INTEGRATION_STATUS.md §3 (ECB, EU sanctions, World Bank live); apps/api/test/int/phase1-acceptance.test.ts: A2/A6; apps/api/test/int/phase6-scheduled-corrections.test.ts","Implement source-authenticity verification (signature/TLS/publisher-key checks) and record authenticity as a governed indicator (today ""unknown""); add the authenticity-uncertain fault case.",
AU-OBS-0094,"Evidence preservation precedes derived intelligence: derived objects (claims, projections) link to preserved evidence and never replace or overwrite the source record; a correction supersedes without overwriting and history stays reconstructable.",All profiles.,V2:V02-T-181; V3:V03-T-274; V3:V03-T-086; V3:V03-T-054; V7:DADR-003,V2:V02-T-181,observation,yes,all,harness,verified:local,P7-D,"apps/api/test/int/phase1-acceptance.test.ts: a correction SUPERSEDES without overwriting, and the prior version stays retrievable; apps/api/test/int/phase3-corrections.test.ts: an EVIDENCE correction reaches the claims derived from it; e2e/phase1-observation.spec.ts: coverage reports the planted gap rather than rounding it away; e2e/phase1-observation.spec.ts: a correction supersedes without overwriting, and states what it did not resolve; apps/api/src/observation/vault/vault.service.ts; migrations/0023 (extraction requires evidence); test/int/phase2-acceptance.test.ts:339; migrations/0022 (immutable evidence); migrations/0023:286-323 (claims link to evidence); test/int/phase2-acceptance.test.ts; migrations/0023:286-323; apps/api/migrations/0022 §6 blob_manifests append-only; apps/api/migrations/0023 claim_lineage; apps/api/test/int/phase1-acceptance.test.ts: A2; apps/api/test/int/phase2-acceptance.test.ts: B2 a correction admits a NEW version","Run the same named fixture on the SaaS, private-cloud and on-premises profiles once they exist (EXC-P0-004: only the local Compose profile exists at 2e83945)","Verified: test/int/phase2-acceptance.test.ts (extraction requires evidence; correction admits a NEW version); test/int/phase1-acceptance.test.ts ""a correction SUPERSEDES without overwriting""."
AU-OBS-0095,"Before admission every intake item is validated for identity, rights, integrity (digest), schema (drift beyond the contract tolerance quarantines), declared-versus-sniffed media type, classification ceiling and tenant; external content remains untrusted evidence until these controls complete, and validation fails closed.",All profiles.,V8:PR-16-001; V2:V02-T-180; V3:L1-C07; V3:V03-T-268; V4:ES-31-005; V7:DP-16-001; V7:DAT-IN-12; V7:DAT-IN-11; V7:DP-10-003,V8:PR-16-001,observation,yes,all,harness,verified:local,P7-D,"apps/api/src/observation/quarantine/quarantine.service.ts; apps/api/src/observation/acquisition/lifecycle.service.ts; apps/web/app/observation/quarantine/page.tsx; apps/api/test/int/phase1-acceptance.test.ts: QUARANTINE AND EVIDENCE ARE SEPARATE VOLUMES; e2e/phase1-observation.spec.ts: 4. collection admits evidence and quarantines the drifted row; 8. quarantine shows the refusal and requires a reason and a second operator; apps/api/test/int/phase1-acceptance.test.ts: every admitted item carries source identity, method, connector version, agent identity and code digest; apps/api/test/int/phase1-acceptance.test.ts: fails closed on schema drift beyond the contract tolerance — QUARANTINE, not admission; apps/api/test/int/phase1-acceptance.test.ts: not_applicable requires a CONTRACT-APPROVED reason; apps/api/src/observation/sweeper/sweeper.service.ts:102-117; apps/api/src/observation/connectors/content-controls.ts; migrations/0022:452,472; test/int/phase1-hostile-input.test.ts; test/int/phase1-fault-injection.test.ts; migrations/0022:452,472 (quarantine); 0022:743,811,883,1003 (registry ports); apps/api/src/observation/sources/source-contract.ts; apps/api/src/policy/pdp.service.ts (default DENY, indeterminate→deny, obligations executed); apps/api/test/unit/pdp.test.ts; apps/api/src/observation/vault/vault.service.ts; apps/api/src/observation/vault/evidence.service.ts; apps/api/migrations/0022 §6-§8 (blob_manifests, blob_tombstones, custody_events, quarantine_events/current); apps/api/test/int/phase1-acceptance.test.ts: A2, A7 vault, A11; apps/api/test/int/phase1-fault-injection.test.ts: F12-F27; EXCEPTIONS.md EXC-P1-001, EXC-P1-002; apps/api/src/observation/acquisition/lifecycle.service.ts (contract revalidated at three points, schema drift tolerance, digest); apps/api/test/int/phase1-acceptance.test.ts: A1 fails closed; EXCEPTIONS.md EXC-P1-001; apps/api/test/int/phase1-hostile-input.test.ts: A10; apps/api/src/observation/connectors/rest.connector.ts; apps/api/src/observation/connectors/rss.connector.ts; L1_CONNECTOR_COVERAGE.md (1 class covered, 4 partial, 15 not implemented); SOURCE_INTEGRATION_STATUS.md §3 (ECB, EU sanctions, World Bank live); apps/api/test/int/phase1-acceptance.test.ts: A2/A6; apps/api/test/int/phase6-scheduled-corrections.test.ts","Run the same named fixture on the SaaS, private-cloud and on-premises profiles once they exist (EXC-P0-004: only the local Compose profile exists at 2e83945); Rights/duplicate/quality review reasons are AU-OBS-0096; anti-malware is AU-OBS-0101; authenticity is AU-OBS-0093.","Verified: test/int/phase1-acceptance.test.ts A1 ""fails closed on schema drift beyond the contract tolerance - QUARANTINE""; test/int/phase1-hostile-input.test.ts A10 (declared versus sniffed type). Locality and quality checks are label checks only."
AU-OBS-0096,"An intake review queue reviews rights, quality and duplicate state (in addition to integrity, schema, type and classification) with quarantine reasons for rights, duplicate and quality and a quality score on the intake item.",V8 ch.16 / CAP-OB-11; all profiles.,V8:PR-16-001; V8:PR-16-002; V8:CAP-OB-11,V8:PR-16-001,observation,yes,all,harness,open,P1,"apps/api/src/observation/quarantine/quarantine.service.ts; apps/api/src/observation/acquisition/lifecycle.service.ts; apps/web/app/observation/quarantine/page.tsx; apps/api/test/int/phase1-acceptance.test.ts: QUARANTINE AND EVIDENCE ARE SEPARATE VOLUMES; e2e/phase1-observation.spec.ts: 4. collection admits evidence and quarantines the drifted row; 8. quarantine shows the refusal and requires a reason and a second operator; apps/api/migrations/0006_objects.sql (identity, owner, times, status, provenance, policy on every canonical object)","Add rights, duplicate and quality quarantine reasons, duplicate state and a quality score to quarantine cases; build the review queue beyond quarantine.",
AU-OBS-0097,"Quarantined content is isolated in a separate volume, cannot enter transformation, retrieval, training or product-serving paths, retains immutable evidence and reason, and is released, rejected or reinspected only by a second operator with a recorded reason.",All profiles; observation.close_quarantine_case enforces second-operator release.,V0:V00-T-124; V8:PR-16-003; V8:PR-16-005; V8:FEX-05; V8:CAP-OB-12; V3:V03-T-078; V3:V03-T-273; V7:DP-16-003; V7:DP-16-005; V7:DAT-IN-13; V7:DZ-03,V0:V00-T-124,observation,yes,all,harness,verified:local,P7-D,"apps/api/src/observation/connectors/content-controls.ts, xml-worker.js, redaction.ts; quarantine (0022); test/int/phase1-hostile-input.test.ts; e2e/phase1-observation.spec.ts: 8. quarantine shows the refusal and requires a reason and a second operator; apps/api/src/policy/pdp.service.ts (observation.quarantine.review); apps/api/test/int/phase1-acceptance.test.ts: fails closed on schema drift beyond the contract tolerance — QUARANTINE, not rejection; apps/api/test/int/phase1-hostile-input.test.ts; apps/web/components/ui.tsx (DegradedBanner, ErrorNote, TruthBadge, LifecycleBadge); apps/api/src/shared/degraded-store.ts; apps/api/test/int/phase1-fault-injection.test.ts; apps/api/test/int/phase1-acceptance.test.ts: QUARANTINE AND EVIDENCE ARE SEPARATE VOLUMES; e2e/phase1-observation.spec.ts: 8.; apps/api/src/observation/quarantine/quarantine.service.ts; apps/api/src/observation/acquisition/lifecycle.service.ts; apps/web/app/observation/quarantine/page.tsx; e2e/phase1-observation.spec.ts: 4. collection admits evidence and quarantines the drifted row; 8. quarantine shows the refusal and requires a reason and a second operator; migrations/0022:452,472; apps/api/src/observation/vault/vault.service.ts; apps/api/src/observation/vault/evidence.service.ts; apps/api/migrations/0022 §6-§8 (blob_manifests, blob_tombstones, custody_events, quarantine_events/current); apps/api/test/int/phase1-acceptance.test.ts: A2, A7 vault, A11; apps/api/test/int/phase1-fault-injection.test.ts: F12-F27; EXCEPTIONS.md EXC-P1-001, EXC-P1-002; apps/api/migrations/0022 §8; apps/api/test/int/phase1-acceptance.test.ts: A7 QUARANTINE AND EVIDENCE ARE SEPARATE VOLUMES; apps/api/src/observation/vault/vault.service.ts (separate quarantine root); apps/api/test/int/phase1-acceptance.test.ts: A7","Run the same named fixture on the SaaS, private-cloud and on-premises profiles once they exist (EXC-P0-004: only the local Compose profile exists at 2e83945); Named eligible reviewer authority is AU-OBS-0098; consumer notification is AU-OBS-0099.","Verified: test/int/phase1-acceptance.test.ts A7 ""QUARANTINE AND EVIDENCE ARE SEPARATE VOLUMES""; e2e/phase1-observation.spec.ts 8 (refusal, reason, second operator); test/int/phase1-hostile-input.test.ts."
AU-OBS-0098,"Uncertain, sensitive or consequential intake cases are routed to an eligible human reviewer with a dedicated rights/legal reviewer authority (named eligible authority, digest, expiry, separation record); automated checks admit only low-risk items within an approved rule set.",V8 ch.16 human-authority boundary as stated; all profiles.,V8:PR-16-003,V8:PR-16-003,observation,yes,all,harness,open,P1,e2e/phase1-observation.spec.ts: 8. quarantine shows the refusal and requires a reason and a second operator; apps/api/src/policy/pdp.service.ts (observation.quarantine.review),Add the rights/legal reviewer role and an approved low-risk auto-admission rule set to the PDP; today the reviewer is any second operator.,
AU-OBS-0099,"When an item is quarantined or a validation fails, the consumers of the affected source are notified and affected derivatives are revoked automatically (not only by an operator-initiated correction walk).","V8 ch.16 / V7 ch.16 failure behaviour, consumer part; all profiles.",V8:PR-16-005; V7:DP-16-005,V8:PR-16-005,observation,yes,all,harness,open,P1,"apps/api/test/int/phase1-acceptance.test.ts: fails closed on schema drift beyond the contract tolerance — QUARANTINE, not rejection; apps/api/test/int/phase1-hostile-input.test.ts; apps/web/components/ui.tsx (DegradedBanner, ErrorNote, TruthBadge, LifecycleBadge); apps/api/src/shared/degraded-store.ts; apps/api/test/int/phase1-fault-injection.test.ts; apps/api/src/observation/quarantine/quarantine.service.ts; apps/api/src/observation/vault/vault.service.ts; apps/api/src/observation/vault/evidence.service.ts; apps/api/migrations/0022 §6-§8 (blob_manifests, blob_tombstones, custody_events, quarantine_events/current); apps/api/test/int/phase1-acceptance.test.ts: A2, A7 vault, A11; apps/api/test/int/phase1-fault-injection.test.ts: F12-F27; EXCEPTIONS.md EXC-P1-001, EXC-P1-002",Emit a consumer notification on quarantine and trigger derivative revocation automatically from quarantine/validation events.,
AU-OBS-0100,"Untrusted content is isolated from agent tools, policy, credentials and cross-tenant context: hostile payloads (SSRF targets, formula-risk cells, archives declared as CSV, XML bombs) are refused or quarantined, XML is parsed in an isolated worker, and prompt-injection text at intake cannot act.",All profiles; content-controls is explicitly not malware detection.,V0:V00-T-124; V0:V00-T-035; V3:V03-T-090; V5:AI-41-005; V7:DP-10-003,V0:V00-T-124,observation,yes,all,harness,verified:local,P7-D,"apps/api/src/observation/connectors/content-controls.ts, xml-worker.js, redaction.ts; quarantine (0022); test/int/phase1-hostile-input.test.ts; apps/api/src/observation/connectors/content-controls.ts, http-client.ts (SSRF refusal), redaction.ts; migrations/0022 quarantine; apps/api/src/observation/connectors/xml-worker.js (isolated parsing); apps/api/src/observation/connectors/content-controls.ts; test/int/phase1-hostile-input.test.ts (a file declared .csv whose bytes are a ZIP is quarantined, not admitted-and-flagged; formula-risk cells classified); apps/api/src/observation/connectors/rest.connector.ts; apps/api/src/observation/connectors/rss.connector.ts; apps/api/src/observation/acquisition/lifecycle.service.ts; L1_CONNECTOR_COVERAGE.md (1 class covered, 4 partial, 15 not implemented); SOURCE_INTEGRATION_STATUS.md §3 (ECB, EU sanctions, World Bank live); apps/api/test/int/phase1-acceptance.test.ts: A2/A6; apps/api/test/int/phase6-scheduled-corrections.test.ts","Run the same named fixture on the SaaS, private-cloud and on-premises profiles once they exist (EXC-P0-004: only the local Compose profile exists at 2e83945)",Verified: test/int/phase1-hostile-input.test.ts (A10 SSRF; zip-as-csv quarantined not admitted-and-flagged; formula-risk classified); xml-worker.js isolated parsing; redaction.ts.
AU-OBS-0101,"Intake includes anti-malware scanning and sandboxed content processing (documents, archives, media) with a malware corpus in the admission suite; a malware finding quarantines the item and denies decision-active use.",All profiles; EXCEPTIONS.md EXC-P1-001 records the absence.,V0:V00-T-035; V8:PR-16-001; V3:L1-C07; V3:V03-T-074; V3:V03-T-268; V4:ES-31-005; V6:IA-33-005; V7:DAT-IN-11; V7:DP-16-001; V7:DP-16-006; V7:SP-22; V7:DP-12-006,V0:V00-T-035,observation,yes,all,harness,open,P1,"apps/api/src/observation/connectors/content-controls.ts, http-client.ts (SSRF refusal), redaction.ts; migrations/0022 quarantine; test/int/phase1-hostile-input.test.ts; apps/api/src/observation/connectors/xml-worker.js (isolated parsing); apps/api/src/observation/quarantine/quarantine.service.ts; apps/api/src/observation/acquisition/lifecycle.service.ts; apps/web/app/observation/quarantine/page.tsx; apps/api/test/int/phase1-acceptance.test.ts: QUARANTINE AND EVIDENCE ARE SEPARATE VOLUMES; e2e/phase1-observation.spec.ts: 4. collection admits evidence and quarantines the drifted row; 8. quarantine shows the refusal and requires a reason and a second operator; apps/api/src/observation/sweeper/sweeper.service.ts:102-117; apps/api/src/observation/connectors/content-controls.ts; migrations/0022:452,472; test/int/phase1-fault-injection.test.ts; migrations/0022:452,472 (quarantine); 0022:743,811,883,1003 (registry ports); apps/api/src/observation/sources/source-contract.ts; apps/api/src/policy/pdp.service.ts (default DENY, indeterminate→deny, obligations executed); apps/api/test/unit/pdp.test.ts; custody preserved); migrations/0014_evidence_deauthorization.sql; EXCEPTIONS.md EXC-P1-001; apps/api/test/int/phase1-hostile-input.test.ts: A10; apps/api/src/observation/vault/vault.service.ts; apps/api/src/observation/vault/evidence.service.ts; apps/api/migrations/0022 §6-§8 (blob_manifests, blob_tombstones, custody_events, quarantine_events/current); apps/api/test/int/phase1-acceptance.test.ts: A2, A7 vault, A11; apps/api/test/int/phase1-fault-injection.test.ts: F12-F27; EXCEPTIONS.md EXC-P1-001, EXC-P1-002; apps/api/src/observation/sources/upload.controller.ts; apps/api/src/observation/connectors/upload.connector.ts; EXC-P1-001; apps/api/src/observation/connectors/upload.connector.ts (PDF/DOCX/CSV); apps/api/src/observation/connectors/content-controls.ts (pdf stored opaque; never parsed); apps/api/migrations/0022 §6 blob_manifests (media_type_declared/sniffed, active_content_risk); apps/api/test/int/phase1-hostile-input.test.ts: A10 declared versus sniffed type",Integrate a malware engine and sandboxed processing for uploads and fetched documents; add the malware/decompression corpus to the intake admission suite; close EXC-P1-001.,
AU-OBS-0102,"Observation workflows apply source reputation, anomaly detection on source behaviour and escalation to human review as signals in intake and coverage.",V0 ch.8 adversarial environment; all profiles.,V0:V00-T-035,V0:V00-T-035,observation,yes,all,harness,open,P1,"apps/api/src/observation/connectors/content-controls.ts, http-client.ts (SSRF refusal), redaction.ts; migrations/0022 quarantine; test/int/phase1-hostile-input.test.ts; apps/api/src/observation/connectors/xml-worker.js (isolated parsing)",Add source-reputation and behavioural anomaly signals to source health with escalation to review; corroboration is AU-INT-0025.,
AU-OBS-0103,"When validation services are unavailable, a digest mismatches or a blob is missing or corrupt, the item fails closed, stays in the restricted evidence boundary and is never served.",All profiles.,V6:IA-33-005; V7:DP-16-005,V6:IA-33-005,observation,yes,all,harness,verified:local,P7-D,"custody preserved); migrations/0014_evidence_deauthorization.sql; test/int/phase1-fault-injection.test.ts; apps/api/src/observation/quarantine/quarantine.service.ts; apps/api/src/observation/vault/vault.service.ts; apps/api/src/observation/vault/evidence.service.ts; apps/api/migrations/0022 §6-§8 (blob_manifests, blob_tombstones, custody_events, quarantine_events/current); apps/api/test/int/phase1-acceptance.test.ts: A2, A7 vault, A11; apps/api/test/int/phase1-fault-injection.test.ts: F12-F27; EXCEPTIONS.md EXC-P1-001, EXC-P1-002","Run the same named fixture on the SaaS, private-cloud and on-premises profiles once they exist (EXC-P0-004: only the local Compose profile exists at 2e83945); Replica restore, malware-finding and retention-conflict paths are AU-DP-0110.","Verified: test/int/phase1-fault-injection.test.ts F12-F27 (digest mismatch, missing/corrupt blob fail closed); migrations/0014 evidence de-authorization."
AU-OBS-0104,"Intake acceptance demonstrates positive and adversarial intake fixtures, negative admission tests, a malware corpus, quarantine escape tests, reviewer separation of duty, digest and custody verification, downstream non-use evidence and evidence restore for the exact capability version, journey, role, tenant or domain, deployment, entitlement, data and model versions, configuration, consequence class and period.",AT-16; all profiles.,V8:PR-16-006; V8:AT-16; V7:DP-16-006,V8:PR-16-006,observation,yes,all,harness,open,P1,"apps/api/src/observation/quarantine/quarantine.service.ts; apps/api/src/observation/acquisition/lifecycle.service.ts; apps/web/app/observation/quarantine/page.tsx; apps/api/test/int/phase1-acceptance.test.ts: QUARANTINE AND EVIDENCE ARE SEPARATE VOLUMES; e2e/phase1-observation.spec.ts: 4. collection admits evidence and quarantines the drifted row; 8. quarantine shows the refusal and requires a reason and a second operator; apps/api/src/observation/vault/vault.service.ts; apps/api/src/observation/vault/evidence.service.ts; apps/api/migrations/0022 §6-§8 (blob_manifests, blob_tombstones, custody_events, quarantine_events/current); apps/api/test/int/phase1-acceptance.test.ts: A2, A7 vault, A11; apps/api/test/int/phase1-fault-injection.test.ts: F12-F27; EXCEPTIONS.md EXC-P1-001, EXC-P1-002","Produce the AT-16 record: add quarantine-escape, malware-corpus and evidence-restore exercises and independent assurance/customer attestation.",
AU-OBS-0105,"Cleaning preserves immutable source evidence and records every decode, extraction, normalization, translation, segmentation, deduplication, unit conversion, redaction and information-loss event under reversible lineage.",V5 ch.41 / AG-005; all profiles.,V5:AI-41-001; V5:AG-005,V5:AI-41-001,observation,yes,all,harness,open,P1,apps/api/src/observation/connectors/upload.connector.ts; apps/api/src/observation/connectors/xml-parse.ts; test/int/phase1-hostile-input.test.ts,Record cleaning transformations and information loss as lineage events (upload.connector.ts/xml-parse.ts decode without loss records); cleaning agent contract.,
AU-OBS-0106,"Classification distinguishes content labels from security classification; a classification agent assigns governed candidate labels with confidence and cannot change access policy or ontology; security, rights or handling changes route through authorized policy or data owners.",V5 ch.41 / AG-006; all profiles.,V5:AI-41-002; V5:AG-006,V5:AI-41-002,observation,yes,all,harness,open,P1,apps/api/src/observation/connectors/upload.connector.ts; apps/api/src/observation/connectors/xml-parse.ts; test/int/phase1-hostile-input.test.ts; test/int/phase1-hostile-input.test.ts (formula-risk classified; type sniffing),Build the classification agent (candidate labels with confidence and review) and route security/rights/handling changes to policy or data owners; today only type sniffing and formula-risk classification.,
AU-OBS-0107,"Deduplication preserves source instances, publication and observation times, corrections, syndication and evidentiary independence rather than deleting similar content.",V5 ch.41; all profiles.,V5:AI-41-003,V5:AI-41-003,observation,yes,all,harness,open,P1,apps/api/src/observation/connectors/upload.connector.ts; apps/api/src/observation/connectors/xml-parse.ts; test/int/phase1-hostile-input.test.ts,Add deduplication with preserved instances/independence (vault does not deduplicate; no duplicate state).,
AU-OBS-0108,"Model- or rule-generated labels carry method, version, confidence, uncertainty, applicable scope and human-review conditions.",All profiles.,V5:AI-41-004,V5:AI-41-004,observation,yes,all,harness,verified:local,P7-D,"test/int/phase2-acceptance.test.ts: B1 (claims carry method, model, version, confidence, lineage; review below threshold)","Run the same named fixture on the SaaS, private-cloud and on-premises profiles once they exist (EXC-P0-004: only the local Compose profile exists at 2e83945)","Verified: test/int/phase2-acceptance.test.ts B1 (claims carry method, model, version, confidence, lineage; review below threshold)."
AU-OBS-0109,"Low-quality, corrupted, unsupported or policy-sensitive evidence is quarantined or routed for review and is never silently normalized into valid input.",All profiles.,V5:AI-41-005,V5:AI-41-005,observation,yes,all,harness,verified:local,P7-D,"test/int/phase1-hostile-input.test.ts (a file declared .csv whose bytes are a ZIP is quarantined, not admitted-and-flagged; formula-risk cells classified)","Run the same named fixture on the SaaS, private-cloud and on-premises profiles once they exist (EXC-P0-004: only the local Compose profile exists at 2e83945)","Verified: test/int/phase1-hostile-input.test.ts (a file declared .csv whose bytes are a ZIP is quarantined, not admitted-and-flagged). | repair 2026-09-10: local evidence confirmed: the parenthesised description is the verbatim it()/describe() title or line range of the case"
AU-OBS-0110,"Coverage is measured per contract as expected versus actual coverage, freshness, completeness, latency and collection success, each measurement storing its evaluation instant, window, universe and calc version; a planted gap is reported rather than rounded away; coverage universe and blind spots are reconciled.",All profiles.,V0:V00-T-034; V0:V00-T-123; V8:PR-10-002; V2:V02-T-025; V2:V02-T-029; V3:L1-C08; V3:V03-T-270; V4:ES-31-008; V7:DP-58-001; V7:DP-58-002; V7:DQM-003; V7:DQM-004; V7:DQM-005; V7:DQM-006; V10:IR-14-003,V0:V00-T-034,observation,yes,all,harness,verified:local,P7-D,"migrations/0022 coverage_measurements (expected vs actual coverage, freshness, completeness, latency); apps/api/src/observation/coverage/facts.service.ts; migrations/0040 scheduled attempt faults; e2e/phase1-observation.spec.ts '5. coverage reports the planted gap'; migrations/0022 coverage_measurements, source_health_events; migrations/0040 attempt faults; e2e/phase1-observation.spec.ts '5', '6'; apps/api/migrations/0006_objects.sql (identity, owner, times, status, provenance, policy on every canonical object); apps/api/src/observation/coverage/coverage.service.ts; apps/api/src/observation/scheduling/scheduler.service.ts; apps/api/migrations/0038_scheduled_collection.sql; 0040_scheduled_attempt_faults.sql; apps/web/app/observation/page.tsx (Collection status, Source health, Needs attention); apps/api/test/int/phase1-acceptance.test.ts: A6 — coverage, health, and the honesty of unknown; apps/api/test/int/phase6-scheduled-collection.test.ts: RESTART RECOVERY; apps/api/src/observation/sources/sources.service.ts; e2e/phase1-observation.spec.ts: coverage reports the planted gap rather than rounding it away; apps/api/test/int/phase1-acceptance.test.ts: every measurement stores its evaluation instant, window, universe and calc version; apps/api/src/observation/vault/vault.service.ts; apps/api/src/objects/outbox.publisher.ts; apps/api/test/int/phase1-acceptance.test.ts: PUBLISHER LAG is recorded distinctly from COLLECTION FAILURE; apps/api/test/int/phase1-acceptance.test.ts: health replay from stored events is deterministic; apps/api/test/int/phase1-acceptance.test.ts: unknown, indeterminate and insufficient_evidence NEVER map to a healthy state; apps/api/src/observation/coverage/coverage.service.ts:49; migrations/0022:503,550,2073 (observation.replay_health); apps/web/app/observation/sources; test/int/phase1-acceptance.test.ts; migrations/0022:503,550; apps/api/src/observation/coverage/coverage.service.ts:49 (9 dimensions); apps/api/src/observation/coverage/facts.service.ts (facts from admitted objects, stored evaluation instant); apps/api/migrations/0022 §8 source_health_events; contract freshness_threshold_seconds, coverage universe; apps/web/app/observation/sources/[sourceId]/page.tsx; apps/web/app/prediction/forecasts/page.tsx (DEGRADED banner); apps/api/test/int/phase1-acceptance.test.ts: A6 unknown never healthy, PUBLISHER LAG distinct, health replay deterministic; apps/api/test/int/phase6-scheduled-collection.test.ts: UNCHANGED response confirmed, freshness advanced; apps/api/src/observation/coverage/coverage.service.ts (freshness vs contract threshold); apps/api/test/int/phase1-acceptance.test.ts: A6; apps/api/src/observation/coverage/coverage.service.ts (expected vs actual coverage, completeness insufficient_evidence); apps/api/src/observation/coverage/coverage.service.ts (coverage universe per contract); apps/api/src/observation/coverage/coverage.service.ts (blind spots, degraded regions displayed in their own right); apps/api/src/observation/sources/source-contract.ts (authority_and_rights.rights_state, purposes, classification_ceiling, freshness_expectation, correction_channel); apps/api/migrations/0022_observation_registry_and_evidence.sql (custody, tombstones); test/int/phase1-acceptance.test.ts: A1 the registered contract carries the complete §7 field set; A2 chain of custody and byte-identical retrieval; a retrieval writes its custody entry; test/int/domain-isolation.test.ts; test/int/phase6-scheduled-collection.test.ts; test/int/phase1-acceptance.test.ts: A6 coverage, health, and the honesty of unknown; test/int/phase3-acceptance.test.ts: the entity records WHICH resolved, WHEN, BY WHAT SCORE and under WHAT rule; test/int/phase2-acceptance.test.ts: B1 claims carry method, model, version, confidence and evidence lineage; e2e/phase1-observation.spec.ts: 10. a known-at query reproduces the pre-correction state","Run the same named fixture on the SaaS, private-cloud and on-premises profiles once they exist (EXC-P0-004: only the local Compose profile exists at 2e83945); Authenticity and correction-propagation time as indicators are AU-OBS-0093 / AU-DP-0156; blind spots measured rather than declared is AU-OBS-0113; coverage of derived products is AU-DP-0160.","Verified: test/int/phase1-acceptance.test.ts A6 ""coverage, health, and the honesty of unknown"", ""every measurement stores its evaluation instant, window, universe and calc version""; e2e/phase1-observation.spec.ts 5. IR-14-003 (V10) is explanatory."
AU-OBS-0111,"Unknown, indeterminate and insufficient_evidence never map to a healthy state; publisher lag is recorded distinctly from collection failure; the health timeline replays deterministically from stored events; successful pipeline execution never proves freshness or coverage; stale source state remains visible.",All profiles.,V8:PR-10-005; V8:FEX-04; V2:V02-T-029; V3:V03-T-076; V5:AI-39-004; V7:DP-58-003,V8:PR-10-005,observation,yes,all,harness,verified:local,P7-D,"apps/api/test/int/phase1-acceptance.test.ts: unknown, indeterminate and insufficient_evidence NEVER map to a healthy state; health replay from stored events is deterministic; apps/api/test/int/phase6-scheduled-collection.test.ts: a FAILED run: the publisher answers 500; apps/web/components/ui.tsx (DegradedBanner, ErrorNote, TruthBadge, LifecycleBadge); apps/api/src/shared/degraded-store.ts; apps/api/test/int/phase1-fault-injection.test.ts; apps/api/test/int/phase1-acceptance.test.ts: A6 — coverage ... honesty of unknown; e2e/phase1-observation.spec.ts: 5.; apps/api/src/observation/vault/vault.service.ts; apps/api/src/observation/coverage/facts.service.ts; apps/api/src/objects/outbox.publisher.ts; apps/api/test/int/phase1-acceptance.test.ts: PUBLISHER LAG is recorded distinctly from COLLECTION FAILURE; apps/api/test/int/phase1-acceptance.test.ts: health replay from stored events is deterministic; apps/api/src/observation/coverage/coverage.service.ts:49 (freshness dimension); apps/web/app/observation/sources; apps/api/src/observation/coverage/coverage.service.ts; test/int/phase6-scheduled-collection.test.ts (UNCHANGED confirmed; FAILED; REFUSED); apps/api/src/observation/coverage/facts.service.ts (facts from admitted objects, stored evaluation instant); apps/api/migrations/0022 §8 source_health_events; contract freshness_threshold_seconds, coverage universe; apps/web/app/observation/sources/[sourceId]/page.tsx; apps/web/app/prediction/forecasts/page.tsx (DEGRADED banner); apps/api/test/int/phase1-acceptance.test.ts: A6 unknown never healthy, PUBLISHER LAG distinct, health replay deterministic; apps/api/test/int/phase6-scheduled-collection.test.ts: UNCHANGED response confirmed, freshness advanced","Run the same named fixture on the SaaS, private-cloud and on-premises profiles once they exist (EXC-P0-004: only the local Compose profile exists at 2e83945)",Verified: test/int/phase1-acceptance.test.ts A6 (unknown never healthy; PUBLISHER LAG distinct; health replay deterministic); e2e/phase1-observation.spec.ts (health timeline replays).
AU-OBS-0112,"Health state distinguishes source silence, collection failure, access denial, true absence, stale data, schema drift and policy restriction as distinct states.",V5 ch.39; all profiles.,V5:AI-39-004; V5:AI-39-001,V5:AI-39-004,observation,yes,all,harness,open,P1,apps/api/src/observation/coverage/coverage.service.ts; test/int/phase6-scheduled-collection.test.ts (UNCHANGED confirmed; FAILED; REFUSED); apps/api/src/observation/sources/source-contract.ts; apps/api/src/observation/agents/agents.service.ts; apps/api/src/observation/vault/vault.service.ts; migrations/0022_observation_registry_and_evidence.sql; test/int/phase1-acceptance.test.ts,"Extend the health taxonomy (coverage.service.ts) with silence, access denial, true absence, schema drift and policy restriction; today UNCHANGED/FAILED/REFUSED and coverage dimensions only.",
AU-OBS-0113,"The observation layer models its field of view across sources: regional blind spots, licensing exclusions and sampling bias are measured (not declared STRUCTURALLY_UNKNOWN) so downstream systems distinguish ""no event occurred"" from ""could not observe"", and representativeness is measured.",All profiles.,V0:V00-T-034; V0:V00-T-008; V8:PR-10-001; V8:CAP-OB-03; V8:PR-10-002; V1:V01-T-009,V0:V00-T-034,observation,yes,all,harness,open,P1,"migrations/0022 coverage_measurements (expected vs actual coverage, freshness, completeness, latency); apps/api/src/observation/coverage/facts.service.ts; migrations/0040 scheduled attempt faults; e2e/phase1-observation.spec.ts '5. coverage reports the planted gap'; L1_CONNECTOR_COVERAGE.md; apps/api/src/observation/coverage/coverage.service.ts; apps/api/src/observation/scheduling/scheduler.service.ts; apps/api/migrations/0038_scheduled_collection.sql; 0040_scheduled_attempt_faults.sql; apps/web/app/observation/page.tsx (Collection status, Source health, Needs attention); apps/api/test/int/phase1-acceptance.test.ts: A6 — coverage, health, and the honesty of unknown; apps/api/test/int/phase6-scheduled-collection.test.ts: RESTART RECOVERY; apps/api/migrations/0006_objects.sql (identity, owner, times, status, provenance, policy on every canonical object); see C-012, C-013, C-014; V00-T-119…125","Build the product-wide field-of-view model (blind-spot objects per region/licence/sample) consumed by forecasts and twins; today blind spots, authenticity and degraded regions are declared STRUCTURALLY_UNKNOWN.",
AU-OBS-0114,"The observation operations centre operates against explicit priorities, coverage targets and freshness SLOs, with quality-SLO objects and attainment measures, incident objects and an incident workflow.",V8 ch.10 / CAP-OB-03; all profiles.,V8:PR-10-001; V8:CAP-OB-03; V8:PR-10-002; V10:R-10; V10:IR-21-003,V8:PR-10-001,observation,yes,all,harness,open,P1,"apps/api/src/observation/coverage/coverage.service.ts; apps/api/src/observation/scheduling/scheduler.service.ts; apps/api/migrations/0038_scheduled_collection.sql; 0040_scheduled_attempt_faults.sql; apps/web/app/observation/page.tsx (Collection status, Source health, Needs attention); apps/api/test/int/phase1-acceptance.test.ts: A6 — coverage, health, and the honesty of unknown; apps/api/test/int/phase6-scheduled-collection.test.ts: RESTART RECOVERY; apps/api/migrations/0006_objects.sql (identity, owner, times, status, provenance, policy on every canonical object); apps/api/src/observation/corrections/corrections.service.ts; apps/api/src/graph/entities/resolution.service.ts; test/int/phase3-corrections.test.ts; test/int/phase3-acceptance.test.ts: C2 an uncertain resolution cannot merge silently; apps/api/src/observation/sources/source-contract.ts (authority_and_rights.rights_state, purposes, classification_ceiling, freshness_expectation, correction_channel); apps/api/migrations/0022_observation_registry_and_evidence.sql (custody, tombstones); test/int/phase1-acceptance.test.ts: A1 the registered contract carries the complete §7 field set; A2 chain of custody and byte-identical retrieval; a retrieval writes its custody entry; test/int/domain-isolation.test.ts; test/int/phase6-scheduled-collection.test.ts","Add priority, coverage/freshness SLO and incident objects with attainment measurement and an incident workflow to the operations view (Collection status, Source health, Needs attention exist).",R-10 and IR-21-003 are V10 (explanatory) statements of the SLO obligation.
AU-OBS-0115,"Automation may schedule and recover collection only inside approved contracts; humans set priorities, accept material blind spots and authorize source substitution, each with a named eligible authority, digest, expiry and separation record.",V8 ch.10 human-authority boundary; all profiles.,V8:PR-10-003,V8:PR-10-003,observation,yes,all,harness,open,P1,apps/api/src/policy/pdp.service.ts; apps/api/test/unit/pdp.test.ts; apps/api/test/int/gate22-authority-matrix.test.ts: no port succeeds on a role outside its grantee set,"Encode the ch.10 boundary as PDP rules with authority records (priority setting, blind-spot acceptance, substitution authorization); today approximated by coarse roles (gate22-authority-matrix).",
AU-OBS-0116,"A SourceHealthChanged domain event is emitted on freshness, completeness, authenticity, latency or coverage state change and initiates an exception or remediation workflow.",All profiles.,V3:L1-I04; V3:L1-C08,V3:L1-I04,observation,yes,all,harness,open,P1,"apps/api/src/observation/coverage/coverage.service.ts; apps/api/src/observation/coverage/coverage.service.ts:49; apps/api/src/observation/coverage/facts.service.ts; migrations/0022:503,550,2073 (observation.replay_health); apps/web/app/observation/sources; test/int/phase1-acceptance.test.ts",Emit SourceHealthChanged from coverage.service.ts through the outbox and wire an exception/remediation workflow consumer.,
AU-OBS-0117,"Derived products (claims, forecasts, twins, decisions) receive source-health impact markers; collection failures and failed or indeterminate coverage state alter dependent product quality and constrain downstream use automatically, with consequence and confidence impact computed.",All profiles.,V8:FEX-04; V3:V03-T-077; V3:V03-T-275; V3:L1-C08; V4:ES-31-008; V4:V04-T-020; V7:DP-58-005,V8:FEX-04,observation,yes,all,harness,open,P1,"apps/api/test/int/phase1-acceptance.test.ts: A6 — coverage ... honesty of unknown; e2e/phase1-observation.spec.ts: 5.; apps/api/src/observation/coverage/coverage.service.ts:49; migrations/0040; apps/api/src/observation/coverage/facts.service.ts; migrations/0022:503,550,2073 (observation.replay_health); apps/web/app/observation/sources; test/int/phase1-acceptance.test.ts; apps/api/src/observation/coverage/coverage.service.ts:49 (9 dimensions); apps/api/src/observation/fault-injection.ts (F01–F46); test/int/phase1-fault-injection.test.ts; test/int/phase6-scheduled-corrections.test.ts; apps/api/src/observation/coverage/coverage.service.ts; apps/api/src/observation/coverage/facts.service.ts (facts from admitted objects, stored evaluation instant); apps/api/migrations/0022 §8 source_health_events; contract freshness_threshold_seconds, coverage universe; apps/web/app/observation/sources/[sourceId]/page.tsx; apps/web/app/prediction/forecasts/page.tsx (DEGRADED banner); apps/api/test/int/phase1-acceptance.test.ts: A6 unknown never healthy, PUBLISHER LAG distinct, health replay deterministic; apps/api/test/int/phase6-scheduled-collection.test.ts: UNCHANGED response confirmed, freshness advanced",Propagate source-health state as impact markers onto derived products (fitness/quality fields) and constrain decision-active use when coverage is failed/indeterminate; compute consequence/confidence impact of missing dimensions.,
AU-OBS-0118,Coverage gaps enter warning and decision packages as explicit limitations.,All profiles; V3 ch.9 degraded behaviour and V4 ES-31-009 table.,V3:V03-T-080; V4:V04-T-020; V4:ES-31-009,V3:V03-T-080,observation,yes,all,harness,open,P4,apps/api/src/observation/coverage/coverage.service.ts (gaps computed); apps/api/src/observation/fault-injection.ts (F01–F46); test/int/phase1-fault-injection.test.ts; test/int/phase6-scheduled-corrections.test.ts,Attach computed coverage gaps to warnings (WRN) and decision packages (DPK) as limitation items.,
AU-OBS-0119,"When freshness expires, the product shows the last verified state with visible expiry, the cutoff, expected arrival, impact and next action, and reconciles products when a fresh source is admitted.",FEX-03 mode; all profiles.,V8:FEX-03; V7:DP-58-005,V8:FEX-03,observation,yes,all,harness,open,P1,"apps/web/components/observation.tsx (HealthBadge); apps/api/migrations/0029 (attention_state on forecasts); apps/api/src/observation/coverage/coverage.service.ts; apps/api/src/observation/coverage/facts.service.ts (facts from admitted objects, stored evaluation instant); apps/api/migrations/0022 §8 source_health_events; contract freshness_threshold_seconds, coverage universe; apps/web/app/observation/sources/[sourceId]/page.tsx; apps/web/app/prediction/forecasts/page.tsx (DEGRADED banner); apps/api/test/int/phase1-acceptance.test.ts: A6 unknown never healthy, PUBLISHER LAG distinct, health replay deterministic; apps/api/test/int/phase6-scheduled-collection.test.ts: UNCHANGED response confirmed, freshness advanced",Show expected arrival and next action alongside expiry (HealthBadge and forecast attention_state show expiry only).,
AU-OBS-0120,"When coverage falls below target, sources conflict or disappear, freshness expires or collection is constrained by law, cost, capacity or security, the last-verified coverage and degraded intervals are declared per source, evidence is preserved and warnings fold fail-closed; incomplete state is never represented as current and complete.",All profiles.,V8:PR-10-005; V8:FEX-04; V7:DP-58-005,V8:PR-10-005,observation,yes,all,harness,verified:local,P7-D,"apps/api/test/int/phase1-acceptance.test.ts: unknown, indeterminate and insufficient_evidence NEVER map to a healthy state; health replay from stored events is deterministic; apps/api/test/int/phase6-scheduled-collection.test.ts: a FAILED run: the publisher answers 500; apps/web/components/ui.tsx (DegradedBanner, ErrorNote, TruthBadge, LifecycleBadge); apps/api/src/shared/degraded-store.ts; apps/api/test/int/phase1-fault-injection.test.ts; apps/api/test/int/phase1-acceptance.test.ts: A6 — coverage ... honesty of unknown; e2e/phase1-observation.spec.ts: 5.; apps/api/src/observation/coverage/coverage.service.ts; apps/api/src/observation/coverage/facts.service.ts (facts from admitted objects, stored evaluation instant); apps/api/migrations/0022 §8 source_health_events; contract freshness_threshold_seconds, coverage universe; apps/web/app/observation/sources/[sourceId]/page.tsx; apps/web/app/prediction/forecasts/page.tsx (DEGRADED banner); apps/api/test/int/phase1-acceptance.test.ts: A6 unknown never healthy, PUBLISHER LAG distinct, health replay deterministic; apps/api/test/int/phase6-scheduled-collection.test.ts: UNCHANGED response confirmed, freshness advanced","Run the same named fixture on the SaaS, private-cloud and on-premises profiles once they exist (EXC-P0-004: only the local Compose profile exists at 2e83945); Consumer-impact routing, incident record and consequence-specific escalation are AU-OBS-0114/AU-OBS-0117.",Verified: test/int/phase1-acceptance.test.ts A6; test/int/phase6-scheduled-collection.test.ts (FAILED run); DegradedBanner/TruthBadge/LifecycleBadge in apps/web/components/ui.tsx.
AU-OBS-0121,"Observation-operations acceptance demonstrates coverage dashboards reconciled to source evidence, blind-spot drills, freshness SLOs, missing-source simulations, denominator validation, fallback tests, expiry propagation, user comprehension and operator acceptance for the exact capability version, journey, role, tenant or domain, deployment, entitlement, data and model versions, configuration, consequence class and period.",AT-10; all profiles.,V8:PR-10-006; V8:AT-10; V7:DP-58-006,V8:PR-10-006,observation,yes,all,harness,open,P1,"apps/api/src/observation/coverage/coverage.service.ts; apps/api/src/observation/scheduling/scheduler.service.ts; apps/api/migrations/0038_scheduled_collection.sql; 0040_scheduled_attempt_faults.sql; apps/web/app/observation/page.tsx (Collection status, Source health, Needs attention); apps/api/test/int/phase1-acceptance.test.ts: A6 — coverage, health, and the honesty of unknown; apps/api/test/int/phase6-scheduled-collection.test.ts: RESTART RECOVERY; apps/api/src/observation/coverage/facts.service.ts (facts from admitted objects, stored evaluation instant); apps/api/migrations/0022 §8 source_health_events; contract freshness_threshold_seconds, coverage universe; apps/web/app/observation/sources/[sourceId]/page.tsx; apps/web/app/prediction/forecasts/page.tsx (DEGRADED banner); apps/api/test/int/phase1-acceptance.test.ts: A6 unknown never healthy, PUBLISHER LAG distinct, health replay deterministic; apps/api/test/int/phase6-scheduled-collection.test.ts: UNCHANGED response confirmed, freshness advanced","Produce the AT-10 record with blind-spot drills, missing-source simulations, fallback tests and independent assurance/customer acceptance.",
AU-OBS-0122,"Evidence-health facts (coverage, blind spots, freshness, completeness, correction and withdrawal) and observe-to-evidence flow evidence (step duration, end-to-end age, queue/wait time, retry, compensation, product and recovery state) are aggregated in an observability plane with metrics, dashboards and alerts across the estate.",V2 observability OBSERVE plane; V3 ch.30 flow evidence; all profiles.,V2:V02-T-200; V3:V03-T-277,V2:V02-T-200,observation,yes,all,harness,open,P7-D,apps/api/src/observation/coverage/coverage.service.ts; apps/web/app/observation/sources/[sourceId]/page.tsx; e2e/phase1-observation.spec.ts: the health timeline replays deterministically from stored events; apps/api/test/int/phase1-acceptance.test.ts: health replay from stored events is deterministic; apps/api/src/shared/correlation.ts; apps/api/src/audit/audit.service.ts; migrations/0015 (outbox retry/lease); migrations/0022:322-347 (attempt causation),"Add the four-plane observability telemetry (metrics endpoint, dashboards, alerts) over per-source health facts and flow execution/trust/product/recovery state.",
AU-OBS-0123,"Correction, withdrawal, retraction, supersession and changed rights are received as versioned correction events that supersede without overwriting, keep the prior version retrievable, state what they did not resolve, and a spoofed correction claiming another domain's evidence resolves nothing.",All profiles.,V0:V00-T-125; V2:V02-T-181; V3:L1-C09; V3:L1-I05; V3:V03-T-053; V5:AI-39-005,V0:V00-T-125,observation,yes,all,harness,verified:local,P7-D,"migrations/0022 correction_events/correction_current; migrations/0025/0034 impact and invalidation walk; test/int/phase3-corrections.test.ts 'an EVIDENCE correction reaches the claims derived from it'; test/int/phase5-propagation.test.ts; apps/api/test/int/phase1-acceptance.test.ts: a correction SUPERSEDES without overwriting, and the prior version stays retrievable; apps/api/test/int/phase3-corrections.test.ts: an EVIDENCE correction reaches the claims derived from it; e2e/phase1-observation.spec.ts: coverage reports the planted gap rather than rounding it away; e2e/phase1-observation.spec.ts: a correction supersedes without overwriting, and states what it did not resolve; apps/api/src/observation/corrections/corrections.service.ts:24-25; migrations/0022:579,597,1528,1555; test/int/phase1-acceptance.test.ts:702,731,751,770,805,939; test/int/phase3-corrections.test.ts; apps/api/src/observation/corrections/corrections.service.ts; migrations/0022:1528,1555; test/int/phase1-acceptance.test.ts:702-805; apps/api/src/objects/objects.service.ts:91-121; migrations/0041:137; test/int/phase1-acceptance.test.ts; test/int/phase3-acceptance.test.ts: C6","Run the same named fixture on the SaaS, private-cloud and on-premises profiles once they exist (EXC-P0-004: only the local Compose profile exists at 2e83945)","Verified: test/int/phase1-acceptance.test.ts A8 ""correction, withdrawal, supersession"", ""a SPOOFED correction resolves nothing""; e2e/phase1-observation.spec.ts 9-10; test/int/phase3-corrections.test.ts."
AU-OBS-0124,"When a source is corrected, withdrawn, retracted or prohibited, the downstream objects derived from it (claims, twins, forecasts, packages) are identified and marked through the impact walk.","All profiles; operator-initiated walk, or automatic on CorrectionApplied where a propagation agent is registered (0060).",V0:V00-T-125; V2:V02-T-181; V2:V02-T-028; V1:V01-T-009,V0:V00-T-125,observation,yes,all,harness,verified:local,P7-D,"migrations/0022 correction_events/correction_current; migrations/0025/0034 impact and invalidation walk; test/int/phase3-corrections.test.ts 'an EVIDENCE correction reaches the claims derived from it'; test/int/phase5-propagation.test.ts; apps/api/test/int/phase1-acceptance.test.ts: a correction SUPERSEDES without overwriting, and the prior version stays retrievable; apps/api/test/int/phase3-corrections.test.ts: an EVIDENCE correction reaches the claims derived from it; e2e/phase1-observation.spec.ts: coverage reports the planted gap rather than rounding it away; e2e/phase1-observation.spec.ts: a correction supersedes without overwriting, and states what it did not resolve; apps/api/src/observation/sources/source-contract.ts (authority_and_rights.purposes, rights_state, classification_ceiling, freshness_expectation, coverage_expectations, correction_channel); apps/api/test/int/phase1-acceptance.test.ts: the registered contract carries the complete §7 field set; see C-012, C-013, C-014; V00-T-119…125; apps/api/test/int/phase6-propagation-consumer.test.ts","Run the same named fixture on the SaaS, private-cloud and on-premises profiles once they exist (EXC-P0-004: only the local Compose profile exists at 2e83945); Continuous (event-driven) propagation and closure are AU-DP-0041/AU-DP-0042.","Verified: test/int/phase3-corrections.test.ts ""an EVIDENCE correction reaches the claims derived from it""; test/int/phase5-propagation.test.ts. V01-T-009 is explanatory."
AU-OBS-0125,"The ObservationRecorded event is committed to the outbox only after evidence identity and custody are durable, and is published at-least-once with idempotent job ids.",All profiles.,V2:V02-T-029; V3:L1-I03; V3:V03-T-271,V2:V02-T-029,observation,yes,all,harness,verified:local,P7-D,"apps/api/src/observation/vault/vault.service.ts; apps/api/src/observation/coverage/facts.service.ts; apps/api/src/objects/outbox.publisher.ts; apps/api/test/int/phase1-acceptance.test.ts: PUBLISHER LAG is recorded distinctly from COLLECTION FAILURE; apps/api/test/int/phase1-acceptance.test.ts: health replay from stored events is deterministic; apps/api/test/int/phase1-acceptance.test.ts: unknown, indeterminate and insufficient_evidence NEVER map to a healthy state; apps/api/src/objects/outbox.publisher.ts:74-96; migrations/0015_outbox_hardening.sql; test/int/gate22-outbox-hardening.test.ts:49,63,88,114; migrations/0015; test/int/gate22-outbox-hardening.test.ts","Run the same named fixture on the SaaS, private-cloud and on-premises profiles once they exist (EXC-P0-004: only the local Compose profile exists at 2e83945)",Verified: test/int/gate22-outbox-hardening.test.ts; migrations/0015 (outbox row written in the committing transaction).
AU-OBS-0126,"ObservationRecorded, SourceHealthChanged and CorrectionReceived carry an event schema version and have registered consumers (the intelligence layer and the correction consumer) that subscribe idempotently.",All profiles.,V3:L1-I03; V3:L1-I05; V3:V03-T-271,V3:L1-I03,observation,yes,all,harness,open,P1,"apps/api/src/objects/outbox.publisher.ts:74-96; migrations/0015_outbox_hardening.sql; test/int/gate22-outbox-hardening.test.ts:49,63,88,114; apps/api/src/observation/corrections/corrections.service.ts; migrations/0022:1528,1555; test/int/phase1-acceptance.test.ts:702-805; migrations/0015; test/int/gate22-outbox-hardening.test.ts; apps/api/src/objects/outbox.publisher.ts (CorrectionApplied routed); apps/api/src/graph/propagation/propagation-consumer.service.ts; apps/api/test/int/phase6-propagation-consumer.test.ts",Add event schema versions and the extraction trigger on ObservationRecorded; the CorrectionApplied consumer subscribes idempotently since 0060 (AU-MEM-0108/0109) — the apply event is named CorrectionApplied from 0060 (until then it re-used CorrectionReceived).,
AU-OBS-0127,"Search over intelligence metadata is permission-aware, never returns evidence bytes, does not act as an oracle for absence, and discloses its result cap (MAX 50) so relevance is not represented as completeness.",All profiles; metadata search only.,V8:PR-11-001; V8:CAP-OB-04; V8:JRN-03; V8:PR-11-003,V8:PR-11-001,observation,yes,all,harness,verified:local,P7-D,"apps/api/src/graph/search/search.service.ts; apps/web/app/graph/search/page.tsx; apps/api/test/int/phase3-acceptance.test.ts: C4 — search is permission-aware, and absence is not an oracle; search reads METADATA — it never returns evidence bytes; apps/api/test/int/phase3-acceptance.test.ts: C4; apps/api/test/int/phase2-acceptance.test.ts; apps/api/src/policy/pdp.service.ts; apps/api/test/unit/pdp.test.ts; apps/api/test/int/gate22-authority-matrix.test.ts: no port succeeds on a role outside its grantee set","Run the same named fixture on the SaaS, private-cloud and on-premises profiles once they exist (EXC-P0-004: only the local Compose profile exists at 2e83945); Semantic/hybrid retrieval is AU-DP-0115; saved state/reproduction is AU-OBS-0128.","Verified: test/int/phase3-acceptance.test.ts C4 ""search is permission-aware, and absence is not an oracle"", ""search reads METADATA - it never returns evidence bytes""."
AU-OBS-0128,"Research intent, query, scope, filters, source set, result rank, evidence items, citations, saved searches, alert subscriptions and retrieval snapshots are persisted with identity, owner, effective time, status, provenance and policy so a result set can be reproduced under its cutoff.",V8 ch.11 object model; all profiles.,V8:PR-11-002; V8:PR-11-001; V8:PR-11-005,V8:PR-11-002,observation,yes,all,harness,open,P3,"apps/api/migrations/0006_objects.sql (identity, owner, times, status, provenance, policy on every canonical object); apps/api/src/graph/search/search.service.ts; apps/web/app/graph/search/page.tsx; apps/api/test/int/phase3-acceptance.test.ts: C4 — search is permission-aware, and absence is not an oracle; search reads METADATA — it never returns evidence bytes; apps/web/components/ui.tsx (DegradedBanner, ErrorNote, TruthBadge, LifecycleBadge); apps/api/src/shared/degraded-store.ts; apps/api/test/int/phase1-fault-injection.test.ts",Persist query/result-set/scope/citation objects and a query snapshot with cutoff-bound reproduction (research workspace).,
AU-OBS-0129,"A Search Agent executes only against registered providers, indexes, domains, enterprise repositories and graph surfaces approved for the task and customer domain, with versioned search plans preserving original and expanded queries, languages, time, geography, source classes, provider selection, ranking, stopping and known coverage limits.",V5 ch.40; all profiles.,V5:AI-40-001; V5:AI-40-002; V5:AG-003,V5:AI-40-001,observation,yes,all,harness,open,P1,,Build the Search Agent with a provider/index registry and versioned search plans (no external search exists).,
AU-OBS-0130,"Search results remain untrusted discovery metadata until Collection and Evidence admission validate source, content, integrity, rights, classification and custody.",V5 ch.40 boundary; all profiles.,V5:AI-40-003,V5:AI-40-003,observation,yes,all,harness,open,P1,,Enforce discovery-versus-evidence separation on the Search Agent output.,
AU-OBS-0131,"Search diversifies sources, preserves contradicting and minority evidence and exposes ranking, provider, language and availability bias material to the task; ranking never conceals policy, coverage, recency, uncertainty or omitted-source limits.",V5 ch.40 / V8 ch.11 boundary; all profiles.,V8:PR-11-003; V5:AI-40-004,V8:PR-11-003,observation,yes,all,harness,open,P1,apps/api/src/policy/pdp.service.ts; apps/api/test/unit/pdp.test.ts; apps/api/test/int/gate22-authority-matrix.test.ts: no port succeeds on a role outside its grantee set,Add bias exposure and omitted-source disclosure to search results.,
AU-OBS-0132,"Search history and provider logs follow tenant, purpose, classification, retention, residency, minimization and customer-control policy.",V5 ch.40; all profiles.,V5:AI-40-005,V5:AI-40-005,observation,yes,all,harness,open,P1,,Apply policy to search history/provider logs once the Search Agent exists.,
AU-OBS-0133,"When retrieval is incomplete, stale, policy-filtered, contradictory, unavailable or cannot reproduce the cited result set, the limitations and coverage are labelled, the query snapshot is preserved, safe refinement is offered and unsupported conclusion or citation is prevented.",V8 ch.11 failure behaviour; all profiles.,V8:PR-11-005,V8:PR-11-005,observation,yes,all,harness,open,P3,"apps/web/components/ui.tsx (DegradedBanner, ErrorNote, TruthBadge, LifecycleBadge); apps/api/src/shared/degraded-store.ts; apps/api/test/int/phase1-fault-injection.test.ts","Add a retrieval continuity contract (limitation labels, snapshot, refinement) beyond the generic degraded banner.",
AU-OBS-0134,"Search acceptance demonstrates golden-query relevance tests, permission trimming, temporal replay, citation resolution, omitted-source disclosure and analyst acceptance for the exact capability version, journey, role, tenant or domain, deployment, entitlement, data and model versions, configuration, consequence class and period.",AT-11; all profiles.,V8:PR-11-006; V8:AT-11,V8:PR-11-006,observation,yes,all,harness,open,P3,"apps/api/src/graph/search/search.service.ts; apps/web/app/graph/search/page.tsx; apps/api/test/int/phase3-acceptance.test.ts: C4 — search is permission-aware, and absence is not an oracle; search reads METADATA — it never returns evidence bytes",Produce the AT-11 record with golden queries and analyst acceptance.,
AU-OBS-0135,"Authorized users translate objectives, risks, hypotheses, entities, geographies, markets, competitors and time horizons into governed collection plans, watchlists and saved searches with triggers, owners, budgets, priorities and expiry linked to coverage gaps.",V8 ch.15 / CAP-OB-05 / CAP-OB-10; all profiles.,V8:PR-15-001; V8:CAP-OB-05; V8:CAP-OB-10,V8:PR-15-001,observation,yes,all,harness,open,P1,,"Build collection plans, watchlists and saved searches (nothing named plan or watchlist exists).",
AU-OBS-0136,"Plan identity, sponsor, objective, priority, scope, source set, query, cadence, budget, trigger, owner, review, expiry and outcome linkage are persisted with explicit identity, owner, effective time, status, provenance and policy.",V8 ch.15 object model.,V8:PR-15-002,V8:PR-15-002,observation,yes,all,harness,open,P1,,Model plan/watchlist objects with the canonical header.,
AU-OBS-0137,"AI may recommend collection gaps and priorities; humans approve purpose, budget, sensitive targets, escalation thresholds and material scope changes, with a named eligible authority, digest and audit.",V8 ch.15 human-authority boundary.,V8:PR-15-003,V8:PR-15-003,observation,yes,all,harness,open,P1,,Encode the plan boundary as PDP rules once plans exist.,
AU-OBS-0138,"When a plan becomes stale, duplicative, unauthorized, over budget, unbounded or disconnected from an active objective, execution pauses or narrows, prior results are preserved, the planning defect is exposed and sponsor review is required before continuation.",V8 ch.15 failure behaviour.,V8:PR-15-005,V8:PR-15-005,observation,yes,all,harness,open,P1,,Build the plan continuity path with fault cases per condition.,
AU-OBS-0139,"Plan acceptance demonstrates plan-to-objective traceability, budget and rights tests, duplicate detection, expiry exercises, coverage outcomes and sponsor acceptance for the exact capability version, journey, role, tenant or domain, deployment, entitlement, data and model versions, configuration, consequence class and period.",AT-15.,V8:PR-15-006; V8:AT-15,V8:PR-15-006,observation,yes,all,harness,open,P1,,Cannot start until AU-OBS-0135 exists.,
AU-OBS-0140,"The World Observation Layer owns and versions only its declared authoritative state (source contracts and credential references, connector configuration and checkpoints, immutable raw evidence, acquisition and source-health history, coverage map and blind spots) through its migrations and ports.",All profiles.,V4:ES-31-001,V4:ES-31-001,observation,yes,all,harness,open,P7-D,migrations/0022_observation_registry_and_evidence.sql; apps/api/src/observation/sources/source-contract.ts; apps/api/src/observation/vault/vault.service.ts; apps/api/src/observation/coverage/coverage.service.ts:49; test/int/phase1-acceptance.test.ts; phase1-fault-injection.test.ts; migrations/0038_scheduled_collection.sql:172-233; 0039:14; 0040:13; apps/api/src/observation/scheduling/scheduler.service.ts:165; test/int/phase6-scheduled-collection.test.ts,"Run the same named fixture on the SaaS, private-cloud and on-premises profiles once they exist (EXC-P0-004: only the local Compose profile exists at 2e83945); Credential binding is AU-OBS-0049; measured blind spots AU-OBS-0113.",Verified: test/int/phase1-acceptance.test.ts; test/int/phase1-fault-injection.test.ts; test/int/phase6-scheduled-collection.test.ts (branch). | repair 2026-09-10: local evidence not bound to a case
AU-OBS-0141,"Every logical component of the World Observation Layer (L1-C01..C09) publishes a service manifest with component ID, owner, contracts, state class, dependencies, controls, SLOs, failure domains and recovery procedure.",All profiles.,V4:ES-31-002,V4:ES-31-002,observation,yes,all,harness,open,P7-D,conformance.manifest.json (Phase 0 units only; maps paths→component_ids→controls),Publish per-component manifests (conformance.manifest.json covers Phase 0 units only).,
AU-OBS-0142,"Deployable units of the World Observation Layer preserve component-level telemetry, policy enforcement, state access, resource use and failure isolation even when components share a runtime.",Modular monolith (ADR-P0-02); all profiles.,V4:ES-31-003,V4:ES-31-003,observation,yes,all,harness,open,P7-D,".dependency-cruiser.cjs; .github/workflows/ci.yml: build-test ""Module boundaries (dependency-cruiser, blocking)""; apps/api/src/pipeline (single PEP); apps/api/migrations/0002_identity_tenancy.sql; 0009_privilege_separation_and_bound_context.sql; 0011_authority_boundary_closure.sql (RLS + signed context); apps/api/test/int/domain-isolation.test.ts",Add component-level telemetry and resource accounting (no metrics in the single NestJS process).,
AU-OBS-0143,"All World Observation Layer interfaces implement the canonical envelope, error model, compatibility rules, an idempotency or ordering profile, audit causation and consumer conformance fixtures.",All profiles.,V4:ES-31-004,V4:ES-31-004,observation,yes,all,harness,open,P7-D,"packages/contracts/src/envelope.ts:19-138; apps/api/src/pipeline/http.ts:104-145 (EnvelopeGuard); apps/api/src/pipeline/pipeline.service.ts:329-337; packages/contracts/src/errors.ts:16-45; apps/api/src/pipeline/http.ts:188-205; apps/api/src/pipeline/pipeline.service.ts:387-388,460 (causation); test/acceptance/acceptance.test.ts:482,492,503,577",Declare per-interface idempotency/ordering profiles and publish consumer conformance fixtures; evaluate compatibility rules through the contract registry (AU-DP-0074).,"Envelope, error model and audit causation are verified generically (AU-DP-0056/AU-DP-0066); the per-interface declarations and fixtures are missing."
AU-OBS-0144,"Every declared degraded behaviour of the World Observation Layer and every ch.30 failure condition (credential/authority failure, source unavailable or rate-limited, authenticity uncertain, malware or prompt injection, schema drift, residency or classification conflict) has a fault-injection case proving the declared response (expose failure state, preserve causation and partial work, apply degraded behaviour, route retry/compensation/challenge/review) without fabricating success, freshness, completeness, confidence, authorization or approval, run continuously in CI.",All profiles.,V3:V03-T-276; V4:ES-31-009; V4:V04-T-020,V3:V03-T-276,observation,yes,all,harness,open,P1,apps/api/src/observation/fault-injection.ts (F01-F46); test/int/phase1-fault-injection.test.ts; migrations/0040 (scheduled attempt faults); apps/api/src/observation/fault-injection.ts (F01–F46); test/int/phase6-scheduled-corrections.test.ts,"Add handlers and fault cases for authenticity-uncertain, malware/prompt-injection and residency-conflict conditions; run the fault-injection suite (F01-F46) continuously as a CI gate.",F01-F46 in test/int/phase1-fault-injection.test.ts cover the other conditions; the unit stays open because three declared conditions have no handler.
AU-OBS-0145,"The source registry, external and batch/file/API/RSS ingestion, intake/quarantine/raw preservation, freshness/coverage, egress and connector-isolation semantics (object, temporal, truth-state, provenance, policy, correction, export, replay, failure and human authority) are identical in SaaS, Private Cloud and On-Premise deployments and every operational variance is declared.","Chapters V7 9, 10, 14, 16, 58; V6 28, 47; V4 ch.31; V3 ch.9 layer acceptance.",V3:V03-T-081; V4:ES-31-010; V6:IA-28-004; V6:IA-47-004; V7:DP-09-004; V7:DP-10-004; V7:DP-14-004; V7:DP-16-004; V7:DP-58-004,V3:V03-T-081,observation,yes,all,deployment,open,P7-D,"test/int/** (phase 1-6 harness on the local profile only); conformance.manifest.json; EXCEPTIONS.md EXC-P0-004; scripts/gate/target-descriptor.json:17-25 (no Dockerfile/app image; compose provides Postgres+Redis only); docker-compose.yml (digest-pinned postgres/redis, loopback only, required env, local-dev profile per EXC-P0-004); apps/api/src/policy/pdp.service.ts (environment.deployment hard-coded local-dev); EXCEPTIONS.md: EXC-P0-004 (single deployment profile, local Compose); docker-compose.yml","Deliver the SaaS, private-cloud and on-premises profiles (P7-D) and run the chapter golden journeys, PAR fixtures and the ES-14-005 normative conformance suite on each profile with a signed result; record declared operational variance per profile; the unit completes only when all three legs (SaaS, Private Cloud, On-Premise) are accepted or a non-parity declaration with exception owner and expiry exists for a profile (audit/CROSS_REFERENCES.md §3).","Same obligation stated per chapter in V8 (PR-xx-004), V7 (DP-xx-004), V6 (IA-xx-004), V4 (ES-xx-010) and V3 (layer acceptance); merged per capability cluster, each source keeps its chapter scope in the condition. Per audit/CROSS_REFERENCES.md §3 each -004 row carries three legs (SaaS, Private Cloud, On-Premise; owner choice §5.2 recommends three, with disconnected/air-gapped accepted through IA-11/PR-48/PAR-20/21), all unverified; a local harness pass never rolls up as passed. Only the local Compose profile exists (EXC-P0-004)."
AU-OBS-0146,"The enterprise application/database ingestion and change data capture semantics (object, temporal, truth-state, provenance, policy, correction, export, replay, failure and human authority) are identical in SaaS, Private Cloud and On-Premise deployments and every operational variance is declared.","V8 ch.14; V7 ch.11, 15.",V8:PR-14-004; V7:DP-11-004; V7:DP-15-004,V8:PR-14-004,observation,yes,all,deployment,open,P7-D,"EXCEPTIONS.md: EXC-P0-004 (single deployment profile, local Compose); docker-compose.yml","Capability absent (AU-OBS-0013/AU-OBS-0023); when built, add the chapter golden journey to the cross-profile conformance suite. Deliver the SaaS, private-cloud and on-premises profiles (P7-D) and run the chapter golden journeys, PAR fixtures and the ES-14-005 normative conformance suite on each profile with a signed result; record declared operational variance per profile; the unit completes only when all three legs (SaaS, Private Cloud, On-Premise) are accepted or a non-parity declaration with exception owner and expiry exists for a profile (audit/CROSS_REFERENCES.md §3).","Same obligation stated per chapter in V8 (PR-xx-004), V7 (DP-xx-004), V6 (IA-xx-004), V4 (ES-xx-010) and V3 (layer acceptance); merged per capability cluster, each source keeps its chapter scope in the condition. Per audit/CROSS_REFERENCES.md §3 each -004 row carries three legs (SaaS, Private Cloud, On-Premise; owner choice §5.2 recommends three, with disconnected/air-gapped accepted through IA-11/PR-48/PAR-20/21), all unverified; a local harness pass never rolls up as passed. Only the local Compose profile exists (EXC-P0-004)."
AU-OBS-0147,"The live event, stream, IoT, telemetry, edge and batch/stream processing semantics (object, temporal, truth-state, provenance, policy, correction, export, replay, failure and human authority) are identical in SaaS, Private Cloud and On-Premise deployments and every operational variance is declared.","V8 ch.13; V7 ch.13; V6 ch.20, 21.",V8:PR-13-004; V6:IA-20-004; V6:IA-21-004; V7:DP-13-004,V8:PR-13-004,observation,yes,all,deployment,open,P7-D,"docker-compose.yml (digest-pinned postgres/redis, loopback only, required env, local-dev profile per EXC-P0-004); apps/api/src/policy/pdp.service.ts (environment.deployment hard-coded local-dev); EXCEPTIONS.md: EXC-P0-004 (single deployment profile, local Compose); docker-compose.yml","Capability absent (AU-OBS-0028/AU-OBS-0035/AU-OBS-0040); when built, add to the cross-profile conformance suite. Deliver the SaaS, private-cloud and on-premises profiles (P7-D) and run the chapter golden journeys, PAR fixtures and the ES-14-005 normative conformance suite on each profile with a signed result; record declared operational variance per profile; the unit completes only when all three legs (SaaS, Private Cloud, On-Premise) are accepted or a non-parity declaration with exception owner and expiry exists for a profile (audit/CROSS_REFERENCES.md §3).","Same obligation stated per chapter in V8 (PR-xx-004), V7 (DP-xx-004), V6 (IA-xx-004), V4 (ES-xx-010) and V3 (layer acceptance); merged per capability cluster, each source keeps its chapter scope in the condition. Per audit/CROSS_REFERENCES.md §3 each -004 row carries three legs (SaaS, Private Cloud, On-Premise; owner choice §5.2 recommends three, with disconnected/air-gapped accepted through IA-11/PR-48/PAR-20/21), all unverified; a local harness pass never rolls up as passed. Only the local Compose profile exists (EXC-P0-004)."
AU-OBS-0148,"The collection plans, watchlists and priorities semantics (object, temporal, truth-state, provenance, policy, correction, export, replay, failure and human authority) are identical in SaaS, Private Cloud and On-Premise deployments and every operational variance is declared.",V8 ch.15.,V8:PR-15-004,V8:PR-15-004,observation,yes,all,deployment,open,P7-D,,"Capability absent (AU-OBS-0135); when built, add to the cross-profile conformance suite. Deliver the SaaS, private-cloud and on-premises profiles (P7-D) and run the chapter golden journeys, PAR fixtures and the ES-14-005 normative conformance suite on each profile with a signed result; record declared operational variance per profile; the unit completes only when all three legs (SaaS, Private Cloud, On-Premise) are accepted or a non-parity declaration with exception owner and expiry exists for a profile (audit/CROSS_REFERENCES.md §3).","Same obligation stated per chapter in V8 (PR-xx-004), V7 (DP-xx-004), V6 (IA-xx-004), V4 (ES-xx-010) and V3 (layer acceptance); merged per capability cluster, each source keeps its chapter scope in the condition. Per audit/CROSS_REFERENCES.md §3 each -004 row carries three legs (SaaS, Private Cloud, On-Premise; owner choice §5.2 recommends three, with disconnected/air-gapped accepted through IA-11/PR-48/PAR-20/21), all unverified; a local harness pass never rolls up as passed. Only the local Compose profile exists (EXC-P0-004)."
AU-OBS-0149,"Source connectors and observation workflows are covered by an entitlement object (named scope, policy, usage, evidence) that is enforced at the product boundary.",V10 App E entitlement catalogue; all profiles.,V10:ENT-01; V10:ENT-02,V10:ENT-01,observation,documentary,all,document,not-applicable,P7-F,"apps/api/src/observation/connectors (rss, rest, upload, sdk); apps/api/migrations/0038_scheduled_collection.sql; test/int/phase1-acceptance.test.ts; test/int/phase6-scheduled-collection.test.ts; apps/api/src/observation (sources, quarantine, corrections, coverage, acquisition); e2e/phase1-observation.spec.ts",Entitlement objects and enforcement are commercial-area work (P7-F); the observation capabilities they name are AU-OBS-0045/AU-OBS-0064.,Documentary: Volume 10 is a business/explanatory volume; the entitlement mechanism is not an observation obligation. Applicability rationale: the catalogue entry describes packaging of capabilities that are decomposed elsewhere in this file.
AU-INT-0001,"A transformation run over immutable evidence proposes claims whose lineage names the exact evidence byte spans, method, model identity and versions; every claim resolves back to the evidence bytes and the schema refuses a claim with incomplete lineage.",All profiles; text excerpts (upload text/CSV/XML) only today.,V0:V00-T-003; V2:V02-T-030; V2:V02-T-033; V3:L2-C06; V3:V03-T-281; V3:L2-I01; V3:L2-I02; V3:CLM; V3:V03-T-285; V5:MC-008; V7:TT-03,V0:V00-T-003,intelligence,yes,all,harness,verified:local,P7-D,"migrations/0023 claims with lineage/confidence; migrations/0024 entities, edges, resolutions; test/int/phase2-acceptance.test.ts; test/int/phase3-acceptance.test.ts; apps/api/src/intelligence/extraction/extraction.service.ts; apps/api/src/intelligence/review/review.service.ts; apps/api/src/graph/entities/resolution.service.ts; apps/api/test/int/phase2-acceptance.test.ts: the run produced claims, and every one resolves back to the evidence bytes; apps/api/test/int/phase2-acceptance.test.ts: every claim below the review threshold has a queued case; apps/api/src/intelligence/gateway/model-gateway.service.ts (TYPE_TO_KIND ENT/EVT/CLM/REL/ASM); apps/api/src/intelligence/extraction/extraction.service.ts:339; migrations/0023:286-323 (claim_lineage, append-only); test/int/phase2-acceptance.test.ts:363,478; migrations/0023:286-323; test/int/phase2-acceptance.test.ts:363; apps/api/src/intelligence/intelligence.controller.ts; apps/api/src/intelligence/extraction/orchestrator.service.ts:156-171; apps/api/src/pipeline/pipeline.service.ts (governed write of claims); migrations/0023:286; migrations/0023:286-323 (claim_lineage); packages/contracts/src/truth-state.ts; test/int/phase2-acceptance.test.ts:339; apps/api/src/intelligence/gateway/model-gateway.service.ts (extraction with byte spans); test/int/phase2-acceptance.test.ts: B1; apps/api/migrations/0023 claims (extracted, re-extraction = new attempt); apps/api/test/int/phase2-acceptance.test.ts: B5","Run the same named fixture on the SaaS, private-cloud and on-premises profiles once they exist (EXC-P0-004: only the local Compose profile exists at 2e83945); Relationship/event candidates are AU-INT-0002; patterns/hypotheses/causal structures are AU-INT-0003; document parsing is AU-INT-0004.","Verified: test/int/phase2-acceptance.test.ts B1 ""the run produced claims, and every one resolves back to the evidence bytes"", ""the schema REFUSES a claim whose lineage is incomplete""; TransformEvidence command (intelligence.controller.ts). TT-03 (V7) re-extraction is a new version (B5)."
AU-INT-0002,"Relationship (REL) and event (EVT) candidates with typed endpoints, direction, time and supporting spans are proposed with lineage and published as IntelligenceObjectProposed events alongside claims; an Event object family (temporally scoped occurrence with actors, locations, assets, mechanisms, evidence) exists.",All profiles.,V0:V00-T-003; V2:V02-T-033; V3:L2-C06; V3:V03-T-281; V3:L2-I02; V3:EVT; V5:MC-009,V0:V00-T-003,intelligence,yes,all,harness,open,P2,"migrations/0023 claims with lineage/confidence; migrations/0024 entities, edges, resolutions; test/int/phase2-acceptance.test.ts; test/int/phase3-acceptance.test.ts; apps/api/src/intelligence/gateway/model-gateway.service.ts (TYPE_TO_KIND ENT/EVT/CLM/REL/ASM); apps/api/test/int/phase2-acceptance.test.ts: the run produced claims, and every one resolves back to the evidence bytes; apps/api/src/intelligence/extraction/extraction.service.ts:339; migrations/0023:286-323 (claim_lineage, append-only); test/int/phase2-acceptance.test.ts:363,478; apps/api/src/intelligence/extraction/extraction.service.ts; migrations/0023:286-323; test/int/phase2-acceptance.test.ts:363; apps/api/src/pipeline/pipeline.service.ts (governed write of claims); migrations/0023:286; test/int/phase2-acceptance.test.ts: B1 (REL claims); test/int/phase3-acceptance.test.ts: C5",Produce EVT/REL candidates with lineage from extraction and publish entity/relationship/event/assessment candidates (claims only today); add the EVT object family.,"Ambiguity: MC-009 cites ""REL claims"" (B1) while L2-C06 states relationship/event extraction is not produced; REL exists as a claim kind, not as a typed relationship candidate with endpoint/direction/time evaluation."
AU-INT-0003,"The intelligence layer extracts patterns, hypotheses, causal structures, topics and themes, performs geospatial and temporal alignment, source comparison, weak-signal detection and analytical assessment, preserving uncertainty and competing interpretations.",All profiles.,V0:V00-T-003; V0:V00-T-036,V0:V00-T-003,intelligence,yes,all,harness,open,P2,"migrations/0023 claims with lineage/confidence; migrations/0024 entities, edges, resolutions; test/int/phase2-acceptance.test.ts; test/int/phase3-acceptance.test.ts; migrations/0023 (claim extraction, methods); migrations/0024 (entity resolution on identifiers, relationship edges); apps/api/src/intelligence/extraction","Build topic/theme analysis, geospatial/temporal alignment, weak-signal detection and hypothesis/causal-structure products (P2; weak-signal models P4).",
AU-INT-0004,"Documents are parsed into aligned derivatives (text, structure, metadata, units, language, fragments with raw coordinates and checksums, page/segment map) with a format-detection service, an extraction plan and a derivative set reconciled per content identity while the original stays immutable.",All profiles; PDFs are stored opaque today.,V8:PR-12-001; V3:L2-C01; V3:V03-T-280; V7:DP-12-001; V7:DP-12-002; V7:DAT-IN-10; V7:DZ-05,V8:PR-12-001,intelligence,yes,all,harness,open,P2,"apps/api/src/observation/connectors/content-controls.ts (PDF stored opaque; never parsed or rendered); apps/api/src/observation/connectors/upload.connector.ts; apps/api/src/observation/connectors/content-controls.ts; apps/api/src/observation/connectors/xml-parse.ts; test/int/phase1-acceptance.test.ts; apps/api/src/observation/connectors/upload.connector.ts (PDF/DOCX/CSV); apps/api/src/observation/connectors/content-controls.ts (pdf stored opaque; never parsed); apps/api/migrations/0022 §6 blob_manifests (media_type_declared/sniffed, active_content_risk); apps/api/test/int/phase1-hostile-input.test.ts: A10 declared versus sniffed type; EXCEPTIONS.md EXC-P1-001; apps/api/migrations/0023 claims (parsed/normalised records with lineage, truth state)","Build format detection, PDF/DOCX parsing, chunking and page/segment maps with an extraction plan and derivative set per content item (content-controls.ts stores PDF opaque; CSV/XML parsed only).",
AU-INT-0005,"An OCR and document model extracts layout, tables, handwriting, forms and structure with field accuracy, reading order, coverage and uncertainty while the source image remains authoritative evidence.",Model class MC-004; all profiles.,V5:MC-004,V5:MC-004,intelligence,yes,all,harness,open,P2,,Add the OCR/document model behind the gateway with evaluation of field accuracy and reading order.,
AU-INT-0006,"A speech and audio model performs transcription, diarization and acoustic classification with word/speaker error, timing, language and noise robustness under consent, biometric and retention controls.",Model class MC-003.,V5:MC-003,V5:MC-003,intelligence,yes,all,harness,open,P2,,Add transcription behind the gateway with consent/biometric/retention controls.,
AU-INT-0007,"A vision-language model interprets images, diagrams, maps, charts and document images with grounding, spatial accuracy, OCR fidelity and safety over policy-filtered images with region-level evidence.",Model class MC-002.,V5:MC-002,V5:MC-002,intelligence,yes,all,harness,open,P2,,Add the vision-language model class with region-level evidence.,
AU-INT-0008,"A translation and localization model renders cross-language content with terminology control, preserving meaning, named entities, numbers and caveats, with source-language evidence and uncertainty preserved and translation provenance recorded.",Model class MC-020; V8 ch.12 translation.,V8:PR-12-001; V5:MC-020,V8:PR-12-001,intelligence,yes,all,harness,open,P2,apps/api/src/observation/connectors/content-controls.ts (PDF stored opaque; never parsed or rendered),"Add translation with provenance and review (multilingual extraction, PR-12 translation review).",
AU-INT-0009,"Cleaning, normalization, unit and language detection and multilingual language services exist as intelligence-layer components with contract validation, versioned behaviour, operational evidence and failure state.",V3 L2-C02; all profiles.,V0:V00-T-036; V3:L2-C02; V3:V03-T-280,V0:V00-T-036,intelligence,yes,all,harness,open,P2,"migrations/0023 (claim extraction, methods); migrations/0024 (entity resolution on identifiers, relationship edges); apps/api/src/intelligence/extraction",Build the cleaning/normalization/language services (none exist).,
AU-INT-0010,"Email, images, audio, video, geospatial products, scientific artifacts and internal knowledge are ingested with immutable originals and reviewable derivatives, and a media intelligence viewer inspects image, audio, video, geospatial and scientific evidence with segment fidelity and accessible alternatives.",V7 ch.12 / CAP-OB-07; all profiles.,V8:CAP-OB-07; V8:PR-12-001; V7:DP-12-001,V8:CAP-OB-07,intelligence,yes,all,harness,open,P2,"apps/api/src/observation/connectors/content-controls.ts (PDF stored opaque; never parsed or rendered); apps/api/src/observation/connectors/upload.connector.ts (PDF/DOCX/CSV); apps/api/src/observation/connectors/content-controls.ts (pdf stored opaque; never parsed); apps/api/migrations/0022 §6 blob_manifests (media_type_declared/sniffed, active_content_risk); apps/api/test/int/phase1-hostile-input.test.ts: A10 declared versus sniffed type; EXCEPTIONS.md EXC-P1-001",Build media ingestion families and the media viewer.,
AU-INT-0011,"OCR, transcription, parsing, translation, chunking and enrichment produce derived objects that never overwrite or masquerade as the original evidence; a correction of a derived object admits a new version.",All profiles; proven today for claims (the only derivative).,V8:PR-12-003; V7:DP-12-003; V7:DADR-003,V8:PR-12-003,intelligence,yes,all,harness,verified:local,P7-D,"apps/api/src/observation/connectors/upload.connector.ts (PDF/DOCX/CSV); apps/api/src/observation/connectors/content-controls.ts (pdf stored opaque; never parsed); apps/api/migrations/0022 §6 blob_manifests (media_type_declared/sniffed, active_content_risk); apps/api/test/int/phase1-hostile-input.test.ts: A10 declared versus sniffed type; EXCEPTIONS.md EXC-P1-001; apps/api/migrations/0022 §6 blob_manifests append-only; apps/api/migrations/0023 claim_lineage; apps/api/test/int/phase1-acceptance.test.ts: A2; apps/api/test/int/phase2-acceptance.test.ts: B2 a correction admits a NEW version","Run the same named fixture on the SaaS, private-cloud and on-premises profiles once they exist (EXC-P0-004: only the local Compose profile exists at 2e83945); Re-run the separation fixture against parsing/OCR/translation derivatives once AU-INT-0004 exists; encode PR-12-003 human correction/approval of interpretations without overwriting the source.","Verified: test/int/phase2-acceptance.test.ts B2 ""a correction admits a NEW version""; test/int/phase1-acceptance.test.ts A2. No parsing derivatives exist yet."
AU-INT-0012,"Original object, page or segment, timestamp, region, derivative, extraction method, model version, language, alignment, quality, annotation and citation are persisted with explicit identity, owner, effective time, status, provenance and policy.",V8 ch.12 object model.,V8:PR-12-002,V8:PR-12-002,intelligence,yes,all,harness,open,P2,,Model document/media derivative objects with the canonical header together with AU-INT-0004.,
AU-INT-0013,"When content is malicious, encrypted, corrupt, unsupported, partially extracted, mistranslated, misaligned or missing accessible alternatives, the unsafe content is quarantined, derivative limitations shown, original and annotations preserved, partial extraction exposed, unsafe downstream admission prevented and controlled reprocessing or review routed.",V8 ch.12 / V7 ch.12 failure behaviour.,V8:PR-12-005; V7:DP-12-005,V8:PR-12-005,intelligence,yes,all,harness,open,P2,"apps/api/src/observation/connectors/upload.connector.ts (PDF/DOCX/CSV); apps/api/src/observation/connectors/content-controls.ts (pdf stored opaque; never parsed); apps/api/migrations/0022 §6 blob_manifests (media_type_declared/sniffed, active_content_risk); apps/api/test/int/phase1-hostile-input.test.ts: A10 declared versus sniffed type; EXCEPTIONS.md EXC-P1-001",Add partial-extraction exposure and a reprocessing/review route (quarantine/custody for unsupported content exists).,
AU-INT-0014,"Document and media acceptance demonstrates format corpus tests, malware and decompression handling, OCR and transcription evaluation, alignment and citation checks, translation review, derivative lineage, human sampling and accessibility evidence for the exact capability version, journey, role, tenant or domain, deployment, entitlement, data and model versions, configuration, consequence class and period.",AT-12.,V8:PR-12-006; V8:AT-12; V7:DP-12-006,V8:PR-12-006,intelligence,yes,all,harness,open,P2,"apps/api/src/observation/connectors/upload.connector.ts (PDF/DOCX/CSV); apps/api/src/observation/connectors/content-controls.ts (pdf stored opaque; never parsed); apps/api/migrations/0022 §6 blob_manifests (media_type_declared/sniffed, active_content_risk); apps/api/test/int/phase1-hostile-input.test.ts: A10 declared versus sniffed type; EXCEPTIONS.md EXC-P1-001",Cannot start until AU-INT-0004 exists.,
AU-INT-0015,"A document intelligence viewer compares originals with aligned extraction, translation and annotation and passes format, alignment and citation tests.",CAP-OB-06.,V8:CAP-OB-06; V8:PR-12-001,V8:CAP-OB-06,intelligence,yes,all,harness,open,P2,apps/api/src/observation/connectors/content-controls.ts (PDF stored opaque; never parsed or rendered),Build the original-versus-extraction viewer after AU-INT-0004.,
AU-INT-0016,"An ObservationRecorded event or authorized reprocessing request selects an approved transformation plan by evidence type, language, domain and risk class; a governed classifier drives routing.",All profiles.,V3:L2-C03; V3:V03-T-291; V5:MC-007,V3:L2-C03,intelligence,yes,all,harness,open,P2,"apps/api/src/intelligence/extraction/orchestrator.service.ts; apps/api/src/intelligence/methods/methods.service.ts:23-35; migrations/0023:72,404-521",Add content classification (domain/risk/language) driving transformation-plan selection; today routing is by registered method only.,
AU-INT-0017,"The transformation manifest of a run binds parser, cleaning, classification, extraction, model, prompt, ontology, policy and evaluation versions.",All profiles.,V3:V03-T-279,V3:V03-T-279,intelligence,yes,all,harness,open,P2,apps/api/src/intelligence/extraction/orchestrator.service.ts; migrations/0023:72 (methods_current),Extend the method pin to a transformation manifest with parser/cleaning/ontology/policy/evaluation versions.,
AU-INT-0018,"Every material statement in a generated summary binds supporting evidence or is explicitly labelled synthesis, inference, assumption or unresolved claim; a summarization product exists beyond the human-supplied briefing narrative.",All profiles; branch-only briefing narrative.,V8:PR-23-001; V3:L2-C04; V5:AI-42-001; V5:AG-007,V8:PR-23-001,intelligence,yes,all,harness,open,P2,"apps/api/src/intelligence/review/review.service.ts; apps/web/app/intelligence/review/page.tsx; apps/api/test/int/phase2-acceptance.test.ts: every claim below the review threshold has a queued case; a claim ABOVE the threshold is admitted without a case; apps/api/src/intelligence/extraction/extraction.service.ts; migrations/0023_intelligence_extraction_and_claims.sql:251,286; test/int/phase2-acceptance.test.ts:363; test/int/phase6-briefings.test.ts (narrative labelled; cites only included items; outside the digest); test/int/phase6-briefings.test.ts (labelled narrative)",Build the Summarization Agent with claim-level evidence binding; today only a labelled briefing narrative that must cite included items exists (test/int/phase6-briefings.test.ts).,
AU-INT-0019,"Summarization preserves material contradictions, dissent, quantitative units, temporal qualifiers, negation, uncertainty, source authority and known missing evidence.",V5 ch.42.,V5:AI-42-002,V5:AI-42-002,intelligence,yes,all,harness,open,P2,,Implement with AU-INT-0018.,
AU-INT-0020,"Audience adaptation changes language and detail but never removes decision-relevant caveats, inflates confidence or alters institutional meaning.",V5 ch.42.,V5:AI-42-003,V5:AI-42-003,intelligence,yes,all,harness,open,P2,,Implement with AU-INT-0018; add a faithfulness gate.,
AU-INT-0021,"Compression exposes input coverage, selection method, omitted material categories, length constraints and information-loss risk.",V5 ch.42.,V5:AI-42-004,V5:AI-42-004,intelligence,yes,all,harness,open,P2,,Implement with AU-INT-0018.,
AU-INT-0022,"Summaries remain derived products linked to source versions and are invalidated or reviewed when material evidence is corrected, withdrawn or reclassified.",V5 ch.42; branch-only.,V5:AI-42-005,V5:AI-42-005,intelligence,yes,all,harness,open,P2,apps/api/src/executive/briefings/briefing.service.ts (recomposition under watermark and known_at yields the same digest),Invalidate/review summaries and briefings on correction of cited evidence (recomposition under watermark exists).,
AU-INT-0023,A NER agent detects typed mentions with byte spans as candidate entity claims and cannot create or merge canonical entities; merges happen only at the graph identity-resolution gate.,All profiles.,V3:L2-C05; V5:AG-008; V5:MC-008,V3:L2-C05,intelligence,yes,all,harness,verified:local,P7-D,"apps/api/src/intelligence/extraction/extraction.service.ts; apps/api/src/graph/entities/resolution.service.ts; apps/api/src/graph/entities/resolver.service.ts; test/int/phase3-acceptance.test.ts:377,460; apps/api/src/policy/pdp.service.ts: extraction_agent; test/int/phase2-acceptance.test.ts: B1 (entity claims with spans); apps/api/src/intelligence/gateway/model-gateway.service.ts (extraction with byte spans); test/int/phase2-acceptance.test.ts: B1","Run the same named fixture on the SaaS, private-cloud and on-premises profiles once they exist (EXC-P0-004: only the local Compose profile exists at 2e83945); Dedicated NER contract (language, aliases, candidate confidence inside the layer) is AU-INT-0024.",Verified: test/int/phase2-acceptance.test.ts B1 (entity claims with spans); apps/api/src/policy/pdp.service.ts extraction_agent; test/int/phase3-acceptance.test.ts (resolution gate).
AU-INT-0024,"Named-entity recognition and candidate linking run inside the intelligence layer with a dedicated NER contract (language, aliases, candidate confidence, multilingual robustness, span/type F1 evaluation).",V3 L2-C05 / V5 MC-008.,V3:L2-C05; V5:MC-008; V5:AG-008,V3:L2-C05,intelligence,yes,all,harness,open,P2,"apps/api/src/intelligence/extraction/extraction.service.ts; apps/api/src/graph/entities/resolution.service.ts; apps/api/src/graph/entities/resolver.service.ts; test/int/phase3-acceptance.test.ts:377,460; apps/api/src/intelligence/gateway/model-gateway.service.ts (extraction with byte spans); test/int/phase2-acceptance.test.ts: B1; apps/api/src/policy/pdp.service.ts: extraction_agent; test/int/phase2-acceptance.test.ts: B1 (entity claims with spans)",Add the NER model/contract with candidate linking confidence and multilingual evaluation.,
AU-INT-0025,"A contradiction and corroboration detection service links incompatible assertions without collapsing them (ContradictionDetected event), populates contradiction_refs and corroboration_refs, retrieves related evidence to detect duplication, novelty, missing context and alternative interpretations, and checks contradiction and duplication at product admission.",All profiles; contradiction_refs/corroboration_refs are always empty today.,V0:V00-T-037; V0:V00-T-003; V0:V00-T-036; V0:V00-T-035; V8:PR-21-001; V8:PR-21-002; V8:CAP-UM-09; V8:FEX-10; V2:V02-T-201; V3:L2-C07; V3:L2-I03; V3:V03-T-282; V3:CLM; V4:ES-32-001; V5:AI-09-004; V7:DP-22-002,V0:V00-T-037,intelligence,yes,all,harness,open,P2,"migrations/0023 claims with confidence, review approve/correct/reject as new versions; apps/api/src/intelligence/review/review.service.ts; migrations/0023 claims with lineage/confidence; migrations/0024 entities, edges, resolutions; test/int/phase2-acceptance.test.ts; test/int/phase3-acceptance.test.ts; migrations/0023 (claim extraction, methods); migrations/0024 (entity resolution on identifiers, relationship edges); apps/api/src/intelligence/extraction; apps/api/src/observation/connectors/content-controls.ts, http-client.ts (SSRF refusal), redaction.ts; migrations/0022 quarantine; test/int/phase1-hostile-input.test.ts; apps/api/src/observation/connectors/xml-worker.js (isolated parsing); apps/api/migrations/0023_intelligence_extraction_and_claims.sql; apps/web/app/intelligence/claims/page.tsx; apps/api/test/int/phase2-acceptance.test.ts: every claim below the review threshold has a queued case; an abstention is its own outcome, with no claim attached; apps/api/migrations/0006_objects.sql (contradiction_refs, corroboration_refs, confidence, uncertainty); apps/api/migrations/0006_objects.sql (identity, owner, times, status, provenance, policy on every canonical object); apps/api/migrations/0024 (resolutions score/rule/state); apps/api/test/int/phase3-acceptance.test.ts: the entity records WHICH resolved, WHEN, BY WHAT SCORE and under WHAT rule; migrations/0023:286-323 (claim_lineage); apps/api/src/intelligence/extraction/extraction.service.ts:339; packages/contracts/src/truth-state.ts; test/int/phase2-acceptance.test.ts:363,478; migrations/0023_intelligence_extraction_and_claims.sql; apps/api/src/intelligence/gateway/model-gateway.service.ts; test/int/phase2-acceptance.test.ts:363,427,518,647; test/int/phase2-acceptance.test.ts: B1/B3/B5; apps/api/src/intelligence/extraction/extraction.service.ts; apps/api/migrations/0006 (truth_state CHECK, synthetic_consistency, confidence/uncertainty jsonb); apps/api/migrations/0032 (kind observed/estimated/assumed/predicted/simulated, basis_truth_state); apps/api/migrations/0029 §4-§5 backtests/calibration; apps/api/test/int/phase5-twins.test.ts: E2 an EXTRACTED claim cannot ground an OBSERVED element; apps/api/test/int/phase4-acceptance.test.ts: D4 calibration","Build the contradiction/corroboration service (objects.service.ts:260-278 leaves the refs empty), emit ContradictionDetected, add admission-time contradiction/duplication checks and a contradiction workbench.",
AU-INT-0026,"Conflicting claims coexist until governed adjudication: the unresolved state and competing claims are shown, downstream use is constrained, all versions are preserved and review or abstention is required; leadership receives a structured view of disagreement rather than a false consensus.",V0 ch.9 / V8 ch.21 failure behaviour / FEX-10; all profiles.,V0:V00-T-037; V8:PR-21-005; V8:FEX-10; V3:V03-T-286; V1:V01-T-010,V0:V00-T-037,intelligence,yes,all,harness,open,P2,"migrations/0023 claims with confidence, review approve/correct/reject as new versions; apps/api/src/intelligence/review/review.service.ts; apps/web/components/ui.tsx (DegradedBanner, ErrorNote, TruthBadge, LifecycleBadge); apps/api/src/shared/degraded-store.ts; apps/api/test/int/phase1-fault-injection.test.ts; migrations/0023:286 (claims are independent records); see C-010, V00-T-037 (review as new versions)","Add the unresolved-contradiction state, downstream constraint and adjudication workflow (claims are independent records today; no adjudication because none is detected).",V01-T-010 is explanatory (Volume 1).
AU-INT-0027,"An authorized reviewer can contest a claim, preserving the competing position with counter-evidence, rationale and actor, and dissent is recorded on assessments.",V8 OBJ-13 / OBJ-12; all profiles.,V0:V00-T-037; V8:OBJ-13; V8:OBJ-12; V8:PR-21-002,V0:V00-T-037,intelligence,yes,all,harness,open,P2,"migrations/0023 claims with confidence, review approve/correct/reject as new versions; apps/api/src/intelligence/review/review.service.ts; apps/api/src/intelligence/extraction/extraction.service.ts (method, confidence, abstention); apps/api/migrations/0006_objects.sql (identity, owner, times, status, provenance, policy on every canonical object); apps/api/migrations/0023_intelligence_extraction_and_claims.sql; apps/web/app/intelligence/claims/page.tsx; apps/api/test/int/phase2-acceptance.test.ts: every claim below the review threshold has a queued case; an abstention is its own outcome, with no claim attached; apps/api/migrations/0006_objects.sql (contradiction_refs, corroboration_refs, confidence, uncertainty)",Add the Contest action and dissent records on claims/assessments.,
AU-INT-0028,"An Assessment (ASM) object records a versioned analytical judgment separating evidence, method, uncertainty, dissent and accountable author; analysts endorse, challenge, amend or supersede an assessment without deleting its history; a Reasoning Agent proposes assessments that cannot elevate inference to observed fact.",All profiles.,V0:V00-T-037; V8:OBJ-05; V8:OBJ-12; V8:PR-21-001; V3:ASM; V3:V03-T-188; V5:AG-017; V1:V01-T-010,V0:V00-T-037,intelligence,yes,all,harness,open,P2,"migrations/0023 claims with confidence, review approve/correct/reject as new versions; apps/api/src/intelligence/review/review.service.ts; apps/api/test/int/phase2-acceptance.test.ts: the stored claim carries the whole pin; apps/api/src/intelligence/extraction/extraction.service.ts (method, confidence, abstention); apps/api/migrations/0023_intelligence_extraction_and_claims.sql; apps/web/app/intelligence/claims/page.tsx; apps/api/test/int/phase2-acceptance.test.ts: every claim below the review threshold has a queued case; an abstention is its own outcome, with no claim attached; apps/api/migrations/0006_objects.sql (contradiction_refs, corroboration_refs, confidence, uncertainty); packages/contracts/src/truth-state.ts:9-69; apps/api/src/objects/objects.service.ts:188-195; see C-010, V00-T-037 (review as new versions)",Add the ASM object family with endorse/challenge/amend/supersede transitions and the Reasoning Agent (assessment claim kind); review decisions (0023) are not assessments.,
AU-INT-0029,Source independence and dependence between claims are analysed and recorded so corroboration by dependent sources is not counted as independent evidence.,V0 ch.9 / V8 ch.21.,V0:V00-T-037; V8:PR-21-002; V8:PR-21-005,V0:V00-T-037,intelligence,yes,all,harness,open,P2,"migrations/0023 claims with confidence, review approve/correct/reject as new versions; apps/api/src/intelligence/review/review.service.ts; apps/api/migrations/0006_objects.sql (identity, owner, times, status, provenance, policy on every canonical object); apps/api/migrations/0023_intelligence_extraction_and_claims.sql; apps/web/app/intelligence/claims/page.tsx; apps/api/test/int/phase2-acceptance.test.ts: every claim below the review threshold has a queued case; an abstention is its own outcome, with no claim attached; apps/api/migrations/0006_objects.sql (contradiction_refs, corroboration_refs, confidence, uncertainty); apps/web/components/ui.tsx (DegradedBanner, ErrorNote, TruthBadge, LifecycleBadge); apps/api/src/shared/degraded-store.ts; apps/api/test/int/phase1-fault-injection.test.ts",Add source-dependence analysis and the source_independence field.,
AU-INT-0030,"Every intelligence output carries an explicit truth-state label; model or agent output remains inferred (or extracted) until an authorized process promotes it; an asserted claim carries proponent, evidence, scope and time.",All profiles.,V8:OBJ-11; V2:V02-T-032; V3:V03-T-082; V3:V03-T-287; V3:V03-T-056; V5:AI-46-005,V8:OBJ-11,intelligence,yes,all,harness,verified:local,P7-D,apps/api/test/int/phase2-acceptance.test.ts: the schema REFUSES a claim whose lineage is incomplete; truth_state on objects; apps/api/migrations/0023_intelligence_extraction_and_claims.sql; apps/api/test/int/phase2-acceptance.test.ts: the stored claim carries the whole pin; apps/api/test/int/phase2-acceptance.test.ts: a claim ABOVE the threshold is admitted without a case; apps/api/test/int/phase2-acceptance.test.ts: the agent that produced the output may not decide its review; apps/api/migrations/0006_objects.sql (truth_state); packages/contracts/src/truth-state.ts; apps/api/src/objects/objects.service.ts:188-195; test/int/phase2-acceptance.test.ts; apps/api/src/intelligence/review/review.service.ts; packages/contracts/src/truth-state.ts:9-69; test/int/phase2-acceptance.test.ts: B3; test/int/phase6-approvals.test.ts (decision-active use needs a human approval),"Run the same named fixture on the SaaS, private-cloud and on-premises profiles once they exist (EXC-P0-004: only the local Compose profile exists at 2e83945)",Verified: test/int/phase2-acceptance.test.ts B1/B3; packages/contracts/src/truth-state.ts; objects.service.ts:188-195.
AU-INT-0031,"Evidence references are mandatory on every derived object: a claim cites exact evidence fragments and method versions, and an object with missing lineage is refused with EYE-PRV-001.",All profiles.,V8:OBJ-11; V3:V03-T-083; V3:V03-T-285; V3:CLM; V3:V03-T-199; V4:EYE-PRV-001; V5:AI-20-005,V8:OBJ-11,intelligence,yes,all,harness,verified:local,P7-D,"apps/api/test/int/phase2-acceptance.test.ts: the schema REFUSES a claim whose lineage is incomplete; truth_state on objects; packages/contracts/src/header.ts:82-89; migrations/0006:77; migrations/0023:286-323; test/int/phase2-acceptance.test.ts:339; migrations/0023:286-323 (claim_lineage); apps/api/src/intelligence/extraction/extraction.service.ts:339; packages/contracts/src/truth-state.ts; test/int/phase2-acceptance.test.ts:363,478; migrations/0023:286-323 (claim_lineage to evidence + method version); packages/contracts/src/errors.ts:16-45; test/acceptance/acceptance.test.ts:604,747; test/int/phase2-acceptance.test.ts: B1 (claim carries the whole pin; schema refuses incomplete lineage); apps/api/src/intelligence/extraction/extraction.service.ts","Run the same named fixture on the SaaS, private-cloud and on-premises profiles once they exist (EXC-P0-004: only the local Compose profile exists at 2e83945)","Verified: test/int/phase2-acceptance.test.ts:339; test/acceptance/acceptance.test.ts:604,747."
AU-INT-0032,"Model and prompt versions are explicit on every output: the producing method (method pin, model id, weights digest, runtime, decoding, prompt version/digest) is visible on the stored claim.",All profiles.,V2:V02-T-031; V2:V02-T-032; V3:V03-T-084; V5:AI-41-004,V2:V02-T-031,intelligence,yes,all,harness,verified:local,P7-D,"apps/api/src/intelligence/methods/methods.service.ts (method pins); apps/api/src/intelligence/gateway/model-gateway.service.ts (replay | local-live; model, weights, prompt, decoding digests on every call); apps/api/test/int/phase2-acceptance.test.ts: the schema REFUSES a claim whose lineage is incomplete; apps/api/test/int/phase2-acceptance.test.ts: each call carries mode, model, versions and an outcome; apps/api/migrations/0023_intelligence_extraction_and_claims.sql; apps/api/test/int/phase2-acceptance.test.ts: the stored claim carries the whole pin; apps/api/test/int/phase2-acceptance.test.ts: a claim ABOVE the threshold is admitted without a case; apps/api/test/int/phase2-acceptance.test.ts: the agent that produced the output may not decide its review; apps/api/migrations/0006_objects.sql (truth_state); migrations/0023:72,158 (methods_current, gateway_calls); apps/api/src/intelligence/methods/methods.service.ts; test/int/phase2-acceptance.test.ts:363; test/int/phase2-acceptance.test.ts: B1 (claims carry method, model, version, confidence, lineage; review below threshold)","Run the same named fixture on the SaaS, private-cloud and on-premises profiles once they exist (EXC-P0-004: only the local Compose profile exists at 2e83945)","Verified: test/int/phase2-acceptance.test.ts ""the stored claim carries the whole pin"", ""each call carries mode, model, versions and an outcome""."
AU-INT-0033,Claims below the review threshold get a queued review case and cannot promote; claims above it admit without a case; the agent that produced an output may not decide its review; a reviewer decision (approve/correct/reject) creates a new version and never overwrites.,All profiles.,V0:V00-T-037; V8:PR-23-001; V2:V02-T-032; V3:L2-C09; V3:L2-I04; V3:V03-T-283,V0:V00-T-037,intelligence,yes,all,harness,verified:local,P7-D,"migrations/0023 claims with confidence, review approve/correct/reject as new versions; apps/api/src/intelligence/review/review.service.ts; apps/web/app/intelligence/review/page.tsx; apps/api/test/int/phase2-acceptance.test.ts: every claim below the review threshold has a queued case; a claim ABOVE the threshold is admitted without a case; apps/api/migrations/0023_intelligence_extraction_and_claims.sql; apps/api/test/int/phase2-acceptance.test.ts: the stored claim carries the whole pin; apps/api/test/int/phase2-acceptance.test.ts: a claim ABOVE the threshold is admitted without a case; apps/api/test/int/phase2-acceptance.test.ts: the agent that produced the output may not decide its review; apps/api/migrations/0006_objects.sql (truth_state); migrations/0023:329,347,757,786; apps/web/app/intelligence/review; test/int/phase2-acceptance.test.ts:427,518; test/unit/codex-corrections.test.ts:212,259; migrations/0023:329,347; migrations/0023:329-347","Run the same named fixture on the SaaS, private-cloud and on-premises profiles once they exist (EXC-P0-004: only the local Compose profile exists at 2e83945); Risk/impact-based thresholds are AU-INT-0034; deadlines/separation/appeal are AU-INT-0035.","Verified: test/int/phase2-acceptance.test.ts:427,518 (""every claim below the review threshold has a queued case"", ""the agent that produced the output may not decide its review"", B2 ""a reviewer decides, and a correction never overwrites"")."
AU-INT-0034,"Human review thresholds follow risk, impact and consequence class, not confidence alone; high-impact promotion requires human review regardless of confidence.",All profiles.,V3:V03-T-085; V3:V03-T-288; V4:ES-32-007; V4:V04-T-021,V3:V03-T-085,intelligence,yes,all,harness,open,P2,"apps/api/src/intelligence/review/review.service.ts (confidence threshold); apps/api/src/intelligence/review/review.service.ts; migrations/0023:329,347,757,786 (review thresholds); test/int/phase2-acceptance.test.ts:427,518",Add consequence/impact-class routing to review.service.ts (static confidence threshold today).,
AU-INT-0035,"The review queue has deadlines, separation of duties between extractor and reviewer roles, a challenge/appeal path and escalation when the required reviewer is unavailable.",All profiles.,V8:PR-23-002; V8:PR-23-003; V3:L2-C09; V3:V03-T-289,V8:PR-23-002,intelligence,yes,all,harness,open,P2,"apps/api/migrations/0006_objects.sql (identity, owner, times, status, provenance, policy on every canonical object); apps/api/src/intelligence/review/review.service.ts; apps/web/app/intelligence/review/page.tsx; apps/api/test/int/phase2-acceptance.test.ts: every claim below the review threshold has a queued case; a claim ABOVE the threshold is admitted without a case; apps/api/src/policy/pdp.service.ts; apps/api/test/unit/pdp.test.ts; apps/api/test/int/gate22-authority-matrix.test.ts: no port succeeds on a role outside its grantee set; migrations/0023:329,347,757,786; apps/web/app/intelligence/review; test/int/phase2-acceptance.test.ts:427,518; test/unit/codex-corrections.test.ts:212,259; apps/api/src/intelligence/extraction/extraction.service.ts:207-224 (abstention)","Add deadlines, extractor/reviewer separation, appeal and reviewer-unavailable escalation to the review queue.",
AU-INT-0036,"Confidence on claims and products is tied to an interpretable definition, calibration method, evaluation population, validity period and known failure conditions, declared with method, scale and version, and is never inferred from model fluency or agent agreement alone; calibration is displayed.",All profiles; claim confidence is the model's own number today.,V8:PR-21-001; V3:L2-C08; V4:ES-27-002; V5:AI-63-002; V5:AI-63-001; V7:DP-22-002,V8:PR-21-001,intelligence,yes,all,harness,open,P2,"apps/api/migrations/0023_intelligence_extraction_and_claims.sql; apps/api/src/intelligence/review/review.service.ts; apps/web/app/intelligence/claims/page.tsx; apps/api/test/int/phase2-acceptance.test.ts: every claim below the review threshold has a queued case; an abstention is its own outcome, with no claim attached; apps/api/migrations/0006_objects.sql (contradiction_refs, corroboration_refs, confidence, uncertainty); packages/contracts/src/truth-state.ts:9-69; apps/api/src/objects/objects.service.ts:188-195; migrations/0023:301 (claim_lineage.confidence), :638-651 (abstention); apps/api/src/intelligence/gateway/model-gateway.service.ts:65,117-123; test/int/phase2-acceptance.test.ts:388; migrations/0023:301 (claim_lineage.confidence); apps/api/src/intelligence/gateway/model-gateway.service.ts (abstained/refused outcomes); apps/api/src/prediction/forecasting/forecasting.service.ts (quantiles, coverage band, validation note); test/int/phase2-acceptance.test.ts: B3; test/int/phase4-acceptance.test.ts: D3/D4; apps/api/migrations/0006 (truth_state CHECK, synthetic_consistency, confidence/uncertainty jsonb); packages/contracts/src/truth-state.ts; apps/api/migrations/0032 (kind observed/estimated/assumed/predicted/simulated, basis_truth_state); apps/api/migrations/0029 §4-§5 backtests/calibration; apps/api/test/int/phase5-twins.test.ts: E2 an EXTRACTED claim cannot ground an OBSERVED element; apps/api/test/int/phase4-acceptance.test.ts: D4 calibration","Add a confidence declaration (method, scale, calibration population, version) to claims and calibrate against review outcomes; display calibration on the claims page. Forecast quantile calibration (D4) covers forecasts only.",
AU-INT-0037,"A model or agent abstains when required evidence, task fitness, operating-envelope validity, policy, authorization, calibration or output integrity is insufficient for the consequence class; an abstention is its own recorded outcome with no claim attached and cannot bypass review.",All profiles.,V3:V03-T-087; V4:ES-32-009; V4:V04-T-022; V5:AI-63-003; V5:V05-T-013; V5:AI-20-004,V3:V03-T-087,intelligence,yes,all,harness,verified:local,P7-D,"apps/api/src/intelligence/gateway/model-gateway.service.ts:65,117-123; apps/api/src/intelligence/extraction/extraction.service.ts:207-224; test/int/phase2-acceptance.test.ts:388; test/int/phase2-acceptance.test.ts: B3 (abstention); test/int/phase4-acceptance.test.ts: D3 (no accuracy claimed); test/int/phase3-acceptance.test.ts: C2 (unresolved stays unresolved); test/int/phase2-acceptance.test.ts: B2/B3; test/int/phase4-acceptance.test.ts: D3; test/int/phase6-decisions.test.ts: F3; test/int/gate22-degraded-recovery.test.ts; test/int/phase6-scheduled-collection.test.ts; test/int/phase2-acceptance.test.ts: B3 (an abstention is its own outcome, with no claim attached)","Run the same named fixture on the SaaS, private-cloud and on-premises profiles once they exist (EXC-P0-004: only the local Compose profile exists at 2e83945)","Verified: test/int/phase2-acceptance.test.ts B3 ""an abstention is its own outcome, with no claim attached"", ""low confidence and abstention reach review and cannot bypass it""; test/int/phase4-acceptance.test.ts D3."
AU-INT-0038,"An abstention identifies the unmet evidence, quality, uncertainty, policy or authority condition and the path to review or additional information (EYE-QUA-002), routes to a deterministic fallback or human review, and exposes reduced confidence and unavailable methods on outputs.",All profiles.,V3:V03-T-088; V3:V03-T-089; V4:ES-21-003; V4:EYE-QUA-002,V3:V03-T-088,intelligence,yes,all,harness,open,P2,apps/api/src/intelligence/review/review.service.ts; migrations/0023:301 (confidence); apps/web/app/intelligence/methods; migrations/0023:638-651 (abstention as outcome); test/int/phase2-acceptance.test.ts:388; packages/contracts/src/errors.ts:16-45 (catalogued with retry class; never raised — v04-surveys),Emit EYE-QUA-002 with unmet condition and review path; add a deterministic fallback route; surface unavailable methods on outputs.,
AU-INT-0039,"Partial and abstained outputs preserve which fields or claims are supported, unsupported, omitted, refused or unavailable, identify completed and missing work, failed dependencies, affected claims, uncertainty impact, retry/refresh conditions and whether downstream admission is permitted, and stay distinct from complete success.",All profiles.,V4:ES-21-004; V5:AI-20-004; V5:AI-63-004; V5:AI-63-001,V4:ES-21-004,intelligence,yes,all,harness,open,P2,"packages/contracts/src/errors.ts:16-45; apps/api/src/pipeline/http.ts:188-205; apps/api/src/observation/observation.filter.ts:20-48; test/acceptance/acceptance.test.ts:577,961; test/int/phase2-acceptance.test.ts: B3 (an abstention is its own outcome, with no claim attached); apps/api/src/intelligence/gateway/model-gateway.service.ts (abstained/refused outcomes); apps/api/src/prediction/forecasting/forecasting.service.ts (quantiles, coverage band, validation note); test/int/phase2-acceptance.test.ts: B3; test/int/phase4-acceptance.test.ts: D3/D4","Add field-level partial-result state and the partial-result declaration (missing scope, decision-active prohibition) to the error/product contract; today abstention is whole-output only.",
AU-INT-0040,"Decision products distinguish likelihood from impact, confidence from evidence quality, forecast probability from scenario plausibility, and model disagreement from real-world uncertainty.",Decision packages (branch-only).,V5:AI-63-005,V5:AI-63-005,intelligence,yes,all,harness,open,P6,test/int/phase6-decisions.test.ts: F1 (uncertainty derived from the run and the evidence),Add the four distinctions to decision package uncertainty (F1 derives uncertainty from run and evidence only).,
AU-INT-0041,No downstream promotion of a candidate occurs while required review is missing: reasoning products stay assessed/inferred and decision-active use needs owning-component validation and a human approval according to consequence.,All profiles.,V3:V03-T-091; V4:ES-45-005; V5:AI-46-005; V5:AI-07-003,V3:V03-T-091,intelligence,yes,all,harness,verified:local,P7-D,"migrations/0023:329-347 (review gate); test/int/phase2-acceptance.test.ts:427,518; migrations/0023:329,347 (proposed→reviewed→admitted); apps/api/src/intelligence/review/review.service.ts; test/int/phase2-acceptance.test.ts: B3; test/int/phase6-approvals.test.ts (decision-active use needs a human approval); test/int/phase3-acceptance.test.ts: C2 (resolver proposes; a person decides); test/int/phase6-agents.test.ts (decision agent drafts only)","Run the same named fixture on the SaaS, private-cloud and on-premises profiles once they exist (EXC-P0-004: only the local Compose profile exists at 2e83945)","Verified: test/int/phase2-acceptance.test.ts:427,518; test/int/phase6-approvals.test.ts (decision-active use needs a human approval); test/int/phase3-acceptance.test.ts C2 (resolver proposes; a person decides)."
AU-INT-0042,"Every declared degraded behaviour of the intelligence layer (abstain, route to deterministic fallback or human review, expose reduced confidence and unavailable methods, quarantine prompt injection, prevent promotion without review) and every ch.31 failure condition (unsupported format or language, confidence below threshold, ontology incompatibility, entity ambiguity, prompt injection, reviewer unavailable) has a fault-injection trace with affected-product watermark, consumer behaviour, operator action, recovery and reconciliation evidence, run continuously.",All profiles; only abstention is tested today.,V3:V03-T-289; V4:ES-32-009; V4:V04-T-022,V3:V03-T-289,intelligence,yes,all,harness,open,P2,apps/api/src/intelligence/extraction/extraction.service.ts:207-224 (abstention); apps/api/src/intelligence/review/review.service.ts; test/int/phase2-acceptance.test.ts:388,"Add fault cases for deterministic fallback, reduced-confidence exposure, prompt-injection quarantine, unsupported language, ontology incompatibility, entity ambiguity and reviewer unavailability; run continuously in CI.",
AU-INT-0043,"All production inference passes through the model gateway: each call records mode (replay | local-live), model identity (weights digest, runtime, decoding, prompt digest), the request digest, latency and a terminal outcome (completed/abstained/refused/failed); a replay returns byte-identical responses and a replay miss is a named failure that never falls through to a live call; callers receive canonical result/error envelopes without provider-specific tokens.",All profiles; the only inference callers are extraction and entity ranking.,V0:C-030; V2:V02-T-144; V2:V02-T-146; V3:V03-T-222; V4:ES-45-001; V5:AI-16-001; V5:AI-16-003; V5:AI-16-004; V5:AI-16-005; V5:AI-C003; V6:IA-43-001; V6:IA-43-003,V0:C-030,intelligence,yes,all,harness,verified:local,P7-D,"apps/api/src/intelligence/gateway/model-gateway.service.ts (replay/recorded modes, model_id, model_weights_digest, prompt_version/digest, latency, abstention; NO hosted model API); migrations/0023 intelligence.gateway_calls, methods_current lifecycle; test/int/phase2-acceptance.test.ts: 'each call carries mode, model, versions and an outcome', 'replay returns byte-identical responses'; apps/api/src/intelligence/gateway/model-gateway.service.ts; apps/api/test/int/phase2-acceptance.test.ts: each call carries mode, model, versions and an outcome; apps/api/test/int/phase2-acceptance.test.ts: replay returns byte-identical responses for the same request; apps/api/test/int/phase2-acceptance.test.ts: an abstention is its own outcome, with no claim attached; apps/api/migrations/0024 (res_model_lineage_complete); gateway header: a replay miss is a FAILURE with a named reason; migrations/0023:158 (gateway_calls); apps/web/app/intelligence/gateway; test/int/phase2-acceptance.test.ts:363; apps/api/src/intelligence/gateway/model-gateway.service.ts:14-15,65,117-123,396,433,555,570 (replay|local-live loopback only, abstention, 120 s timeout); migrations/0023:72,140,158,404-521 (method registry); apps/api/src/intelligence/gateway/model-gateway.service.ts (single egress for extraction and entity ranking); test/int/phase2-acceptance.test.ts: B4; apps/api/src/executive/briefings/briefing.service.ts (no model call); migrations/0023_intelligence_extraction_and_claims.sql: gateway_calls (pinned vs observed model, model_identity, outcome, latency); test/int/phase2-acceptance.test.ts: B5 (repeat is idempotent with zero calls; replay miss fails with a named reason); apps/api/src/intelligence/gateway/model-gateway.service.ts: GatewayResult outcome completed/abstained/refused/failed; test/int/phase2-acceptance.test.ts: B3/B4; test/int/phase2-acceptance.test.ts: B4/B5; apps/api/src/intelligence/gateway/model-gateway.service.ts (modes replay | local-live Ollama/llama.cpp, pinned model digest/prompt version, no hosted provider); test/int/phase2-acceptance.test.ts; test/int/phase2-acceptance.test.ts (replay bound to the exact request digest; method pins)","Run the same named fixture on the SaaS, private-cloud and on-premises profiles once they exist (EXC-P0-004: only the local Compose profile exists at 2e83945); Provider adapters AU-INT-0044; routing AU-INT-0045; candidate-set recording AU-INT-0046; budgets AU-INT-0071.","Verified: test/int/phase2-acceptance.test.ts B4/B5 (""each call carries mode, model, versions and an outcome"", ""replay returns byte-identical responses"", ""repeat is idempotent with zero calls; replay miss fails with a named reason""). Owner decision: no paid/hosted model endpoint is reached from the repository; the gateway refuses any non-loopback host by design."
AU-INT-0044,"Each model or provider family (hosted, private, local, customer-provided, open-weight, statistical, symbolic, optimization) uses a versioned adapter registered independently of the model artifact and serving endpoint, preserving canonical roles, instruction precedence, context identity, tool schemas, deadlines, cancellation, output schema, status, usage, policy, trace and provenance, so models remain replaceable governed dependencies.","All profiles; customer retains control over cost, sovereignty, performance and vendor dependence.",V0:C-030; V2:V02-T-143; V2:V02-T-031; V2:V02-T-104; V3:V03-T-223; V3:ADR-0010; V5:AI-17-001; V5:AI-17-002; V5:AI-C005; V5:V05-T-006; V5:AI-05-001; V10:R-16; V10:IR-20-003; V10:ENT-14,V0:C-030,intelligence,yes,all,harness,open,P2,"apps/api/src/intelligence/gateway/model-gateway.service.ts (replay/recorded modes, model_id, model_weights_digest, prompt_version/digest, latency, abstention; NO hosted model API); migrations/0023 intelligence.gateway_calls, methods_current lifecycle; test/int/phase2-acceptance.test.ts: 'each call carries mode, model, versions and an outcome', 'replay returns byte-identical responses'; apps/api/src/graph/entities/resolver.service.ts (deterministic rules); apps/api/src/prediction/models/models.ts (statistical); apps/api/src/intelligence/gateway/model-gateway.service.ts (local open-weights model); apps/api/src/twin/models/supply-flow.ts (specialist engine); apps/api/src/intelligence/methods/methods.service.ts (method pins); apps/api/src/intelligence/gateway/model-gateway.service.ts (replay | local-live; model, weights, prompt, decoding digests on every call); apps/api/test/int/phase2-acceptance.test.ts: the schema REFUSES a claim whose lineage is incomplete; apps/api/test/int/phase2-acceptance.test.ts: each call carries mode, model, versions and an outcome; apps/api/src/intelligence/gateway/model-gateway.service.ts; apps/api/src/prediction/models/models.ts; apps/api/src/twin/models/supply-flow.ts; apps/api/src/intelligence/gateway/model-gateway.service.ts:14-15,396,555 (replay/local-live); migrations/0023:140,158; test/int/phase2-acceptance.test.ts:388; apps/api/src/intelligence/gateway/model-gateway.service.ts (inline Ollama-compatible call); apps/api/src/intelligence/gateway/model-gateway.service.ts (120 s abort; JSON format; prompt assembly); apps/api/src/intelligence/intelligence.capabilities.ts: MethodPin; apps/api/src/intelligence/gateway/model-gateway.service.ts (single egress; model, weights digest, prompt version pinned per call; a replay miss fails, never a silent live call); apps/api/src/intelligence/methods/methods.service.ts (versioned methods); test/int/phase2-acceptance.test.ts: B1 claims carry method, model, version, confidence and evidence lineage; B3 low confidence and abstention reach review and cannot bypass it; apps/web/app/intelligence/gateway; docker-compose.yml (digest-pinned images)",Build the adapter registry and at least one hosted provider adapter plus statistical/graph/optimization families behind the same contract; the inline Ollama-compatible call is the only runtime. Owner decision: no paid/hosted model endpoint is reached from the repository; the gateway refuses any non-loopback host by design.,"R-16, IR-20-003 and ENT-14 are Volume 10 (explanatory) statements of the pluralism obligation; ENT-14 entitlement enforcement is P7-F."
AU-INT-0045,"Model resolution selects an approved model version by task, domain, risk, deployment, data boundary, language, cost, latency, quality, sovereignty, capacity and fallback state from the signed current registry, within a tenant-controlled approved-model set, and refuses with EYE-MDL-001 when no conforming model exists.",All profiles.,V2:V02-T-145; V2:V02-T-192; V2:V02-T-144; V3:V03-T-219; V4:ES-45-002; V4:EYE-MDL-001; V5:AI-16-002; V5:AI-C004; V5:AI-10-002; V5:AI-05-002,V2:V02-T-145,intelligence,yes,all,harness,open,P2,"apps/api/src/intelligence/gateway/model-gateway.service.ts (local-live via Ollama/llama.cpp; no hosted API); apps/api/src/intelligence/gateway/model-gateway.service.ts; apps/api/test/int/phase2-acceptance.test.ts: each call carries mode, model, versions and an outcome; apps/api/test/int/phase2-acceptance.test.ts: replay returns byte-identical responses for the same request; apps/api/src/intelligence/gateway/model-gateway.service.ts:14-15,396,555; packages/contracts/src/errors.ts:16-45 (catalogued with retry class; never raised — v04-surveys); migrations/0023_intelligence_extraction_and_claims.sql: lock_active_method; apps/api/src/intelligence/methods/methods.service.ts; migrations/0023_intelligence_extraction_and_claims.sql: intelligence.methods_current; apps/api/src/intelligence/methods/methods.service.ts (approve by a different person, then activate; lock_active_method); test/int/phase4-acceptance.test.ts: D3 (learned model used only when the backtest earned it)","Implement the resolver (policy inputs, candidate set, selected artifact, fallback chain, decision reason) and the tenant approved-model set; raise EYE-MDL-001 (never raised).",
AU-INT-0046,"The gateway records candidate models, rejection reasons, selected path, exact parameters, context and instruction versions, provider receipt, usage (tokens), safety events and terminal status for every invocation.",All profiles.,V5:AI-16-003; V5:AI-10-002,V5:AI-16-003,intelligence,yes,all,harness,open,P2,"migrations/0023_intelligence_extraction_and_claims.sql: gateway_calls (pinned vs observed model, model_identity, outcome, latency); test/int/phase2-acceptance.test.ts: B4; apps/api/src/intelligence/methods/methods.service.ts; migrations/0023_intelligence_extraction_and_claims.sql: intelligence.methods_current","Extend gateway_calls with candidate set, rejection reasons, usage and safety events.",
AU-INT-0047,"Fallback never silently downgrades semantics: replay never falls through to a live call, a learned forecaster is used only when its backtest earned it and the seasonal baseline says so, and unavailability is explicit; retries preserve idempotency and the information boundary.",All profiles.,V3:V03-T-225; V4:ES-45-004; V5:AI-05-004; V5:AI-16-004,V3:V03-T-225,intelligence,yes,all,harness,verified:local,P7-D,"apps/api/src/intelligence/gateway/model-gateway.service.ts:117-123 (abstain); apps/api/src/intelligence/gateway/model-gateway.service.ts:14-15,65,117-123,396,433,555,570 (replay|local-live loopback only, abstention, 120 s timeout); migrations/0023:72,140,158,404-521 (method registry); test/int/phase2-acceptance.test.ts:363,388,427; test/int/phase2-acceptance.test.ts: B5 (replay never falls through to a live call); test/int/phase4-acceptance.test.ts: D3 (the seasonal baseline is the forecaster and says so); test/int/phase2-acceptance.test.ts: B5 (repeat is idempotent with zero calls; replay miss fails with a named reason)","Run the same named fixture on the SaaS, private-cloud and on-premises profiles once they exist (EXC-P0-004: only the local Compose profile exists at 2e83945); Declared equivalent fallback routes are AU-INT-0048.","Verified: test/int/phase2-acceptance.test.ts B5; test/int/phase4-acceptance.test.ts D3 (""the seasonal baseline is the forecaster and says so"")."
AU-INT-0048,"When the primary model is unavailable a pre-approved equivalent route is used or the call abstains or queues; when a quality threshold is missed a declared ensemble, deterministic method, alternate model or human review path is tried with disagreement retained; provider/route/fitness/policy/latency/budget invalidation during execution aborts, abstains or uses the declared fallback preserving the exact resolution path.",All profiles.,V2:V02-T-146; V3:V03-T-225; V3:V03-T-226; V3:V03-T-088; V6:IA-43-005; V6:IA-18-005,V2:V02-T-146,intelligence,yes,all,harness,open,P2,"apps/api/test/int/phase2-acceptance.test.ts: each call carries mode, model, versions and an outcome; apps/api/test/int/phase2-acceptance.test.ts: an abstention is its own outcome, with no claim attached; apps/api/migrations/0024 (res_model_lineage_complete); gateway header: a replay miss is a FAILURE with a named reason; apps/api/src/intelligence/gateway/model-gateway.service.ts:117-123 (abstain); apps/api/src/intelligence/review/review.service.ts; abstention); abstention recorded on the call record)","Define fallback chains (equivalent routes, ensemble, deterministic, human) and budget/latency/policy invalidation handling in the gateway.",
AU-INT-0049,"A model substitution or provider replacement is promoted only after canonical conformance, historical replay, safety, performance, cost, correction, explanation and deployment-parity evaluation prove it preserves task semantics, data controls, evaluation thresholds, explanation evidence and failure behaviour; adapter upgrades run cross-version golden, adversarial, performance, failure, cancellation and replay suites first.",All profiles.,V3:V03-T-224; V3:V03-T-229; V5:AI-05-005; V5:AI-17-005; V10:IR-20-003,V3:V03-T-224,intelligence,yes,all,harness,open,P7-B,"apps/api/src/intelligence/gateway/model-gateway.service.ts (single egress; model, weights digest, prompt version pinned per call; a replay miss fails, never a silent live call); apps/api/src/intelligence/methods/methods.service.ts (versioned methods); test/int/phase2-acceptance.test.ts: B1 claims carry method, model, version, confidence and evidence lineage; B3 low confidence and abstention reach review and cannot bypass it; apps/web/app/intelligence/gateway","Build the replacement rehearsal suite and cross-model comparison on domain tasks, calibration, safety, latency, cost and drift.",
AU-INT-0050,"On drift or incident the affected model version is quarantined, dependent objects and active executions identified, rollback activated, re-evaluation initiated and the serving revision drained or revoked; model withdrawal stops new resolution and initiates recomputation, review or disclosure according to consequence.",All profiles.,V3:V03-T-227; V5:AI-10-004; V6:IA-18-005,V3:V03-T-227,intelligence,yes,all,harness,open,P2,apps/api/src/intelligence/methods/methods.service.ts; migrations/0023_intelligence_extraction_and_claims.sql: intelligence.methods_current; abstention recorded on the call record),"Add withdrawal/drift handling in the method registry (stop resolution, identify dependents, rollback, re-evaluate).",
AU-INT-0051,On-Premise or disconnected deployments resolve locally available approved models and make reduced capability explicit in product state.,On-premises/disconnected profile.,V3:V03-T-228,V3:V03-T-228,intelligence,yes,all,harness,open,P7-D,,Add the disconnected resolution mode with explicit reduced-capability product state.,
AU-INT-0052,"The gateway applies input minimization, classification, routing, encryption, regional and provider restrictions and retention controls; provider-specific retention, logging, training use, region, subprocessors, safety intervention and support access are enforced as resolution constraints; external providers stay outside the trusted domain until gateway, policy, provenance, minimization, integrity and sovereignty controls complete.",All profiles; hosted providers absent.,V2:V02-T-192; V3:V03-T-220; V5:AI-17-004; V5:AI-07-004; V5:AI-C008,V2:V02-T-192,intelligence,yes,all,harness,open,P2,"apps/api/src/intelligence/gateway/model-gateway.service.ts (local-live via Ollama/llama.cpp; no hosted API); apps/api/src/observation/connectors/redaction.ts (intake redaction only); apps/api/src/intelligence/gateway/model-gateway.service.ts (inline Ollama-compatible call); apps/api/src/intelligence/gateway/model-gateway.service.ts (loopback-only host refused otherwise); test/int/phase1-hostile-input.test.ts: A10 SSRF; apps/api/src/observation/quarantine/quarantine.service.ts; apps/api/src/policy/pdp.service.ts (purpose, consequence); apps/api/src/intelligence/gateway/model-gateway.service.ts (loopback)",Add minimization/classification/regional/provider constraints to the gateway (intake redaction only today); loopback-only refusal is verified (A10) but the provider controls do not exist.,
AU-INT-0053,"Prompt templates, tools, retrieval context, parameters, safety policy and output schema are bound to a versioned, immutable invocation plan for every call.",All profiles.,V3:V03-T-221; V4:ES-45-003; V5:AI-18-003,V3:V03-T-221,intelligence,yes,all,harness,open,P2,"migrations/0023:72 (methods_current with prompt version), :140 (recorded_responses); migrations/0023:140,158 (gateway calls with prompt/model identity); test/int/phase2-acceptance.test.ts:363,427; apps/api/src/intelligence/intelligence.capabilities.ts: MethodPin (target_types, confidence_floor, review_below); test/int/phase2-acceptance.test.ts: B3 (abstention is its own outcome)","Bind tools, retrieval context and safety policy into the invocation plan (prompt version and recorded response exist).",
AU-INT-0054,"Every model artifact has stable identity, content digest, version, provenance, composition, owner, licences, data terms, architecture, task profiles, prohibited uses, deployment support, evaluations, limitations, security, privacy, sovereignty, resource, compatibility and support lifecycle per the Appendix E field dictionary, in an AI artifact registry that also owns adapter, prompt, evaluator and release identities.",All profiles.,V5:AI-10-001; V5:AI-15-002; V5:V05-T-018; V5:AI-C001,V5:AI-10-001,intelligence,yes,all,harness,open,P2,"apps/api/src/intelligence/methods/methods.service.ts; migrations/0023_intelligence_extraction_and_claims.sql: intelligence.methods_current; apps/api/src/intelligence/intelligence.capabilities.ts: MethodPin; apps/api/src/intelligence/methods/methods.service.ts (model_id, weights digest, runtime, prompt, decoding, status, approvals); migrations/0044_executive_rooms_and_briefings.sql","Extend intelligence.methods (model_id, weights digest, runtime, prompt, decoding, status, approvals only) to the 40-field model registry.",
AU-INT-0055,"Task approval is consequence- and population-specific, recorded in a task contract registry (task semantics, input/output schemas, consequence scope, fitness, admission rules) and expires or is revoked independently of the model's registry presence.",All profiles.,V4:ES-45-002; V5:AI-10-003; V5:AI-C002,V4:ES-45-002,intelligence,yes,all,harness,open,P2,"apps/api/src/intelligence/methods/methods.service.ts; migrations/0023_intelligence_extraction_and_claims.sql: intelligence.methods_current; apps/api/src/intelligence/intelligence.capabilities.ts: MethodPin (target_types, thresholds); packages/contracts",Add task-specific approvals with expiry/revocation and the task contract registry.,
AU-INT-0056,"Model retirement preserves historical resolution, impact analysis, export or replacement obligations, Decision Replay, audit verification and customer exit requirements.",All profiles.,V5:AI-15-005,V5:AI-15-005,intelligence,yes,all,harness,open,P2,apps/api/src/intelligence/methods/methods.service.ts; apps/api/src/intelligence/intelligence.capabilities.ts: MethodPin,Add retirement semantics to the method registry.,
AU-INT-0057,"Fine-tunes, adapters, quantizations, distillations, ensembles, cascades and retrieval-augmented configurations have independent version identities linked to every parent artifact.",All profiles.,V5:AI-15-004,V5:AI-15-004,intelligence,yes,all,harness,open,P2,,Add composite-artifact identities to the registry.,
AU-INT-0058,"Every model version has a unique immutable identity (weights, runtime, decoding, prompt digests) and a changed artifact never reuses a prior identifier; the observed model must match the pinned identity.",All profiles.,V5:AI-15-001,V5:AI-15-001,intelligence,yes,all,harness,verified:local,P7-D,"apps/api/src/intelligence/gateway/model-gateway.service.ts: extractionIdentityOf (weights, runtime, decoding, prompt digests); observed model must match the pin; test/int/phase2-acceptance.test.ts: B5","Run the same named fixture on the SaaS, private-cloud and on-premises profiles once they exist (EXC-P0-004: only the local Compose profile exists at 2e83945)",Verified: test/int/phase2-acceptance.test.ts B5; model-gateway.service.ts extractionIdentityOf.
AU-INT-0059,"Historical registry state remains resolvable for audit, incident analysis, correction impact, reproducibility and Decision Replay: method events are append-only and the current projection rebuilds from its log.",All profiles.,V5:AI-10-005,V5:AI-10-005,intelligence,yes,all,harness,verified:local,P7-D,migrations/0023_intelligence_extraction_and_claims.sql: method_events (append-only) and methods_current projection; test/int/phase2-acceptance.test.ts: B6 (every projection rebuilds from its log),"Run the same named fixture on the SaaS, private-cloud and on-premises profiles once they exist (EXC-P0-004: only the local Compose profile exists at 2e83945)",Verified: test/int/phase2-acceptance.test.ts B6 (every projection rebuilds from its log).
AU-INT-0060,An external hosted model is pinned to a provider version or verified behaviour profile and treated as changed when the provider cannot guarantee stable semantics.,Applies when a hosted provider adapter exists (AU-INT-0044); none today.,V5:AI-15-003,V5:AI-15-003,intelligence,yes,all,harness,open,P2,,"Implement with the first hosted adapter; conditional obligation, vacuous today.",Owner decision: no paid/hosted model endpoint is reached from the repository; the gateway refuses any non-loopback host by design.
AU-INT-0061,Every production prompt/instruction template is versioned with digest and owner and a changed prompt is a new method version that a different person must approve before activation.,All profiles.,V3:V03-T-084; V5:AI-18-001; V5:AI-C006,V3:V03-T-084,intelligence,yes,all,harness,verified:local,P7-D,"migrations/0023:72,158 (methods_current, gateway_calls); apps/api/src/intelligence/methods/methods.service.ts; test/int/phase2-acceptance.test.ts:363; apps/api/src/intelligence/methods/methods.service.ts (prompt_ref/version/text/digest; approval by a different person); test/int/phase2-acceptance.test.ts: B5; apps/api/src/intelligence/methods/methods.service.ts (prompt_ref/version/digest)","Run the same named fixture on the SaaS, private-cloud and on-premises profiles once they exist (EXC-P0-004: only the local Compose profile exists at 2e83945); Signed registry and promotion gates are AU-INT-0062.",Verified: test/int/phase2-acceptance.test.ts B5; methods.service.ts (prompt_ref/version/text/digest; approval by a different person).
AU-INT-0062,"Prompt and instruction changes pass task, safety, injection, regression, cost, latency, model-compatibility, deployment-parity and rollback gates before promotion, from a signed prompt/instruction registry that also records precedence and compatibility artifacts.",All profiles.,V5:AI-18-005; V5:AI-18-001; V5:AI-C006,V5:AI-18-005,intelligence,yes,all,harness,open,P7-B,apps/api/src/intelligence/methods/methods.service.ts (a changed prompt is a new method version approved by a different person); apps/api/src/intelligence/methods/methods.service.ts (prompt_ref/version/text/digest; approval by a different person); test/int/phase2-acceptance.test.ts: B5; apps/api/src/intelligence/methods/methods.service.ts (prompt_ref/version/digest),Add the signed prompt registry and the promotion gate suite.,
AU-INT-0063,"Instruction precedence is explicit and enforced outside the model: context distinguishes canonical objects from untrusted observations, retrieved text, synthetic examples, tool output, prior model output and user instructions with typed provenance labels; retrieved content never acquires authority by textual form or becomes instructions or accepted truth; dynamic variables are typed, length-bounded, classified, escaped and recorded by digest.",All profiles.,V5:AI-18-002; V5:AI-12-004; V5:AI-18-004; V7:DP-46-003,V5:AI-18-002,intelligence,yes,all,harness,open,P2,"apps/api/src/intelligence/gateway/model-gateway.service.ts (prompt precedes evidence; output parsed to typed claims so embedded text cannot act); apps/api/src/intelligence/gateway/model-gateway.service.ts (instruction then EVIDENCE section); apps/api/src/intelligence/gateway/model-gateway.service.ts (input digested into the request identity; evidence byte length bounds spans); apps/api/src/intelligence/gateway/model-gateway.service.ts (request digest, evidence spans, mode); apps/api/migrations/0023 claim_lineage byte spans; apps/api/src/executive/briefings/briefing.service.ts (as-of context with availability, items cited); apps/api/migrations/0049 (historical eligibility/contract state); apps/api/test/int/phase2-acceptance.test.ts: B1, B4; apps/api/test/int/phase6-briefings.test.ts","Add typed precedence enforcement and provenance labels outside the model, typed/escaped variables and an injection defence corpus (prompt precedes evidence and output is parsed to typed claims today).",
AU-INT-0064,"Templates bind an output schema, allowed tools, side-effect class, explanation profile, uncertainty behaviour, prohibited content and escalation or abstention conditions.",All profiles.,V5:AI-18-003,V5:AI-18-003,intelligence,yes,all,harness,open,P2,"apps/api/src/intelligence/intelligence.capabilities.ts: MethodPin (target_types, confidence_floor, review_below); test/int/phase2-acceptance.test.ts: B3 (abstention is its own outcome)","Add allowed tools, side-effect class, explanation profile and prohibited content to the method pin (target_types, confidence_floor, review_below exist).",
AU-INT-0065,"Every AI task producing a material product binds a canonical output schema; free-form output is refused as authoritative state; validation runs outside the producing model (schema, spans inside evidence, candidates only) and adapters never invent citations, confidence, explanation, guarantees, safety approval or tool completion; a malformed response is refused, never coerced.",All profiles.,V5:AI-20-001; V5:AI-20-002; V5:AI-C007; V5:AI-17-003; V5:AI-20-003,V5:AI-20-001,intelligence,yes,all,harness,verified:local,P7-D,"apps/api/src/intelligence/gateway/model-gateway.service.ts: parseResponse (free-form refused); test/int/phase2-acceptance.test.ts: B1; apps/api/src/intelligence/gateway/model-gateway.service.ts: parseResponse/parseRanking; test/int/phase2-acceptance.test.ts: B1/B3; apps/api/src/intelligence/gateway/model-gateway.service.ts: parseResponse/parseRanking (refuse rather than coerce; span inside evidence; candidates only); apps/api/src/intelligence/gateway/model-gateway.service.ts (no repair: a malformed response is refused, never coerced)","Run the same named fixture on the SaaS, private-cloud and on-premises profiles once they exist (EXC-P0-004: only the local Compose profile exists at 2e83945); Semantic/ontology/time validation and bounded repair are AU-INT-0066.",Verified: test/int/phase2-acceptance.test.ts B1/B3; model-gateway.service.ts parseResponse/parseRanking (refuse rather than coerce). AI-20-003: refuse-only satisfies the prohibition on repair creating evidence.
AU-INT-0066,"Structured-output validation also verifies semantics, ontology, time, truth state, uncertainty, quality and owner, and any repair attempt is bounded, versioned and observable.",All profiles.,V5:AI-20-002; V5:AI-20-003,V5:AI-20-002,intelligence,yes,all,harness,open,P2,"apps/api/src/intelligence/gateway/model-gateway.service.ts: parseResponse/parseRanking; test/int/phase2-acceptance.test.ts: B1/B3; apps/api/src/intelligence/gateway/model-gateway.service.ts (no repair: a malformed response is refused, never coerced)",Add semantic/ontology/time validation and (optionally) bounded observable repair.,
AU-INT-0067,"Canonical admission is performed by the owning layer component and emits immutable product, audit, lineage, quality and correction references; intermediate model and agent outputs remain execution evidence and never become shared memory or graph truth without owning-component admission; AI services never write directly into another component's authoritative store and consume canonical objects only by immutable reference or policy-filtered projection.",All profiles.,V4:ES-45-005; V5:AI-20-005; V5:AI-09-002; V5:AI-07-002; V5:AI-07-003,V4:ES-45-005,intelligence,yes,all,harness,verified:local,P7-D,"migrations/0023:329,347 (proposed→reviewed→admitted); apps/api/src/intelligence/review/review.service.ts; test/int/phase2-acceptance.test.ts:427,518; test/int/phase2-acceptance.test.ts: B1 (claim carries the whole pin; schema refuses incomplete lineage); apps/api/src/intelligence/extraction/extraction.service.ts; test/int/phase2-acceptance.test.ts: B5 (recorded responses are not claims); test/int/phase3-acceptance.test.ts: C2 (ranking is evidence on a proposal); test/int/adversarial.test.ts (cannot write any authoritative table directly); test/int/gate21-adversarial.test.ts: G21-2; test/int/phase3-acceptance.test.ts: C2 (resolver proposes; a person decides); test/int/phase6-agents.test.ts (decision agent drafts only)","Run the same named fixture on the SaaS, private-cloud and on-premises profiles once they exist (EXC-P0-004: only the local Compose profile exists at 2e83945)",Verified: test/int/phase2-acceptance.test.ts B1/B5 (recorded responses are not claims); test/int/adversarial.test.ts and gate21-adversarial.test.ts G21-2 (cannot write authoritative tables); test/int/phase3-acceptance.test.ts C2.
AU-INT-0068,"AI task admission binds the exact product schema, consequence class, quality threshold, explanation profile, human review, permitted side effects, purpose, tenant, domain, deadline, data and human-gate context before execution, and product admission evaluates schema, evidence, temporal scope, provenance, uncertainty, policy, quality, duplication, contradiction, correction and accountable ownership.",All profiles.,V5:AI-09-001; V5:AI-09-004; V5:AI-07-001,V5:AI-09-001,intelligence,yes,all,harness,open,P2,test/int/phase2-acceptance.test.ts: B1/B3/B5; apps/api/src/intelligence/extraction/extraction.service.ts; packages/contracts (Envelope); apps/api/src/policy/pdp.service.ts; test/int/adversarial.test.ts,"Add deadline and human-gate context to the task contract and contradiction/duplication checks at admission (B1/B3/B5 cover schema, evidence, review, side effects).",
AU-INT-0069,"Use, challenge, override, correction, decision, commitment and outcome events link back to the admitted product and initiate evaluation or governed learning where applicable.",All profiles; branch-only outcomes.,V5:AI-09-005,V5:AI-09-005,intelligence,yes,all,harness,open,P7-B,apps/api/src/intelligence/review/review.service.ts; test/int/phase6-monitoring.test.ts (outcomes reconciled against the choice),Wire product-use/override/outcome events into evaluation and governed learning (outcomes reconcile against the choice today).,
AU-INT-0070,"AI system health distinguishes model, agent, context, tool, evaluation, control, product-quality and decision-use state rather than one availability indicator.",All profiles.,V5:AI-07-005,V5:AI-07-005,intelligence,yes,all,harness,open,P7-D,"apps/api/src/health/health.controller.ts (db, audit, degradedSince); test/int/gate22-degraded-recovery.test.ts",Extend /healthz//readyz with per-plane AI health (db/audit/degradedSince only).,
AU-INT-0071,"An inference economics ledger attributes tokens, compute, latency, energy and provider cost to tasks and products, and the gateway enforces budgets.",All profiles.,V5:AI-C010; V6:IA-43-001,V5:AI-C010,intelligence,yes,all,harness,open,P2,"migrations/0023_intelligence_extraction_and_claims.sql: gateway_calls (latency_ms); apps/api/src/intelligence/gateway/model-gateway.service.ts (modes replay | local-live Ollama/llama.cpp, pinned model digest/prompt version, no hosted provider); test/int/phase2-acceptance.test.ts",Add token/compute/cost attribution and budgets (latency_ms only today).,
AU-INT-0072,"An inference capacity broker allocates accelerator and provider capacity by priority, budgets, deadlines and sovereignty.",All profiles.,V5:AI-C009,V5:AI-C009,intelligence,yes,all,harness,open,P7-D,,Build the capacity broker.,
AU-INT-0073,"Model serving infrastructure serves approved artifacts through stable gateways, immutable runtime images, bounded context, autoscaling and evidence-rich inference endpoints, reconciling serving deployment, model and adapter digest, runtime, hardware profile, endpoint, rollout, capacity, fitness and revocation state; it executes only registry-resolved artifacts and cannot alter prompts, context, outputs or safety controls outside the release manifest.",All profiles.,V6:IA-18-001; V6:IA-18-002; V6:IA-18-003,V6:IA-18-001,intelligence,yes,all,harness,open,P2,"apps/api/src/intelligence/gateway/model-gateway.service.ts (modes replay | local-live Ollama/llama.cpp, pinned model digest/prompt version, no hosted provider); test/int/phase2-acceptance.test.ts","Add a serving gateway with immutable images, artifact registry/release manifest and the infrastructure manifest; the gateway executes only the pinned method today (no manifest to resolve against).",
AU-INT-0074,"Model-serving production admission requires artifact attestation, golden inference fixtures, load and failover tests, canary analysis, revocation propagation and replay bound to the exact artifacts, configuration, topology, customer scope, deployment profile and period.",V6 ch.18 admission clause.,V6:IA-18-006,V6:IA-18-006,intelligence,yes,all,harness,open,P2,,Write the serving admission suite.,
AU-INT-0075,"Every inference-fabric instance declares and continuously reconciles inference request, task contract, model resolution, provider route, context manifest, budget, response, evaluation and receipt through versioned desired state, observed state, ownership and audit evidence.",V6 ch.43 reconcile clause.,V6:IA-43-002,V6:IA-43-002,intelligence,yes,all,harness,open,P2,,Add the inference-fabric manifest and observed-state reconciliation.,
AU-INT-0076,"Inference-fabric production admission requires provider failover, routing policy, privacy and egress, structured-output, budget, revocation and cross-deployment tests bound to the exact artifacts, configuration, topology, customer scope, deployment profile and period.",V6 ch.43 admission clause.,V6:IA-43-006,V6:IA-43-006,intelligence,yes,all,harness,open,P2,,Write the fabric admission suite.,
AU-INT-0077,"Large language model tasks are evaluated for task correctness, faithfulness, calibration, safety and latency and hold no direct decision or tool authority.","Model class MC-001; local open-weights model via Ollama in local-live, replay in CI.",V5:MC-001,V5:MC-001,intelligence,yes,all,harness,open,P7-B,apps/api/src/intelligence/gateway/model-gateway.service.ts (local open-weights model via Ollama in local-live; replay in CI),Add faithfulness/calibration/safety evaluation for LLM tasks (no direct authority is verified by B1/C2).,
AU-INT-0078,"An embedding model provides semantic representations for retrieval, clustering, matching and novelty, evaluated for recall, neighbourhood quality, drift and privacy, and never substitutes for identity, policy or provenance.",Model class MC-005.,V5:MC-005,V5:MC-005,intelligence,yes,all,harness,open,P3,,"Add embeddings (pgvector planned for Phase 3, not built) with a vector projection tier (AU-DP-0115).",
AU-INT-0079,"A reranking model orders retrieved candidates after authorization, evaluated by NDCG, recall at cutoff, evidence diversity and latency; ranking is not truth.",Model class MC-006.,V5:MC-006,V5:MC-006,intelligence,yes,all,harness,open,P3,,Add reranking after permission trimming.,
AU-INT-0080,"Graph models and algorithms provide link prediction, community and influence analysis and graph representations with path faithfulness, leakage, temporal validity and robustness evaluation while the canonical graph remains the source of identity and relations.",Model class MC-010; traversal exists.,V5:MC-010,V5:MC-010,intelligence,yes,all,harness,open,P3,migrations/0024: graph.dependencies walk; test/int/phase3-acceptance.test.ts: C6,"Add link prediction, community and influence algorithms (dependency traversal only today).",
AU-INT-0081,"Time-series forecasting models produce point, interval, quantile and distribution forecasts with calibration, coverage, sharpness, horizon and drift evaluation, requiring an exact cutoff and population.",Model class MC-011; branch-only.,V5:MC-011,V5:MC-011,intelligence,yes,all,harness,verified:local,P7-D,"apps/api/src/prediction/models/models.ts (Holt-Winters, seasonal naive, quantiles); test/int/phase4-acceptance.test.ts: D3/D4","Run the same named fixture on the SaaS, private-cloud and on-premises profiles once they exist (EXC-P0-004: only the local Compose profile exists at 2e83945)","Verified: test/int/phase4-acceptance.test.ts D3/D4 (Holt-Winters, seasonal naive, quantiles, calibration)."
AU-INT-0082,"Probabilistic and Bayesian models provide uncertainty-aware inference, updating and risk estimation with posterior calibration, prior sensitivity and identifiability, with assumptions and priors explicit.",Model class MC-012.,V5:MC-012,V5:MC-012,intelligence,yes,all,harness,open,P4,,Add the probabilistic/Bayesian model family.,
AU-INT-0083,"Causal models provide causal structure, effect estimation and counterfactual analysis with identification, balance, sensitivity and transportability, and a causal claim requires declared assumptions.",Model class MC-013.,V5:MC-013,V5:MC-013,intelligence,yes,all,harness,open,P4,,Add the causal model family.,
AU-INT-0084,"Anomaly and weak-signal models detect novelty, change-points, outliers, convergence and precursors with detection delay, false-alarm, stability and lead-time evaluation; a signal stays a candidate until mechanism and materiality review.",Model class MC-014.,V5:MC-014,V5:MC-014,intelligence,yes,all,harness,open,P4,,Add the anomaly/weak-signal model family.,
AU-INT-0085,"Optimization models solve constrained resource, routing, scheduling, portfolio and policy option problems with feasibility, optimality gap, sensitivity and robustness, objectives and constraints being human-approved.",Model class MC-015.,V5:MC-015,V5:MC-015,intelligence,yes,all,harness,open,P4,,Add the optimization model family.,
AU-INT-0086,"Simulation model families (discrete event, agent-based, system dynamics, Monte Carlo, domain) run with validity, reproducibility, sensitivity and uncertainty evaluation under mandatory synthetic branch isolation.",Model class MC-016; supply-flow engine only (branch-only).,V5:MC-016,V5:MC-016,intelligence,yes,all,harness,open,P5,"apps/api/src/twin/models/supply-flow.ts; test/int/phase5-simulations.test.ts (seeded, reproducible, SYNTHETIC)","Add discrete-event, agent-based and system-dynamics families (seeded reproducible supply-flow runs are verified in phase5-simulations).",
AU-INT-0087,"A policy or control model performs only bounded adaptive selection within an approved environment with reward validity, safety, regret, stability and off-policy risk evaluation and no self-authorized goals or external effect.",Model class MC-017; applies only if such a model is introduced (none is approved today).,V5:MC-017,V5:MC-017,intelligence,yes,all,harness,open,P7-B,,Conditional obligation: introduce only with the evaluation profile; record the owner decision if the class is excluded.,
AU-INT-0088,"An evaluator or judge model assists scoring of correctness, quality, safety and explanation with agreement, bias, calibration, robustness and contamination evaluation and is never sole authority for its own lineage.",Model class MC-018.,V5:MC-018,V5:MC-018,intelligence,yes,all,harness,open,P7-B,,Add the evaluator/judge class inside the evaluation harness.,
AU-INT-0089,"A safety and content model detects unsafe, restricted, sensitive or policy-relevant content with recall at severity, false-denial and evasion robustness, while external policy enforcement remains authoritative.",Model class MC-019.,V5:MC-019,V5:MC-019,intelligence,yes,all,harness,open,P2,,Add the safety/content model class.,
AU-INT-0090,"Ensembles and agent groups preserve individual outputs, confidence, dissent, failure and aggregation lineage rather than exposing consensus alone.",All profiles.,V5:AI-05-003,V5:AI-05-003,intelligence,yes,all,harness,open,P2,,Add ensemble composition preserving component outputs and aggregation lineage.,
AU-INT-0091,"Task contracts and canonical products are separated from provider-specific model, agent, retrieval, embedding and tool interfaces so approved providers, model families, rules, statistics, graph methods, optimizers and simulators can evolve while contracts stay stable.",All profiles.,V5:AI-05-001; V5:V05-T-006; V5:AI-C002,V5:AI-05-001,intelligence,yes,all,harness,open,P2,"apps/api/src/intelligence/gateway/model-gateway.service.ts; apps/api/src/intelligence/intelligence.capabilities.ts: MethodPin; apps/api/src/intelligence/intelligence.capabilities.ts: MethodPin (target_types, thresholds); packages/contracts",Separate task contracts (MethodPin today) from the provider runtime through the adapter registry (AU-INT-0044).,
AU-INT-0092,"An artifact is activated only after approval by a person other than the proposer, and a learned forecaster is selected only when its backtest earned it.",All profiles; branch-only for forecasting.,V5:AI-05-002,V5:AI-05-002,intelligence,yes,all,harness,verified:local,P7-D,"apps/api/src/intelligence/methods/methods.service.ts (approve by a different person, then activate; lock_active_method); test/int/phase4-acceptance.test.ts: D3 (learned model used only when the backtest earned it)","Run the same named fixture on the SaaS, private-cloud and on-premises profiles once they exist (EXC-P0-004: only the local Compose profile exists at 2e83945); Data-rights, sovereignty, safety and compatibility inputs to resolution are AU-INT-0045.","Verified: methods.service.ts (approve by a different person, then activate; lock_active_method); test/int/phase4-acceptance.test.ts D3."
AU-INT-0093,"Every gateway invocation binds an immutable request digest over prompt, model, decoding and the input evidence bytes, and reading the evidence and writing the claim are two recorded decisions.",All profiles.,V5:AI-12-001; V5:AI-12-002,V5:AI-12-001,intelligence,yes,all,harness,verified:local,P7-D,"apps/api/src/intelligence/gateway/model-gateway.service.ts: requestDigestOf (prompt + model + decoding + input digested); test/int/phase2-acceptance.test.ts: B5; test/int/phase2-acceptance.test.ts: B1 (reading the evidence and writing the claim are TWO decisions, both recorded)","Run the same named fixture on the SaaS, private-cloud and on-premises profiles once they exist (EXC-P0-004: only the local Compose profile exists at 2e83945); The full context manifest is AU-INT-0094; policy filters before content enters are AU-INT-0095.",Verified: test/int/phase2-acceptance.test.ts B1/B5; model-gateway.service.ts requestDigestOf.
AU-INT-0094,"Every model and agent invocation binds an immutable context manifest per Appendix G (context_id ... audit_and_replay_locator) that closes the information, temporal, provenance, policy, quality and integrity boundary, binds each supplied segment to immutable evidence, records retrieval, filter, ranking, compression, omission and ordering decisions, token/size budget and expiry, and is a context-manifest product for agents, models, analysts and executive workflows.",All profiles.,V5:AI-12-001; V5:V05-T-020; V5:AI-19-005; V5:V05-T-012; V7:DP-46-002; V7:DP-46-001; V7:DPD-18; V7:DAT-SV-07,V5:AI-12-001,intelligence,yes,all,harness,open,P3,"apps/api/src/intelligence/gateway/model-gateway.service.ts: requestDigestOf (prompt + model + decoding + input digested); test/int/phase2-acceptance.test.ts: B5; apps/api/src/intelligence/gateway/model-gateway.service.ts: requestDigestOf (request identity only); migrations/0023_intelligence_extraction_and_claims.sql: gateway_calls/runs/attempts; migrations/0046_executive_agents_and_runs.sql; test/int/phase6-replay.test.ts; apps/api/src/intelligence/gateway/model-gateway.service.ts (request digest, evidence spans, mode); apps/api/migrations/0023 claim_lineage byte spans; apps/api/src/executive/briefings/briefing.service.ts (as-of context with availability, items cited); apps/api/migrations/0049 (historical eligibility/contract state); apps/api/test/int/phase2-acceptance.test.ts: B1, B4; apps/api/test/int/phase6-briefings.test.ts; apps/api/src/intelligence/gateway/model-gateway.service.ts; briefings; apps/api/src/executive/briefings/briefing.service.ts; apps/api/test/int/phase2-acceptance.test.ts: B1",Build the context manifest object/store and the context assembly service (request digest and briefing item citations exist).,
AU-INT-0095,"Context assembly enforces tenant, purpose, classification, rights, residency, retention, truth state, temporal and model/agent use policy before content enters an invocation and grants no new access, erases no contradictory evidence and hides no truncation.",All profiles.,V5:AI-12-002; V7:DP-46-003,V5:AI-12-002,intelligence,yes,all,harness,open,P2,"test/int/phase2-acceptance.test.ts: B1 (reading the evidence and writing the claim are TWO decisions, both recorded); apps/api/src/intelligence/gateway/model-gateway.service.ts (request digest, evidence spans, mode); apps/api/migrations/0023 claim_lineage byte spans; apps/api/src/executive/briefings/briefing.service.ts (as-of context with availability, items cited); apps/api/migrations/0049 (historical eligibility/contract state); apps/api/test/int/phase2-acceptance.test.ts: B1, B4; apps/api/test/int/phase6-briefings.test.ts",Add classification/rights/residency/retention/truth-state filters and truncation disclosure to context assembly.,
AU-INT-0096,"Context assembly starts from a versioned task-specific plan; budget allocation prioritizes material evidence, counter-evidence, source diversity, uncertainty, objectives and decision relevance rather than lexical similarity; ranking and compression preserve contradictions, dissent, uncertainty, recency, strategic relevance and known coverage gaps.",All profiles; the gateway sends the whole evidence excerpt today.,V5:AI-19-001; V5:AI-19-002; V5:AI-12-003; V7:DP-46-001,V5:AI-19-001,intelligence,yes,all,harness,open,P3,"apps/api/src/intelligence/gateway/model-gateway.service.ts (request digest, evidence spans, mode); apps/api/migrations/0023 claim_lineage byte spans; apps/api/src/executive/briefings/briefing.service.ts (as-of context with availability, items cited); apps/api/migrations/0049 (historical eligibility/contract state); apps/api/test/int/phase2-acceptance.test.ts: B1, B4; apps/api/test/int/phase6-briefings.test.ts",Build the context assembly plan and budgeting/ranking with contradiction preservation.,
AU-INT-0097,"Compression and summarization inside context assembly retain citation mapping, material qualifications, temporal scope, contradictions and uncertainty and expose information loss.",All profiles.,V5:AI-19-003,V5:AI-19-003,intelligence,yes,all,harness,open,P3,,Implement with AU-INT-0096.,
AU-INT-0098,"Context caches and embeddings are policy-aware, tenant-isolated, revocation-aware, versioned and reconstructable from declared source state.","All profiles; recorded_responses under RLS today, no embeddings.",V5:AI-12-005,V5:AI-12-005,intelligence,yes,all,harness,open,P3,migrations/0023_intelligence_extraction_and_claims.sql: recorded_responses under RLS; test/int/phase2-acceptance.test.ts: B5,"Add revocation-aware, versioned, reconstructable caches; embeddings per AU-INT-0078.",
AU-INT-0099,"Conversation and agent history is admitted as governed context with actor, authority, version, truth state, retention and relevance rather than ambient session memory.",Applies once agents supply history (P7-A).,V5:AI-19-004,V5:AI-19-004,intelligence,yes,all,harness,open,P7-A,,Implement with the agent runtime; no history is supplied as context today.,
AU-INT-0100,"When policy, freshness, relevance, token budget, injection defence or citation closure cannot satisfy the task contract, context assembly abstains or returns a typed partial context, isolates malicious content, exposes omissions and prevents downstream admission as complete evidence.",All profiles.,V7:DP-46-005,V7:DP-46-005,intelligence,yes,all,harness,open,P2,"apps/api/src/intelligence/gateway/model-gateway.service.ts (request digest, evidence spans, mode); apps/api/migrations/0023 claim_lineage byte spans; apps/api/src/executive/briefings/briefing.service.ts (as-of context with availability, items cited); apps/api/migrations/0049 (historical eligibility/contract state); apps/api/test/int/phase2-acceptance.test.ts: B1, B4; apps/api/test/int/phase6-briefings.test.ts",Add typed partial context and injection isolation (abstention for extraction and unavailable briefing items exist).,
AU-INT-0101,"Context assembly admission requires permission and purpose tests, retrieval evaluation, an injection corpus, truncation and omission behaviour, citation closure, freshness and replay bound to the exact contracts, schemas, code, data versions, policies, infrastructure, customer scope, deployment profile and period.",V7 ch.46 admission clause.,V7:DP-46-006,V7:DP-46-006,intelligence,yes,all,harness,open,P2,"apps/api/src/intelligence/gateway/model-gateway.service.ts (request digest, evidence spans, mode); apps/api/migrations/0023 claim_lineage byte spans; apps/api/src/executive/briefings/briefing.service.ts (as-of context with availability, items cited); apps/api/migrations/0049 (historical eligibility/contract state); apps/api/test/int/phase2-acceptance.test.ts: B1, B4; apps/api/test/int/phase6-briefings.test.ts",Add injection corpus and retrieval evaluation to the suite.,
AU-INT-0102,"Every recommendation, forecast, scenario, simulation interpretation, warning, score and decision package carries an explanation product (Appendix L: explanation_id ... integrity_digest) derived from preserved execution and provenance state, with evidence, method, assumptions, uncertainty, alternatives, dissent, limitations, policy and execution lineage.",All profiles; branch-only decision/briefing evidence.,V5:AI-04-001; V5:V05-T-005; V5:V05-T-022; V5:AI-46-002,V5:AI-04-001,intelligence,yes,all,harness,open,P6,"test/int/phase4-acceptance.test.ts: D1 (a forecast names distribution, horizon, drivers, assumptions and evidence); test/int/phase6-briefings.test.ts (what changed / why it matters); test/int/phase6-decisions.test.ts: F1; test/int/phase4-acceptance.test.ts: D1; test/int/phase6-decisions.test.ts; test/int/phase6-decisions.test.ts: F3","Build the explanation product object/service (AI-C046); forecasts carry drivers/assumptions/validation note (D1), packages carry rationale/dissent (F1/F3) but no Appendix L object.",
AU-INT-0103,"Explanations distinguish source evidence, deterministic transformation, model inference, agent judgment, human assessment, assumptions, synthetic state and later correction.",All profiles.,V5:AI-04-002,V5:AI-04-002,intelligence,yes,all,harness,open,P6,test/int/phase5-twins.test.ts: E2 (extracted vs observed; synthetic folds upward); packages/contracts truth states,Separate model inference vs agent judgment vs human assessment inside explanations (extracted vs observed vs synthetic is verified in phase5-twins E2).,
AU-INT-0104,"An explanation exposes material counter-evidence, competing hypotheses, model or agent disagreement, sensitivity, failure conditions, abstention, unknowns, alternatives and the conditions under which the conclusion would change.",All profiles.,V5:AI-04-003; V5:AI-46-002,V5:AI-04-003,intelligence,yes,all,harness,open,P6,migrations/0041_decision_packages.sql: decision.dissent; test/int/phase6-decisions.test.ts: F3; forecasting validation note ('no accuracy is claimed'); test/int/phase4-acceptance.test.ts: D1,"Add counter-evidence, competing hypotheses, sensitivity and change conditions (dissent and validation notes exist).",
AU-INT-0105,"A natural-language briefing narrative is optional, labelled, cites only included items and sits outside the content digest.",Executive briefings (branch-only).,V5:AI-04-004,V5:AI-04-004,intelligence,yes,all,harness,verified:local,P7-D,"test/int/phase6-briefings.test.ts (the narrative is optional, labelled, cites only included items and sits outside the content digest)","Run the same named fixture on the SaaS, private-cloud and on-premises profiles once they exist (EXC-P0-004: only the local Compose profile exists at 2e83945); Faithfulness evaluation is AU-INT-0106.","Verified: test/int/phase6-briefings.test.ts ""the narrative is optional, labelled, cites only included items and sits outside the content digest"". | repair 2026-09-10: local evidence confirmed: the parenthesised description is the verbatim it()/describe() title or line range of the case"
AU-INT-0106,"Explanation completeness and narrative faithfulness are evaluated per task and consequence class (no unsupported reasons, no removed limitations, no implied hidden cognition) and constrain decision-active use when below threshold.",All profiles.,V5:AI-04-005; V5:AI-04-004,V5:AI-04-005,intelligence,yes,all,harness,open,P7-B,"test/int/phase6-briefings.test.ts (the narrative is optional, labelled, cites only included items and sits outside the content digest)",Build the faithfulness/completeness evaluation and gate.,
AU-INT-0107,"Reasoning operates over a pinned information boundary and distinguishes deduction, rule application, statistical inference, analogy, causal hypothesis, simulation interpretation and narrative synthesis.",All profiles.,V5:AI-46-001,V5:AI-46-001,intelligence,yes,all,harness,open,P2,"apps/api/src/prediction/forecasting/forecasting.service.ts (drivers, assumptions, validation note); migrations/0041_decision_packages.sql: decision.dissent",Build the Reasoning Agent with typed inference kinds.,
AU-INT-0108,An Evidence and Provenance Agent verifies claim-level support independently from the producing reasoning path and rejects fabricated or unresolved citations.,All profiles.,V5:AI-46-003,V5:AI-46-003,intelligence,yes,all,harness,open,P2,"apps/api/src/prediction/forecasting/forecasting.service.ts (drivers, assumptions, validation note); migrations/0041_decision_packages.sql: decision.dissent",Build independent claim verification.,
AU-INT-0109,"A Dissent Agent receives sufficient independent model, retrieval and context diversity to challenge shared failure modes, seeks counter-evidence and alternative hypotheses, cannot suppress the primary result or decide, and preserves unresolved dissent in the product.",All profiles.,V5:AI-46-004; V5:AG-018,V5:AI-46-004,intelligence,yes,all,harness,open,P7-A,,Build the Dissent Agent (only human dissent exists).,
AU-INT-0110,"Explainability, provenance and auditability are measured as product behaviour with a source-grounded explanation service for extraction and model outputs.",V2 quality slide; all profiles.,V2:V02-T-205,V2:V02-T-205,intelligence,yes,all,harness,open,P2,"apps/api/migrations/0004; apps/api/test/int/audit-chain.test.ts; apps/api/migrations/0029 (validation_note, drivers); apps/api/migrations/0041 (choice.rationale); apps/api/test/int/phase6-replay.test.ts; apps/api/test/int/phase6-briefings.test.ts: the narrative is optional, labelled, cites only included items and sits outside the content digest",Add a source-grounded explanation service for extraction/model outputs (field-based explanations exist).,
AU-INT-0111,"Trust policy combines source authority, corroboration, recency, method fitness, lineage integrity, conflict, evaluation and human review contextually rather than assigning permanent universal reputation.",All profiles.,V0:V00-T-078,V0:V00-T-078,intelligence,yes,all,harness,open,P2,,Build the contextual trust policy (authority/legal_basis and method lifecycle are inputs only).,
AU-INT-0112,"The intelligence layer measures precision, recall, entity-link accuracy, contradiction detection, calibration, review yield, latency, cost and abstention quality through governed indicators from an evaluation harness (benchmarks, held-out sets, fitness decisions), records a TransformationEvaluated event (quality, safety, cost, latency, fitness) per producing version, and a failed or indeterminate indicator constrains downstream use.",All profiles.,V2:V02-T-201; V3:L2-C10; V3:L2-I05; V4:ES-32-008; V5:MC-008; V10:IR-14-003,V2:V02-T-201,intelligence,yes,all,harness,open,P7-B,"apps/api/migrations/0024 (resolutions score/rule/state); apps/api/src/intelligence/review/review.service.ts; apps/api/test/int/phase3-acceptance.test.ts: the entity records WHICH resolved, WHEN, BY WHAT SCORE and under WHAT rule; apps/api/src/intelligence/methods/methods.service.ts:23-35; migrations/0023:52,72,404-521; apps/web/app/intelligence/methods; migrations/0023:72,404-521 (method registry); apps/api/src/intelligence/gateway/model-gateway.service.ts (extraction with byte spans); test/int/phase2-acceptance.test.ts: B1; apps/api/src/observation/sources/source-contract.ts (authority_and_rights.rights_state, purposes, classification_ceiling, freshness_expectation, correction_channel); apps/api/migrations/0022_observation_registry_and_evidence.sql (custody, tombstones); test/int/phase1-acceptance.test.ts: A1 the registered contract carries the complete §7 field set; A2 chain of custody and byte-identical retrieval; a retrieval writes its custody entry; test/int/domain-isolation.test.ts; test/int/phase6-scheduled-collection.test.ts; test/int/phase1-acceptance.test.ts: A6 coverage, health, and the honesty of unknown; test/int/phase3-acceptance.test.ts: the entity records WHICH resolved, WHEN, BY WHAT SCORE and under WHAT rule; test/int/phase2-acceptance.test.ts: B1 claims carry method, model, version, confidence and evidence lineage; e2e/phase1-observation.spec.ts: 10. a known-at query reproduces the pre-correction state",Build the evaluation harness and TransformationEvaluated record (gateway_calls log invocations only); no indicator framework (V4 ch.57) exists.,IR-14-003 (V10) is explanatory: event-extraction precision and identity-resolution quality against held-out sets.
AU-INT-0113,"Unsupported-claim rate is measured by audit sampling that reconstructs sampled claims to admissible evidence, reproduces decision traces and verifies correction propagation; held-out evaluation suites exist for model error.",All profiles.,V10:IR-22-003; V10:R-06,V10:IR-22-003,intelligence,yes,all,harness,open,P7-B,"test/int/phase2-acceptance.test.ts: B1 claims carry method, model, version, confidence and evidence lineage; test/int/phase1-acceptance.test.ts: a known-at query reproduces the pre-correction state without hindsight; test/int/phase6-replay.test.ts: the same cut-offs and as_of by two other readers: the same content digest, different invocation records; test/int/phase5-propagation.test.ts; test/int/phase3-acceptance.test.ts: C3 a wrong merge is reversible, and history survives it; test/int/audit-chain.test.ts; apps/api/src/intelligence/gateway/model-gateway.service.ts (single egress; model, weights digest, prompt version pinned per call; a replay miss fails, never a silent live call); apps/api/src/intelligence/methods/methods.service.ts (versioned methods); B3 low confidence and abstention reach review and cannot bypass it; apps/web/app/intelligence/gateway; test/int/phase2-acceptance.test.ts: B2 a reviewer decides, and a correction never overwrites","Add the audit-sampling procedure and unsupported-claim-rate metric (claim reconstruction is proven per case in B1, phase6-replay).",Volume 10 (explanatory) statements of the evaluation obligation; the product obligation is AU-INT-0112.
AU-INT-0114,"The Intelligence Layer owns and versions only its declared authoritative state (transformation definitions and versions, candidate intelligence objects, confidence and review state, method and model lineage, evaluation and adjudication history) through its migrations and ports.",All profiles.,V4:ES-32-001,V4:ES-32-001,intelligence,yes,all,harness,verified:local,P7-D,"migrations/0023_intelligence_extraction_and_claims.sql; apps/api/src/intelligence/gateway/model-gateway.service.ts; apps/api/src/intelligence/review/review.service.ts; test/int/phase2-acceptance.test.ts:363,427,518,647","Run the same named fixture on the SaaS, private-cloud and on-premises profiles once they exist (EXC-P0-004: only the local Compose profile exists at 2e83945); Contradiction state is AU-INT-0025; evaluation history is AU-INT-0112.","Verified: test/int/phase2-acceptance.test.ts:363,427,518,647."
AU-INT-0115,"Every logical component of the Intelligence Layer (L2-C01..C10) publishes a service manifest with component ID, owner, contracts, state class, dependencies, controls, SLOs, failure domains and recovery procedure.",All profiles.,V4:ES-32-002,V4:ES-32-002,intelligence,yes,all,harness,open,P7-D,conformance.manifest.json (Phase 0 units only; maps paths→component_ids→controls),Publish per-component manifests.,
AU-INT-0116,"Deployable units of the Intelligence Layer preserve component-level telemetry, policy enforcement, state access, resource use and failure isolation even when components share a runtime.",All profiles.,V4:ES-32-003,V4:ES-32-003,intelligence,yes,all,harness,open,P7-D,".dependency-cruiser.cjs; .github/workflows/ci.yml: build-test ""Module boundaries (dependency-cruiser, blocking)""; apps/api/src/pipeline (single PEP); apps/api/migrations/0002_identity_tenancy.sql; 0009_privilege_separation_and_bound_context.sql; 0011_authority_boundary_closure.sql (RLS + signed context); apps/api/test/int/domain-isolation.test.ts",Add component-level telemetry and resource accounting.,
AU-INT-0117,"All Intelligence Layer interfaces implement the canonical envelope, error model, compatibility rules, an idempotency or ordering profile, audit causation and consumer conformance fixtures.",All profiles.,V4:ES-32-004,V4:ES-32-004,intelligence,yes,all,harness,open,P7-D,"packages/contracts/src/envelope.ts:19-138; apps/api/src/pipeline/http.ts:104-145 (EnvelopeGuard); apps/api/src/pipeline/pipeline.service.ts:329-337; packages/contracts/src/errors.ts:16-45; apps/api/src/pipeline/http.ts:188-205; apps/api/src/pipeline/pipeline.service.ts:387-388,460 (causation); test/acceptance/acceptance.test.ts:482,492,503,577",Declare per-interface idempotency/ordering profiles and publish consumer conformance fixtures.,
AU-INT-0118,"Inputs to the Intelligence Layer are authenticated, authorized, schema-valid, temporally explicit, provenance-bearing, quality-marked and admitted before decision-active use; the extraction run carries identity and a time budget.",All profiles.,V4:ES-32-005,V4:ES-32-005,intelligence,yes,all,harness,verified:local,P7-D,"migrations/0023:611-660 (extraction identity); test/int/phase2-acceptance.test.ts:478; apps/api/src/policy/pdp.service.ts (default DENY, indeterminate→deny, obligations executed); apps/api/test/unit/pdp.test.ts","Run the same named fixture on the SaaS, private-cloud and on-premises profiles once they exist (EXC-P0-004: only the local Compose profile exists at 2e83945)",Verified: test/int/phase2-acceptance.test.ts:478; apps/api/test/unit/pdp.test.ts.
AU-INT-0119,"Outputs of the Intelligence Layer are immutable versioned canonical products or explicit proposals preserving truth state, uncertainty, lineage, policy, quality and lifecycle, with the quality and uncertainty header fields populated.",All profiles.,V4:ES-32-006,V4:ES-32-006,intelligence,yes,all,harness,open,P2,migrations/0023:286-323 (claim_lineage append-only); test/int/phase2-acceptance.test.ts:339,Populate quality/uncertainty header fields for intelligence products (the generic header writer nulls them; see AU-DP-0002).,
AU-INT-0120,"Prompt-injection or malicious content reaching the extraction/model path is detected and quarantined before it can act, in addition to the intake controls.",All profiles.,V3:V03-T-090; V4:ES-32-007; V4:V04-T-021,V3:V03-T-090,intelligence,yes,all,harness,open,P2,"test/int/phase1-hostile-input.test.ts; apps/api/src/observation/connectors/content-controls.ts; apps/api/src/intelligence/review/review.service.ts; migrations/0023:329,347,757,786 (review thresholds); test/int/phase2-acceptance.test.ts:427,518",Add prompt-injection detection in the extraction path (intake redaction and typed parsing only).,
AU-INT-0121,"Evidence-to-understanding flow evidence (execution state: step duration, end-to-end age, queue/wait time, retry, compensation, completion, unresolved dependency; trust state; product state; recovery state) is emitted as telemetry.",All profiles.,V3:V03-T-290,V3:V03-T-290,intelligence,yes,all,harness,open,P7-D,apps/api/src/shared/correlation.ts; apps/api/src/audit/audit.service.ts; migrations/0015 (outbox retry/lease); migrations/0022:322-347 (attempt causation),Add flow telemetry (four-plane observability).,
AU-INT-0122,"The evidence page shows the four times, authenticity, custody, original bytes and history, and offers a safe attachment-only download that never mutates source bytes.",All profiles.,V8:PR-17-001; V8:CAP-UM-01; V8:CAP-UM-02; V8:OBJ-01; V8:OBJ-04,V8:PR-17-001,intelligence,yes,all,harness,verified:local,P7-D,"apps/web/app/observation/evidence/[evdId]/page.tsx (Four times, authenticity, custody, original bytes, history); apps/web/app/intelligence/claims/page.tsx (lineage); apps/web/components/ui.tsx (TruthBadge); apps/api/test/int/phase2-acceptance.test.ts: the run produced claims, and every one resolves back to the evidence bytes; e2e/phase1-observation.spec.ts: 7. evidence custody, the four times, and a safe attachment-only download; apps/api/test/int/phase1-acceptance.test.ts: A2 — chain of custody and byte-identical retrieval; a retrieval writes its custody entry; apps/web/app/observation/evidence/[evdId]/page.tsx; apps/web/app/admin/objects/page.tsx","Run the same named fixture on the SaaS, private-cloud and on-premises profiles once they exist (EXC-P0-004: only the local Compose profile exists at 2e83945); Generic inspector AU-INT-0123; segment citation viewer AU-INT-0124; annotation AU-INT-0125.",Verified: e2e/phase1-observation.spec.ts 7; test/int/phase1-acceptance.test.ts A2.
AU-INT-0123,"A single intelligence-object inspector presents the canonical header (identity, version, time, truth, policy, provenance) and status for every canonical object type.",All profiles.,V8:PR-17-001; V8:CAP-UM-01; V8:OBJ-04,V8:PR-17-001,intelligence,yes,all,harness,open,P2,"apps/web/app/observation/evidence/[evdId]/page.tsx (Four times, authenticity, custody, original bytes, history); apps/web/app/intelligence/claims/page.tsx (lineage); apps/web/components/ui.tsx (TruthBadge); apps/api/test/int/phase2-acceptance.test.ts: the run produced claims, and every one resolves back to the evidence bytes; e2e/phase1-observation.spec.ts: 7. evidence custody, the four times, and a safe attachment-only download; apps/web/app/observation/evidence/[evdId]/page.tsx; apps/web/app/admin/objects/page.tsx",Build the generic inspector (headers are shown per module page only).,
AU-INT-0124,"An evidence and citation viewer resolves source bytes, segments/offsets, digests, custody and cited versions with tamper verification of the cited version.",All profiles.,V8:CAP-UM-02; V8:PR-17-001,V8:CAP-UM-02,intelligence,yes,all,harness,open,P2,"apps/web/app/observation/evidence/[evdId]/page.tsx (Four times, authenticity, custody, original bytes, history); apps/web/app/intelligence/claims/page.tsx (lineage); apps/web/components/ui.tsx (TruthBadge); apps/api/test/int/phase2-acceptance.test.ts: the run produced claims, and every one resolves back to the evidence bytes; e2e/phase1-observation.spec.ts: 7. evidence custody, the four times, and a safe attachment-only download",Build segment/offset-level citation resolution with tamper verification.,
AU-INT-0125,"An analyst or reviewer can annotate an evidence item, creating a linked versioned annotation with actor, purpose, target segment and time, stored as an object distinct from the evidence.",All profiles.,V8:OBJ-02; V8:PR-17-002; V8:PR-17-003,V8:OBJ-02,intelligence,yes,all,harness,open,P2,"apps/api/migrations/0006_objects.sql (identity, owner, times, status, provenance, policy on every canonical object); apps/web/app/observation/evidence/[evdId]/page.tsx (Four times, authenticity, custody, original bytes, history); apps/web/app/intelligence/claims/page.tsx (lineage); apps/web/components/ui.tsx (TruthBadge); apps/api/test/int/phase2-acceptance.test.ts: the run produced claims, and every one resolves back to the evidence bytes; e2e/phase1-observation.spec.ts: 7. evidence custody, the four times, and a safe attachment-only download; apps/api/src/policy/pdp.service.ts; apps/api/test/unit/pdp.test.ts; apps/api/test/int/gate22-authority-matrix.test.ts: no port succeeds on a role outside its grantee set",Add evidence annotation objects.,
AU-INT-0126,"No user or model can overwrite historical evidence; interpretation, annotation, assessment and recommendation are distinct objects linked to evidence.",All profiles.,V8:PR-17-003; V8:OBJ-01; V3:V03-T-086,V8:PR-17-003,intelligence,yes,all,harness,verified:local,P7-D,apps/api/src/policy/pdp.service.ts; apps/api/test/unit/pdp.test.ts; apps/api/test/int/gate22-authority-matrix.test.ts: no port succeeds on a role outside its grantee set; apps/api/test/int/phase1-acceptance.test.ts: A2 — chain of custody and byte-identical retrieval; a retrieval writes its custody entry; migrations/0022 (immutable evidence); migrations/0023:286-323 (claims link to evidence); test/int/phase2-acceptance.test.ts,"Run the same named fixture on the SaaS, private-cloud and on-premises profiles once they exist (EXC-P0-004: only the local Compose profile exists at 2e83945); Named eligible authority for ch.17 transitions is AU-INT-0127.",Verified: test/int/phase1-acceptance.test.ts A2/A8; test/int/phase2-acceptance.test.ts B2.
AU-INT-0127,"The ch.17 human-authority boundary is enforced by PDP rules with a named eligible authority, digest, expiry and separation record for each transition, not only by coarse roles.",All profiles.,V8:PR-17-003,V8:PR-17-003,intelligence,yes,all,harness,open,P2,apps/api/src/policy/pdp.service.ts; apps/api/test/unit/pdp.test.ts; apps/api/test/int/gate22-authority-matrix.test.ts: no port succeeds on a role outside its grantee set,Add authority records per transition.,
AU-INT-0128,"When an object is malformed, conflicting, missing required semantics, stale, withdrawn or cannot resolve to evidence, decision-active use is blocked, the invalid or degraded state shown, history preserved and correction or stewardship routed.",V8 ch.17 failure behaviour.,V8:PR-17-005,V8:PR-17-005,intelligence,yes,all,harness,open,P2,"apps/web/components/ui.tsx (DegradedBanner, ErrorNote, TruthBadge, LifecycleBadge); apps/api/src/shared/degraded-store.ts; apps/api/test/int/phase1-fault-injection.test.ts",Add the chapter continuity contract (hold/expose-affected-scope/route-to-authority) beyond the degraded banner.,
AU-INT-0129,"Object/evidence acceptance demonstrates object-profile fixtures, version and temporal replay, provenance resolution, truth-state rendering, correction tests and user comprehension evidence for the exact capability version, journey, role, tenant or domain, deployment, entitlement, data and model versions, configuration, consequence class and period.",AT-17.,V8:PR-17-006; V8:AT-17,V8:PR-17-006,intelligence,yes,all,harness,open,P2,"apps/web/app/observation/evidence/[evdId]/page.tsx (Four times, authenticity, custody, original bytes, history); apps/web/app/intelligence/claims/page.tsx (lineage); apps/web/components/ui.tsx (TruthBadge); apps/api/test/int/phase2-acceptance.test.ts: the run produced claims, and every one resolves back to the evidence bytes; e2e/phase1-observation.spec.ts: 7. evidence custody, the four times, and a safe attachment-only download",Produce the AT-17 record.,
AU-INT-0130,"Authorized users distinguish evidence, claims, inferences, assessments, hypotheses, synthetic outputs, recommendations, decisions and corrections in a claim and contradiction workbench that compares competing claims, evidence, confidence and dissent.",V8 ch.21 / CAP-UM-09.,V8:PR-21-001; V8:CAP-UM-09,V8:PR-21-001,intelligence,yes,all,harness,open,P2,"apps/api/migrations/0023_intelligence_extraction_and_claims.sql; apps/api/src/intelligence/review/review.service.ts; apps/web/app/intelligence/claims/page.tsx; apps/api/test/int/phase2-acceptance.test.ts: every claim below the review threshold has a queued case; an abstention is its own outcome, with no claim attached; apps/api/migrations/0006_objects.sql (contradiction_refs, corroboration_refs, confidence, uncertainty)",Build the contradiction workbench on top of AU-INT-0025 and AU-INT-0027.,
AU-INT-0131,"Claim identity, proposition, truth state, evidence, source independence, confidence form, uncertainty, contradiction set, assessment, dissent, review and status are persisted with explicit identity, owner, effective time, status, provenance and policy.",V8 ch.21 object model.,V8:PR-21-002,V8:PR-21-002,intelligence,yes,all,harness,open,P2,"apps/api/migrations/0006_objects.sql (identity, owner, times, status, provenance, policy on every canonical object); apps/api/migrations/0023_intelligence_extraction_and_claims.sql; apps/api/src/intelligence/review/review.service.ts; apps/web/app/intelligence/claims/page.tsx; apps/api/test/int/phase2-acceptance.test.ts: every claim below the review threshold has a queued case; an abstention is its own outcome, with no claim attached; apps/api/migrations/0006_objects.sql (contradiction_refs, corroboration_refs, confidence, uncertainty)","Add contradiction set, dissent, source independence and resolution state to claims.",
AU-INT-0132,"Models and analysts may assess claims but cannot erase dissent, fabricate precision or promote an inference to fact without governed evidence and authority, enforced with a named eligible authority, digest, expiry and separation record.",V8 ch.21 boundary.,V8:PR-21-003,V8:PR-21-003,intelligence,yes,all,harness,open,P2,apps/api/src/policy/pdp.service.ts; apps/api/test/unit/pdp.test.ts; apps/api/test/int/gate22-authority-matrix.test.ts: no port succeeds on a role outside its grantee set,Add authority records per ch.21 transition (promotion gate itself is AU-INT-0041).,
AU-INT-0133,"Claims acceptance demonstrates truth-state fixtures, contradiction and source-dependence tests, calibration evidence, dissent preservation, correction replay and user comprehension for the exact capability version, journey, role, tenant or domain, deployment, entitlement, data and model versions, configuration, consequence class and period.",AT-21.,V8:PR-21-006; V8:AT-21,V8:PR-21-006,intelligence,yes,all,harness,open,P2,"apps/api/migrations/0023_intelligence_extraction_and_claims.sql; apps/api/src/intelligence/review/review.service.ts; apps/web/app/intelligence/claims/page.tsx; apps/api/test/int/phase2-acceptance.test.ts: every claim below the review threshold has a queued case; an abstention is its own outcome, with no claim attached; apps/api/migrations/0006_objects.sql (contradiction_refs, corroboration_refs, confidence, uncertainty)",Produce the AT-21 record.,
AU-INT-0134,"Authorized users triage, classify, summarize, annotate, compare, assign, review and publish intelligence through durable analyst workflows (cases, queues, assignments, publication) with analysis, peer review and dissent stages of the investigation journey.",V8 ch.23 / CAP-UM-11 / JRN-03.,V8:PR-23-001; V8:CAP-UM-11; V8:JRN-03,V8:PR-23-001,intelligence,yes,all,harness,open,P2,apps/api/src/intelligence/review/review.service.ts; apps/web/app/intelligence/review/page.tsx; apps/api/test/int/phase2-acceptance.test.ts: every claim below the review threshold has a queued case; a claim ABOVE the threshold is admitted without a case; apps/api/test/int/phase3-acceptance.test.ts: C4; apps/api/test/int/phase2-acceptance.test.ts,"Build analyst cases, classification, summaries, annotation, assignment and publication workflow (claim review queue only today).",
AU-INT-0135,"Case, queue, item, classification, summary, annotation, task, reviewer, deadline, evidence set, quality state, publication and audit trail are persisted with explicit identity, owner, effective time, status, provenance and policy.",V8 ch.23 object model.,V8:PR-23-002,V8:PR-23-002,intelligence,yes,all,harness,open,P2,"apps/api/migrations/0006_objects.sql (identity, owner, times, status, provenance, policy on every canonical object); apps/api/src/intelligence/review/review.service.ts; apps/web/app/intelligence/review/page.tsx; apps/api/test/int/phase2-acceptance.test.ts: every claim below the review threshold has a queued case; a claim ABOVE the threshold is admitted without a case",Model case/summary/publication objects.,
AU-INT-0136,"AI may draft and prioritize; analysts remain accountable for accepted assessments, publication, sensitive handling and consequential escalation, enforced with a named eligible authority, digest, expiry and separation record.",V8 ch.23 boundary.,V8:PR-23-003,V8:PR-23-003,intelligence,yes,all,harness,open,P2,apps/api/src/policy/pdp.service.ts; apps/api/test/unit/pdp.test.ts; apps/api/test/int/gate22-authority-matrix.test.ts: no port succeeds on a role outside its grantee set,Add authority records per ch.23 transition.,
AU-INT-0137,"When classification is wrong, a summary loses material nuance, assignments conflict, work becomes stale or review is bypassed, source context and draft history are retained, the defect flagged, publication prevented and rework or independent review routed.",V8 ch.23 failure behaviour.,V8:PR-23-005,V8:PR-23-005,intelligence,yes,all,harness,open,P2,"apps/web/components/ui.tsx (DegradedBanner, ErrorNote, TruthBadge, LifecycleBadge); apps/api/src/shared/degraded-store.ts; apps/api/test/int/phase1-fault-injection.test.ts",Add the ch.23 continuity contract.,
AU-INT-0138,"Analyst-workflow acceptance demonstrates golden classification and summarization sets, omission and hallucination tests, workflow recovery, reviewer separation and analyst acceptance for the exact capability version, journey, role, tenant or domain, deployment, entitlement, data and model versions, configuration, consequence class and period.",AT-23.,V8:PR-23-006; V8:AT-23,V8:PR-23-006,intelligence,yes,all,harness,open,P2,apps/api/src/intelligence/review/review.service.ts; apps/web/app/intelligence/review/page.tsx; apps/api/test/int/phase2-acceptance.test.ts: every claim below the review threshold has a queued case; a claim ABOVE the threshold is admitted without a case,Produce the AT-23 record.,
AU-INT-0139,"No model, agent, evaluator or provider creates a parallel truth system or final decision authority: the resolver proposes and a person decides, and decision agents draft only.",All profiles; branch-only agents.,V5:V05-T-002,V5:V05-T-002,intelligence,yes,all,harness,verified:local,P7-D,test/int/phase2-acceptance.test.ts: B1; test/int/phase3-acceptance.test.ts: C2; test/int/phase6-agents.test.ts,"Run the same named fixture on the SaaS, private-cloud and on-premises profiles once they exist (EXC-P0-004: only the local Compose profile exists at 2e83945)",Verified: test/int/phase2-acceptance.test.ts B1; test/int/phase3-acceptance.test.ts C2; test/int/phase6-agents.test.ts.
AU-INT-0140,"Every execution can reconstruct its instructions, context, retrieval, models, agents, tools, policies, evaluations, human actions, outputs, effects and terminal state.",All profiles.,V5:V05-T-012,V5:V05-T-012,intelligence,yes,all,harness,open,P7-A,migrations/0023_intelligence_extraction_and_claims.sql: gateway_calls/runs/attempts; migrations/0046_executive_agents_and_runs.sql; test/int/phase6-replay.test.ts,"Add context manifest, retrieval and tool records per execution (gateway_calls/runs/attempts and agent runs exist).",
AU-INT-0141,"Uncertainty, abstention, partial results, dissent, correction, degraded service and revocation are explicit, testable product states.",All profiles.,V5:V05-T-013,V5:V05-T-013,intelligence,yes,all,harness,verified:local,P7-D,test/int/phase2-acceptance.test.ts: B2/B3; test/int/phase4-acceptance.test.ts: D3; test/int/phase6-decisions.test.ts: F3; test/int/gate22-degraded-recovery.test.ts; test/int/phase6-scheduled-collection.test.ts,"Run the same named fixture on the SaaS, private-cloud and on-premises profiles once they exist (EXC-P0-004: only the local Compose profile exists at 2e83945)",Verified: test/int/phase2-acceptance.test.ts B2/B3; test/int/phase4-acceptance.test.ts D3; test/int/phase6-decisions.test.ts F3; test/int/gate22-degraded-recovery.test.ts; test/int/phase6-scheduled-collection.test.ts.
AU-INT-0142,"The document and media intelligence, intelligence layer, context assembly, model serving and model gateway semantics (object, temporal, truth-state, provenance, policy, correction, export, replay, failure and human authority) are identical in SaaS, Private Cloud and On-Premise deployments and every operational variance is declared.","V8 ch.12; V4 ch.32; V3 ch.10 layer acceptance; V7 ch.12, 46; V6 ch.18, 43.",V8:PR-12-004; V3:V03-T-092; V4:ES-32-010; V6:IA-18-004; V6:IA-43-004; V7:DP-12-004; V7:DP-46-004,V8:PR-12-004,intelligence,yes,all,deployment,open,P7-D,"test/int/** (phase 1-6 harness on the local profile only); conformance.manifest.json; EXCEPTIONS.md EXC-P0-004; scripts/gate/target-descriptor.json:17-25 (no Dockerfile/app image; compose provides Postgres+Redis only); docker-compose.yml (digest-pinned postgres/redis, loopback only, required env, local-dev profile per EXC-P0-004); apps/api/src/policy/pdp.service.ts (environment.deployment hard-coded local-dev); EXCEPTIONS.md: EXC-P0-004 (single deployment profile, local Compose); docker-compose.yml","Deliver the SaaS, private-cloud and on-premises profiles (P7-D) and run the chapter golden journeys, PAR fixtures and the ES-14-005 normative conformance suite on each profile with a signed result; record declared operational variance per profile; the unit completes only when all three legs (SaaS, Private Cloud, On-Premise) are accepted or a non-parity declaration with exception owner and expiry exists for a profile (audit/CROSS_REFERENCES.md §3).","Same obligation stated per chapter in V8 (PR-xx-004), V7 (DP-xx-004), V6 (IA-xx-004), V4 (ES-xx-010) and V3 (layer acceptance); merged per capability cluster, each source keeps its chapter scope in the condition. Per audit/CROSS_REFERENCES.md §3 each -004 row carries three legs (SaaS, Private Cloud, On-Premise; owner choice §5.2 recommends three, with disconnected/air-gapped accepted through IA-11/PR-48/PAR-20/21), all unverified; a local harness pass never rolls up as passed. Only the local Compose profile exists (EXC-P0-004)."
AU-DP-0001,"Every material intelligence object carries the 43-field canonical header (identity: object_id, object_type, tenant_id, domain_id; version: schema_version, object_version, supersedes, lifecycle_state; time; truth; provenance; control; quality; operations) that matches the Appendix E dictionary one-to-one, is validated at admission and round-trips through storage with digest verification.",All profiles.,V0:V00-T-076; V0:V00-T-030; V2:V02-T-100; V3:ADR-0003; V3:V03-T-049; V3:V03-T-050; V4:ES-24-001; V4:ES-24-002; V4:V04-T-006; V7:DP-19-001; V7:DP-19-002; V7:DP-19-003; V7:V07-T-001; V7:DAT-SM-03; V7:DZ-07,V0:V00-T-076,data-platform,yes,all,harness,verified:local,P7-D,"migrations/0006 canonical header (ADR-P0-05); controls folded onto every derived object; packages/contracts (envelope, header, error catalog, truth states, JCS); objects.schema_registry (0006); per-layer object schemas registered in migrations (e.g. 0033 run schema, 0024 strategy schema); objects.object_outbox events; apps/api/migrations/0006_objects.sql; apps/api/test/int/phase2-acceptance.test.ts: Phase 0's CLM@v1 schema is untouched; apps/api/test/acceptance/acceptance.test.ts; packages/contracts/src/header.ts:21-175 (43-field CanonicalHeader); migrations/0006:7,67-77; test/acceptance/acceptance.test.ts; packages/contracts/src/header.ts:21-74; migrations/0006:7; packages/contracts/test/envelope-header.test.ts; migrations/0006:28,84; apps/api/src/objects/objects.service.ts:141-156; test/int/phase1-acceptance.test.ts:290,328; packages/contracts/src/header.ts:21-175; apps/api/migrations/0006_objects.sql:7,67-77; apps/api/src/objects/objects.service.ts:260-278; test/acceptance/acceptance.test.ts:700,747; migrations/0022 (SRC/OBS/EVD), 0023 (CLM/EVT/ASM), 0024 (ENT/REL/OBJ), 0029 (forecast/scenario/warning), 0032-0033 (twin/sim), 0041 (decision); apps/api/migrations/0006_objects.sql (canonical_objects: identity/temporal/epistemic/provenance/policy/quality/schema/correction blocks); packages/contracts/src/header.ts; apps/api/src/objects/objects.service.ts; test/acceptance/acceptance.test.ts: AC-6/AC-7 canonical object lifecycle; apps/api/test/int/gate22-capability-binding.test.ts: C6; packages/contracts/src/header.ts (43 fields, one-to-one with Appendix E); apps/api/src/objects/objects.service.ts (round-trip digest); test/acceptance/acceptance.test.ts: AC-6/AC-7; apps/api/migrations/0010 admission ports; apps/api/migrations/0006 objects.canonical_objects","Run the same named fixture on the SaaS, private-cloud and on-premises profiles once they exist (EXC-P0-004: only the local Compose profile exists at 2e83945); Populated truth/quality fields are AU-DP-0002; per-type lifecycle profiles are AU-DP-0005.","Verified: test/acceptance/acceptance.test.ts AC-6/AC-7 (canonical object lifecycle), :700,747; packages/contracts/test/envelope-header.test.ts; test/int/gate22-capability-binding.test.ts C6. ""actions"" and ""lessons"" exist only as fields (DP-19-001)."
AU-DP-0002,"The truth, provenance, control, quality and operations header fields (confidence, uncertainty, synthetic_state, provenance_ref, rights/residency/retention/access_policy_ref, freshness, completeness, fitness, expiry, evaluation_refs, ontology_ref, idempotency_key, trace_id, sensitivity, known limitations) are populated by the owning writers and validated before an object becomes decision-active.",All profiles; the generic writer hard-nulls these fields today.,V0:V00-T-076; V3:V03-T-051; V3:V03-T-052; V3:ADR-0003; V4:ES-24-003,V0:V00-T-076,data-platform,yes,all,harness,open,P3,"migrations/0006 canonical header (ADR-P0-05); controls folded onto every derived object; packages/contracts/src/header.ts; apps/api/src/objects/objects.service.ts:260-278; packages/contracts/src/header.ts:21-175 (43-field CanonicalHeader); migrations/0006:7,67-77; test/acceptance/acceptance.test.ts; migrations/0006:67-77 (CHECKs); packages/contracts/src/header.ts:82-89; test/acceptance/acceptance.test.ts:747; packages/contracts/test/envelope-header.test.ts",Populate confidence/uncertainty/provenance_ref/quality/freshness/expiry/ontology_ref in objects.service.ts:260-278 (or per layer writer) and validate them at admission; add sensitivity and known-limitations fields.,
AU-DP-0003,"Objects are immutable by version: a correction, withdrawal, adjudication, approval or outcome creates a new version or linked object, the prior record and events are preserved, projections present a current view and authoritative history remains reconstructable.",All profiles.,V3:ADR-0005; V3:V03-T-053; V3:V03-T-067; V3:V03-T-187; V4:ES-24-002; V4:ES-19-005; V6:SC-01; V7:DADR-007,V3:ADR-0005,data-platform,yes,all,harness,verified:local,P7-D,"apps/api/src/objects/objects.service.ts:91-121; migrations/0026:27-56; migrations/0041:137 (immutability trigger); test/int/phase1-acceptance.test.ts:702-805; test/int/phase3-corrections.test.ts; migrations/0041:137; migrations/0015 (append-only outbox); apps/api/src/pipeline/pipeline.service.ts:387-388 (causation); migrations/0006:28,84; apps/api/src/objects/objects.service.ts:141-156; test/int/phase1-acceptance.test.ts:290,328; packages/contracts/src/header.ts:21-175; apps/api/migrations/0006_objects.sql:7,67-77; apps/api/src/objects/objects.service.ts:260-278; test/acceptance/acceptance.test.ts:700,747; packages/contracts/test/envelope-header.test.ts; migrations/0022:579,597,1528,1555; 0027:112,294,324; migrations/0022:579,597 (correction cases → events); test/int/phase1-acceptance.test.ts:751,770; migrations/0006_objects.sql, 0008 (canonical versions never overwritten; corrections propagate); apps/api/src/objects/objects.service.ts correction_of; apps/api/test/int/phase1-acceptance.test.ts: A8; apps/api/test/int/phase3-acceptance.test.ts: C3","Run the same named fixture on the SaaS, private-cloud and on-premises profiles once they exist (EXC-P0-004: only the local Compose profile exists at 2e83945)",Verified: test/int/phase1-acceptance.test.ts:702-805 (correction supersedes without overwriting); test/int/phase3-corrections.test.ts; migrations/0041:137 immutability trigger.
AU-DP-0004,"An object type may specialize its payload but cannot omit or reinterpret the canonical header, evidence linkage, correction, policy or lifecycle contract; an object lacking required header semantics, carrying contradictory authority or unresolvable references is denied canonical admission with the proposal and errors retained and downstream promotion prevented.",All profiles.,V4:V04-T-006; V4:EYE-PRV-001; V4:EYE-REQ-001; V7:DP-19-003; V7:DP-19-005; V7:V07-T-001; V7:DAT-SM-03,V4:V04-T-006,data-platform,yes,all,harness,verified:local,P7-D,"packages/contracts/src/header.ts:21-175; apps/api/migrations/0006_objects.sql:7,67-77; apps/api/src/objects/objects.service.ts:260-278; test/acceptance/acceptance.test.ts:700,747; migrations/0022 (SRC/OBS/EVD), 0023 (CLM/EVT/ASM), 0024 (ENT/REL/OBJ), 0029 (forecast/scenario/warning), 0032-0033 (twin/sim), 0041 (decision); packages/contracts/src/errors.ts:16-45; test/acceptance/acceptance.test.ts:604,747; test/acceptance/acceptance.test.ts:577; apps/api/migrations/0006_objects.sql (canonical_objects: identity/temporal/epistemic/provenance/policy/quality/schema/correction blocks); packages/contracts/src/header.ts; apps/api/src/objects/objects.service.ts; test/acceptance/acceptance.test.ts: AC-6/AC-7 canonical object lifecycle; apps/api/test/int/gate22-capability-binding.test.ts: C6; packages/contracts/src/header.ts (43 fields, one-to-one with Appendix E); apps/api/migrations/0006_objects.sql; apps/api/src/objects/objects.service.ts (round-trip digest); test/acceptance/acceptance.test.ts: AC-6/AC-7; apps/api/migrations/0010 admission ports","Run the same named fixture on the SaaS, private-cloud and on-premises profiles once they exist (EXC-P0-004: only the local Compose profile exists at 2e83945)","Verified: test/acceptance/acceptance.test.ts:577,604,747; per-action object-type pinning in SECURITY DEFINER ports."
AU-DP-0005,"Each canonical object family has its Appendix C minimum payload and lifecycle profile (e.g. SRC draft->approved->active->suspended->retired, RSK candidate->assessed->monitored->closed, GRV atomic revisions, MEM), ontology fields exist, and a consolidated conformance review covers schema fixtures for every type.",All profiles.,V4:V04-T-006; V7:DP-19-006; V7:DP-19-001,V4:V04-T-006,data-platform,yes,all,harness,open,P3,"packages/contracts/src/header.ts:21-175; apps/api/migrations/0006_objects.sql:7,67-77; apps/api/src/objects/objects.service.ts:260-278; test/acceptance/acceptance.test.ts:700,747; migrations/0022 (SRC/OBS/EVD), 0023 (CLM/EVT/ASM), 0024 (ENT/REL/OBJ), 0029 (forecast/scenario/warning), 0032-0033 (twin/sim), 0041 (decision); apps/api/migrations/0006_objects.sql (canonical_objects: identity/temporal/epistemic/provenance/policy/quality/schema/correction blocks); packages/contracts/src/header.ts; apps/api/src/objects/objects.service.ts; test/acceptance/acceptance.test.ts: AC-6/AC-7 canonical object lifecycle; apps/api/test/int/gate22-capability-binding.test.ts: C6","Model the missing profiles (RSK, MEM, GRV atomic revisions, action/lesson objects), register all 24 Appendix B object codes (CROSS_REFERENCES.md §4a; migration 0006 enforces only a three-letter code) and run a consolidated per-type conformance review with lifecycle tests and cross-type references.",
AU-DP-0006,"Identifiers are issued centrally as UUIDv7, are tenant-safe and never embed mutable organizational names, regions, classifications, environments or deployment locations, and remain stable across versions, stores, indexes, exports and deployment movement.",All profiles.,V4:ES-25-001; V4:ES-24-001; V7:DAT-SM-04,V4:ES-25-001,data-platform,yes,all,harness,verified:local,P7-D,"apps/api/src/shared/ids.ts (UUIDv7); DECISIONS.md ADR-P0-11; packages/contracts/src/header.ts:21-175; apps/api/migrations/0006_objects.sql:7,67-77; apps/api/src/objects/objects.service.ts:260-278; test/acceptance/acceptance.test.ts:700,747; packages/contracts/test/envelope-header.test.ts; apps/api/src/shared/ids.ts (UUIDv7, ADR-P0-11); apps/api/src/shared/scope.ts; apps/api/test/int/domain-isolation.test.ts","Run the same named fixture on the SaaS, private-cloud and on-premises profiles once they exist (EXC-P0-004: only the local Compose profile exists at 2e83945)",Verified: test/int/domain-isolation.test.ts; apps/api/src/shared/ids.ts (ADR-P0-11). ES-25-001 first-pass verification lacked a resolved pointer; the isolation suite exercises the issuer.
AU-DP-0007,"Every identity declares issuing authority, namespace, creation time, status, aliases, merges, splits and supersession where applicable, and tenant and domain identity are explicit in storage keys, messages, caches, search indexes, telemetry, backups and recovery operations.",All profiles.,V4:ES-25-002; V4:ES-25-003,V4:ES-25-002,data-platform,yes,all,harness,open,P3,"DECISIONS.md ADR-P0-11 (UUIDv7 central issuer); apps/api/src/shared/ids.ts; apps/api/migrations/0002_identity_tenancy.sql; 0009_privilege_separation_and_bound_context.sql; 0011_authority_boundary_closure.sql (RLS + signed context); apps/api/test/int/domain-isolation.test.ts; migrations/0024 (graph.identifiers, resolutions); test/int/phase3-acceptance.test.ts:377,460",Add issuing authority/namespace/aliases on identities beyond graph entities; carry tenant/domain ids into telemetry and backups once those exist.,
AU-DP-0008,"Identity resolution returns evidence, confidence, competing candidates, the rule applied and stewardship state, and an uncertain resolution never merges silently; a wrong merge is reversible with history preserved.",All profiles.,V4:ES-25-004; V7:TT-06; V10:R-10,V4:ES-25-004,data-platform,yes,all,harness,verified:local,P7-D,"migrations/0024 (graph.resolutions with candidates/confidence); test/int/phase3-acceptance.test.ts:377,460,474; apps/api/migrations/0024 §2-§4; apps/api/test/int/phase3-acceptance.test.ts: C3 split reversible; apps/api/src/observation/corrections/corrections.service.ts; apps/api/src/graph/entities/resolution.service.ts; test/int/phase3-corrections.test.ts; test/int/phase3-acceptance.test.ts: C2 an uncertain resolution cannot merge silently","Run the same named fixture on the SaaS, private-cloud and on-premises profiles once they exist (EXC-P0-004: only the local Compose profile exists at 2e83945); Ontology revision on resolution is AU-DP-0113; split operations AU-DP-0009.","Verified: test/int/phase3-acceptance.test.ts C2 ""an uncertain resolution cannot merge silently"", ""records WHICH resolved, WHEN, BY WHAT SCORE and under WHAT rule"", C3. R-10 (V10) explanatory."
AU-DP-0009,"Merge and split operations preserve prior identifiers and forward impact links rather than rewriting history, including split.",All profiles.,V4:ES-25-005; V7:TT-06,V4:ES-25-005,data-platform,yes,all,harness,open,P3,migrations/0024 (graph.identifiers preserved); 0026 (supersession); test/int/phase3-acceptance.test.ts:692; apps/api/migrations/0024 §2-§4; apps/api/test/int/phase3-acceptance.test.ts: C3 split reversible,"Implement split (merges preserve identifiers; ES-25-005 records split as not implemented while TT-06 cites ""C3 split reversible"" - reconcile the two first-pass findings against test/int/phase3-acceptance.test.ts:692 and close the gap).",Ambiguity between ES-25-005 and TT-06 recorded for the owner.
AU-DP-0010,"Every material object preserves event time, observation time, validity time (valid_from/valid_to) and system-record time, system time is assigned by the committing component and monotonic per version history, and as-of (world time) and known-at (system time) queries reconstruct past states without hindsight contamination.",All profiles.,V0:C-011; V0:V00-T-038; V2:V02-T-102; V3:ADR-0004; V3:V03-T-050; V3:V03-T-187; V3:V03-T-190; V3:V03-T-191; V4:ES-26-002; V4:ES-26-003; V7:DP-21-001; V7:DP-21-003; V7:DADR-004; V7:TT-01; V7:DAT-SM-05; V7:TT-07,V0:C-011,data-platform,yes,all,harness,verified:local,P7-D,"migrations/0006 (event_time, valid_from/valid_to, recorded_at, source_clock_quality; ADR-P0-07); test/int/phase1-acceptance.test.ts: 'four times are populated per the type rules', 'a known-at query reproduces the pre-correction state without hindsight'; apps/api/src/prediction/forecasting/forecasting.service.ts and src/decision/** (known_at, observed_through, decided_at, as_of); apps/api/src/twin/twins/twin.service.ts asOf; migrations/0037 branch_state_as_of under both clocks; migrations/0048 decision.replay_layers AS OF; migrations/0049 replay_contributors; test/int/phase5-twins.test.ts: 'RECORD time…', 'WORLD time…'; test/int/phase6-replay.test.ts: 'an earlier as_of excludes what came after it'; migrations/0006 (valid_from/valid_to, recorded_at, correction_of/evidence_refs); test/int/phase3-corrections.test.ts: 'an EVIDENCE correction reaches the claims derived from it'; apps/api/migrations/0006 (truth_state); apps/api/test/int/phase1-acceptance.test.ts: four times are populated per the type rules; apps/api/test/int/phase1-acceptance.test.ts: a WITHDRAWAL says so in the truth state, not only in the lifecycle; migrations/0006:28,84; apps/api/src/objects/objects.service.ts:141-156; apps/api/src/graph/edges/edges.service.ts:61-66; test/int/phase1-acceptance.test.ts:290,328; test/int/phase3-acceptance.test.ts:839,850; apps/api/src/objects/objects.controller.ts:129-146; apps/api/src/graph/graph.controller.ts:48-58; migrations/0037; test/int/phase6-replay.test.ts:129; apps/api/migrations/0006_objects.sql:28,84; test/int/phase1-acceptance.test.ts:290,328,827; test/unit/codex-corrections.test.ts:395; test/acceptance/acceptance.test.ts:723,733; apps/api/migrations/0006 (event_time, observation_time, valid_from/to, recorded_at, time_precision, source_clock_quality); apps/api/migrations/0024 §5 edges bitemporal (valid_from/to, asserted_at/retracted_at); apps/api/src/graph/edges/edges.service.ts; apps/api/src/decision/replay/replay.service.ts; apps/api/migrations/0043 (five layers under exact cut-offs); apps/api/test/int/phase1-acceptance.test.ts: A3 known-at without hindsight; apps/api/test/int/phase3-acceptance.test.ts: C5 WORLD time and RECORD time are separate axes; apps/api/test/int/phase5-twins.test.ts: E1 grounding under two cut-offs; apps/api/test/int/phase6-replay.test.ts: F5; apps/api/migrations/0006 four temporal columns; apps/api/migrations/0024 bitemporal edges; apps/api/test/int/phase1-acceptance.test.ts: A3; apps/api/test/int/phase3-acceptance.test.ts: C5; apps/api/migrations/0006; apps/api/test/int/phase1-acceptance.test.ts: A3/A8; apps/api/migrations/0006 valid_interval CHECK; test/acceptance/acceptance.test.ts: rejects temporal inconsistency (EYE-TMP-001); apps/api/migrations/0024 edges valid_from/valid_to","Run the same named fixture on the SaaS, private-cloud and on-premises profiles once they exist (EXC-P0-004: only the local Compose profile exists at 2e83945); Timezone/precision/uncertainty/recurring time is AU-DP-0011; typed overlap rules for temporal relationships (TT-07) are part of AU-DP-0011.","Verified: test/int/phase1-acceptance.test.ts A3 (known-at without hindsight), :290,328; test/int/phase3-acceptance.test.ts C5 (world time and record time are separate axes); test/int/phase5-twins.test.ts E1; test/int/phase6-replay.test.ts F5 (branch). Phase 6 corrections 0048/0049 branch-only."
AU-DP-0011,"Time values carry timezone, precision, source and uncertainty; unknown, approximate, bounded, recurring and conflicting time and calendar semantics are represented explicitly rather than forced into false precision; overlapping temporal relationships require typed rules.",All profiles.,V4:ES-26-001; V4:ES-26-004; V7:DP-21-002; V7:TT-07,V4:ES-26-001,data-platform,yes,all,harness,open,P3,"apps/api/migrations/0006_objects.sql:28,84; apps/api/src/objects/objects.service.ts:141-156; apps/api/src/objects/objects.controller.ts:129-146; test/int/phase1-acceptance.test.ts:290,328,827; migrations/0006:28,84 (valid_from/valid_to intervals); test/acceptance/acceptance.test.ts:733; apps/api/migrations/0006 (event_time, observation_time, valid_from/to, recorded_at, time_precision, source_clock_quality); apps/api/migrations/0024 §5 edges bitemporal (valid_from/to, asserted_at/retracted_at); apps/api/src/graph/edges/edges.service.ts; apps/api/src/decision/replay/replay.service.ts; apps/api/migrations/0043 (five layers under exact cut-offs); apps/api/test/int/phase1-acceptance.test.ts: A3 known-at without hindsight; apps/api/test/int/phase3-acceptance.test.ts: C5 WORLD time and RECORD time are separate axes; apps/api/test/int/phase5-twins.test.ts: E1 grounding under two cut-offs; apps/api/test/int/phase6-replay.test.ts: F5; apps/api/migrations/0024 edges valid_from/valid_to; apps/api/test/int/phase3-acceptance.test.ts: C5",Model time precision/timezone/calendar/uncertainty (timestamptz + intervals + time_precision label only) and typed overlap rules on edges.,
AU-DP-0012,"Clock quality, skew and synchronization state are observed and exposed wherever ordering or expiry depends on wall time.",All profiles.,V4:ES-26-005,V4:ES-26-005,data-platform,yes,all,harness,open,P7-D,apps/api/src/policy/pdp.service.ts (environment.clockQuality input); packages/contracts/src/envelope.ts (issued_at),Observe clock skew/sync (clockQuality is a constant PDP input).,
AU-DP-0013,"A change set between two revisions, including corrections and downstream impact, can be queried.",All profiles.,V3:V03-T-192,V3:V03-T-192,data-platform,yes,all,harness,open,P3,,Add the revision-diff query.,
AU-DP-0014,"A query declares current, as-of or revision-bound semantics and declares its consistency requirement; the response returns the resolved revision, temporal context, freshness and partial-state markers, and commands/queries never assume a single global transaction.",All profiles.,V3:V03-T-189; V3:V03-T-060; V3:V03-T-068; V4:ES-18-001; V4:ES-18-003,V3:V03-T-189,data-platform,yes,all,harness,open,P7-D,"apps/api/src/objects/objects.service.ts:153; apps/api/src/objects/objects.service.ts:153 (as-of reads); apps/api/src/graph/graph.controller.ts:417,500,561 (completeness); apps/api/src/objects/objects.service.ts:110,153 (optimistic concurrency, as-of); test/acceptance/acceptance.test.ts:637,700,723; apps/api/src/objects/objects.controller.ts:129-146 (known_at/as-of); test/acceptance/acceptance.test.ts:723; test/int/phase3-acceptance.test.ts:839,850; apps/api/src/objects/objects.service.ts:153 (as-of); test/unit/codex-corrections.test.ts:395","Add a response envelope carrying resolved revision watermark, projection build version, freshness/lag and partial-state markers; add a revision-bound query mode (as-of exists).",First pass assigned V03-T-060/068 to R0; the remaining work is the response-envelope contract (P7-D).
AU-DP-0015,"When timestamps are missing, clocks disagree, intervals overlap improperly or late data changes an already consumed historical state, temporal quality is marked, invalid intervals isolated, the correction versioned, affected products and decisions identified and state rebuilt from the appropriate time boundary.",All profiles.,V7:DP-21-005,V7:DP-21-005,data-platform,yes,all,harness,open,P3,"apps/api/migrations/0006 (event_time, observation_time, valid_from/to, recorded_at, time_precision, source_clock_quality); apps/api/migrations/0024 §5 edges bitemporal (valid_from/to, asserted_at/retracted_at); apps/api/src/graph/edges/edges.service.ts; apps/api/src/decision/replay/replay.service.ts; apps/api/migrations/0043 (five layers under exact cut-offs); apps/api/test/int/phase1-acceptance.test.ts: A3 known-at without hindsight; apps/api/test/int/phase3-acceptance.test.ts: C5 WORLD time and RECORD time are separate axes; apps/api/test/int/phase5-twins.test.ts: E1 grounding under two cut-offs; apps/api/test/int/phase6-replay.test.ts: F5",Add clock-skew handling and invalid-interval isolation (late data lands as revisions with affected forecasts surfaced via the walk).,
AU-DP-0016,"Bitemporal admission requires bitemporal fixtures, clock-skew tests, late and out-of-order events, historical snapshots, correction propagation and Decision Replay validation bound to the exact contracts, schemas, code, data versions, policies, infrastructure, customer scope, deployment profile and period.",V7 ch.21 admission clause.,V7:DP-21-006,V7:DP-21-006,data-platform,yes,all,harness,open,P3,"apps/api/migrations/0006 (event_time, observation_time, valid_from/to, recorded_at, time_precision, source_clock_quality); apps/api/migrations/0024 §5 edges bitemporal (valid_from/to, asserted_at/retracted_at); apps/api/src/graph/edges/edges.service.ts; apps/api/src/decision/replay/replay.service.ts; apps/api/migrations/0043 (five layers under exact cut-offs); apps/api/test/int/phase1-acceptance.test.ts: A3 known-at without hindsight; apps/api/test/int/phase3-acceptance.test.ts: C5 WORLD time and RECORD time are separate axes; apps/api/test/int/phase5-twins.test.ts: E1 grounding under two cut-offs; apps/api/test/int/phase6-replay.test.ts: F5",Add clock-skew and out-of-order fixtures; bind evidence to release scope.,
AU-DP-0017,"Scenario, simulation and synthetic twin state is isolated from observed and assessed truth: an extracted claim cannot ground an observed element, synthetic state folds upward, a scenario branch never merges into observed state, and reconciliation establishes a new observed version explicitly.",All profiles; branch-only.,V0:V00-T-016; V0:C-010; V3:V03-T-193; V4:ES-27-005; V7:DADR-014; V7:DZ-10; V7:TT-10; V7:TT-11,V0:V00-T-016,data-platform,yes,all,harness,verified:local,P7-D,"migrations/0006 truth_state/synthetic_state; apps/api/src/prediction/controls.ts (synthetic folds upward, fail-closed); test/int/phase5-twins.test.ts E2 cases; e2e/phase6-decisions.demo.spec.ts SYNTHETIC marks; migrations/0006 truth_state CHECK ('observed','asserted','extracted','inferred','assessed','synthetic','decided','disputed','withdrawn') + synthetic_consistency; migrations/0035 twin.ground_element (extracted cannot ground observed); apps/api/src/prediction/controls.ts foldControls (synthetic folds upward); test/int/phase5-twins.test.ts: 'E2 · synthetic state folds UPWARD'; test/int/phase5-simulations.test.ts: 'the SIM object SYNTHETIC'; e2e/phase6-decisions.demo.spec.ts: 'SYNTHETIC consequences'; migrations/0032:221; migrations/0033; test/int/phase5-simulations.test.ts; migrations/0032:221 (element kinds), 163 (branch immutability); 0034:135-205 (reconciliation); test/int/phase5-corrections.test.ts:372,388,397; apps/api/migrations/0032 twin_versions branch_id + state_elements.kind; apps/api/migrations/0033 SIM objects synthetic; apps/api/test/int/phase5-twins.test.ts: E3 ALTERNATIVE branch coexists; apps/api/test/int/phase5-propagation.test.ts: E3 reconciliation changes nothing; apps/api/migrations/0032 twin_versions branches, state_elements kind; apps/api/test/int/phase5-twins.test.ts: E3; apps/api/migrations/0029 scenarios/branches; apps/api/migrations/0037 branch flip under both clocks; apps/api/test/int/phase4-acceptance.test.ts: D5/D6; apps/api/migrations/0033 runs (resolved initial state, digests, run.unverified); apps/api/test/int/phase5-simulations.test.ts: E4/E5","Run the same named fixture on the SaaS, private-cloud and on-premises profiles once they exist (EXC-P0-004: only the local Compose profile exists at 2e83945)",Verified: test/int/phase5-twins.test.ts E2/E3; test/int/phase5-simulations.test.ts; test/int/phase5-corrections.test.ts:372-397; test/int/phase4-acceptance.test.ts D5/D6; e2e/phase6-decisions.demo.spec.ts SYNTHETIC marks.
AU-DP-0018,"Observed evidence, asserted, extracted claims, inferred relationships, assessed judgments, synthetic scenario data, decided and withdrawn/disputed states remain explicitly distinguishable throughout storage, ports, replay and UI, and inference, synthetic data or scenario output is never presented as observed fact.",All profiles.,V0:C-010; V0:V00-T-016; V2:V02-T-102; V3:V03-T-056; V3:V03-T-188; V5:AI-09-003; V7:DP-22-001; V7:DP-22-003; V7:DADR-005; V7:TT-02; V7:TT-05,V0:C-010,data-platform,yes,all,harness,verified:local,P7-D,"migrations/0006 truth_state CHECK ('observed','asserted','extracted','inferred','assessed','synthetic','decided','disputed','withdrawn') + synthetic_consistency; migrations/0035 twin.ground_element (extracted cannot ground observed); apps/api/src/prediction/controls.ts foldControls (synthetic folds upward); test/int/phase5-twins.test.ts: 'E2 · synthetic state folds UPWARD'; test/int/phase5-simulations.test.ts: 'the SIM object SYNTHETIC'; e2e/phase6-decisions.demo.spec.ts: 'SYNTHETIC consequences'; migrations/0006 truth_state/synthetic_state; apps/api/src/prediction/controls.ts (synthetic folds upward, fail-closed); test/int/phase5-twins.test.ts E2 cases; e2e/phase6-decisions.demo.spec.ts SYNTHETIC marks; apps/api/migrations/0006 (truth_state); apps/api/test/int/phase1-acceptance.test.ts: four times are populated per the type rules; apps/api/test/int/phase1-acceptance.test.ts: a WITHDRAWAL says so in the truth state, not only in the lifecycle; packages/contracts/src/truth-state.ts:9-69; apps/api/src/objects/objects.service.ts:188-195; test/int/phase2-acceptance.test.ts; test/int/phase5-twins.test.ts: E2; migrations/0041_decision_packages.sql (SIMULATED options); apps/api/migrations/0006 (truth_state CHECK, synthetic_consistency, confidence/uncertainty jsonb); packages/contracts/src/truth-state.ts; apps/api/migrations/0032 (kind observed/estimated/assumed/predicted/simulated, basis_truth_state); apps/api/migrations/0029 §4-§5 backtests/calibration; apps/api/test/int/phase5-twins.test.ts: E2 an EXTRACTED claim cannot ground an OBSERVED element; apps/api/test/int/phase4-acceptance.test.ts: D4 calibration; apps/api/src/intelligence/review/review.service.ts; apps/api/migrations/0006 truth_state CHECK + synthetic_consistency; apps/api/migrations/0032 kind/basis_truth_state; apps/api/test/int/phase5-twins.test.ts: E2; apps/api/migrations/0022 SRC objects asserted; apps/api/test/int/phase1-acceptance.test.ts: A WITHDRAWAL says so in the truth state; apps/api/migrations/0023 review decisions; apps/api/migrations/0041 dissent; apps/api/test/int/phase6-decisions.test.ts: F3 dissent","Run the same named fixture on the SaaS, private-cloud and on-premises profiles once they exist (EXC-P0-004: only the local Compose profile exists at 2e83945); Add predicted and approved to TRUTH_STATE_COMPAT and export TRUTH_STATE_MAPPING_VERSION (CROSS_REFERENCES.md §1, no migration); recommended/decided/withdrawn/superseded states across every candidate product (AI-09-003) and the transition matrix are AU-DP-0019.","Vocabulary resolved by audit/CROSS_REFERENCES.md §1 (truth-state mapping TSM-1, 18 rows; lifecycle mapping LSM-1): the stored enum is the V7 Appendix E dictionary and every Volume 0 term maps to it (predicted = inferred + FCT + model_refs; approved/superseded/corrected/retired are lifecycle states; recommended/indeterminate are display); residual conflict for the owner: none. Verified: migrations/0006 truth_state CHECK + synthetic_consistency; test/int/phase5-twins.test.ts E2; test/int/phase1-acceptance.test.ts ""a WITHDRAWAL says so in the truth state""."
AU-DP-0019,"A truth-state transition matrix defines for every promotion the evidence, evaluation, authority and audit required (Inferred requires method, evidence, uncertainty, version, evaluation; Assessed requires rationale, dissent, evidence coverage, review state), claims become accepted graph assertions only through ontology, identity, confidence, policy and review rules, and a prohibited operation is refused with EYE-STA-003.",All profiles.,V3:V03-T-188; V3:V03-T-055; V4:ES-27-001; V4:ES-27-004; V4:EYE-STA-003; V7:DAT-SM-06,V3:V03-T-188,data-platform,yes,all,harness,open,P2,"packages/contracts/src/truth-state.ts:9-69; apps/api/src/objects/objects.service.ts:188-195; migrations/0025:137 (edge admission); apps/api/src/intelligence/review/review.service.ts; test/int/phase3-acceptance.test.ts:503; migrations/0023:301 (claim_lineage.confidence); test/int/phase2-acceptance.test.ts:388; apps/api/src/intelligence/review/review.service.ts (proposed→reviewed→admitted); test/int/phase2-acceptance.test.ts:427; phase3-acceptance.test.ts:503; packages/contracts/src/errors.ts:16-45; packages/contracts/src/truth-state.ts (enum + compatibility mappings, ADR-P0-06); apps/api/migrations/0006 truth_state CHECK",Define the transition/prohibited-operation matrix in packages/contracts/src/truth-state.ts and enforce it at admission for every type (promotion evidence exists only for claims via review and edges via admission); add ontology/confidence rules to edge admission.,
AU-DP-0020,"Uncertainty on an object identifies the relevant distributions, intervals, alternatives, missing evidence, model limits and irreducible unknowns.",All profiles; forecast quantiles only today.,V4:ES-27-003; V5:AI-63-001,V4:ES-27-003,data-platform,yes,all,harness,open,P2,"packages/contracts/src/truth-state.ts:9-69; apps/api/src/objects/objects.service.ts:188-195; migrations/0023:301 (claim_lineage.confidence); test/int/phase2-acceptance.test.ts:388; apps/api/src/intelligence/gateway/model-gateway.service.ts (abstained/refused outcomes); apps/api/src/prediction/forecasting/forecasting.service.ts (quantiles, coverage band, validation note); test/int/phase2-acceptance.test.ts: B3; test/int/phase4-acceptance.test.ts: D3/D4",Add uncertainty representation to claims and products beyond forecast quantiles.,
AU-DP-0021,"When truth state is missing, confidence is uncalibrated, evidence conflicts or a downstream product collapses distinct epistemic states, admission is blocked or downgraded, alternatives and dissent preserved, material ambiguity routed to review and the reduced fitness propagated.",V7 ch.22 failure behaviour.,V7:DP-22-005,V7:DP-22-005,data-platform,yes,all,harness,open,P2,"apps/api/migrations/0006 (truth_state CHECK, synthetic_consistency, confidence/uncertainty jsonb); packages/contracts/src/truth-state.ts; apps/api/migrations/0032 (kind observed/estimated/assumed/predicted/simulated, basis_truth_state); apps/api/migrations/0029 §4-§5 backtests/calibration; apps/api/test/int/phase5-twins.test.ts: E2 an EXTRACTED claim cannot ground an OBSERVED element; apps/api/test/int/phase4-acceptance.test.ts: D4 calibration; apps/api/src/intelligence/review/review.service.ts",Add contradiction/dispute adjudication and fitness propagation (low confidence routes to review today).,
AU-DP-0022,"Truth-state admission requires truth-state fixtures, contradiction cases, calibration evidence, synthetic-isolation tests, review sampling and downstream propagation checks bound to the exact contracts, schemas, code, data versions, policies, infrastructure, customer scope, deployment profile and period.",V7 ch.22 admission clause.,V7:DP-22-006,V7:DP-22-006,data-platform,yes,all,harness,open,P2,"apps/api/migrations/0006 (truth_state CHECK, synthetic_consistency, confidence/uncertainty jsonb); packages/contracts/src/truth-state.ts; apps/api/migrations/0032 (kind observed/estimated/assumed/predicted/simulated, basis_truth_state); apps/api/migrations/0029 §4-§5 backtests/calibration; apps/api/test/int/phase5-twins.test.ts: E2 an EXTRACTED claim cannot ground an OBSERVED element; apps/api/test/int/phase4-acceptance.test.ts: D4 calibration; apps/api/src/intelligence/review/review.service.ts",Add contradiction cases and review sampling.,
AU-DP-0023,A recommendation remains advisory until a named human authority creates a decision record and commitment; a human decision records decision and effective time and later evidence does not rewrite it; the decision agent holds exactly one write.,Branch-only (PR #46).,V3:V03-T-057; V7:TT-12; V7:TT-13,V3:V03-T-057,data-platform,yes,all,harness,verified:local,P7-D,"migrations/0042:164; migrations/0043:33; test/int/phase6-approvals.test.ts:141; apps/api/migrations/0041 options/agent option cards (SIMULATED, never a decision); apps/api/test/int/phase6-decisions.test.ts: the decision agent holds exactly ONE write; apps/api/migrations/0042 commitment (C3, human authority); apps/api/test/int/phase6-approvals.test.ts: after commitment nothing reopens","Run the same named fixture on the SaaS, private-cloud and on-premises profiles once they exist (EXC-P0-004: only the local Compose profile exists at 2e83945)",Verified: test/int/phase6-approvals.test.ts:141 (after commitment nothing reopens); test/int/phase6-decisions.test.ts (decision agent holds exactly ONE write).
AU-DP-0024,"A lesson remains proposed until evaluation, approval, release, monitoring and rollback controls are satisfied.",All profiles.,V3:V03-T-058,V3:V03-T-058,data-platform,yes,all,harness,open,P7-B,migrations/0045:221 (close_package lessons text),Add the Lesson Proposal object and governed release (lessons are free text on package closure today).,
AU-DP-0025,"Every material object and transition emits provenance links atomically (claim_lineage, custody_events, edge provenance, run digests): source, chain of custody, transformation history, ownership, rights, quality and version lineage back to exact evidence versions and fragments, never to mutable latest aliases, titles or logs; backward explanation resolves producing inputs and accountable actors and forward impact resolves active dependents and owners.",All profiles.,V0:C-012; V3:V03-T-199; V3:V03-T-198; V3:V03-T-195; V4:ES-28-001; V4:ES-28-002; V4:ES-28-003; V7:DP-23-001; V7:DP-23-002; V7:DP-23-003; V7:DADR-006; V7:DAT-SM-07,V0:C-012,data-platform,yes,all,harness,verified:local,P7-D,"migrations/0006 minimum_provenance; migrations/0022 custody_events, blob_manifests, connector_version/code_digest; test/int/phase1-acceptance.test.ts: 'every admitted item carries source identity, method, connector version, agent identity and code digest'; migrations/0023 intelligence.claim_lineage; test/int/phase2-acceptance.test.ts: 'the schema REFUSES a claim whose lineage is incomplete'; apps/api/src/prediction/controls.ts foldControls (inherited controls, fail-closed); migrations/0048/0049 (APR, CMT, RPL and briefings fold the controls of every contributor); test/int/phase6-review-corrections.test.ts: 'the version folds to confidential with the licence'; test/int/phase5-propagation.test.ts; migrations/0023:286-323 (claim_lineage to evidence + method version); test/int/phase2-acceptance.test.ts:339; packages/contracts/src/jcs.ts (contentDigest); migrations/0022:360 (checksums); test/int/rfc8785-crosslang.test.ts; migrations/0022:360-415; apps/api/src/observation/vault/vault.service.ts:134-179; migrations/0023:158 (gateway_calls); test/int/phase1-acceptance.test.ts; packages/contracts/src/header.ts:82-89 (hasMinimumProvenance); migrations/0023:286-323 (intelligence.claim_lineage append-only); migrations/0024:519,1306 (graph.dependencies, record_impact); apps/api/src/graph/strategy/impact.service.ts; phase3-acceptance.test.ts:627; test/unit/codex-corrections.test.ts:454; apps/api/migrations/0022 §7 custody_events; apps/api/migrations/0023 §5 claim_lineage (byte offsets, retrieval and admission decision ids, mode); apps/api/migrations/0024 edges provenance; apps/api/migrations/0033 (implementation/environment digests); apps/api/src/observation/vault/evidence.service.ts (custody chain from stored rows only); apps/api/test/int/phase1-acceptance.test.ts: A2 chain of custody; apps/api/test/int/phase2-acceptance.test.ts: B1 every claim resolves back to the evidence bytes; apps/api/test/int/phase6-replay.test.ts; apps/api/migrations/0022 custody_events; apps/api/migrations/0023 claim_lineage; apps/api/migrations/0024 provenance on edges; apps/api/test/int/phase2-acceptance.test.ts: B1; apps/api/migrations/0033 digests","Run the same named fixture on the SaaS, private-cloud and on-premises profiles once they exist (EXC-P0-004: only the local Compose profile exists at 2e83945); Merge 0048/0049 (R0); transformation parameters/execution identity/exceptions are AU-DP-0029; export lineage needs AU-DP-0097.","Verified: test/int/phase1-acceptance.test.ts A2; test/int/phase2-acceptance.test.ts B1 ""every claim resolves back to the evidence bytes"", ""the schema REFUSES a claim whose lineage is incomplete""; test/int/phase3-acceptance.test.ts:627; test/int/phase6-review-corrections.test.ts (controls fold); test/int/rfc8785-crosslang.test.ts (content digest)."
AU-DP-0026,"A recommendation or decision replays its contributors (decision criteria, simulations, scenario branches, forecasts, twin state, graph claims, transformations, original evidence) and a corrected source identifies the dependent twins, simulations and packages through the invalidation walk.","All profiles; branch-only (0034, 0049).",V0:V00-T-077; V0:C-012; V3:V03-T-203; V3:V03-T-194,V0:V00-T-077,data-platform,yes,all,harness,verified:local,P7-D,"migrations/0049 replay_contributors; migrations/0034 invalidation walk (affected twins, simulations, packages); test/int/phase6-monitoring.test.ts; migrations/0006 minimum_provenance; migrations/0022 custody_events, blob_manifests, connector_version/code_digest; test/int/phase1-acceptance.test.ts: 'every admitted item carries source identity, method, connector version, agent identity and code digest'; migrations/0023 intelligence.claim_lineage; test/int/phase2-acceptance.test.ts: 'the schema REFUSES a claim whose lineage is incomplete'; apps/api/src/prediction/controls.ts foldControls (inherited controls, fail-closed); migrations/0048/0049 (APR, CMT, RPL and briefings fold the controls of every contributor); test/int/phase6-review-corrections.test.ts: 'the version folds to confidential with the licence'; test/int/phase5-propagation.test.ts; migrations/0024:555-573; apps/api/src/graph/strategy/impact.service.ts; test/int/phase3-acceptance.test.ts:996,1016; migrations/0023:286-323; migrations/0024:519,1306; apps/web/app/graph/impact; test/int/phase3-acceptance.test.ts:627,996","Run the same named fixture on the SaaS, private-cloud and on-premises profiles once they exist (EXC-P0-004: only the local Compose profile exists at 2e83945); Impact-set completeness is AU-DP-0027; user-facing trace view is AU-DP-0028.","Verified: test/int/phase6-monitoring.test.ts; test/int/phase3-acceptance.test.ts:996,1016; migrations/0049 replay_contributors; migrations/0034 invalidation walk."
AU-DP-0027,"Impact analysis identifies every dependent product of a corrected or withdrawn input: graph state, memory, twins, forecasts, scenarios, simulations, warnings, decisions, briefings, commitments and learning products, so the platform can say which conclusions may no longer be safe.",All profiles.,V8:PR-24-001; V8:CAP-UM-12; V8:JRN-05; V3:V03-T-194; V3:V03-T-203; V4:ES-30-003; V7:DP-24-001,V8:PR-24-001,data-platform,yes,all,harness,open,P3,"apps/api/src/observation/corrections/corrections.service.ts; apps/api/src/graph/strategy/impact.service.ts (/impact/preview, propagate, awaiting); apps/web/app/observation/corrections/page.tsx; apps/web/app/graph/impact/page.tsx; apps/api/test/int/phase1-acceptance.test.ts: A8 — correction, withdrawal, supersession; apps/api/test/int/phase5-propagation.test.ts: a correction case applied to cited evidence shows on the twin as PROPAGATION PENDING; apps/api/test/int/phase6-replay.test.ts: the world moves after the decision; apps/api/test/int/phase1-acceptance.test.ts: A8; apps/api/test/int/phase5-propagation.test.ts; e2e/phase1-observation.spec.ts: 9.–10.; migrations/0023:286-323; migrations/0024:519,1306; apps/api/src/graph/strategy/impact.service.ts; apps/web/app/graph/impact; test/int/phase3-acceptance.test.ts:627,996; migrations/0024:555-573; test/int/phase3-acceptance.test.ts:996,1016; packages/contracts/src/header.ts:82-89 (hasMinimumProvenance); migrations/0023:286-323 (intelligence.claim_lineage append-only); migrations/0024:519,1306 (graph.dependencies, record_impact); migrations/0034 (twin propagation); 0029 ~475-520 (forecast corrections); test/int/phase5-propagation.test.ts:92,133; apps/api/src/objects/objects.service.ts (correction_of, non-destructive); apps/api/src/graph/strategy/impact.service.ts (operator-initiated walk); apps/api/migrations/0030 prediction corrections; apps/api/migrations/0034 twin reconciliations; apps/api/test/int/phase3-corrections.test.ts: F4/G4/G5; apps/api/test/int/phase5-propagation.test.ts: E7; PHASE5_REPORT.md: CorrectionApplied consumer deferred","Extend the propagation graph (graph.dependencies, record_impact) to decisions, briefings, commitments and learning products; today it reaches graph, twins, forecasts, scenarios, simulations and warnings.",
AU-DP-0028,"Provenance is graph-addressable to users and auditors through a user-facing trace view from recommendation to original evidence with a layered explanation, and reverse propagation to briefings and decisions runs continuously.",All profiles.,V0:V00-T-077; V0:C-012; V1:V01-T-035,V0:V00-T-077,data-platform,yes,all,harness,open,P7-E,"migrations/0049 replay_contributors; migrations/0034 invalidation walk (affected twins, simulations, packages); test/int/phase6-monitoring.test.ts; migrations/0006 minimum_provenance; migrations/0022 custody_events, blob_manifests, connector_version/code_digest; test/int/phase1-acceptance.test.ts: 'every admitted item carries source identity, method, connector version, agent identity and code digest'; migrations/0023 intelligence.claim_lineage; test/int/phase2-acceptance.test.ts: 'the schema REFUSES a claim whose lineage is incomplete'; apps/api/src/prediction/controls.ts foldControls (inherited controls, fail-closed); migrations/0048/0049 (APR, CMT, RPL and briefings fold the controls of every contributor); test/int/phase6-review-corrections.test.ts: 'the version folds to confidential with the licence'; test/int/phase5-propagation.test.ts; see C-005, C-012, V00-T-077",Build the provenance trace UI end to end; continuous reverse propagation is AU-DP-0041.,V01-T-035 is explanatory (Volume 1).
AU-DP-0029,"Transformation provenance includes parameters, execution identity and exceptions; graph or memory commit provenance includes validation result, ontology and policy revision, actor, causation and transaction boundary; forecast/simulation provenance includes environment, seed, constraints and calibration; derived objects reference agent, policy and configuration versions.",All profiles.,V3:V03-T-195; V3:V03-T-196; V4:ES-24-004,V3:V03-T-195,data-platform,yes,all,harness,open,P3,"migrations/0022:360-415; apps/api/src/observation/vault/vault.service.ts:134-179; migrations/0023:158 (gateway_calls); test/int/phase1-acceptance.test.ts; migrations/0024:385 (edge_events with actor/causation); migrations/0033:47-148 (run manifest, seed, digest); migrations/0023:286-323 (claim_lineage: method/model versions, exact input versions); 0033:47-107 (run manifests); test/int/phase2-acceptance.test.ts:339","Add parameters/execution identity/exceptions to transformation lineage, ontology/policy revision to commits, environment to run manifests and agent/policy/config versions to derived objects.",
AU-DP-0030,"Correction and withdrawal provenance records affected object, reason, authority, replacement or tombstone, propagation scope, completion and unresolved consumers.",All profiles.,V3:V03-T-197,V3:V03-T-197,data-platform,yes,all,harness,open,P3,"migrations/0041:195,242; migrations/0042:164; migrations/0022:1528 (correction cases)","Record propagation scope, completion and unresolved consumers on correction cases (AU-DP-0042).",
AU-DP-0031,"Provenance preserves denied, abstained, challenged, overridden, corrected and failed paths in product lineage where they materially explain state.",All profiles.,V4:ES-28-004,V4:ES-28-004,data-platform,yes,all,harness,open,P3,"migrations/0023:329,347 (review outcomes); 0029 ~475-520 (attention_state); apps/api/migrations/0004_audit.sql (append-only triggers, chain heads); apps/api/src/audit/audit.service.ts; apps/api/test/int/audit-chain.test.ts",Surface denied/abstained/failed paths from audit into product lineage.,
AU-DP-0032,Lineage retention and deletion follow the strictest applicable obligation while preserving lawful audit proof and deletion evidence.,All profiles.,V4:ES-28-005,V4:ES-28-005,data-platform,yes,all,harness,open,P3,,Implement with AU-DP-0090.,
AU-DP-0033,Explanation paths are policy-filtered without fabricating continuity where a viewer lacks access: truncated or unexplored scope is disclosed.,All profiles.,V3:V03-T-201,V3:V03-T-201,data-platform,yes,all,harness,verified:local,P7-D,"apps/api/src/graph/graph.controller.ts:417,500,561 (completeness disclosure); test/int/phase3-acceptance.test.ts:657","Run the same named fixture on the SaaS, private-cloud and on-premises profiles once they exist (EXC-P0-004: only the local Compose profile exists at 2e83945)","Verified: test/int/phase3-acceptance.test.ts:657; graph.controller.ts:417,500,561 completeness disclosure."
AU-DP-0034,Administrative access and material transformations generate tamper-evident append-only audit evidence with hash-chain verification and seals; tampering freezes the chain and opens an integrity incident.,All profiles.,V3:V03-T-200; V6:INF-ST-03; V6:SC-08; V7:DZ-20,V3:V03-T-200,data-platform,yes,all,harness,verified:local,P7-D,"apps/api/src/audit/audit.service.ts; test/int/audit-chain.test.ts; test/int/gate22-identity-mutators.test.ts; apps/api/src/audit/audit.service.ts (hash chain verify/seal, tamper freeze); migrations/0004_audit.sql; migrations/0018_verifier_seal_governance.sql; test/int/gate22-verifier-seal.test.ts; test/int/domain-isolation.test.ts; test/int/gate22-authority-matrix.test.ts; apps/api/migrations/0004 audit ledger + seals; apps/api/test/int/gate22-audit-verify.test.ts: C10","Run the same named fixture on the SaaS, private-cloud and on-premises profiles once they exist (EXC-P0-004: only the local Compose profile exists at 2e83945); External anchoring and a separately protected copy are AU-DP-0035.",Verified: test/int/audit-chain.test.ts; test/int/gate22-verifier-seal.test.ts; test/int/gate22-audit-verify.test.ts C10; test/int/gate22-identity-mutators.test.ts. Independence limited: shares the primary DB failure domain (EXC-P0-001).
AU-DP-0035,The audit ledger is integrity-anchored externally and a separately protected copy exists outside the primary database failure domain.,All profiles.,V6:INF-ST-03; V6:SC-08,V6:INF-ST-03,data-platform,yes,all,harness,open,P7-D,"apps/api/src/audit/audit.service.ts (hash chain verify/seal, tamper freeze); migrations/0004_audit.sql; migrations/0018_verifier_seal_governance.sql; test/int/audit-chain.test.ts; test/int/gate22-verifier-seal.test.ts; test/int/domain-isolation.test.ts; test/int/gate22-authority-matrix.test.ts",Anchor audit seals externally (C19 anchors CI evidence only) and keep a protected copy.,
AU-DP-0036,"Missing, disputed, stale or withdrawn evidence remains visible as product quality and decision completeness fields.",All profiles.,V3:V03-T-202,V3:V03-T-202,data-platform,yes,all,harness,open,P6,migrations/0042:186 (stale context blocks approval); migrations/0029 (attention_state),Surface evidence gaps as product quality/decision completeness fields (stale context blocks approval today).,
AU-DP-0037,"When a material object, product or decision input has incomplete lineage, broken custody or unverifiable artifact identity, the output is marked unfit, consequential use and export are blocked, the gap preserved and recomputation or adjudication performed from verified inputs.",V7 ch.23 failure behaviour.,V7:DP-23-005,V7:DP-23-005,data-platform,yes,all,harness,open,P3,"apps/api/migrations/0022 §7 custody_events; apps/api/migrations/0023 §5 claim_lineage (byte offsets, retrieval and admission decision ids, mode); apps/api/migrations/0024 edges provenance; apps/api/migrations/0033 (implementation/environment digests); apps/api/src/observation/vault/evidence.service.ts (custody chain from stored rows only); apps/api/test/int/phase1-acceptance.test.ts: A2 chain of custody; apps/api/test/int/phase2-acceptance.test.ts: B1 every claim resolves back to the evidence bytes; apps/api/test/int/phase6-replay.test.ts",Add a generic unfit flag on products (twin versions and replay availability only today).,
AU-DP-0038,"Lineage admission requires lineage closure queries, digest verification, custody transfer exercises, model and human attribution, export lineage and historical reconstruction bound to the exact contracts, schemas, code, data versions, policies, infrastructure, customer scope, deployment profile and period.",V7 ch.23 admission clause.,V7:DP-23-006,V7:DP-23-006,data-platform,yes,all,harness,open,P3,"apps/api/migrations/0022 §7 custody_events; apps/api/migrations/0023 §5 claim_lineage (byte offsets, retrieval and admission decision ids, mode); apps/api/migrations/0024 edges provenance; apps/api/migrations/0033 (implementation/environment digests); apps/api/src/observation/vault/evidence.service.ts (custody chain from stored rows only); apps/api/test/int/phase1-acceptance.test.ts: A2 chain of custody; apps/api/test/int/phase2-acceptance.test.ts: B1 every claim resolves back to the evidence bytes; apps/api/test/int/phase6-replay.test.ts",Add custody transfer exercises and export lineage.,
AU-DP-0039,"Correction intake authenticates the authority, identifies target versions, preserves supplied evidence and creates a durable case before changing active state; commit produces a new version and a propagation event with reason, authority, time, scope and affected truth state; a withdrawal stops decision-active use while prior use stays replayable; correction never alters what was historically available.",All profiles.,V8:PR-24-001; V8:OBJ-03; V8:PR-24-003; V3:V03-T-067; V4:ES-30-001; V4:ES-30-002; V4:ES-19-005; V7:TT-16; V7:TT-17; V7:DP-24-003; V7:DADR-007,V8:PR-24-001,data-platform,yes,all,harness,verified:local,P7-D,"apps/api/src/observation/corrections/corrections.service.ts; apps/api/src/graph/strategy/impact.service.ts (/impact/preview, propagate, awaiting); apps/web/app/observation/corrections/page.tsx; apps/web/app/graph/impact/page.tsx; apps/api/test/int/phase1-acceptance.test.ts: A8 — correction, withdrawal, supersession; apps/api/test/int/phase5-propagation.test.ts: a correction case applied to cited evidence shows on the twin as PROPAGATION PENDING; apps/api/test/int/phase6-replay.test.ts: the world moves after the decision; apps/api/src/policy/pdp.service.ts; apps/api/test/unit/pdp.test.ts; apps/api/test/int/gate22-authority-matrix.test.ts: no port succeeds on a role outside its grantee set; migrations/0015 (append-only outbox); apps/api/src/objects/objects.service.ts:91-121; apps/api/src/pipeline/pipeline.service.ts:387-388 (causation); migrations/0022:579,597,1528,1555; migrations/0026:27-56; 0027:112,294,324; migrations/0005_audit_rebuild_rls_fix.sql (audit.rebuild_chain_heads); 0022:1862; 0023:938; 0024:1436 (projection rebuild functions); test/int/phase1-acceptance.test.ts:702,731,751,770,805,939; phase3-corrections.test.ts:322,468,570,891,922,969; phase2-acceptance.test.ts:565; migrations/0022:579,597 (correction cases → events); test/int/phase1-acceptance.test.ts:751,770; apps/api/migrations/0022 §9; apps/api/test/int/phase1-acceptance.test.ts: A8; apps/api/migrations/0006 lifecycle withdrawn + withdrawal_reason; apps/api/test/int/phase6-replay.test.ts: a withdrawal becomes unavailable (prior use replayable); apps/api/src/objects/objects.service.ts (correction_of, non-destructive); apps/api/src/graph/strategy/impact.service.ts (operator-initiated walk); apps/api/migrations/0030 prediction corrections; apps/api/migrations/0034 twin reconciliations; apps/api/test/int/phase3-corrections.test.ts: F4/G4/G5; apps/api/test/int/phase5-propagation.test.ts: E7; PHASE5_REPORT.md: CorrectionApplied consumer deferred; apps/api/src/objects/objects.service.ts correction_of; apps/api/test/int/phase3-acceptance.test.ts: C3","Run the same named fixture on the SaaS, private-cloud and on-premises profiles once they exist (EXC-P0-004: only the local Compose profile exists at 2e83945)","Verified: test/int/phase1-acceptance.test.ts A8; test/int/phase3-corrections.test.ts:322,468,570,891,922,969; test/int/phase6-replay.test.ts (a withdrawal becomes unavailable; known-at unchanged)."
AU-DP-0040,"Dependent products are marked affected, stale, withdrawn or requiring review according to their owning contract when an input is corrected: a citing twin version goes UNVERIFIED by event and forecasts fold fail-closed.",All profiles; branch-only for twins.,V8:PR-24-005; V4:ES-30-004; V7:DP-24-005,V8:PR-24-005,data-platform,yes,all,harness,verified:local,P7-D,"apps/api/test/int/phase5-propagation.test.ts: the citing version goes UNVERIFIED by event; apps/api/test/int/phase1-acceptance.test.ts: a SPOOFED correction — claiming another domain's evidence — resolves nothing; apps/web/components/ui.tsx (DegradedBanner, ErrorNote, TruthBadge, LifecycleBadge); apps/api/src/shared/degraded-store.ts; apps/api/test/int/phase1-fault-injection.test.ts; apps/api/src/objects/objects.service.ts:91-121; migrations/0022:579,597,1528,1555; migrations/0026:27-56; 0027:112,294,324; migrations/0005_audit_rebuild_rls_fix.sql (audit.rebuild_chain_heads); 0022:1862; 0023:938; 0024:1436 (projection rebuild functions); test/int/phase1-acceptance.test.ts:702,731,751,770,805,939; phase3-corrections.test.ts:322,468,570,891,922,969; phase2-acceptance.test.ts:565; apps/api/src/objects/objects.service.ts (correction_of, non-destructive); apps/api/src/observation/corrections/corrections.service.ts; apps/api/src/graph/strategy/impact.service.ts (operator-initiated walk); apps/api/migrations/0030 prediction corrections; apps/api/migrations/0034 twin reconciliations; apps/api/test/int/phase1-acceptance.test.ts: A8; apps/api/test/int/phase3-corrections.test.ts: F4/G4/G5; apps/api/test/int/phase5-propagation.test.ts: E7; PHASE5_REPORT.md: CorrectionApplied consumer deferred","Run the same named fixture on the SaaS, private-cloud and on-premises profiles once they exist (EXC-P0-004: only the local Compose profile exists at 2e83945); Stale derivatives quarantined (not only marked) and closure obtained are AU-DP-0042.",Verified: test/int/phase5-propagation.test.ts (PROPAGATION PENDING; UNVERIFIED by event); test/int/phase3-corrections.test.ts; test/int/phase1-acceptance.test.ts (spoofed correction resolves nothing).
AU-DP-0041,"Correction propagation is continuous: a governed CorrectionApplied consumer (with identity, authority, budgets, durable delivery and escalation) applies corrections to every derivative and triggers reassessment of inferred relationships on model or evidence change without an operator-initiated walk.","All profiles; the consumer delivered by CP-6 B1 (0060, AU-MEM-0108..0111); reassessment of inferred relationships and full derivative coverage still owed.",V8:PR-24-001; V8:CAP-UM-12; V7:DP-24-001; V7:DAT-SM-08; V7:DP-43-001; V7:TT-04,V8:PR-24-001,data-platform,yes,all,harness,open,P3,"apps/api/src/observation/corrections/corrections.service.ts; apps/api/src/graph/strategy/impact.service.ts (/impact/preview, propagate, awaiting); apps/web/app/observation/corrections/page.tsx; apps/web/app/graph/impact/page.tsx; apps/api/test/int/phase1-acceptance.test.ts: A8 — correction, withdrawal, supersession; apps/api/test/int/phase5-propagation.test.ts: a correction case applied to cited evidence shows on the twin as PROPAGATION PENDING; apps/api/test/int/phase6-replay.test.ts: the world moves after the decision; apps/api/src/objects/objects.service.ts (correction_of, non-destructive); apps/api/src/graph/strategy/impact.service.ts (operator-initiated walk); apps/api/migrations/0030 prediction corrections; apps/api/migrations/0034 twin reconciliations; apps/api/test/int/phase1-acceptance.test.ts: A8; apps/api/test/int/phase3-corrections.test.ts: F4/G4/G5; apps/api/test/int/phase5-propagation.test.ts: E7; PHASE5_REPORT.md: CorrectionApplied consumer deferred; apps/api/src/graph/strategy/impact.service.ts; apps/api/test/int/phase3-corrections.test.ts; apps/api/migrations/0006 objects.object_outbox; apps/api/src/objects/outbox.publisher.ts (domain-events queue); PHASE5_REPORT.md (CorrectionApplied consumer deferred); apps/api/migrations/0024 edges inferred with validity; apps/api/migrations/0025 evidence-triggered invalidation; migrations/0060_propagation_consumer.sql; apps/api/src/graph/propagation/*; apps/api/test/int/phase6-propagation-consumer.test.ts","The governed CorrectionApplied consumer exists (B1: identity, authority, budgets, durable delivery, recorded failure; AU-MEM-0108..0111). Remaining: reassessment of inferred relationships on model or evidence change (V7:TT-04) and derivative coverage beyond graph/twins/forecasts/scenarios/simulations/warnings (AU-DP-0027, AU-MEM-0031); escalation of a stalled consumer beyond the visible queue (AU-INF-0811).",
AU-DP-0042,"Closure of a correction case requires projection reconciliation, per-consumer acknowledgement or a bounded exception and complete audit evidence; acknowledgement and closure records exist per consumer; affected publication is frozen and stale derivatives quarantined until material consumers close.",All profiles.,V8:PR-24-002; V8:JRN-05; V8:PR-24-001; V3:V03-T-197; V4:ES-30-005; V7:DP-24-002; V7:DP-24-005,V8:PR-24-002,data-platform,yes,all,harness,open,P3,"apps/api/migrations/0006_objects.sql (identity, owner, times, status, provenance, policy on every canonical object); apps/api/src/observation/corrections/corrections.service.ts; apps/api/src/graph/strategy/impact.service.ts (/impact/preview, propagate, awaiting); apps/web/app/observation/corrections/page.tsx; apps/web/app/graph/impact/page.tsx; apps/api/test/int/phase1-acceptance.test.ts: A8 — correction, withdrawal, supersession; apps/api/test/int/phase5-propagation.test.ts: a correction case applied to cited evidence shows on the twin as PROPAGATION PENDING; apps/api/test/int/phase6-replay.test.ts: the world moves after the decision; apps/api/test/int/phase1-acceptance.test.ts: A8; apps/api/test/int/phase5-propagation.test.ts; e2e/phase1-observation.spec.ts: 9.–10.; migrations/0041:195,242; migrations/0042:164; migrations/0022:1528 (correction cases); migrations/0027:112,294,324 (case coverage lifecycle); migrations/0005_audit_rebuild_rls_fix.sql (audit.rebuild_chain_heads); 0022:1862; 0023:938; 0024:1436 (projection rebuild functions); test/int/phase3-corrections.test.ts:322,468; apps/api/src/objects/objects.service.ts (correction_of, non-destructive); apps/api/src/graph/strategy/impact.service.ts (operator-initiated walk); apps/api/migrations/0030 prediction corrections; apps/api/migrations/0034 twin reconciliations; apps/api/test/int/phase3-corrections.test.ts: F4/G4/G5; apps/api/test/int/phase5-propagation.test.ts: E7; PHASE5_REPORT.md: CorrectionApplied consumer deferred",Add per-consumer acknowledgement/closure records and require them before case closure; quarantine (not only mark) stale derivatives.,
AU-DP-0043,"When a correction target is unresolved, propagation incomplete, projections diverge, consumers fail to acknowledge or replay cannot reconstruct prior state, the case stays open, affected products are visibly constrained, historical versions preserved and unresolved decision impact escalated; a spoofed correction resolves nothing.",All profiles.,V8:PR-24-005; V7:DP-24-005,V8:PR-24-005,data-platform,yes,all,harness,verified:local,P7-D,"apps/api/test/int/phase5-propagation.test.ts: the citing version goes UNVERIFIED by event; apps/api/test/int/phase1-acceptance.test.ts: a SPOOFED correction — claiming another domain's evidence — resolves nothing; apps/web/components/ui.tsx (DegradedBanner, ErrorNote, TruthBadge, LifecycleBadge); apps/api/src/shared/degraded-store.ts; apps/api/test/int/phase1-fault-injection.test.ts; apps/api/src/objects/objects.service.ts (correction_of, non-destructive); apps/api/src/observation/corrections/corrections.service.ts; apps/api/src/graph/strategy/impact.service.ts (operator-initiated walk); apps/api/migrations/0030 prediction corrections; apps/api/migrations/0034 twin reconciliations; apps/api/test/int/phase1-acceptance.test.ts: A8; apps/api/test/int/phase3-corrections.test.ts: F4/G4/G5; apps/api/test/int/phase5-propagation.test.ts: E7; PHASE5_REPORT.md: CorrectionApplied consumer deferred; apps/api/test/int/phase6-propagation-consumer.test.ts 'PARTIAL WALK: a chain past the traversal bound leaves the attempt and the case PARTIAL and VISIBLE; a redelivery is a no-op; the operator may re-walk' (the automatic walk; /impact/awaiting states the truncation and automatic.state partial)","Run the same named fixture on the SaaS, private-cloud and on-premises profiles once they exist (EXC-P0-004: only the local Compose profile exists at 2e83945); Closure/acknowledgement tracking is AU-DP-0042.",Verified: test/int/phase5-propagation.test.ts (citing version UNVERIFIED by event); test/int/phase1-acceptance.test.ts (SPOOFED correction).
AU-DP-0044,"Correction acceptance demonstrates end-to-end correction fixtures, fan-out tests, impact analysis, projection rebuild, consumer acknowledgement, export amendment, Decision Replay, reconciliation audit and governance closure for the exact capability version, journey, role, tenant or domain, deployment, entitlement, data and model versions, configuration, consequence class and period.",AT-24.,V8:PR-24-006; V8:AT-24; V7:DP-24-006,V8:PR-24-006,data-platform,yes,all,harness,open,P3,"apps/api/src/observation/corrections/corrections.service.ts; apps/api/src/graph/strategy/impact.service.ts (/impact/preview, propagate, awaiting); apps/web/app/observation/corrections/page.tsx; apps/web/app/graph/impact/page.tsx; apps/api/test/int/phase1-acceptance.test.ts: A8 — correction, withdrawal, supersession; apps/api/test/int/phase5-propagation.test.ts: a correction case applied to cited evidence shows on the twin as PROPAGATION PENDING; apps/api/test/int/phase6-replay.test.ts: the world moves after the decision; apps/api/src/objects/objects.service.ts (correction_of, non-destructive); apps/api/src/graph/strategy/impact.service.ts (operator-initiated walk); apps/api/migrations/0030 prediction corrections; apps/api/migrations/0034 twin reconciliations; apps/api/test/int/phase1-acceptance.test.ts: A8; apps/api/test/int/phase3-corrections.test.ts: F4/G4/G5; apps/api/test/int/phase5-propagation.test.ts: E7; PHASE5_REPORT.md: CorrectionApplied consumer deferred","Produce the AT-24 record (consumer acknowledgement, export amendment).",
AU-DP-0045,"The correction-authority boundary (correction authority may change decision-active state but not what was historically available; affected humans decide whether prior decisions need review) is enforced with a named eligible authority, digest, expiry and separation record.",V8 ch.24 boundary.,V8:PR-24-003,V8:PR-24-003,data-platform,yes,all,harness,open,P3,apps/api/src/policy/pdp.service.ts; apps/api/test/unit/pdp.test.ts; apps/api/test/int/gate22-authority-matrix.test.ts: no port succeeds on a role outside its grantee set,Add authority records per ch.24 transition (historical immutability itself is AU-DP-0039).,
AU-DP-0046,"Every projection (observation, intelligence, graph, prediction, twin, simulation, decision) rebuilds deterministically from its log, a verify endpoint reports drift, and indexes, caches, marts, views, embeddings and materializations remain derived state that never becomes silent alternate truth.",All profiles; branch-only for later phases.,V4:ES-64-002; V6:SC-03; V6:INF-ST-04; V7:DP-32-001; V7:DP-32-003; V7:DADR-012; V7:DQM-022,V4:ES-64-002,data-platform,yes,all,harness,verified:local,P7-D,"migrations/0028_phase4_source_contract_v2.sql:20+; 0022:375,395,956,1279-1301 (legal_hold column, set_rights_state, tombstones); apps/api/src/observation/vault/vault.service.ts:233; migrations/0005_audit_rebuild_rls_fix.sql (audit.rebuild_chain_heads); 0022:1862; 0023:938; 0024:1436 (projection rebuild functions); test/int/phase6-scheduled-corrections.test.ts:222; phase3-corrections.test.ts:891,922; test/int/phase3-corrections.test.ts; test/int/phase3-acceptance.test.ts; apps/api/test/int/phase1-acceptance.test.ts: A11 every projection rebuilds; apps/api/test/int/phase3-corrections.test.ts: H1 completeness across the graph responses; apps/api/test/int/phase4-acceptance.test.ts: D8; apps/api/src/graph/search/search.service.ts; PHASE4_REPORT.md §9 (series cache not invalidated on tombstone); apps/api/test/int/phase1-acceptance.test.ts: A11; apps/api/test/int/phase1-acceptance.test.ts: A11 no projection has drifted","Run the same named fixture on the SaaS, private-cloud and on-premises profiles once they exist (EXC-P0-004: only the local Compose profile exists at 2e83945); Stale-projection labelling and cache invalidation are AU-DP-0047.","Verified: test/int/phase1-acceptance.test.ts A11 ""every projection rebuilds"", ""no projection has drifted""; test/int/phase4-acceptance.test.ts D8; test/int/phase2-acceptance.test.ts B6. SC-03 first-pass note ""no deterministic projection rebuild"" conflicts with A11 - recorded as an ambiguity to close."
AU-DP-0047,"A stale, partially rebuilt, policy-inconsistent or source-unresolvable projection is bypassed or quarantined, labelled stale with source revision and build time, served through a policy-equivalent authoritative path and rebuilt deterministically; the in-process prediction series cache invalidates on governed deletion/tombstone; query contract, cache key, invalidation, consistency and freshness are declared per projection.",All profiles.,V7:DP-32-005; V7:TT-19; V7:DQM-021; V7:DP-32-002; V7:DADR-012,V7:DP-32-005,data-platform,yes,all,harness,open,P4,apps/api/test/int/phase1-acceptance.test.ts: A11 every projection rebuilds; apps/api/test/int/phase3-corrections.test.ts: H1 completeness across the graph responses; apps/api/test/int/phase4-acceptance.test.ts: D8; apps/api/src/graph/search/search.service.ts; PHASE4_REPORT.md §9 (series cache not invalidated on tombstone); PHASE4_REPORT.md §9 (series cache may serve a version tombstoned after warm-up); PHASE4_REPORT.md §9 series cache; apps/api/test/int/phase1-acceptance.test.ts: A11,Fix the known stale-read path (PHASE4_REPORT.md §9: series cache not invalidated on tombstone); label stale projections; declare cache keys/invalidation/freshness per projection.,
AU-DP-0048,"Projection admission requires source-to-projection reconciliation, invalidation, policy filtering, stale-read fixtures, deterministic rebuild and performance evidence bound to the exact contracts, schemas, code, data versions, policies, infrastructure, customer scope, deployment profile and period.",V7 ch.32 admission clause.,V7:DP-32-006,V7:DP-32-006,data-platform,yes,all,harness,open,P4,apps/api/test/int/phase1-acceptance.test.ts: A11 every projection rebuilds; apps/api/test/int/phase3-corrections.test.ts: H1 completeness across the graph responses; apps/api/test/int/phase4-acceptance.test.ts: D8; apps/api/src/graph/search/search.service.ts; PHASE4_REPORT.md §9 (series cache not invalidated on tombstone),Add stale-read fixtures and performance evidence.,
AU-DP-0049,"A decision-active query fails or visibly degrades (EYE-QUA-001) when declared freshness, completeness, consistency or policy requirements cannot be met, and projection-backed results declare build version, source revision, freshness and lag.",All profiles.,V4:ES-18-005; V4:EYE-QUA-001; V4:ES-18-003,V4:ES-18-005,data-platform,yes,all,harness,open,P7-D,apps/api/src/objects/objects.service.ts:153 (as-of); test/acceptance/acceptance.test.ts:723; test/unit/codex-corrections.test.ts:395; packages/contracts/src/errors.ts:16-45 (catalogued with retry class; never raised — v04-surveys),Raise EYE-QUA-001 on freshness/completeness breach for decision-active queries; add projection build/freshness metadata to responses (AU-DP-0014).,
AU-DP-0050,"Every material work object moves through one governed lifecycle state machine with transition contracts (create, review, approve, publish, supersede, withdraw, archive, export, replay, retire) and object identity, type, owner, version, status, truth state, policy, task, approval and publication state, dependencies, timestamps and lifecycle events are persisted and reconciled across derived objects.",All profiles.,V8:PR-06-001; V8:PR-06-002; V8:CAP-AU-07,V8:PR-06-001,data-platform,yes,all,harness,open,P3,"apps/api/migrations/0006_objects.sql (lifecycle_state, truth_state, supersedes, correction_of, withdrawal_reason); apps/api/src/objects/objects.controller.ts; apps/api/test/acceptance/acceptance.test.ts: creates, corrects (non-destructive), and version-conflicts correctly; apps/api/test/int/phase1-acceptance.test.ts: a WITHDRAWAL says so in the truth state; apps/api/migrations/0006_objects.sql (identity, owner, times, status, provenance, policy on every canonical object)","Add a transition-contract table and the archive/export/publish/retire transitions (LSM-2 forward migration adding lifecycle value retired, CROSS_REFERENCES.md §1); today lifecycle_state is per module (source, package, twin, forecast).",
AU-DP-0051,"Only the canonical owner commits an authoritative transition: views, agents, models, imports and projections submit proposals or commands through the owning contract; direct DML is gone, ports derive the labels, every admission boundary refuses another object type and shared tables or cross-owner mutation are prohibited.",All profiles.,V8:PR-06-003; V3:V03-T-070; V7:DADR-002; V7:DADR-010,V8:PR-06-003,data-platform,yes,all,harness,verified:local,P7-D,"apps/api/src/policy/pdp.service.ts; apps/api/test/unit/pdp.test.ts; apps/api/test/int/gate22-authority-matrix.test.ts: no port succeeds on a role outside its grantee set; packages/contracts/src/envelope.ts:19-138 (identity, time, provenance, truth, policy, causation required); apps/api/src/pipeline/http.ts:104-145; apps/api/migrations/0006 owning_component; apps/api/test/int/phase5-twins.test.ts: every TWN admission boundary refuses another object type; apps/api/migrations/0009/0011/0013 (no role writes directly; ports assert bound action); apps/api/test/int/domain-isolation.test.ts: direct DML is gone, and the ports derive the labels; apps/api/test/int/gate22-inertness-integrity.test.ts: C14","Run the same named fixture on the SaaS, private-cloud and on-premises profiles once they exist (EXC-P0-004: only the local Compose profile exists at 2e83945); Named eligible authority per ch.6 transition is AU-DP-0052.",Verified: test/int/domain-isolation.test.ts (direct DML is gone); test/int/gate22-inertness-integrity.test.ts C14; test/int/phase5-twins.test.ts (every TWN admission boundary refuses another object type); EnvelopeGuard requires identity/time/provenance/truth/policy/causation.
AU-DP-0052,"The ch.6 human-authority boundary is enforced with a named eligible authority, digest, expiry and separation record per transition, not only by coarse PDP roles.",V8 ch.6 boundary.,V8:PR-06-003,V8:PR-06-003,data-platform,yes,all,harness,open,P3,apps/api/src/policy/pdp.service.ts; apps/api/test/unit/pdp.test.ts; apps/api/test/int/gate22-authority-matrix.test.ts: no port succeeds on a role outside its grantee set,Add authority records per work-object transition.,
AU-DP-0053,"A stale or conflicting write is refused with EYE-STA-002 (expected and current versions differ), the last authoritative version is preserved and a precondition failure returns the current state reference without applying a partial transition.",All profiles.,V8:PR-06-005; V4:EYE-STA-002; V4:EYE-WFL-001; V4:ES-17-003,V8:PR-06-005,data-platform,yes,all,harness,verified:local,P7-D,"apps/web/components/ui.tsx (DegradedBanner, ErrorNote, TruthBadge, LifecycleBadge); apps/api/src/shared/degraded-store.ts; apps/api/test/int/phase1-fault-injection.test.ts; packages/contracts/src/errors.ts:16-45; test/acceptance/acceptance.test.ts:637,700; migrations/0041:65 (state machine) via objects/decision services; migrations/0015_outbox_hardening.sql:35,52-56; apps/api/src/objects/outbox.publisher.ts:74-96; test/int/gate22-outbox-hardening.test.ts:49,63,88,114; apps/api/src/pipeline/pipeline.service.ts:387-388,460 (operation record + causation); migrations/0022:322-347 (attempt key unique index); test/int/gate22-operation-closure.test.ts:83","Run the same named fixture on the SaaS, private-cloud and on-premises profiles once they exist (EXC-P0-004: only the local Compose profile exists at 2e83945); Compensation and unresolved-lifecycle exposure for the other ch.6 conditions are AU-DP-0054.","Verified: test/acceptance/acceptance.test.ts:637,700 (version conflict); test/int/gate22-operation-closure.test.ts:83."
AU-DP-0054,"An invalid, duplicated, out-of-order, partially committed or owner-less transition is rejected or compensated by a new evidenced transition that never deletes the original action, the attempted action is preserved and the unresolved lifecycle exposed; every material side effect has a deduplication or reconciliation strategy and retry loops are bounded by deadline and budget.",All profiles.,V8:PR-06-005; V4:ES-22-004; V4:ES-22-001; V4:ES-22-002; V4:ES-17-003,V8:PR-06-005,data-platform,yes,all,harness,open,P7-D,"apps/web/components/ui.tsx (DegradedBanner, ErrorNote, TruthBadge, LifecycleBadge); apps/api/src/shared/degraded-store.ts; apps/api/test/int/phase1-fault-injection.test.ts; migrations/0022:322-347 (attempt key); test/int/phase1-fault-injection.test.ts:578; migrations/0015:35 (outbox retry budget 10, no backoff); apps/api/src/observation/scheduling/scheduler.service.ts:165 (backoff); migrations/0015_outbox_hardening.sql:35,52-56; apps/api/src/objects/outbox.publisher.ts:74-96; test/int/gate22-outbox-hardening.test.ts:49,63,88,114; apps/api/src/pipeline/pipeline.service.ts:387-388,460 (operation record + causation); migrations/0022:322-347 (attempt key unique index); test/int/gate22-operation-closure.test.ts:83","Build compensation machinery (side_effect_class compensatable is declared, never branched), bound retries outside the scheduler by deadline/budget and expose unresolved lifecycle (attempt keys and scheduler backoff exist).",
AU-DP-0055,"Work-object acceptance demonstrates state-machine fixtures, idempotency and ordering tests, stale-write denial, lifecycle replay, correction propagation and export/re-import evidence for the exact capability version, journey, role, tenant or domain, deployment, entitlement, data and model versions, configuration, consequence class and period.",AT-06.,V8:PR-06-006; V8:AT-06,V8:PR-06-006,data-platform,yes,all,harness,open,P3,"apps/api/migrations/0006_objects.sql (lifecycle_state, truth_state, supersedes, correction_of, withdrawal_reason); apps/api/src/objects/objects.controller.ts; apps/api/test/acceptance/acceptance.test.ts: creates, corrects (non-destructive), and version-conflicts correctly; apps/api/test/int/phase1-acceptance.test.ts: a WITHDRAWAL says so in the truth state",Produce the AT-06 record (export/re-import needs AU-DP-0097).,
AU-DP-0056,"Every request carries the canonical envelope with one meaning across transports; mandatory fields (identity, time, provenance, truth state, policy context, causation) are validated by the EnvelopeGuard before payload processing or protected resource access, the payload digest is recomputed and digests are equal across languages (RFC 8785).",All profiles.,V2:V02-T-101; V3:V03-T-070; V4:ES-20-001; V4:ES-20-002; V4:V04-T-007,V2:V02-T-101,data-platform,yes,all,harness,verified:local,P7-D,"apps/api/src/*/*.controller.ts (@Controller('/v1/...')); apps/api/migrations/0015_outbox_hardening.sql; apps/api/src/objects/outbox.publisher.ts; apps/api/test/int/gate22-outbox-hardening.test.ts; apps/api/test/int/phase1-acceptance.test.ts: an OUTBOX row never carries a scope outside the operation that wrote it; packages/contracts/src/envelope.ts:19-138 (identity, time, provenance, truth, policy, causation required); apps/api/src/pipeline/http.ts:104-145; packages/contracts/src/envelope.ts:19-138; apps/api/src/pipeline/http.ts:104-145 (EnvelopeGuard); apps/api/src/pipeline/pipeline.service.ts:329-337; packages/contracts/src/jcs.ts; packages/contracts/test/jcs.test.ts; test/int/rfc8785-crosslang.test.ts:64,73,208 (cross-language digest equality); apps/api/src/pipeline/http.ts:104-145 (EnvelopeGuard before handler, payload_digest recomputed); test/acceptance/acceptance.test.ts:577; packages/contracts/test/envelope-header.test.ts:77-97","Run the same named fixture on the SaaS, private-cloud and on-premises profiles once they exist (EXC-P0-004: only the local Compose profile exists at 2e83945); Unread envelope fields and propagation are AU-DP-0057.","Verified: test/acceptance/acceptance.test.ts:577; test/int/rfc8785-crosslang.test.ts:64,73,208; packages/contracts/test/envelope-header.test.ts:77-97."
AU-DP-0057,"Envelope propagation across async boundaries (outbox, agents) preserves the original actor and causation and adds current workload and transition evidence; the envelope carries as-of, degraded indicator, support reference, deadline, expires_at, delegation, sequence/partition key, signature reference and a response envelope; sensitive fields are minimized, classified, encrypted, access-controlled and excluded from telemetry; synthetic, inferred, stale, partial and corrected states survive serialization.",All profiles.,V4:ES-20-003; V4:ES-20-004; V4:ES-20-005; V4:V04-T-007,V4:ES-20-003,data-platform,yes,all,harness,open,P7-D,"packages/contracts/src/envelope.ts:19-138; apps/api/src/pipeline/http.ts:104-145 (EnvelopeGuard); apps/api/src/pipeline/pipeline.service.ts:329-337; packages/contracts/test/envelope-header.test.ts:77-97; test/acceptance/acceptance.test.ts:482,492,503","Read and propagate the declared-but-unused fields (idempotency_key, deadline, expires_at, delegation_id, quality_state, ontology_version, obligations, residency/retention profiles, sequence/partition_key, signature_ref, trace_id); add the response envelope and sensitive-field handling.",
AU-DP-0058,"Every request carries correlation, causation, domain, principal or workload, purpose, deadline, schema and idempotency context; deadlines and cancellation propagate so abandoned callers cannot create uncontrolled work or side effects, and EYE-WFL-003 is raised when work cannot complete within its deadline.",All profiles.,V4:ES-16-001; V4:ES-16-005; V4:EYE-WFL-003,V4:ES-16-001,data-platform,yes,all,harness,open,P7-D,"packages/contracts/src/envelope.ts:19-138; apps/api/src/pipeline/http.ts:104-145 (EnvelopeGuard); apps/api/src/pipeline/pipeline.service.ts:329-337; packages/contracts/src/errors.ts:16-45; apps/api/src/pipeline/http.ts:188-205; migrations/0027:382-393 + apps/api/src/graph/graph.capabilities.ts:319-330 (lossless cursor); test/acceptance/acceptance.test.ts:577,637,733,781; packages/contracts/src/errors.ts:16-45 (catalogued with retry class; never raised — v04-surveys)","Read deadline/expires_at from the envelope, propagate cancellation and raise EYE-WFL-003 (never raised).",
AU-DP-0059,A success status means the documented transition or query completed; admission to long-running work returns a distinct accepted result.,All profiles.,V4:ES-16-002,V4:ES-16-002,data-platform,yes,all,harness,open,P7-D,"packages/contracts/src/envelope.ts:19-138; apps/api/src/pipeline/http.ts:104-145 (EnvelopeGuard); apps/api/src/pipeline/pipeline.service.ts:329-337; packages/contracts/src/errors.ts:16-45; apps/api/src/pipeline/http.ts:188-205; migrations/0027:382-393 + apps/api/src/graph/graph.capabilities.ts:319-330 (lossless cursor); test/acceptance/acceptance.test.ts:577,637,733,781",Add the accepted-versus-completed status for long-running work.,
AU-DP-0060,"Clients can distinguish validation, authorization, policy, conflict, stale state, capacity, dependency, timeout and internal failure; every error carries a stable code, category, safe message, correlation, causation, trace, request contract version, retry classification (never / after caller correction / after policy or approval / after a stated delay / safe idempotent retry), deadline, degraded state, owning component and support or remediation path, and the catalogued HTTP status is emitted.",All profiles.,V4:ES-16-003; V4:ES-21-001; V4:ES-21-005; V4:V04-T-008,V4:ES-16-003,data-platform,yes,all,harness,open,P7-D,"packages/contracts/src/envelope.ts:19-138; apps/api/src/pipeline/http.ts:104-145 (EnvelopeGuard); apps/api/src/pipeline/pipeline.service.ts:329-337; packages/contracts/src/errors.ts:16-45; apps/api/src/pipeline/http.ts:188-205; migrations/0027:382-393 + apps/api/src/graph/graph.capabilities.ts:319-330 (lossless cursor); test/acceptance/acceptance.test.ts:577,637,733,781; apps/api/src/observation/observation.filter.ts:20-48; test/acceptance/acceptance.test.ts:577,961","Populate degraded state, support reference, owning component, deadline, trace and contract version in errorBody(); honour catalogue httpStatus (EYE-INT-001 emitted as 400 instead of 500); make capacity/timeout distinguishable.",
AU-DP-0061,"Errors expose no internal details, secrets, stack traces, model prompts, protected identifiers, unauthorized object existence, cross-tenant signals or internal topology to untrusted callers.",All profiles.,V4:ES-21-002; V4:V04-T-009,V4:ES-21-002,data-platform,yes,all,harness,verified:local,P7-D,"apps/api/src/pipeline/http.ts:188-205 (policy-safe messages); test/acceptance/acceptance.test.ts:577,781,961,964; apps/api/src/pipeline/http.ts:188-205; test/acceptance/acceptance.test.ts:781,961,964,1003","Run the same named fixture on the SaaS, private-cloud and on-premises profiles once they exist (EXC-P0-004: only the local Compose profile exists at 2e83945); Existence non-disclosure for cross-tenant requests (403 EYE-TEN-001 vs 404) is AU-DP-0068.","Verified: test/acceptance/acceptance.test.ts:781,961,964,1003."
AU-DP-0062,"The catalogued error codes EYE-REQ-001, EYE-IDN-002, EYE-AUT-001, EYE-TEN-001, EYE-STA-002, EYE-TMP-001 and EYE-PRV-001 are raised from their owning boundary with the documented retry class and caller action and each has a conformance test.",All profiles.,V4:EYE-REQ-001; V4:EYE-IDN-002; V4:EYE-AUT-001; V4:EYE-TEN-001; V4:EYE-STA-002; V4:EYE-TMP-001; V4:EYE-PRV-001,V4:EYE-REQ-001,data-platform,yes,all,harness,verified:local,P7-D,"packages/contracts/src/errors.ts:16-45; test/acceptance/acceptance.test.ts:577; test/acceptance/acceptance.test.ts:350; test/acceptance/acceptance.test.ts:553,922; test/acceptance/acceptance.test.ts:781; test/acceptance/acceptance.test.ts:637,700; test/acceptance/acceptance.test.ts:733; test/acceptance/acceptance.test.ts:604,747","Run the same named fixture on the SaaS, private-cloud and on-premises profiles once they exist (EXC-P0-004: only the local Compose profile exists at 2e83945)","Verified: test/acceptance/acceptance.test.ts:350,553,577,604,637,700,733,747,781,922. Note 400 vs 422 divergence for EYE-REQ-001 at objects.service.ts:66."
AU-DP-0063,"The implemented error codes EYE-IDN-001, EYE-AUT-002, EYE-STA-001, EYE-STA-003, EYE-WFL-001 and EYE-WFL-002 are raised from their owning boundary with the documented retry class and caller action and each has a conformance test.",All profiles; EYE-WFL-001/002 branch-only.,V4:EYE-IDN-001; V4:EYE-AUT-002; V4:EYE-STA-001; V4:EYE-STA-003; V4:EYE-WFL-001; V4:EYE-WFL-002,V4:EYE-IDN-001,data-platform,yes,all,harness,open,P3,packages/contracts/src/errors.ts:16-45; apps/api/src/pipeline/http.ts (bearer guard); apps/api/src/policy/pdp.service.ts (indeterminate→deny at PEP); apps/api/src/objects/objects.service.ts (404 in-domain); apps/api/src/objects/objects.service.ts:188-195; migrations/0041:65 (state machine) via objects/decision services; migrations/0043:33 (commit_package human gate); apps/api/src/policy/pdp.service.ts (human_gate obligation),"Add a conformance test per code (raised in code, no named test).",
AU-DP-0064,"The catalogued but never-raised error codes (EYE-REQ-002 unsupported_version, EYE-AUT-003 obligation_unmet, EYE-QUA-001, EYE-QUA-002, EYE-WFL-003, EYE-AGT-001, EYE-MDL-001, EYE-DEP-001, EYE-CAP-001, EYE-DEG-001, EYE-AUD-001, EYE-EXT-001, EYE-RCV-001, EYE-GOV-001) are raised from their owning boundary with the documented retry class and caller action, each with a conformance test.","All profiles; several codes depend on capabilities that do not exist yet (version negotiation, capability grants, model routing, admission control, external effects).",V4:EYE-REQ-002; V4:EYE-AUT-003; V4:EYE-QUA-001; V4:EYE-QUA-002; V4:EYE-WFL-003; V4:EYE-AGT-001; V4:EYE-MDL-001; V4:EYE-DEP-001; V4:EYE-CAP-001; V4:EYE-DEG-001; V4:EYE-AUD-001; V4:EYE-EXT-001; V4:EYE-RCV-001; V4:EYE-GOV-001,V4:EYE-REQ-002,data-platform,yes,all,harness,open,P7-D,packages/contracts/src/errors.ts:16-45 (catalogued with retry class; never raised — v04-surveys),"Raise each code from its boundary (14 of 28 codes never raised) and add conformance tests; where the boundary is absent, note the owning package (EYE-MDL-001 P2, EYE-AGT-001 P7-A, EYE-EXT-001 P7-A, EYE-QUA-002 P2).",
AU-DP-0065,EYE-INT-001 (integrity_failure) is emitted with the catalogued status 500 and quarantine semantics (never auto-repair evidence).,All profiles.,V4:EYE-INT-001,V4:EYE-INT-001,data-platform,yes,all,harness,open,P7-D,packages/contracts/src/errors.ts:16-45; apps/api/src/pipeline/http.ts:138,Read httpStatus from the catalogue (thrown as 400 at http.ts:138) and attach quarantine semantics.,
AU-DP-0066,"A command names one state-owning target, creates a durable operation record with audit before acknowledging acceptance, and emits committed domain events through a recoverable outbox in the same transaction boundary; an event is published only after the announced transition is durable.",All profiles.,V2:V02-T-101; V3:V03-T-059; V3:V03-T-061; V4:ES-17-001; V4:ES-17-004; V4:ES-17-005; V4:ES-19-001,V2:V02-T-101,data-platform,yes,all,harness,verified:local,P7-D,"apps/api/src/*/*.controller.ts (@Controller('/v1/...')); apps/api/migrations/0015_outbox_hardening.sql; apps/api/src/objects/outbox.publisher.ts; apps/api/test/int/gate22-outbox-hardening.test.ts; apps/api/test/int/phase1-acceptance.test.ts: an OUTBOX row never carries a scope outside the operation that wrote it; apps/api/src/pipeline/http.ts:104-145; packages/contracts/src/errors.ts:16-45; migrations/0022:322-347 (attempt key); migrations/0015_outbox_hardening.sql:35,52-56; apps/api/src/objects/outbox.publisher.ts:74-96; test/int/gate22-outbox-hardening.test.ts; apps/api/src/pipeline/pipeline.service.ts (one handler per action; capability-bound ports); .dependency-cruiser.cjs; .github/workflows/ci.yml: build-test ""Module boundaries (dependency-cruiser, blocking)""; apps/api/src/pipeline/pipeline.service.ts:387-388,460 (operation record + audit before ack); test/int/gate22-operation-closure.test.ts:83; test/acceptance/acceptance.test.ts:521; test/int/gate22-outbox-hardening.test.ts:49,63,88,114; DECISIONS.md ADR-P0-12; migrations/0015 (outbox row written in the committing transaction)","Run the same named fixture on the SaaS, private-cloud and on-premises profiles once they exist (EXC-P0-004: only the local Compose profile exists at 2e83945); Idempotency store is AU-DP-0067; consumers/ordering are AU-DP-0071.","Verified: test/int/gate22-operation-closure.test.ts:83; test/acceptance/acceptance.test.ts:521; test/int/gate22-outbox-hardening.test.ts:49,63,88,114; DECISIONS.md ADR-P0-12."
AU-DP-0067,"Material commands include an idempotency key scoped to domain, operation, caller and declared validity window, enforced by an idempotency store in the pipeline.",All profiles; envelope idempotency_key is declared but never read.,V3:V03-T-059; V4:ES-17-002; V4:ES-17-003; V4:ES-22-001,V3:V03-T-059,data-platform,yes,all,harness,open,P7-D,"apps/api/src/pipeline/http.ts:104-145; packages/contracts/src/errors.ts:16-45; migrations/0022:322-347 (attempt key); packages/contracts/src/envelope.ts (idempotency_key declared, never read — v04-surveys); migrations/0015_outbox_hardening.sql:35,52-56; apps/api/src/objects/outbox.publisher.ts:74-96; test/int/gate22-outbox-hardening.test.ts:49,63,88,114; apps/api/src/pipeline/pipeline.service.ts:387-388,460 (operation record + causation); migrations/0022:322-347 (attempt key unique index); test/int/gate22-operation-closure.test.ts:83; test/int/phase1-fault-injection.test.ts:578; migrations/0015:35 (outbox retry budget 10, no backoff); apps/api/src/observation/scheduling/scheduler.service.ts:165 (backoff)",Implement the HTTP-level idempotency store and enforce it for material commands (attempt-key idempotency exists for acquisition only).,
AU-DP-0068,"Query results include policy-filtering evidence and never reveal the existence of unauthorized objects through counts, errors, timing or cursors.",All profiles.,V4:ES-18-002,V4:ES-18-002,data-platform,yes,all,harness,open,P7-D,"test/int/domain-isolation.test.ts:121,201 (no COUNT inference); test/acceptance/acceptance.test.ts:781 (no tenant-B metadata in error)","Return non-disclosure (not 403 EYE-TEN-001) for cross-tenant requests, add policy-filtering evidence to results and evaluate timing.","Partially verified: test/int/domain-isolation.test.ts:121,201 (no COUNT inference); the 403-versus-non-disclosure gap keeps the unit open."
AU-DP-0069,Pagination uses opaque stable cursors bound to query and sort (and policy/consistency context) and is lossless.,All profiles.,V4:ES-16-004; V7:DP-42-002,V4:ES-16-004,data-platform,yes,all,harness,verified:local,P7-D,"migrations/0027:382-393 (lossless cursor); apps/api/src/graph/graph.capabilities.ts:319-330; apps/api/src/graph/strategy/impact.service.ts:401-527; test/int/phase3-acceptance.test.ts:1176; apps/api/src/pipeline/pipeline.service.ts (authoritative request pipeline, POL/AUD receipts); apps/api/src/policy/pdp.service.ts (purpose required); apps/api/test/int/phase3-corrections.test.ts: H1 completeness across the graph responses, H2 lossless pagination; test/acceptance/acceptance.test.ts: AC-4 every request path has an executable audit path, AC-5","Run the same named fixture on the SaaS, private-cloud and on-premises profiles once they exist (EXC-P0-004: only the local Compose profile exists at 2e83945); Make the policy/consistency binding of the cursor explicit.",Verified: test/int/phase3-acceptance.test.ts:1176; test/int/phase3-corrections.test.ts H2 (lossless pagination); migrations/0027:382-393.
AU-DP-0070,"Search, graph, vector and analytical queries distinguish exact, approximate, partial and truncated results; API success never implies complete, fresh, policy-authorized or decision-fit data, and partial, stale, denied, abstained and unavailable states remain explicit with silent truncation prevented.",All profiles.,V4:ES-18-004; V7:DP-42-003; V7:DP-42-005,V4:ES-18-004,data-platform,yes,all,harness,verified:local,P7-D,"apps/api/src/graph/graph.controller.ts:417,500,561 (truncated/unexplored); migrations/0025:26-27 (invalidations_current truncated flag); test/int/phase3-acceptance.test.ts:1176; test/unit/codex-corrections.test.ts:599,609; apps/api/src/pipeline/pipeline.service.ts (authoritative request pipeline, POL/AUD receipts); apps/api/src/policy/pdp.service.ts (purpose required); apps/api/test/int/phase3-corrections.test.ts: H1 completeness across the graph responses, H2 lossless pagination; test/acceptance/acceptance.test.ts: AC-4 every request path has an executable audit path, AC-5","Run the same named fixture on the SaaS, private-cloud and on-premises profiles once they exist (EXC-P0-004: only the local Compose profile exists at 2e83945); Typed stale-state responses beyond the DEGRADED banner/readiness are AU-DP-0014.","Verified: test/int/phase3-acceptance.test.ts:1176; test/int/phase3-corrections.test.ts H1 (completeness across graph responses); test/unit/codex-corrections.test.ts:599,609."
AU-DP-0071,"Domain events carry an event schema version and stable references (not data replicas); ordering is guaranteed only within a declared partition and sequence scope (not inferred from timestamps or transport position); consumers are idempotent, persist checkpoints only after their owned effects are durable and handle cross-partition concurrency explicitly; the event streaming platform delivers ordered partitioned events with replay within retention.","All profiles; one registered consumer (CorrectionApplied, 0060) with a durable attempt ledger; no ordered replayable log.",V3:V03-T-061; V4:ES-19-002; V4:ES-19-003; V4:ES-19-004; V4:ES-22-003; V4:V04-T-005; V6:INF-ST-10; V6:SC-11,V3:V03-T-061,data-platform,yes,all,harness,open,P7-D,"migrations/0015_outbox_hardening.sql:35,52-56; apps/api/src/objects/outbox.publisher.ts:74-96; test/int/gate22-outbox-hardening.test.ts; test/int/gate22-outbox-hardening.test.ts:49,63,88,114; CODEX_CORRECTION_PASS.md:91 (no consumer subscribes to domain-events); migrations/0015:52-56 (ORDER BY created_at … SKIP LOCKED); packages/contracts/src/envelope.ts:19-138; apps/api/src/pipeline/http.ts:104-145 (EnvelopeGuard); apps/api/src/pipeline/pipeline.service.ts:329-337; apps/api/src/objects/outbox.publisher.ts (at-least-once, idempotent job ids, compare-and-set ack); migrations/0015_outbox_hardening.sql; migrations/0060 graph.propagation_attempts (checkpoint committed with the owned effect); apps/api/test/int/phase6-propagation-consumer.test.ts","Add event schema versions, declared partition/sequence ordering (outbox orders by created_at with SKIP LOCKED), consumer checkpoint discipline tests and a partition-ordered durable log with replay; register the 50 layer interfaces under their L1-I01..L9-I05 identities.",
AU-DP-0072,"Workflow transitions run on a durable state machine (durable transition log) where every transition has actor, policy, input versions and audit evidence and can resume, compensate or terminally escalate; agent execution state is a checkpointed envelope resumable only under a compatible release and authority.",All profiles; branch-only decision workflows.,V3:V03-T-063; V6:SC-09; V6:SC-10,V3:V03-T-063,data-platform,yes,all,harness,open,P7-A,"migrations/0041:45-92; migrations/0042; test/int/phase6-approvals.test.ts; migrations/0042, 0045; migrations/0046_executive_agents_and_runs.sql (runs recorded)",Build the durable workflow runtime with compensation and checkpointed agent envelopes (decision approvals 0041/0042 are the only state machine).,
AU-DP-0073,"Artifact packages are manifested, versioned, inspectable, permission-scoped, validated and revocable.",All profiles.,V3:V03-T-064,V3:V03-T-064,data-platform,yes,all,harness,open,P7-C,,Build artifact packaging (P7-C package contracts).,
AU-DP-0074,"A contract/schema registry gives every contract a stable identity, semantic version, owner, status, compatibility class, effective time and machine-readable schema; a compatibility analyzer evaluates producer, consumer, schema, ontology and contract changes; the registry prevents publication of duplicate authority, incompatible identity reuse, invalid supersession or unsigned production contracts; consumers, migration and effective windows are recorded per schema version.",All profiles; objects.schema_registry is written but never read.,V3:V03-T-065; V4:ES-23-001; V4:ES-23-002; V4:ES-23-005; V7:DP-18-001; V7:DP-18-002; V7:DAT-SM-02; V7:DAT-SM-09,V3:V03-T-065,data-platform,yes,all,harness,open,P7-D,"migrations/0006:108-115 (objects.schema_registry, never read); packages/contracts/test/header-registry.test.ts:123,132; migrations/0006_objects.sql:108-115 (objects.schema_registry, written only by 0035:617 and 0043:440, never read); packages/contracts/test/header-registry.test.ts:123,132 (registry pin); apps/api/migrations/0006 objects.schema_registry (compatibility column, default additive); apps/api/migrations/0023 §9 CLM@v2 beside CLM@v1; apps/api/migrations/0028 SRC@v2 additive; .github/workflows/ci.yml: Post-C18 migration upgrade compatibility; apps/api/test/int/phase3-acceptance.test.ts: CLM@v1 still belongs to Phase 0 and CLM@v2 to Phase 2; apps/api/migrations/0006 schema_registry (compatibility column); apps/api/migrations/0006 compatibility column (default additive, unevaluated)","Make objects.schema_registry authoritative (read at admission), add the compatibility analyzer, behavioural versioning and the publication guards.",
AU-DP-0075,"Breaking contract changes use parallel compatibility, explicit migration, dual-read or dual-write, rollback, consumer verification and governed retirement; in-place reinterpretation is prohibited; consumers declare supported version ranges and fail visibly when none is compatible; data contracts make breaking changes visible before they corrupt downstream intelligence; schema change cannot remove policy-bearing meaning, temporal semantics, provenance, identifiers or required consumer behaviour without controlled migration; contract changes pass compatibility analysis and consumer verification before release.",All profiles.,V0:V00-T-081; V3:V03-T-066; V4:ES-23-003; V4:ES-23-004; V4:ES-15-005; V7:DP-18-005; V7:DP-18-003,V0:V00-T-081,data-platform,yes,all,harness,open,P7-D,"packages/contracts; migrations/0006 objects.schema_registry compatibility; migrations/0022 schema drift tolerance -> quarantine (test/int/phase1-acceptance.test.ts 'fails closed on schema drift'); apps/api/migrations (forward-only); migrations/0006_objects.sql:108-115 (objects.schema_registry, written only by 0035:617 and 0043:440, never read); packages/contracts/test/header-registry.test.ts:123,132 (registry pin); packages/contracts/src/envelope.ts:19-138; apps/api/src/pipeline/http.ts:104-145 (EnvelopeGuard); apps/api/src/pipeline/pipeline.service.ts:329-337; apps/api/src/health/health.controller.ts:32-53 (/healthz,/readyz); apps/api/src/health/degraded-reconciliation.service.ts; test/int/gate22-degraded-recovery.test.ts; apps/api/migrations/0006 objects.schema_registry (compatibility column, default additive); apps/api/migrations/0023 §9 CLM@v2 beside CLM@v1; apps/api/migrations/0028 SRC@v2 additive; .github/workflows/ci.yml: Post-C18 migration upgrade compatibility; apps/api/test/int/phase3-acceptance.test.ts: CLM@v1 still belongs to Phase 0 and CLM@v2 to Phase 2","Define the breaking-change process (migration/dual-read/rollback/consumer verification), consumer version-range declarations and promotion blocking on incompatible change; migrations are forward-only today.",
AU-DP-0076,"Schema evolution is additive in practice: a new object schema version is registered beside the old one (CLM@v2 beside CLM@v1, SRC@v2 additive), Phase 0 schemas stay untouched, projections rebuild from their logs and the CI post-C18 migration upgrade gate passes.",All profiles.,V2:V02-T-100; V7:DC-01; V7:DP-18-001,V2:V02-T-100,data-platform,yes,all,ci-gate,verified:local,P7-D,"apps/api/migrations/0006_objects.sql; apps/api/test/int/phase2-acceptance.test.ts: Phase 0's CLM@v1 schema is untouched; apps/api/test/acceptance/acceptance.test.ts; apps/api/migrations/0028 SRC@v2 additive fields; apps/api/migrations/0023 CLM@v2 beside v1; apps/api/test/int/phase2-acceptance.test.ts: B6; apps/api/migrations/0006 objects.schema_registry (compatibility column, default additive); apps/api/migrations/0023 §9 CLM@v2 beside CLM@v1; apps/api/migrations/0028 SRC@v2 additive; .github/workflows/ci.yml: Post-C18 migration upgrade compatibility; apps/api/test/int/phase3-acceptance.test.ts: CLM@v1 still belongs to Phase 0 and CLM@v2 to Phase 2","Run the same named fixture on the SaaS, private-cloud and on-premises profiles once they exist (EXC-P0-004: only the local Compose profile exists at 2e83945); Consumer default/unknown-field tests as a rule are AU-DP-0074.","Verified: test/int/phase2-acceptance.test.ts B6, ""Phase 0's CLM@v1 schema is untouched""; test/int/phase3-acceptance.test.ts (CLM@v1 belongs to Phase 0 and CLM@v2 to Phase 2); .github/workflows/ci.yml Post-C18 migration upgrade compatibility."
AU-DP-0077,"Each change class of the Appendix D compatibility matrix (add required field, remove field, rename field, widen/narrow numeric type, change enum values, change semantic definition, change key or identity, change temporal meaning, change truth-state rules, partitioning change, consumer retirement) is evaluated by the compatibility policy engine with its required evidence (population plan, consumer inventory, alias fixtures, range tests, impact analysis, replay tests) and release action (parallel version, migration, major version, recorded retirement).",All profiles.,V7:DC-02; V7:DC-03; V7:DC-04; V7:DC-05; V7:DC-06; V7:DC-07; V7:DC-08; V7:DC-09; V7:DC-10; V7:DC-11; V7:DC-13; V7:DC-16,V7:DC-02,data-platform,yes,all,harness,open,P7-D,apps/api/migrations/0006 schema_registry.compatibility,Implement the change-class evaluation in the compatibility analyzer (AU-DP-0074); schema evolution is manual and additive-only by convention.,
AU-DP-0078,A classification or rights change is enforced immediately with an impact review and access/export negative tests; rights_state pending holds live activation.,All profiles.,V7:DC-12,V7:DC-12,data-platform,yes,all,harness,open,P7-D,apps/api/migrations/0022 rights_state pending holds live activation,Enforce classification changes with impact review (rights changes enforce on live collection today).,
AU-DP-0079,"Schema-registry admission requires compatibility fixtures, consumer inventory, forward and backward tests, dual-read or dual-write exercises and deprecation closure bound to the exact contracts, schemas, code, data versions, policies, infrastructure, customer scope, deployment profile and period.",V7 ch.18 admission clause.,V7:DP-18-006,V7:DP-18-006,data-platform,yes,all,harness,open,P7-D,"apps/api/migrations/0006 objects.schema_registry (compatibility column, default additive); apps/api/migrations/0023 §9 CLM@v2 beside CLM@v1; apps/api/migrations/0028 SRC@v2 additive; .github/workflows/ci.yml: Post-C18 migration upgrade compatibility; apps/api/test/int/phase3-acceptance.test.ts: CLM@v1 still belongs to Phase 0 and CLM@v2 to Phase 2",Add dual-read/dual-write exercises and deprecation closure (migration upgrade gate only).,
AU-DP-0080,"A service registers its contract, bound to the released artifact digest (not mutable tags or names), before accepting production traffic or events; every operation declares authorization action, purpose, input and output object types, consistency, idempotency, deadlines, side-effect class and error set; every produced or consumed dataset, stream, object, index, feature, export, projection, queue, series and API response has a stable machine-readable contract, and physical tables, files, topics and APIs cannot become the semantic authority by convention.",All profiles.,V4:ES-15-001; V4:ES-15-002; V4:ES-15-003; V4:V04-T-005; V7:DP-17-001; V7:DP-17-002; V7:DP-17-003; V7:DAT-SM-01; V7:DADR-001,V4:ES-15-001,data-platform,yes,all,harness,open,P7-D,"packages/contracts/src/envelope.ts:19-138; apps/api/src/pipeline/http.ts:104-145 (EnvelopeGuard); apps/api/src/pipeline/pipeline.service.ts:329-337; apps/api/src/health/health.controller.ts:32-53 (/healthz,/readyz); apps/api/src/health/degraded-reconciliation.service.ts; test/int/gate22-degraded-recovery.test.ts; migrations/0015_outbox_hardening.sql:35,52-56; apps/api/src/objects/outbox.publisher.ts:74-96; test/int/gate22-outbox-hardening.test.ts:49,63,88,114; packages/contracts/src/header.ts (43-field canonical header JSON Schema); apps/api/migrations/0006 objects.schema_registry; apps/api/migrations/0008 objects.canonical_field_registry; apps/api/migrations/0022 §20 SRC@v1 schema; apps/api/src/objects/objects.service.ts (storage round-trip digest verification); apps/api/test/int/phase2-acceptance.test.ts: the schema REFUSES a claim whose lineage is incomplete; apps/api/migrations/0006 schema_registry; packages/contracts; packages/contracts/src/header.ts; apps/api/migrations/0022 §20 SRC schema","Bind contract registration to the artifact digest before traffic, declare per-operation profiles, and register contracts for projections/queues/indexes/series/API responses (canonical objects and source contracts only today).",
AU-DP-0081,"Service health and readiness include dependency, policy, state, quality and product readiness rather than process liveness alone.",All profiles.,V4:ES-15-004,V4:ES-15-004,data-platform,yes,all,harness,open,P7-D,"apps/api/src/health/health.controller.ts:32-53 (/healthz,/readyz); apps/api/src/health/degraded-reconciliation.service.ts; test/int/gate22-degraded-recovery.test.ts; test/acceptance/acceptance.test.ts:298,590,1019","Add policy, quality and product-readiness dimensions to /readyz (db/audit/degraded exist).",
AU-DP-0082,"Contract tests, golden positive/negative/historical/migration fixtures, consumer-driven verification, contract linting, runtime validation and adoption evidence are release gates published by a contract fixture service.",All profiles.,V3:V03-T-069; V7:DAT-SM-12; V7:DP-17-006,V3:V03-T-069,data-platform,yes,all,ci-gate,open,P7-D,packages/contracts/fixtures/audit-hash.golden.json; conformance.manifest.json; .github/workflows/ci.yml:build-test; packages/contracts/fixtures; fixtures/phase1/replay; docs/phase1/REPLAY_DATA_MANIFEST.md; apps/api/test/gate/c18-post-upgrade-world.ts; packages/contracts/src/header.ts (43-field canonical header JSON Schema); apps/api/migrations/0006 objects.schema_registry; apps/api/migrations/0008 objects.canonical_field_registry; apps/api/migrations/0022 §20 SRC@v1 schema; apps/api/src/objects/objects.service.ts (storage round-trip digest verification); apps/api/test/int/phase2-acceptance.test.ts: the schema REFUSES a claim whose lineage is incomplete,"Add consumer-driven verification, contract linting and migration fixtures as gates (golden fixtures per phase and conformance.manifest.json exist).",
AU-DP-0083,"A record that violates its contract is refused or isolated at the port (schema/payload validation, EYE-PRV-001) and never admitted.",All profiles.,V7:DP-17-005,V7:DP-17-005,data-platform,yes,all,harness,verified:local,P7-D,packages/contracts/src/header.ts (43-field canonical header JSON Schema); apps/api/migrations/0006 objects.schema_registry; apps/api/migrations/0008 objects.canonical_field_registry; apps/api/migrations/0022 §20 SRC@v1 schema; apps/api/src/objects/objects.service.ts (storage round-trip digest verification); apps/api/test/int/phase2-acceptance.test.ts: the schema REFUSES a claim whose lineage is incomplete,"Run the same named fixture on the SaaS, private-cloud and on-premises profiles once they exist (EXC-P0-004: only the local Compose profile exists at 2e83945); Owner notification and consumer-dependency detection are AU-DP-0084.",Verified: test/int/phase2-acceptance.test.ts (the schema REFUSES a claim whose lineage is incomplete); test/acceptance/acceptance.test.ts:747.
AU-DP-0084,"When a producer violates its contract or a consumer depends on undeclared behaviour, incompatible publication stops, owners are notified, affected consumers enumerated and service restored through an approved contract revision.",All profiles.,V7:DP-17-005; V7:DP-18-005,V7:DP-17-005,data-platform,yes,all,harness,open,P7-D,"packages/contracts/src/header.ts (43-field canonical header JSON Schema); apps/api/migrations/0006 objects.schema_registry; apps/api/migrations/0008 objects.canonical_field_registry; apps/api/migrations/0022 §20 SRC@v1 schema; apps/api/src/objects/objects.service.ts (storage round-trip digest verification); apps/api/test/int/phase2-acceptance.test.ts: the schema REFUSES a claim whose lineage is incomplete; apps/api/migrations/0006 objects.schema_registry (compatibility column, default additive); apps/api/migrations/0023 §9 CLM@v2 beside CLM@v1; apps/api/migrations/0028 SRC@v2 additive; .github/workflows/ci.yml: Post-C18 migration upgrade compatibility; apps/api/test/int/phase3-acceptance.test.ts: CLM@v1 still belongs to Phase 0 and CLM@v2 to Phase 2","Add owner notification, consumer-dependency detection and affected-consumer enumeration.",
AU-DP-0085,"Every layer publishes stable contracts for objects, events, provenance, time, identity, policy, quality, confidence, versioning and failure, including consumer-facing event contracts and per-layer quality/failure contracts.",All profiles.,V0:V00-T-030; V2:V02-T-100; V2:V02-T-101; V2:V02-T-102,V0:V00-T-030,data-platform,yes,all,harness,open,P3,"packages/contracts (envelope, header, error catalog, truth states, JCS); objects.schema_registry (0006); per-layer object schemas registered in migrations (e.g. 0033 run schema, 0024 strategy schema); objects.object_outbox events; apps/api/migrations/0006_objects.sql; apps/api/test/int/phase2-acceptance.test.ts: Phase 0's CLM@v1 schema is untouched; apps/api/test/acceptance/acceptance.test.ts; apps/api/src/*/*.controller.ts (@Controller('/v1/...')); apps/api/migrations/0015_outbox_hardening.sql; apps/api/src/objects/outbox.publisher.ts; apps/api/test/int/gate22-outbox-hardening.test.ts; apps/api/test/int/phase1-acceptance.test.ts: an OUTBOX row never carries a scope outside the operation that wrote it; apps/api/migrations/0006 (truth_state); apps/api/test/int/phase1-acceptance.test.ts: four times are populated per the type rules; apps/api/test/int/phase1-acceptance.test.ts: a WITHDRAWAL says so in the truth state, not only in the lifecycle","Publish event contracts for consumers and quality/failure contracts per layer (envelope, header, error catalogue, truth states, per-type schemas exist).",
AU-DP-0086,Lossy transformations are declared on derived products and contract breaking-change checks cover derived products.,All profiles.,V0:V00-T-081,V0:V00-T-081,data-platform,yes,all,harness,open,P3,packages/contracts; migrations/0006 objects.schema_registry compatibility; migrations/0022 schema drift tolerance -> quarantine (test/int/phase1-acceptance.test.ts 'fails closed on schema drift'),Declare information loss on transformations (AU-DP-0025) and extend breaking-change checks to derived products.,
AU-DP-0087,"Objects receive domain, purpose, classification, rights, owner, retention and residency metadata at or before canonical admission (header CHECKs), and classification is enforceable on every asset.",All profiles; branch-only for contract v2 rights/purpose.,V4:ES-29-001; V7:DAT-SM-11; V7:DQM-017,V4:ES-29-001,data-platform,yes,all,harness,verified:local,P7-D,"migrations/0006:67-77 (header CHECKs for classification/rights/residency/retention); migrations/0028 (contract v2 rights/purpose); test/acceptance/acceptance.test.ts:747; apps/api/migrations/0006 policy block (classification, purpose_scope, rights_profile, residency_profile, retention_profile, access_policy_ref); apps/api/migrations/0006 classification NOT NULL","Run the same named fixture on the SaaS, private-cloud and on-premises profiles once they exist (EXC-P0-004: only the local Compose profile exists at 2e83945); Enforcement of retention/residency is AU-DP-0090/AU-DP-0098; obligations derived from labels beyond PDP obligations are AU-DP-0089.",Verified: test/acceptance/acceptance.test.ts:747; migrations/0006:67-77.
AU-DP-0088,"Derived objects inherit the most restrictive applicable obligations (classification, rights, residency, retention, licence) from every contributor: controls fold fail-closed onto claims, forecasts, packages, approvals, commitments, replays and briefings, and an authorized transformation rule must record any change.",All profiles; branch-only (0048/0049).,V0:C-012; V4:ES-29-002; V7:DADR-018,V0:C-012,data-platform,yes,all,harness,verified:local,P7-D,"migrations/0006 minimum_provenance; migrations/0022 custody_events, blob_manifests, connector_version/code_digest; test/int/phase1-acceptance.test.ts: 'every admitted item carries source identity, method, connector version, agent identity and code digest'; migrations/0023 intelligence.claim_lineage; test/int/phase2-acceptance.test.ts: 'the schema REFUSES a claim whose lineage is incomplete'; apps/api/src/prediction/controls.ts foldControls (inherited controls, fail-closed); migrations/0048/0049 (APR, CMT, RPL and briefings fold the controls of every contributor); test/int/phase6-review-corrections.test.ts: 'the version folds to confidential with the licence'; test/int/phase5-propagation.test.ts; migrations/0028_phase4_source_contract_v2.sql:20+; 0022:375,395,956,1279-1301 (legal_hold column, set_rights_state, tombstones); apps/api/src/observation/vault/vault.service.ts:233; apps/api/src/observation/sources/source-contract.ts:242; migrations/0006:67-77 (header rights/residency/retention CHECKs); apps/api/src/policy/pdp.service.ts (default DENY, indeterminate→deny, obligations executed); apps/api/test/unit/pdp.test.ts; apps/api/src/intelligence/extraction/extraction.service.ts (ES-29-002 most-restrictive inheritance); apps/api/test/int/phase2-acceptance.test.ts: B1","Run the same named fixture on the SaaS, private-cloud and on-premises profiles once they exist (EXC-P0-004: only the local Compose profile exists at 2e83945); Merge 0048/0049 (R0); inheritance for indexes, features, models, backups and exports once they exist.","Verified: test/int/phase2-acceptance.test.ts B1; test/int/phase6-review-corrections.test.ts ""the version folds to confidential with the licence""; apps/api/src/prediction/controls.ts foldControls."
AU-DP-0089,"Policy evaluation considers subject, object, action, purpose, environment, time, location, model, agent and requested side effect, and obligations bound to data labels are derived and enforced.",All profiles.,V4:ES-29-003; V7:DAT-SM-11,V4:ES-29-003,data-platform,yes,all,harness,open,P7-D,"apps/api/src/policy/pdp.service.ts (default DENY, indeterminate→deny, obligations executed); apps/api/test/unit/pdp.test.ts (subject, action, object, purpose, environment, consequence); apps/api/migrations/0006 policy block (classification, purpose_scope, rights_profile, residency_profile, retention_profile, access_policy_ref)","Add time, location, model, agent and side-effect inputs to the PDP.",
AU-DP-0090,"Retention is enforced as a durable workflow: retention_profile and lifecycle policy (trigger, period, archive tier, deletion scope, authority) are evaluated, expiry produces a governed retention action with scope resolution, approvals, execution evidence, residual inventory and verification, memory and enterprise-memory state are retention-aware, and a retention change requires policy-authority approval.",All profiles; retention_profile is declared but never enforced; only the quarantine TTL sweep exists.,V2:V02-T-038; V3:L1-C05; V4:ES-29-004; V4:ES-64-001; V6:SC-04; V6:SC-07; V7:DP-54-001; V7:DP-54-002; V7:DC-14; V7:DZ-09; V7:DPD-05; V10:V10-T-010,V2:V02-T-038,data-platform,yes,all,harness,open,P3,"apps/api/migrations/0006_objects.sql (retention_profile); apps/api/src/observation/sources/source-contract.ts (authority_and_rights.retention, deletion_obligation); apps/api/src/observation/vault/vault.service.ts:21-22,134-179,201,225-227; apps/api/src/observation/vault/evidence.service.ts; migrations/0022:360,375,395,415; test/int/phase1-acceptance.test.ts; test/int/gate22-evidence-deauthorization.test.ts; migrations/0028_phase4_source_contract_v2.sql:20+; 0022:375,395,956,1279-1301 (legal_hold column, set_rights_state, tombstones); apps/api/src/observation/vault/vault.service.ts:233; migrations/0005_audit_rebuild_rls_fix.sql (audit.rebuild_chain_heads); 0022:1862; 0023:938; 0024:1436 (projection rebuild functions); test/int/phase6-scheduled-corrections.test.ts:222; phase3-corrections.test.ts:891,922; migrations/0022, 0023 (evidence and claims versioned); 0014 (deauthorization); apps/api/src/observation/vault/evidence.service.ts (digest re-verified on every read); config eye.vault.quarantine_root / evidence_root (local filesystem); migrations/0014; apps/api/migrations/0022 blob_manifests.retention_profile/legal_hold (stored), blob_tombstones; apps/api/migrations/0006 retention_profile, lifecycle_state deleted/archived; apps/api/test/int/phase6-scheduled-corrections.test.ts: GOVERNED-DELETED bytes are not reused; apps/api/test/int/phase4-corrections-historical.test.ts: after one evidence version is governed-deleted, no origin is fitted; apps/api/src/observation/sweeper/sweeper.service.ts (nothing is ever silently deleted); apps/api/migrations/0024 §6 strategy objects; RLS; apps/api/src/graph/search/search.service.ts; strategy reads; apps/api/src/observation/sources/source-contract.ts (authority_and_rights.rights_state, purposes, classification_ceiling, freshness_expectation, correction_channel); apps/api/migrations/0022_observation_registry_and_evidence.sql (custody, tombstones); test/int/phase1-acceptance.test.ts: A1 the registered contract carries the complete §7 field set; A2 chain of custody and byte-identical retrieval; a retrieval writes its custody entry; test/int/domain-isolation.test.ts; test/int/phase6-scheduled-collection.test.ts","Build the retention engine (timers, expiry, purge job with evidence, retention register per tenant, policy-authority approval of retention changes); today nothing is ever silently deleted and nothing expires except quarantine cases.",V10-T-010 (V10 App K) is an explanatory statement of the data-governance obligation.
AU-DP-0091,"A legal hold object suspends deletion and retention actions on held data with hold precedence over retention, audited hold placement and release; deletion of held data is blocked.",All profiles; legal_hold column exists and is never read.,V2:V02-T-039; V3:L1-C05; V6:SC-07; V7:DP-54-005,V2:V02-T-039,data-platform,yes,all,harness,open,P3,"apps/api/src/observation/vault/vault.service.ts:21-22,134-179,201,225-227; apps/api/src/observation/vault/evidence.service.ts; migrations/0022:360,375,395,415; test/int/phase1-acceptance.test.ts; test/int/gate22-evidence-deauthorization.test.ts; apps/api/src/observation/vault/evidence.service.ts (digest re-verified on every read); config eye.vault.quarantine_root / evidence_root (local filesystem); migrations/0014; apps/api/migrations/0022 blob_manifests.retention_profile/legal_hold (stored), blob_tombstones; apps/api/migrations/0006 retention_profile, lifecycle_state deleted/archived; apps/api/test/int/phase6-scheduled-corrections.test.ts: GOVERNED-DELETED bytes are not reused; apps/api/test/int/phase4-corrections-historical.test.ts: after one evidence version is governed-deleted, no origin is fitted; apps/api/src/observation/sweeper/sweeper.service.ts (nothing is ever silently deleted)","Read legal_hold in every deletion path, add the hold object with audit and precedence, and a fault case that deletion of held data is refused.",
AU-DP-0092,"An archive tier holds historical low-access data with retention, hold, retrieval and deletion semantics, and compaction or archival preserves identity, temporal truth, provenance, correction, audit and Decision Replay requirements.",All profiles.,V4:ES-64-003; V7:DZ-18; V7:DP-54-001,V4:ES-64-003,data-platform,yes,all,harness,open,P3,"migrations/0028_phase4_source_contract_v2.sql:20+; 0022:375,395,956,1279-1301 (legal_hold column, set_rights_state, tombstones); apps/api/src/observation/vault/vault.service.ts:233; migrations/0005_audit_rebuild_rls_fix.sql (audit.rebuild_chain_heads); 0022:1862; 0023:938; 0024:1436 (projection rebuild functions); test/int/phase6-scheduled-corrections.test.ts:222; phase3-corrections.test.ts:891,922; apps/api/migrations/0022 blob_manifests.retention_profile/legal_hold (stored), blob_tombstones; apps/api/migrations/0006 retention_profile, lifecycle_state deleted/archived; apps/api/test/int/phase6-scheduled-corrections.test.ts: GOVERNED-DELETED bytes are not reused; apps/api/test/int/phase4-corrections-historical.test.ts: after one evidence version is governed-deleted, no origin is fitted; apps/api/src/observation/sweeper/sweeper.service.ts (nothing is ever silently deleted)",Add the archive tier and compaction/archival workflows.,
AU-DP-0093,"Governed deletion of evidence bytes writes a tombstone with reason, actor and time, keeps only permitted accountability metadata, derived readers refuse the deleted version (no origin is fitted, bytes are not reused) and replay reports ""governed-deleted"".",All profiles; branch-only for replay reporting.,V2:V02-T-040; V7:DP-54-003; V7:TT-20; V7:DADR-019,V2:V02-T-040,data-platform,yes,all,harness,verified:local,P7-D,"apps/api/migrations/0022_observation_registry_and_evidence.sql (observation.blob_tombstones with reason); apps/api/migrations/0047_replay_prior_dissent.sql (replay reports 'governed-deleted' with tombstone reason); apps/api/test/int/phase6-replay.test.ts: a withdrawal becomes unavailable; apps/api/migrations/0022 blob_manifests.retention_profile/legal_hold (stored), blob_tombstones; apps/api/migrations/0006 retention_profile, lifecycle_state deleted/archived; apps/api/test/int/phase6-scheduled-corrections.test.ts: GOVERNED-DELETED bytes are not reused; apps/api/test/int/phase4-corrections-historical.test.ts: after one evidence version is governed-deleted, no origin is fitted; apps/api/src/observation/sweeper/sweeper.service.ts (nothing is ever silently deleted); apps/api/migrations/0022 blob_tombstones (reason, actor, time); apps/api/migrations/0022 blob_tombstones; apps/api/test/int/phase4-corrections-historical.test.ts: F2","Run the same named fixture on the SaaS, private-cloud and on-premises profiles once they exist (EXC-P0-004: only the local Compose profile exists at 2e83945); Residual closure across derivatives and a deletion certificate are AU-DP-0094.",Verified: test/int/phase6-scheduled-corrections.test.ts (GOVERNED-DELETED bytes are not reused); test/int/phase4-corrections-historical.test.ts F2; test/int/phase6-replay.test.ts (a withdrawal becomes unavailable).
AU-DP-0094,"Deletion is complete only when derived copies, indexes, features, caches, backups, exports and external processors are accounted for: a deletion orchestrator executes in dependency order, records residual risk and closure with a verified time, produces a deletion certificate/proof, propagates lifecycle actions to replicas, caches, exports, model context, evaluation data, support artifacts, backups and disconnected deployments, and pauses unsafe deletion when scope is uncertain or holds conflict.",All profiles.,V2:V02-T-040; V4:ES-64-005; V7:DP-54-003; V7:DADR-019; V7:DP-54-005; V7:TT-20; V10:IR-21-003; V10:R-09; V10:DR-10,V2:V02-T-040,data-platform,yes,all,harness,open,P3,"apps/api/migrations/0022_observation_registry_and_evidence.sql (observation.blob_tombstones with reason); apps/api/migrations/0047_replay_prior_dissent.sql (replay reports 'governed-deleted' with tombstone reason); apps/api/test/int/phase6-replay.test.ts: a withdrawal becomes unavailable; migrations/0028_phase4_source_contract_v2.sql:20+; 0022:375,395,956,1279-1301 (legal_hold column, set_rights_state, tombstones); apps/api/src/observation/vault/vault.service.ts:233; migrations/0005_audit_rebuild_rls_fix.sql (audit.rebuild_chain_heads); 0022:1862; 0023:938; 0024:1436 (projection rebuild functions); test/int/phase6-scheduled-corrections.test.ts:222; phase3-corrections.test.ts:891,922; apps/api/migrations/0022 blob_manifests.retention_profile/legal_hold (stored), blob_tombstones; apps/api/migrations/0006 retention_profile, lifecycle_state deleted/archived; apps/api/test/int/phase6-scheduled-corrections.test.ts: GOVERNED-DELETED bytes are not reused; apps/api/test/int/phase4-corrections-historical.test.ts: after one evidence version is governed-deleted, no origin is fitted; apps/api/src/observation/sweeper/sweeper.service.ts (nothing is ever silently deleted); apps/api/migrations/0022 blob_tombstones; apps/api/test/int/phase4-corrections-historical.test.ts: F2; apps/api/migrations/0022 blob_tombstones (reason, actor, time); apps/api/src/observation/sources/source-contract.ts (authority_and_rights.rights_state, purposes, classification_ceiling, freshness_expectation, correction_channel); apps/api/migrations/0022_observation_registry_and_evidence.sql (custody, tombstones); test/int/phase1-acceptance.test.ts: A1 the registered contract carries the complete §7 field set; A2 chain of custody and byte-identical retrieval; a retrieval writes its custody entry; test/int/domain-isolation.test.ts; test/int/phase6-scheduled-collection.test.ts; apps/api/src/observation/connectors/redaction.ts","Build the deletion orchestrator with residual-reference closure across claims/edges/projections/backups, deletion evidence on rights withdrawal and a deletion certificate.","IR-21-003, R-09 and DR-10 are Volume 10 (explanatory) statements of deletion evidence."
AU-DP-0095,"Retention admission requires retention timers, hold precedence, archive retrieval, delete propagation, backup expiry, external processor receipts and verification evidence bound to the exact contracts, schemas, code, data versions, policies, infrastructure, customer scope, deployment profile and period.",V7 ch.54 admission clause.,V7:DP-54-006,V7:DP-54-006,data-platform,yes,all,harness,open,P3,"apps/api/migrations/0022 blob_manifests.retention_profile/legal_hold (stored), blob_tombstones; apps/api/migrations/0006 retention_profile, lifecycle_state deleted/archived; apps/api/test/int/phase6-scheduled-corrections.test.ts: GOVERNED-DELETED bytes are not reused; apps/api/test/int/phase4-corrections-historical.test.ts: after one evidence version is governed-deleted, no origin is fitted; apps/api/src/observation/sweeper/sweeper.service.ts (nothing is ever silently deleted)",Write the retention admission suite after AU-DP-0090.,
AU-DP-0096,"Temporary processing state uses bounded lifetime, encrypted storage, tenant isolation, crash cleanup and verifiable deletion at terminal state or expiry.",All profiles.,V4:ES-64-004; V6:SC-19,V4:ES-64-004,data-platform,yes,all,harness,open,P7-D,"migrations/0028_phase4_source_contract_v2.sql:20+; 0022:375,395,956,1279-1301 (legal_hold column, set_rights_state, tombstones); apps/api/src/observation/vault/vault.service.ts:233; migrations/0005_audit_rebuild_rls_fix.sql (audit.rebuild_chain_heads); 0022:1862; 0023:938; 0024:1436 (projection rebuild functions); test/int/phase6-scheduled-corrections.test.ts:222; phase3-corrections.test.ts:891,922; observation/quarantine + sweeper (TTL expiry)",Encrypt temporary state and add verifiable deletion (quarantine TTL sweep and tenant isolation exist).,
AU-DP-0097,"Customers retrieve their authorized data, knowledge structures, decisions, audit material and configuration in usable formats through documented bulk, metadata, graph, decision, audit and configuration export and a signed customer export product (data exchange service: exports, imports, replication, portability packages) with completeness, integrity and re-import evidence; exports carry enforceable recipient obligations, provenance, classification, expiry and revocation; lock-in is never a precondition for preserving customer knowledge; export round-trip integrity is measured.",All profiles.,V0:C-038; V0:V00-T-083; V0:V00-T-021; V4:ES-29-005; V6:SC-24; V7:DAT-SV-08; V7:DPD-19; V7:DZ-17; V7:DQM-039; V7:DADR-009; V10:IR-13-003; V1:V01-T-042,V0:C-038,data-platform,yes,all,harness,open,P7-F,"apps/api/src/**/*.controller.ts (versioned REST API); packages/contracts (JSON Schema + JCS envelopes, ADR-P0-13); migrations/0006/0015 objects.object_outbox + apps/api/src/objects/outbox.publisher.ts; see C-038; ADR-P0-01 (PostgreSQL primary store); packages/contracts (canonical object envelope: id, type, tenant, version, provenance, truth state); apps/api/migrations/0006_objects.sql; apps/api/migrations/0024_graph_entities_edges_and_strategy.sql; e2e/phase0.spec.ts: 6. known-at query returns the pre-correction state (UI); e2e/phase1-observation.spec.ts: 7. evidence custody, the four times, and a safe attachment-only download; test/int/domain-isolation.test.ts; apps/api/migrations/0041_decision_packages.sql; apps/api/migrations/0042_decision_approvals_and_commitment.sql; apps/api/migrations/0043_decision_replay.sql; apps/api/migrations/0045_decision_monitoring_and_outcomes.sql; test/int/phase6-decisions.test.ts; test/int/phase6-approvals.test.ts; test/int/phase6-replay.test.ts: known / believed / tested hold only what was recorded under the cut-offs; test/int/phase6-monitoring.test.ts: the chosen run's exact output becomes a SIMULATED element; the outcomes upload becomes an OBSERVED element; e2e/phase6-decisions.demo.spec.ts: DECISIONS / REPLAY / BRIEFINGS; evidence/demo-virgin-transcript.txt","Build the export/exit package (bulk, metadata, graph, decisions, audit, configuration), signed exchange staging tier, recipient obligations and re-import evidence; open analytical formats (no parquet/iceberg) for portability. No export path exists.",V01-T-042 and IR-13-003 are explanatory (Volumes 1 and 10). DADR-009 open analytical formats merged here.
AU-DP-0098,"Customers govern their data, models, twins, policies, retention, residency, encryption, exports and deletion within the chosen deployment: residency is enforced (not only recorded), customer-managed keys exist, processing records and DPIAs are kept, transfer controls apply and a customer governance console exposes these.",All profiles.,V0:C-037; V2:V02-T-190; V10:DR-10,V0:C-037,data-platform,yes,all,harness,open,P7-D,"migrations/0022 residency on contracts; apps/api/src/prediction/controls.ts (residency/retention/rights profiles carried); migrations/0014 evidence deauthorization; classification ceilings; apps/api/migrations/0010 (residency_profile, retention_profile on tenants/objects); apps/api/migrations/0022 (blob_tombstones); apps/api/src/observation/sources/source-contract.ts (residency, retention, deletion_obligation); apps/api/src/observation/sources/source-contract.ts (authority_and_rights.rights_state, purposes, classification_ceiling, freshness_expectation, correction_channel); apps/api/migrations/0022_observation_registry_and_evidence.sql (custody, tombstones); test/int/phase1-acceptance.test.ts: A1 the registered contract carries the complete §7 field set; A2 chain of custody and byte-identical retrieval; a retrieval writes its custody entry; test/int/domain-isolation.test.ts; test/int/phase6-scheduled-collection.test.ts; apps/api/src/observation/connectors/redaction.ts","Enforce residency (single region today), add customer-managed keys, processing records/DPIA/transfer controls and a governance console; export is AU-DP-0097, deletion is AU-DP-0094.",DR-10 is a V10 data-room entry (explanatory).
AU-DP-0099,"The Eye integrates through governed APIs, events, connectors, common data formats and standard identity (OIDC/SAML) and policy integrations, with consumer-facing event contracts.",All profiles.,V0:C-038; V0:V00-T-083,V0:C-038,data-platform,yes,all,harness,open,P7-F,"apps/api/src/**/*.controller.ts (versioned REST API); packages/contracts (JSON Schema + JCS envelopes, ADR-P0-13); migrations/0006/0015 objects.object_outbox + apps/api/src/objects/outbox.publisher.ts; see C-038",Add OIDC/SAML identity and policy integrations and consumer-facing event contracts (versioned REST API and outbox exist).,
AU-DP-0100,"Central governance defines non-negotiable controls while domain owners govern meaning and quality within them; domain specialization extends schemas, ontologies, policies and products but never forks canonical object, graph, evidence or decision semantics; federation creates no untraceable replicas or inconsistent policy enforcement.",All profiles.,V0:V00-T-082; V7:DP-05-003; V7:DAT-GV-02,V0:V00-T-082,data-platform,yes,all,harness,open,P7-D,domain roles govern their objects; apps/api/migrations/0002_identity_tenancy.sql (tenancy.domains — Intelligence Domains); apps/api/src/tenancy/tenancy.service.ts; apps/api/migrations/0022 (source contracts scoped per domain); apps/api/migrations/0002 tenancy.domains; apps/api/test/int/domain-isolation.test.ts,"Add federated discovery and replica governance; prove the no-fork boundary with a fixture (domain isolation is verified, forking is not tested).",
AU-DP-0101,"A state-class registry (Vol 6 App E) maps every infrastructure state class to an authoritative owner, store, schema, partition key, consistency model, replication, durability, locality, protection, retention, backup, recovery and lifecycle, reconciled through versioned desired/observed state; state class precedes storage-engine choice; registry state resolves historically and revocably as a generic class.",All profiles.,V4:ES-64-001; V6:IA-31-001; V6:IA-31-002; V6:SC-21; V7:DADR-008,V4:ES-64-001,data-platform,yes,all,harness,open,P7-D,"migrations/0028_phase4_source_contract_v2.sql:20+; 0022:375,395,956,1279-1301 (legal_hold column, set_rights_state, tombstones); apps/api/src/observation/vault/vault.service.ts:233; migrations/0005_audit_rebuild_rls_fix.sql (audit.rebuild_chain_heads); 0022:1862; 0023:938; 0024:1436 (projection rebuild functions); test/int/phase6-scheduled-corrections.test.ts:222; phase3-corrections.test.ts:891,922; migrations/0001_roles_and_schemas.sql (owner schemas: identity, policy, audit, objects, observation, graph, prediction, simulation, twin, decision, executive); migrations/0022 (source contracts versioned), 0028 (contract v2); agents registry (revocation); apps/api/migrations (event logs vs projections); EXCEPTIONS.md EXC-P1-002",Create the state-class registry and infrastructure manifest (ownership exists by schema/role only; technology was chosen by ADR-P0-01 before state classes were declared).,
AU-DP-0102,"Storage technology sits behind the state contract: canonical truth, derived projections, caches, evidence bytes and temporary execution state are never merged; the evidence vault holds bytes and digests while canonical meaning, provenance, admissibility and policy remain owned by the producing component.",All profiles.,V6:IA-31-003; V6:IA-33-003,V6:IA-31-003,data-platform,yes,all,harness,open,P7-D,"evidence vault separate from the database; degraded journal separate; test/int/phase2-acceptance.test.ts; apps/api/src/observation/vault/evidence.service.ts (bytes and digest in the vault; meaning, admissibility and policy in the observation schema)","Run the same named fixture on the SaaS, private-cloud and on-premises profiles once they exist (EXC-P0-004: only the local Compose profile exists at 2e83945); Document the boundary in AU-DP-0101; re-verify against derived projections/caches when they exist.",Verified: test/int/phase2-acceptance.test.ts; evidence vault separate from the database; degraded journal separate. | repair 2026-09-10: local evidence not bound to a case
AU-DP-0103,"Multiple stores and engines (vector store, graph engine, search engine, stream engine) can sit behind the capability ports as replaceable implementations.",All profiles.,V2:V02-T-103,V2:V02-T-103,data-platform,yes,all,harness,open,P3,"docker-compose.yml (postgres, redis); apps/api/src/observation/vault (file vault); apps/api/src/shared/db.ts","Introduce engines behind ports (Postgres, Redis/BullMQ and a file vault only).",
AU-DP-0104,"When state cannot be classified, ownership is ambiguous or actual durability diverges from the declared class, new writes or admission are blocked, available history preserved, indeterminate state exposed and ownership restored before migration.",All profiles.,V6:IA-31-005,V6:IA-31-005,data-platform,yes,all,harness,open,P7-D,,Detect unclassified state/ambiguous ownership/durability divergence and block writes on it.,
AU-DP-0105,"Storage admission requires state inventory, schema and ownership linting, durability tests, restore evidence, residency proofs and lifecycle review bound to the exact artifacts, configuration, topology, customer scope, deployment profile and period.",V6 ch.31 admission clause.,V6:IA-31-006,V6:IA-31-006,data-platform,yes,all,harness,open,P7-D,,Write the storage admission suite.,
AU-DP-0106,"The transactional datastore provides authoritative operational persistence for identities, workflows, decisions, policies and registries by owning service with one pool per authority; transactions align with service ownership, cross-service atomicity uses the declared outbox protocol, operational writes follow ownership and messaging delivery/acknowledgement never implies institutional commitment.",All profiles.,V6:IA-32-001; V6:IA-32-003; V6:INF-ST-01; V7:DADR-010; V7:DADR-011,V6:IA-32-001,data-platform,yes,all,harness,verified:local,P7-D,"docker-compose.yml (digest-pinned postgres/redis, loopback only, required env, local-dev profile per EXC-P0-004); apps/api/migrations 0001–0050; test/int/*.test.ts (real-database harness); .github/workflows/ci.yml: build-test (module boundaries, typecheck, unit, migrations + acceptance, integration, C18 db-paths gate), browser-regression, supply-chain; apps/api/src/objects/outbox.publisher.ts (at-least-once, idempotent job ids, compare-and-set ack); migrations/0015_outbox_hardening.sql; test/int/gate22-outbox-hardening.test.ts; migrations/0013_operation_closure.sql (POL/AUD/effect closure at commit); apps/api/src/shared/db.ts (one pool per authority); migrations/0009_privilege_separation_and_bound_context.sql (eye_recovery never loaded by runtime); test/int/*.test.ts; apps/api/migrations/0009/0011/0013 (no role writes directly; ports assert bound action); apps/api/test/int/domain-isolation.test.ts: direct DML is gone, and the ports derive the labels; apps/api/test/int/gate22-inertness-integrity.test.ts: C14; apps/api/migrations/0006 object_outbox status is publisher control state, not evidence; apps/api/migrations/0015 dead-letter; apps/api/src/objects/outbox.publisher.ts; apps/api/test/int/gate22-outbox-hardening.test.ts: C7","Run the same named fixture on the SaaS, private-cloud and on-premises profiles once they exist (EXC-P0-004: only the local Compose profile exists at 2e83945); Replication/PITR/failover are AU-DP-0107; document the outbox as the declared protocol in AU-DP-0101.",Verified: test/int/*.test.ts real-database harness; test/int/gate22-outbox-hardening.test.ts C7; test/int/domain-isolation.test.ts; migrations/0013 operation closure; .github/workflows/ci.yml build-test.
AU-DP-0107,"The transactional datastore declares and reconciles cluster, schema revision, transaction boundary, consistency level, replica set, log position, backup and recovery posture; when quorum, transaction log, schema compatibility, replica integrity or capacity becomes unsafe it protects write correctness, fails over only inside consistency rules, preserves recovery points and reconciles consumers before reopening; operational state is recoverable to a declared point; data durability is measured.",All profiles; single PostgreSQL instance on a local volume.,V6:IA-32-002; V6:IA-32-005; V6:IA-32-006; V6:SC-02; V7:DQM-037,V6:IA-32-002,data-platform,yes,all,harness,open,P7-D,"FULL_PRODUCT_DELIVERY_REGISTER.md §7 (durable deployment recovery: partial; .eye-local loss of 2026-09-09); docker-compose.yml (digest-pinned postgres/redis, loopback only, required env, local-dev profile per EXC-P0-004); migrations","Add replication/quorum, PITR, failover within consistency rules, recovery points and the admission suite (transaction/failover tests, migration rehearsals, consistency checks, point-in-time restore, corruption recovery).",
AU-DP-0108,"A backup and recovery vault retains immutable encrypted recovery sets (database, evidence vault, degraded journal, keys, schemas, lineage, policies, consumers) with automated integrity and restore verification; backups are untrusted until restored; a coherent restore is demonstrated; RPO/RTO/locality/reconciliation are declared; restore verification rate is measured.",All profiles; register execution step 4 (protect existing development data; demonstrated coherent restore).,V3:L1-C05; V6:INF-ST-14; V6:SC-23; V6:IA-33-001; V6:IA-32-005; V7:DADR-022; V7:DQM-038; V7:DZ-19,V3:L1-C05,data-platform,yes,all,harness,open,P7-D,"apps/api/src/observation/vault/vault.service.ts:21-22,134-179,201,225-227; apps/api/src/observation/vault/evidence.service.ts; migrations/0022:360,375,395,415; test/int/phase1-acceptance.test.ts; test/int/gate22-evidence-deauthorization.test.ts; FULL_PRODUCT_DELIVERY_REGISTER.md §7 (durable deployment recovery: partial; .eye-local loss of 2026-09-09); apps/api/src/observation/vault/evidence.service.ts (digest re-verified on every read); config eye.vault.quarantine_root / evidence_root (local filesystem); migrations/0022_observation_registry_and_evidence.sql; FULL_PRODUCT_DELIVERY_REGISTER.md §7","Build backup sets for Postgres, the local vault and the degraded journal with a demonstrated restore (FULL_PRODUCT_DELIVERY_REGISTER.md §7 records the .eye-local loss of 2026-09-09 with no restore procedure).",
AU-DP-0109,"Object and evidence storage is an object store with versioning, replication, retention tiers, locality and legal-hold semantics that retains source artifacts, documents, media, model packages, simulation outputs, evidence bundles, exports and immutable audit material, reconciling object identity, version, digest, custody, classification, locality, retention, legal hold, replication and access evidence.",All profiles; local filesystem under .eye-local today.,V6:IA-33-001; V6:IA-33-002; V6:INF-ST-02,V6:IA-33-001,data-platform,yes,all,harness,open,P7-D,apps/api/src/observation/vault/evidence.service.ts (digest re-verified on every read); config eye.vault.quarantine_root / evidence_root (local filesystem); migrations/0022_observation_registry_and_evidence.sql; test/int/phase1-acceptance.test.ts,Replace the local filesystem vault with a replicated versioned object store (or equivalent per profile) with retention tiers and the infrastructure manifest.,
AU-DP-0110,"On incomplete multipart write, replica loss, malware finding or retention conflict the affected versions are quarantined, decision-active use denied, custody preserved, state restored from verified replicas and impact propagated.",All profiles; digest mismatch/missing blob already fail closed.,V6:IA-33-005,V6:IA-33-005,data-platform,yes,all,harness,open,P7-D,custody preserved); migrations/0014_evidence_deauthorization.sql; test/int/phase1-fault-injection.test.ts,"Add version quarantine, replica restore, malware-finding and retention-conflict paths (fail-closed digest path is verified in AU-OBS: test/int/phase1-fault-injection.test.ts).",
AU-DP-0111,"Object-storage admission requires immutability, integrity, malware, retention, legal-hold, replica-loss and large-object restore tests bound to the exact artifacts, configuration, topology, customer scope, deployment profile and period.",V6 ch.33 admission clause.,V6:IA-33-006,V6:IA-33-006,data-platform,yes,all,harness,open,P7-D,,Write the object-storage admission suite.,
AU-DP-0112,"The knowledge graph is the semantic heart: temporal entities, relationships, provenance and strategy context converge there and twins, forecasts and decisions bind to graph entities; the graph tier holds temporal entities and relationships with provenance and revision control.",All profiles.,V6:INF-ST-04; V7:DADR-013; V7:DZ-08,V6:INF-ST-04,data-platform,yes,all,harness,verified:local,P7-D,"test/int/phase3-acceptance.test.ts; apps/api/migrations/0024 (entities, edges, strategy, dependencies); apps/api/src/graph/strategy/impact.service.ts; apps/api/test/int/phase3-acceptance.test.ts: C1-C6; apps/api/migrations/0024; apps/api/test/int/phase3-acceptance.test.ts: C5","Run the same named fixture on the SaaS, private-cloud and on-premises profiles once they exist (EXC-P0-004: only the local Compose profile exists at 2e83945); Ontology registry, graph revision log and atomic graph revisions are AU-DP-0113.","Verified: test/int/phase3-acceptance.test.ts C1-C6; migrations/0024 (entities, edges, strategy, dependencies)."
AU-DP-0113,"An ontology registry with revisions exists, identity resolution and graph commits record the ontology revision used, understanding commits create memory versions and an atomic graph revision, and a semantic mapping service owns governed mappings between domain and canonical concepts.",All profiles.,V3:V03-T-284; V4:ES-25-004; V6:INF-ST-04; V6:SC-03; V7:DAT-SM-10,V3:V03-T-284,data-platform,yes,all,harness,open,P3,"apps/api/src/pipeline/pipeline.service.ts; apps/api/src/graph/edges/edges.service.ts; migrations/0024:1306; migrations/0024 (graph.resolutions with candidates/confidence); test/int/phase3-acceptance.test.ts:377,460,474; test/int/phase3-acceptance.test.ts; test/int/phase3-corrections.test.ts","Build the ontology registry, graph revision log/atomic revisions (GRV) and the semantic mapping service; commit publishes affected identities/paths/twins asynchronously instead of synchronous record_impact.",
AU-DP-0114,"A search index platform serves lexical, structured, temporal and geospatial indexes as a rebuildable, visibly stale search projection tier with relevance, permission, freshness and rebuild as a search index product.",All profiles; search reads canonical relations directly today.,V6:INF-ST-06; V6:SC-13; V7:DZ-13; V7:DPD-14,V6:INF-ST-06,data-platform,yes,all,harness,open,P3,apps/api/src/graph/search/search.service.ts,"Introduce a search projection tier (rebuildable, stale-marked) with relevance evaluation (AU-DP-0158).",
AU-DP-0115,"A vector index platform serves versioned embedding and multimodal retrieval projections (model-versioned, rebuildable with compatibility tracking) as a permission-aware semantic/hybrid retrieval product with embedding version, citation and rebuild.",All profiles; Phase 3 promised permission-aware semantic retrieval and did not build it.,V6:INF-ST-07; V6:SC-14; V7:DZ-14; V7:DPD-15,V6:INF-ST-07,data-platform,yes,all,harness,open,P3,,"Build embeddings (AU-INT-0078), the vector projection tier and hybrid retrieval with permission trimming and re-embed/rebuild tracking.",
AU-DP-0116,A graph projection and index store serves rebuildable traversal and analytical projections as revision-pinned derived state with replay and deterministic rebuild.,All profiles.,V6:INF-ST-05; V6:SC-15,V6:INF-ST-05,data-platform,yes,all,harness,open,P7-D,,Add the graph projection store class.,
AU-DP-0117,"A distributed cache accelerates reads under explicit source revision and invalidation as bounded stale derived state that expires, invalidates, bypasses and rebuilds.",All profiles.,V6:INF-ST-12; V6:SC-16,V6:INF-ST-12,data-platform,yes,all,harness,open,P7-D,,Add the cache state class (or record its exclusion) with invalidation rules.,
AU-DP-0118,"A checkpoint store persists agent, workflow, stream and simulation recovery points as immutable checkpoints whose compatibility is checked before resume.",All profiles.,V6:INF-ST-13; V6:SC-18,V6:INF-ST-13,data-platform,yes,all,harness,open,P7-A,,Build the checkpoint store with the workflow runtime (AU-DP-0072).,
AU-DP-0119,"The durable queue platform (BullMQ on Redis) delivers work with retry, delay and scope-prefixed queues whose payload carries no authority, and scheduled attempts record their terminal state for effect reconciliation.",All profiles; branch-only scheduled queues.,V6:INF-ST-11; V6:SC-12,V6:INF-ST-11,data-platform,yes,all,harness,open,P7-D,"apps/api/src/observation/scheduling/scheduler.service.ts (BullMQ job schedulers, scope-prefixed queues, payload carries no authority, attempts 3 exponential backoff); migrations/0038_scheduled_collection.sql; migrations/0040_scheduled_attempt_faults.sql; test/int/phase6-scheduled-collection.test.ts; test/int/phase6-scheduled-corrections.test.ts; apps/api/src/objects/outbox.publisher.ts (at-least-once, idempotent job ids, compare-and-set ack); migrations/0015_outbox_hardening.sql; test/int/gate22-outbox-hardening.test.ts","Run the same named fixture on the SaaS, private-cloud and on-premises profiles once they exist (EXC-P0-004: only the local Compose profile exists at 2e83945); Dead-letter queue and replication are AU-DP-0120.",Verified: test/int/phase6-scheduled-collection.test.ts; test/int/phase6-scheduled-corrections.test.ts; test/int/gate22-outbox-hardening.test.ts. | repair 2026-09-10: local evidence not bound to a case
AU-DP-0120,"The durable queue has a dead-letter state, replicated Redis and complete effect reconciliation for at-least-once delivery.",All profiles.,V6:INF-ST-11; V6:SC-12,V6:INF-ST-11,data-platform,yes,all,harness,open,P7-D,"apps/api/src/observation/scheduling/scheduler.service.ts (BullMQ job schedulers, scope-prefixed queues, payload carries no authority, attempts 3 exponential backoff); migrations/0038_scheduled_collection.sql; migrations/0040_scheduled_attempt_faults.sql; test/int/phase6-scheduled-collection.test.ts; test/int/phase6-scheduled-corrections.test.ts; apps/api/src/objects/outbox.publisher.ts (at-least-once, idempotent job ids, compare-and-set ack); migrations/0015_outbox_hardening.sql; test/int/gate22-outbox-hardening.test.ts",Add dead-letter handling and replication.,
AU-DP-0121,"The digital twin state store persists definitions, versions and branches and the simulation result store persists run inputs, resolved initial state, outputs, digests and comparisons; simulation runs are seeded and reproducible.",Branch-only (Phase 5).,V6:INF-ST-08; V6:INF-ST-09; V6:SC-05; V7:DZ-11,V6:INF-ST-08,data-platform,yes,all,harness,open,P7-D,"migrations/0032_twin_registry.sql; 0034–0037; test/int/phase5-twins.test.ts; migrations/0033_simulation_runs.sql (inputs, snapshot, outputs, comparisons); test/int/phase5-simulations.test.ts; apps/api/migrations/0029; apps/api/migrations/0033; apps/api/test/int/phase6-approvals.test.ts","Run the same named fixture on the SaaS, private-cloud and on-premises profiles once they exist (EXC-P0-004: only the local Compose profile exists at 2e83945); Snapshot/branch/intervention state store, solver checkpoints and checkpoint restore are AU-DP-0122.",Verified: test/int/phase5-twins.test.ts; test/int/phase5-simulations.test.ts; test/int/phase6-approvals.test.ts (exact version + human authority). | repair 2026-09-10: local evidence not bound to a case
AU-DP-0122,"The twin store keeps snapshot, branch and intervention state with checkpoint restore and branch isolation beyond runs, and the simulation store keeps solver checkpoints.",Twin/simulation profiles.,V6:INF-ST-08; V6:INF-ST-09; V6:SC-05,V6:INF-ST-08,data-platform,yes,all,harness,open,P5,"migrations/0032_twin_registry.sql; 0034–0037; test/int/phase5-twins.test.ts; migrations/0033_simulation_runs.sql (inputs, snapshot, outputs, comparisons); test/int/phase5-simulations.test.ts","Add snapshot/branch/intervention state, solver checkpoints and checkpoint restore.",
AU-DP-0123,"Decision record state is immutable and versioned, preserving authority, rationale, evidence and outcome links; strategic packages bind forecasts, simulations, recommendations, decisions and outcomes by exact version and digest.",Branch-only (PR #46).,V6:SC-06; V7:DADR-015,V6:SC-06,data-platform,yes,all,harness,verified:local,P7-D,"migrations/0041_decision_packages.sql, 0042, 0043_decision_replay.sql, 0047; test/int/phase6-decisions.test.ts; test/int/phase6-replay.test.ts; apps/api/migrations/0041 options bind run version+digest; apps/api/migrations/0043 replay layers; apps/api/test/int/phase6-decisions.test.ts: options cite completed runs by exact version and digest; apps/api/test/int/phase6-replay.test.ts","Run the same named fixture on the SaaS, private-cloud and on-premises profiles once they exist (EXC-P0-004: only the local Compose profile exists at 2e83945)",Verified: test/int/phase6-decisions.test.ts (options cite completed runs by exact version and digest); test/int/phase6-replay.test.ts.
AU-DP-0124,Session state is short-lived and tenant-scoped (15-minute access tokens with refresh rotation) and expires without losing decision records.,All profiles.,V6:SC-17,V6:SC-17,data-platform,yes,all,harness,open,P7-D,"apps/api/src/identity/identity.service.ts (HS256 JWT with kid, 15-min access, refresh rotation, assurance password|break_glass|bootstrap_rotation); migrations/0002_identity_tenancy.sql; migrations/0017_identity_mutator_governance.sql; test/int/gate22-identity-mutators.test.ts; migrations/0007_bootstrap_rotation.sql","Run the same named fixture on the SaaS, private-cloud and on-premises profiles once they exist (EXC-P0-004: only the local Compose profile exists at 2e83945)","Verified: test/int/gate22-identity-mutators.test.ts; migrations/0002, 0007, 0017. | repair 2026-09-10: local evidence not bound to a case"
AU-DP-0125,"Configuration desired state is versioned and declarative with plan, apply, drift and rollback evidence, and a data release is a dependency-closed transition in which schemas, code, policy bundle version, datasets, migration and rollback target resolve together under one release identity.",All profiles.,V6:SC-20; V7:DADR-023,V6:SC-20,data-platform,yes,all,ci-gate,open,P7-D,"docker-compose.yml (digest-pinned postgres/redis, loopback only, required env, local-dev profile per EXC-P0-004); conformance.manifest.json (repository units -> component ids, controls, owners; Phase 0 framing); .github/workflows/ci.yml: C16 target-resolved closure gate; conformance.manifest.json; apps/api/scripts/migrate.mjs","Add plan/apply/drift/rollback evidence for configuration and include policy bundle version, datasets and rollback target in the release identity (C16 closure gate resolves code/images/migrations).",
AU-DP-0126,"Telemetry state is managed as a declared append-oriented sampled class that is privacy-controlled and quality-marked, with a metrics/telemetry endpoint and observability planes.",All profiles.,V6:SC-22; V10:IR-13-003,V6:SC-22,data-platform,yes,all,harness,open,P7-D,"packages/contracts (canonical object envelope: id, type, tenant, version, provenance, truth state); apps/api/migrations/0006_objects.sql; apps/api/migrations/0024_graph_entities_edges_and_strategy.sql; e2e/phase0.spec.ts: 6. known-at query returns the pre-correction state (UI); e2e/phase1-observation.spec.ts: 7. evidence custody, the four times, and a safe attachment-only download; test/int/domain-isolation.test.ts; apps/api/migrations/0041_decision_packages.sql; apps/api/migrations/0042_decision_approvals_and_commitment.sql; apps/api/migrations/0043_decision_replay.sql; apps/api/migrations/0045_decision_monitoring_and_outcomes.sql; test/int/phase6-decisions.test.ts; test/int/phase6-approvals.test.ts; test/int/phase6-replay.test.ts: known / believed / tested hold only what was recorded under the cut-offs; test/int/phase6-monitoring.test.ts: the chosen run's exact output becomes a SIMULATED element; the outcomes upload becomes an OBSERVED element; e2e/phase6-decisions.demo.spec.ts: DECISIONS / REPLAY / BRIEFINGS; evidence/demo-virgin-transcript.txt",Add telemetry (no prometheus/opentelemetry endpoint) as a declared state class.,IR-13-003 (V10) observability part; its exportability part is AU-DP-0097.
AU-DP-0127,"Every batch, stream, CDC, exchange, migration and lifecycle execution binds a data pipeline manifest (Appendix I) with job identity, pipeline version, input snapshot/revisions, partitions, code and environment digest, configuration, policy, resources, checkpoints, outputs, metrics, quality gates, late-data policy, compensation, rollback target, SLO profile, approval state, lineage, promotion and terminal state, reconciled through desired/observed state; ingestion, transformation, feature, evaluation, training, indexing, model, graph and analytics pipelines execute as governed releases.",All profiles.,V6:IA-45-002; V6:IA-45-001; V7:DP-30-002; V7:V07-T-003; V7:DP-30-001,V6:IA-45-002,data-platform,yes,all,harness,open,P7-D,"apps/api/src/intelligence/extraction/orchestrator.service.ts (extraction pipeline with method pins and claim lineage); apps/api/src/pipeline (governed write); test/int/phase2-acceptance.test.ts; apps/api/src/observation/scheduling/scheduler.service.ts; apps/api/src/observation/scheduling/collection-worker.service.ts; apps/api/migrations/0028 declared backfill; apps/api/migrations/0022 §12 connector_checkpoints; apps/api/src/intelligence/extraction/extraction.service.ts (run identity, budgets); apps/api/test/int/phase4-acceptance.test.ts: P4-M0a backfill checkpointing; apps/api/test/int/phase6-scheduled-collection.test.ts; apps/api/migrations/0022 (collection runs record agent, connector version, code digest, contract version, budgets, checkpoints); apps/api/migrations/0023 extraction runs; apps/api/migrations/0033 runs (implementation/environment digests)","Add the pipeline manifest (run records carry identity/version/inputs/checkpoints/terminal state for collection, extraction and simulation only) and general pipeline classes (feature builds, indexing, export jobs).",
AU-DP-0128,"Retries and parallel execution never create duplicate authority, unbounded side effects, inconsistent partitions or results without exact input lineage; pipelines produce candidates and projections while canonical admission and model fitness remain separate owned decisions; partial commits are impossible for collection.",All profiles; branch-only scheduled execution.,V6:IA-45-003; V7:DP-30-003; V7:DP-30-005,V6:IA-45-003,data-platform,yes,all,harness,verified:local,P7-D,"extraction produces candidate claims; apps/api/src/intelligence/review (admission); test/int/phase2-acceptance.test.ts; apps/api/src/observation/scheduling/scheduler.service.ts; apps/api/src/observation/scheduling/collection-worker.service.ts; apps/api/migrations/0028 declared backfill; apps/api/migrations/0022 §12 connector_checkpoints; apps/api/src/intelligence/extraction/extraction.service.ts (run identity, budgets); apps/api/test/int/phase4-acceptance.test.ts: P4-M0a backfill checkpointing; apps/api/test/int/phase6-scheduled-collection.test.ts","Run the same named fixture on the SaaS, private-cloud and on-premises profiles once they exist (EXC-P0-004: only the local Compose profile exists at 2e83945); Model-fitness decision path is AU-INT-0112.",Verified: test/int/phase4-acceptance.test.ts P4-M0a; test/int/phase6-scheduled-collection.test.ts; test/int/phase2-acceptance.test.ts; test/int/phase1-fault-injection.test.ts (partial writes never admit).
AU-DP-0129,"When a job partially commits, inputs change during execution, code mismatches, quality fails, nondeterminism or a lineage gap occurs, partitions diverge or the last safe boundary cannot be identified, publication and promotion stop, outputs are quarantined, checkpoints, partial outputs and run state preserved, partial effects reconciled and the job rolls back or resumes idempotently from a known boundary.",All profiles.,V6:IA-45-005; V7:DP-30-005,V6:IA-45-005,data-platform,yes,all,harness,open,P7-D,"apps/api/src/intelligence/review/review.service.ts; apps/api/src/observation/scheduling/scheduler.service.ts; apps/api/src/observation/scheduling/collection-worker.service.ts; apps/api/migrations/0028 declared backfill; apps/api/migrations/0022 §12 connector_checkpoints; apps/api/src/intelligence/extraction/extraction.service.ts (run identity, budgets); apps/api/test/int/phase4-acceptance.test.ts: P4-M0a backfill checkpointing; apps/api/test/int/phase6-scheduled-collection.test.ts","Add drift/quality gates, output quarantine and rerun-from-boundary generically (collection and sweeper cases exist).",
AU-DP-0130,"Pipeline admission requires reproducibility, data and code lineage, partition and skew tests, partial-commit/partial-publish recovery, backfill comparison, idempotency, cancellation, quality gate, rollback, lineage closure and deployment-parity tests bound to the exact artifacts, configuration, topology, customer scope, deployment profile and period.",V6 ch.45 / V7 ch.30 admission clauses.,V6:IA-45-006; V7:DP-30-006,V6:IA-45-006,data-platform,yes,all,harness,open,P7-D,"apps/api/src/observation/scheduling/scheduler.service.ts; apps/api/src/observation/scheduling/collection-worker.service.ts; apps/api/migrations/0028 declared backfill; apps/api/migrations/0022 §12 connector_checkpoints; apps/api/src/intelligence/extraction/extraction.service.ts (run identity, budgets); apps/api/test/int/phase4-acceptance.test.ts: P4-M0a backfill checkpointing; apps/api/test/int/phase6-scheduled-collection.test.ts","Add partition/skew, cancellation, rollback and parity fixtures.",
AU-DP-0131,"Intelligence domains exist as isolation scopes with identities and boundaries, source contracts are scoped per domain and domain isolation holds at the database ports.",All profiles.,V7:DP-05-001; V7:DAT-GV-02,V7:DP-05-001,data-platform,yes,all,harness,open,P7-D,apps/api/migrations/0002_identity_tenancy.sql (tenancy.domains — Intelligence Domains); apps/api/src/tenancy/tenancy.service.ts; apps/api/migrations/0022 (source contracts scoped per domain); apps/api/migrations/0002 tenancy.domains; apps/api/test/int/domain-isolation.test.ts,"Run the same named fixture on the SaaS, private-cloud and on-premises profiles once they exist (EXC-P0-004: only the local Compose profile exists at 2e83945); Accountable leaders, extension contracts and the product operating model are AU-DP-0132.",Verified: test/int/domain-isolation.test.ts; migrations/0002 tenancy.domains. | repair 2026-09-10: local evidence not bound to a case
AU-DP-0132,"Reusable governed data products are published around stable domains with explicit purpose, ownership, contracts, quality, policy, lineage, service levels, consumers, cost and lifecycle in a data product registry/control service (register, release, monitor, degrade, retire), a consumer registry (subscriptions, contract versions, usage, impact, migration state) and accountable domain leaders with extension contracts; a table, report or dashboard is not a product without ownership and SLOs; sources and derived datasets are managed as data products.",All profiles.,V0:V00-T-080; V7:DP-41-001; V7:DP-41-002; V7:DP-41-003; V7:DP-05-002; V7:DAT-GV-03; V7:DAT-SV-01; V7:DADR-016; V7:DAT-SV-10; V7:DZ-06; V7:DZ-16; V7:DAT-GV-02; V7:DPD-03,V0:V00-T-080,data-platform,yes,all,harness,open,P7-F,"migrations/0022/0028 source contracts (owner, steward, schema, freshness/coverage expectations, lifecycle); migrations/0029 series_registry; apps/api/migrations/0002_identity_tenancy.sql (tenancy.domains — Intelligence Domains); apps/api/src/tenancy/tenancy.service.ts; apps/api/migrations/0022 (source contracts scoped per domain); DECISIONS.md; EXCEPTIONS.md; apps/api/migrations/0006 accountable_owner; apps/api/src/pipeline/pipeline.service.ts (receipts); versioned /v1 APIs; apps/api/migrations/0002 tenancy.domains; apps/api/test/int/domain-isolation.test.ts","Build the data-product registry, consumer registry and product operating model (no product concept exists; canonical objects are served per type).",
AU-DP-0133,"The serving patterns whose capability already exists (canonical object API and events, observation evidence, knowledge graph query and change events, enterprise memory retrieval, twin snapshot and change events, forecast package, scenario portfolio, simulation result, decision package, executive briefing, search index, evaluation dataset, context manifest) are registered as governed data products with owner, contract, SLO and consumers and emit their change events.",All profiles; several branch-only.,V7:DPD-01; V7:DPD-02; V7:DPD-04; V7:DPD-05; V7:DPD-06; V7:DPD-07; V7:DPD-08; V7:DPD-09; V7:DPD-10; V7:DPD-11; V7:DPD-14; V7:DPD-17; V7:DPD-18,V7:DPD-01,data-platform,yes,all,harness,open,P7-F,"apps/api/src/objects/objects.controller.ts; outbox events; apps/api/src/observation/vault/evidence.service.ts; apps/web/app/observation/evidence; apps/api/src/graph/graph.controller.ts (as-of queries, bounded traversal); apps/api/src/graph/search/search.service.ts; strategy reads; apps/api/src/twin/twin.controller.ts (versions, comparison); apps/api/src/prediction/prediction.controller.ts; apps/api/migrations/0029 forecasts; apps/api/migrations/0029 scenarios/branches/indicators; apps/api/migrations/0033 runs (resolved versions, seeds, digests); apps/api/migrations/0044 briefings; apps/api/src/executive/briefings/briefing.service.ts; apps/api/test/int/phase6-briefings.test.ts; apps/api/migrations/0029 backtests/outcome_ledger; apps/api/migrations/0023 recorded_responses; apps/api/src/intelligence/gateway/model-gateway.service.ts; briefings",Register each existing serving surface as a product with contract/owner/SLO once AU-DP-0132 exists; add change-event products for graph and twins.,
AU-DP-0134,"When a product lacks a contract, duplicates canonical authority, creates incompatible domain meaning, fails quality or SLO, loses ownership, violates policy or diverges from its contract, publication is denied or degradation/withdrawal declared, the canonical owner identified, consumers notified, last valid versions preserved and consumers migrated through a versioned compatibility plan; admission requires domain reviews, product scorecards, contract adoption, duplicate-authority detection, consumer contract tests, lineage and policy closure, SLO evidence, cost attribution, adoption and retirement review.",All profiles.,V7:DP-41-005; V7:DP-41-006; V7:DP-05-005; V7:DP-05-006,V7:DP-41-005,data-platform,yes,all,harness,open,P7-F,apps/api/migrations/0002_identity_tenancy.sql (tenancy.domains — Intelligence Domains); apps/api/src/tenancy/tenancy.service.ts; apps/api/migrations/0022 (source contracts scoped per domain),Implement with AU-DP-0132.,
AU-DP-0135,"Governance registries and services exist as components: data authority registry (authoritative responsibilities, write rights, delegated duties), data product registry, data ownership service (owner, steward, custodian, producer, consumer, escalation) and data architecture registry (standards, decisions, exceptions, conformance state).",All profiles; ownership is a header field and ADRs/exceptions are documents today.,V7:DAT-GV-01; V7:DAT-GV-03; V7:DAT-GV-04; V7:DAT-GV-06,V7:DAT-GV-01,data-platform,yes,all,harness,open,P7-D,DECISIONS.md; EXCEPTIONS.md; apps/api/migrations/0006 accountable_owner,Build the governance registry components (DECISIONS.md/EXCEPTIONS.md/accountable_owner are the only forms).,
AU-DP-0136,"A classification registry owns sensitivity, consequence, handling, dissemination and derivation rules that classification values resolve to.",All profiles; classification is free text with a contract ceiling.,V7:DAT-GV-05,V7:DAT-GV-05,data-platform,yes,all,harness,open,P7-D,apps/api/migrations/0006 classification; apps/api/migrations/0022 classification_ceiling,Build the classification registry with handling/dissemination/derivation rules.,
AU-DP-0137,"A stewardship case service executes identity, semantic, quality, access, correction and lifecycle adjudication and a data exception service owns narrow exceptions, risk acceptance, controls, expiry and closure.",All profiles.,V7:DAT-GV-07; V7:DAT-GV-08,V7:DAT-GV-07,data-platform,yes,all,harness,open,P7-D,DECISIONS.md; EXCEPTIONS.md; apps/api/migrations/0006 accountable_owner,Build stewardship case and exception services (exceptions live in EXCEPTIONS.md).,
AU-DP-0138,"A conformance service evaluates data requirements, data asset and pipeline manifests, contracts, releases and runtime data evidence, not only code, images and migrations.",All profiles.,V7:DAT-GV-09; V7:DADR-023,V7:DAT-GV-09,data-platform,yes,all,ci-gate,open,P7-D,.github/workflows/ci.yml: C16 target-resolved closure gate; conformance.manifest.json; apps/api/test/acceptance; apps/api/scripts/migrate.mjs,"Extend the C16 closure gate/conformance.manifest.json to data manifests, contracts and runtime data evidence.",
AU-DP-0139,"A data responsibility portal exposes customer and platform duties, approvals, evidence and escalation.",All profiles.,V7:DAT-GV-10,V7:DAT-GV-10,data-platform,yes,all,harness,open,P7-D,DECISIONS.md; EXCEPTIONS.md; apps/api/migrations/0006 accountable_owner,Build the responsibility portal.,
AU-DP-0140,"A data asset manifest (Appendix H: asset_id ... evidence_refs) binds each governed dataset, stream, object family, graph, index, feature, product, exchange and evidence collection to exact authority, semantics, state, policy, quality, lifecycle, recovery, deployment and evidence, and every schema, table, queue and vault is registered as an asset.",All profiles.,V7:V07-T-002,V7:V07-T-002,data-platform,yes,all,harness,open,P7-D,,Define and populate the asset manifest.,
AU-DP-0141,"A metadata catalog maintains a complete authoritative inventory of data assets, contracts, schemas, owners, lineage, policy, quality, service levels, consumers, cost and lifecycle with discovery; catalog metadata describes and indexes authority without replacing owning registries; missing/stale/duplicated/inconsistent catalog coverage marks assets undiscoverable or untrusted and exposes coverage debt; admission requires inventory reconciliation, orphan detection, ownership recertification, lineage coverage, search permission, runtime sync and retirement evidence.",All profiles.,V7:DP-49-001; V7:DP-49-002; V7:DP-49-003; V7:DP-49-005; V7:DP-49-006,V7:DP-49-001,data-platform,yes,all,harness,open,P7-F,apps/api/migrations/0006 objects.schema_registry; apps/api/migrations/0008 objects.canonical_field_registry; apps/api/scripts/authority-inventory.mjs,Build the unified catalog (schema/header/source/port registries exist separately) with undiscoverable/untrusted marking and inventory reconciliation.,
AU-DP-0142,"Operational and analytical data are served through versioned commands, queries and APIs with purpose-aware authorization; every request path has an executable audit path and policy/audit receipts; the serving tier applies purpose, policy and receipts.",All profiles.,V7:DP-42-001; V7:DP-42-002; V7:DAT-SV-02; V7:DZ-16,V7:DP-42-001,data-platform,yes,all,harness,verified:local,P7-D,"apps/api/src/pipeline/pipeline.service.ts (authoritative request pipeline, POL/AUD receipts); apps/api/src/policy/pdp.service.ts (purpose required); apps/api/test/int/phase3-corrections.test.ts: H1 completeness across the graph responses, H2 lossless pagination; test/acceptance/acceptance.test.ts: AC-4 every request path has an executable audit path, AC-5; apps/api/src/pipeline/pipeline.service.ts; versioned /v1 controllers; apps/api/src/policy/pdp.service.ts; test/acceptance/acceptance.test.ts: AC-4; apps/api/src/pipeline/pipeline.service.ts (receipts); versioned /v1 APIs","Run the same named fixture on the SaaS, private-cloud and on-premises profiles once they exist (EXC-P0-004: only the local Compose profile exists at 2e83945); Bulk interfaces, quotas and an analytical query service are AU-DP-0143.","Verified: test/acceptance/acceptance.test.ts AC-4 (""every request path has an executable audit path""), AC-5; test/int/phase3-corrections.test.ts H1/H2."
AU-DP-0143,"Governed bulk interfaces, quotas, consistency declarations and an analytical query service exist, with load and quota tests, contract and negative-authorization tests, consistency and pagination fixtures, partial-result semantics and audit evidence in the admission suite.",All profiles.,V7:DP-42-001; V7:DP-42-002; V7:DP-42-006; V7:DAT-SV-02,V7:DP-42-001,data-platform,yes,all,harness,open,P7-F,"apps/api/src/pipeline/pipeline.service.ts (authoritative request pipeline, POL/AUD receipts); apps/api/src/policy/pdp.service.ts (purpose required); apps/api/test/int/phase3-corrections.test.ts: H1 completeness across the graph responses, H2 lossless pagination; test/acceptance/acceptance.test.ts: AC-4 every request path has an executable audit path, AC-5; apps/api/src/pipeline/pipeline.service.ts; versioned /v1 controllers; apps/api/src/policy/pdp.service.ts; test/acceptance/acceptance.test.ts: AC-4","Add bulk interfaces, quotas, consistency declarations and load/quota tests.",
AU-DP-0144,"Versioned change, signal, correction, lifecycle, quality and strategic events are published to governed consumers through registered subscriptions with event product schemas, producer, subject, ordering key, delivery, retention, filters, consumer checkpoints, policy and revocation; a subscription grants only declared data, purpose, time, tenant and consequence scope; an unauthorized, incompatible or lagging subscription is revoked or paused with offsets preserved; admission covers authorization, compatibility, lag and replay, correction propagation, revocation, tenant isolation and consumer acceptance; an event product gateway and event signal product exist.",All profiles; one internal queue today.,V7:DP-43-001; V7:DP-43-002; V7:DP-43-003; V7:DP-43-005; V7:DP-43-006; V7:DAT-SV-03; V7:DPD-13,V7:DP-43-001,data-platform,yes,all,harness,open,P7-F,apps/api/migrations/0006 objects.object_outbox; apps/api/src/objects/outbox.publisher.ts (domain-events queue); migrations/0060 (the internal CorrectionApplied consumer),"Build the subscription registry, event product schemas, consumer checkpoints, filters and revocation (external consumers); the internal CorrectionApplied consumer is delivered (0060, AU-MEM-0108..0111).",
AU-DP-0145,"Governed metrics, dimensions, measures, cohorts, relationships, temporal views and analytical models are served as certified semantic products (definition, grain, source revision, effective time) linked to canonical data without a parallel truth system; dashboards and BI tools are access modes; conflicting definitions, incompatible grain, expired certification or irreproducible outputs withdraw certification, expose affected reports and decisions, freeze the last valid model and reconcile definitions; the Strategic Health Score has a data model; admission requires metric fixtures, grain and aggregation tests, reproducibility, policy filtering, definition diff, historical recalculation and owner acceptance.",All profiles.,V7:DP-44-001; V7:DP-44-002; V7:DP-44-003; V7:DP-44-005; V7:DP-44-006; V7:DAT-SV-04; V7:DPD-12; V7:DZ-15,V7:DP-44-001,data-platform,yes,all,harness,open,P7-F,"apps/api/migrations/0029 §2 prediction.series_registry is a narrow certified-series analogue (parser_ref, unit, attribution)",Build the semantic/metric layer (prediction.series_registry is a narrow analogue) including the Strategic Health Score data model.,
AU-DP-0146,"A feature data service serves versioned online and offline features with point-in-time correctness and drift, an AI dataset service owns training, evaluation, feedback, red-team and calibration datasets in a purpose-isolated feature/AI dataset tier with dataset approval, and feature point-in-time correctness and dataset leakage rate are measured; synthetic training data is purpose-isolated from observed truth.",All profiles.,V7:DAT-SV-05; V7:DAT-SV-06; V7:DPD-16; V7:DPD-17; V7:DZ-12; V7:DQM-030; V7:DQM-031; V7:TT-18,V7:DAT-SV-05,data-platform,yes,all,harness,open,P7-B,"apps/api/migrations/0029 backtests, outcome_ledger; apps/api/migrations/0023 recorded_responses; apps/api/migrations/0029 backtests/outcome_ledger; apps/api/migrations/0022 data_origin synthetic; apps/api/migrations/0032 synthetic folds upward; apps/api/test/int/phase5-twins.test.ts: E2",Build the feature service and AI dataset service (backtests/outcome ledger/recorded responses exist as records only).,
AU-DP-0147,"A marketplace package service distributes signed governed data extensions (publisher, licence, permissions, dependencies) with sandbox, evaluation, revocation and isolation and manages their lifecycle.",All profiles.,V7:DAT-SV-09; V7:DPD-20,V7:DAT-SV-09,data-platform,yes,all,harness,open,P7-C,,Build the marketplace data package service (P7-C).,
AU-DP-0148,"Data zones are enforced: the external source boundary admits untrusted payloads only through collection contracts and intake controls, transfer quarantine gives no downstream access before admission, the raw evidence tier is append-only versioned evidence, the canonical object tier applies the common object and lifecycle contract, the knowledge graph tier holds temporal entities/relationships with provenance and revision control, and the audit evidence tier is tamper-evident with independent integrity and custody.",All profiles.,V7:DZ-01; V7:DZ-03; V7:DZ-04; V7:DZ-07; V7:DZ-08; V7:DZ-20,V7:DZ-01,data-platform,yes,all,harness,verified:local,P7-D,apps/api/migrations/0022 source contracts; apps/api/src/observation/connectors/http-client.ts (host allowlist); apps/api/test/int/phase1-hostile-input.test.ts: A10; apps/api/src/observation/vault/vault.service.ts (separate quarantine root); apps/api/test/int/phase1-acceptance.test.ts: A7; apps/api/migrations/0022 §6 blob_manifests (append-only); apps/api/test/int/phase1-fault-injection.test.ts; apps/api/migrations/0006 objects.canonical_objects; test/acceptance/acceptance.test.ts: AC-6/AC-7; apps/api/migrations/0024; apps/api/test/int/phase3-acceptance.test.ts: C5; apps/api/migrations/0004 audit ledger + seals; apps/api/test/int/gate22-audit-verify.test.ts: C10,"Run the same named fixture on the SaaS, private-cloud and on-premises profiles once they exist (EXC-P0-004: only the local Compose profile exists at 2e83945)",Verified: test/int/phase1-hostile-input.test.ts A10; test/int/phase1-acceptance.test.ts A7; test/int/phase1-fault-injection.test.ts; test/acceptance/acceptance.test.ts AC-6/AC-7; test/int/phase3-acceptance.test.ts C5; test/int/gate22-audit-verify.test.ts C10. Audit independence limited (EXC-P0-001); ontology absent (DZ-08).
AU-DP-0149,"Every movement of governed data crosses an identified contract and control point (module boundaries enforced by dependency-cruiser in CI, host allowlist and SSRF refusal at egress); implicit trust and undocumented side channels are prohibited; an undeclared path is treated as denied.",All profiles.,V7:DP-08-001; V7:DP-08-003; V7:DP-08-005,V7:DP-08-001,data-platform,yes,all,ci-gate,verified:local,P7-D,".dependency-cruiser.cjs; .github/workflows/ci.yml: Module boundaries (dependency-cruiser, blocking); apps/api/src/app.module.ts; apps/api/src/observation/connectors/http-client.ts (host allowlist, SSRF refusal); apps/api/test/int/phase1-hostile-input.test.ts: A10 — SSRF","Run the same named fixture on the SaaS, private-cloud and on-premises profiles once they exist (EXC-P0-004: only the local Compose profile exists at 2e83945); Deployed flow inventory and boundary probes are AU-DP-0150.","Verified: .github/workflows/ci.yml ""Module boundaries (dependency-cruiser, blocking)""; test/int/phase1-hostile-input.test.ts A10."
AU-DP-0150,"The deployed system context is declared and reconciled as an inventory of context nodes, trust boundaries, data flows, authority, protocol, locality, classification, dependency, failure domain and accountable organization, with boundary probes, contract tests, policy traces, lineage closure and customer acceptance; an absent material flow or trust boundary prevents new data movement and preserves in-flight evidence until reconciled.","All profiles; enterprise systems, exchange and external consumers absent from the deployed context.",V7:DP-08-001; V7:DP-08-002; V7:DP-08-005; V7:DP-08-006,V7:DP-08-001,data-platform,yes,all,harness,open,P7-D,".dependency-cruiser.cjs; .github/workflows/ci.yml: Module boundaries (dependency-cruiser, blocking); apps/api/src/app.module.ts; apps/api/src/observation/connectors/http-client.ts (host allowlist, SSRF refusal); apps/api/test/int/phase1-hostile-input.test.ts: A10 — SSRF","Produce the flow inventory with trust boundary/locality/failure domain per flow, boundary probes and customer acceptance.",
AU-DP-0151,"Quality is governed multidimensional product state: dimensions (coverage, freshness, completeness, latency, twin element health) are reported side by side, unknown never maps to healthy, and no aggregate score conceals failed dimensions, affected records, uncertainty, policy violations or decision consequence; schema drift beyond tolerance quarantines.",All profiles; branch-only for twin health.,V7:DP-57-001; V7:DP-57-003; V7:DADR-020; V7:DP-57-005,V7:DP-57-001,data-platform,yes,all,harness,verified:local,P7-D,"apps/api/src/observation/coverage/coverage.service.ts (dimensions reported side by side, unknown never healthy); apps/api/migrations/0022 §8 coverage_measurements; apps/api/migrations/0022 schema_drift_tolerance -> quarantine; apps/api/src/observation/connectors/content-controls.ts; apps/api/test/int/phase1-acceptance.test.ts: A6, fails closed on schema drift beyond tolerance; apps/api/migrations/0032 state_elements.health; apps/api/src/observation/coverage/coverage.service.ts (dimensions side by side, unknown never healthy); apps/api/test/int/phase1-acceptance.test.ts: A6","Run the same named fixture on the SaaS, private-cloud and on-premises profiles once they exist (EXC-P0-004: only the local Compose profile exists at 2e83945); Quality-rule registry and the remaining dimensions are AU-DP-0152.","Verified: test/int/phase1-acceptance.test.ts A6, ""fails closed on schema drift beyond tolerance""; migrations/0032 state_elements.health."
AU-DP-0152,"A versioned quality-rule registry declares rule, dimension (accuracy, completeness, validity, consistency, uniqueness, timeliness, provenance, representativeness, fitness), scope, population, threshold, method, owner, observation, exception, impact and remediation across assets, with quality-SLO objects and attainment measures.",All profiles.,V7:DP-57-002; V7:DP-57-001; V10:IR-21-003; V10:R-10,V7:DP-57-002,data-platform,yes,all,harness,open,P1,"apps/api/src/observation/coverage/coverage.service.ts (dimensions reported side by side, unknown never healthy); apps/api/migrations/0022 §8 coverage_measurements; apps/api/migrations/0022 schema_drift_tolerance -> quarantine; apps/api/src/observation/connectors/content-controls.ts; apps/api/test/int/phase1-acceptance.test.ts: A6, fails closed on schema drift beyond tolerance; apps/api/migrations/0032 state_elements.health; apps/api/src/observation/sources/source-contract.ts (authority_and_rights.rights_state, purposes, classification_ceiling, freshness_expectation, correction_channel); apps/api/migrations/0022_observation_registry_and_evidence.sql (custody, tombstones); test/int/phase1-acceptance.test.ts: A1 the registered contract carries the complete §7 field set; A2 chain of custody and byte-identical retrieval; a retrieval writes its custody entry; test/int/domain-isolation.test.ts; test/int/phase6-scheduled-collection.test.ts; apps/api/src/observation/corrections/corrections.service.ts; apps/api/src/graph/entities/resolution.service.ts; test/int/phase3-corrections.test.ts; test/int/phase3-acceptance.test.ts: C2 an uncertain resolution cannot merge silently",Build the quality-rule/SLO registry (source coverage dimensions and twin health only today).,IR-21-003 and R-10 are Volume 10 (explanatory) statements of the SLO obligation.
AU-DP-0153,"When quality falls outside contract, measurement is invalid or impact cannot be bounded, degradation is declared, affected partitions or objects quarantined, consumers notified, remediation from authoritative sources performed and reverification done before release; admission requires rule fixtures, distribution and anomaly tests, slice analysis, impact lineage, remediation replay, consumer acknowledgement and governance review.",All profiles.,V7:DP-57-005; V7:DP-57-006,V7:DP-57-005,data-platform,yes,all,harness,open,P1,"apps/api/src/observation/coverage/coverage.service.ts (dimensions reported side by side, unknown never healthy); apps/api/migrations/0022 §8 coverage_measurements; apps/api/migrations/0022 schema_drift_tolerance -> quarantine; apps/api/src/observation/connectors/content-controls.ts; apps/api/test/int/phase1-acceptance.test.ts: A6, fails closed on schema drift beyond tolerance; apps/api/migrations/0032 state_elements.health","Add partition/object quarantine, consumer notification, distribution/anomaly tests and slice analysis (schema-drift quarantine and health degradation exist).",
AU-DP-0154,"Source freshness (age of the latest accepted observation against contract), arrival completeness (expected versus received), projection reconciliation gap (on-demand byte-equality verification) and retrieval permission correctness are measured or proven.",All profiles; sources only; proven by tests rather than operating measurement.,V7:DQM-003; V7:DQM-004; V7:DQM-022; V7:DQM-027,V7:DQM-003,data-platform,yes,all,harness,verified:local,P7-D,"apps/api/src/observation/coverage/coverage.service.ts (freshness vs contract threshold); apps/api/test/int/phase1-acceptance.test.ts: A6; apps/api/src/observation/coverage/coverage.service.ts (expected vs actual coverage, completeness insufficient_evidence); apps/api/test/int/phase1-acceptance.test.ts: A11 no projection has drifted; apps/api/test/int/phase3-acceptance.test.ts: C4 search is permission-aware","Run the same named fixture on the SaaS, private-cloud and on-premises profiles once they exist (EXC-P0-004: only the local Compose profile exists at 2e83945); Continuous operating measurement per asset/tenant/deployment/product/consumer/window is AU-DP-0156.","Verified: test/int/phase1-acceptance.test.ts A6, A11; test/int/phase3-acceptance.test.ts C4."
AU-DP-0155,Coverage ratio (observed governed universe versus declared coverage universe) and blind-spot duration are reported as metrics with a named test.,All profiles.,V7:DQM-005; V7:DQM-006,V7:DQM-005,data-platform,yes,all,harness,open,P3,"apps/api/src/observation/coverage/coverage.service.ts (coverage universe per contract); apps/api/src/observation/coverage/coverage.service.ts (blind spots, degraded regions displayed in their own right)",Report coverage ratio and blind-spot duration as metrics (derivable from stored measurements) and add tests.,
AU-DP-0156,"The structurally enforced controls are measured as operating rates per asset, tenant, deployment, product, consumer and window: contract conformance rate, schema rejection rate, referential integrity, temporal completeness, temporal anomaly rate, truth-state completeness, provenance completeness, custody integrity, classification completeness, policy enforcement success, unauthorized access denial, correction propagation time, stale projection rate, graph edge validity, citation closure, pipeline success rate and pipeline recovery time.",All profiles; enforced per write but no rate metric is computed.,V7:DQM-001; V7:DQM-002; V7:DQM-011; V7:DQM-012; V7:DQM-013; V7:DQM-014; V7:DQM-015; V7:DQM-016; V7:DQM-017; V7:DQM-018; V7:DQM-019; V7:DQM-020; V7:DQM-021; V7:DQM-025; V7:DQM-029; V7:DQM-032; V7:DQM-033,V7:DQM-001,data-platform,yes,all,operating-measurement,open,P7-D,"apps/api/src/objects/objects.service.ts (schema-validated admission); apps/api/migrations/0022 quarantine reason_class schema_drift; apps/api/src/observation/coverage; apps/api/migrations/0006 minimum_provenance; apps/api/migrations/0024 edges REFERENCES entities; apps/api/migrations/0041 options cite completed runs; apps/api/migrations/0006 temporal columns; apps/api/test/int/phase1-acceptance.test.ts: four times are populated per the type rules; apps/api/migrations/0006 valid_interval CHECK; source_clock_quality; apps/api/migrations/0006 truth_state NOT NULL CHECK; apps/api/migrations/0023 claim_lineage NOT NULL; apps/api/test/int/phase2-acceptance.test.ts: B1; apps/api/migrations/0022 custody_events digest_verified; apps/api/src/observation/vault/vault.service.ts; apps/api/migrations/0006 classification NOT NULL; apps/api/src/pipeline/pipeline.service.ts (obligations executed and evidenced); apps/api/migrations/0013; apps/api/migrations/0003 policy_decisions (denials recorded); test/acceptance/acceptance.test.ts: denied request; PHASE4_REPORT.md §9 series cache; apps/api/migrations/0024 edge constraints (type, time, provenance NOT NULL); apps/api/test/int/phase3-acceptance.test.ts: C5; apps/api/migrations/0023 claim_lineage byte spans; apps/api/migrations/0044 briefings cite items with availability; apps/api/migrations/0022 collection_runs_current.state; apps/api/migrations/0038 scheduled_attempts (finished/failed/refused/faulted); apps/api/migrations/0022 checkpoints; apps/api/test/int/phase1-fault-injection.test.ts",Compute and expose the rate metrics from stored decisions/events (DQM catalogue) in the observability plane; correction propagation time also serves AU-OBS coverage indicators (ES-31-008).,
AU-DP-0157,"Validity rate, accuracy estimate, uniqueness rate and consistency rate are measured across assets against type, range, format and business constraints, sampled ground truth, declared identity/grain and cross-field/cross-source/cross-product constraints.",All profiles.,V7:DQM-007; V7:DQM-008; V7:DQM-009; V7:DQM-010,V7:DQM-007,data-platform,yes,all,harness,open,P1,,Add validity/accuracy/uniqueness/consistency measurement in the quality-rule registry (AU-DP-0152).,
AU-DP-0158,"Entity-resolution precision and recall, graph orphan rate and retrieval relevance are measured against governed evaluation sets.",All profiles.,V7:DQM-023; V7:DQM-024; V7:DQM-026; V7:DQM-028; V10:IR-14-003,V7:DQM-023,data-platform,yes,all,harness,open,P3,"PHASE3_REPORT.md §9; apps/api/src/observation/sources/source-contract.ts (authority_and_rights.rights_state, purposes, classification_ceiling, freshness_expectation, correction_channel); apps/api/migrations/0022_observation_registry_and_evidence.sql (custody, tombstones); test/int/phase1-acceptance.test.ts: A1 the registered contract carries the complete §7 field set; A2 chain of custody and byte-identical retrieval; a retrieval writes its custody entry; test/int/domain-isolation.test.ts; test/int/phase6-scheduled-collection.test.ts; test/int/phase1-acceptance.test.ts: A6 coverage, health, and the honesty of unknown; test/int/phase3-acceptance.test.ts: the entity records WHICH resolved, WHEN, BY WHAT SCORE and under WHAT rule; test/int/phase2-acceptance.test.ts: B1 claims carry method, model, version, confidence and evidence lineage; e2e/phase1-observation.spec.ts: 10. a known-at query reproduces the pre-correction state",Build entity-resolution and retrieval evaluation sets and the orphan-rate query (PHASE3_REPORT.md §9 records none).,IR-14-003 (V10) explanatory: identity-resolution quality.
AU-DP-0159,"Stream end-to-end latency, consumer lag, policy-complete query latency and unit data cost are measured per asset, tenant, deployment, product, consumer and window.",All profiles; depends on streams/consumers/cost ledger.,V7:DQM-034; V7:DQM-035; V7:DQM-036; V7:DQM-040,V7:DQM-034,data-platform,yes,all,operating-measurement,open,P7-D,,"Add the SLO measurements with the stream, consumer, query-latency and cost-ledger capabilities.",
AU-DP-0160,"Graph, memory, indexes, features, strategic packages, twins, behaviour models and intelligence products declare measurable freshness, completeness, quality and expiry expectations (freshness contract, expected arrival, watermark, expiry, completeness denominator, consumer impact) and staleness by age is computed and measured as an SLO; memory writes carry expiry.",All profiles.,V0:C-014; V0:V00-T-076; V7:DP-58-001,V0:C-014,data-platform,yes,all,harness,open,P3,"migrations/0022 (freshness_threshold_seconds, cadence, coverage_measurements, source_health_events, quarantine expires_at); migrations/0028 (freshness_expectation, coverage_expectations); apps/api/src/observation/coverage/coverage.service.ts; e2e/phase1-observation.spec.ts: '5. coverage reports the planted gap'; test/int/phase6-scheduled-collection.test.ts: 'an UNCHANGED response is confirmed… freshness advanced'; migrations/0029 (refresh_cadence, supersession, response windows); migrations/0032/0035 twin element health and verification_state; migrations/0006 canonical header (ADR-P0-05); controls folded onto every derived object; apps/api/src/observation/coverage/facts.service.ts (facts from admitted objects, stored evaluation instant); apps/api/migrations/0022 §8 source_health_events; contract freshness_threshold_seconds, coverage universe; apps/web/app/observation/sources/[sourceId]/page.tsx; apps/web/app/prediction/forecasts/page.tsx (DEGRADED banner); apps/api/test/int/phase1-acceptance.test.ts: A6 unknown never healthy, PUBLISHER LAG distinct, health replay deterministic; apps/api/test/int/phase6-scheduled-collection.test.ts: UNCHANGED response confirmed, freshness advanced","Add freshness/expiry contracts to derived products (twins carry health, warnings carry windows; nothing else declares freshness or expiry).",
AU-DP-0161,Serialization profiles omit redundant header fields only when the containing signed context supplies identical immutable values and reconstruction is lossless; today no lossy profile is defined and the header digest binds the full canonical header (JCS).,All profiles; permissive clause (MAY).,V4:ES-24-005,V4:ES-24-005,data-platform,no,all,ci-gate,verified:local,P7-D,"packages/contracts/src/header.ts:228-238 (header digest over canonical JCS); packages/contracts/src/jcs.ts; packages/contracts/test/jcs.test.ts; test/int/rfc8785-crosslang.test.ts:64,73,208","Run the same named fixture on the SaaS, private-cloud and on-premises profiles once they exist (EXC-P0-004: only the local Compose profile exists at 2e83945)","Verified: packages/contracts/test/jcs.test.ts; test/int/rfc8785-crosslang.test.ts:64,73,208; header.ts:228-238 digest over canonical JCS."
AU-DP-0162,"Access is identity- and purpose-bound: reachability or possession never authorizes use, the PDP requires a purpose and denies by default, and de-authorized evidence cannot be read even by a holder of its reference.",All profiles.,V7:DADR-017,V7:DADR-017,data-platform,yes,all,harness,verified:local,P7-D,"apps/api/src/policy/pdp.service.ts (purpose required, default deny); apps/api/migrations/0014 evidence de-authorization; test/acceptance/acceptance.test.ts: AC-5, AC-11; apps/api/test/int/gate22-evidence-deauthorization.test.ts","Run the same named fixture on the SaaS, private-cloud and on-premises profiles once they exist (EXC-P0-004: only the local Compose profile exists at 2e83945)","Verified: test/acceptance/acceptance.test.ts AC-5, AC-11; test/int/gate22-evidence-deauthorization.test.ts; migrations/0014."
AU-DP-0163,"Degraded data modes are explicit: a degraded journal and readiness report the degraded state and its start, recovery reconciles deterministically, and the platform never fabricates completeness, freshness, correctness or policy state (DEGRADED banner on products).",All profiles.,V7:DADR-021,V7:DADR-021,data-platform,yes,all,harness,verified:local,P7-D,apps/api/src/shared/degraded-store.ts; apps/api/src/health/health.controller.ts; apps/api/migrations/0020; apps/api/test/int/gate22-degraded-recovery.test.ts: C9; PHASE4_REPORT.md §12.1 DEGRADED banner,"Run the same named fixture on the SaaS, private-cloud and on-premises profiles once they exist (EXC-P0-004: only the local Compose profile exists at 2e83945); EYE-DEG-001 emission is AU-DP-0064.",Verified: test/int/gate22-degraded-recovery.test.ts C9; apps/api/src/shared/degraded-store.ts; migrations/0020; PHASE4_REPORT.md §12.1 DEGRADED banner.
AU-DP-0164,Integrity and availability incidents are recorded; audit tampering freezes the chain and opens an integrity incident atomically; correction cases capture decision impact through the walk; automation executes only pre-authorized reversible controls and reconciliation requires a recovery capability held by a person; uncertainty during an event assumes the safer consequence class for warnings and evidence.,All profiles; branch-only decision impact.,V7:DP-63-001; V7:DP-63-002; V7:DP-63-003; V7:DP-63-005,V7:DP-63-001,data-platform,yes,all,harness,verified:local,P7-D,"apps/api/migrations/0004 audit.integrity_incidents, availability_incidents; apps/api/src/audit/audit.service.ts (tamper -> freeze + incident atomically); apps/api/src/observation/corrections/corrections.service.ts; apps/api/src/graph/strategy/impact.service.ts (decision impact via walk, branch-only DEC bucket); EXCEPTIONS.md security correction records; apps/api/test/int/audit-chain.test.ts: tamper response; apps/api/test/int/phase6-monitoring.test.ts: invalidated input reaches the package; migrations/0061 (a warning whose branch declares no consequence class is classed C2 ASSUMED — the more restrictive plausible class — and the record says assumed); apps/api/test/int/phase4-warning-levels.test.ts 'the absent-class rule'","Run the same named fixture on the SaaS, private-cloud and on-premises profiles once they exist (EXC-P0-004: only the local Compose profile exists at 2e83945); Incident command model and breach workflow are AU-DP-0165.",Verified: test/int/audit-chain.test.ts (tamper response); test/int/phase6-monitoring.test.ts (invalidated input reaches the package); test/int/gate22-degraded-recovery.test.ts C9.
AU-DP-0165,"Data incident response has an incident command model with severity, command roles, affected assets and subjects, timeline, access and lineage evidence, decisions, actions, subject notification, communication workflow, incident-scoped access and propagation constraints, return-to-service authority held by named humans and closure; admission requires tabletop and live exercises, breach and corruption scenarios, correction fan-out, decision-impact analysis, custody, communication and closure review.",All profiles.,V7:DP-63-001; V7:DP-63-002; V7:DP-63-003; V7:DP-63-005; V7:DP-63-006,V7:DP-63-001,data-platform,yes,all,harness,open,P7-D,"apps/api/migrations/0004 audit.integrity_incidents, availability_incidents; apps/api/src/audit/audit.service.ts (tamper -> freeze + incident atomically); apps/api/src/observation/corrections/corrections.service.ts; apps/api/src/graph/strategy/impact.service.ts (decision impact via walk, branch-only DEC bucket); EXCEPTIONS.md security correction records; apps/api/test/int/audit-chain.test.ts: tamper response; apps/api/test/int/phase6-monitoring.test.ts: invalidated input reaches the package",Build the incident command/breach-response model and exercise suite (integrity/availability incidents and correction cases are recorded and human-reconciled only).,
AU-DP-0166,"Housekeeping runs as controlled evidence-bearing workflows: the sweeper is idempotent, quarantines orphan blobs, events expired cases, fails interrupted runs, stops on a poison item and retries, never silently deletes anything, and maintenance never alters canonical meaning, temporal history, lineage, policy, legal hold or replayability.",All profiles.,V7:DP-64-001; V7:DP-64-003; V7:DP-64-005,V7:DP-64-001,data-platform,yes,all,harness,verified:local,P7-D,"apps/api/src/observation/sweeper/sweeper.service.ts (orphan blobs quarantined, expired cases evented, interrupted runs failed; idempotent; nothing silently deleted); apps/api/migrations/0015 outbox dead-letter; apps/api/test/int/phase1-fault-injection.test.ts: F34/F35/F36 the sweeper is idempotent","Run the same named fixture on the SaaS, private-cloud and on-premises profiles once they exist (EXC-P0-004: only the local Compose profile exists at 2e83945); Compaction/partitioning/reindexing/archiving/vacuum/dedup workflows are AU-DP-0167.",Verified: test/int/phase1-fault-injection.test.ts F34/F35/F36 (the sweeper is idempotent).
AU-DP-0167,"Compaction, partitioning, reindexing, archiving, vacuuming, expiry, deduplication and reconciliation run as operations with identity, target scope, authority, plan, dependencies, resource budget, approvals, checkpoints, observations, rollback, verification and closure; an operation that exceeds scope, corrupts state or blocks recovery stops mutation, fences affected state, preserves before/after evidence and restores or rolls forward through an approved plan; admission requires dry run, production-like scale, interruption and resume, corruption detection, rollback or roll-forward, resource limits and lifecycle audit.",All profiles.,V7:DP-64-001; V7:DP-64-002; V7:DP-64-005; V7:DP-64-006,V7:DP-64-001,data-platform,yes,all,harness,open,P7-D,"apps/api/src/observation/sweeper/sweeper.service.ts (orphan blobs quarantined, expired cases evented, interrupted runs failed; idempotent; nothing silently deleted); apps/api/migrations/0015 outbox dead-letter; apps/api/test/int/phase1-fault-injection.test.ts: F34/F35/F36 the sweeper is idempotent",Add the maintenance operation model (plan/approval/rollback/fencing) and the workflows themselves (the vault does not deduplicate identical bytes; no compaction/partitioning/reindexing).,
AU-DP-0168,"Decision replay records replay identity, initiator, reason, result and contributors while preserving original causation.",Branch-only (PR #46).,V4:ES-22-005,V4:ES-22-005,data-platform,yes,all,harness,verified:local,P7-D,"migrations/0043_decision_replay.sql:141,178,413; 0047:7; 0048:412; 0049:455; 0050 §2; test/int/phase6-replay.test.ts:76,129,141,185 (decision replay records replay identity/contributors)","Run the same named fixture on the SaaS, private-cloud and on-premises profiles once they exist (EXC-P0-004: only the local Compose profile exists at 2e83945); Event/workflow (outbox) replay identity is AU-DP-0169.","Verified: test/int/phase6-replay.test.ts:76,129,141,185; migrations/0043, 0047-0050."
AU-DP-0169,"Event and workflow replay through the outbox records replay identity, initiator, reason and result while preserving original causation.",All profiles.,V4:ES-22-005,V4:ES-22-005,data-platform,yes,all,harness,open,P7-D,"migrations/0043_decision_replay.sql:141,178,413; 0047:7; 0048:412; 0049:455; 0050 §2; test/int/phase6-replay.test.ts:76,129,141,185 (decision replay records replay identity/contributors)",Record replay identity/initiator/reason on outbox and workflow replays.,
AU-DP-0170,"Each object family carries its Appendix F temporal, truth-state and provenance profile: immutable observation (event + observation + record time; correction creates a new version), source assertion (withdrawal preserves history), human assessment (dissent and supersession retained), canonical entity (identity validity interval; merge reversible), temporal relationship (valid-from/valid-to), metric observation (definition version mandatory), forecast package (as-of + horizon; expiry and withdrawal explicit), scenario branch (never merges into observed), simulation run (invalidation preserves prior result), recommendation (does not become a decision), human decision (later evidence does not rewrite it), commitment (closure and breach versioned), outcome observation (links to prior commitments), correction (preserves affected history), withdrawal (prior use replayable) and deleted-record tombstone.",All profiles; Phase 4-6 families branch-only.,V7:TT-01; V7:TT-02; V7:TT-05; V7:TT-06; V7:TT-07; V7:TT-08; V7:TT-09; V7:TT-10; V7:TT-11; V7:TT-12; V7:TT-13; V7:TT-14; V7:TT-15; V7:TT-16; V7:TT-17; V7:TT-20,V7:TT-01,data-platform,yes,all,harness,verified:local,P7-D,"apps/api/migrations/0006; apps/api/test/int/phase1-acceptance.test.ts: A3/A8; apps/api/migrations/0022 SRC objects asserted; apps/api/test/int/phase1-acceptance.test.ts: A WITHDRAWAL says so in the truth state; apps/api/migrations/0023 review decisions; apps/api/migrations/0041 dissent; apps/api/test/int/phase6-decisions.test.ts: F3 dissent; apps/api/migrations/0024 §2-§4; apps/api/test/int/phase3-acceptance.test.ts: C3 split reversible; apps/api/migrations/0024 edges valid_from/valid_to; apps/api/test/int/phase3-acceptance.test.ts: C5; apps/api/migrations/0029 series_registry (parser_ref version) + measurement windows; apps/api/test/int/phase4-acceptance.test.ts: D2; apps/api/migrations/0029 forecasts (as-of, horizon, expiry); apps/api/test/int/phase4-acceptance.test.ts: D1; apps/api/migrations/0029 scenarios/branches; apps/api/migrations/0037 branch flip under both clocks; apps/api/test/int/phase4-acceptance.test.ts: D5/D6; apps/api/migrations/0033 runs (resolved initial state, digests, run.unverified); apps/api/test/int/phase5-simulations.test.ts: E4/E5; apps/api/migrations/0041 options/agent option cards (SIMULATED, never a decision); apps/api/test/int/phase6-decisions.test.ts: the decision agent holds exactly ONE write; apps/api/migrations/0042 commitment (C3, human authority); apps/api/test/int/phase6-approvals.test.ts: after commitment nothing reopens; apps/api/migrations/0042 CMT; apps/api/migrations/0045 condition_breaches, review overdue; apps/api/test/int/phase6-monitoring.test.ts: F6; apps/api/migrations/0045 outcomes (OUT citing observed twin element, reconciliation); apps/api/migrations/0029 outcome_ledger; apps/api/test/int/phase6-monitoring.test.ts: the OUT; apps/api/src/observation/corrections/corrections.service.ts; apps/api/migrations/0022 §9; apps/api/test/int/phase1-acceptance.test.ts: A8; apps/api/migrations/0006 lifecycle withdrawn + withdrawal_reason; apps/api/test/int/phase6-replay.test.ts: a withdrawal becomes unavailable (prior use replayable); apps/api/migrations/0022 blob_tombstones (reason, actor, time); apps/api/test/int/phase6-scheduled-corrections.test.ts: GOVERNED-DELETED bytes are not reused","Run the same named fixture on the SaaS, private-cloud and on-premises profiles once they exist (EXC-P0-004: only the local Compose profile exists at 2e83945); Gaps recorded by the first pass: assessment effective window not modelled (TT-05), overlap typing rules not enforced (TT-07, see AU-DP-0011), verified time of residual closure not recorded (TT-20, see AU-DP-0094).",Verified: test/int/phase1-acceptance.test.ts A3/A8; test/int/phase2-acceptance.test.ts B5; test/int/phase3-acceptance.test.ts C3/C5; test/int/phase4-acceptance.test.ts D1/D2/D5/D6; test/int/phase5-simulations.test.ts E4/E5; test/int/phase6-decisions.test.ts F3; test/int/phase6-approvals.test.ts; test/int/phase6-monitoring.test.ts F6; test/int/phase6-replay.test.ts; test/int/phase6-scheduled-corrections.test.ts. TT-04 (reassessment trigger) is AU-DP-0041; TT-18 is AU-DP-0146; TT-19 is AU-DP-0047.
AU-DP-0171,"The canonical data contract, schema registry, canonical object model, temporal/bitemporal data, truth state, provenance/lineage and correction semantics (object, temporal, truth-state, provenance, policy, correction, export, replay, failure and human authority) are identical in SaaS, Private Cloud and On-Premise deployments and every operational variance is declared.","V7 ch.17, 18, 19, 21, 22, 23, 24; DADR-024 (one data contract spans every deployment).",V7:DP-17-004; V7:DP-18-004; V7:DP-19-004; V7:DP-21-004; V7:DP-22-004; V7:DP-23-004; V7:DP-24-004; V7:DADR-024,V7:DP-17-004,data-platform,yes,all,deployment,open,P7-D,"EXCEPTIONS.md: EXC-P0-004 (single deployment profile, local Compose); docker-compose.yml; EXCEPTIONS.md EXC-P0-004","Deliver the SaaS, private-cloud and on-premises profiles (P7-D) and run the chapter golden journeys, PAR fixtures and the ES-14-005 normative conformance suite on each profile with a signed result; record declared operational variance per profile; the unit completes only when all three legs (SaaS, Private Cloud, On-Premise) are accepted or a non-parity declaration with exception owner and expiry exists for a profile (audit/CROSS_REFERENCES.md §3).","Same obligation stated per chapter in V8 (PR-xx-004), V7 (DP-xx-004), V6 (IA-xx-004), V4 (ES-xx-010) and V3 (layer acceptance); merged per capability cluster, each source keeps its chapter scope in the condition. Per audit/CROSS_REFERENCES.md §3 each -004 row carries three legs (SaaS, Private Cloud, On-Premise; owner choice §5.2 recommends three, with disconnected/air-gapped accepted through IA-11/PR-48/PAR-20/21), all unverified; a local harness pass never rolls up as passed. Only the local Compose profile exists (EXC-P0-004)."
AU-DP-0172,"The batch processing and orchestration, query/caching/projection, storage and state classes, transactional datastores, object/evidence storage and data/AI pipeline runtime semantics (object, temporal, truth-state, provenance, policy, correction, export, replay, failure and human authority) are identical in SaaS, Private Cloud and On-Premise deployments and every operational variance is declared.","V7 ch.30, 32; V6 ch.31, 32, 33, 45.",V6:IA-31-004; V6:IA-32-004; V6:IA-33-004; V6:IA-45-004; V7:DP-30-004; V7:DP-32-004,V6:IA-31-004,data-platform,yes,all,deployment,open,P7-D,"docker-compose.yml (digest-pinned postgres/redis, loopback only, required env, local-dev profile per EXC-P0-004); apps/api/src/policy/pdp.service.ts (environment.deployment hard-coded local-dev); EXCEPTIONS.md: EXC-P0-004 (single deployment profile, local Compose); docker-compose.yml","Deliver the SaaS, private-cloud and on-premises profiles (P7-D) and run the chapter golden journeys, PAR fixtures and the ES-14-005 normative conformance suite on each profile with a signed result; record declared operational variance per profile; the unit completes only when all three legs (SaaS, Private Cloud, On-Premise) are accepted or a non-parity declaration with exception owner and expiry exists for a profile (audit/CROSS_REFERENCES.md §3).","Same obligation stated per chapter in V8 (PR-xx-004), V7 (DP-xx-004), V6 (IA-xx-004), V4 (ES-xx-010) and V3 (layer acceptance); merged per capability cluster, each source keeps its chapter scope in the condition. Per audit/CROSS_REFERENCES.md §3 each -004 row carries three legs (SaaS, Private Cloud, On-Premise; owner choice §5.2 recommends three, with disconnected/air-gapped accepted through IA-11/PR-48/PAR-20/21), all unverified; a local harness pass never rolls up as passed. Only the local Compose profile exists (EXC-P0-004)."
AU-DP-0173,"The data domain and product operating model, system context, data product architecture, data APIs and query services, event products and subscriptions, analytics and semantic serving and metadata catalog semantics (object, temporal, truth-state, provenance, policy, correction, export, replay, failure and human authority) are identical in SaaS, Private Cloud and On-Premise deployments and every operational variance is declared.","V7 ch.5, 8, 41, 42, 43, 44, 49.",V7:DP-05-004; V7:DP-08-004; V7:DP-41-004; V7:DP-42-004; V7:DP-43-004; V7:DP-44-004; V7:DP-49-004,V7:DP-05-004,data-platform,yes,all,deployment,open,P7-D,"EXCEPTIONS.md: EXC-P0-004 (single deployment profile, local Compose); docker-compose.yml","Deliver the SaaS, private-cloud and on-premises profiles (P7-D) and run the chapter golden journeys, PAR fixtures and the ES-14-005 normative conformance suite on each profile with a signed result; record declared operational variance per profile; the unit completes only when all three legs (SaaS, Private Cloud, On-Premise) are accepted or a non-parity declaration with exception owner and expiry exists for a profile (audit/CROSS_REFERENCES.md §3).","Same obligation stated per chapter in V8 (PR-xx-004), V7 (DP-xx-004), V6 (IA-xx-004), V4 (ES-xx-010) and V3 (layer acceptance); merged per capability cluster, each source keeps its chapter scope in the condition. Per audit/CROSS_REFERENCES.md §3 each -004 row carries three legs (SaaS, Private Cloud, On-Premise; owner choice §5.2 recommends three, with disconnected/air-gapped accepted through IA-11/PR-48/PAR-20/21), all unverified; a local harness pass never rolls up as passed. Only the local Compose profile exists (EXC-P0-004)."
AU-DP-0174,"The retention/legal hold/archive/deletion, data quality architecture, data incident response and operational data lifecycle/housekeeping semantics (object, temporal, truth-state, provenance, policy, correction, export, replay, failure and human authority) are identical in SaaS, Private Cloud and On-Premise deployments and every operational variance is declared.","V7 ch.54, 57, 63, 64.",V7:DP-54-004; V7:DP-57-004; V7:DP-63-004; V7:DP-64-004,V7:DP-54-004,data-platform,yes,all,deployment,open,P7-D,"EXCEPTIONS.md: EXC-P0-004 (single deployment profile, local Compose); docker-compose.yml","Deliver the SaaS, private-cloud and on-premises profiles (P7-D) and run the chapter golden journeys, PAR fixtures and the ES-14-005 normative conformance suite on each profile with a signed result; record declared operational variance per profile; the unit completes only when all three legs (SaaS, Private Cloud, On-Premise) are accepted or a non-parity declaration with exception owner and expiry exists for a profile (audit/CROSS_REFERENCES.md §3).","Same obligation stated per chapter in V8 (PR-xx-004), V7 (DP-xx-004), V6 (IA-xx-004), V4 (ES-xx-010) and V3 (layer acceptance); merged per capability cluster, each source keeps its chapter scope in the condition. Per audit/CROSS_REFERENCES.md §3 each -004 row carries three legs (SaaS, Private Cloud, On-Premise; owner choice §5.2 recommends three, with disconnected/air-gapped accepted through IA-11/PR-48/PAR-20/21), all unverified; a local harness pass never rolls up as passed. Only the local Compose profile exists (EXC-P0-004)."
