unit_id,statement,condition,source_rows,primary_source,capability_area,mandatory,profiles,evidence_class,status,legs_verified,package,evidence,remaining_work,notes
AU-MEM-0001,"A twin boundary, a forecast subject, a strategy object and a decision package each name resolved Knowledge Graph entities or strategy objects, and a write that names none is refused at the port.",All profiles; enforced at the database port irrespective of caller role; refusal is fail-closed with no partial write.,V0:C-009; V2:V02-T-002; V2:V02-T-003; V2:V02-T-016; V2:V02-T-042; V2:V02-T-043; V3:ADR-0002; V5:AI-13-001; V7:DP-33-001,V0:C-009,memory-graph,yes,saas|private|onprem,harness,verified:local,,R0,"migrations/0024_graph_entities_edges_and_strategy.sql; test/int/phase5-twins.test.ts: 'a twin without a boundary entity is refused', 'a boundary entry that is not a resolved entity is refused'; test/int/phase3-acceptance.test.ts: 'a strategy object that names nothing it rests on is refused', 'resolves differently spelled mentions of the same identifier to ONE entity'; migrations/0029 issue_forecast (assumptions must be strategy-graph ASUs); test/int/phase6-decisions.test.ts: 'PROPOSE binds the version: DPK@v1 admitted, the digest an approval will sign, dependencies reaching the DEC'",Integrate phase5/phase6 branches to main (R0); run the named cases in the cross-profile conformance suite (P7-D).,"Merged C-009 (partial: its remaining items are AU-MEM units on ontology governance, hybrid retrieval, reasoning and master identity), V02-T-002 (models and learning outcomes are not governed graph objects: routed to the intelligence/learning groups), V02-T-003/016/042/043, ADR-0002, AI-13-001, DP-33-001. Conditions preserved: anchoring is enforced at the ports, the graph's reasoning role is thin."
AU-MEM-0002,"Graph reasoning (pattern, rule, path and community methods) records the query, subgraph boundary, algorithm, parameters, rules, embeddings, graph revision, pruning and result lineage, and returns results with uncertainty and evaluation.",All profiles; results are proposals until stewardship admits them (AU-MEM identity/edge units).,V0:C-009; V3:L4-C07; V5:AI-24-002; V5:AI-C026,V0:C-009,memory-graph,yes,saas|private|onprem,harness,open,,P3,,"Build the reasoning/constraint engine (L4-C07) beyond edge-admission checks: rule evaluation, inference and constraint checking with a recorded algorithm and graph revision per result; add a harness case asserting the recorded lineage.","L4-C07 missing; AI-24-002 and AI-C026 partial (explore/impact exist, reasoning paths do not)."
AU-MEM-0003,"Graph explanations expose material paths, relationships, evidence, temporal validity, policy-limited gaps and alternative or contradictory structures.","All profiles; policy-limited gaps are declared, never silently omitted.",V5:AI-24-004; V5:AI-C026,V5:AI-24-004,memory-graph,yes,saas|private|onprem,harness,open,,P3,test/int/phase3-acceptance.test.ts: C5/C6 (paths with evidence and temporal validity exist),Add a graph-explanation product that lists alternative/contradictory structures and policy-limited gaps; harness case for a policy-trimmed path declaring the gap.,
AU-MEM-0004,"Graph embeddings and approximations never replace canonical rows for identity, authorization, provenance, temporal truth or explanation.",Applies once semantic indexes exist (AU-MEM hybrid retrieval unit); until then there is nothing to test.,V5:AI-24-005,V5:AI-24-005,memory-graph,yes,saas|private|onprem,harness,open,,P3,none: no graph embeddings exist at 2e83945,"When the vector/semantic index is introduced, add a harness case proving identity, authorization, provenance and as-of answers are served from canonical rows regardless of embedding results.",First pass marked the row not-applicable; kept open as a guard obligation that becomes testable with P3.
AU-MEM-0005,"No edge is admitted without type, valid time, record time, provenance (claim id/version, evidence digest), mode and policy context; an edge with an unresolved end is refused; a QUEUED claim is refused at the port.",All profiles; enforced at the database port (migrations/0025 edge admission) not only in the service.,V2:V02-T-047; V2:V02-T-048; V2:V02-T-110; V3:L4-C03; V3:L4-C05; V3:REL; V3:V03-T-103; V4:ES-34-005; V4:ES-34-007; V4:V04-T-025; V5:AI-44-003; V7:DAT-KN-03,V2:V02-T-047,memory-graph,yes,saas|private|onprem,harness,verified:local,,P7-D,"migrations/0024:385-403 (edges_current: valid_from/to, claim_id/claim_version, evidence_digest, confidence, mode, state; edge_events); migrations/0030 (inherited controls); migrations/0025:137 (edge admission); test/int/phase3-acceptance.test.ts:503 'an edge with an unresolved end is REFUSED', 'every edge carries valid time, record time, mode and evidence'; test/int/phase3-corrections.test.ts: 'refuses a QUEUED claim at the port, not only in the service', F2; test/unit/codex-corrections.test.ts:599,609",Run the named cases in the cross-profile conformance suite (P7-D).,"ES-34-007/V04-T-025 are aggregate control rows; their other bullets (reversibility, ontology compatibility, permission-aware queries, synthetic marking) are separate AU-MEM units. V02-T-048 note: policy is per-edge admission rules, no per-predicate policy catalogue (ontology unit)."
AU-MEM-0006,"Entities are typed, versioned, time-aware, source-linked, confidence-bearing, policy-scoped and globally identifiable through identifier systems within the tenant/domain boundary; every graph table is under FORCE row-level security.",All profiles; tenant/domain scope from the bound context.,V0:V00-T-043; V2:V02-T-045; V3:ENT; V3:L4-C04; V6:IA-34-003; V7:DAT-KN-04,V0:V00-T-043,memory-graph,yes,saas|private|onprem,harness,verified:local,,P7-D,"migrations/0024:109-190 (entity_events, entities_current, identifiers); test/int/phase3-acceptance.test.ts:377, C7 'every graph table is under FORCE row-level security'; test/int/phase3-corrections.test.ts: G5 supersession",Run the named cases in the cross-profile conformance suite (P7-D).,V00-T-043 condition 'within the appropriate tenant or federation boundary': federation is AU-MEM-0007.
AU-MEM-0007,Graph identity and policy scope extend to a federation boundary beyond tenant/domain.,Only where a federation of tenants is configured.,V0:V00-T-043,V0:V00-T-043,memory-graph,yes,saas|private|onprem,harness,open,,P7-D,none,Define the federation boundary object and RLS scope; harness case for cross-tenant federated read within the boundary and refusal outside it.,Federation is not scheduled by any phase; routed with the profile/trust package.
AU-MEM-0008,Bitemporal graph queries: an as-of query before an edge was asserted returns nothing; a retraction removes the edge going forward and leaves the past intact; valid time and record time are separate axes.,All profiles; applies to edges_current/edge_events and resolutions.,V2:V02-T-037; V2:V02-T-046; V3:L4-C04; V3:V03-T-248; V5:AI-24-001; V1:V01-T-012,V2:V02-T-037,memory-graph,yes,saas|private|onprem,harness,verified:local,,P7-D,"migrations/0024 (edges_current.valid_from/valid_to, edg_temporal_order); test/int/phase3-acceptance.test.ts:839,850 'an as-of query BEFORE the edge was asserted returns nothing — no hindsight', 'a retraction removes the edge going forward and leaves the past intact', 'WORLD time and RECORD time are separate axes'",Run the named cases in the cross-profile conformance suite (P7-D).,"V01-T-012 remaining (strategy node types, continuous propagation) is in the strategy/propagation units."
AU-MEM-0009,"A known-at read of any canonical object reproduces the pre-correction state without hindsight, from the four times (event, observation, valid, recorded) populated per type rules.",All profiles; every canonical object type.,V8:CAP-UM-10; V8:PR-22-002; V2:V02-T-004; V3:L3-C03; V5:AI-C029,V8:CAP-UM-10,memory-graph,yes,saas|private|onprem,harness,verified:local,,P7-D,"migrations/0006_objects.sql:28,84 (event_time, observation_time, valid_from/valid_to, recorded_at); apps/api/src/objects/objects.service.ts:141-156 (getKnownAt); test/int/phase1-acceptance.test.ts:290,328,827 'a known-at query reproduces the pre-correction state without hindsight', 'four times are populated per the type rules'; test/acceptance/acceptance.test.ts: 'as-of (known-at) retrieval shows the pre-correction state — no hindsight'; test/int/phase5-twins.test.ts: 'RECORD time: a known_at before the evidence was recorded yields no observations'",Run the named cases in the cross-profile conformance suite (P7-D).,"PR-22-002/CAP-UM-10 remaining (timeline projection, clock-skew fixtures) are AU-MEM timeline units."
AU-MEM-0010,"Historical analysis resolves information by system time and keeps later corrections, outcomes and policy changes in a separate comparison boundary (decision replay layers known/believed/tested).",All profiles; replay reads graph state at the decision's cut-offs.,V3:V03-T-298; V5:AI-26-002; V7:DAT-KN-12,V3:V03-T-298,memory-graph,yes,saas|private|onprem,harness,verified:local,,R0,"migrations/0043 decision.replays/replay_layers; migrations/0043:178; apps/api/src/decision/replay/replay.service.ts; test/int/phase6-replay.test.ts:76,129 'known/believed/tested under cut-offs; the world moves after the decision stays a separate list', F5",Integrate phase6-decisions to main (R0); cross-profile run (P7-D).,
AU-MEM-0011,Automatic resolution happens only on an identifier match; a name match reaches the review queue as a proposal with ranked candidates and its ambiguity preserved; an accepted name match is refused by the database whatever a service intends.,"All profiles; applies to extraction, resolution agent and API callers alike.",V8:FEX-07; V8:OBJ-06; V2:V02-T-045; V3:L4-I01; V3:V03-T-111; V5:AG-009; V5:AI-24-003; V5:AI-27-001; V5:AI-27-003; V5:AI-43-003; V7:DAT-KN-02; V7:DP-35-001; V7:DP-35-002,V8:FEX-07,memory-graph,yes,saas|private|onprem,harness,verified:local,,P7-D,"apps/api/src/graph/entities/resolver.service.ts (eight authority rules); apps/api/src/graph/entities/resolution.service.ts; migrations/0024 resolutions_current constraints; test/int/phase3-acceptance.test.ts: C1 'resolves differently spelled mentions of the same identifier to ONE entity', C2 'the database REFUSES an accepted name match, whatever a service intends', 'name-exact-ambiguous reaches the queue'; apps/api/src/intelligence/gateway/model-gateway.service.ts: rank",Run the named cases in the cross-profile conformance suite (P7-D).,DP-35-001 remaining (feature/model matching) is AU-MEM resolution-features unit.
AU-MEM-0012,"A merge or split is decided by a person who is not the proposer, with the reason recorded; agents and extraction cannot commit a merge, split or entity retirement.",All profiles; separation of duties enforced by the PDP (graph.resolution.decide vs propose) and the resolutions_current constraints.,V8:OBJ-07; V8:PR-18-003; V5:AG-009; V5:AI-43-004; V5:AI-45-004; V7:DP-35-003,V8:OBJ-07,memory-graph,yes,saas|private|onprem,harness,verified:local,,P7-D,"apps/api/src/policy/pdp.service.ts (graph.resolution.decide vs graph.resolution.propose; resolution_agent); test/int/phase3-acceptance.test.ts:503 'a person who is NOT the proposer decides it, and the reason is recorded', 'the proposer may not decide its own proposal, even holding the action'",Run the named cases in the cross-profile conformance suite (P7-D).,PR-18-003 remaining (named data-steward persona with adjudication case records) is AU-MEM authority-boundary unit.
AU-MEM-0013,"Each human-authority boundary of chapters 18, 19, 20 and 22 is enforced as a PDP rule with a named eligible authority, digest, expiry and separation-of-duties record; the graph explorer labels connectivity as association, never as causality or truth.","All profiles; boundaries: stewardship commits merges/splits/relationship adjudications (ch.18); mutation requires governed evidence and stewardship, exploration reveals associations only (ch.19); memory cannot silently convert text/model output/belief into truth, humans govern strategic and sensitive records (ch.20); time/provenance views may not rewrite history or conceal corrections, missing intervals, source limitations or policy filtering (ch.22).",V8:PR-18-003; V8:PR-19-003; V8:PR-20-003; V8:PR-22-003,V8:PR-18-003,memory-graph,yes,saas|private|onprem,harness,open,,P3,apps/api/src/policy/pdp.service.ts; apps/api/test/unit/pdp.test.ts; apps/api/test/int/gate22-authority-matrix.test.ts: 'no port succeeds on a role outside its grantee set' (coarse roles only),"Define the eligible-authority record (principal, digest, expiry, separation) per chapter transition; add an association-not-causality label to the explorer; harness cases per boundary.",Rows are 'implemented/partial' because coarse PDP roles approximate the boundary; the named-authority record does not exist.
AU-MEM-0014,"A committed merge is reversible: a split creates a new entity naming its origin without deleting anything, the prior merge is SUPERSEDED with its reason and score kept, and a known-at query before the split still reproduces the merged view.",All profiles; history survives every reversal.,V0:V00-T-044; V8:OBJ-08; V3:L4-C09; V3:V03-T-104; V4:ES-34-007; V4:V04-T-025; V7:DP-35-005; V10:IR-15-003,V0:V00-T-044,memory-graph,yes,saas|private|onprem,harness,verified:local,,P7-D,"migrations/0024:226-245 (resolution_events/resolutions_current, split_entity); apps/api/src/graph/entities/resolution.service.ts; test/int/phase3-acceptance.test.ts:657 'splits a merged entity without deleting anything', :692 'the prior merge is SUPERSEDED, not deleted, and keeps its reason and score', :709 'a known-at query BEFORE the split still reproduces the merged view', :730 'the new entity names the entity it was split from'",Run the named cases in the cross-profile conformance suite (P7-D).,"V03-T-104/L4-C09 first-pass text says split/reversal are not implemented; the V0/V8 evidence names the passing split cases, so the discrepancy is resolved in favour of the named tests. Their other condition (ordering/retry/escalation of reconciliation) is AU-MEM reconciliation-manager unit. V00-T-044 contradicting-evidence condition is the contradiction unit."
AU-MEM-0015,"The merge/split/reconciliation manager orders, retries, budgets and escalates reconciliation cases and exposes their state.",All profiles.,V3:L4-C09; V3:V03-T-104,V3:L4-C09,memory-graph,yes,saas|private|onprem,harness,open,,P3,migrations/0024:226-245 (resolution_events/resolutions_current only),"Add case lifecycle state (queued/in-progress/escalated), retry and budget controls and an escalation path for stalled stewardship cases; harness case for an escalated stale case.",
AU-MEM-0016,"Identity resolution uses source authority, identifiers, names, aliases, attributes, relationships, temporal compatibility, geography, language, ontology, prior stewardship decisions and negative evidence.",All profiles; features are recorded on the proposal so the decision is explainable.,V5:AI-27-002; V5:AI-43-001; V5:AI-43-002; V7:DP-35-001,V5:AI-27-002,memory-graph,yes,saas|private|onprem,harness,open,,P3,apps/api/src/graph/entities/resolver.service.ts (identifier/name rules); test/int/phase3-acceptance.test.ts: C1/C2/C3,"Add temporal-compatibility, geography, language, prior-decision and negative-evidence features to the resolver and record them on proposals; record language on NER mentions; harness cases for a negative-evidence refusal and a temporal-incompatibility non-match.","AI-43-001 other conditions (evidence location, document version, ontology type, confidence, lineage) are verified by claim_lineage/C1-C3 and merged here."
AU-MEM-0017,"Master identity across languages, alias management and an entity-resolution workbench (aliases, candidates, duplicates, merges, splits with evidence comparison) exist for stewards.",All profiles; steward role.,V8:CAP-UM-03; V8:PR-18-001; V8:PR-18-002; V3:L4-C02; V10:ENT-03,V8:CAP-UM-03,memory-graph,yes,saas|private|onprem,browser,open,,P3,"apps/api/src/graph/graph.controller.ts (/entities/resolve, /resolutions/:id/decide, /entities/:id/split, /entities/identifier-systems/*); apps/web/app/graph/resolutions/page.tsx (queue only)",Add an alias table and multilingual/master identity; extend the resolutions page into a workbench with evidence comparison and a steward case queue; browser case on the golden identity corpus.,ENT-03 entitlement enforcement is AU-MEM entitlement unit.
AU-MEM-0018,"Candidate entities minted for unmatched mentions are reviewed or retired; ambiguous candidates stay unresolved, unsafe consolidation is suspended, contaminating merges are reversed and corrections propagate with review routed to accountable stewards.","All profiles; failure conditions: ambiguous candidates, conflicting evidence, contamination, identity quality outside the accepted envelope.",V8:PR-18-005; V7:DP-35-005,V8:PR-18-005,memory-graph,yes,saas|private|onprem,harness,open,,P3,test/int/phase3-acceptance.test.ts: C1-C3 (candidates queued; split reversal); apps/web/components/ui.tsx (DegradedBanner); apps/api/src/shared/degraded-store.ts,"Add retirement of orphan candidate entities (PHASE3_REPORT.md §9); declare the continuity contract for ch.18 (hold, expose affected scope, route to steward) and a fault case exercising it.",PR-18-005 condition 'a merge would cross tenant or policy boundaries' is covered by RLS refusal; the routed review path is missing.
AU-MEM-0019,"Relationship candidates from extraction or agents enter a proposal state and are committed, rejected or qualified only by steward adjudication with rationale, evidence and revision recorded.",All profiles; agents never commit graph edges.,V8:CAP-UM-04; V8:OBJ-09; V8:OBJ-10; V8:PR-18-002; V5:AG-010; V5:AG-011; V5:AI-44-005,V8:CAP-UM-04,memory-graph,yes,saas|private|onprem,harness,open,,P3,apps/api/src/graph/edges/edges.service.ts (/edges/build asserts directly with claim/evidence); migrations/0025_impact_closure_and_edge_admission.sql; apps/api/src/policy/pdp.service.ts (no agent role on graph-deciding actions),Add a relationship proposal state and an adjudicate port (commit/reject/qualify) with rationale; a relationship curation workbench; harness cases: agent proposal cannot become an edge without adjudication.,AI-44-005 'agent SHALL NOT commit edges' holds by PDP today but has no named test; the proposal state is absent.
AU-MEM-0020,"A relationship candidate binds exact supporting spans, endpoint candidates, direction, predicate, ontology version, temporal scope, truth state, confidence and contradictory evidence, and distinguishes direct assertion, co-occurrence, event-mediated relation, model inference, graph inference and analyst assessment; counter-evidence, negation, conditionality, hearsay, source conflict and expiry stay visible.",All profiles.,V5:AI-27-004; V5:AI-44-001; V5:AI-44-002; V5:AI-44-004,V5:AI-27-004,memory-graph,yes,saas|private|onprem,harness,open,,P3,"migrations/0025; migrations/0026_edge_supersession_and_case_coverage.sql; test/int/phase3-acceptance.test.ts: C5 (endpoints, direction, temporal scope, truth state, confidence, evidence exist)","Add reasoning-mode, counter-evidence/negation/conditionality fields and ontology version to relationship candidates; harness case that a negated relation is not admitted as asserted.",
AU-MEM-0021,"Relationships, events, claims and assessments are typed temporal objects with evidence and accountable origin; extracted, inferred, assessed and human-judged relationships remain distinct and are never collapsed into one unqualified edge or fact.",All profiles.,V3:V03-T-096; V7:DP-33-003; V7:DP-36-001; V7:DP-36-003,V3:V03-T-096,memory-graph,yes,saas|private|onprem,harness,verified:local,,P7-D,"migrations/0023 (ENT/EVT/CLM/REL/ASM claim types with lineage, mode, confidence); migrations/0024 edges (state asserted/retracted/superseded); packages/contracts/src/truth-state.ts; test/int/phase2-acceptance.test.ts: B1; test/int/phase3-acceptance.test.ts: C5",Run the named cases in the cross-profile conformance suite (P7-D).,V03-T-096 (isolation of unverified synthetic/model content) had no named test in the first pass; B1/C5 exercise the truth-state distinction and are adopted here.
AU-MEM-0022,"Contradiction and corroboration sets are populated; a claim with missing or contradictory evidence, temporal scope, type or truth state is refused canonical promotion or marked disputed with alternatives preserved and material review routed; contradicting evidence appears on edges.",All profiles.,V0:V00-T-044; V7:DP-36-002; V7:DP-36-005; V7:DP-36-006,V0:V00-T-044,memory-graph,yes,saas|private|onprem,harness,open,,P2,migrations/0006 contradiction_refs/corroboration_refs (never populated); apps/api/src/graph/strategy/strategy.service.ts (decided vs asserted truth states),Build contradiction detection and an adjudication workflow that sets 'disputed'; add contradiction-set and downstream-interpretation fixtures; populate contradicting evidence on edges.,Package P2 (intelligence contradiction services) owns detection; the graph side is P3. DP-36-006 admission fixtures close with the same work.
AU-MEM-0023,"A Graph Revision (GRV) applies an atomic, validated set of node, edge, ontology, provenance and temporal changes; partial multi-object revisions cannot occur; when revision is partial or provenance missing the mutation is rejected as a whole.",All profiles.,V3:GRV; V3:L4-I02; V3:V03-T-110; V5:AG-011; V5:AI-45-001; V7:DP-33-005,V3:GRV,memory-graph,yes,saas|private|onprem,harness,open,,P3,apps/api/src/graph/edges/edges.service.ts (edges commit individually); migrations/0025:137; apps/api/src/pipeline/pipeline.service.ts (single-object transactional writes),Introduce the GRV object and a CommitGraphRevision port that commits a multi-object change set atomically with impact prediction; harness case: one invalid edge in a revision rolls back the whole revision.,"DP-33-005 other conditions (queue writes, serve last valid with staleness) are separate units."
AU-MEM-0024,"The Knowledge Graph Agent validates referential integrity, ontology constraints, duplicate identity, temporal consistency, contradiction preservation, policy and impact before submitting a revision.",All profiles.,V5:AI-45-002,V5:AI-45-002,memory-graph,yes,saas|private|onprem,harness,open,,P3,apps/api/src/graph/graph.orchestrator.ts (edge build); test/int/phase3-acceptance.test.ts: C5/C6,"Add pre-submission validation on the orchestrator covering duplicates, temporal consistency and contradiction preservation; harness case per check.",
AU-MEM-0025,"A versioned, namespaced, modular ontology registry governs entity types, predicates, constraints, classifications, mappings and domain extensions, and every canonical object carries a resolved ontology_ref instead of null.",All profiles; backward-compatible where practical.,V0:V00-T-046; V8:CAP-UM-06; V8:PR-19-002; V2:V02-T-044; V3:L4-C01; V4:ES-34-001; V7:DAT-KN-01; V7:DP-34-001; V7:DP-34-002; V10:IR-46-003,V0:V00-T-046,memory-graph,yes,saas|private|onprem,harness,open,,P3,"migrations/0006 ontology_ref (nullable, written null); migrations/0024 entity_type CHECK list, predicate free text (length check only); objects.schema_registry (schema versioning only)","Build the ontology registry (terms, relations, constraints, mappings, versions, namespaces, owner, effective time); constrain entity types and predicates to it; write ontology_ref on every object; harness cases for an unknown predicate refused and a versioned term resolved.",ES-34-001/PR-19-002 partial only for the ontology part; their persisted graph state is verified elsewhere.
AU-MEM-0026,"An ontology change carries rationale, alternatives, domain authority, compatibility analysis across data mappings, agents, models, twins, policies, simulations, APIs and user experiences, data/query migration, deployment parity and rollback; it is approved by a steward, never by the proposing agent; an incompatible change blocks promotion, preserves the prior version and exposes impacted objects; domain extensions cannot redefine constitutional concepts.",All profiles.,V0:V00-T-046; V3:L4-I05; V3:V03-T-105; V4:ES-34-007; V4:V04-T-025; V5:AG-012; V5:AI-45-003; V7:DP-34-003; V7:DP-34-005,V0:V00-T-046,memory-graph,yes,saas|private|onprem,harness,open,,P3,none,"Build the OntologyChangeProposed workflow with impact analysis, steward approval and rollback; harness cases: incompatible change blocked with impacted objects listed; extension redefining a core concept refused.",
AU-MEM-0027,"Ontology production admission requires reasoner and constraint tests, competency queries, mapping validation, migration rehearsal, consumer impact and ontology-board acceptance bound to the exact contracts, code, data versions, policies, infrastructure, customer scope, deployment profile and period.",All profiles; per release.,V7:DP-34-006,V7:DP-34-006,memory-graph,yes,saas|private|onprem,ci-gate,open,,P3,none,Add the ontology admission job to the release gate once the registry exists; record ontology-board acceptance per release.,
AU-MEM-0028,"Technology, regulation (obligation model), market, supply-chain and capability entities exist as governed graph types with resolution rules, so exploration and impact reach them.",All profiles.,V8:PR-19-001; V2:V02-T-109; V10:R-21,V8:PR-19-001,memory-graph,yes,saas|private|onprem,harness,open,,P3,"migrations/0024 entity_type IN (organization, place, asset, product, vessel, route, person, other)",Add the missing entity types through the ontology registry with resolution rules and a regulatory obligation model; harness case resolving a regulation entity and walking its impact to an objective.,
AU-MEM-0029,"A correction or invalidation walk reports what a changed claim or evidence reaches before anything is written, then marks every dependent assumption UNVERIFIED and reaches forecasts, scenarios, twins, runs and decision packages (via their DEC), preserving the merged/split views under known-at.",All profiles; operator-initiated at 2e83945; automatic on CorrectionApplied where a propagation agent is registered (0060).,V0:V00-T-045; V2:V02-T-113; V2:V02-T-115; V2:V02-T-129; V3:L3-I03; V3:V03-T-294; V5:AG-014; V5:AI-27-005; V5:AI-29-005; V5:AI-43-005; V1:V01-T-012,V0:V00-T-045,memory-graph,yes,saas|private|onprem,harness,verified:local,,R0,"migrations/0024:519 (graph.dependencies), :1306 (graph.record_impact); migrations/0025:26-57; migrations/0034/0035; apps/api/src/graph/strategy/impact.service.ts; test/int/phase3-acceptance.test.ts:996,1016,1028 'the walk reports what a changed claim reaches, before anything is written', 'propagation marks every dependent assumption UNVERIFIED and lists what is above it'; test/int/phase3-corrections.test.ts:322,468 'an EVIDENCE correction reaches the claims derived from it'; test/int/phase4-acceptance.test.ts: D7; test/int/phase5-propagation.test.ts; test/int/phase6-monitoring.test.ts: 'an invalidated input reaches the package through the operator-initiated walk, via its DEC'; apps/api/test/int/phase6-propagation-consumer.test.ts (the same walk run by the propagation agent on CorrectionApplied)",Integrate phase4-6 branches (R0); cross-profile run (P7-D). The CorrectionApplied consumer is AU-MEM-0108..0111 (B1); the GraphChanged/MemoryCorrected subscription registry is AU-MEM-0030.,AG-014 provenance agent: lineage edges exist as graph.dependencies; an agent constructing them is not separately owed by the named tests.
AU-MEM-0030,"Graph and memory changes publish a GraphChanged/MemoryCorrected event with affected identities, relationships, temporal scopes and subscriptions, and consumers (twins, forecasts, scenarios, decisions, retrieval, memory mappings) are updated through durable workflows without an operator-initiated walk.",All profiles; delivery is durable (outbox) and audited.,V0:C-009; V0:C-017; V0:V00-T-045; V8:JRN-04; V2:V02-T-129; V3:L4-C08; V3:L4-I03; V5:AI-29-005; V5:AI-45-005,V0:C-009,memory-graph,yes,saas|private|onprem,harness,open,,P3,"migrations/0063_graph_subscriptions.sql (six subscriber roles; graph.subscriptions and events; graph.subscription_deliveries and events; graph.retrieval_checks; graph.mapping_reconciliations; register/set_status, session open/extend, subscriptions_matching, delivery receive/items/finish, item begin/done, domains_to_serve, deliveries_to_reconcile with look-back, event_row, outbox_failures, replay; twin.apply_subscription_mark, prediction.mark_forecast_attention, prediction.mark_scenario_attention, decision.note_input_invalidated, graph.record_retrieval_check, graph.propose_mapping_reconciliation, graph.decide_mapping_reconciliation); apps/api/src/graph/subscriptions/graph-change.ts (GraphChanged@v1/MemoryCorrected@v1 contracts, consumer identities, the ledger); apps/api/src/graph/subscriptions/change-events.ts (emitters: identities, relationships, reach by the invalidation walker, temporal scope, subscriptions at publication, cause); apps/api/src/graph/subscriptions/subscription-dispatcher.service.ts; apps/api/src/graph/subscriptions/subscriptions.service.ts; apps/api/src/graph/subscriptions/subscription-session.service.ts; apps/api/src/graph/graph.controller.ts (decide, split, retract, declare, propagate emit GraphChanged; /subscriptions/* and /mappings/* routes); apps/api/src/graph/graph.orchestrator.ts (entity.created, entity.resolved, edge.asserted); apps/api/src/graph/propagation/propagation-consumer.service.ts (invalidation.assessed); apps/api/src/observation/acquisition/orchestrator.service.ts (MemoryCorrected evidence.corrected in the apply transaction); apps/api/src/intelligence/intelligence.controller.ts (MemoryCorrected claim.corrected); apps/api/src/graph/subscriptions/consumers/retrieval.consumer.ts; apps/api/src/graph/subscriptions/consumers/memory-mappings.consumer.ts; apps/api/src/twin/twins/twin-subscription.consumer.ts; apps/api/src/prediction/subscriptions/forecast-subscription.consumer.ts; apps/api/src/prediction/subscriptions/scenario-subscription.consumer.ts; apps/api/src/decision/subscriptions/decision-subscription.consumer.ts; apps/api/src/objects/outbox.publisher.ts (GraphChanged/MemoryCorrected routed to the domain subscription queue when served); apps/api/src/observation/scheduling/scheduler.service.ts (subscription job kind); apps/api/src/policy/pdp.service.ts (six exact apply actions, one role each; register/control/replay); apps/api/test/int/phase6-graph-subscriptions.test.ts (the whole suite; per-property units AU-MEM-0112 to AU-MEM-0117); apps/api/test/int/phase6-propagation-consumer.test.ts (the CorrectionApplied consumer, AU-MEM-0108 to AU-MEM-0111)","Delivered by B6 (0063) at the implementing head: the GraphChanged/MemoryCorrected events with affected identities, relationships, temporal scopes and subscriptions, the durable subscription registry and ledger, and the six consumers — twins, forecasts, scenarios, decisions, retrieval and memory mappings — each demonstrated by the author harness (AU-MEM-0112 to AU-MEM-0117), on the CorrectionApplied consumer of B1 (AU-MEM-0108 to AU-MEM-0111). The six units are verified:ci at fcbdefc (ci 34663012651, 852/852; C19 34663012694), one artefact, no deployment leg. Remaining: a dedicated harness case for the claim.corrected leg of MemoryCorrected (emitted by the review route; the consumers are the same); the demo act on eye_demo (NORDWERK) and the web view of subscriptions, deliveries and mapping proposals; cross-profile run (P7-D).","JRN-04 stages propagate/verify close with this unit. Full statement retained: the consumers named are twins, forecasts, scenarios, decisions, retrieval AND memory mappings (the earlier remaining-work prose omitted the last two)."
AU-MEM-0031,"The impact set of a correction also reaches memory items, warnings, simulations, briefings composed before the correction, commitments and evaluation datasets.",All profiles.,V2:V02-T-129; V3:V03-T-294; V5:AI-27-005; V5:AI-43-005,V2:V02-T-129,memory-graph,yes,saas|private|onprem,harness,open,,P3,apps/api/src/graph/strategy/impact.service.ts (reaches graph/strategy/twins/forecasts/scenarios/packages),"Extend graph.dependencies consumers to warnings, simulation runs, briefings and evaluation datasets; harness cases for a briefing re-flagged and a warning invalidated by a correction.",
AU-MEM-0032,"Propagation closes with a record of reached consumers, failed deliveries, residual exposure, owner acknowledgement and final audit evidence; an unresolved downstream impact stays visible until owned and closed.",All profiles.,V3:V03-T-297; V3:V03-T-301,V3:V03-T-297,memory-graph,yes,saas|private|onprem,harness,open,,P3,migrations/0024:573 (invalidations_current with truncated/unexplored); apps/web/app/graph/impact,Add owner and closure state on invalidations and a propagation-closure record; harness case: an invalidation cannot close without owner acknowledgement.,
AU-MEM-0033,"After a correction, eligible deterministic products are recomputed automatically and high-impact or committed products are routed to their human owners as review tasks.",All profiles; materiality policy decides which path.,V3:V03-T-296,V3:V03-T-296,memory-graph,yes,saas|private|onprem,harness,open,,P4,migrations/0029 (attention_state never auto-reissued); apps/api/src/prediction/scenarios/scenarios.service.ts:278,Add automatic recomputation for forecasts/indicator evaluations marked for attention and review tasks for committed packages; harness case for each path.,Package P4 per the first pass (forecast reissue); the routing to decision owners is P6.
AU-MEM-0034,"A correction versions canonical state (replacement, withdrawal, tombstone, merge, split or adjudication object) and never overwrites history; the prior version stays retrievable.",All profiles; every canonical object type.,V2:V02-T-035; V3:L3-C04; V3:V03-T-094; V3:V03-T-293; V4:ES-33-007; V4:V04-T-023,V2:V02-T-035,memory-graph,yes,saas|private|onprem,harness,verified:local,,P7-D,"apps/api/src/objects/objects.service.ts:91-121; migrations/0026:27-56; migrations/0022:395 (tombstones); test/int/phase1-acceptance.test.ts:702-805 'a correction SUPERSEDES without overwriting, and the prior version stays retrievable'; test/int/phase3-corrections.test.ts:322,468,570",Run the named cases in the cross-profile conformance suite (P7-D).,"V02-T-035/V04-T-023/ES-33-007 other conditions (retention enforcement, purpose-aware retrieval, communications/telemetry) are separate units."
AU-MEM-0035,"A correction case is authenticated for authority, reason, affected version, scope, legal or policy basis and supporting evidence before it is applied.",All profiles.,V3:V03-T-292,V3:V03-T-292,memory-graph,yes,saas|private|onprem,harness,verified:local,,P7-D,"apps/api/src/observation/corrections/corrections.service.ts:24-25; migrations/0022:1528,1555; test/int/phase1-acceptance.test.ts:702",Run the named case in the cross-profile conformance suite (P7-D).,
AU-MEM-0036,"Affected product revisions change decision-active status, freshness, confidence or completeness according to policy and materiality (forecast attention_state, twin UNVERIFIED, package invalidation).",All profiles.,V3:V03-T-295,V3:V03-T-295,memory-graph,yes,saas|private|onprem,harness,verified:local,,R0,"migrations/0029 ~475-520 (attention_state); migrations/0042:186; migrations/0035:446,555; test/int/phase4-corrections.test.ts; test/int/phase5-corrections.test.ts:372",Integrate phase4/5 branches (R0); cross-profile run (P7-D).,
AU-MEM-0037,Current projections exclude withdrawn material according to policy while historical decisions retain their original information boundary.,All profiles.,V3:V03-T-298; V3:V03-T-299,V3:V03-T-298,memory-graph,yes,saas|private|onprem,harness,verified:local,,R0,"migrations/0026:27-56 (supersession); migrations/0031:168-196; migrations/0043:178; test/int/phase3-corrections.test.ts; test/int/phase6-replay.test.ts:76,129 'a withdrawal becomes unavailable'",Integrate phase6 branch (R0); cross-profile run (P7-D).,
AU-MEM-0038,No correction automatically rewrites a human decision or commitment; the package is invalidated for review instead.,All profiles.,V3:V03-T-300,V3:V03-T-300,memory-graph,yes,saas|private|onprem,harness,open,,P6,migrations/0041:137; migrations/0043:103 (no named test),Name or add the phase6 harness case proving a correction leaves the DEC/CMT untouched and only raises invalidation; then verify.,
AU-MEM-0039,"Correction failure conditions (authority disputed, provenance path incomplete, consumer unavailable, committed action already executed, legal hold conflicting with deletion, recomputation changing a recommendation materially) expose the failure state, preserve causation and partial work, apply degraded behaviour and route retry, compensation, challenge or human review.",All profiles.,V3:V03-T-302,V3:V03-T-302,memory-graph,yes,saas|private|onprem,harness,open,,P3,"apps/api/src/graph/graph.controller.ts:417 (incomplete provenance disclosed); migrations/0043:103; apps/api/test/int/phase6-propagation-consumer.test.ts (consumer unavailable: no active agent, revoked grant — recorded, not retried, case visible)","Declare and implement the handling of the four unhandled conditions (authority dispute, consumer unavailable, executed action, legal-hold conflict) with a fault case each.",
AU-MEM-0040,"A legal request, model incident, ontology correction, data-quality finding or human challenge opens a correction case that changes the fitness of an existing object, as a source correction or stewardship decision already does.",All profiles.,V3:V03-T-304,V3:V03-T-304,memory-graph,yes,saas|private|onprem,harness,open,,P3,apps/api/src/observation/corrections/corrections.service.ts; apps/api/src/objects/objects.service.ts:91-121; migrations/0024:226,Add the four missing trigger kinds to the correction case model and a harness case for each.,
AU-MEM-0041,"Correction, forecast, scenario, reconciliation and simulation flows emit execution state (step duration, end-to-end age, queue and wait time, retry, compensation, completion, unresolved dependency), trust state, product state (completeness, freshness, coverage, uncertainty, invalidation, affected consumers, decision-active status) and recovery state telemetry.",All profiles; per flow instance.,V3:V03-T-303; V3:V03-T-316; V3:V03-T-329; V3:V03-T-342; V3:V03-T-355,V3:V03-T-303,memory-graph,yes,saas|private|onprem,operating-measurement,open,,P7-D,"apps/api/src/shared/correlation.ts; apps/api/src/audit/audit.service.ts; migrations/0015 (outbox retry/lease); migrations/0022:322-347 (attempt causation); graph.propagation_attempts (deliveries, attempts, last_delivered_at, finished_at) and graph.propagation_attempt_events per delivery (0060)","Add step-duration, queue-age, product-state and replay-position telemetry to the five flows; capture one operating measurement per flow on each profile.",One unit for the identical flow-evidence table repeated in Volume 3 chapters 32-36; owned by the observability work in P7-D.
AU-MEM-0042,"Objectives, assumptions, decisions, commitments and outcomes are governed strategy objects with an owner and mandatory rests_on dependencies; every declared assumption starts UNVERIFIED; the chain world change -> assumption -> objective -> decision -> commitment -> outcome is recorded (DEC on commit, CMT on commitment, OUT on outcome).","All profiles; strategy objects are a subgraph of the Knowledge Graph, not a separate store.",V0:C-017; V0:V00-T-040; V8:CAP-UM-08; V2:V02-T-041; V2:V02-T-049; V2:V02-T-111; V3:OBJ; V3:V03-T-179; V7:DAT-KN-11; V7:DP-37-001,V0:C-017,memory-graph,yes,saas|private|onprem,harness,verified:local,,R0,"migrations/0024:458-573 (strategy_current OBJ/ASU/DEC/CMT/OUT, graph.dependencies); apps/api/src/graph/strategy/strategy.service.ts; migrations/0042 (decision.commit -> CMT); migrations/0045 (decision.outcome -> OUT); test/int/phase3-acceptance.test.ts:902 'every declared assumption starts UNVERIFIED, not assumed true', 'a strategy object that names nothing it rests on is refused'; test/int/phase6-approvals.test.ts: 'the bounded CMT lands in Phase 3's strategy graph'","Integrate phase6-decisions (R0); cross-profile run (P7-D). Missing node classes, objective fields and relationship classes are the next units.",Five of ten object classes exist.
AU-MEM-0043,"Hypotheses, initiatives, capabilities, resources, recommendations and owners are strategy-graph node classes, so a decision can cite the capabilities and resources it depends on and an initiative without an objective path is flagged as orphaned work for governance review.",All profiles.,V0:C-017; V0:V00-T-040; V8:CAP-UM-08; V2:V02-T-114; V3:V03-T-183; V5:AI-13-004; V1:V01-T-027,V0:C-017,memory-graph,yes,saas|private|onprem,harness,open,,P3,"migrations/0024:483 (strategy kind CHECK OBJ|ASU|DEC|CMT|OUT); migrations/0041 (package_versions.constraints, objectives)","Add HYP, INI, CAP, RES (and recommendation) strategy kinds with dependency rules; orphan-initiative detection; harness cases: decision cites a capability; orphaned initiative enters review.",
AU-MEM-0044,"Risk and Opportunity are symmetric strategy-graph objects connected to drivers, affected objectives, scenarios, responses and owners.",All profiles.,V3:RSK; V5:AI-13-004,V3:RSK,memory-graph,yes,saas|private|onprem,harness,open,,P4,"none (risks/opportunities are free-text arrays on a decision package, migrations/0041)",Add the RSK object to strategy_current with driver/objective/scenario/response links; see AU-PRD risk and opportunity workspace units for the products built on it.,
AU-MEM-0045,"An objective carries horizon, measures (indicators with thresholds), constraints and review cadence, and an objective without an accountable owner, horizon and measure is refused as incomplete.",All profiles.,V2:V02-T-112; V3:OBJ; V3:V03-T-179; V3:V03-T-181,V2:V02-T-112,memory-graph,yes,saas|private|onprem,harness,open,,P3,migrations/0024:478 (owner required only),"Add horizon, measured_by indicator links with thresholds, constraints and review_cadence to OBJ with a completeness check; harness case: objective without horizon or measure refused.",
AU-MEM-0046,"An assumption binds evidence, monitoring indicators and invalidation conditions; an assumption without them is exposed as uncontrolled.",All profiles.,V3:V03-T-182,V3:V03-T-182,memory-graph,yes,saas|private|onprem,harness,open,,P3,migrations/0024:504-508 (ASU verification_state); migrations/0024:555-573 (invalidations),Add indicator and invalidation-condition bindings on ASU and an 'uncontrolled' state; harness case: indicator breach invalidates the assumption automatically.,
AU-MEM-0047,"Strategy relationship classes supports/conflicts-with, depends-on, exposes/mitigates, decided-by/commits and measured-by/evidenced-by exist, each with its required controls (direction, strength, owner, evidence, time, review; criticality, substitutability, lead time; mechanism, likelihood, response owner; human authority, rationale, approval, replay snapshot; definition, baseline, target, observation time).",All profiles.,V3:V03-T-180,V3:V03-T-180,memory-graph,yes,saas|private|onprem,harness,open,,P3,migrations/0024:458-573 (dependency edges only),Add the typed strategy relationship classes with their control fields and admission checks; harness case per class.,
AU-MEM-0048,"Alignment diagnostics reveal contradictions, orphaned initiatives, unsupported objectives, duplicated capabilities, dependency bottlenecks and decisions without accountable owners.",All profiles.,V3:V03-T-183; V1:V01-T-027,V3:V03-T-183,memory-graph,yes,saas|private|onprem,harness,open,,P3,none,Build the diagnostics queries over the strategy graph once node classes exist; harness case per diagnostic on a seeded graph.,
AU-MEM-0049,"A changed objective re-tasks dependent commitments and reassigns review owners, not only reports them through the impact walk.","All profiles; human authority: reassignment is proposed to the owner, not silently applied.",V2:V02-T-117,V2:V02-T-117,memory-graph,yes,saas|private|onprem,harness,open,,P6,test/int/phase3-acceptance.test.ts: 'it REPORTS the objectives and commitments; it does not decide about them',Add an objective-change event that opens review tasks on dependent commitments; harness case.,
AU-MEM-0050,A commitment remains linked to its decision context and later outcomes so Decision Replay can reconstruct it.,All profiles.,V3:V03-T-185,V3:V03-T-185,memory-graph,yes,saas|private|onprem,harness,open,,R0,"migrations/0043:33,178; migrations/0045:42; test/int/phase6-replay.test.ts",Integrate phase6-decisions (R0); cross-profile run (P7-D).,repair 2026-09-10: local evidence not bound to a case
AU-MEM-0051,"Every strategy roll-up (including a Strategic Health Score, if introduced) decomposes to objectives, evidence, assumptions, dependencies, risks, opportunities, commitments and outcomes; no opaque composite metric hides judgment.",All profiles; applies from the first roll-up product.,V3:V03-T-186; V5:AI-13-004,V3:V03-T-186,memory-graph,yes,saas|private|onprem,harness,open,,P6,none: no roll-up or score exists,"When the Strategic Health Score (P6) is built, expose its decomposition on the API and add a harness case that every component is traceable to its objects.",
AU-MEM-0052,"A recommendation without an objective, option, consequence and authority path cannot become a decision package (completeness gate).",All profiles.,V3:V03-T-184,V3:V03-T-184,memory-graph,yes,saas|private|onprem,harness,open,,P6,migrations/0041:555 (completeness gate),Name the phase6-decisions harness case exercising the completeness gate (or add one) and record it.,
AU-MEM-0053,"CommitMemory persists a governed object version with policy, provenance, classification and temporal metadata; inputs are authenticated, authorized, schema-valid, temporally explicit and provenance-bearing (a write without minimum provenance is refused).","All profiles; every write passes the governed pipeline (envelope, PDP default DENY, audit).",V2:V02-T-035; V3:L3-C01; V3:L3-I01; V3:MEM; V4:ES-33-005; V7:DAT-KN-06,V2:V02-T-035,memory-graph,yes,saas|private|onprem,harness,verified:local,,P7-D,"apps/api/src/pipeline/pipeline.service.ts:329-337; apps/api/src/pipeline/http.ts:104-145 (EnvelopeGuard); apps/api/src/objects/objects.service.ts:188-195,260-278; migrations/0006_objects.sql; test/acceptance/acceptance.test.ts:482,492,503,747 (provenance required); apps/api/test/unit/pdp.test.ts",Run the named cases in the cross-profile conformance suite (P7-D).,MEM/DAT-KN-06/V02-T-035 retention conditions are AU-MEM retention units.
AU-MEM-0054,"Memory and graph outputs are immutable versioned canonical products or explicit proposals that preserve truth state, uncertainty, lineage, policy, quality and lifecycle.",All profiles.,V2:V02-T-041; V4:ES-33-006; V4:ES-34-006,V2:V02-T-041,memory-graph,yes,saas|private|onprem,harness,verified:local,,P7-D,"migrations/0006 (immutable versions, append-only); migrations/0026 §3 (supersession); test/acceptance/acceptance.test.ts:700,762; test/int/phase3-acceptance.test.ts:692,730",Run the named cases in the cross-profile conformance suite (P7-D).,V02-T-041 'retrieval context' output is the context-assembly unit.
AU-MEM-0055,"Model output does not become accepted institutional memory because it was generated: extracted claims start 'extracted' with a review state, every claim below the review threshold has a queued case, an abstention is its own outcome, and retrieval frequency, embedding similarity, model output or user annotation never converts content into truth.",All profiles.,V0:C-016; V0:V00-T-041; V8:PR-20-003; V5:AI-25-002; V7:DP-37-003; V1:V01-T-011,V0:C-016,memory-graph,yes,saas|private|onprem,harness,verified:local,,P7-D,"migrations/0023 review queue; apps/api/src/intelligence/review/review.service.ts (correct = new version, prior untouched); test/int/phase2-acceptance.test.ts: 'every claim below the review threshold has a queued case', 'an abstention is its own outcome'; test/int/phase6-agents.test.ts: 'the decision agent holds exactly ONE write'; apps/api/src/pipeline/pipeline.service.ts",Run the named cases in the cross-profile conformance suite (P7-D).,"V00-T-041/C-016/V01-T-011 remaining (expiry, review status, approved state, assessment object) is the next unit; PR-20-003 named-authority remaining is the authority-boundary unit."
AU-MEM-0056,"A memory write carries truth state, provenance, confidence, author/owner, review status, expiry and correction history; 'approved' is a retrievable state; a high-impact assessment is a governed object with an acceptance step.",All profiles.,V0:C-016; V0:V00-T-041; V2:V02-T-118; V1:V01-T-011,V0:C-016,memory-graph,yes,saas|private|onprem,harness,open,,P3,migrations/0023 (claims 'extracted' with review_current); migrations/0006 truth_state,"Add expiry and review_status to the canonical header, an 'approved' truth state and an assessment (analysis) object with governed acceptance; harness cases: expired write not served as current; unapproved assessment not retrievable as approved.",
AU-MEM-0057,"Tenant and object-level access is enforced on every memory and graph read and write (RLS under the bound context; cross-domain reads return absence, not redaction).",All profiles.,V0:C-016; V3:V03-T-093; V3:V03-T-106,V0:C-016,memory-graph,yes,saas|private|onprem,harness,verified:local,,P7-D,"apps/api/src/policy/pdp.service.ts; RLS in migrations (96 CREATE POLICY); test/int/domain-isolation.test.ts; test/int/phase3-acceptance.test.ts:762,774",Run the named cases in the cross-profile conformance suite (P7-D).,
AU-MEM-0058,"Retrieval and grounding results expose source, version, truth state (observed, inferred, disputed, superseded, simulated, approved), time, owner, retention, correction state, confidence, relevance, revision watermark, freshness, coverage, projection lag, invalidation state and known incompleteness; synthetic relationships are explicitly marked.","All profiles; on search hits, memory retrieval, graph reads and briefing items.",V0:V00-T-041; V3:V03-T-107; V5:AI-13-002; V5:AI-13-005; V5:AI-23-005; V5:AI-25-005,V0:V00-T-041,memory-graph,yes,saas|private|onprem,harness,open,,P3,"apps/api/src/graph/search/search.service.ts (matched_on, MAX_RESULTS); test/int/phase6-briefings.test.ts (items carry truth state, freshness and source state; watermark); test/int/phase5-twins.test.ts: E1; test/int/phase3-acceptance.test.ts: C3","Add owner, retention, correction, confidence, coverage, projection lag, invalidation state and a synthetic marker to search hits and briefing items; harness case asserting the full label set on a hit for a superseded and for a simulated object.",
AU-MEM-0059,"Retention schedules derived from retention_profile are enforced: a RetentionActionDue event initiates archive, review, legal hold, deletion or customer-export workflow when a schedule falls due.","All profiles; subject to lawful retention, classification and customer policy.",V0:C-015; V0:V00-T-013; V0:V00-T-042; V2:V02-T-035; V3:L3-C05; V3:L3-I04; V3:MEM; V3:V03-T-095; V4:ES-33-001; V4:ES-33-007; V4:V04-T-023,V0:C-015,memory-graph,yes,saas|private|onprem,harness,open,,P3,"migrations/0006 retention_profile (recorded, never read); apps/api/src/prediction/controls.ts retention_profile carried; migrations/0022:375,956,1279-1301",Add a retention scheduler that reads retention_profile and emits RetentionActionDue; harness case: an object past schedule raises the event and nothing is deleted before the workflow completes.,
AU-MEM-0060,A legal hold is read and enforced: deletion of a held object is blocked and the conflict is exposed to the requester.,All profiles.,V0:V00-T-042; V3:L3-C05; V7:DP-37-006,V0:V00-T-042,memory-graph,yes,saas|private|onprem,harness,open,,P3,"migrations/0022:375 (legal_hold column, never read)",Enforce legal_hold in the tombstone/deletion port and the retention scheduler; harness case: deletion of a held blob refused with the hold cited.,
AU-MEM-0061,"Deletion is verifiable: a DeletionVerified audit event proves scope, authorization, execution and residual references; deletion pauses when referential scope cannot be proven.",All profiles; permitted audit facts about the operation are preserved.,V0:V00-T-042; V3:L3-I05; V3:V03-T-100; V4:ES-33-009; V4:V04-T-024; V7:DP-37-005,V0:V00-T-042,memory-graph,yes,saas|private|onprem,harness,open,,P3,"apps/api/src/observation/vault/vault.service.ts:233 (tombstone); apps/api/src/observation/acquisition/lifecycle.service.ts:80,1074; test/int/phase6-scheduled-corrections.test.ts:222","Add a residual-reference scan before tombstoning, a pause state when scope is unproven and the DeletionVerified event; fault case: deletion with an unresolved reference pauses.",
AU-MEM-0062,"An archive/cold-tier lifecycle moves and restores memory objects with admission, ordering, retries, budgets, escalation and observable state.",All profiles.,V0:V00-T-042; V3:L3-C08,V0:V00-T-042,memory-graph,yes,saas|private|onprem,harness,open,,P7-D,none,Build the archive/cold-tier manager and a restore-from-archive harness case.,
AU-MEM-0063,Redaction produces a new version that removes the redacted content while preserving audit facts and the unredacted history under policy.,All profiles.,V0:C-015; V0:V00-T-042,V0:C-015,memory-graph,yes,saas|private|onprem,harness,open,,P3,none,"Add a redaction correction kind on the objects service; harness case: redacted version served, original retrievable only to the authorized role.",
AU-MEM-0064,"Lessons, post-decision reviews and rationales are governed memory objects with owner, audience, validity and retention, not free text on a closed package.",All profiles.,V0:C-015; V0:V00-T-040; V8:CAP-UM-08; V8:PR-20-002; V7:DP-37-001,V0:C-015,memory-graph,yes,saas|private|onprem,harness,open,,P6,migrations/0045 close_package lessons (text); test/int/phase6-monitoring.test.ts: 'closure records the lessons as text',Add LES (lesson) and post-decision-review objects linked to the package and outcome; harness case: a lesson is retrievable by audience with its retention.,Owned with decision closure (P6); the memory lifecycle rules of P3 apply to the new objects.
AU-MEM-0065,"A Memory item can be recorded by an authorized knowledge owner (source, audience, validity, retention), retrieved by a purpose-authorized user or agent without mutation and with the access audited, and superseded by the record authority with the prior version replayable, through an Enterprise Memory workspace that also holds communications and telemetry-derived records.",All profiles; purpose declared on retrieval.,V0:V00-T-039; V8:CAP-UM-07; V8:OBJ-14; V8:OBJ-15; V8:OBJ-16; V8:PR-20-001; V8:PR-20-002; V2:V02-T-118; V5:AI-C027; V7:DAT-KN-06; V7:DP-37-001; V7:DP-37-002,V0:V00-T-039,memory-graph,yes,saas|private|onprem,harness,open,,P3,apps/api/src/graph/strategy/strategy.service.ts (strategic record only); migrations/0041/0042; test/int/phase6-approvals.test.ts,"Build the memory item object (MEM) and workspace with record/retrieve/supersede ports, purpose-authorized retrieval and access audit; declare retention, index state and strategic record class; harness cases per action.",
AU-MEM-0066,"A document and artifact repository retains internal documents, communications, briefing artifacts, exports and attachments with version, integrity, policy, retention and recovery semantics.",All profiles.,V3:L3-C02; V7:DAT-KN-07,V3:L3-C02,memory-graph,yes,saas|private|onprem,harness,open,,P3,apps/api/src/observation/vault/vault.service.ts; migrations/0022:375 (blob_manifests: source-evidence blobs only); apps/api/src/observation/connectors/upload.connector.ts,"Extend the vault to internal document/communication/briefing/export artifacts with retention and recovery; harness case: a briefing artifact is stored, versioned and recovered.",Communications ingestion connectors are P1; the repository semantics are P3.
AU-MEM-0067,"When memory content, permissions, retention, version history or indexes diverge, the platform restricts access and serves metadata-only or the last valid state with a warning; when the content tier is unavailable retrieval falls back to metadata-only and says so.","All profiles; degraded serving is labelled, never presented as current and complete.",V8:FEX-09; V3:V03-T-097; V4:ES-33-009; V4:V04-T-024; V7:DP-37-005,V8:FEX-09,memory-graph,yes,saas|private|onprem,harness,open,,P3,apps/api/src/graph/search/search.service.ts (metadata-only always; no content tier),Define the content tier and its fallback; add a fault-injection case (content tier down -> metadata-only result labelled degraded) with the affected-product watermark and recovery evidence the chapter table requires.,
AU-MEM-0068,"A stale index or graph projection never appears current: reads carry a revision/projection watermark and a staleness marker, exploration degrades to a canonical or last-verified read with a label, and when partitions diverge or indexes lag affected traversals are constrained and revision exposed.",All profiles.,V8:FEX-08; V8:PR-19-001; V8:PR-19-002; V3:V03-T-098; V3:V03-T-108; V4:ES-34-009; V4:V04-T-026; V6:IA-34-005; V7:DP-33-005,V8:FEX-08,memory-graph,yes,saas|private|onprem,harness,open,,P3,apps/api/src/graph/search/search.service.ts (queries canonical tables directly); apps/api/src/graph/graph.controller.ts (/projections/verify),Add a projection watermark on graph/explorer/search responses and a staleness marker when the projection lags its event log; fault case: lagging projection -> labelled last-verified read.,
AU-MEM-0069,"Partial reconstruction is declared on object and memory reads (missing intervals, truncated traversals, unexplored branches).",All profiles.,V3:V03-T-099,V3:V03-T-099,memory-graph,yes,saas|private|onprem,harness,open,,P7-D,"apps/api/src/graph/graph.controller.ts:417,500,561 (traversal completeness disclosed)",Add a completeness/partial flag on object and memory reads; harness case for a read over a missing interval.,
AU-MEM-0070,"Indexes and graph projections are derived and rebuildable from canonical records and revision history, never the reverse; every graph projection is derivable from its event log.",All profiles.,V3:V03-T-101; V3:V03-T-112; V3:V03-T-245; V7:DAT-KN-05,V3:V03-T-101,memory-graph,yes,saas|private|onprem,harness,verified:local,,P7-D,"migrations/0005:4 (audit.rebuild_chain_heads); migrations/0022:1862, 0023:938, 0024:1436 (projection rebuilds); test/int/gate22-degraded-recovery.test.ts; test/int/phase3-acceptance.test.ts:1176 'every graph projection is derivable from its event log'",Run the named cases in the cross-profile conformance suite (P7-D).,V03-T-245 lacked a named test; the projection-derivability case is adopted.
AU-MEM-0071,"When validation or consensus is unavailable, graph writes are queued as controlled revisions rather than failed or partially applied.",All profiles.,V3:V03-T-109; V4:ES-34-009; V4:V04-T-026; V7:DP-33-005,V3:V03-T-109,memory-graph,yes,saas|private|onprem,harness,open,,P7-D,none (writes fail),"Add a queued-revision mode with replay through the revision log; fault case: validator down -> write queued, applied on recovery, audit continuous.",
AU-MEM-0072,"Governed indicators measure identity precision and recall, edge validity, provenance completeness, temporal completeness, orphan rate, query latency and revision-propagation lag, and a failed or indeterminate indicator constrains downstream use.",All profiles.,V3:L4-C10; V4:ES-34-008; V7:DP-33-006; V7:DP-35-006,V3:L4-C10,memory-graph,yes,saas|private|onprem,operating-measurement,open,,P3,migrations/0024:555-573 (invalidations truncated/unexplored); apps/api/src/graph/graph.controller.ts:417,"Build the precision/recall evaluation set (DQM-023/024), graph quality metrics (DQM-025/026) and a remediation workflow; bind them to the release gate.",
AU-MEM-0073,"Governed indicators measure memory durability, retrieval relevance, permission correctness, temporal completeness, reconstruction success, retention compliance and deletion verification; memory integrity/orphan detection monitors references across objects, blobs and edges.",All profiles.,V3:L3-C09; V4:ES-33-008,V3:L3-C09,memory-graph,yes,saas|private|onprem,operating-measurement,open,,P3,"migrations/0005:4 (audit chain only); test/int/audit-chain.test.ts:117,180",Compute the seven memory indicators and a referential-integrity monitor; bind failed state to downstream constraints.,
AU-MEM-0074,"Search is permission-aware inside the caller's governed read: what the caller may see it sees with the reason it matched, absence is not an oracle, search reads metadata and never evidence bytes, and security trimming happens before any model context.",All profiles; runs under RLS in the caller's bound context; MAX 50 results.,V0:C-016; V0:V00-T-039; V2:V02-T-034; V3:L3-C06; V3:V03-T-246; V4:ES-33-007; V4:V04-T-023; V5:AI-23-001; V5:AI-C025; V6:IA-35-003; V6:IA-44-003; V7:DP-38-003,V0:C-016,memory-graph,yes,saas|private|onprem,harness,verified:local,,P7-D,"apps/api/src/graph/search/search.service.ts; test/int/phase3-acceptance.test.ts:740-804 C4 'what the caller MAY see, it sees — with the reason it matched', 'search reads METADATA — it never returns evidence bytes'; test/int/domain-isolation.test.ts; test/int/gate22-authority-matrix.test.ts",Run the named cases in the cross-profile conformance suite (P7-D).,IA-35-003 lacked a named test; C4 exercises 'cannot bypass source authorization'. Semantic retrieval remaining is the next unit.
AU-MEM-0075,"Hybrid retrieval exists over governed references: versioned, tenant-isolated, policy-aware, correction-aware, rebuildable semantic indexes/embeddings linked to exact source objects and models, alongside lexical, graph, temporal, structured and geospatial methods.","All profiles; indexes are derived acceleration structures, never unversioned truth.",V0:C-016; V0:V00-T-039; V2:V02-T-034; V2:V02-T-118; V3:L3-C06; V4:ES-33-001; V5:AI-23-001; V5:AI-23-004; V6:IA-35-001; V7:DAT-KN-08; V7:DAT-KN-09; V7:DP-38-001; V7:DP-38-002; V10:ENT-05; V10:IR-15-003; V10:V10-T-002,V0:C-016,memory-graph,yes,saas|private|onprem,harness,open,,P3,apps/api/src/graph/search/search.service.ts (lexical metadata SQL only; no pgvector/embedding/tsvector in apps/api),"Add the vector index service (pgvector or equivalent) with versioned embeddings bound to object versions and model ids, tenant RLS, correction-aware invalidation and deterministic rebuild; declare index identity/source snapshot/embedding model/rebuild state; harness cases: cross-tenant leakage negative, correction removes a stale embedding, rebuild reproduces the index.",Scheduled by Phase 3 (pgvector) and not delivered.
AU-MEM-0076,"A retrieval plan selects methods by task, object type, language, temporal need, graph structure, source authority, consequence and known failure modes (hybrid retrieval orchestrator).",All profiles.,V5:AI-23-002; V5:AI-C024,V5:AI-23-002,memory-graph,yes,saas|private|onprem,harness,open,,P3,none,Build the orchestrator that produces a recorded retrieval plan per request; harness case: a consequential temporal question routes to graph+temporal methods.,
AU-MEM-0077,"Result fusion preserves source and method diversity, material contradiction, minority evidence, temporal scope and policy rather than a single relevance score.",All profiles.,V5:AI-23-003,V5:AI-23-003,memory-graph,yes,saas|private|onprem,harness,open,,P3,none,Implement fusion with diversity/contradiction preservation; harness case: a minority contradicting source survives fusion.,
AU-MEM-0078,"Retrieval declares coverage, freshness, truncation, ranking method, uncertainty and policy-excluded scope, returns explanation links for an explicit purpose, and a low-coverage result declares insufficiency and may request acquisition or human input instead of fabricating completeness.",All profiles.,V3:L3-I02; V3:V03-T-249; V5:AI-23-005,V3:L3-I02,memory-graph,yes,saas|private|onprem,harness,open,,P3,"apps/api/src/graph/search/search.service.ts (matched_on, MAX_RESULTS); apps/api/src/graph/graph.controller.ts:417 (traversal truncation disclosed)","Add coverage/freshness/truncation/policy-excluded fields, a declared purpose on RetrieveContext and an insufficiency response that can open an acquisition request; harness cases.",
AU-MEM-0079,"A Context Assembly service translates a user, workflow, model or agent request into a policy-filtered plan (interpret, authorize, retrieve, assemble, explain) combining lexical, semantic, graph, temporal, structured, twin state, decision history and reacquisition, ranks after authorization, and returns a reproducible context manifest carrying exact object versions, evidence fragments, budgets and coverage gaps to models, agents and briefings.",All profiles; grounding precedes inference for decision-active products.,V0:V00-T-039; V2:V02-T-041; V3:L3-C07; V3:V03-T-250; V3:V03-T-251; V5:AI-13-005; V5:AI-C023; V5:V05-T-004; V6:IA-44-001; V6:IA-44-002,V0:V00-T-039,memory-graph,yes,saas|private|onprem,harness,open,,P3,apps/api/src/graph/search/search.service.ts (lexical only); apps/api/src/executive/briefings (compose from governed reads); apps/api/src/intelligence/gateway/model-gateway.service.ts (extraction receives raw evidence),"Build the context-assembly service and manifest; feed extraction, agents and briefings from it; harness case: the manifest pins versions and lists coverage gaps, and a model call outside the manifest is refused.",
AU-MEM-0080,"Context assembly filters and labels objects by event, observation, valid and system time, exposes clock quality, projection lag and stale state, and every AI task declares its temporal perspective and rejects default-to-current for consequential work.",All profiles; extraction and briefing tasks included.,V5:AI-26-001; V5:AI-26-003,V5:AI-26-001,memory-graph,yes,saas|private|onprem,harness,open,,P3,test/int/phase4-acceptance.test.ts: D2; test/int/phase5-twins.test.ts: E1; apps/api/src/twin/twins/twin.service.ts (known_at and observed_through); test/int/phase6-replay.test.ts,Add temporal-perspective declaration to extraction and briefing tasks and clock-quality/projection-lag labels on assembled context; harness case: a consequential task without declared perspective is refused.,"Forecasts, twins and replay already enforce known_at/observed_through (verified elsewhere)."
AU-MEM-0081,"A context compressor reduces context while preserving task facts, evidence alignment, uncertainty and policy, and a context integrity validator detects missing, conflicting, stale, contaminated, truncated or unauthorized context; indeterminate authorization, freshness, index quality, budget or evidence binding excludes the material, marks context incomplete, abstains where necessary and triggers refresh or correction.",All profiles.,V5:AI-C031; V5:AI-C032; V6:IA-44-005,V5:AI-C031,memory-graph,yes,saas|private|onprem,harness,open,,P3,"apps/api/src/intelligence/gateway/model-gateway.service.ts (span outside evidence refused); executive briefings (degraded/unavailable inputs labelled, stop condition on_degraded); test/int/phase6-briefings.test.ts",Build the compressor and validator on the context manifest; harness cases: stale input excluded and context marked incomplete; contaminated (instruction-bearing) content flagged.,
AU-MEM-0082,Instructions found in retrieved content are treated as evidence content and cannot expand agent authority.,All profiles; applies to every agent retrieval loop.,V3:V03-T-247,V3:V03-T-247,memory-graph,yes,saas|private|onprem,harness,open,,P7-A,none (no agent retrieval loop),"When the agent runtime retrieves content, add the injection guard and a harness case: an instruction inside retrieved evidence does not change the agent's authority or tool scope.",
AU-MEM-0083,"A stale, incomplete, policy-inconsistent, poisoned or unapproved-representation index is withdrawn (or its partitions), retrieval falls back only to policy-equivalent methods, rebuilds from verified sources and exposes the degradation.",All profiles.,V6:IA-35-005; V7:DP-38-005,V6:IA-35-005,memory-graph,yes,saas|private|onprem,harness,open,,P3,none (no index),"With the index service, add withdrawal/fallback/rebuild controls and fault cases (poisoned partition, unapproved embedding version).",
AU-MEM-0084,"Index and retrieval production admission requires relevance and permission evaluation, stale and poisoned index tests, embedding migration, source deletion, deterministic rebuild, citation closure, authorization-leakage tests, recall/latency benchmarks, shard loss, hybrid recall, temporal pinning, compression mapping, invalidation and replay tests bound to the exact artifacts, configuration, topology, customer scope, deployment profile and period.",All profiles; per release.,V6:IA-35-006; V6:IA-44-006; V7:DP-38-006,V6:IA-35-006,memory-graph,yes,saas|private|onprem,ci-gate,open,,P3,test/int/phase3-acceptance.test.ts: C4 (permission evaluation only); CI binds evidence to commit SHA and run attempt,Add the index/retrieval admission job to the gate with the listed fixtures once the index and context services exist.,
AU-MEM-0085,"Every production instance declares and continuously reconciles index identity, source revision, embedding/analyzer version, shard, policy scope, freshness, quality and rebuild state, and each retrieval request's identity, purpose, policy, source revisions, queries, candidates, context manifest, expiry and invalidation, through versioned desired state, observed state, ownership and audit evidence.",All profiles; infrastructure manifest (Vol 6 App H) per instance.,V6:IA-35-002; V6:IA-44-002; V7:DP-38-002,V6:IA-35-002,memory-graph,yes,saas|private|onprem,deployment,open,,P3,none,Add the infrastructure manifest and observed-state inventory for the index and retrieval services with reconciliation audit evidence.,
AU-MEM-0086,"Every production instance declares and continuously reconciles graph namespace, partition, ontology revision, node/edge identity, valid and system time, write log, index revision, consistency scope, rebuild cursor, truth state, provenance, policy, revision and stewardship through versioned contracts, observed state, ownership, lineage and audit evidence, and graph storage persists ontology, revisions and derived indexes at strategic scale.",All profiles.,V6:IA-34-001; V6:IA-34-002; V7:DP-33-002,V6:IA-34-001,memory-graph,yes,saas|private|onprem,deployment,open,,P3,"migrations/0024 (event logs + projections, bitemporal edges, provenance on edge); test/int/phase3-acceptance.test.ts: C5, C7","Add ontology version, partition and stewardship declarations to the graph namespace, an infrastructure manifest with observed-state inventory, a revision log and derived indexes; reconciliation audit evidence.",
AU-MEM-0087,"Knowledge Graph production admission requires atomic revision fixtures, temporal traversal fixtures, provenance closure, policy filtering, partition recovery, index rebuild, ontology migration, lineage closure, merge/split replay, graph quality evidence and scale benchmarks bound to the exact artifacts, configuration, topology, customer scope, deployment profile and period.",All profiles; per release.,V6:IA-34-006; V7:DP-33-006; V10:IR-15-003; V10:V10-T-002,V6:IA-34-006,memory-graph,yes,saas|private|onprem,ci-gate,open,,P3,"test/int/phase3-acceptance.test.ts (temporal traversal, provenance, policy, merge/split replay on the local profile); CI binds evidence to commit SHA and run attempt","Add partition recovery, ontology migration, lineage closure and representative-scale query benchmarks (no load tooling exists) to the gate and bind evidence to profile, scope and period.",Scale benchmarks need the capacity work of P7-D.
AU-MEM-0088,"Enterprise Memory production admission requires permission and purpose tests, temporal reconstruction, correction replay, legal hold, index rebuild, export, deletion verification and customer review bound to the exact artifacts, profile, scope and period.",All profiles; per release.,V7:DP-37-006,V7:DP-37-006,memory-graph,yes,saas|private|onprem,ci-gate,open,,P3,test/int/phase3-acceptance.test.ts: C6; test/int/phase6-monitoring.test.ts (partial),"Add legal-hold, index-rebuild, export and deletion-verification fixtures to the gate once those behaviours exist.",
AU-MEM-0089,"Graph and memory content is exportable through a governed export endpoint (portability), and query performance is demonstrated at representative scale.",All profiles.,V10:ENT-04; V10:IR-15-003; V10:IR-46-003; V10:V10-T-002,V10:ENT-04,memory-graph,yes,saas|private|onprem,operating-measurement,open,,P7-F,none (no export endpoint; no load tooling),Add a graph/memory export endpoint (P7-F export/exit) and a representative-scale load test with recorded query latency (P7-D capacity).,"Two packages: export is P7-F, scale is P7-D; listed under P7-F as the first deliverable."
AU-MEM-0090,"Entitlements for entity resolution, Knowledge Graph and Enterprise Memory (named scope, policy, usage, evidence) are enforced at the ports.",All profiles; entitlement catalogue Foundation tier.,V10:ENT-03; V10:ENT-04; V10:ENT-05,V10:ENT-03,memory-graph,yes,saas|private|onprem,harness,open,,P7-F,none (no entitlement object),Define the entitlement object and enforce it in the PDP for the three capabilities; harness case: an unentitled tenant is refused.,The entitlement model is owned by the commercial group; listed here so the three rows are covered.
AU-MEM-0091,"The strategic-graph-and-memory moat evidence (ontology stability, correction quality, temporal depth, reuse, exportability, demonstrated improvement from accumulated context) is a diligence claim whose technical parts are the ontology, correction, temporal, export and indicator units above.",n/a,V10:IR-46-003,V10:IR-46-003,memory-graph,documentary,n/a,document,not-applicable,,n/a,"see AU-MEM ontology registry, correction, bitemporal, export and indicator units",None beyond the referenced units; 'demonstrated improvement from accumulated context' needs an operating measurement defined by the commercial group.,Documentary: Volume 10 investor-diligence proof track; no product behaviour beyond the referenced units.
AU-MEM-0092,"Model training cutoff and accessible knowledge horizon are declared on model artifacts where they materially affect novelty, leakage or historical evaluation.",All profiles; per model/prompt identity.,V5:AI-26-004,V5:AI-26-004,memory-graph,yes,saas|private|onprem,harness,open,,P2,none (no model registry object),Add training_cutoff and knowledge_horizon to the model/prompt identity record (P2 registry) and check them in historical backtests and replay; harness case: a backtest with a model whose cutoff postdates the origin is labelled leakage-prone.,Owned by the intelligence model-registry work (P2); listed here because the row sits in the memory-graph area.
AU-MEM-0093,"Agent execution memory (run state, cache, conversation history, learned behaviour) is tenant- and run-isolated, purpose-bound, time-bounded, policy-controlled, distinguished from canonical enterprise/strategic memory and cannot influence unrelated tasks after closure.",All profiles; declared retention/purpose bounds on run memory.,V5:AI-25-001; V5:AI-25-003,V5:AI-25-001,memory-graph,yes,saas|private|onprem,harness,open,,P7-A,migrations/0046_executive_agents_and_runs.sql: executive.agent_runs; migrations/0023: intelligence.recorded_responses,Declare retention and purpose bounds on agent_runs and recorded_responses and enforce closure; harness case: a closed run's memory is unreadable by a later unrelated run.,
AU-MEM-0094,"Reusable experience enters production only as a versioned lesson-derived artifact with evaluation, approval, release, monitoring, rollback and historical resolution; a Memory Agent may classify and package reusable records but cannot persist execution memory as enterprise truth.",All profiles.,V5:AG-015; V5:AI-25-004,V5:AG-015,memory-graph,yes,saas|private|onprem,harness,open,,P7-B,none,Build the experience-memory artifact lifecycle under governed learning and the Memory Agent proposal path; harness case: an unapproved lesson artifact is not retrievable as production memory.,AG-015 (Memory Agent) is P7-A; the artifact lifecycle is P7-B.
AU-MEM-0095,An independent Evidence Agent resolves claims to exact source versions and spans and cannot manufacture citations; a Provenance Agent constructs lineage and impact edges and cannot conceal incomplete production history.,All profiles.,V5:AG-013; V5:AG-014,V5:AG-013,memory-graph,yes,saas|private|onprem,harness,open,,P2,apps/api/src/intelligence/gateway/model-gateway.service.ts (span validation); migrations/0024: graph.dependencies,Add the two agents on the agent runtime with their supervisor gates; harness cases: manufactured citation refused; incomplete lineage flagged.,"AG-013 is P2 (intelligence), AG-014 is P3."
AU-MEM-0096,"Citation identifiers resolve to exact versions and spans or structured fields: a byte span must lie inside the cited evidence, ranking may only name given candidates, and a citation naming nothing readable is refused.",All profiles.,V5:AI-29-002; V5:AI-C030,V5:AI-29-002,memory-graph,yes,saas|private|onprem,harness,verified:local,,R0,apps/api/src/intelligence/gateway/model-gateway.service.ts; migrations/0023 claim_lineage; test/int/phase2-acceptance.test.ts: B1; test/int/phase3-acceptance.test.ts: C5; test/int/phase6-decisions.test.ts: 'a citation that names nothing readable is refused',Integrate phase6 branch (R0); cross-profile run (P7-D).,
AU-MEM-0097,"Every material factual, relational, numerical, predictive, causal, comparative or recommendation claim binds supporting evidence or is explicitly labelled assumption, hypothesis, synthetic state or unsupported conclusion; claim-to-evidence alignment survives compression, translation, formatting, briefing, export and audience filtering.",All profiles.,V5:AI-29-001; V5:AI-29-003,V5:AI-29-001,memory-graph,yes,saas|private|onprem,harness,open,,P3,migrations/0023 claim_lineage; apps/api/src/executive/briefings/briefing.service.ts (narrative cites items),Add alignment checks on summaries and exports (every sentence-level claim maps to an item or a label); harness case: an export drops no citation.,
AU-MEM-0098,"Provenance records every material transformation, model, agent, prompt, context, tool, policy decision, evaluator, human action, correction and admission decision per execution.",All profiles.,V5:AI-29-004,V5:AI-29-004,memory-graph,yes,saas|private|onprem,harness,open,,P3,migrations/0023 claim_lineage (transformations); apps/api/src/audit/audit.service.ts,Extend lineage to policy/evaluator/human actions per execution; harness case reconstructing the full chain for one claim.,
AU-MEM-0099,"Graph exploration (neighbourhood, path, edges) is policy-filtered and returns provenance, valid time, truth state and confidence per hop with truncation and unexplored branches disclosed; a four-hop chain is found and the search is complete; pagination uses a lossless cursor.",All profiles.,V8:CAP-UM-05; V8:PR-19-001; V8:PR-19-002; V3:L4-C06; V3:L4-I04; V4:ES-34-009; V5:AI-24-001; V5:AI-C026,V8:CAP-UM-05,memory-graph,yes,saas|private|onprem,harness,verified:local,,P7-D,"apps/api/src/graph/graph.controller.ts:48-58,417,500,561; apps/api/src/graph/graph.capabilities.ts:288-330; migrations/0027:382-393 (lossless cursor); apps/web/app/graph/explore/page.tsx; test/int/phase3-acceptance.test.ts:657,692,730, C5; test/int/phase3-corrections.test.ts: 'a four-hop chain is found, and the search is complete'; test/unit/codex-corrections.test.ts:395",Run the named cases in the cross-profile conformance suite (P7-D).,"PR-19-001/002 and CAP-UM-05 remaining (ontology manager, curation workflow, projection watermark, scale) are separate units."
AU-MEM-0100,"When identity is ambiguous, evidence conflicts, a merge would cross tenant or policy boundaries or a committed resolution proves wrong (ch.18); when a path is stale, policy-filtered, cyclically derived, unsupported, temporally invalid or inconsistent with the canonical revision (ch.19); when memory is stale, contradictory, inaccessible, over-retained, missing provenance or exposed outside purpose (ch.20); and when time semantics conflict, lineage breaks, evidence is unavailable, clocks diverge or a cited version no longer resolves (ch.22): the product labels the limitation, preserves the query/revision/context, prevents unsafe mutation or reuse, and routes the issue to stewardship, lifecycle review or reconciliation.","All profiles; never represents unavailable, stale, unapproved, unsupported or incomplete state as current and complete.",V8:PR-18-005; V8:PR-19-005; V8:PR-20-005; V8:PR-22-005,V8:PR-18-005,memory-graph,yes,saas|private|onprem,harness,open,,P3,"apps/web/components/ui.tsx (DegradedBanner, ErrorNote, TruthBadge, LifecycleBadge); apps/api/src/shared/degraded-store.ts; test/int/phase1-fault-injection.test.ts (generic labelling only)","Declare a continuity contract per chapter (hold, expose affected scope, route to authority) and add one fault case per listed condition.",Four chapters kept in one unit because the row evidence and gap are identical; split when the contracts are written.
AU-MEM-0101,"A timeline and as-of explorer reconstructs event, observation, validity and record time across every object type, and a decision-grade trace shows which evidence, methods, people and versions produced each strategic output with lineage closure and citation/digest resolution; later corrections, missing intervals, source limitations and policy filtering are never concealed.",All profiles.,V8:CAP-UM-10; V8:PR-22-001; V8:PR-22-003,V8:CAP-UM-10,memory-graph,yes,saas|private|onprem,browser,open,,P3,"apps/web/app/observation/evidence/[evdId]/page.tsx (Four times, per object); test/acceptance/acceptance.test.ts: as-of retrieval",Build the cross-object timeline/as-of explorer and a source-to-product trace view; add clock-skew fixtures; browser case reconstructing a decision snapshot.,
AU-MEM-0102,"A scope-specific acceptance record closes chapters 18, 19, 20 and 22: golden identity corpus, cross-tenant negatives, merge/split replay, relationship provenance, steward review and impact reconciliation (18); path/temporal fixtures, policy trimming, provenance closure, ontology migration, projection rebuild, analyst comprehension (19); memory retrieval and temporal replay, permission inheritance, contradiction handling, retention/deletion tests, records-authority acceptance (20); bitemporal replay, citation/digest resolution, lineage closure, clock-skew fixtures, decision snapshot reconstruction, audit acceptance (22), each with positive, negative, stale-state, unauthorized-role, cross-tenant, correction and replay fixtures, a fault exercise, and product owner, independent assurance and customer authority acceptance for the exact capability version, journey, role, tenant, deployment, entitlement, data/model versions, configuration, consequence class and period.",All profiles; per release and customer scope.,V8:AT-18; V8:AT-19; V8:AT-20; V8:AT-22; V8:PR-18-006; V8:PR-19-006; V8:PR-20-006; V8:PR-22-006,V8:AT-18,memory-graph,yes,saas|private|onprem,document,open,,P3,"test/int/phase3-acceptance.test.ts (harness fixtures for 18/19); test/int/phase6-approvals.test.ts (20); test/acceptance/acceptance.test.ts, test/int/phase5-twins.test.ts (22) — phase harness/browser/CI only","Produce the four acceptance records (ADR-023 format) with the missing fixtures (contradiction handling, retention/deletion, ontology migration, clock skew) and independent assurance + customer attestation.",
AU-MEM-0103,The data-steward journey 'curate an entity resolution' (candidate -> compare evidence -> propose -> review -> commit -> propagate -> verify) runs end to end with a reversible canonical revision.,All profiles; data-steward role.,V8:JRN-04,V8:JRN-04,memory-graph,yes,saas|private|onprem,browser,open,,P3,test/int/phase3-acceptance.test.ts: split/known-at cases; apps/api/src/graph/graph.controller.ts (/resolutions/:id/decide); apps/web/app/graph/resolutions/page.tsx,Add evidence comparison to the workbench and automatic propagate/verify stages; browser journey case.,
AU-MEM-0104,"Every logical component of Enterprise Memory (L3-C01..C09) and the Knowledge Graph (L4-C01..C10) publishes a service manifest with component ID, owner, contracts, state class, dependencies, controls, SLOs, failure domains and recovery procedure.",All profiles.,V4:ES-33-002; V4:ES-34-002,V4:ES-33-002,memory-graph,yes,saas|private|onprem,document,open,,P7-D,conformance.manifest.json (Phase 0 units only),Author the 19 component manifests and validate them in CI against the component catalogue.,
AU-MEM-0105,"Deployable units of Enterprise Memory and the Knowledge Graph preserve component-level telemetry, policy enforcement, state access, resource use and failure isolation while sharing a runtime.",All profiles; modular monolith (ADR-P0-02).,V4:ES-33-003; V4:ES-34-003,V4:ES-33-003,memory-graph,yes,saas|private|onprem,operating-measurement,open,,P7-D,".dependency-cruiser.cjs; .github/workflows/ci.yml: 'Module boundaries (dependency-cruiser, blocking)'; apps/api/src/pipeline (single PEP); migrations/0002, 0009, 0011 (RLS + signed context); test/int/domain-isolation.test.ts",Add per-component metrics and resource accounting; fault case proving failure isolation between memory and graph components.,
AU-MEM-0106,"All Enterprise Memory and Knowledge Graph interfaces implement the canonical envelope, error model, compatibility rules, an idempotency or ordering profile, audit causation and consumer conformance fixtures.",All profiles.,V4:ES-33-004; V4:ES-34-004,V4:ES-33-004,memory-graph,yes,saas|private|onprem,harness,open,,P7-D,"packages/contracts/src/envelope.ts:19-138; apps/api/src/pipeline/http.ts:104-145,188-205; packages/contracts/src/errors.ts:16-45; pipeline.service.ts:387-388,460 (causation); test/acceptance/acceptance.test.ts:482,492,503,577","Declare idempotency/ordering profiles per interface, add consumer conformance fixtures and a contract registry evaluating compatibility rules.","Envelope, error model and causation are verified; the declarations and fixtures are missing."
AU-MEM-0107,"Enterprise Memory and the Knowledge Graph pass the same object, contract, control, failure, recovery, export and replay conformance fixtures on SaaS, Private Cloud and On-Premise deployments, preserving identical authority, state, isolation, failure, recovery, evidence, replay and human-decision semantics.",All three profiles; local Compose is the only profile at 2e83945 (EXC-P0-004).,V3:V03-T-102; V3:V03-T-113; V4:ES-33-010; V4:ES-34-010; V6:IA-34-004; V6:IA-35-004; V6:IA-44-004; V7:DP-33-004; V7:DP-34-004; V7:DP-35-004; V7:DP-36-004; V7:DP-37-004; V7:DP-38-004,V3:V03-T-102,memory-graph,yes,saas|private|onprem,deployment,open,,P7-D,scripts/gate/target-descriptor.json:17-25; docker-compose.yml; apps/api/src/policy/pdp.service.ts (environment.deployment hard-coded local-dev); EXCEPTIONS.md EXC-P0-004,"Deliver the Private Cloud and On-Premise profiles and run the phase 1-6 memory/graph fixtures as a shared conformance suite on all three, binding evidence to the exact release.",Thirteen parity rows merged; each keeps its chapter scope through the source_rows list.
AU-MEM-0108,"An applied correction is propagated automatically: the CorrectionApplied outbox event is consumed by a registered per-domain propagation agent that runs the same dependency walk the operator route runs, under its own agent session, within one publisher tick, and the recorded impact and invalidation name the agent instance (principal, version, code digest) that walked it.",All profiles; harness on real Redis and the real outbox publisher; the agent grant registered per domain by a tenant administrator; no person session and no system bypass.,V7:DP-24-001; V8:PR-24-001; V8:CAP-UM-12; V3:V03-T-028; V3:L1-I05; V3:L4-C08; V5:AI-29-005; V2:V02-T-129; V0:V00-T-045; V7:DAT-SM-08; V7:DCN-09; V7:DAT-OP-10,V7:DP-24-001,memory-graph,yes,saas|private|onprem,harness,verified:ci,,P3,"migrations/0060_propagation_consumer.sql (propagation_agent role; graph.propagation_agents, propagation_attempts and their event logs; register/revoke, session open/extend, attempt receive/finish, root begin/done, domains_to_serve, propagations_to_reconcile); apps/api/src/graph/propagation/propagation-consumer.service.ts; apps/api/src/graph/propagation/propagation-agents.service.ts; apps/api/src/graph/propagation/propagation-agent-session.service.ts; apps/api/src/objects/outbox.publisher.ts (CorrectionApplied routed to the domain propagation queue before the ack); apps/api/src/observation/scheduling/scheduler.service.ts (propagation job kind); apps/api/src/observation/acquisition/orchestrator.service.ts (the apply event named CorrectionApplied); apps/api/src/policy/pdp.service.ts (propagation_agent holds graph.impact.propagate only); apps/api/test/int/phase6-propagation-consumer.test.ts 'AUTOMATIC: a correction applied through the route is walked by the agent with no operator act; the citing twin version goes UNVERIFIED; the impact names the agent' (invalidation opened_by = the agent principal; DependencyInvalidated payload automatic=true with agent_id and code_digest; the citing twin version unverified by event; the case leaves /impact/awaiting)","Verified on the local profile by the author harness at phase6-decisions (B1, migration 0060) (15/15, real Redis and real outbox); Verified on the hosted chain at phase6-decisions@5118376 (ci run 34647461349, fresh database, 836/836) — one artefact, no deployment leg; cross-profile run (P7-D).","Batch B1 of audit/CP6_BATCHES.md. Narrower than AU-DP-0041, which stays open for TT-04 reassessment of inferred relationships and derivative coverage beyond graph/twins/forecasts/scenarios/simulations/warnings (AU-DP-0027, AU-MEM-0031)."
AU-MEM-0109,"Consumption of CorrectionApplied is idempotent and durable: a redelivered event (the same outbox row id) and a consumer restart after a partially applied walk produce no second walk of any corrected object and no duplicate impact, invalidation or twin event; the per-root checkpoint is committed with the impact record and a later delivery resumes from it.","All profiles; harness with real Redis and real outbox: a forced redelivery, a process restart with the queue lost, an injected crash after the first of two roots, and (0062) a REAL interruption — the handler stopped dead after receipt and after the first committed root, the worker abandoned without acknowledgement, the queue lost, the process restarted — resumed from the checkpoint; a reconciliation against a live worker leaves its job alone.",V3:L1-I05; V3:V03-T-271; V6:MS-06; V6:MS-01; V7:DP-29-001; V7:DP-29-005; V7:DCN-13; V4:ES-30-002; V7:DP-43-005,V3:L1-I05,memory-graph,yes,saas|private|onprem,harness,verified:ci,,P3,"migrations/0060_propagation_consumer.sql (propagation_agent role; graph.propagation_agents, propagation_attempts and their event logs; register/revoke, session open/extend, attempt receive/finish, root begin/done, domains_to_serve, propagations_to_reconcile); apps/api/src/graph/propagation/propagation-consumer.service.ts; apps/api/src/graph/propagation/propagation-agents.service.ts; apps/api/src/graph/propagation/propagation-agent-session.service.ts; apps/api/src/objects/outbox.publisher.ts (CorrectionApplied routed to the domain propagation queue before the ack); apps/api/src/observation/scheduling/scheduler.service.ts (propagation job kind); apps/api/src/observation/acquisition/orchestrator.service.ts (the apply event named CorrectionApplied); apps/api/src/policy/pdp.service.ts (propagation_agent holds graph.impact.propagate only); apps/api/test/int/phase6-propagation-consumer.test.ts 'REDELIVERY: the same event delivered again walks nothing twice' (deliveries 2, attempts 1, one invalidation, one twin event); 'RESTART: the queue is lost and the process restarts; the domain is served again and the finished event is not re-driven'; 'CRASH MID-CASE: a two-root correction interrupted after its first root resumes from the checkpoint on the retry and walks only the second' (attempt events received, walking, root.walked, failed, received, walking, root.walked, complete; exactly two invalidations); migrations/0062_propagation_recovery.sql (propagations_to_reconcile re-drives received/walking/failed attempts; a job held by a live worker is left alone); apps/api/test/int/phase6-propagation-consumer.test.ts 'INTERRUPTED AFTER RECEIPT, queue lost, process restarted: the stranded attempt is re-driven and every root walked once'; 'INTERRUPTED AFTER THE FIRST COMMITTED ROOT, queue lost, process restarted: the walk resumes at the second root; no duplicate impact or twin event'; 'NO CONFLICT WITH A LIVE WORKER: a reconciliation run while a walk is in flight leaves its job alone; the walk completes once'","Codex (2026-09-12) showed on the actual function that 0060's reconciliation re-drove only missing or failed attempts, so an attempt stranded in received or walking by a process interruption with Redis lost was never resumed. Corrected by 0062 at 637233f and demonstrated by the author harness (18/18); verified on the hosted chain at phase6-decisions@94d66f8 (ci run 34655152733, fresh database, the full integration suite green; C19 34655152732) — one artefact, no deployment leg; cross-profile run (P7-D).",Batch B1. Supplies partial evidence to AU-OBS-0126 (idempotent subscription) and AU-INF-0694/AU-DP-0071 (consumer idempotency); those stay open for their remaining scope. Set back to open at the Codex finding (2026-09-12) and returned to verified:ci at the first green hosted run at the correcting head (94d66f8).
AU-MEM-0110,"A CorrectionApplied consumer failure is recorded and the API process never exits: an infrastructure fault is recorded on the attempt with its reason and retried by the queue within its bounded budget; a refused or absent grant, a revocation mid-walk and a budget refusal are recorded as failed with their reason, are not retried, and leave the case visible in the awaiting queue with the reason stated beside its status.",All profiles; a fault case per failure kind (injected infrastructure fault; no active agent; budget exceeded); harness on real Redis and outbox.,V3:V03-T-302; V7:DP-24-005; V8:PR-24-005; V7:DF-12; V6:MS-04; V7:DP-29-005; V9:UX-32-005; V3:V03-T-303,V7:DP-24-005,memory-graph,yes,saas|private|onprem,harness,verified:ci,,P3,"migrations/0060_propagation_consumer.sql (propagation_agent role; graph.propagation_agents, propagation_attempts and their event logs; register/revoke, session open/extend, attempt receive/finish, root begin/done, domains_to_serve, propagations_to_reconcile); apps/api/src/graph/propagation/propagation-consumer.service.ts; apps/api/src/graph/propagation/propagation-agents.service.ts; apps/api/src/graph/propagation/propagation-agent-session.service.ts; apps/api/src/objects/outbox.publisher.ts (CorrectionApplied routed to the domain propagation queue before the ack); apps/api/src/observation/scheduling/scheduler.service.ts (propagation job kind); apps/api/src/observation/acquisition/orchestrator.service.ts (the apply event named CorrectionApplied); apps/api/src/policy/pdp.service.ts (propagation_agent holds graph.impact.propagate only); apps/api/test/int/phase6-propagation-consumer.test.ts 'TRANSIENT FAULT: an infrastructure fault before any root is recorded, retried by the queue and completed; the process is alive'; 'BUDGET: a case with more corrected objects than the grant allows is refused honestly, not retried, visible, and completed by the operator'; 'REVOKED GRANT: automatic walks stop, the case stays visible with the reason...' (/impact/awaiting rows carry automatic.state and propagation_status names the reason and that operator-initiated propagation remains available)","Verified on the local profile by the author harness at phase6-decisions (B1, migration 0060) (15/15, real Redis and real outbox); Verified on the hosted chain at phase6-decisions@5118376 (ci run 34647461349, fresh database, 836/836) — one artefact, no deployment leg; cross-profile run (P7-D).",Batch B1. Supplies the consumer-unavailable branch of AU-MEM-0039 and retry telemetry to AU-MEM-0041; both stay open for their remaining conditions.
AU-MEM-0111,"The CorrectionApplied consumer completes a correction only through the governed route: it acts under a registered, revocable per-domain propagation agent grant (the tenant administrator's act, the principal on the identity authority) and an agent session opened by its own port and extended only by walk progress; it calls the same graph.impact.propagate port and record_impact the operator route uses under a role that holds exactly that decision; the case moves to propagation complete only when the database records coverage complete; a truncated walk leaves the attempt and the case partial and listed; every new mutator port refuses without its capability; unrelated events are published untouched; a misrouted job fails closed; and the operator route is unchanged.","All profiles; harness: registration by role (403 for owner and domain administrator), one active agent per domain, session refused for a foreign agent or a drifted walker digest, the C14 no-capability probe on every new port, partial walk listed with the truncation stated and re-walkable by the operator.",V7:DP-43-003; V7:DP-43-005; V8:PR-24-001; V8:PR-24-003; V7:DP-24-003; V7:DCN-09; V4:ES-30-002; V5:AG-014; V3:V03-T-300,V7:DP-43-003,memory-graph,yes,saas|private|onprem,harness,verified:ci,,P3,"migrations/0060_propagation_consumer.sql (propagation_agent role; graph.propagation_agents, propagation_attempts and their event logs; register/revoke, session open/extend, attempt receive/finish, root begin/done, domains_to_serve, propagations_to_reconcile); apps/api/src/graph/propagation/propagation-consumer.service.ts; apps/api/src/graph/propagation/propagation-agents.service.ts; apps/api/src/graph/propagation/propagation-agent-session.service.ts; apps/api/src/objects/outbox.publisher.ts (CorrectionApplied routed to the domain propagation queue before the ack); apps/api/src/observation/scheduling/scheduler.service.ts (propagation job kind); apps/api/src/observation/acquisition/orchestrator.service.ts (the apply event named CorrectionApplied); apps/api/src/policy/pdp.service.ts (propagation_agent holds graph.impact.propagate only); apps/api/test/int/phase6-propagation-consumer.test.ts 'registration is the tenant administrator\'s...'; 'the agent session is the registry\'s...'; 'PARTIAL WALK: a chain past the traversal bound leaves the attempt and the case PARTIAL and VISIBLE; a redelivery is a no-op; the operator may re-walk'; 'UNRELATED EVENTS are published untouched'; 'SCOPE FAILS CLOSED'; 'EVERY NEW MUTATOR PORT refuses without its capability'; 'the four new graph tables are under FORCE row-level security and read-only for the application authorities'","Verified on the local profile by the author harness at phase6-decisions (B1, migration 0060) (15/15, real Redis and real outbox); Verified on the hosted chain at phase6-decisions@5118376 (ci run 34647461349, fresh database, 836/836) — one artefact, no deployment leg; cross-profile run (P7-D).",Batch B1. The partial-walk case is also the automatic-walk evidence of AU-DP-0043.
AU-MEM-0112,"Each GraphChanged/MemoryCorrected consumer (twins, forecasts, scenarios, decisions, retrieval, memory mappings) is a registered, revocable per-domain subscription: the tenant administrator's act creates a principal of the kind's role on the identity authority and the subscription on the commit authority; one live subscription per domain and kind; the subscriber's session is opened by its own port only for its registered subscription, domain, version and code digest, and extended only by delivery progress.","All profiles; harness: registration refused for the owner and the domain administrator (403), for an unknown kind and a missing owner (400), a second live subscription of a kind refused (23505); the session refused for a foreign subscription, a wrong domain and a drifted kind.",V0:C-009; V0:V00-T-045; V7:DP-43-003; V8:PR-24-001; V5:AG-014,V0:C-009,memory-graph,yes,saas|private|onprem,harness,verified:ci,,P3,"migrations/0063_graph_subscriptions.sql (six subscriber roles; graph.subscriptions and events; graph.subscription_deliveries and events; graph.retrieval_checks; graph.mapping_reconciliations; register/set_status, session open/extend, subscriptions_matching, delivery receive/items/finish, item begin/done, domains_to_serve, deliveries_to_reconcile with look-back, event_row, outbox_failures, replay; twin.apply_subscription_mark, prediction.mark_forecast_attention, prediction.mark_scenario_attention, decision.note_input_invalidated, graph.record_retrieval_check, graph.propose_mapping_reconciliation, graph.decide_mapping_reconciliation); apps/api/src/graph/subscriptions/graph-change.ts (GraphChanged@v1/MemoryCorrected@v1 contracts, consumer identities, the ledger); apps/api/src/graph/subscriptions/change-events.ts (emitters: identities, relationships, reach by the invalidation walker, temporal scope, subscriptions at publication, cause); apps/api/src/graph/subscriptions/subscription-dispatcher.service.ts; apps/api/src/graph/subscriptions/subscriptions.service.ts; apps/api/src/graph/subscriptions/subscription-session.service.ts; apps/api/src/graph/graph.controller.ts (decide, split, retract, declare, propagate emit GraphChanged; /subscriptions/* and /mappings/* routes); apps/api/src/graph/graph.orchestrator.ts (entity.created, entity.resolved, edge.asserted); apps/api/src/graph/propagation/propagation-consumer.service.ts (invalidation.assessed); apps/api/src/observation/acquisition/orchestrator.service.ts (MemoryCorrected evidence.corrected in the apply transaction); apps/api/src/intelligence/intelligence.controller.ts (MemoryCorrected claim.corrected); apps/api/src/graph/subscriptions/consumers/retrieval.consumer.ts; apps/api/src/graph/subscriptions/consumers/memory-mappings.consumer.ts; apps/api/src/twin/twins/twin-subscription.consumer.ts; apps/api/src/prediction/subscriptions/forecast-subscription.consumer.ts; apps/api/src/prediction/subscriptions/scenario-subscription.consumer.ts; apps/api/src/decision/subscriptions/decision-subscription.consumer.ts; apps/api/src/objects/outbox.publisher.ts (GraphChanged/MemoryCorrected routed to the domain subscription queue when served); apps/api/src/observation/scheduling/scheduler.service.ts (subscription job kind); apps/api/src/policy/pdp.service.ts (six exact apply actions, one role each; register/control/replay); apps/api/test/int/phase6-graph-subscriptions.test.ts 'registration is the tenant administrator\'s: a principal of the kind\'s role on the identity authority, the subscription on the commit authority, the domain served; one live subscription per kind'; 'the subscriber session is the registry\'s: a foreign subscription, a wrong domain or a drifted consumer digest opens no session'","Demonstrated locally by the author harness at the implementing head (B6, 0063, fcbdefc; evidence/cp6/b6-run7.txt, b6-run8.txt). Verified on the hosted chain at phase6-decisions@fcbdefc (ci run 34663012651, fresh database, 852/852 in 49 files, phase6-graph-subscriptions 13/13; C19 34663012694) — one artefact, no deployment leg; cross-profile run (P7-D).",Batch B6. Supplies the subscription half of AU-MEM-0030.
AU-MEM-0113,"A graph change publishes, in the same transaction as the change, a GraphChanged@v1 event carrying the affected identities (named, with lifecycle and split lineage), the relationships (edges with world and record intervals, resolutions, dependencies), the reach of the dependency walk (the invalidation's own walker, bounded and saying so), the temporal scope, the subscriptions live at publication and the cause; and every registered consumer updates its own world from it with no operator act: a citing or boundary-bound admitted twin version goes unverified, a forecast and a scenario are marked for attention, an invalidated input is recorded on a decision package (its state untouched), the retrieval projections are re-verified and the check recorded, and a mapping reconciliation is proposed for a person.","All profiles; harness with the real outbox and Redis: an edge retraction through the route reaches all six consumers; each effect is made by the subscriber principal of its kind under its own action through the pipeline; entity.created, entity.resolved, entity.split, edge.asserted, strategy.declared and invalidation.assessed emit the same event.",V0:C-009; V0:C-017; V3:L4-C08; V3:L4-I03; V2:V02-T-129; V5:AI-29-005; V5:AI-45-005; V4:ES-19-001; V4:ES-19-002,V0:C-009,memory-graph,yes,saas|private|onprem,harness,verified:ci,,P3,"migrations/0063_graph_subscriptions.sql (six subscriber roles; graph.subscriptions and events; graph.subscription_deliveries and events; graph.retrieval_checks; graph.mapping_reconciliations; register/set_status, session open/extend, subscriptions_matching, delivery receive/items/finish, item begin/done, domains_to_serve, deliveries_to_reconcile with look-back, event_row, outbox_failures, replay; twin.apply_subscription_mark, prediction.mark_forecast_attention, prediction.mark_scenario_attention, decision.note_input_invalidated, graph.record_retrieval_check, graph.propose_mapping_reconciliation, graph.decide_mapping_reconciliation); apps/api/src/graph/subscriptions/graph-change.ts (GraphChanged@v1/MemoryCorrected@v1 contracts, consumer identities, the ledger); apps/api/src/graph/subscriptions/change-events.ts (emitters: identities, relationships, reach by the invalidation walker, temporal scope, subscriptions at publication, cause); apps/api/src/graph/subscriptions/subscription-dispatcher.service.ts; apps/api/src/graph/subscriptions/subscriptions.service.ts; apps/api/src/graph/subscriptions/subscription-session.service.ts; apps/api/src/graph/graph.controller.ts (decide, split, retract, declare, propagate emit GraphChanged; /subscriptions/* and /mappings/* routes); apps/api/src/graph/graph.orchestrator.ts (entity.created, entity.resolved, edge.asserted); apps/api/src/graph/propagation/propagation-consumer.service.ts (invalidation.assessed); apps/api/src/observation/acquisition/orchestrator.service.ts (MemoryCorrected evidence.corrected in the apply transaction); apps/api/src/intelligence/intelligence.controller.ts (MemoryCorrected claim.corrected); apps/api/src/graph/subscriptions/consumers/retrieval.consumer.ts; apps/api/src/graph/subscriptions/consumers/memory-mappings.consumer.ts; apps/api/src/twin/twins/twin-subscription.consumer.ts; apps/api/src/prediction/subscriptions/forecast-subscription.consumer.ts; apps/api/src/prediction/subscriptions/scenario-subscription.consumer.ts; apps/api/src/decision/subscriptions/decision-subscription.consumer.ts; apps/api/src/objects/outbox.publisher.ts (GraphChanged/MemoryCorrected routed to the domain subscription queue when served); apps/api/src/observation/scheduling/scheduler.service.ts (subscription job kind); apps/api/src/policy/pdp.service.ts (six exact apply actions, one role each; register/control/replay); apps/api/test/int/phase6-graph-subscriptions.test.ts 'EDGE RETRACTED: one operator act publishes GraphChanged with identities, relationships, reach, temporal scope and subscriptions; all six consumers update their worlds with no operator act'","Demonstrated locally by the author harness at the implementing head (B6, 0063, fcbdefc; evidence/cp6/b6-run7.txt, b6-run8.txt). Verified on the hosted chain at phase6-decisions@fcbdefc (ci run 34663012651, fresh database, 852/852 in 49 files, phase6-graph-subscriptions 13/13; C19 34663012694) — one artefact, no deployment leg; the mapping-reconciliation positive case is on the MemoryCorrected leg (AU-MEM-0114); cross-profile run (P7-D).","Batch B6. Supplies the GraphChanged half of AU-MEM-0030 and partial evidence to AU-DP-0071 (schema version, stable references) and AU-OBS-0126."
AU-MEM-0114,"A memory change publishes, in the same transaction as the change, a MemoryCorrected@v1 event carrying the corrected objects with their versions and lifecycle, the claims derived from them, the temporal scope, the subscriptions and the cause — an applied evidence correction (with CorrectionApplied, which keeps its own path) and a corrected claim from review; the twin consumer unverifies the citing version, and the memory-mappings consumer PROPOSES a reconciliation of an identifier, edge or resolution whose basis moved, decided by a person under the resolution manager's authority and never applied automatically.","All profiles; harness: a correction applied through the route publishes CorrectionApplied and MemoryCorrected together (same correlation, same transaction); the identifier sourced from the corrected evidence is proposed and not moved; a forecast owner cannot decide the proposal (403); the resolution manager rejects it with a reason; CorrectionApplied is not on the subscription queue and MemoryCorrected is not on the propagation queue.",V0:C-009; V0:C-017; V3:L4-C08; V3:L3-C05; V7:DP-24-003; V4:ES-19-001,V0:C-017,memory-graph,yes,saas|private|onprem,harness,verified:ci,,P3,"migrations/0063_graph_subscriptions.sql (six subscriber roles; graph.subscriptions and events; graph.subscription_deliveries and events; graph.retrieval_checks; graph.mapping_reconciliations; register/set_status, session open/extend, subscriptions_matching, delivery receive/items/finish, item begin/done, domains_to_serve, deliveries_to_reconcile with look-back, event_row, outbox_failures, replay; twin.apply_subscription_mark, prediction.mark_forecast_attention, prediction.mark_scenario_attention, decision.note_input_invalidated, graph.record_retrieval_check, graph.propose_mapping_reconciliation, graph.decide_mapping_reconciliation); apps/api/src/graph/subscriptions/graph-change.ts (GraphChanged@v1/MemoryCorrected@v1 contracts, consumer identities, the ledger); apps/api/src/graph/subscriptions/change-events.ts (emitters: identities, relationships, reach by the invalidation walker, temporal scope, subscriptions at publication, cause); apps/api/src/graph/subscriptions/subscription-dispatcher.service.ts; apps/api/src/graph/subscriptions/subscriptions.service.ts; apps/api/src/graph/subscriptions/subscription-session.service.ts; apps/api/src/graph/graph.controller.ts (decide, split, retract, declare, propagate emit GraphChanged; /subscriptions/* and /mappings/* routes); apps/api/src/graph/graph.orchestrator.ts (entity.created, entity.resolved, edge.asserted); apps/api/src/graph/propagation/propagation-consumer.service.ts (invalidation.assessed); apps/api/src/observation/acquisition/orchestrator.service.ts (MemoryCorrected evidence.corrected in the apply transaction); apps/api/src/intelligence/intelligence.controller.ts (MemoryCorrected claim.corrected); apps/api/src/graph/subscriptions/consumers/retrieval.consumer.ts; apps/api/src/graph/subscriptions/consumers/memory-mappings.consumer.ts; apps/api/src/twin/twins/twin-subscription.consumer.ts; apps/api/src/prediction/subscriptions/forecast-subscription.consumer.ts; apps/api/src/prediction/subscriptions/scenario-subscription.consumer.ts; apps/api/src/decision/subscriptions/decision-subscription.consumer.ts; apps/api/src/objects/outbox.publisher.ts (GraphChanged/MemoryCorrected routed to the domain subscription queue when served); apps/api/src/observation/scheduling/scheduler.service.ts (subscription job kind); apps/api/src/policy/pdp.service.ts (six exact apply actions, one role each; register/control/replay); apps/api/test/int/phase6-graph-subscriptions.test.ts 'EVIDENCE CORRECTED: the apply publishes MemoryCorrected in the same transaction as CorrectionApplied; the citing twin version goes unverified; a mapping reconciliation is PROPOSED and a person decides it; CorrectionApplied still reaches its own path'","Demonstrated locally by the author harness at the implementing head (B6, 0063, fcbdefc; evidence/cp6/b6-run7.txt, b6-run8.txt). Verified on the hosted chain at phase6-decisions@fcbdefc (ci run 34663012651, fresh database, 852/852 in 49 files, phase6-graph-subscriptions 13/13; C19 34663012694) — one artefact, no deployment leg; the claim.corrected leg is emitted by the review route and covered by the same consumers but has no dedicated harness case yet (next batch); cross-profile run (P7-D).",Batch B6. Supplies the MemoryCorrected half of AU-MEM-0030 and the memory-mappings consumer.
AU-MEM-0115,"Subscription delivery is durable and idempotent on the corrected recovery machinery: a redelivered event applies nothing twice; a restart with an empty Redis re-drives nothing finished; a real interruption after receipt and one after the first committed item — the process stopped dead, the worker abandoned without acknowledgement, the queue lost, the process restarted — are re-driven at the next start and resume from the per-item checkpoint (committed with the effect) with no duplicate effect; a reconciliation against a live worker leaves its job alone.",All profiles; harness with real Redis and the real outbox: deliveries 2 / attempts 1 after a redelivery with every effect count unchanged; the startup report re-drives nothing for a finished domain; the stranded deliveries' previous states are received; the resumed twins delivery applies only its second item; five finished deliveries of the same event are re-received and skipped.,V3:L1-I05; V3:V03-T-271; V6:MS-06; V6:MS-01; V7:DP-29-001; V7:DP-29-005; V4:ES-30-002,V3:L1-I05,memory-graph,yes,saas|private|onprem,harness,verified:ci,,P3,"migrations/0063_graph_subscriptions.sql (six subscriber roles; graph.subscriptions and events; graph.subscription_deliveries and events; graph.retrieval_checks; graph.mapping_reconciliations; register/set_status, session open/extend, subscriptions_matching, delivery receive/items/finish, item begin/done, domains_to_serve, deliveries_to_reconcile with look-back, event_row, outbox_failures, replay; twin.apply_subscription_mark, prediction.mark_forecast_attention, prediction.mark_scenario_attention, decision.note_input_invalidated, graph.record_retrieval_check, graph.propose_mapping_reconciliation, graph.decide_mapping_reconciliation); apps/api/src/graph/subscriptions/graph-change.ts (GraphChanged@v1/MemoryCorrected@v1 contracts, consumer identities, the ledger); apps/api/src/graph/subscriptions/change-events.ts (emitters: identities, relationships, reach by the invalidation walker, temporal scope, subscriptions at publication, cause); apps/api/src/graph/subscriptions/subscription-dispatcher.service.ts; apps/api/src/graph/subscriptions/subscriptions.service.ts; apps/api/src/graph/subscriptions/subscription-session.service.ts; apps/api/src/graph/graph.controller.ts (decide, split, retract, declare, propagate emit GraphChanged; /subscriptions/* and /mappings/* routes); apps/api/src/graph/graph.orchestrator.ts (entity.created, entity.resolved, edge.asserted); apps/api/src/graph/propagation/propagation-consumer.service.ts (invalidation.assessed); apps/api/src/observation/acquisition/orchestrator.service.ts (MemoryCorrected evidence.corrected in the apply transaction); apps/api/src/intelligence/intelligence.controller.ts (MemoryCorrected claim.corrected); apps/api/src/graph/subscriptions/consumers/retrieval.consumer.ts; apps/api/src/graph/subscriptions/consumers/memory-mappings.consumer.ts; apps/api/src/twin/twins/twin-subscription.consumer.ts; apps/api/src/prediction/subscriptions/forecast-subscription.consumer.ts; apps/api/src/prediction/subscriptions/scenario-subscription.consumer.ts; apps/api/src/decision/subscriptions/decision-subscription.consumer.ts; apps/api/src/objects/outbox.publisher.ts (GraphChanged/MemoryCorrected routed to the domain subscription queue when served); apps/api/src/observation/scheduling/scheduler.service.ts (subscription job kind); apps/api/src/policy/pdp.service.ts (six exact apply actions, one role each; register/control/replay); apps/api/test/int/phase6-graph-subscriptions.test.ts 'REDELIVERY: the same event delivered again applies nothing twice'; 'RESTART with an empty Redis: the domain is served again and nothing finished is re-driven'; 'INTERRUPTED AFTER RECEIPT, queue lost, process restarted: the stranded deliveries are re-driven; every effect once'; 'INTERRUPTED AFTER THE FIRST COMMITTED ITEM, queue lost, process restarted: the delivery resumes at the second item; no duplicate effect; the other subscriptions\' finished deliveries untouched'; 'NO CONFLICT WITH A LIVE WORKER: a reconciliation run while a delivery is in flight leaves its job alone'","Demonstrated locally by the author harness at the implementing head (B6, 0063, fcbdefc; evidence/cp6/b6-run7.txt, b6-run8.txt). Verified on the hosted chain at phase6-decisions@fcbdefc (ci run 34663012651, fresh database, 852/852 in 49 files, phase6-graph-subscriptions 13/13; C19 34663012694) — one artefact, no deployment leg; cross-profile run (P7-D).",Batch B6. Built on the 0062 lesson from the start: received and failed deliveries are re-driven; a look-back catches a row published out of order behind the checkpoint. Supplies partial evidence to AU-INF-0694 (consumer idempotency and replay for six more consumers) and AU-DP-0071 (checkpoints after owned effects).
AU-MEM-0116,"A subscription can be replayed, paused, resumed and revoked as governed acts: a replay moves one subscription's cursor back and re-drives every event after it to that subscription alone, re-checking through idempotent ports and duplicating nothing; a paused subscription receives nothing and a resume re-drives what was published meanwhile; a revoked subscription opens no session and a new one of the kind may be registered with the backlog replayed.",All profiles; harness: a replay from the beginning re-applies every twins delivery (replay_seq 1) with no new twin event and no change to the other subscriptions' ledgers; an owner cannot replay (403); a forecast published while paused is delivered after the resume; a new forecast subscription registered with backlog 'replay' applies the backlog.,V0:C-009; V7:DP-29-005; V6:MS-06; V7:DP-43-005,V7:DP-29-005,memory-graph,yes,saas|private|onprem,harness,verified:ci,,P3,"migrations/0063_graph_subscriptions.sql (six subscriber roles; graph.subscriptions and events; graph.subscription_deliveries and events; graph.retrieval_checks; graph.mapping_reconciliations; register/set_status, session open/extend, subscriptions_matching, delivery receive/items/finish, item begin/done, domains_to_serve, deliveries_to_reconcile with look-back, event_row, outbox_failures, replay; twin.apply_subscription_mark, prediction.mark_forecast_attention, prediction.mark_scenario_attention, decision.note_input_invalidated, graph.record_retrieval_check, graph.propose_mapping_reconciliation, graph.decide_mapping_reconciliation); apps/api/src/graph/subscriptions/graph-change.ts (GraphChanged@v1/MemoryCorrected@v1 contracts, consumer identities, the ledger); apps/api/src/graph/subscriptions/change-events.ts (emitters: identities, relationships, reach by the invalidation walker, temporal scope, subscriptions at publication, cause); apps/api/src/graph/subscriptions/subscription-dispatcher.service.ts; apps/api/src/graph/subscriptions/subscriptions.service.ts; apps/api/src/graph/subscriptions/subscription-session.service.ts; apps/api/src/graph/graph.controller.ts (decide, split, retract, declare, propagate emit GraphChanged; /subscriptions/* and /mappings/* routes); apps/api/src/graph/graph.orchestrator.ts (entity.created, entity.resolved, edge.asserted); apps/api/src/graph/propagation/propagation-consumer.service.ts (invalidation.assessed); apps/api/src/observation/acquisition/orchestrator.service.ts (MemoryCorrected evidence.corrected in the apply transaction); apps/api/src/intelligence/intelligence.controller.ts (MemoryCorrected claim.corrected); apps/api/src/graph/subscriptions/consumers/retrieval.consumer.ts; apps/api/src/graph/subscriptions/consumers/memory-mappings.consumer.ts; apps/api/src/twin/twins/twin-subscription.consumer.ts; apps/api/src/prediction/subscriptions/forecast-subscription.consumer.ts; apps/api/src/prediction/subscriptions/scenario-subscription.consumer.ts; apps/api/src/decision/subscriptions/decision-subscription.consumer.ts; apps/api/src/objects/outbox.publisher.ts (GraphChanged/MemoryCorrected routed to the domain subscription queue when served); apps/api/src/observation/scheduling/scheduler.service.ts (subscription job kind); apps/api/src/policy/pdp.service.ts (six exact apply actions, one role each; register/control/replay); apps/api/test/int/phase6-graph-subscriptions.test.ts 'REPLAY: the twins subscription replayed from the beginning re-checks every event and duplicates nothing; the other subscriptions are untouched'; 'PAUSE and RESUME: a paused subscription receives nothing; a resume re-drives what was published meanwhile; a revoked one is gone for good'","Demonstrated locally by the author harness at the implementing head (B6, 0063, fcbdefc; evidence/cp6/b6-run7.txt, b6-run8.txt). Verified on the hosted chain at phase6-decisions@fcbdefc (ci run 34663012651, fresh database, 852/852 in 49 files, phase6-graph-subscriptions 13/13; C19 34663012694) — one artefact, no deployment leg; cross-profile run (P7-D).",Batch B6.
AU-MEM-0117,"The subscription machinery holds only through the governed path: every 0063 port refuses without its action or capability; each consumer kind holds exactly its own apply action at the policy boundary and at the ports, so a subscriber of one kind cannot drive another kind's effect even inside its own governed write; a foreign principal cannot set or apply a delivery's items; matching at publication is total; the six new tables are under forced row-level security; a misrouted job fails closed and the worker lives on; no subscription event reaches the propagation queue.","All profiles; harness: the C14 no-capability probe on every new port (42501), a non-consumer action refused (22023), the twin subscriber's write refused at the forecast port (42501) and at the PDP for the forecast action (403), FORCE RLS on all six tables.",V7:DP-43-003; V8:PR-24-003; V7:DCN-09; V4:ES-30-002; V3:V03-T-300,V7:DP-43-003,memory-graph,yes,saas|private|onprem,harness,verified:ci,,P3,"migrations/0063_graph_subscriptions.sql (six subscriber roles; graph.subscriptions and events; graph.subscription_deliveries and events; graph.retrieval_checks; graph.mapping_reconciliations; register/set_status, session open/extend, subscriptions_matching, delivery receive/items/finish, item begin/done, domains_to_serve, deliveries_to_reconcile with look-back, event_row, outbox_failures, replay; twin.apply_subscription_mark, prediction.mark_forecast_attention, prediction.mark_scenario_attention, decision.note_input_invalidated, graph.record_retrieval_check, graph.propose_mapping_reconciliation, graph.decide_mapping_reconciliation); apps/api/src/graph/subscriptions/graph-change.ts (GraphChanged@v1/MemoryCorrected@v1 contracts, consumer identities, the ledger); apps/api/src/graph/subscriptions/change-events.ts (emitters: identities, relationships, reach by the invalidation walker, temporal scope, subscriptions at publication, cause); apps/api/src/graph/subscriptions/subscription-dispatcher.service.ts; apps/api/src/graph/subscriptions/subscriptions.service.ts; apps/api/src/graph/subscriptions/subscription-session.service.ts; apps/api/src/graph/graph.controller.ts (decide, split, retract, declare, propagate emit GraphChanged; /subscriptions/* and /mappings/* routes); apps/api/src/graph/graph.orchestrator.ts (entity.created, entity.resolved, edge.asserted); apps/api/src/graph/propagation/propagation-consumer.service.ts (invalidation.assessed); apps/api/src/observation/acquisition/orchestrator.service.ts (MemoryCorrected evidence.corrected in the apply transaction); apps/api/src/intelligence/intelligence.controller.ts (MemoryCorrected claim.corrected); apps/api/src/graph/subscriptions/consumers/retrieval.consumer.ts; apps/api/src/graph/subscriptions/consumers/memory-mappings.consumer.ts; apps/api/src/twin/twins/twin-subscription.consumer.ts; apps/api/src/prediction/subscriptions/forecast-subscription.consumer.ts; apps/api/src/prediction/subscriptions/scenario-subscription.consumer.ts; apps/api/src/decision/subscriptions/decision-subscription.consumer.ts; apps/api/src/objects/outbox.publisher.ts (GraphChanged/MemoryCorrected routed to the domain subscription queue when served); apps/api/src/observation/scheduling/scheduler.service.ts (subscription job kind); apps/api/src/policy/pdp.service.ts (six exact apply actions, one role each; register/control/replay); apps/api/test/int/phase6-graph-subscriptions.test.ts 'THE GOVERNED PATH: every 0063 port refuses without its action; a kind cannot drive another kind\'s port; a foreign principal cannot set a delivery\'s items; the new tables are under forced RLS'","Demonstrated locally by the author harness at the implementing head (B6, 0063, fcbdefc; evidence/cp6/b6-run7.txt, b6-run8.txt). Verified on the hosted chain at phase6-decisions@fcbdefc (ci run 34663012651, fresh database, 852/852 in 49 files, phase6-graph-subscriptions 13/13; C19 34663012694) — one artefact, no deployment leg; cross-profile run (P7-D).",Batch B6.
AU-PRD-0001,"A forecast is issued only at one of the six canonical horizons (30d, 90d, 180d, 1y, 3y, 5y); any other horizon is refused unless a domain specification defines an additional governed horizon without replacing them.",All profiles; enforced by CHECK at the database.,V0:C-020; V8:PR-32-001; V2:V02-T-061; V3:L6-C01; V3:V03-T-324; V5:AI-48-001; V10:ENT-07,V0:C-020,prediction,yes,saas|private|onprem,harness,verified:local,,R0,"migrations/0029 horizon_code CHECK ('30d','90d','180d','1y','3y','5y'); apps/api/src/prediction/forecasting/forecasting.service.ts:27-29 (HORIZONS); test/int/phase4-acceptance.test.ts:487 'D1 · a forecast names distribution, horizon, drivers, assumptions and evidence — or is refused'",Integrate phase4 branch (R0); cross-profile run (P7-D).,C-020/PR-32-001/ENT-07 conditions on horizon-appropriate methods and 3y/5y validation are the next two units.
AU-PRD-0002,"Method selection is horizon-appropriate and policy-governed: eligible deterministic, statistical, event, causal, structural and judgmental model families are resolved per horizon under deployment and risk policy from a governed model registry (30d: high-frequency indicators, near-term events, intervention windows, freshness; 5y: structural uncertainty, alternative regimes, path dependence, option value, resilience), and the confidence language changes with the horizon.",All profiles.,V0:C-020; V0:V00-T-004; V0:V00-T-051; V8:CAP-FW-12; V8:PR-32-001; V2:V02-T-059; V2:V02-T-153; V3:L6-C03; V3:V03-T-125; V3:V03-T-320; V4:V04-T-029; V1:V01-T-014,V0:C-020,prediction,yes,saas|private|onprem,harness,open,,P4,"apps/api/src/prediction/models/models.ts:31-33,104,214 (seasonal-naive and holt-winters-additive only, MODEL_VERSION 1); migrations/0029 horizon codes; migrations/0031 publication calendar",Add a governed model registry with per-horizon eligible families and a policy-resolved model plan; add at least one event/causal/structural family; harness case: the plan recorded on the package differs by horizon and a policy-ineligible method is not used.,V00-T-004 event/risk/opportunity prediction: event forecasts are owed here; risk/opportunity products are their own units.
AU-PRD-0003,"Every target, horizon and domain in decision-active use has measured validation: 3y and 5y horizons (T3) and the ECB/World Bank series are backtested and scored on real history, not only the demo series.",All profiles; accuracy is measured on actual data and time horizon (a fresh backfill cannot manufacture vintages).,V0:C-020; V8:CAP-FW-12; V8:PR-32-001; V2:V02-T-153; V10:ENT-07; V10:IR-16-003; V10:V10-T-003,V0:C-020,prediction,yes,saas|private|onprem,domain-validation,open,,P4,migrations/0030 record_backtest per horizon; PHASE4_REPORT.md: T3 unmeasured; FULL_PRODUCT_DELIVERY_REGISTER.md §7 (ECB publisher unreachable),Obtain the historical vintages and run per-target/horizon/domain backtests for 3y/5y and the external series; record results in the calibration screen and the register; label unsupported horizons explicitly.,
AU-PRD-0004,"A forecast names its distribution (ordered q10/q50/q90), horizon, origin and known-at, method and version, drivers, assumptions (strategy-graph ASUs) and evidence references, or it is refused; a point estimate never replaces the distribution; publish freezes cutoff, method and distribution.",All profiles; forecast-issuing writes cannot admit other object kinds.,V0:C-021; V8:OBJ-24; V8:PR-32-002; V2:V02-T-060; V2:V02-T-066; V2:V02-T-154; V3:ADR-0012; V3:FCT; V3:L6-C09; V3:L6-I01; V3:V03-T-126; V3:V03-T-318; V3:V03-T-325; V4:ES-36-005; V5:AI-48-003,V0:C-021,prediction,yes,saas|private|onprem,harness,verified:local,,R0,"migrations/0029:102-149 (fct_names_drivers, fct_names_assumptions, quantiles); apps/api/src/prediction/prediction.controller.ts; apps/api/src/prediction/forecasting/forecasting.service.ts:213-228; migrations/0030:50-54; 0031:11-14 (issuance vs response timing); test/int/phase4-acceptance.test.ts:487 'D1 · a forecast names distribution, horizon, drivers, assumptions and evidence — or is refused'; test/int/phase5-twins.test.ts: 'a forecast-issuing write cannot admit a TWN'; test/int/phase4-corrections.test.ts",Integrate phase4 branch (R0); cross-profile run (P7-D). Package completeness gaps are the next units.,"FCT/ADR-0012/V02-T-060/PR-32-002/OBJ-24 remaining (sensitivity, calibration record, failure conditions, reviewer) are separate units."
AU-PRD-0005,"A forecast package carries driver attribution and sensitivity: which drivers and assumptions move the distribution and by how much, with subgroup or geographic variation where relevant.",All profiles.,V0:C-021; V2:V02-T-064; V2:V02-T-155; V3:ADR-0012; V3:FCT; V3:L6-C06; V3:V03-T-321; V5:AI-48-004,V0:C-021,prediction,yes,saas|private|onprem,harness,open,,P4,apps/api/src/prediction/forecasting/forecasting.service.ts:196-202 (single self-series driver),"Build the driver attribution and sensitivity engine (multi-driver, one-at-a-time and elasticity over assumptions); persist sensitivity on the package; harness case asserting it on D1.",
AU-PRD-0006,"A forecast declares base rate, feature versions, scenario dependencies, out-of-distribution warnings, structural-break and missing-data state, explicit failure conditions (regime break, data gap, horizon beyond validation), expiry, refresh cadence and the conditions that cause revision; records when a model operates outside the evidence on which it was validated.",All profiles.,V0:V00-T-052; V2:V02-T-065; V3:V03-T-128; V3:V03-T-323; V5:AI-26-005; V5:AI-48-004; V1:V01-T-014,V0:V00-T-052,prediction,yes,saas|private|onprem,harness,open,,P4,"migrations/0029 forecasts_current (refresh_cadence, validation_state, attention_state 'assumption_unverified'); apps/api/src/prediction/forecasting/forecasting.service.ts (MIS-CALIBRATED note, refusals)","Add base_rate, feature_versions, scenario_dependencies, ood_state, failure_conditions, expiry and revision_conditions to the package and evaluate them on refresh; harness case: a forecast beyond its validated range is labelled out-of-validation.",
AU-PRD-0007,"A forecast run freezes its information set as a boundary manifest: evidence, graph revision, twin snapshot, features, assumptions, policy and known coverage gaps, so prediction is grounded in entities, relationships, events and mechanisms rather than the series alone.",All profiles.,V0:V00-T-009; V3:L6-C02; V3:V03-T-319; V5:AI-48-002,V0:V00-T-009,prediction,yes,saas|private|onprem,harness,open,,P4,"apps/api/src/prediction/series/series.service.ts:1-19 (series vintage only); migrations/0029 issue_forecast (subject entity, ASUs, evidence refs, known_at)",Add graph-revision and twin-snapshot pins and a feature/context assembler drawing on graph relationships and events; persist the boundary manifest; harness case: a later graph change is reported against the pinned revision.,
AU-PRD-0008,"Model and feature lineage (method, method version, series vintage, feature versions) on the package is asserted by a named harness case.",All profiles.,V3:V03-T-127,V3:V03-T-127,prediction,yes,saas|private|onprem,harness,open,,P4,"migrations/0029:102-149 (method/method_version, series vintage on package); apps/api/src/prediction/series/series.service.ts:1-19",Add an assertion to the D1 case (or a new case) that method_version and series vintage are present and stable across reissue.,
AU-PRD-0009,"When credible methods imply different futures the disagreement is shown, the assumptions driving the divergence are identified, and alternative models remain inspectable (ensemble and disagreement manager).",All profiles.,V0:V00-T-053; V2:V02-T-156; V3:L6-C04; V3:V03-T-129; V3:V03-T-326; V4:ES-36-007; V4:V04-T-029; V1:V01-T-014,V0:V00-T-053,prediction,yes,saas|private|onprem,harness,open,,P4,apps/api/src/prediction/models/models.ts (one learned model vs seasonal-naive baseline); forecasting.service.ts:180-183 (validation_impossible),"Run at least two eligible methods per forecast, persist per-method distributions and a disagreement summary attributed to assumptions; expose alternatives on the forecast page; harness case.",
AU-PRD-0010,"A backtest scores the learned model against the seasonal-naive baseline on identical origins and records it either way; the learned model is used only when the backtest says it earned it; an outcome is scored from the observation known at the target and calibration (coverage_80, pinball) reports it; historical versions are evaluated without contaminating prior decision context.",All profiles; hindsight leakage prevented by known-at reconstruction.,V0:C-021; V0:V00-T-054; V8:JRN-12; V2:V02-T-062; V2:V02-T-063; V3:L6-C05; V3:L6-C07; V3:L6-I04; V3:V03-T-128; V3:V03-T-322; V5:AI-48-003,V0:C-021,prediction,yes,saas|private|onprem,harness,verified:local,,R0,"migrations/0029:161,203-231 (backtests, outcome_ledger); migrations/0030:25-33,73-74; apps/api/src/prediction/forecasting/forecasting.service.ts:276,457; test/int/phase4-acceptance.test.ts:505,545,557 'D3 · the learned model is used only when the backtest says it earned it', 'D4 · an outcome is scored from the observation known at the target, and calibration reports it'; test/int/phase4-corrections-historical.test.ts; test/unit/phase4-models.test.ts; e2e/phase4-prediction.demo.spec.ts: 'the calibration screen labels every backtest with its knowledge mode'",Integrate phase4 branch (R0); cross-profile run (P7-D).,"Evaluation breadth (scoring rules, segmentation, per-forecast record) is the next unit."
AU-PRD-0011,"Forecast evaluation covers proper scoring rules, bias, sharpness, stability, drift, latency, cost and decision relevance as governed indicators; performance is segmented by domain, geography, regime, model and confidence band with calibration curves; each forecast carries its own calibration record; a failed indicator constrains downstream use.",All profiles.,V0:V00-T-054; V2:V02-T-202; V3:FCT; V3:L6-C05; V3:V03-T-322; V4:ES-36-008,V0:V00-T-054,prediction,yes,saas|private|onprem,operating-measurement,open,,P4,"migrations/0029:203-231 (outcome ledger); test/unit/phase4-models.test.ts; test/int/phase4-acceptance.test.ts:649,689; migrations/0033 (reproductions, sensitivity)",Add the indicator set and segmented calibration reporting with a per-forecast calibration record; bind failed indicators to attention_state; measurement on the demo and external series.,
AU-PRD-0012,"Forecast fitness is monitored after issuance: drift, calibration failure, data shift and operating-envelope breach raise ForecastFitnessChanged; a scheduled horizon update, material evidence change, twin revision, scenario signpost or decision request opens a forecast run and reissues the forecast; refresh cadence is enforced by a scheduler.",All profiles.,V2:V02-T-202; V3:L6-C08; V3:L6-I03; V3:V03-T-330; V4:ES-36-001; V4:ES-36-006; V5:AI-48-005; V10:IR-16-003,V2:V02-T-202,prediction,yes,saas|private|onprem,harness,open,,P4,"migrations/0031:25-34 (publication calendar); apps/api/src/prediction/forecasting/forecasting.service.ts:40-50,405-451; test/int/phase4-corrections-calendar.test.ts:72-118 (calendar only; forecasts never auto-reissued)","Add the drift monitor and forward refresh scheduler with evidence/twin/signpost triggers; harness case: a calendar tick reissues, a drift breach raises the event and marks the package.",
AU-PRD-0013,"When fitness fails the forecast abstains or widens uncertainty: an uncalibrated learned model falls back to the baseline (leash), an unforecastable target or insufficient history is refused, and MIS-CALIBRATED is stated, never accuracy claimed.",All profiles.,V8:FEX-11; V8:PR-32-005; V3:V03-T-130; V4:V04-T-030; V5:AG-019,V8:FEX-11,prediction,yes,saas|private|onprem,harness,verified:local,,R0,"apps/api/src/prediction/forecasting/forecasting.service.ts:79-99,142-154 (leash), :115-125 (refusals), :180-183 (validation_impossible); apps/api/src/policy/pdp.service.ts: forecast_agent; test/int/phase4-acceptance.test.ts: D3, D1 '... or is refused'; test/int/phase4-corrections.test.ts",Integrate phase4 branch (R0); cross-profile run (P7-D).,
AU-PRD-0014,"An explicit 'unsupported forecast' abstention product lists the horizon, method, evaluation breach and affected uses; model drift, calibration failure, horizon mismatch, unavailable model paths (with disclosed loss) and policy-prevented methods are handled as declared failure states with retry, challenge or human review, and each degraded behaviour is continuously tested with fault-injection evidence.",All profiles.,V8:FEX-11; V8:PR-32-005; V3:V03-T-132; V3:V03-T-328; V4:ES-36-009; V4:V04-T-030,V8:FEX-11,prediction,yes,saas|private|onprem,harness,open,,P4,test/int/phase4-corrections-calendar.test.ts:72-118 (partial); apps/web/components/ui.tsx (DegradedBanner),"Add the abstention product and affected-use listing; handle the unhandled failure conditions; add fault-injection cases (model path unavailable, calibration failure) with watermark, consumer behaviour and recovery evidence.",
AU-PRD-0015,A prior forecast is served only with an explicit expiry state under the publication calendar (issuance vs response timing).,All profiles.,V3:V03-T-131,V3:V03-T-131,prediction,yes,saas|private|onprem,harness,verified:local,,R0,"migrations/0031:25-34,168-196 (publication calendar, expiry); test/int/phase4-corrections-calendar.test.ts:72-118",Integrate phase4 branch (R0); cross-profile run (P7-D).,
AU-PRD-0016,A withdrawn or corrected forecast is marked (attention_state) and warnings never treat a withdrawn forecast as current.,All profiles.,V3:L6-C09; V3:V03-T-133,V3:L6-C09,prediction,yes,saas|private|onprem,harness,verified:local,,R0,migrations/0029 ~475-520 (attention_state); migrations/0031:168-196; test/int/phase4-corrections.test.ts:217,Integrate phase4 branch (R0); cross-profile run (P7-D).,
AU-PRD-0017,"ForecastProduced and ForecastWithdrawn are domain events consumed by scenarios, warnings, simulations, decisions and briefings, and material forecast failures are routed to scenario and decision owners.",All profiles.,V3:L6-I02; V3:L6-I05; V3:V03-T-134; V5:AI-48-005,V3:L6-I02,prediction,yes,saas|private|onprem,harness,open,,P4,migrations/0029:75 (forecast_events); migrations/0036:81-102 (scenario as-of binding); scenarios.service.ts:278 (warning routing only),Publish the two events through the outbox with consumers in scenarios/warnings/simulations/decisions; route failures to owners; harness case: withdrawal reaches a citing run and package.,
AU-PRD-0018,"Human judgment on a forecast is labelled and versioned separately from model output; a reviewer distinct from the forecaster approves publication; humans approve decision-active use, material assumptions, overrides and actions derived from a forecast.",All profiles; forecaster AND reviewer on publish (OBJ-24).,V8:JRN-12; V8:OBJ-24; V8:PR-32-003; V3:V03-T-327,V8:JRN-12,prediction,yes,saas|private|onprem,harness,open,,P4,apps/api/src/policy/pdp.service.ts (prediction.forecast.issue: forecast_owner only),Add a judgment overlay object and a reviewer approval step before decision-active status; harness case: forecaster cannot self-review; an override is versioned separately.,PR-32-003 role separation (forecast_owner; issuing write cannot admit a TWN) is verified in the D1/E-series cases; the reviewer step is the gap.
AU-PRD-0019,Superseding a forecast keeps the prior version scoreable.,All profiles.,V8:OBJ-25,V8:OBJ-25,prediction,yes,saas|private|onprem,harness,verified:local,,R0,migrations/0029 (forecasts_current.superseded_by); test/int/phase4-acceptance.test.ts: D4,Integrate phase4 branch (R0); cross-profile run (P7-D).,
AU-PRD-0020,"A scenario tree keeps baseline, upside and downside branches visible with a flippable branch bound to an indicator; no single branch is presented as the future and a forecast distribution or favoured narrative is never collapsed into one future.",All profiles.,V0:C-022; V8:PR-33-001; V2:V02-T-067; V2:V02-T-069; V2:V02-T-163; V3:ADR-0013; V3:L7-C01; V3:L7-I01; V3:SCN; V3:V03-T-136; V3:V03-T-337; V4:ES-37-006; V5:AI-49-001; V1:V01-T-015,V0:C-022,prediction,yes,saas|private|onprem,harness,verified:local,,R0,"migrations/0029:238-257,321-353 (scenarios_current, branches_current kind baseline/upside/downside, brn_flippable_has_indicator); apps/api/src/prediction/scenarios/scenarios.service.ts:64; test/int/phase4-acceptance.test.ts:573 'D5/D6 · an indicator breach FLIPS the branch with a receipt'; test/int/phase5-corrections.test.ts:451,526; e2e/phase4-prediction.demo.spec.ts: 'the scenario tree shows the flipped branch with its decision deadline'","Integrate phase4 branch (R0); cross-profile run (P7-D). Scenario kinds, anatomy and portfolio review are the next units.",
AU-PRD-0021,"Disruption, stress, adversarial, counterfactual, domain-specific and user-defined scenario branches can be created with explicit divergence logic and per-branch assumptions.",All profiles.,V0:C-022; V0:V00-T-056; V8:OBJ-26; V3:L7-C03; V3:L7-I02; V3:V03-T-333; V3:V03-T-338; V4:ES-37-001; V5:AI-49-002; V10:ENT-08,V0:C-022,prediction,yes,saas|private|onprem,harness,verified:ci,,P4,"migrations/0058 (scenario kind vocabulary v1: the eight kinds; kind_label, divergence, assumptions; SCN@v2; SCN@v3 from 0061 adds the branch consequence class); apps/api/src/prediction/scenarios/scenarios.service.ts (validateScenario); apps/api/test/int/phase4-acceptance.test.ts: ""C-022 · the eight scenario kinds (vocabulary v1)""","Verified on the hosted chain at phase6-decisions@1a99784 (ci run 34621875479, fresh database) and declared on the demonstration (scripts/phase4/declare-scenario-kinds.mjs, 2026-09-11). Unfinished for profiles=all until the deployment-profile legs are exercised (CP-6 batch B4). Assumption objects are declared per branch, not yet linked to Knowledge Graph assumption objects (AU-MEM).",Batch B3 of audit/CP6_BATCHES.md. Upside and downside diverge by their flip indicator (0029); the five added kinds state divergence in prose; the constraint binds branches declared from 0058 on.
AU-PRD-0022,"A scenario declares purpose, scope, horizon, initial conditions, driving forces, critical uncertainties, actors, assumptions, causal logic/mechanisms, events, branch points, constraints, expected impacts, interventions, options, narrative, probability treatment where used (separately governed, never inferred from plausibility) and the signals that strengthen or weaken it.",All profiles.,V0:V00-T-055; V8:CAP-DS-01; V8:JRN-13; V8:PR-33-001; V8:PR-33-002; V2:V02-T-068; V2:V02-T-164; V3:L7-C04; V3:L7-C07; V3:SCN; V3:V03-T-332; V4:ES-37-001; V5:AG-020; V5:AI-49-002; V5:AI-49-003,V0:V00-T-055,prediction,yes,saas|private|onprem,harness,open,,P4,"migrations/0029 (scenarios_current: forecast_id, owner, review_cadence; branches_current: kind, indicator_id, signpost, consequence, owner, response_window_hours)","Add the actor/driver/mechanism model, intervention and impact mapper, narrative/implication/option records and governed branch probabilities to the scenario object; browser journey frame -> drivers -> uncertainties -> branches -> implications; harness case for the completeness check.",
AU-PRD-0023,"A scenario binds a versioned assumption register with invalidation conditions; a branch is suspended when a critical assumption becomes invalid, the scenario is reopened/re-versioned and its owner notified and tasked.",All profiles.,V0:V00-T-057; V2:V02-T-070; V2:V02-T-116; V3:L7-C02; V3:V03-T-137; V3:V03-T-141; V4:ES-37-007; V4:ES-37-009; V4:V04-T-031; V4:V04-T-032,V0:V00-T-057,prediction,yes,saas|private|onprem,harness,open,,P4,migrations/0024:478-508 (ASU objects); migrations/0029 (forecasts_current.assumptions; invalidations affected_forecasts); apps/api/src/graph/strategy/impact.service.ts (scenarios reached); test/int/phase4-acceptance.test.ts: D7,Bind ASUs to scenarios/branches with invalidation conditions; suspend the branch and open an owner task on invalidation; fault case with watermark and recovery evidence.,
AU-PRD-0024,Indicators have owners and thresholds; an indicator breach flips the branch with a receipt under both clocks and routes material branch movement to the accountable owner; branch relevance updates preserve prior scenario and decision context; a scenario baseline binds forecasts as-of.,All profiles.,V0:V00-T-057; V8:CAP-FW-02; V2:V02-T-071; V2:V02-T-072; V2:V02-T-074; V3:L7-C05; V3:L7-I03; V3:V03-T-138; V3:V03-T-139; V3:V03-T-145; V3:V03-T-331; V3:V03-T-335; V4:ES-37-005; V5:AI-49-005,V0:V00-T-057,prediction,yes,saas|private|onprem,harness,verified:local,,R0,"migrations/0029:275-317 (indicators_current, indicator_evaluations); migrations/0036:81-102 (scenario_version_as_of); migrations/0037_branch_flip_under_both_clocks.sql; apps/api/src/prediction/scenarios/scenarios.service.ts:181-230,269-278; test/int/phase4-acceptance.test.ts:628 D5/D6; test/int/phase5-corrections.test.ts:256,288,451,526; test/int/phase4-corrections.test.ts; apps/api/src/graph/strategy/impact.service.ts (walk reaches forecasts, scenarios, warnings)",Integrate phase4/5 branches (R0); cross-profile run (P7-D).,CAP-FW-02 remaining (indicator lineage/sensitivity/expiry governance) is the indicator-registry unit.
AU-PRD-0025,"The indicator registry governs indicator definition, owner, data source contract, threshold, coverage, lineage, sensitivity, expiry and lifecycle.",All profiles.,V8:CAP-FW-02,V8:CAP-FW-02,prediction,yes,saas|private|onprem,harness,open,,P4,"migrations/0029:275-317 (definition, owner, threshold, evaluation)","Add source contract, lineage, sensitivity, expiry and lifecycle state to indicators; harness case: an expired indicator cannot flip a branch.",
AU-PRD-0026,"Coherence validation checks internal consistency, temporal ordering, assumptions, graph dependencies, forecast relationships and prohibited contradictions; ScenarioCoherenceFailed is raised; collapsed, duplicate, inconsistent or evidence-less scenarios are detected, kept distinct, made non-decision-active and routed to review; branches are evaluated for coherence, distinctiveness, relevance, coverage, bias and sensitivity to material assumptions.",All profiles.,V8:FEX-12; V8:PR-33-005; V3:L7-C06; V3:L7-I04; V3:V03-T-143; V3:V03-T-334; V4:ES-37-009; V5:AI-49-004,V8:FEX-12,prediction,yes,saas|private|onprem,harness,open,,P4,"apps/api/src/prediction/scenarios/scenarios.service.ts:61,66 (structural coherence); test/unit/phase5-refusals.test.ts:57",Implement the coherence and distinctness checks with the event and a decision-active publication gate; harness cases: duplicate branches refused decision-active status; contradiction across assumptions raises the event.,
AU-PRD-0027,"A scenario portfolio review workspace compares branch relevance, consequences, option robustness, regret, reversibility, trigger points and option value, records human review with dissent, deadlines, continuation, retirement (preserving version history and decision links for replay) or promotion to simulation, evaluates overdue review cadence, and provides a scenario-set comparator across futures.",All profiles.,V8:CAP-DS-02; V8:JRN-13; V2:V02-T-073; V3:ADR-0013; V3:L7-C01; V3:L7-C08; V3:L7-I05; V3:V03-T-144; V3:V03-T-336; V3:V03-T-340; V4:V04-T-032; V1:V01-T-015,V8:CAP-DS-02,prediction,yes,saas|private|onprem,browser,open,,P4,"apps/web/app/prediction/scenarios/page.tsx (tree view only); migrations/0029 review_cadence (declared, not evaluated)","Build the comparison/review workspace with ScenarioReviewed events, retirement and promotion; overdue-review evaluation; browser case comparing two futures and retiring one with links preserved.",
AU-PRD-0028,Missing indicators and stale dependencies of a scenario are surfaced on the scenario.,All profiles.,V3:V03-T-142,V3:V03-T-142,prediction,yes,saas|private|onprem,harness,open,,P4,migrations/0036:81-102; test/int/phase5-corrections.test.ts (stale dependency),Surface branches without indicators as incomplete; harness case.,
AU-PRD-0029,"Governed indicators measure assumption coverage, internal coherence, branch diversity, indicator freshness, signpost discrimination, review timeliness, decision coverage and scenario coverage; a failed indicator constrains downstream use.",All profiles.,V2:V02-T-202; V4:ES-37-008,V2:V02-T-202,prediction,yes,saas|private|onprem,operating-measurement,open,,P4,none,Compute the indicator set over the scenario tables and bind it to decision-active status.,
AU-PRD-0030,"Scenario failure conditions (branch incoherent, critical assumption invalidated, signpost unavailable, branches converging or failing to cover material uncertainty, imported package incompatible, owner missing review cadence) expose the failure state, preserve causation and partial work and route retry, challenge or human review.",All profiles.,V3:V03-T-341,V3:V03-T-341,prediction,yes,saas|private|onprem,harness,open,,P4,test/unit/phase5-refusals.test.ts:57; migrations/0036:81-102 (incoherent and unavailable handled),"Handle assumption invalidation, convergence, import incompatibility and overdue cadence as declared failure states with a fault case each.",
AU-PRD-0031,"A strategic question, risk or opportunity, forecast shift, weak signal, executive request, planning cycle or imported package creates or updates a scenario portfolio, and a Scenario Agent may construct coherent candidate branches for human approval.","All profiles; humans approve framing, plurality, assumptions and decision relevance.",V3:V03-T-343; V5:AG-020,V3:V03-T-343,prediction,yes,saas|private|onprem,harness,open,,P4,apps/api/src/prediction/scenarios/scenarios.service.ts (manual creation only),Add creation triggers from forecasts/warnings/planning and a bounded Scenario Agent proposing branches; harness case: a forecast shift opens a portfolio update for review.,
AU-PRD-0032,"Governed scenario packages can be imported and localised, and an imported package or scenario executes without ambient access to customer memory.",All profiles; marketplace packages.,V3:L7-C09; V3:V03-T-140; V3:V03-T-339; V4:ES-37-007; V4:V04-T-031,V3:L7-C09,prediction,yes,saas|private|onprem,harness,open,,P7-C,none,Build scenario package import under the marketplace contract with sandboxed memory access; harness case: imported scenario cannot read tenant memory by default.,
AU-PRD-0033,"Each human-authority boundary of chapters 25-33 is enforced as a PDP rule with a named eligible authority, digest, expiry and separation record: humans decide weak-signal relevance/escalation (25), approve warning policies, escalation and suppression exceptions (26), accept risk assessments/appetite/mitigation (27), choose opportunity sponsorship/capital/commitments (28), approve competitor assessments and responses (29), validate sensitive supply relationships and decide supplier/inventory/routing actions (30), approve domain ontology/methodology/assessment (31), approve scenario framing/plurality/assumptions (33).",All profiles.,V8:PR-25-003; V8:PR-26-003; V8:PR-27-003; V8:PR-28-003; V8:PR-29-003; V8:PR-30-003; V8:PR-31-003; V8:PR-33-003,V8:PR-25-003,prediction,yes,saas|private|onprem,harness,open,,P4,apps/api/src/policy/pdp.service.ts; apps/api/test/unit/pdp.test.ts; apps/api/test/int/gate22-authority-matrix.test.ts (coarse roles for 26/30/33 only),Define the eligible-authority record per chapter transition (with the capability where it does not yet exist) and a harness case per boundary.,Chapters 25/27/28/29/31 have no capability yet; the boundary is built with them.
AU-PRD-0034,"An indicator breach raises a warning to a named owner carrying evidence, consequence, confidence and a response window; a warning unacknowledged before its window closes is recorded EXPIRED, a response after the window is LATE, a warning issued after its decision deadline is a MISSED DECISION, and acknowledgement records receipt (actor, time, intended response), not agreement.",All profiles.,V0:C-032; V0:C-033; V8:CAP-FW-03; V8:JRN-07; V8:OBJ-19; V8:OBJ-20; V8:PR-26-001; V8:PR-26-005; V2:V02-T-159; V2:V02-T-162; V3:V03-T-259; V3:WRN; V4:ES-47-001; V5:AG-032; V5:AI-52-005; V5:AI-57-004; V1:V01-T-021,V0:C-032,prediction,yes,saas|private|onprem,harness,verified:local,,R0,"migrations/0029:353-401 (warning_events, warnings_current: evidence, consequence, confidence, response_window_opens/closes_at, routed_to); migrations/0031:168-196 (expiry); apps/api/src/prediction/prediction.controller.ts (/warnings/:warningId/acknowledge); apps/web/lib/warning-timing.ts; test/int/phase4-acceptance.test.ts:573,628 'D5/D6 · an indicator breach FLIPS the branch with a receipt and raises a warning to a named owner', 'D6 · a warning nobody acknowledged before its window closed is recorded as EXPIRED'; test/int/phase4-corrections-2.test.ts:152,164,176,203; e2e/phase4-prediction.demo.spec.ts: 'ACTION: a response AFTER the window is recorded as LATE', 'STATE: a warning issued after its decision deadline is a MISSED DECISION', 'a replayed warning is acknowledged'; test/int/phase6-monitoring.test.ts (breach routed to the condition's owner); apps/api/test/int/phase4-warning-levels.test.ts (every raised warning levelled; WRN@v2)","Integrate phase4/6 branches (R0); cross-profile run (P7-D). Severity is delivered by B2 (AU-PRD-0061..0063, 0061); content, dedup, escalation, delivery and evaluation gaps are the next units.",
AU-PRD-0035,"A warning identifies the affected objectives, assets, decisions, geographies, actors and time horizons, links supporting and contradicting evidence with source health, freshness and coverage gaps, separates the observed condition from the interpretation, and states mechanism, weak-signal status, novelty, alternative explanations, forecast/scenario movement and the conditions that would falsify the view.",All profiles.,V0:C-033; V0:V00-T-097; V2:V02-T-160; V2:V02-T-161; V3:V03-T-259; V4:ES-47-001; V1:V01-T-021,V0:C-033,prediction,yes,saas|private|onprem,harness,open,,P4,"migrations/0029 (warnings_current.evidence, branch_id, indicator_id, confidence, consequence); migrations/0045 (breach routed to package condition owner)","Add the assessment block (mechanism, novelty, alternatives, falsification), contradicting-evidence set and affected objectives/assets/actors to the warning product; harness case asserting the full contract on D5.",
AU-PRD-0036,"Related signals are deduplicated into one evolving warning that preserves distinct causes, affected objectives, geographies, time horizons, policy domains, evidence, uncertainty and response requirements; warning storms are handled.",All profiles.,V0:C-033; V8:PR-26-001; V3:V03-T-261; V3:WRN; V4:ES-47-003; V5:AI-57-003,V0:C-033,prediction,yes,saas|private|onprem,harness,open,,P4,apps/api/src/prediction/scenarios/scenarios.service.ts:219-226 (once-per-flip owedFlips only),Add a deduplication key and consolidation that keeps the distinct dimensions; storm handling; harness case: two breaches on one cause yield one evolving warning with both causes visible.,
AU-PRD-0037,"Warning materiality and priority decompose consequence, probability or plausibility, urgency, reversibility, exposure, strategic relevance, information value, owner and response window under a role-specific attention policy with policy thresholds; severity classes exist; no opaque global score alone creates executive urgency.",All profiles.,V0:C-032; V8:OBJ-19; V8:PR-26-002; V3:V03-T-262; V4:ES-47-002; V5:AI-57-002,V0:C-032,prediction,yes,saas|private|onprem,harness,open,,P4,"migrations/0029:376-401 (consequence, confidence, window); migrations/0031:168-196; migrations/0061 (level, urgency, consequence_class on warnings_current); apps/api/test/int/phase4-warning-levels.test.ts","Severity classes exist (B2, 0061: four levels by a versioned derivation from the consequence class, with urgency; AU-PRD-0061). Remaining: probability or plausibility, reversibility, exposure, strategic relevance and information value dimensions, and the role-specific attention policy with thresholds; harness case: two warnings differ in priority only through visible dimensions.",V03-T-262 attention policy is P6 in the first pass; kept with the warning product.
AU-PRD-0038,"A warning can be suppressed only through governed rules with visible scope, reason, duration/expiry, owner, approval and audit, never by silent model filtering.",All profiles.,V8:OBJ-21; V3:V03-T-263,V8:OBJ-21,prediction,yes,saas|private|onprem,harness,open,,P4,none,Add the suppression object and port with approval and expiry; harness case: a suppressed warning stays auditable and reappears at expiry.,
AU-PRD-0039,"Each issued warning has recipients, delivery channels with receipts, an escalation path on expiry, a verification or simulation playbook link, closure criteria and non-delivery evidence; a lost delivery channel or unavailable recipient degrades explicitly.",All profiles.,V0:C-033; V8:CAP-FW-03; V8:JRN-07; V8:PR-26-002; V8:PR-26-005; V2:V02-T-162; V3:WRN; V4:ES-47-004; V5:AI-52-005; V1:V01-T-021,V0:C-033,prediction,yes,saas|private|onprem,harness,open,,P4,"migrations/0029:376-401 (routed_to, window, acknowledgement); apps/web/lib/warning-timing.ts (UI-side acknowledgement expectation); migrations/0061 (the level NOT-07 keys on, high or critical, now exists on the record)","Add recipients, delivery transport with receipts, escalation chain, playbook link and closure criteria; fault case: channel lost -> non-delivery evidence and escalation.",
AU-PRD-0040,"Missed, false, late, duplicated, dismissed, useful and outcome-linked warnings are tracked by signal class with timeliness (T3) measured, and enter evaluation and governed learning with Decision Replay context.",All profiles.,V0:C-033; V8:PR-26-006; V3:V03-T-264; V4:ES-47-005; V5:AI-57-005; V1:V01-T-021,V0:C-033,prediction,yes,saas|private|onprem,operating-measurement,open,,P4,"migrations/0029:203-231, 0030:73-74 (outcome ledger); apps/web/lib/warning-timing.ts; PHASE4_REPORT.md:193-196 (T3 unmeasured)","Capture warning feedback classes and outcome links, measure T3 on the operating demo, and feed the evaluation dataset (P7-B).",
AU-PRD-0041,"Warnings originate not only from indicator breaches but from weak signals, scenario movement, graph changes, twin degradation, forecast revision and model-detected anomalies.",All profiles.,V0:C-032; V0:V00-T-097; V8:PR-26-001; V2:V02-T-159,V0:C-032,prediction,yes,saas|private|onprem,harness,open,,P4,migrations/0029/0030 raise_warning on indicator breach only,"Add warning producers for twin degradation, forecast revision, graph impact and weak-signal promotion; harness case per source.",
AU-PRD-0042,"A weak-signal object can be nominated (baseline, deviation, sources, novelty) by a detector, analyst or agent, carries evidence, counter-evidence, novelty basis, mechanism, affected entities, scenario relevance, uncertainty, maturity, monitoring plan and conditions for escalation or dismissal, changes status only through corroboration events, and receives an analyst disposition (confirm, monitor, dismiss, escalate) with rationale; users see why an item was elevated, which policy applied and what was suppressed or deferred.","All profiles; AI may nominate and rank, humans decide relevance and escalation.",V0:C-032; V0:V00-T-097; V8:CAP-FW-01; V8:JRN-06; V8:OBJ-17; V8:OBJ-18; V8:PR-25-001; V8:PR-25-002; V2:V02-T-157; V2:V02-T-158; V5:AG-031; V5:AI-57-001; V1:V01-T-020,V0:C-032,prediction,yes,saas|private|onprem,harness,open,,P4,none (warnings originate only from indicator threshold breaches),"Build the weak-signal object, nomination and disposition ports and workbench with persistence (identity, owner, effective time, status, provenance, policy); harness cases per action and a browser journey observe -> nominate -> test -> disposition.",Weak-signal detection was never scheduled (omission).
AU-PRD-0043,"Weak-signal detection combines novelty, acceleration, relationship change, diffusion, source diversity, contradiction, anomaly, emerging vocabulary, graph centrality and strategic relevance, and promotes a signal only when a plausible mechanism connects the change to an objective, exposure, capability, scenario or decision window.",All profiles.,V3:V03-T-260; V1:V01-T-020,V3:V03-T-260,prediction,yes,saas|private|onprem,domain-validation,open,,P4,none,Implement the detection features and promotion rule; seeded-signal and null tests as validation.,
AU-PRD-0044,"Signals driven by source artifacts, correlated feeds, model drift, seasonal noise or insufficient evidence are labelled tentative or invalid with contributing evidence and blind spots exposed, unsafe escalation suppressed and evaluation history retained.",All profiles.,V8:PR-25-005,V8:PR-25-005,prediction,yes,saas|private|onprem,harness,open,,P4,none,Build the hold/expose/route behaviour with the capability; fault case per condition.,
AU-PRD-0045,"Near-real-time signals, windows, patterns, weak signals, warnings and material changes derive from ordered event streams with declared processor identity, topology version, offsets, event-time windows, watermarks, state, rules/models, checkpoints and fitness, and low latency never conceals late data, partial windows, state loss, duplicate emissions, drift or uncertainty.",All profiles.,V7:DP-31-001; V7:DP-31-002; V7:DP-31-003,V7:DP-31-001,prediction,yes,saas|private|onprem,harness,open,,P4,"none (indicator evaluation is on-demand/batch, migrations/0029 §6; no stream state)",Introduce a stream/CEP substrate (or an explicit batch-cadence declaration accepted as the product decision) with event-time windows and watermarks feeding indicator evaluation; harness case for a late event.,Stream/CEP was never scheduled; the register's resource register lists the decision.
AU-PRD-0046,"When watermarks stall, state corrupts, offsets diverge, outputs duplicate or a rule/model is unfit, affected stream outputs are suspended, recovered from a compatible checkpoint, replayed within policy, invalid signals retracted and detection gaps exposed.",All profiles.,V7:DP-31-005,V7:DP-31-005,prediction,yes,saas|private|onprem,harness,open,,P4,none,"With the stream substrate, add suspension/checkpoint/retraction handling and fault cases.",
AU-PRD-0047,"Stream processing admission requires late-event fixtures, state and checkpoint recovery, duplicate suppression, rule versioning, load tests, weak-signal evaluation and retraction bound to the exact artifacts, profile, scope and period.",All profiles; per release.,V7:DP-31-006,V7:DP-31-006,prediction,yes,saas|private|onprem,ci-gate,open,,P4,none,Add the stream admission job to the gate with the substrate.,
AU-PRD-0048,"A Risk Intelligence workspace persists risk, category, cause, event, consequence, likelihood distribution, exposure, velocity, owner, appetite, control, mitigation, indicator, residual risk and review; evaluates exposure, probability, impact, velocity, persistence, controllability, interdependence and option value; connects risks to objectives, capabilities, dependencies and appetite; the risk owner accepts the assessment; mitigation is treated as a strategic choice with costs, dependencies and second-order effects.","All profiles; identity, owner, effective time, status, provenance and policy explicit.",V0:V00-T-098; V8:CAP-FW-04; V8:JRN-08; V8:OBJ-22; V8:PR-27-001; V8:PR-27-002; V3:V03-T-265; V5:AI-52-002; V1:V01-T-022,V0:V00-T-098,prediction,yes,saas|private|onprem,harness,open,,P4,"none (risks are free-text arrays on a decision package, migrations/0041)",Build the risk object (on the strategy-graph RSK node) and workspace with accept-assessment port and appetite breach workflow; harness cases per action; browser journey identify -> evidence -> model -> challenge -> appetite -> mitigate -> monitor -> outcome.,
AU-PRD-0049,"An Opportunity Intelligence workspace persists opportunity, evidence, hypothesis, market/technology, value range, timing, dependencies, required capabilities, risks, sponsor, option, stage, decision and outcome; sponsorship creates an owned evaluation with objective, option, budget and conditions; actions are shown as no-regret, reversible, contingent or irreversible.",All profiles.,V8:CAP-FW-05; V8:JRN-09; V8:OBJ-23; V8:PR-28-001; V8:PR-28-002; V1:V01-T-022,V8:CAP-FW-05,prediction,yes,saas|private|onprem,harness,open,,P4,apps/api/src/decision/packages/package.service.ts ('opportunity' as an option label only),Build the opportunity object and workspace with sponsor port and outcome linkage; harness cases; browser journey discover -> evidence -> option -> value range -> challenge -> sponsor -> decide -> learn.,
AU-PRD-0050,"Risk and Opportunity products apply symmetric evidence, uncertainty, temporal, ownership, monitoring and closure standards, decompose prioritisation (probability, impact, urgency, reversibility, exposure, strategic relevance, control effectiveness, information value) instead of an opaque rank, and identify shared drivers, correlations, second-order effects, portfolio concentration and mitigation/capture trade-offs.",All profiles.,V0:V00-T-098; V3:V03-T-265; V5:AI-52-001; V5:AI-52-003; V5:AI-52-004,V0:V00-T-098,prediction,yes,saas|private|onprem,harness,open,,P4,none,Implement the shared exposure model and portfolio analysis over risk and opportunity objects; harness case: prioritisation exposes every dimension.,
AU-PRD-0051,"When a risk is unowned, double-counted, stale, based on invalid dependencies, outside appetite or expressed with false precision, the product shows uncertainty and ownership gaps, constrains aggregate scores, escalates breaches and preserves competing assessments; when an opportunity is duplicative, speculative, misaligned, unowned, time-expired or based on insufficient or biased evidence it is retained as a hypothesis or closed with reason with uncertainty and gaps exposed and unsupported value claims prevented.",All profiles.,V8:PR-27-005; V8:PR-28-005,V8:PR-27-005,prediction,yes,saas|private|onprem,harness,open,,P4,none,Build the hold/expose/route behaviours with the two workspaces; fault case per condition.,
AU-PRD-0052,"A Competitor Intelligence workspace maintains evidence-backed temporal competitor profiles (entity identity, product, market, capability, objective, action, event, claim, comparison basis, confidence, timeline, alert, assessment) and comparative assessments across time; mistaken identity, correlated or manipulated sources, incompatible comparison definitions or stale coverage mark the assessment limited, preserve conflicting evidence, suspend invalid comparisons and route revalidation.",All profiles.,V8:CAP-FW-06; V8:JRN-10; V8:PR-29-001; V8:PR-29-002; V8:PR-29-005,V8:CAP-FW-06,prediction,yes,saas|private|onprem,harness,open,,P4,none,Build the competitor workspace on graph entities with comparison-basis controls and source-diversity tests; harness cases; browser journey resolve -> collect -> compare -> assess -> review -> alert -> update -> replay.,
AU-PRD-0053,"Supply Chain Intelligence maps multi-tier supply networks (supplier, facility, part, product, shipment, route, inventory, capacity, dependency, event, risk, alternative, constraint, confidence, temporal state), detects disruptions, shows coverage limits and alternatives, and when coverage is incomplete, identities conflict, telemetry is late, inferred tiers are uncertain or alternatives are infeasible it shows coverage and confidence, isolates invalid dependencies, constrains recommendations and preserves scenario branches for review.",All profiles.,V8:CAP-FW-07; V8:JRN-11; V8:PR-30-001; V8:PR-30-002; V8:PR-30-005,V8:CAP-FW-07,prediction,yes,saas|private|onprem,harness,open,,P4,apps/api/src/twin/models/supply-flow.ts; migrations/0032 ('supply-chain' kind); test/unit/phase5-supply-flow.test.ts; test/int/phase5-simulations.test.ts; test/int/phase6-decisions.test.ts (options on runs); e2e/phase4-prediction.demo.spec.ts: 'TWINS: the NORDWERK twin shows its synthetic world',"Build network mapping (tiers, constraints, disruption objects), detect and map-dependencies stages of JRN-11 and the continuity contract; move beyond the synthetic company (docs/phase1/SYNTHETIC_COMPANY_SPEC.md) with representative customer data.",The supply-chain twin family itself is AU-TWN twin-families unit.
AU-PRD-0054,"Geopolitical, technology, cyber and financial intelligence packages (sources, ontology extension, indicators, models, assessments, watchlists, scenarios, controls, owner, release) run on a governed domain-package mechanism that extends the universal core without fragmenting evidence, graph, memory, forecast, scenario or decision semantics; a package that conflicts with canonical semantics, uses unapproved sources or models, exceeds purpose or creates incompatible risk meaning is disabled with state preserved, the conflict exposed and package governance routed.","All profiles; domain specialists approve ontology, methodology, assessment, escalation and use boundaries.",V8:CAP-FW-08; V8:CAP-FW-09; V8:CAP-FW-10; V8:CAP-FW-11; V8:PR-31-001; V8:PR-31-002; V8:PR-31-005,V8:CAP-FW-08,prediction,yes,saas|private|onprem,harness,open,,P4,"none (ECB/World Bank series are data feeds, not a financial package)","Build the domain-package mechanism (P7-C packaging contract) and the four packages; harness cases: package conformance, incompatible package disabled; browser cross-domain journey.",Packaging/marketplace mechanics are P7-C; package content is P4.
AU-PRD-0055,"A scope-specific acceptance record closes chapters 25-33: seeded-signal and null tests, source-independence, drift controls, disposition evidence, false-positive analysis, replay (25); trigger and latency tests, escalation drills, delivery receipts, suppression controls, false-positive/missed-event analysis, owner acceptance (26); risk taxonomy fixtures, aggregation/dependency tests, appetite breach workflow, calibration, mitigation tracking, risk-owner acceptance (27); opportunity discovery, objective/capability linkage, option comparison, evidence challenge, sponsor workflow, outcome attribution (28); entity-resolution corpus, source diversity, comparable-basis controls, temporal replay, analyst challenge, decision-use evidence (29); network/identity fixtures, tier coverage, disruption replay, alternative feasibility, source reconciliation, operator acceptance (30); domain conformance suites, ontology/contract compatibility, source/model approval, cross-domain journeys, authority acceptance (31); backtests by horizon, leakage controls, calibration and sharpness, model comparison, assumption sensitivity, outcome scoring, forecaster acceptance (32); plurality/distinctness, assumption consistency, evidence traceability, facilitated challenge, temporal replay, sponsor acceptance (33) — each with positive, negative, stale-state, unauthorized-role, cross-tenant, correction and replay fixtures, a fault exercise, and product owner, independent assurance and customer authority acceptance for the exact capability version, journey, role, tenant, deployment, entitlement, data/model versions, configuration, consequence class and period.",All profiles; per release and customer scope.,V8:AT-25; V8:AT-26; V8:AT-27; V8:AT-28; V8:AT-29; V8:AT-30; V8:AT-31; V8:AT-32; V8:AT-33; V8:PR-25-006; V8:PR-26-006; V8:PR-27-006; V8:PR-28-006; V8:PR-29-006; V8:PR-30-006; V8:PR-31-006; V8:PR-32-006; V8:PR-33-006,V8:AT-25,prediction,yes,saas|private|onprem,document,open,,P4,"test/int/phase4-acceptance.test.ts D1-D6, e2e/phase4-prediction.demo.spec.ts (26/32/33 fixtures); test/unit/phase5-supply-flow.test.ts (30) — phase harness/browser/CI only; chapters 25/27/28/29/31 have no capability","Produce the nine acceptance records (ADR-023 format) as each capability lands, with the listed fixtures, a fault exercise per chapter and independent assurance + customer attestation.",Nine chapters in one unit because the row evidence and gap are identical; split as each capability's record is opened.
AU-PRD-0056,"Every logical component of the Prediction Engine (L6-C01..C09) and Scenario Intelligence (L7-C01..C09) publishes a service manifest with component ID, owner, contracts, state class, dependencies, controls, SLOs, failure domains and recovery procedure.",All profiles.,V4:ES-36-002; V4:ES-37-002,V4:ES-36-002,prediction,yes,saas|private|onprem,document,open,,P7-D,conformance.manifest.json (Phase 0 units only),Author the 18 component manifests and validate them in CI.,
AU-PRD-0057,"Deployable units of the Prediction Engine and Scenario Intelligence preserve component-level telemetry, policy enforcement, state access, resource use and failure isolation while sharing a runtime.",All profiles; modular monolith (ADR-P0-02).,V4:ES-36-003; V4:ES-37-003,V4:ES-36-003,prediction,yes,saas|private|onprem,operating-measurement,open,,P7-D,".dependency-cruiser.cjs; .github/workflows/ci.yml: 'Module boundaries (dependency-cruiser, blocking)'; apps/api/src/pipeline (single PEP); migrations/0002, 0009, 0011; test/int/domain-isolation.test.ts",Add per-component metrics and resource accounting; fault case proving isolation between forecasting and scenario components.,
AU-PRD-0058,"All Prediction Engine and Scenario Intelligence interfaces implement the canonical envelope, error model, compatibility rules, an idempotency or ordering profile, audit causation and consumer conformance fixtures.",All profiles.,V4:ES-36-004; V4:ES-37-004,V4:ES-36-004,prediction,yes,saas|private|onprem,harness,open,,P7-D,"packages/contracts/src/envelope.ts:19-138; apps/api/src/pipeline/http.ts:104-145,188-205; packages/contracts/src/errors.ts:16-45; pipeline.service.ts:387-388,460; test/acceptance/acceptance.test.ts:482,492,503,577","Declare idempotency/ordering profiles per interface, add consumer conformance fixtures and a contract registry.",
AU-PRD-0059,"The Prediction Engine, Scenario Intelligence, the warning runtime, stream processing and the chapter 25-31 capabilities pass the same object, contract, control, failure, recovery, export and replay conformance fixtures on SaaS, Private Cloud and On-Premise deployments with identical outcome, object, human-authority, explanation, correction, export, replay and failure semantics, and operational variance declared.",All three profiles; local Compose is the only profile at 2e83945 (EXC-P0-004).,V8:PR-25-004; V8:PR-27-004; V8:PR-28-004; V8:PR-29-004; V8:PR-31-004; V3:V03-T-135; V3:V03-T-146; V4:ES-36-010; V4:ES-37-010; V7:DP-31-004,V8:PR-25-004,prediction,yes,saas|private|onprem,deployment,open,,P7-D,scripts/gate/target-descriptor.json:17-25; EXCEPTIONS.md EXC-P0-004; test/int/** (phase 4-6 harness on the local profile only),Deliver the Private Cloud and On-Premise profiles and run the phase 4 prediction/scenario/warning fixtures (and each new chapter's golden journey) as a shared conformance suite on all three.,
AU-PRD-0060,"Entitlements for prediction horizons and the scenario workspace (named scope, policy, usage, evidence) are enforced at the ports.",All profiles; Strategic Cell tier.,V10:ENT-07; V10:ENT-08,V10:ENT-07,prediction,yes,saas|private|onprem,harness,open,,P7-F,none (no entitlement object),Define and enforce the entitlements in the PDP; harness case for an unentitled tenant.,The entitlement model is owned by the commercial group.
AU-PRD-0061,"Every raised warning carries a level (low, normal, high, critical) derived at raise time from the C0–C4 class of the consequence its branch reaches under a versioned derivation, the version it was derived under, and the response urgency the derivation states; a branch that declares no class is classed C2 by the derivation's absent-class rule and the record says the class was assumed.",All profiles; all five classes exercised; the canonical object (WRN@v2) validates against the registered schema and carries the level and the authority class.,V0:V00-T-057; V4:ES-47-001; V4:ES-47-002; V4:SLO-016; V5:AI-58-001; V8:PR-26-001; V8:PR-26-003; V9:NOT-06; V9:NOT-07; V9:CNT-11,V8:PR-26-001,prediction,yes,saas|private|onprem,harness,verified:ci,,P4,"migrations/0061_warning_levels_v1.sql (branches_current.consequence_class; prediction.warning_level_versions / warning_level_derivations v1, append-only; derive_warning_level; warnings_current level, level_version, urgency, consequence_class, consequence_class_source, op_class, immutable; raise_warning derives and verifies; SCN@v3, WRN@v2); apps/api/src/prediction/scenarios/scenarios.service.ts (warnForFlip: the class from the branch or assumed C2, the level from the database, the operation class beside it); apps/api/src/prediction/prediction.controller.ts; apps/web/lib/warning-level.ts; apps/web/app/prediction/warnings/page.tsx (level badge, glyph + text + colour); apps/api/test/int/phase4-warning-levels.test.ts 'a declared C3 branch flips: level high / urgency urgent from derivation v1...' (row, warning.raised event, WRN@v2 object validated with ajv against objects.schema_registry, EarlyWarningRaised payload, list route); 'the absent-class rule: ... C2 ASSUMED, level normal ...; C0 and C1 → low, C4 → critical'; 'v1 is complete: five classes, four levels, an absent-class rule, a source'","Verified on the local profile by the author harness at phase6-decisions (B2, migration 0061) (6/6); Verified on the hosted chain at phase6-decisions@5118376 (ci run 34647461349, fresh database, 836/836) — one artefact, no deployment leg; cross-profile run (P7-D).","Batch B2 of audit/CP6_BATCHES.md (register R-4 (1)). Closes the severity clause of AU-PRD-0034's remaining work; AU-PRD-0037 stays open for probability, reversibility, exposure, strategic relevance, information value and the attention policy."
AU-PRD-0062,"A change of the warning level derivation is a new version, never a rewrite: the rows of a published version cannot be edited, a later version becomes current for warnings raised after it while the earlier version stays resolvable, and a warning already raised keeps the level, urgency, class and version it was raised with — its level columns are immutable.",All profiles; the trial version is rolled back and leaves nothing behind.,V0:V00-T-057; V8:PR-26-005; V8:PR-26-003; V4:ES-47-002; V2:V02-T-129,V8:PR-26-005,prediction,yes,saas|private|onprem,harness,verified:ci,,P4,"migrations/0061_warning_levels_v1.sql (branches_current.consequence_class; prediction.warning_level_versions / warning_level_derivations v1, append-only; derive_warning_level; warnings_current level, level_version, urgency, consequence_class, consequence_class_source, op_class, immutable; raise_warning derives and verifies; SCN@v3, WRN@v2); apps/api/src/prediction/scenarios/scenarios.service.ts (warnForFlip: the class from the branch or assumed C2, the level from the database, the operation class beside it); apps/api/src/prediction/prediction.controller.ts; apps/web/lib/warning-level.ts; apps/web/app/prediction/warnings/page.tsx (level badge, glyph + text + colour); apps/api/test/int/phase4-warning-levels.test.ts 'v1 cannot be edited; a v2 moves the current derivation while v1 stays resolvable; the raised warning is immutable; the trial leaves nothing behind'","Verified on the local profile by the author harness at phase6-decisions (B2, migration 0061) (6/6); Verified on the hosted chain at phase6-decisions@5118376 (ci run 34647461349, fresh database, 836/836) — one artefact, no deployment leg; cross-profile run (P7-D).",Batch B2.
AU-PRD-0063,"The warning level never changes the consequence class of the operation that raised it or the authority a response requires: the C0–C4 class of the raise operation is recorded beside the label from the authority context, not from the label; the acknowledgement rule is a person's role alike for a low and a critical warning; and a canonical object whose level disagrees with the derivation is refused by the port, leaving the flip visibly owed until an honest raise recovers it.",All profiles; a critical label under a C1 raise and a low label under the same; policy decisions carry the envelope's class; the forged label refused at the database.,V4:ES-47-002; V4:ES-47-003; V5:AI-58-001; V5:AI-58-003; V8:PR-26-005; V0:V00-T-057; V9:UX-26-005,V4:ES-47-002,prediction,yes,saas|private|onprem,harness,verified:ci,,P4,"migrations/0061_warning_levels_v1.sql (branches_current.consequence_class; prediction.warning_level_versions / warning_level_derivations v1, append-only; derive_warning_level; warnings_current level, level_version, urgency, consequence_class, consequence_class_source, op_class, immutable; raise_warning derives and verifies; SCN@v3, WRN@v2); apps/api/src/prediction/scenarios/scenarios.service.ts (warnForFlip: the class from the branch or assumed C2, the level from the database, the operation class beside it); apps/api/src/prediction/prediction.controller.ts; apps/web/lib/warning-level.ts; apps/web/app/prediction/warnings/page.tsx (level badge, glyph + text + colour); apps/api/test/int/phase4-warning-levels.test.ts 'a critical label on a C1 raise records op_class C1, and so does a low one; the policy decision carries the envelope\'s class' (forecast_agent refused 403 on both, forecast_owner allowed on both); 'the port is the enforcement: a canonical object whose level disagrees with the derivation is refused, the branch stays owed, and the next honest raise recovers it'; apps/api/src/policy/pdp.service.ts unchanged by 0061 (no severity input)","Verified on the local profile by the author harness at phase6-decisions (B2, migration 0061) (6/6); Verified on the hosted chain at phase6-decisions@5118376 (ci run 34647461349, fresh database, 836/836) — one artefact, no deployment leg; cross-profile run (P7-D).",Batch B2. The PDP gains no input and no prediction route sets a consequence class: the negative obligation is demonstrated by behaviour.
AU-TWN-0001,"A twin is declared by a person with a boundary of resolved graph entities, a behaviour model reference, validation status and limitations; a simulation operator cannot declare, version, ground or admit a twin; a published snapshot freezes observed state and validity with its digest.","All profiles; twin owner role asserts, simulation roles cannot.",V0:C-018; V8:OBJ-30; V8:PR-36-003; V2:V02-T-051; V3:L5-C01; V3:L5-I01; V3:TWN; V3:V03-T-116; V4:ES-35-001; V7:DAT-KN-10; V7:DP-39-001; V7:DP-39-002; V1:V01-T-013,V0:C-018,twin-simulation,yes,saas|private|onprem,harness,verified:local,,R0,"migrations/0032_twin_registry.sql:42-61,99,126 (twins_current.boundary, behaviour_model_ref, validation{status,limitations}); apps/api/src/twin/twins/twin.service.ts; test/int/phase5-twins.test.ts:109-287 'declares the twin, asserted by a person, with its boundary, model and limitations', 'a simulation operator cannot declare, version, ground or admit', 'grounding into an admitted version is refused; the state set digest is bound', E1-E3","Integrate phase5-twins branch (R0); cross-profile run (P7-D). Twin families, calibration and envelope gaps are separate units.",PR-36-003 remaining (named owner with validity sign-off) is the authority unit; DP-39-002 declares the twin contract fields verified by E1-E3; V03-T-116 (versioned model and assumption bindings) is exercised by the declare case (behaviour_model_ref) and E2 (assumed elements).
AU-TWN-0002,A material state key must cite a claim or evidence with kind/id/version/digest (an entity alone is refused even when the caller says material: false); an EXTRACTED claim cannot ground an OBSERVED element; each snapshot binds its exact evidence and graph revision by digest at admission.,All profiles; enforced at the ground/admit ports.,V0:C-018; V2:V02-T-053; V2:V02-T-123; V3:V03-T-115; V4:ES-35-005; V5:AI-28-002,V0:C-018,twin-simulation,yes,saas|private|onprem,harness,verified:local,,R0,"migrations/0032 (citation_ok: kind/id/version/digest; materiality registry :373; digest at admission :458); migrations/0035 twin.ground_element; apps/api/src/twin/twins/twin.service.ts:33-56; test/int/phase5-twins.test.ts: 'a MATERIAL key substantiated only by an entity is refused, even if the caller says material: false', 'E2 · an EXTRACTED claim cannot ground an OBSERVED element'",Integrate phase5 branch (R0); cross-profile run (P7-D).,
AU-TWN-0003,"State elements are kinded observed, estimated, assumed, predicted or simulated; synthetic state folds upward to the version and the SIM object; a simulation completion cannot admit a TWN or write observed or canonical world state; synthetic branches never write back to the operational twin without governed reconciliation.",All profiles.,V0:C-018; V0:V00-T-049; V2:V02-T-056; V2:V02-T-122; V3:ADR-0011; V3:L5-C09; V3:V03-T-114; V3:V03-T-123; V3:V03-T-150; V3:V03-T-311; V3:V03-T-313; V3:V03-T-351; V4:ES-35-006; V4:V04-T-027; V5:AI-13-003; V5:AI-28-003; V5:AI-50-002; V6:IA-36-003; V7:DP-39-003,V0:C-018,twin-simulation,yes,saas|private|onprem,harness,verified:local,,R0,"migrations/0032:163,221 (element kinds; synthetic_state; branch immutability); migrations/0033 (runs labelled synthetic); test/int/phase5-twins.test.ts: 'E2 · synthetic state folds UPWARD'; test/int/phase5-simulations.test.ts: 'a CONTROL run completes ... the SIM object SYNTHETIC', 'simulation.run.complete cannot admit a TWN'; e2e/phase4-prediction.demo.spec.ts: 'TWINS: the NORDWERK twin shows its synthetic world'",Integrate phase5 branch (R0); cross-profile run (P7-D); re-verify for coupled twin families when they exist.,V03-T-311 and V00-T-049 lacked a named test in the first pass; E2 and the simulation cases exercise the same separation.
AU-TWN-0004,"A scenario element kind exists and forecast state binds to the twin, so observed, estimated, forecast, scenario and simulated states are all distinct and versioned.",All profiles.,V3:ADR-0011; V3:L5-C09,V3:ADR-0011,twin-simulation,yes,saas|private|onprem,harness,open,,P5,migrations/0032:221 (observed/estimated/assumed/predicted/simulated only),Add the scenario element kind and forecast-state binding with the same isolation rules; harness case: scenario state cannot fold into observed.,
AU-TWN-0005,Twin versions are append-only and immutable; a change is a new version that supersedes and carries the rest forward with a different digest; verification (unverified/reverified) changes by event and the version row is otherwise unchanged.,All profiles.,V0:C-019; V8:OBJ-30; V2:V02-T-055; V2:V02-T-057; V3:L5-C04,V0:C-019,twin-simulation,yes,saas|private|onprem,harness,verified:local,,R0,"migrations/0032:126-163 (twin_versions immutable, versions_immutable trigger), :458 (digest at admission); migrations/0032 twin_events version.unverified/version.reverified; apps/api/src/twin/models/supply-flow.digest.ts; test/int/phase5-twins.test.ts: 'a change is a NEW version that supersedes, carrying the rest forward; the digest differs', 'verification changes by EVENT: the projection reflects it and the version row is otherwise unchanged'",Integrate phase5 branch (R0); cross-profile run (P7-D).,
AU-TWN-0006,"Branching, time travel and comparison are native: an ALTERNATIVE branch forked from v1 coexists with the actual branch, a comparison lists the difference and changes neither, and as-of reads honour the two cut-offs (known_at record time, observed_through world time).",All profiles.,V0:C-019; V0:V00-T-049; V8:CAP-DS-07; V8:OBJ-31; V2:V02-T-058; V2:V02-T-124; V3:L5-C05; V3:L5-I03; V4:ES-35-006; V5:AI-C028; V5:AI-C029,V0:C-019,twin-simulation,yes,saas|private|onprem,harness,verified:local,,R0,"apps/api/src/twin/twins/twin.service.ts:633-664 (as-of/compare; openVersion with branchId/forkedFromVersion); migrations/0032:163 (branches/forks); migrations/0035_twin_cutoffs_scenario_binding_reconciliation.sql; test/int/phase5-twins.test.ts: 'an ALTERNATIVE branch forked from v1 coexists with the actual branch; comparison lists the difference and changes neither', 'WORLD time: after the record time, observed_through cuts the observations', E1 (two cut-offs)",Integrate phase5 branch (R0); cross-profile run (P7-D).,CAP-DS-07 remaining (explorer beyond compare/as-of) and AI-C028 (operating envelopes on snapshots) are separate units.
AU-TWN-0007,"Reconciliation: a simulated element citing a run is reconciled against a later observation of the same key; a correction of a cited input marks the citing version UNVERIFIED and shows PROPAGATION PENDING before any walk; twin correction reaches forecasts, scenarios, simulations and decision packages via their DEC.",All profiles; operator-initiated at 2e83945; automatic on CorrectionApplied where a propagation agent is registered (0060).,V0:C-019; V8:FEX-14; V8:PR-36-005; V3:L5-C02; V3:L5-I02; V3:V03-T-305; V3:V03-T-310; V4:ES-35-009; V4:V04-T-028; V5:AG-016; V5:AI-28-005; V6:IA-36-005; V7:DP-39-005,V0:C-019,twin-simulation,yes,saas|private|onprem,harness,verified:local,,R0,"migrations/0034:23,135-205 (twin.reconciliations, record_reconciliation, propagation); migrations/0035:446,555; migrations/0036 (run input availability); test/int/phase5-propagation.test.ts:92,133 'a simulated element citing a run is reconciled against a later observation of the same key', 'a correction case applied to cited evidence shows on the twin as PROPAGATION PENDING before any walk', 'the citing version goes UNVERIFIED'; test/int/phase5-corrections.test.ts:372,388,397 (runs with unavailable inputs suspended and labelled); test/int/phase6-monitoring.test.ts; apps/api/test/int/phase6-propagation-consumer.test.ts (the citing version goes UNVERIFIED by the automatic walk, no operator act)","Integrate phase5/6 branches (R0); cross-profile run (P7-D). Continuous reconciliation, estimation and expiry are the next units.",PR-36-005/FEX-14 remaining (no expiry on the last snapshot) is the freshness unit; AI-28-005 commitments/evaluation results are AU-MEM impact-set unit.
AU-TWN-0008,"Twin state is estimated and reconciled continuously: a GraphChanged event, telemetry update, internal-system change, correction, ontology revision or scheduled reconciliation qualifies the input, applies a declared estimator without mutating the active snapshot (retaining uncertainty and disagreement), and publishes a new observed snapshot; mappings and estimators are versioned dependencies.",All profiles; versions are no longer opened only by a person.,V0:C-019; V8:CAP-DS-06; V8:JRN-15; V8:PR-36-001; V8:PR-36-002; V2:V02-T-052; V3:L5-C02; V3:L5-I02; V3:V03-T-307; V3:V03-T-312; V3:V03-T-317,V0:C-019,twin-simulation,yes,saas|private|onprem,harness,open,,P5,"migrations/0034:23,135-205 (graph/evidence corrections trigger only); migrations/0035:446,555 (candidate deltas without mutating snapshot)","Add a state estimator with disagreement retention, scheduled/telemetry-triggered reconciliation and automatic snapshot publication; harness case: a new observation produces a candidate delta and a new observed snapshot without operator action.",
AU-TWN-0009,"Reconciliation input is qualified for source health, truth state, time, confidence, policy, mapping, units and expected cadence before it becomes a candidate delta.",All profiles.,V3:V03-T-306,V3:V03-T-306,twin-simulation,yes,saas|private|onprem,harness,open,,P5,none,Add the qualification step to ReconcileTwin; harness case: an input with the wrong unit or a stale cadence is refused as a candidate.,
AU-TWN-0010,"Candidate twin state and simulation interventions are validated against declared constraints (topology, conservation, ranges, business rules, temporal ordering, cross-twin dependencies) by a general constraint/intervention engine, and a constraint violation is a declared failure state.",All profiles.,V3:L5-C07; V3:L8-C03; V3:V03-T-308; V3:V03-T-315,V3:L5-C07,twin-simulation,yes,saas|private|onprem,harness,open,,P5,"apps/api/src/twin/models/supply-flow.ts (single hard-coded flow model); test/unit/phase5-supply-flow.test.ts:99,106,135",Build the constraint runtime with declarable constraints per twin kind; harness case: a conservation-violating delta is refused with the violated constraint named.,"V03-T-315 other conditions (telemetry gap, estimator drift, cross-twin dependency) are the failure-conditions unit."
AU-TWN-0011,"Ambiguous, discontinuous, policy-sensitive or high-consequence twin changes are routed to the accountable twin owner for approval or challenge before publication.",All profiles.,V3:V03-T-309,V3:V03-T-309,twin-simulation,yes,saas|private|onprem,harness,open,,P5,none,Add materiality rules and an owner review task on ReconcileTwin; harness case: a discontinuous delta waits for approval.,
AU-TWN-0012,"A TwinStateChanged domain event publishes version, changed variables, confidence, freshness and dependency impacts, and snapshot publication issues change events to forecasts, scenarios, simulations, risks and warnings.",All profiles.,V3:L5-I04; V3:V03-T-310,V3:L5-I04,twin-simulation,yes,saas|private|onprem,harness,open,,P5,"migrations/0035:446,555 (synchronous propagation to dependants)",Publish the event through the outbox with warning/risk consumers; harness case: a twin change raises a warning candidate.,
AU-TWN-0013,"Twin families exist beyond the single supply-chain kind: company/enterprise, competitor, supply chain (multi-tier), product, market, regulation, infrastructure, business process and organisation, each with a kind schema, behaviour model and validated domain behaviour; twins compose as a system of linked representations with twin-to-twin dependency links, coupled state, interface contracts and preserved ownership and update boundaries; a supply-chain event propagates through graph and twin to estimate affected products, revenue, customers, obligations, alternatives, recovery time and options.","All profiles; validated on representative customer/domain data, not only the synthetic company.",V0:C-018; V0:V00-T-047; V0:V00-T-048; V8:CAP-DS-06; V8:PR-36-001; V2:V02-T-050; V2:V02-T-121; V3:L5-C01; V3:L5-C06; V4:ES-35-001; V1:V01-T-024; V10:ENT-06; V10:IR-16-003,V0:C-018,twin-simulation,yes,saas|private|onprem,domain-validation,open,,P5,migrations/0032 (twin_kind_schemas: only 'supply-chain'; behaviour_models: only supply-flow@1); apps/api/src/twin/models/supply-flow.ts; migrations/0034 invalidation walk to twins/runs; test/int/phase5-propagation.test.ts,"Add kind schemas, behaviour models and validation for the eight missing families; a cross-twin dependency map with dependency-completeness measure and coupled propagation; consequence estimation on the supply-chain twin; domain validation with accountable experts (resource register).",
AU-TWN-0014,"Every behaviour model declares a calibrated operating envelope; decision fitness is evaluated inside it (ValidateTwin); behaviours are disabled outside it, results crossing it are marked and approval thresholds raised; AI products using twin state expose the envelope.",All profiles.,V0:V00-T-048; V0:V00-T-061; V2:V02-T-054; V2:V02-T-125; V3:L5-C03; V3:L5-I05; V3:V03-T-117; V3:V03-T-120; V4:ES-35-007; V4:ES-35-009; V4:V04-T-027; V4:V04-T-028; V5:AI-28-001; V5:AI-28-004; V5:AI-C028; V10:R-08,V0:V00-T-048,twin-simulation,yes,saas|private|onprem,harness,open,,P5,migrations/0032 (behaviour_models.operating_envelope column); apps/api/src/twin/simulations/simulation.service.ts (sensitivityOf marks outside_envelope); migrations/0032:229 (health) — no named harness case for an envelope breach,"Populate the envelope on supply-flow@1, disable behaviours and raise approval thresholds on breach, implement ValidateTwin; harness cases: run outside the envelope is marked and requires elevated approval; behaviour disabled when uncalibrated.","V02-T-054/125 report the column and outside_envelope marking; V03-T-117/120 report no envelope. Both are true: the column exists, enforcement does not."
AU-TWN-0015,"Each twin carries a calibration history against observed outcomes, a fitness score, a validation record per snapshot, drift status and approved uses; expert review is a workflow, not an owner-declared status.",All profiles; accuracy measured on actual data and time horizon.,V0:C-018; V0:V00-T-048; V8:AT-36; V8:PR-36-006; V3:L5-C08; V1:V01-T-013; V10:IR-16-003; V10:R-08; V10:V10-T-003,V0:C-018,twin-simulation,yes,saas|private|onprem,domain-validation,open,,P5,"migrations/0032:229 (health), validation{status,limitations}; migrations/0035 reconciliation","Add calibration runs comparing predicted vs observed keys, a validation record per snapshot, drift status and an expert-review workflow; domain validation on representative data.",Drift monitoring over time is P7-B evaluation; the per-snapshot record is P5.
AU-TWN-0016,"Completeness and confidence are computed at component level and the twin surface exposes blind spots, staleness by age with a freshness warning and an expiry on historical snapshot use, model validity, sensitivity, missing variables and dependency uncertainty; a twin that cannot resolve evidence, graph, model or assumptions freezes the last validated snapshot with the warning.",All profiles.,V0:V00-T-050; V8:FEX-14; V8:PR-36-002; V8:PR-36-005; V3:V03-T-119; V3:V03-T-122; V3:V03-T-314; V4:ES-35-009; V4:V04-T-028; V5:AI-28-004,V0:V00-T-050,twin-simulation,yes,saas|private|onprem,harness,open,,P5,migrations/0035 (required keys; incomplete versions marked); migrations/0036 unusable_inputs/unavailable_inputs; apps/web/app/twins/page.tsx; test/int/phase5-twins.test.ts: 'a required key that is MISSING keeps a version incomplete: admission is refused unless explicit',"Add age-based staleness with freshness warning and expiry, validity contract/freshness SLO per twin, component-level confidence aggregation and sensitivity on the twin page; fault case: stale snapshot served with warning, expired snapshot refused for decision use.",
AU-TWN-0017,Merging a branch back requires reconciliation; branch promotion/merge exists as a governed operation.,All profiles.,V0:C-019; V3:V03-T-121,V0:C-019,twin-simulation,yes,saas|private|onprem,harness,open,,P5,apps/api/src/twin/twins/twin.service.ts (branches are never merged back),Add a governed merge/promote port gated on reconciliation; harness case: merge without reconciliation refused.,
AU-TWN-0018,"Governed indicators measure state freshness, estimation error, model fitness, coverage, reconciliation success, branch isolation and dependency completeness, and a failed indicator constrains downstream use.",All profiles.,V3:L5-C06; V4:ES-35-008,V3:L5-C06,twin-simulation,yes,saas|private|onprem,operating-measurement,open,,P5,migrations/0032:229 (twin health only),Compute the indicator set and bind failed state to decision-active status.,
AU-TWN-0019,A simulation run or twin version can request new observations for a missing or stale element through a governed collection request.,All profiles.,V2:V02-T-013,V2:V02-T-013,twin-simulation,yes,saas|private|onprem,harness,open,,P5,none (source readiness is only reported: twin element health incomplete/stale),Add a port from twin/simulation input-availability to the collection scheduler (0038-0040); harness case: a stale element opens a collection request.,
AU-TWN-0020,"Reconciliation failure conditions (mapping no longer valid, conflicting observations, constraint violation, telemetry gap, estimator drift, cross-twin dependency unavailable) expose the failure state, preserve causation and partial work and route retry, compensation, challenge or human review.",All profiles.,V3:V03-T-315,V3:V03-T-315,twin-simulation,yes,saas|private|onprem,harness,open,,P5,"migrations/0036:23,57 (input availability); test/int/phase5-corrections.test.ts (mapping/observation cases)","Handle constraint violation, telemetry gap, estimator drift and cross-twin unavailability as declared failure states with a fault case each.",
AU-TWN-0021,"Humans approve twin scope, validity, strategic use and any action based on simulated state, and approve model suitability, material assumptions, run budgets, validity, interpretation and decision use of simulations, through a PDP rule with a named eligible authority (twin owner sign-off), digest, expiry and separation record.",All profiles.,V8:PR-35-003; V8:PR-36-003,V8:PR-35-003,twin-simulation,yes,saas|private|onprem,harness,open,,P5,apps/api/src/policy/pdp.service.ts; apps/api/test/unit/pdp.test.ts; apps/api/test/int/gate22-authority-matrix.test.ts (coarse roles),Define the eligible-authority record for twin validity and simulation validity/budget approval; harness case per boundary.,
AU-TWN-0022,"A run contract records twin and scenario versions, initial state and its digest, model reference with implementation and environment digests, stochastic mode/seed/samples, interventions, control run, constraints, policy boundaries, assumptions, outputs with digest, sensitivity, validation status and operator; a completed run is immutable and a correction is a new run linked to the original.",All profiles.,V0:C-023; V0:V00-T-060; V8:OBJ-28; V8:PR-35-002; V2:V02-T-076; V2:V02-T-079; V2:V02-T-080; V2:V02-T-166; V3:ADR-0014; V3:L8-C01; V3:SIM; V3:V03-T-344; V3:V03-T-356; V4:ES-38-001; V5:AI-50-003; V6:IA-36-001; V7:DAT-KN-11; V1:V01-T-016,V0:C-023,twin-simulation,yes,saas|private|onprem,harness,verified:local,,R0,"migrations/0033_simulation_runs.sql:30-107,148 (initial_state_digest, model_ref, implementation_digest, environment_digest, stochastic_mode/rng/seed/samples, interventions, constraints, assumptions, sensitivity, operator; control_run_id, corrects_run_id, immutability trigger, sim_completed_bound, sim_seeded_declares, sim_deterministic_draws_nothing); apps/api/src/twin/simulations/simulation.service.ts; test/int/phase5-simulations.test.ts:81-225 'a CONTROL run completes: outputs bound, digests recorded', 'a completed run is immutable', 'refuses ... an unseeded stochastic run'","Integrate phase5 branch (R0); cross-profile run (P7-D). Budgets, checkpoints and validation criteria per experiment are separate units.",
AU-TWN-0023,Reproducibility: the same process reproduces the digest and a reproduction row records it; a seeded run reproduces; a COLD process re-executes the stored contract; when the pinned implementation is no longer the one the run recorded the verdict is UNREPRODUCIBLE; a reproducibility package accompanies material results.,All profiles.,V0:C-023; V8:FEX-13; V8:PR-35-005; V2:V02-T-077; V3:ADR-0014; V3:L8-C04; V3:L8-C09; V3:V03-T-151; V3:V03-T-349; V4:ES-38-006,V0:C-023,twin-simulation,yes,saas|private|onprem,harness,verified:local,,R0,"migrations/0033:131,148 (simulation.reproductions verdict reproduced/mismatch/unreproducible; exact digest equality); apps/api/src/twin/simulations/reproduce-worker.ts; simulation.service.ts:440-492,552; test/int/phase5-simulations.test.ts: 'the same process reproduces the digest; a reproduction row records it; a seeded run reproduces too', 'a COLD process re-executes the stored contract', 'when the pinned implementation is no longer the one the run recorded, the verdict is UNREPRODUCIBLE'; test/unit/phase5-supply-flow.test.ts:99,106,135",Integrate phase5 branch (R0); cross-profile run (P7-D).,"V03-T-349/PR-35-005/FEX-13 remaining (challenge/invalidate step, partial results) are separate units."
AU-TWN-0024,"A run resolves exact twin, scenario, graph, model, policy and configuration versions and fails closed when any cannot resolve: a run on an incomplete twin version, an unresolved scenario, a branch of another tree, a shock the branch state contradicts or an unresolved artifact/constraint/budget dependency is refused; the branch is verified under both clocks at open.","All profiles; approved analyst, agent, workflow or decision package submits against a declared snapshot and branch.",V2:V02-T-126; V2:V02-T-165; V3:L8-C02; V3:L8-I01; V3:V03-T-118; V3:V03-T-147; V3:V03-T-152; V3:V03-T-345; V3:V03-T-350; V3:V03-T-356; V4:ES-38-005; V5:AI-28-001; V5:AI-50-001,V2:V02-T-126,twin-simulation,yes,saas|private|onprem,harness,verified:local,,R0,"apps/api/src/twin/simulations/simulation.service.ts:312-352; migrations/0033:47-107 (runs_current FK twin_id, twin_version); migrations/0036:23,57 (input availability); migrations/0035 (scenario branch binding); migrations/0037 (branch verified at open_run); test/int/phase5-simulations.test.ts:81 'a run on an incomplete twin version is refused'; test/int/phase5-corrections.test.ts: 'an unresolved scenario, a branch of another tree, or a shock the branch state contradicts is refused'",Integrate phase5 branch (R0); cross-profile run (P7-D).,V03-T-147/345/350 lacked a named test; the refusal cases prove exact-version resolution. Forecast-side twin pins are AU-PRD boundary-manifest unit.
AU-TWN-0025,An intervention or shock run references a completed control run on the same baseline; incompatible controls and comparisons are refused; the comparison yields deltas so an intervention or external shock is tested before commitment.,All profiles.,V0:V00-T-005; V8:CAP-DS-04; V8:JRN-14; V2:V02-T-075,V0:V00-T-005,twin-simulation,yes,saas|private|onprem,harness,verified:local,,R0,"migrations/0033 (shock flag, interventions bound to a control run, scenario_branch_id); test/int/phase5-simulations.test.ts: 'an INTERVENTION run references the completed control; incompatible controls and comparisons are refused'; e2e/phase4-prediction.demo.spec.ts: 'SIMULATIONS: control and interventions compared on one baseline'",Integrate phase5 branch (R0); cross-profile run (P7-D).,"JRN-14/CAP-DS-04 remaining (approve budget, review, multi-model designer) are the execution-control and challenge units."
AU-TWN-0026,"Sensitivity and robustness are analysis products: one-at-a-time sensitivity over assumed elements is asserted by a named case, sensitivity can be requested on demand across parameters, robustness/stability is analysed across seeds and assumption sets, and simulation products expose validity domain, convergence, rare events, model discrepancy and validation against observed or benchmark behaviour; the run's declared assumptions are asserted.",All profiles.,V0:V00-T-062; V8:PR-35-001; V2:V02-T-078; V2:V02-T-081; V3:L8-C08; V3:V03-T-352; V5:AI-50-004; V10:IR-17-003; V10:R-08; V10:V10-T-003,V0:V00-T-062,twin-simulation,yes,saas|private|onprem,harness,open,,P5,"apps/api/src/twin/simulations/simulation.service.ts:147-188 (sensitivityOf: one-at-a-time ±relative, envelope breaches); migrations/0033 (sensitivity required at completion; runs_current.assumptions) — no named case asserts the values","Add a harness assertion on sensitivity and assumptions of a completed run; build on-request multi-parameter sensitivity, seed/assumption robustness, convergence and benchmark validation on the run package.",
AU-TWN-0027,"The engine computes direct, indirect, second-order, distributional and temporal impacts, detects hidden dependencies and nonlinear response, and identifies the information whose acquisition would most improve the decision (value of information), instead of free-form second-order arrays declared on decision options.",All profiles.,V2:V02-T-082; V2:V02-T-167; V3:L8-C07; V3:V03-T-348; V1:V01-T-016,V2:V02-T-082,twin-simulation,yes,saas|private|onprem,harness,open,,P5,"migrations/0033 outputs (direct); migrations/0041:222 (options.second_order declared arrays); apps/api/src/executive/agents/agents.service.ts:250,253 (secondOrder: [])","Add coupled/second-order propagation across linked twins, distributional/timing analysis and a value-of-information output; harness case: a second-order effect is produced by the engine and cited by an option.",
AU-TWN-0028,"The simulation engine supports deterministic and stochastic, discrete-event, system-dynamics, agent-based, Monte Carlo, network-propagation, optimisation, stress-testing, war-gaming, counterfactual and domain-specific methods through a solver/simulator adapter fabric that contains unstable adapters, with a multi-model designer.",All profiles.,V0:V00-T-005; V0:V00-T-059; V8:PR-35-001; V3:L8-C05; V3:V03-T-154; V4:ES-38-007,V0:V00-T-005,twin-simulation,yes,saas|private|onprem,harness,open,,P5,migrations/0033 stochastic_mode deterministic/seeded; apps/api/src/twin/models/supply-flow.ts (single in-process model),"Build the adapter fabric with containment and add at least the discrete-event, system-dynamics and Monte Carlo families with pinned implementation digests; harness case: an unstable adapter is contained and the run fails closed.",
AU-TWN-0029,"Runs execute as queued, distributed, checkpointed work with declared resource budgets and stop conditions, progress events, pause/resume, capacity/determinism admission and partial runs returned only with declared missing outputs; experiment definition declares budgets and validation criteria; execution scales beyond an inline 60 s cap.",All profiles.,V8:CAP-DS-05; V8:JRN-14; V8:PR-35-001; V8:PR-35-002; V3:L8-C06; V3:V03-T-149; V3:V03-T-153; V3:V03-T-155; V3:V03-T-344; V3:V03-T-346; V3:V03-T-347; V4:ES-38-001; V4:ES-38-007; V4:ES-38-009; V4:V04-T-033; V4:V04-T-034; V6:IA-36-001; V6:IA-36-005; V10:ENT-09,V8:CAP-DS-05,twin-simulation,yes,saas|private|onprem,harness,open,,P5,"apps/api/src/twin/simulations/simulation.service.ts:440-492 (separate process), :571 (60 s cap); migrations/0033:30 (run_events)","Move execution to a BullMQ worker with checkpoints, budgets, stop conditions, pause/resume and partial-run state; capacity/fault tests; harness cases: budget exceeded -> partial run with declared missing outputs; checkpoint recovery.",
AU-TWN-0030,"A run distinguishes mechanistic assumptions, empirically estimated causal effects, correlations, expert judgments and speculative relationships.",All profiles.,V0:V00-T-061,V0:V00-T-061,twin-simulation,yes,saas|private|onprem,harness,open,,P5,none,Add an assumption-type taxonomy on run assumptions and surface it on the run page; harness case.,
AU-TWN-0031,"A simulation result can be challenged and promoted: a ChallengeSimulation workflow disputes assumptions, models, constraints or interpretation and re-runs; a reviewer promotes a result as fit for stated use with validation, sensitivity and limitations; experts inspect assumptions, modify interventions, compare runs and challenge model structure; interpretation preserves alternative explanations and simulated frequency is never converted to real-world probability without an approved mapping and evaluation; a recommendation never detaches from the experiment and its limitations.",All profiles.,V0:V00-T-062; V8:JRN-14; V8:OBJ-29; V3:L8-I04; V3:V03-T-349; V5:AI-50-005; V10:IR-17-003; V10:R-08,V0:V00-T-062,twin-simulation,yes,saas|private|onprem,harness,open,,P5,apps/api/src/twin/simulations/reproduce-worker.ts (reproduction re-run only); migrations/0041 (options bind run version and digest); test/int/phase6-decisions.test.ts: F1 (uncertainty derived from the run and the evidence; SIMULATED); apps/web/app/twins/simulations,"Add the challenge workflow, reviewer promotion (OBJ-29), run comparison UI and an approved frequency-to-probability mapping object; harness cases per step.",
AU-TWN-0032,Run invalidation (SimulationInvalidated) marks results unfit and marks the decision packages that cite the run so invalid results do not remain decision-active; failed validity yields diagnostic-only partial results.,All profiles.,V8:FEX-13; V3:L8-I05; V3:V03-T-156; V3:V03-T-353; V4:V04-T-034,V8:FEX-13,twin-simulation,yes,saas|private|onprem,harness,open,,P5,"migrations/0041:222 (dop_simulated_cites_run); test/int/phase5-corrections.test.ts:372,388,397; test/int/phase5-simulations.test.ts: UNREPRODUCIBLE verdict",Emit the invalidation event and mark citing packages; add a diagnostic-only state for failed validity; harness case: invalidated run flags its package.,
AU-TWN-0033,"SimulationStarted and SimulationCompleted domain events record resolved artifacts, execution identity, environment (runtime/version beyond the digest), seed, run state, outputs, impacts, uncertainty, sensitivity, validation and resource evidence.",All profiles.,V3:L8-I02; V3:L8-I03; V3:V03-T-148,V3:L8-I02,twin-simulation,yes,saas|private|onprem,harness,open,,P5,migrations/0033:30-107 (run_events); simulation.service.ts:147-188,Publish the two events with environment and resource evidence; harness case asserting the payload.,
AU-TWN-0034,"Simulation failure conditions (input version missing, constraint unsatisfied, solver unstable, budget or timeout exceeded, partial run, validation or reproducibility failure; inputs incompatible, runs diverging, resources exhausted, validity indeterminate) stop or quarantine the run, preserve checkpoints and partial outputs as non-decision-active, expose limits and require review, with a fault-injection case per condition.",All profiles.,V8:PR-35-005; V3:V03-T-354; V4:ES-38-009; V4:V04-T-034,V8:PR-35-005,twin-simulation,yes,saas|private|onprem,harness,open,,P5,"migrations/0036:23,57; simulation.service.ts:571 (timeout); test/int/phase5-simulations.test.ts (unreproducible, incomplete twin refused)","Handle constraint-unsatisfied, solver-instability and partial-run conditions with quarantine and review; fault cases with watermark and recovery evidence.",
AU-TWN-0035,"Governed indicators measure reproducibility, numerical stability, constraint satisfaction, sensitivity coverage, validation status, run latency, cost and failure containment, and a failed indicator constrains downstream use.",All profiles.,V4:ES-38-008,V4:ES-38-008,twin-simulation,yes,saas|private|onprem,operating-measurement,open,,P5,migrations/0033:148 (reproducibility only),Compute the indicator set over runs and bind it to decision-active status.,
AU-TWN-0036,A bounded Simulation Agent prepares and interprets experiments with pinned models and interventions and cannot mutate observed twin state or select policy.,All profiles; Simulation Supervisor / model validity gate.,V5:AG-021,V5:AG-021,twin-simulation,yes,saas|private|onprem,harness,open,,P5,apps/api/src/twin/simulations/simulation.service.ts (operator-run today),Add the agent on the agent runtime with its gate; harness case: the agent cannot admit twin state.,
AU-TWN-0037,"Every production instance declares and continuously reconciles twin identity, definition revision, branch, snapshot, temporal boundary, assumption set, run identity, checkpoint and result lineage through an infrastructure manifest, observed-state inventory and reconciliation audit evidence; twin/simulation state persists definitions, observed state, assumptions, branches, interventions, checkpoints, runs and comparisons with a branch state store and solver checkpoints.",All profiles.,V6:IA-36-001; V6:IA-36-002,V6:IA-36-001,twin-simulation,yes,saas|private|onprem,deployment,open,,P5,migrations/0032; 0033; 0034-0037; test/int/phase5-twins.test.ts; test/int/phase5-simulations.test.ts (data contracts only),"Add the Vol 6 App H infrastructure manifest and observed-state inventory for twin/simulation state, solver checkpoints and a branch state store.",
AU-TWN-0038,"Twin and simulation production admission requires branch isolation, snapshot restore, deterministic replay, solver failover, assumption lineage, result comparison, time travel, model binding, dependency impact, validation, reconciliation and simulation-handoff fixtures bound to the exact artifacts, configuration, topology, customer scope, deployment profile and period.",All profiles; per release.,V6:IA-36-006; V7:DP-39-006,V6:IA-36-006,twin-simulation,yes,saas|private|onprem,ci-gate,open,,P5,"test/int/phase5-twins.test.ts, phase5-propagation.test.ts, phase5-simulations.test.ts (snapshot/branch/time-travel/isolation/reconciliation/handoff fixtures on the local profile); CI binds evidence to commit SHA and run attempt","Add snapshot restore, solver failover and assumption-lineage fixtures to the gate and bind evidence to profile, scope and period.",
AU-TWN-0039,"Every logical component of Digital Twins (L5-C01..C09) and the Simulation Engine (L8-C01..C09) publishes a service manifest with component ID, owner, contracts, state class, dependencies, controls, SLOs, failure domains and recovery procedure.",All profiles.,V4:ES-35-002; V4:ES-38-002,V4:ES-35-002,twin-simulation,yes,saas|private|onprem,document,open,,P7-D,conformance.manifest.json (Phase 0 units only),Author the 18 component manifests and validate them in CI.,
AU-TWN-0040,"Deployable units of Digital Twins and the Simulation Engine preserve component-level telemetry, policy enforcement, state access, resource use and failure isolation while sharing a runtime.",All profiles; modular monolith (ADR-P0-02).,V4:ES-35-003; V4:ES-38-003,V4:ES-35-003,twin-simulation,yes,saas|private|onprem,operating-measurement,open,,P7-D,".dependency-cruiser.cjs; .github/workflows/ci.yml: 'Module boundaries (dependency-cruiser, blocking)'; apps/api/src/pipeline (single PEP); migrations/0002, 0009, 0011; test/int/domain-isolation.test.ts",Add per-component metrics and resource accounting (simulation worker resource use); fault case proving isolation.,
AU-TWN-0041,"All Digital Twins and Simulation Engine interfaces implement the canonical envelope, error model, compatibility rules, an idempotency or ordering profile, audit causation and consumer conformance fixtures.",All profiles.,V4:ES-35-004; V4:ES-38-004,V4:ES-35-004,twin-simulation,yes,saas|private|onprem,harness,open,,P7-D,"packages/contracts/src/envelope.ts:19-138; apps/api/src/pipeline/http.ts:104-145,188-205; packages/contracts/src/errors.ts:16-45; pipeline.service.ts:387-388,460; test/acceptance/acceptance.test.ts:482,492,503,577","Declare idempotency/ordering profiles per interface, add consumer conformance fixtures and a contract registry.",
AU-TWN-0042,"Digital Twins and the Simulation Engine pass the same object, contract, control, failure, recovery, export and replay conformance fixtures on SaaS, Private Cloud and On-Premise deployments with identical authority, state, isolation, failure, recovery, evidence, replay and human-decision semantics.",All three profiles; local Compose is the only profile at 2e83945 (EXC-P0-004).,V3:V03-T-124; V3:V03-T-157; V4:ES-35-010; V4:ES-38-010; V6:IA-36-004; V7:DP-39-004,V3:V03-T-124,twin-simulation,yes,saas|private|onprem,deployment,open,,P7-D,scripts/gate/target-descriptor.json:17-25; docker-compose.yml; apps/api/src/policy/pdp.service.ts (environment.deployment hard-coded local-dev); EXCEPTIONS.md EXC-P0-004,Deliver the Private Cloud and On-Premise profiles and run the phase 5 twin/simulation fixtures as a shared conformance suite on all three.,
AU-TWN-0043,"A scope-specific acceptance record closes chapters 35 and 36: reproducibility, seed and sensitivity tests, model validation, resource-boundary tests, checkpoint recovery and specialist acceptance (35); state synchronization, branch isolation, time travel, model validation, drift monitoring, replay and owner acceptance (36), each with positive, negative, stale-state, unauthorized-role, cross-tenant, correction and replay fixtures, a fault exercise, and product owner, independent assurance and customer authority acceptance for the exact capability version, journey, role, tenant, deployment, entitlement, data/model versions, configuration, consequence class and period.",All profiles; per release and customer scope.,V8:AT-35; V8:AT-36; V8:PR-35-006; V8:PR-36-006,V8:AT-35,twin-simulation,yes,saas|private|onprem,document,open,,P5,test/int/phase5-simulations.test.ts; test/int/phase5-twins.test.ts; test/int/phase5-propagation.test.ts; e2e/phase4-prediction.demo.spec.ts (phase harness/browser/CI only),"Produce the two acceptance records (ADR-023 format) with resource-boundary, checkpoint-recovery, drift-monitoring and cross-tenant fixtures and independent assurance + customer attestation.",
AU-TWN-0044,The twin-owner journey 'update a Digital Twin' (observe -> reconcile -> validate -> snapshot -> branch -> test -> publish -> monitor) and the specialist journey 'run a strategic simulation' (select state -> validate model -> configure -> approve budget -> execute -> compare -> review) run end to end in the browser.,All profiles; twin owner and simulation specialist roles.,V8:CAP-DS-04; V8:CAP-DS-05; V8:CAP-DS-07; V8:JRN-14; V8:JRN-15,V8:CAP-DS-04,twin-simulation,yes,saas|private|onprem,browser,open,,P5,test/int/phase5-twins.test.ts; test/int/phase5-propagation.test.ts; test/int/phase5-simulations.test.ts; apps/web/app/twins/page.tsx; apps/web/app/twins/simulations/page.tsx,"Add the publish/monitor, approve-budget and review stages and a twin state/branch explorer beyond compare and as-of; browser cases for both journeys.",
AU-TWN-0045,"Entitlements for the digital twin and simulation runtime capabilities (named scope, policy, usage, evidence) are enforced at the ports.",All profiles; Strategic Cell tier.,V10:ENT-06; V10:ENT-09,V10:ENT-06,twin-simulation,yes,saas|private|onprem,harness,open,,P7-F,none (no entitlement object),Define and enforce the entitlements in the PDP; harness case for an unentitled tenant.,The entitlement model is owned by the commercial group.
